dataset,split,seed,variant,kernel,protocol,round,labelled,validation_mae,test_mae,test_r2,test_coverage90,recall_top10,recall_auc,run_path,total_label_cost,nonconverged_fits
biodolphin_Kd,random_pair,7,frozen_mlm,linear,random,4,120,1.0807472568581404,0.92952544965707,0.44053733000650064,0.9075144508670521,0.23214285714285715,0.12276785714285715,results/robust_study_v2/runs/biodolphin_Kd/random_pair/esm2_35m/chemberta_mlm/linear/random/seed7.json,258,0
biodolphin_Kd,random_pair,7,frozen_mlm,linear,uncertainty,4,120,1.2093064449218347,0.9569472262751777,0.41039905248922937,0.9017341040462428,0.05357142857142857,0.03794642857142857,results/robust_study_v2/runs/biodolphin_Kd/random_pair/esm2_35m/chemberta_mlm/linear/uncertainty/seed7.json,258,0
biodolphin_Kd,random_pair,7,frozen_mlm,linear,ucb_balanced,4,120,1.2822020886539522,1.0263724465418227,0.30551146004112995,0.8901734104046243,0.7678571428571429,0.5647321428571429,results/robust_study_v2/runs/biodolphin_Kd/random_pair/esm2_35m/chemberta_mlm/linear/ucb_balanced/seed7.json,258,0
biodolphin_Kd,random_pair,7,frozen_mlm,linear,thompson,4,120,1.323522349937015,1.1791317492973772,0.1320486903069351,0.8728323699421965,0.6785714285714286,0.48660714285714285,results/robust_study_v2/runs/biodolphin_Kd/random_pair/esm2_35m/chemberta_mlm/linear/thompson/seed7.json,258,0
biodolphin_Kd,random_pair,7,frozen_mlm,linear,prediction_aware_thompson,4,120,0.9474198814266008,0.9268218939506586,0.4246947338249488,0.8497109826589595,0.14285714285714285,0.09375,results/robust_study_v2/runs/biodolphin_Kd/random_pair/esm2_35m/chemberta_mlm/linear/prediction_aware_thompson/seed7.json,258,0
biodolphin_Kd,random_pair,7,frozen_mlm,linear,variance_reduction,4,120,0.8921948718888313,1.03103754384035,0.34744011062054225,0.9364161849710982,0.25,0.12053571428571429,results/robust_study_v2/runs/biodolphin_Kd/random_pair/esm2_35m/chemberta_mlm/linear/variance_reduction/seed7.json,258,0
biodolphin_Kd,random_pair,7,frozen_mlm,rbf,random,4,120,1.0893848127983305,0.9408586441564215,0.4045842009879531,0.9190751445086706,0.23214285714285715,0.12276785714285715,results/robust_study_v2/runs/biodolphin_Kd/random_pair/esm2_35m/chemberta_mlm/rbf/random/seed7.json,258,0
biodolphin_Kd,random_pair,7,frozen_mlm,rbf,uncertainty,4,120,1.2158872019761866,1.0873896547962776,0.28122750589326884,0.884393063583815,0.10714285714285714,0.08035714285714285,results/robust_study_v2/runs/biodolphin_Kd/random_pair/esm2_35m/chemberta_mlm/rbf/uncertainty/seed7.json,258,0
biodolphin_Kd,random_pair,7,frozen_mlm,rbf,ucb_balanced,4,120,1.1721398793595497,0.982253729452154,0.3694026240035835,0.930635838150289,0.7857142857142857,0.5580357142857143,results/robust_study_v2/runs/biodolphin_Kd/random_pair/esm2_35m/chemberta_mlm/rbf/ucb_balanced/seed7.json,258,0
biodolphin_Kd,random_pair,7,frozen_mlm,rbf,thompson,4,120,1.2239755961909504,1.0178822091435291,0.3091878373508554,0.9017341040462428,0.6071428571428571,0.41517857142857145,results/robust_study_v2/runs/biodolphin_Kd/random_pair/esm2_35m/chemberta_mlm/rbf/thompson/seed7.json,258,0
biodolphin_Kd,random_pair,7,frozen_mlm,rbf,prediction_aware_thompson,4,120,0.9137011733869751,0.9590145950973681,0.4042493964256446,0.8901734104046243,0.25,0.125,results/robust_study_v2/runs/biodolphin_Kd/random_pair/esm2_35m/chemberta_mlm/rbf/prediction_aware_thompson/seed7.json,258,0
biodolphin_Kd,random_pair,7,frozen_mlm,rbf,variance_reduction,4,120,0.8515168555128547,0.9978857010215142,0.3725070809669625,0.9190751445086706,0.17857142857142858,0.10267857142857144,results/robust_study_v2/runs/biodolphin_Kd/random_pair/esm2_35m/chemberta_mlm/rbf/variance_reduction/seed7.json,258,0
biodolphin_Kd,random_pair,7,frozen_mlm,matern32,random,4,120,1.039845323458517,0.8755481833817086,0.4846205532704573,0.9190751445086706,0.23214285714285715,0.12276785714285715,results/robust_study_v2/runs/biodolphin_Kd/random_pair/esm2_35m/chemberta_mlm/matern32/random/seed7.json,258,0
biodolphin_Kd,random_pair,7,frozen_mlm,matern32,uncertainty,4,120,1.1531266000596885,1.0012386490873646,0.40301114309669095,0.9595375722543352,0.125,0.08258928571428571,results/robust_study_v2/runs/biodolphin_Kd/random_pair/esm2_35m/chemberta_mlm/matern32/uncertainty/seed7.json,258,0
biodolphin_Kd,random_pair,7,frozen_mlm,matern32,ucb_balanced,4,120,1.183334211416048,0.9716625492989633,0.38082988515916405,0.9248554913294798,0.8214285714285714,0.5669642857142857,results/robust_study_v2/runs/biodolphin_Kd/random_pair/esm2_35m/chemberta_mlm/matern32/ucb_balanced/seed7.json,258,0
biodolphin_Kd,random_pair,7,frozen_mlm,matern32,thompson,4,120,1.2333521452244725,1.0115086153679622,0.37125153765412955,0.8959537572254336,0.6964285714285714,0.41741071428571425,results/robust_study_v2/runs/biodolphin_Kd/random_pair/esm2_35m/chemberta_mlm/matern32/thompson/seed7.json,258,0
biodolphin_Kd,random_pair,7,frozen_mlm,matern32,prediction_aware_thompson,4,120,0.970425781592969,0.8961432276854385,0.44357514104284845,0.8901734104046243,0.19642857142857142,0.1138392857142857,results/robust_study_v2/runs/biodolphin_Kd/random_pair/esm2_35m/chemberta_mlm/matern32/prediction_aware_thompson/seed7.json,258,0
biodolphin_Kd,random_pair,7,frozen_mlm,matern32,variance_reduction,4,120,0.8444919896351327,0.9768253046458203,0.3873685829546488,0.9190751445086706,0.16071428571428573,0.10044642857142856,results/robust_study_v2/runs/biodolphin_Kd/random_pair/esm2_35m/chemberta_mlm/matern32/variance_reduction/seed7.json,258,0
biodolphin_Kd,random_pair,7,lipid_ssl,linear,random,4,120,1.085396916296564,0.9385605684468491,0.4394151954154416,0.9132947976878613,0.23214285714285715,0.12276785714285715,results/adaptation_study/runs/biodolphin_Kd/random_pair/lipid_ssl/linear/random/seed7.json,258,0
biodolphin_Kd,random_pair,7,lipid_ssl,linear,uncertainty,4,120,1.1711807066996827,0.9677593183115994,0.3863853464898279,0.9075144508670521,0.05357142857142857,0.046875,results/adaptation_study/runs/biodolphin_Kd/random_pair/lipid_ssl/linear/uncertainty/seed7.json,258,0
biodolphin_Kd,random_pair,7,lipid_ssl,linear,ucb_balanced,4,120,1.2927839451460224,1.009082708131646,0.3026192962542702,0.9132947976878613,0.7678571428571429,0.5781250000000001,results/adaptation_study/runs/biodolphin_Kd/random_pair/lipid_ssl/linear/ucb_balanced/seed7.json,258,0
biodolphin_Kd,random_pair,7,lipid_ssl,linear,thompson,4,120,1.3799887749171316,1.222114942781568,0.06714670107070608,0.8786127167630058,0.6785714285714286,0.4910714285714286,results/adaptation_study/runs/biodolphin_Kd/random_pair/lipid_ssl/linear/thompson/seed7.json,258,0
biodolphin_Kd,random_pair,7,lipid_ssl,linear,prediction_aware_thompson,4,120,0.9067129931798329,1.0043694273133306,0.3468654263885065,0.9132947976878613,0.25,0.11607142857142856,results/adaptation_study/runs/biodolphin_Kd/random_pair/lipid_ssl/linear/prediction_aware_thompson/seed7.json,258,0
biodolphin_Kd,random_pair,7,lipid_ssl,linear,variance_reduction,4,120,0.8840784599404014,1.0039182546523306,0.36647952281705276,0.9248554913294798,0.25,0.12053571428571429,results/adaptation_study/runs/biodolphin_Kd/random_pair/lipid_ssl/linear/variance_reduction/seed7.json,258,0
biodolphin_Kd,random_pair,7,lipid_ssl,rbf,random,4,120,1.091100556427264,0.9405063438666523,0.40374831087583185,0.9190751445086706,0.23214285714285715,0.12276785714285715,results/adaptation_study/runs/biodolphin_Kd/random_pair/lipid_ssl/rbf/random/seed7.json,258,0
biodolphin_Kd,random_pair,7,lipid_ssl,rbf,uncertainty,4,120,1.130302800993048,1.0891233980064703,0.2803747153354569,0.8728323699421965,0.10714285714285714,0.05803571428571428,results/adaptation_study/runs/biodolphin_Kd/random_pair/lipid_ssl/rbf/uncertainty/seed7.json,258,0
biodolphin_Kd,random_pair,7,lipid_ssl,rbf,ucb_balanced,4,120,1.1593792786670982,0.9580749059771019,0.3834736232319199,0.9364161849710982,0.7857142857142857,0.5580357142857143,results/adaptation_study/runs/biodolphin_Kd/random_pair/lipid_ssl/rbf/ucb_balanced/seed7.json,258,0
biodolphin_Kd,random_pair,7,lipid_ssl,rbf,thompson,4,120,1.216291735604774,1.009221999072032,0.3147852171235541,0.8901734104046243,0.6071428571428571,0.42857142857142855,results/adaptation_study/runs/biodolphin_Kd/random_pair/lipid_ssl/rbf/thompson/seed7.json,258,0
biodolphin_Kd,random_pair,7,lipid_ssl,rbf,prediction_aware_thompson,4,120,0.8878465537799911,0.9802268624230596,0.3823916300930331,0.9075144508670521,0.19642857142857142,0.10491071428571429,results/adaptation_study/runs/biodolphin_Kd/random_pair/lipid_ssl/rbf/prediction_aware_thompson/seed7.json,258,0
biodolphin_Kd,random_pair,7,lipid_ssl,rbf,variance_reduction,4,120,0.8503141035168759,0.9933228580006638,0.37633498581287195,0.9190751445086706,0.17857142857142858,0.10267857142857144,results/adaptation_study/runs/biodolphin_Kd/random_pair/lipid_ssl/rbf/variance_reduction/seed7.json,258,0
biodolphin_Kd,random_pair,7,lipid_ssl,matern32,random,4,120,1.0425861698864831,0.8807873153499239,0.48006072005488865,0.9248554913294798,0.23214285714285715,0.12276785714285715,results/adaptation_study/runs/biodolphin_Kd/random_pair/lipid_ssl/matern32/random/seed7.json,258,0
biodolphin_Kd,random_pair,7,lipid_ssl,matern32,uncertainty,4,120,1.245257449843936,1.1027840692793063,0.21366033675677476,0.8786127167630058,0.08928571428571429,0.06473214285714285,results/adaptation_study/runs/biodolphin_Kd/random_pair/lipid_ssl/matern32/uncertainty/seed7.json,258,0
biodolphin_Kd,random_pair,7,lipid_ssl,matern32,ucb_balanced,4,120,1.178658474859638,0.9775411030446394,0.3709065544883364,0.930635838150289,0.8214285714285714,0.5669642857142857,results/adaptation_study/runs/biodolphin_Kd/random_pair/lipid_ssl/matern32/ucb_balanced/seed7.json,258,0
biodolphin_Kd,random_pair,7,lipid_ssl,matern32,thompson,4,120,1.2240121034354403,1.0530518503583628,0.354821340566268,0.9017341040462428,0.5535714285714286,0.39955357142857145,results/adaptation_study/runs/biodolphin_Kd/random_pair/lipid_ssl/matern32/thompson/seed7.json,258,0
biodolphin_Kd,random_pair,7,lipid_ssl,matern32,prediction_aware_thompson,4,120,1.1371734559681568,0.9630751057917194,0.3603721661625733,0.8901734104046243,0.19642857142857142,0.1138392857142857,results/adaptation_study/runs/biodolphin_Kd/random_pair/lipid_ssl/matern32/prediction_aware_thompson/seed7.json,258,0
biodolphin_Kd,random_pair,7,lipid_ssl,matern32,variance_reduction,4,120,0.9479901520235636,0.994514696434423,0.35944043709117757,0.9248554913294798,0.16071428571428573,0.09598214285714286,results/adaptation_study/runs/biodolphin_Kd/random_pair/lipid_ssl/matern32/variance_reduction/seed7.json,258,0
biodolphin_Kd,random_pair,7,initial_label_adapter,linear,random,4,120,1.0807563250561363,0.9294764060756139,0.4405504063125064,0.9075144508670521,0.23214285714285715,0.12276785714285715,results/adaptation_study/runs/biodolphin_Kd/random_pair/initial_label_adapter/linear/random/seed7.json,258,0
biodolphin_Kd,random_pair,7,initial_label_adapter,linear,uncertainty,4,120,1.1781422928003629,0.9444259467192879,0.43126182393185386,0.9248554913294798,0.07142857142857142,0.04910714285714285,results/adaptation_study/runs/biodolphin_Kd/random_pair/initial_label_adapter/linear/uncertainty/seed7.json,258,0
biodolphin_Kd,random_pair,7,initial_label_adapter,linear,ucb_balanced,4,120,1.2821746173387558,1.026244457743825,0.30559287420899706,0.8901734104046243,0.7678571428571429,0.5647321428571429,results/adaptation_study/runs/biodolphin_Kd/random_pair/initial_label_adapter/linear/ucb_balanced/seed7.json,258,0
biodolphin_Kd,random_pair,7,initial_label_adapter,linear,thompson,4,120,1.3231201636276635,1.1788114750430714,0.13245955212853022,0.8728323699421965,0.6785714285714286,0.48660714285714285,results/adaptation_study/runs/biodolphin_Kd/random_pair/initial_label_adapter/linear/thompson/seed7.json,258,0
biodolphin_Kd,random_pair,7,initial_label_adapter,linear,prediction_aware_thompson,4,120,0.947396592250855,0.9268132728854279,0.4246693421583675,0.8497109826589595,0.14285714285714285,0.09375,results/adaptation_study/runs/biodolphin_Kd/random_pair/initial_label_adapter/linear/prediction_aware_thompson/seed7.json,258,0
biodolphin_Kd,random_pair,7,initial_label_adapter,linear,variance_reduction,4,120,0.8921665411636787,1.0310047178818094,0.3474594751624883,0.9364161849710982,0.25,0.12053571428571429,results/adaptation_study/runs/biodolphin_Kd/random_pair/initial_label_adapter/linear/variance_reduction/seed7.json,258,0
biodolphin_Kd,random_pair,7,initial_label_adapter,rbf,random,4,120,1.0893777336719737,0.9408523635867171,0.4045832784932577,0.9190751445086706,0.23214285714285715,0.12276785714285715,results/adaptation_study/runs/biodolphin_Kd/random_pair/initial_label_adapter/rbf/random/seed7.json,258,0
biodolphin_Kd,random_pair,7,initial_label_adapter,rbf,uncertainty,4,120,1.3431816409413324,1.1574427943862953,0.24494480432976562,0.8670520231213873,0.05357142857142857,0.046875,results/adaptation_study/runs/biodolphin_Kd/random_pair/initial_label_adapter/rbf/uncertainty/seed7.json,258,0
biodolphin_Kd,random_pair,7,initial_label_adapter,rbf,ucb_balanced,4,120,1.1721002224535326,0.9822057011094568,0.3694195838857932,0.930635838150289,0.7857142857142857,0.5580357142857143,results/adaptation_study/runs/biodolphin_Kd/random_pair/initial_label_adapter/rbf/ucb_balanced/seed7.json,258,0
biodolphin_Kd,random_pair,7,initial_label_adapter,rbf,thompson,4,120,1.2239121134027737,1.0178460361600339,0.3092089437412736,0.9017341040462428,0.6071428571428571,0.41517857142857145,results/adaptation_study/runs/biodolphin_Kd/random_pair/initial_label_adapter/rbf/thompson/seed7.json,258,0
biodolphin_Kd,random_pair,7,initial_label_adapter,rbf,prediction_aware_thompson,4,120,0.9137205276253921,0.9590054698496319,0.40426749949614404,0.8901734104046243,0.25,0.125,results/adaptation_study/runs/biodolphin_Kd/random_pair/initial_label_adapter/rbf/prediction_aware_thompson/seed7.json,258,0
biodolphin_Kd,random_pair,7,initial_label_adapter,rbf,variance_reduction,4,120,0.8515184571589025,0.9978650144204945,0.3725143566698319,0.9190751445086706,0.17857142857142858,0.10267857142857144,results/adaptation_study/runs/biodolphin_Kd/random_pair/initial_label_adapter/rbf/variance_reduction/seed7.json,258,0
biodolphin_Kd,random_pair,7,initial_label_adapter,matern32,random,4,120,1.0398050829335217,0.8754764722548593,0.48466317040469886,0.9190751445086706,0.23214285714285715,0.12276785714285715,results/adaptation_study/runs/biodolphin_Kd/random_pair/initial_label_adapter/matern32/random/seed7.json,258,0
biodolphin_Kd,random_pair,7,initial_label_adapter,matern32,uncertainty,4,120,1.1530714368798014,1.0012236896362332,0.40303811536670475,0.9595375722543352,0.125,0.08258928571428571,results/adaptation_study/runs/biodolphin_Kd/random_pair/initial_label_adapter/matern32/uncertainty/seed7.json,258,0
biodolphin_Kd,random_pair,7,initial_label_adapter,matern32,ucb_balanced,4,120,1.1832748609746773,0.971633688146756,0.3808200741751536,0.9248554913294798,0.8214285714285714,0.5669642857142857,results/adaptation_study/runs/biodolphin_Kd/random_pair/initial_label_adapter/matern32/ucb_balanced/seed7.json,258,0
biodolphin_Kd,random_pair,7,initial_label_adapter,matern32,thompson,4,120,1.2333046198294642,1.0114841971052684,0.37128099429687644,0.8959537572254336,0.6964285714285714,0.41741071428571425,results/adaptation_study/runs/biodolphin_Kd/random_pair/initial_label_adapter/matern32/thompson/seed7.json,258,0
biodolphin_Kd,random_pair,7,initial_label_adapter,matern32,prediction_aware_thompson,4,120,1.021658109227622,0.9150449262927933,0.4331159257680406,0.8901734104046243,0.30357142857142855,0.16294642857142855,results/adaptation_study/runs/biodolphin_Kd/random_pair/initial_label_adapter/matern32/prediction_aware_thompson/seed7.json,258,0
biodolphin_Kd,random_pair,7,initial_label_adapter,matern32,variance_reduction,4,120,0.8444947826918577,0.9768009127829986,0.3873738009562204,0.9190751445086706,0.16071428571428573,0.10044642857142856,results/adaptation_study/runs/biodolphin_Kd/random_pair/initial_label_adapter/matern32/variance_reduction/seed7.json,258,0
biodolphin_Kd,random_pair,19,frozen_mlm,linear,random,4,120,1.0269468735210814,0.9165210482821848,0.474082049242045,0.930635838150289,0.17543859649122806,0.11622807017543861,results/robust_study_v2/runs/biodolphin_Kd/random_pair/esm2_35m/chemberta_mlm/linear/random/seed19.json,258,0
biodolphin_Kd,random_pair,19,frozen_mlm,linear,uncertainty,4,120,1.1758472808982299,1.1546077196941957,0.257287741988925,0.8959537572254336,0.12280701754385964,0.07894736842105261,results/robust_study_v2/runs/biodolphin_Kd/random_pair/esm2_35m/chemberta_mlm/linear/uncertainty/seed19.json,258,0
biodolphin_Kd,random_pair,19,frozen_mlm,linear,ucb_balanced,4,120,1.3729901162871874,1.0998463174408624,0.2444142090382858,0.9364161849710982,0.8421052631578947,0.5416666666666666,results/robust_study_v2/runs/biodolphin_Kd/random_pair/esm2_35m/chemberta_mlm/linear/ucb_balanced/seed19.json,258,0
biodolphin_Kd,random_pair,19,frozen_mlm,linear,thompson,4,120,1.1572207467310585,1.1052771862918103,0.3257747849553928,0.930635838150289,0.2631578947368421,0.11842105263157894,results/robust_study_v2/runs/biodolphin_Kd/random_pair/esm2_35m/chemberta_mlm/linear/thompson/seed19.json,258,0
biodolphin_Kd,random_pair,19,frozen_mlm,linear,prediction_aware_thompson,4,120,1.0764301385411137,1.0377334171782413,0.3804774855681192,0.9075144508670521,0.49122807017543857,0.24342105263157895,results/robust_study_v2/runs/biodolphin_Kd/random_pair/esm2_35m/chemberta_mlm/linear/prediction_aware_thompson/seed19.json,258,0
biodolphin_Kd,random_pair,19,frozen_mlm,linear,variance_reduction,4,120,1.023438455446774,0.913279243916246,0.469196885494221,0.930635838150289,0.3333333333333333,0.14912280701754385,results/robust_study_v2/runs/biodolphin_Kd/random_pair/esm2_35m/chemberta_mlm/linear/variance_reduction/seed19.json,258,0
biodolphin_Kd,random_pair,19,frozen_mlm,rbf,random,4,120,1.0316671425566384,0.9327271121153666,0.48397222068955137,0.9421965317919075,0.17543859649122806,0.11622807017543861,results/robust_study_v2/runs/biodolphin_Kd/random_pair/esm2_35m/chemberta_mlm/rbf/random/seed19.json,258,0
biodolphin_Kd,random_pair,19,frozen_mlm,rbf,uncertainty,4,120,1.135640893252496,1.0887103589403833,0.3131563111271759,0.8728323699421965,0.10526315789473684,0.07675438596491227,results/robust_study_v2/runs/biodolphin_Kd/random_pair/esm2_35m/chemberta_mlm/rbf/uncertainty/seed19.json,258,0
biodolphin_Kd,random_pair,19,frozen_mlm,rbf,ucb_balanced,4,120,1.277855644462678,1.0653584429883118,0.3311732065981978,0.9653179190751445,0.7719298245614035,0.36622807017543857,results/robust_study_v2/runs/biodolphin_Kd/random_pair/esm2_35m/chemberta_mlm/rbf/ucb_balanced/seed19.json,258,0
biodolphin_Kd,random_pair,19,frozen_mlm,rbf,thompson,4,120,1.1406265276471799,1.0438345623719516,0.35657834563965163,0.9075144508670521,0.6140350877192983,0.3421052631578947,results/robust_study_v2/runs/biodolphin_Kd/random_pair/esm2_35m/chemberta_mlm/rbf/thompson/seed19.json,258,0
biodolphin_Kd,random_pair,19,frozen_mlm,rbf,prediction_aware_thompson,4,120,1.0710278279840728,1.084782989846161,0.34261262092996836,0.838150289017341,0.5789473684210527,0.2807017543859649,results/robust_study_v2/runs/biodolphin_Kd/random_pair/esm2_35m/chemberta_mlm/rbf/prediction_aware_thompson/seed19.json,258,0
biodolphin_Kd,random_pair,19,frozen_mlm,rbf,variance_reduction,4,120,0.9839175438091917,0.9617901815360268,0.406698736596653,0.861271676300578,0.2807017543859649,0.16885964912280702,results/robust_study_v2/runs/biodolphin_Kd/random_pair/esm2_35m/chemberta_mlm/rbf/variance_reduction/seed19.json,258,0
biodolphin_Kd,random_pair,19,frozen_mlm,matern32,random,4,120,1.1817076190812073,0.9462500271515496,0.4390410970724341,0.9248554913294798,0.17543859649122806,0.11622807017543861,results/robust_study_v2/runs/biodolphin_Kd/random_pair/esm2_35m/chemberta_mlm/matern32/random/seed19.json,258,0
biodolphin_Kd,random_pair,19,frozen_mlm,matern32,uncertainty,4,120,1.1361398698543212,1.0908536180712125,0.3118194276193347,0.8728323699421965,0.10526315789473684,0.07675438596491227,results/robust_study_v2/runs/biodolphin_Kd/random_pair/esm2_35m/chemberta_mlm/matern32/uncertainty/seed19.json,258,0
biodolphin_Kd,random_pair,19,frozen_mlm,matern32,ucb_balanced,4,120,1.2288156270487605,1.0502736216841482,0.3491846400844105,0.9710982658959537,0.8421052631578947,0.418859649122807,results/robust_study_v2/runs/biodolphin_Kd/random_pair/esm2_35m/chemberta_mlm/matern32/ucb_balanced/seed19.json,258,0
biodolphin_Kd,random_pair,19,frozen_mlm,matern32,thompson,4,120,1.1660294717835837,1.0334887349658999,0.37883654496824437,0.9479768786127167,0.47368421052631576,0.20175438596491227,results/robust_study_v2/runs/biodolphin_Kd/random_pair/esm2_35m/chemberta_mlm/matern32/thompson/seed19.json,258,0
biodolphin_Kd,random_pair,19,frozen_mlm,matern32,prediction_aware_thompson,4,120,1.075303674277088,0.9839221229398907,0.41500753690717485,0.9248554913294798,0.43859649122807015,0.23245614035087722,results/robust_study_v2/runs/biodolphin_Kd/random_pair/esm2_35m/chemberta_mlm/matern32/prediction_aware_thompson/seed19.json,258,0
biodolphin_Kd,random_pair,19,frozen_mlm,matern32,variance_reduction,4,120,1.0018862086306792,0.9421845061600781,0.41677442172284507,0.8901734104046243,0.2631578947368421,0.16666666666666666,results/robust_study_v2/runs/biodolphin_Kd/random_pair/esm2_35m/chemberta_mlm/matern32/variance_reduction/seed19.json,258,0
biodolphin_Kd,random_pair,19,lipid_ssl,linear,random,4,120,1.0309322576892512,0.916114361872335,0.4755406252742407,0.930635838150289,0.17543859649122806,0.11622807017543861,results/adaptation_study/runs/biodolphin_Kd/random_pair/lipid_ssl/linear/random/seed19.json,258,0
biodolphin_Kd,random_pair,19,lipid_ssl,linear,uncertainty,4,120,1.2101033164337256,1.1310505999393798,0.3110484330336326,0.8901734104046243,0.10526315789473684,0.06798245614035087,results/adaptation_study/runs/biodolphin_Kd/random_pair/lipid_ssl/linear/uncertainty/seed19.json,258,0
biodolphin_Kd,random_pair,19,lipid_ssl,linear,ucb_balanced,4,120,1.3306988793960317,1.0538233267433355,0.3112497463354411,0.9364161849710982,0.8771929824561403,0.5460526315789473,results/adaptation_study/runs/biodolphin_Kd/random_pair/lipid_ssl/linear/ucb_balanced/seed19.json,258,0
biodolphin_Kd,random_pair,19,lipid_ssl,linear,thompson,4,120,1.1818666352452951,1.111155260249916,0.29425381176528054,0.8670520231213873,0.24561403508771928,0.14254385964912278,results/adaptation_study/runs/biodolphin_Kd/random_pair/lipid_ssl/linear/thompson/seed19.json,258,0
biodolphin_Kd,random_pair,19,lipid_ssl,linear,prediction_aware_thompson,4,120,1.0200541796047817,0.9737045626722844,0.42315514751672223,0.9017341040462428,0.40350877192982454,0.23245614035087717,results/adaptation_study/runs/biodolphin_Kd/random_pair/lipid_ssl/linear/prediction_aware_thompson/seed19.json,258,0
biodolphin_Kd,random_pair,19,lipid_ssl,linear,variance_reduction,4,120,1.0521022663842794,0.922256758876878,0.45648523014177533,0.9364161849710982,0.2807017543859649,0.1513157894736842,results/adaptation_study/runs/biodolphin_Kd/random_pair/lipid_ssl/linear/variance_reduction/seed19.json,258,0
biodolphin_Kd,random_pair,19,lipid_ssl,rbf,random,4,120,1.0326560626853112,0.933611068718978,0.48443725763010936,0.9421965317919075,0.17543859649122806,0.11622807017543861,results/adaptation_study/runs/biodolphin_Kd/random_pair/lipid_ssl/rbf/random/seed19.json,258,0
biodolphin_Kd,random_pair,19,lipid_ssl,rbf,uncertainty,4,120,1.1356984212684968,1.0864490425139395,0.3129901623202872,0.8728323699421965,0.10526315789473684,0.07675438596491227,results/adaptation_study/runs/biodolphin_Kd/random_pair/lipid_ssl/rbf/uncertainty/seed19.json,258,0
biodolphin_Kd,random_pair,19,lipid_ssl,rbf,ucb_balanced,4,120,1.2873665649689157,1.0767879676411634,0.31443121893752835,0.9595375722543352,0.7719298245614035,0.36622807017543857,results/adaptation_study/runs/biodolphin_Kd/random_pair/lipid_ssl/rbf/ucb_balanced/seed19.json,258,0
biodolphin_Kd,random_pair,19,lipid_ssl,rbf,thompson,4,120,1.1327852056852212,1.0275683104794155,0.37247369633926786,0.9017341040462428,0.5964912280701754,0.33991228070175433,results/adaptation_study/runs/biodolphin_Kd/random_pair/lipid_ssl/rbf/thompson/seed19.json,258,0
biodolphin_Kd,random_pair,19,lipid_ssl,rbf,prediction_aware_thompson,4,120,1.071028086629986,1.084782992111195,0.34261270286894496,0.838150289017341,0.5789473684210527,0.2807017543859649,results/adaptation_study/runs/biodolphin_Kd/random_pair/lipid_ssl/rbf/prediction_aware_thompson/seed19.json,258,0
biodolphin_Kd,random_pair,19,lipid_ssl,rbf,variance_reduction,4,120,0.9817086869025006,0.9648101719403737,0.4010147710197206,0.8670520231213873,0.2807017543859649,0.16885964912280702,results/adaptation_study/runs/biodolphin_Kd/random_pair/lipid_ssl/rbf/variance_reduction/seed19.json,258,0
biodolphin_Kd,random_pair,19,lipid_ssl,matern32,random,4,120,1.181708163219287,0.9463111292307056,0.43898805684059394,0.9248554913294798,0.17543859649122806,0.11622807017543861,results/adaptation_study/runs/biodolphin_Kd/random_pair/lipid_ssl/matern32/random/seed19.json,258,0
biodolphin_Kd,random_pair,19,lipid_ssl,matern32,uncertainty,4,120,1.1361223224907957,1.09076722252403,0.3118513540394626,0.8728323699421965,0.10526315789473684,0.07675438596491227,results/adaptation_study/runs/biodolphin_Kd/random_pair/lipid_ssl/matern32/uncertainty/seed19.json,258,0
biodolphin_Kd,random_pair,19,lipid_ssl,matern32,ucb_balanced,4,120,1.2493351568709594,1.0544441960326743,0.3449627879358972,0.9710982658959537,0.8245614035087719,0.41228070175438597,results/adaptation_study/runs/biodolphin_Kd/random_pair/lipid_ssl/matern32/ucb_balanced/seed19.json,258,0
biodolphin_Kd,random_pair,19,lipid_ssl,matern32,thompson,4,120,1.1660291370972307,1.0333397208941648,0.3789082769859371,0.9479768786127167,0.47368421052631576,0.20175438596491227,results/adaptation_study/runs/biodolphin_Kd/random_pair/lipid_ssl/matern32/thompson/seed19.json,258,0
biodolphin_Kd,random_pair,19,lipid_ssl,matern32,prediction_aware_thompson,4,120,1.0778213032660597,0.9858690881758232,0.41374205350831705,0.9248554913294798,0.43859649122807015,0.23245614035087722,results/adaptation_study/runs/biodolphin_Kd/random_pair/lipid_ssl/matern32/prediction_aware_thompson/seed19.json,258,0
biodolphin_Kd,random_pair,19,lipid_ssl,matern32,variance_reduction,4,120,1.0089583082285276,0.9446777068822612,0.4116285897515831,0.8901734104046243,0.2631578947368421,0.16666666666666666,results/adaptation_study/runs/biodolphin_Kd/random_pair/lipid_ssl/matern32/variance_reduction/seed19.json,258,0
biodolphin_Kd,random_pair,19,initial_label_adapter,linear,random,4,120,1.0269256857876443,0.91651849557604,0.4740848488239362,0.930635838150289,0.17543859649122806,0.11622807017543861,results/adaptation_study/runs/biodolphin_Kd/random_pair/initial_label_adapter/linear/random/seed19.json,258,0
biodolphin_Kd,random_pair,19,initial_label_adapter,linear,uncertainty,4,120,1.1800485127119467,1.1546000994377223,0.24631408460167536,0.8959537572254336,0.14035087719298245,0.08114035087719297,results/adaptation_study/runs/biodolphin_Kd/random_pair/initial_label_adapter/linear/uncertainty/seed19.json,258,0
biodolphin_Kd,random_pair,19,initial_label_adapter,linear,ucb_balanced,4,120,1.3727129322608806,1.0998236896561764,0.2446468164072768,0.9364161849710982,0.8421052631578947,0.5416666666666666,results/adaptation_study/runs/biodolphin_Kd/random_pair/initial_label_adapter/linear/ucb_balanced/seed19.json,258,0
biodolphin_Kd,random_pair,19,initial_label_adapter,linear,thompson,4,120,1.0992313439548724,1.0003907120846567,0.40905874753856153,0.9421965317919075,0.5263157894736842,0.1644736842105263,results/adaptation_study/runs/biodolphin_Kd/random_pair/initial_label_adapter/linear/thompson/seed19.json,258,0
biodolphin_Kd,random_pair,19,initial_label_adapter,linear,prediction_aware_thompson,4,120,1.141692914162217,0.9951825492005231,0.37702346920286456,0.9132947976878613,0.43859649122807015,0.23684210526315788,results/adaptation_study/runs/biodolphin_Kd/random_pair/initial_label_adapter/linear/prediction_aware_thompson/seed19.json,258,0
biodolphin_Kd,random_pair,19,initial_label_adapter,linear,variance_reduction,4,120,1.0234033248899257,0.9132422853180497,0.46922205776273374,0.930635838150289,0.3333333333333333,0.14912280701754385,results/adaptation_study/runs/biodolphin_Kd/random_pair/initial_label_adapter/linear/variance_reduction/seed19.json,258,0
biodolphin_Kd,random_pair,19,initial_label_adapter,rbf,random,4,120,1.0316397325847437,0.9327413252312664,0.48394673110743924,0.9421965317919075,0.17543859649122806,0.11622807017543861,results/adaptation_study/runs/biodolphin_Kd/random_pair/initial_label_adapter/rbf/random/seed19.json,258,0
biodolphin_Kd,random_pair,19,initial_label_adapter,rbf,uncertainty,4,120,1.13530946446409,1.086140608778966,0.3138181588974702,0.8728323699421965,0.10526315789473684,0.07675438596491227,results/adaptation_study/runs/biodolphin_Kd/random_pair/initial_label_adapter/rbf/uncertainty/seed19.json,258,0
biodolphin_Kd,random_pair,19,initial_label_adapter,rbf,ucb_balanced,4,120,1.278054323351428,1.0655197470330702,0.33097599473417594,0.9653179190751445,0.7719298245614035,0.36622807017543857,results/adaptation_study/runs/biodolphin_Kd/random_pair/initial_label_adapter/rbf/ucb_balanced/seed19.json,258,0
biodolphin_Kd,random_pair,19,initial_label_adapter,rbf,thompson,4,120,1.1405252231002858,1.0437738120398787,0.3566645697628592,0.9132947976878613,0.6140350877192983,0.3421052631578947,results/adaptation_study/runs/biodolphin_Kd/random_pair/initial_label_adapter/rbf/thompson/seed19.json,258,0
biodolphin_Kd,random_pair,19,initial_label_adapter,rbf,prediction_aware_thompson,4,120,0.9761807465210468,0.9290300974316409,0.45831457228336947,0.884393063583815,0.45614035087719296,0.23903508771929824,results/adaptation_study/runs/biodolphin_Kd/random_pair/initial_label_adapter/rbf/prediction_aware_thompson/seed19.json,258,0
biodolphin_Kd,random_pair,19,initial_label_adapter,rbf,variance_reduction,4,120,0.9839640474634211,0.9618867740897095,0.4066572916714064,0.861271676300578,0.2807017543859649,0.16885964912280702,results/adaptation_study/runs/biodolphin_Kd/random_pair/initial_label_adapter/rbf/variance_reduction/seed19.json,258,0
biodolphin_Kd,random_pair,19,initial_label_adapter,matern32,random,4,120,1.181710391434435,0.9462510635572685,0.4390416482992724,0.9248554913294798,0.17543859649122806,0.11622807017543861,results/adaptation_study/runs/biodolphin_Kd/random_pair/initial_label_adapter/matern32/random/seed19.json,258,0
biodolphin_Kd,random_pair,19,initial_label_adapter,matern32,uncertainty,4,120,1.1361396335234069,1.0908539920318374,0.3118193160309476,0.8728323699421965,0.10526315789473684,0.07675438596491227,results/adaptation_study/runs/biodolphin_Kd/random_pair/initial_label_adapter/matern32/uncertainty/seed19.json,258,0
biodolphin_Kd,random_pair,19,initial_label_adapter,matern32,ucb_balanced,4,120,1.2291883871116098,1.050499195950903,0.3489718899515528,0.9710982658959537,0.8421052631578947,0.418859649122807,results/adaptation_study/runs/biodolphin_Kd/random_pair/initial_label_adapter/matern32/ucb_balanced/seed19.json,258,0
biodolphin_Kd,random_pair,19,initial_label_adapter,matern32,thompson,4,120,1.0771090757045427,1.0736196429588702,0.35649494575853513,0.9479768786127167,0.5263157894736842,0.26535087719298245,results/adaptation_study/runs/biodolphin_Kd/random_pair/initial_label_adapter/matern32/thompson/seed19.json,258,0
biodolphin_Kd,random_pair,19,initial_label_adapter,matern32,prediction_aware_thompson,4,120,1.0753299166144359,0.9839542002528298,0.4149676189010829,0.9248554913294798,0.43859649122807015,0.23245614035087722,results/adaptation_study/runs/biodolphin_Kd/random_pair/initial_label_adapter/matern32/prediction_aware_thompson/seed19.json,258,0
biodolphin_Kd,random_pair,19,initial_label_adapter,matern32,variance_reduction,4,120,1.0019242832559043,0.9421319459056693,0.4168385680200596,0.8901734104046243,0.2631578947368421,0.16666666666666666,results/adaptation_study/runs/biodolphin_Kd/random_pair/initial_label_adapter/matern32/variance_reduction/seed19.json,258,0
biodolphin_Kd,random_pair,42,frozen_mlm,linear,random,4,120,0.9478736501013822,0.9824444458223813,0.45978566768307083,0.8497109826589595,0.3157894736842105,0.1929824561403509,results/robust_study_v2/runs/biodolphin_Kd/random_pair/esm2_35m/chemberta_mlm/linear/random/seed42.json,258,0
biodolphin_Kd,random_pair,42,frozen_mlm,linear,uncertainty,4,120,1.1113757834523867,1.0372070748097089,0.30487677095200405,0.930635838150289,0.19298245614035087,0.14254385964912278,results/robust_study_v2/runs/biodolphin_Kd/random_pair/esm2_35m/chemberta_mlm/linear/uncertainty/seed42.json,258,0
biodolphin_Kd,random_pair,42,frozen_mlm,linear,ucb_balanced,4,120,1.273378075777363,1.1231162035194262,0.26398243259147613,0.8959537572254336,0.6666666666666666,0.4166666666666667,results/robust_study_v2/runs/biodolphin_Kd/random_pair/esm2_35m/chemberta_mlm/linear/ucb_balanced/seed42.json,258,0
biodolphin_Kd,random_pair,42,frozen_mlm,linear,thompson,4,120,1.5052925194198856,1.3208689798214426,-0.07860219379349864,0.838150289017341,0.2807017543859649,0.18859649122807018,results/robust_study_v2/runs/biodolphin_Kd/random_pair/esm2_35m/chemberta_mlm/linear/thompson/seed42.json,258,0
biodolphin_Kd,random_pair,42,frozen_mlm,linear,prediction_aware_thompson,4,120,0.97745818790967,0.9745969370675521,0.39184465880918107,0.8670520231213873,0.21052631578947367,0.14912280701754385,results/robust_study_v2/runs/biodolphin_Kd/random_pair/esm2_35m/chemberta_mlm/linear/prediction_aware_thompson/seed42.json,258,0
biodolphin_Kd,random_pair,42,frozen_mlm,linear,variance_reduction,4,120,0.8702387802862435,0.9546738165076468,0.4451610230782851,0.9132947976878613,0.38596491228070173,0.19298245614035084,results/robust_study_v2/runs/biodolphin_Kd/random_pair/esm2_35m/chemberta_mlm/linear/variance_reduction/seed42.json,258,0
biodolphin_Kd,random_pair,42,frozen_mlm,rbf,random,4,120,1.0940478213648879,0.9964012828425487,0.4049930409014384,0.9364161849710982,0.3157894736842105,0.1929824561403509,results/robust_study_v2/runs/biodolphin_Kd/random_pair/esm2_35m/chemberta_mlm/rbf/random/seed42.json,258,0
biodolphin_Kd,random_pair,42,frozen_mlm,rbf,uncertainty,4,120,1.0756455681838384,0.9747767099984648,0.38491059196217026,0.8497109826589595,0.21052631578947367,0.16228070175438594,results/robust_study_v2/runs/biodolphin_Kd/random_pair/esm2_35m/chemberta_mlm/rbf/uncertainty/seed42.json,258,0
biodolphin_Kd,random_pair,42,frozen_mlm,rbf,ucb_balanced,4,120,1.2583532389908367,1.1877275066103117,0.19098199263704918,0.8554913294797688,0.5614035087719298,0.4736842105263159,results/robust_study_v2/runs/biodolphin_Kd/random_pair/esm2_35m/chemberta_mlm/rbf/ucb_balanced/seed42.json,258,0
biodolphin_Kd,random_pair,42,frozen_mlm,rbf,thompson,4,120,1.1243159907396247,1.0949314805761834,0.3283079502335978,0.8786127167630058,0.5263157894736842,0.31578947368421056,results/robust_study_v2/runs/biodolphin_Kd/random_pair/esm2_35m/chemberta_mlm/rbf/thompson/seed42.json,258,0
biodolphin_Kd,random_pair,42,frozen_mlm,rbf,prediction_aware_thompson,4,120,0.999237770691657,1.0559127359104339,0.3649084227378011,0.9248554913294798,0.6666666666666666,0.3289473684210526,results/robust_study_v2/runs/biodolphin_Kd/random_pair/esm2_35m/chemberta_mlm/rbf/prediction_aware_thompson/seed42.json,258,0
biodolphin_Kd,random_pair,42,frozen_mlm,rbf,variance_reduction,4,120,0.9183897019704187,1.0090478664750242,0.36779362279646044,0.861271676300578,0.22807017543859648,0.17324561403508773,results/robust_study_v2/runs/biodolphin_Kd/random_pair/esm2_35m/chemberta_mlm/rbf/variance_reduction/seed42.json,258,0
biodolphin_Kd,random_pair,42,frozen_mlm,matern32,random,4,120,1.093723102454597,0.9961532517458331,0.4052482436963669,0.9364161849710982,0.3157894736842105,0.1929824561403509,results/robust_study_v2/runs/biodolphin_Kd/random_pair/esm2_35m/chemberta_mlm/matern32/random/seed42.json,258,0
biodolphin_Kd,random_pair,42,frozen_mlm,matern32,uncertainty,4,120,1.1156293573171736,1.1129298208452527,0.2816879455705049,0.8728323699421965,0.15789473684210525,0.13377192982456138,results/robust_study_v2/runs/biodolphin_Kd/random_pair/esm2_35m/chemberta_mlm/matern32/uncertainty/seed42.json,258,0
biodolphin_Kd,random_pair,42,frozen_mlm,matern32,ucb_balanced,4,120,1.2767079013095222,1.183724716155143,0.21137431117759165,0.815028901734104,0.543859649122807,0.46710526315789475,results/robust_study_v2/runs/biodolphin_Kd/random_pair/esm2_35m/chemberta_mlm/matern32/ucb_balanced/seed42.json,258,0
biodolphin_Kd,random_pair,42,frozen_mlm,matern32,thompson,4,120,1.1405413750332078,1.0737831546359577,0.337299051038362,0.9017341040462428,0.5614035087719298,0.3421052631578947,results/robust_study_v2/runs/biodolphin_Kd/random_pair/esm2_35m/chemberta_mlm/matern32/thompson/seed42.json,258,0
biodolphin_Kd,random_pair,42,frozen_mlm,matern32,prediction_aware_thompson,4,120,0.9478474391605205,0.9293995093801399,0.41665276991984357,0.7630057803468208,0.2631578947368421,0.1600877192982456,results/robust_study_v2/runs/biodolphin_Kd/random_pair/esm2_35m/chemberta_mlm/matern32/prediction_aware_thompson/seed42.json,258,0
biodolphin_Kd,random_pair,42,frozen_mlm,matern32,variance_reduction,4,120,0.9230884091317161,1.0190582587676762,0.35923402420179296,0.8265895953757225,0.19298245614035087,0.16008771929824558,results/robust_study_v2/runs/biodolphin_Kd/random_pair/esm2_35m/chemberta_mlm/matern32/variance_reduction/seed42.json,258,0
biodolphin_Kd,random_pair,42,lipid_ssl,linear,random,4,120,0.9481855671302417,0.9809710502442995,0.4615271220144753,0.8554913294797688,0.3157894736842105,0.1929824561403509,results/adaptation_study/runs/biodolphin_Kd/random_pair/lipid_ssl/linear/random/seed42.json,258,0
biodolphin_Kd,random_pair,42,lipid_ssl,linear,uncertainty,4,120,1.3569188509892494,1.2549434980331389,-0.01881252669337563,0.8497109826589595,0.17543859649122806,0.13596491228070173,results/adaptation_study/runs/biodolphin_Kd/random_pair/lipid_ssl/linear/uncertainty/seed42.json,258,0
biodolphin_Kd,random_pair,42,lipid_ssl,linear,ucb_balanced,4,120,1.2488973451510148,1.127851663904071,0.25737938935214144,0.8728323699421965,0.6666666666666666,0.4166666666666667,results/adaptation_study/runs/biodolphin_Kd/random_pair/lipid_ssl/linear/ucb_balanced/seed42.json,258,0
biodolphin_Kd,random_pair,42,lipid_ssl,linear,thompson,4,120,1.1758617754074703,1.14107108398144,0.245412316555222,0.815028901734104,0.5087719298245614,0.23903508771929824,results/adaptation_study/runs/biodolphin_Kd/random_pair/lipid_ssl/linear/thompson/seed42.json,258,0
biodolphin_Kd,random_pair,42,lipid_ssl,linear,prediction_aware_thompson,4,120,1.0205449851911452,1.0842958246642769,0.24586410396851133,0.8034682080924855,0.2631578947368421,0.1557017543859649,results/adaptation_study/runs/biodolphin_Kd/random_pair/lipid_ssl/linear/prediction_aware_thompson/seed42.json,258,0
biodolphin_Kd,random_pair,42,lipid_ssl,linear,variance_reduction,4,120,0.8712986513758301,0.9522167084524993,0.4474189374455825,0.9075144508670521,0.38596491228070173,0.19736842105263155,results/adaptation_study/runs/biodolphin_Kd/random_pair/lipid_ssl/linear/variance_reduction/seed42.json,258,0
biodolphin_Kd,random_pair,42,lipid_ssl,rbf,random,4,120,1.0940761294124122,0.9964377757111185,0.40495492984461146,0.9364161849710982,0.3157894736842105,0.1929824561403509,results/adaptation_study/runs/biodolphin_Kd/random_pair/lipid_ssl/rbf/random/seed42.json,258,0
biodolphin_Kd,random_pair,42,lipid_ssl,rbf,uncertainty,4,120,1.02070115882941,1.0312006626165857,0.3689122052062742,0.9017341040462428,0.24561403508771928,0.16666666666666666,results/adaptation_study/runs/biodolphin_Kd/random_pair/lipid_ssl/rbf/uncertainty/seed42.json,258,0
biodolphin_Kd,random_pair,42,lipid_ssl,rbf,ucb_balanced,4,120,1.2574345265081557,1.1875114006388094,0.1918195967315175,0.838150289017341,0.5614035087719298,0.4736842105263159,results/adaptation_study/runs/biodolphin_Kd/random_pair/lipid_ssl/rbf/ucb_balanced/seed42.json,258,0
biodolphin_Kd,random_pair,42,lipid_ssl,rbf,thompson,4,120,1.151849787245416,1.1191587399395204,0.2944654637604526,0.8901734104046243,0.5263157894736842,0.3026315789473684,results/adaptation_study/runs/biodolphin_Kd/random_pair/lipid_ssl/rbf/thompson/seed42.json,258,0
biodolphin_Kd,random_pair,42,lipid_ssl,rbf,prediction_aware_thompson,4,120,1.0770878880822758,1.07955580622621,0.3322287263659607,0.9190751445086706,0.5263157894736842,0.34649122807017546,results/adaptation_study/runs/biodolphin_Kd/random_pair/lipid_ssl/rbf/prediction_aware_thompson/seed42.json,258,0
biodolphin_Kd,random_pair,42,lipid_ssl,rbf,variance_reduction,4,120,0.9168980071905005,1.0114627948170802,0.3677001674687467,0.8670520231213873,0.24561403508771928,0.17543859649122806,results/adaptation_study/runs/biodolphin_Kd/random_pair/lipid_ssl/rbf/variance_reduction/seed42.json,258,0
biodolphin_Kd,random_pair,42,lipid_ssl,matern32,random,4,120,1.093751790367138,0.9961781770671669,0.40522273463205194,0.9364161849710982,0.3157894736842105,0.1929824561403509,results/adaptation_study/runs/biodolphin_Kd/random_pair/lipid_ssl/matern32/random/seed42.json,258,0
biodolphin_Kd,random_pair,42,lipid_ssl,matern32,uncertainty,4,120,1.122057804615887,1.086863398220762,0.2930177767221228,0.8901734104046243,0.22807017543859648,0.1557017543859649,results/adaptation_study/runs/biodolphin_Kd/random_pair/lipid_ssl/matern32/uncertainty/seed42.json,258,0
biodolphin_Kd,random_pair,42,lipid_ssl,matern32,ucb_balanced,4,120,1.2594645240511608,1.171475601542182,0.22066571881027341,0.8323699421965318,0.5614035087719298,0.4692982456140351,results/adaptation_study/runs/biodolphin_Kd/random_pair/lipid_ssl/matern32/ucb_balanced/seed42.json,258,0
biodolphin_Kd,random_pair,42,lipid_ssl,matern32,thompson,4,120,1.1447764184007123,1.095878797321144,0.33507582780321876,0.9248554913294798,0.47368421052631576,0.300438596491228,results/adaptation_study/runs/biodolphin_Kd/random_pair/lipid_ssl/matern32/thompson/seed42.json,258,0
biodolphin_Kd,random_pair,42,lipid_ssl,matern32,prediction_aware_thompson,4,120,1.0111646146729685,1.0999985607418328,0.3047820664745081,0.861271676300578,0.6140350877192983,0.27850877192982454,results/adaptation_study/runs/biodolphin_Kd/random_pair/lipid_ssl/matern32/prediction_aware_thompson/seed42.json,258,0
biodolphin_Kd,random_pair,42,lipid_ssl,matern32,variance_reduction,4,120,0.9252405009771573,1.0279934247528812,0.345271986399324,0.8554913294797688,0.21052631578947367,0.16228070175438594,results/adaptation_study/runs/biodolphin_Kd/random_pair/lipid_ssl/matern32/variance_reduction/seed42.json,258,0
biodolphin_Kd,random_pair,42,initial_label_adapter,linear,random,4,120,0.9478654270375357,0.9824944159593426,0.45976823785657484,0.8497109826589595,0.3157894736842105,0.1929824561403509,results/adaptation_study/runs/biodolphin_Kd/random_pair/initial_label_adapter/linear/random/seed42.json,258,0
biodolphin_Kd,random_pair,42,initial_label_adapter,linear,uncertainty,4,120,1.1115079238797436,1.037366548407214,0.30482639977605797,0.930635838150289,0.19298245614035087,0.14254385964912278,results/adaptation_study/runs/biodolphin_Kd/random_pair/initial_label_adapter/linear/uncertainty/seed42.json,258,0
biodolphin_Kd,random_pair,42,initial_label_adapter,linear,ucb_balanced,4,120,1.2736858393654835,1.1232767663684402,0.2638368102518719,0.8959537572254336,0.6666666666666666,0.4166666666666667,results/adaptation_study/runs/biodolphin_Kd/random_pair/initial_label_adapter/linear/ucb_balanced/seed42.json,258,0
biodolphin_Kd,random_pair,42,initial_label_adapter,linear,thompson,4,120,1.5052564901997747,1.3208168222206247,-0.07837915012220065,0.838150289017341,0.2807017543859649,0.18859649122807018,results/adaptation_study/runs/biodolphin_Kd/random_pair/initial_label_adapter/linear/thompson/seed42.json,258,0
biodolphin_Kd,random_pair,42,initial_label_adapter,linear,prediction_aware_thompson,4,120,0.9381069229937735,0.9704111024878851,0.3864157560997964,0.8901734104046243,0.21052631578947367,0.14912280701754385,results/adaptation_study/runs/biodolphin_Kd/random_pair/initial_label_adapter/linear/prediction_aware_thompson/seed42.json,258,0
biodolphin_Kd,random_pair,42,initial_label_adapter,linear,variance_reduction,4,120,0.8702315838708939,0.954717866167696,0.44512278333968114,0.9132947976878613,0.38596491228070173,0.19298245614035084,results/adaptation_study/runs/biodolphin_Kd/random_pair/initial_label_adapter/linear/variance_reduction/seed42.json,258,0
biodolphin_Kd,random_pair,42,initial_label_adapter,rbf,random,4,120,1.0940539854312303,0.9964068765072038,0.4049923392881537,0.9364161849710982,0.3157894736842105,0.1929824561403509,results/adaptation_study/runs/biodolphin_Kd/random_pair/initial_label_adapter/rbf/random/seed42.json,258,0
biodolphin_Kd,random_pair,42,initial_label_adapter,rbf,uncertainty,4,120,0.9869806949161393,0.972380928600173,0.4181814255722326,0.8959537572254336,0.24561403508771928,0.18859649122807012,results/adaptation_study/runs/biodolphin_Kd/random_pair/initial_label_adapter/rbf/uncertainty/seed42.json,258,0
biodolphin_Kd,random_pair,42,initial_label_adapter,rbf,ucb_balanced,4,120,1.2312631350378538,1.1834696284410602,0.20766769621845005,0.8554913294797688,0.5964912280701754,0.48245614035087714,results/adaptation_study/runs/biodolphin_Kd/random_pair/initial_label_adapter/rbf/ucb_balanced/seed42.json,258,0
biodolphin_Kd,random_pair,42,initial_label_adapter,rbf,thompson,4,120,1.2031349533888092,1.1649079959624538,0.2667140005449383,0.8208092485549133,0.5964912280701754,0.3421052631578947,results/adaptation_study/runs/biodolphin_Kd/random_pair/initial_label_adapter/rbf/thompson/seed42.json,258,0
biodolphin_Kd,random_pair,42,initial_label_adapter,rbf,prediction_aware_thompson,4,120,1.0277573588727702,1.1149799414002886,0.24847242091947497,0.8728323699421965,0.5087719298245614,0.36622807017543857,results/adaptation_study/runs/biodolphin_Kd/random_pair/initial_label_adapter/rbf/prediction_aware_thompson/seed42.json,258,0
biodolphin_Kd,random_pair,42,initial_label_adapter,rbf,variance_reduction,4,120,0.9199349390600492,1.0081802831830633,0.3667616949885748,0.861271676300578,0.22807017543859648,0.17324561403508773,results/adaptation_study/runs/biodolphin_Kd/random_pair/initial_label_adapter/rbf/variance_reduction/seed42.json,258,0
biodolphin_Kd,random_pair,42,initial_label_adapter,matern32,random,4,120,1.0937293847127039,0.99615895090802,0.40524742538717784,0.9364161849710982,0.3157894736842105,0.1929824561403509,results/adaptation_study/runs/biodolphin_Kd/random_pair/initial_label_adapter/matern32/random/seed42.json,258,0
biodolphin_Kd,random_pair,42,initial_label_adapter,matern32,uncertainty,4,120,1.115633461647708,1.1129529519548482,0.2816645513945387,0.8728323699421965,0.15789473684210525,0.13377192982456138,results/adaptation_study/runs/biodolphin_Kd/random_pair/initial_label_adapter/matern32/uncertainty/seed42.json,258,0
biodolphin_Kd,random_pair,42,initial_label_adapter,matern32,ucb_balanced,4,120,1.276722100859662,1.1837382869868278,0.21136931801995007,0.815028901734104,0.543859649122807,0.46710526315789475,results/adaptation_study/runs/biodolphin_Kd/random_pair/initial_label_adapter/matern32/ucb_balanced/seed42.json,258,0
biodolphin_Kd,random_pair,42,initial_label_adapter,matern32,thompson,4,120,1.1405457155230057,1.073780474028613,0.33730205343242603,0.9017341040462428,0.5614035087719298,0.3421052631578947,results/adaptation_study/runs/biodolphin_Kd/random_pair/initial_label_adapter/matern32/thompson/seed42.json,258,0
biodolphin_Kd,random_pair,42,initial_label_adapter,matern32,prediction_aware_thompson,4,120,0.9510016964487444,1.0509671626586776,0.31440077760465746,0.8323699421965318,0.3508771929824561,0.17543859649122806,results/adaptation_study/runs/biodolphin_Kd/random_pair/initial_label_adapter/matern32/prediction_aware_thompson/seed42.json,258,0
biodolphin_Kd,random_pair,42,initial_label_adapter,matern32,variance_reduction,4,120,0.9232552010885419,1.0214922211905542,0.3586598846918686,0.838150289017341,0.19298245614035087,0.16008771929824558,results/adaptation_study/runs/biodolphin_Kd/random_pair/initial_label_adapter/matern32/variance_reduction/seed42.json,258,0
biodolphin_Kd,random_pair,73,frozen_mlm,linear,random,4,120,0.8318678853825809,0.9518836725331343,0.4847010311292832,0.8901734104046243,0.19642857142857142,0.13392857142857142,results/robust_study_v2/runs/biodolphin_Kd/random_pair/esm2_35m/chemberta_mlm/linear/random/seed73.json,258,0
biodolphin_Kd,random_pair,73,frozen_mlm,linear,uncertainty,4,120,0.940334778749779,1.1054050259381374,0.28745221665112153,0.7745664739884393,0.10714285714285714,0.07812499999999999,results/robust_study_v2/runs/biodolphin_Kd/random_pair/esm2_35m/chemberta_mlm/linear/uncertainty/seed73.json,258,0
biodolphin_Kd,random_pair,73,frozen_mlm,linear,ucb_balanced,4,120,1.0851667317593268,1.1282294329344924,0.28131134128338886,0.9132947976878613,0.7142857142857143,0.5513392857142857,results/robust_study_v2/runs/biodolphin_Kd/random_pair/esm2_35m/chemberta_mlm/linear/ucb_balanced/seed73.json,258,0
biodolphin_Kd,random_pair,73,frozen_mlm,linear,thompson,4,120,1.0398288861970264,1.0739737571237646,0.35483460094397334,0.976878612716763,0.44642857142857145,0.25446428571428575,results/robust_study_v2/runs/biodolphin_Kd/random_pair/esm2_35m/chemberta_mlm/linear/thompson/seed73.json,258,0
biodolphin_Kd,random_pair,73,frozen_mlm,linear,prediction_aware_thompson,4,120,0.8005074935802389,0.9425783817893048,0.46991114591146543,0.9132947976878613,0.375,0.1875,results/robust_study_v2/runs/biodolphin_Kd/random_pair/esm2_35m/chemberta_mlm/linear/prediction_aware_thompson/seed73.json,258,0
biodolphin_Kd,random_pair,73,frozen_mlm,linear,variance_reduction,4,120,0.7598366753150538,0.9736076013130841,0.4451328047963916,0.8901734104046243,0.25,0.1450892857142857,results/robust_study_v2/runs/biodolphin_Kd/random_pair/esm2_35m/chemberta_mlm/linear/variance_reduction/seed73.json,258,0
biodolphin_Kd,random_pair,73,frozen_mlm,rbf,random,4,120,0.8200379678741053,0.9590346831101507,0.4777214540441802,0.884393063583815,0.19642857142857142,0.13392857142857142,results/robust_study_v2/runs/biodolphin_Kd/random_pair/esm2_35m/chemberta_mlm/rbf/random/seed73.json,258,0
biodolphin_Kd,random_pair,73,frozen_mlm,rbf,uncertainty,4,120,1.0742478535860194,1.1457641730421335,0.3034528987575712,0.8728323699421965,0.14285714285714285,0.08258928571428571,results/robust_study_v2/runs/biodolphin_Kd/random_pair/esm2_35m/chemberta_mlm/rbf/uncertainty/seed73.json,258,0
biodolphin_Kd,random_pair,73,frozen_mlm,rbf,ucb_balanced,4,120,1.1199339521398295,1.1652634425025,0.2607588719930536,0.9075144508670521,0.5892857142857143,0.48214285714285704,results/robust_study_v2/runs/biodolphin_Kd/random_pair/esm2_35m/chemberta_mlm/rbf/ucb_balanced/seed73.json,258,0
biodolphin_Kd,random_pair,73,frozen_mlm,rbf,thompson,4,120,1.161128870825647,1.136244939809231,0.29494053460718783,0.8959537572254336,0.5892857142857143,0.33035714285714285,results/robust_study_v2/runs/biodolphin_Kd/random_pair/esm2_35m/chemberta_mlm/rbf/thompson/seed73.json,258,0
biodolphin_Kd,random_pair,73,frozen_mlm,rbf,prediction_aware_thompson,4,120,0.9901831143447329,1.0818059398247655,0.2983724854614599,0.838150289017341,0.5357142857142857,0.265625,results/robust_study_v2/runs/biodolphin_Kd/random_pair/esm2_35m/chemberta_mlm/rbf/prediction_aware_thompson/seed73.json,258,0
biodolphin_Kd,random_pair,73,frozen_mlm,rbf,variance_reduction,4,120,0.8086101482341885,1.0203793121932005,0.3562737974227179,0.8901734104046243,0.19642857142857142,0.125,results/robust_study_v2/runs/biodolphin_Kd/random_pair/esm2_35m/chemberta_mlm/rbf/variance_reduction/seed73.json,258,0
biodolphin_Kd,random_pair,73,frozen_mlm,matern32,random,4,120,0.8190424391338968,0.9639285847151042,0.47361382124559415,0.8786127167630058,0.19642857142857142,0.13392857142857142,results/robust_study_v2/runs/biodolphin_Kd/random_pair/esm2_35m/chemberta_mlm/matern32/random/seed73.json,258,0
biodolphin_Kd,random_pair,73,frozen_mlm,matern32,uncertainty,4,120,1.0625437150804262,1.1430641894643128,0.3015741724948542,0.884393063583815,0.125,0.08035714285714285,results/robust_study_v2/runs/biodolphin_Kd/random_pair/esm2_35m/chemberta_mlm/matern32/uncertainty/seed73.json,258,0
biodolphin_Kd,random_pair,73,frozen_mlm,matern32,ucb_balanced,4,120,1.0656349345996419,1.1128191675714239,0.3126580557039548,0.9421965317919075,0.7142857142857143,0.5379464285714285,results/robust_study_v2/runs/biodolphin_Kd/random_pair/esm2_35m/chemberta_mlm/matern32/ucb_balanced/seed73.json,258,0
biodolphin_Kd,random_pair,73,frozen_mlm,matern32,thompson,4,120,1.1886346284354083,1.095006970134525,0.32067434784588356,0.9017341040462428,0.5892857142857143,0.34375,results/robust_study_v2/runs/biodolphin_Kd/random_pair/esm2_35m/chemberta_mlm/matern32/thompson/seed73.json,258,0
biodolphin_Kd,random_pair,73,frozen_mlm,matern32,prediction_aware_thompson,4,120,0.8277600388792036,1.0107735225559569,0.38095074697391595,0.8728323699421965,0.2857142857142857,0.21651785714285718,results/robust_study_v2/runs/biodolphin_Kd/random_pair/esm2_35m/chemberta_mlm/matern32/prediction_aware_thompson/seed73.json,258,0
biodolphin_Kd,random_pair,73,frozen_mlm,matern32,variance_reduction,4,120,0.7119262958466734,0.9506568804840652,0.45029044662612727,0.884393063583815,0.19642857142857142,0.1294642857142857,results/robust_study_v2/runs/biodolphin_Kd/random_pair/esm2_35m/chemberta_mlm/matern32/variance_reduction/seed73.json,258,0
biodolphin_Kd,random_pair,73,lipid_ssl,linear,random,4,120,0.8303246376374075,0.9550713724496891,0.48284116317499937,0.8901734104046243,0.19642857142857142,0.13392857142857142,results/adaptation_study/runs/biodolphin_Kd/random_pair/lipid_ssl/linear/random/seed73.json,258,0
biodolphin_Kd,random_pair,73,lipid_ssl,linear,uncertainty,4,120,0.8527187508147366,1.009484889220782,0.4168831771576611,0.8901734104046243,0.125,0.08928571428571429,results/adaptation_study/runs/biodolphin_Kd/random_pair/lipid_ssl/linear/uncertainty/seed73.json,258,0
biodolphin_Kd,random_pair,73,lipid_ssl,linear,ucb_balanced,4,120,1.1192388834856544,1.1763101102110165,0.23940361592914083,0.8959537572254336,0.7142857142857143,0.546875,results/adaptation_study/runs/biodolphin_Kd/random_pair/lipid_ssl/linear/ucb_balanced/seed73.json,258,0
biodolphin_Kd,random_pair,73,lipid_ssl,linear,thompson,4,120,1.0684403975170913,1.1168203284687501,0.3272433799430149,0.9595375722543352,0.44642857142857145,0.2455357142857143,results/adaptation_study/runs/biodolphin_Kd/random_pair/lipid_ssl/linear/thompson/seed73.json,258,0
biodolphin_Kd,random_pair,73,lipid_ssl,linear,prediction_aware_thompson,4,120,0.7343979451318497,0.9892621519944361,0.40521719541437007,0.8728323699421965,0.25,0.17633928571428573,results/adaptation_study/runs/biodolphin_Kd/random_pair/lipid_ssl/linear/prediction_aware_thompson/seed73.json,258,0
biodolphin_Kd,random_pair,73,lipid_ssl,linear,variance_reduction,4,120,0.7478448504589554,0.9908795110719468,0.4263590081774088,0.8959537572254336,0.26785714285714285,0.14732142857142858,results/adaptation_study/runs/biodolphin_Kd/random_pair/lipid_ssl/linear/variance_reduction/seed73.json,258,0
biodolphin_Kd,random_pair,73,lipid_ssl,rbf,random,4,120,0.8201733228314688,0.9600444805434407,0.4771259273581502,0.884393063583815,0.19642857142857142,0.13392857142857142,results/adaptation_study/runs/biodolphin_Kd/random_pair/lipid_ssl/rbf/random/seed73.json,258,0
biodolphin_Kd,random_pair,73,lipid_ssl,rbf,uncertainty,4,120,1.0612158642515546,1.1361805160141116,0.3020934701677285,0.884393063583815,0.125,0.08035714285714285,results/adaptation_study/runs/biodolphin_Kd/random_pair/lipid_ssl/rbf/uncertainty/seed73.json,258,0
biodolphin_Kd,random_pair,73,lipid_ssl,rbf,ucb_balanced,4,120,1.120208994874094,1.169254005375879,0.26063657395323747,0.9075144508670521,0.5892857142857143,0.48214285714285704,results/adaptation_study/runs/biodolphin_Kd/random_pair/lipid_ssl/rbf/ucb_balanced/seed73.json,258,0
biodolphin_Kd,random_pair,73,lipid_ssl,rbf,thompson,4,120,1.14810980032409,1.0674374017936994,0.34779957289776187,0.8901734104046243,0.625,0.33928571428571425,results/adaptation_study/runs/biodolphin_Kd/random_pair/lipid_ssl/rbf/thompson/seed73.json,258,0
biodolphin_Kd,random_pair,73,lipid_ssl,rbf,prediction_aware_thompson,4,120,0.7857290893547859,0.8514253351019323,0.525204410044545,0.8728323699421965,0.4107142857142857,0.2276785714285714,results/adaptation_study/runs/biodolphin_Kd/random_pair/lipid_ssl/rbf/prediction_aware_thompson/seed73.json,258,0
biodolphin_Kd,random_pair,73,lipid_ssl,rbf,variance_reduction,4,120,0.7983144248656876,1.0147449917912945,0.35496589572100345,0.9017341040462428,0.19642857142857142,0.1294642857142857,results/adaptation_study/runs/biodolphin_Kd/random_pair/lipid_ssl/rbf/variance_reduction/seed73.json,258,0
biodolphin_Kd,random_pair,73,lipid_ssl,matern32,random,4,120,0.8192969372196408,0.9646500227953335,0.4731473701109138,0.8786127167630058,0.19642857142857142,0.13392857142857142,results/adaptation_study/runs/biodolphin_Kd/random_pair/lipid_ssl/matern32/random/seed73.json,258,0
biodolphin_Kd,random_pair,73,lipid_ssl,matern32,uncertainty,4,120,1.0551050916802576,1.1471243965287723,0.29815886315389817,0.8786127167630058,0.125,0.08035714285714285,results/adaptation_study/runs/biodolphin_Kd/random_pair/lipid_ssl/matern32/uncertainty/seed73.json,258,0
biodolphin_Kd,random_pair,73,lipid_ssl,matern32,ucb_balanced,4,120,1.1692864493926873,1.2191304613420881,0.19808409084873124,0.8959537572254336,0.7142857142857143,0.5334821428571428,results/adaptation_study/runs/biodolphin_Kd/random_pair/lipid_ssl/matern32/ucb_balanced/seed73.json,258,0
biodolphin_Kd,random_pair,73,lipid_ssl,matern32,thompson,4,120,1.1435647796944397,1.0816032668412905,0.3454339022759967,0.9017341040462428,0.6071428571428571,0.33705357142857145,results/adaptation_study/runs/biodolphin_Kd/random_pair/lipid_ssl/matern32/thompson/seed73.json,258,0
biodolphin_Kd,random_pair,73,lipid_ssl,matern32,prediction_aware_thompson,4,120,0.9674566421504864,1.06581559185633,0.30400065773384666,0.884393063583815,0.6428571428571429,0.2611607142857143,results/adaptation_study/runs/biodolphin_Kd/random_pair/lipid_ssl/matern32/prediction_aware_thompson/seed73.json,258,0
biodolphin_Kd,random_pair,73,lipid_ssl,matern32,variance_reduction,4,120,0.7577959926442289,1.0031997163745014,0.38444871050368923,0.8786127167630058,0.19642857142857142,0.13392857142857142,results/adaptation_study/runs/biodolphin_Kd/random_pair/lipid_ssl/matern32/variance_reduction/seed73.json,258,0
biodolphin_Kd,random_pair,73,initial_label_adapter,linear,random,4,120,0.8319044784528317,0.9518371653427439,0.48470265346903885,0.8901734104046243,0.19642857142857142,0.13392857142857142,results/adaptation_study/runs/biodolphin_Kd/random_pair/initial_label_adapter/linear/random/seed73.json,258,0
biodolphin_Kd,random_pair,73,initial_label_adapter,linear,uncertainty,4,120,0.8803701431677741,1.016302893379407,0.4452919437650621,0.9364161849710982,0.125,0.08035714285714285,results/adaptation_study/runs/biodolphin_Kd/random_pair/initial_label_adapter/linear/uncertainty/seed73.json,258,0
biodolphin_Kd,random_pair,73,initial_label_adapter,linear,ucb_balanced,4,120,1.085039680775226,1.1277670399915172,0.2817143664195467,0.9132947976878613,0.7142857142857143,0.5513392857142857,results/adaptation_study/runs/biodolphin_Kd/random_pair/initial_label_adapter/linear/ucb_balanced/seed73.json,258,0
biodolphin_Kd,random_pair,73,initial_label_adapter,linear,thompson,4,120,1.0375913113104152,1.0732558873169327,0.3582808003050231,0.976878612716763,0.42857142857142855,0.25223214285714285,results/adaptation_study/runs/biodolphin_Kd/random_pair/initial_label_adapter/linear/thompson/seed73.json,258,0
biodolphin_Kd,random_pair,73,initial_label_adapter,linear,prediction_aware_thompson,4,120,0.8003695052793316,0.9424866318197477,0.469993934616994,0.9132947976878613,0.375,0.1875,results/adaptation_study/runs/biodolphin_Kd/random_pair/initial_label_adapter/linear/prediction_aware_thompson/seed73.json,258,0
biodolphin_Kd,random_pair,73,initial_label_adapter,linear,variance_reduction,4,120,0.7597733604084478,0.9734817145749022,0.4452096585805123,0.8901734104046243,0.25,0.1450892857142857,results/adaptation_study/runs/biodolphin_Kd/random_pair/initial_label_adapter/linear/variance_reduction/seed73.json,258,0
biodolphin_Kd,random_pair,73,initial_label_adapter,rbf,random,4,120,0.8200700259780382,0.9590399575835937,0.47767609436453906,0.884393063583815,0.19642857142857142,0.13392857142857142,results/adaptation_study/runs/biodolphin_Kd/random_pair/initial_label_adapter/rbf/random/seed73.json,258,0
biodolphin_Kd,random_pair,73,initial_label_adapter,rbf,uncertainty,4,120,1.0741629135894075,1.1455466140386057,0.30357726314250966,0.8728323699421965,0.14285714285714285,0.08258928571428571,results/adaptation_study/runs/biodolphin_Kd/random_pair/initial_label_adapter/rbf/uncertainty/seed73.json,258,0
biodolphin_Kd,random_pair,73,initial_label_adapter,rbf,ucb_balanced,4,120,1.119968590478981,1.1652901364742962,0.26079221486775506,0.9075144508670521,0.5892857142857143,0.48214285714285704,results/adaptation_study/runs/biodolphin_Kd/random_pair/initial_label_adapter/rbf/ucb_balanced/seed73.json,258,0
biodolphin_Kd,random_pair,73,initial_label_adapter,rbf,thompson,4,120,1.1611404322950776,1.136267460677388,0.29494930970067346,0.8959537572254336,0.5892857142857143,0.33035714285714285,results/adaptation_study/runs/biodolphin_Kd/random_pair/initial_label_adapter/rbf/thompson/seed73.json,258,0
biodolphin_Kd,random_pair,73,initial_label_adapter,rbf,prediction_aware_thompson,4,120,0.9902290957829781,1.0817975693558928,0.29839620542599177,0.838150289017341,0.5357142857142857,0.265625,results/adaptation_study/runs/biodolphin_Kd/random_pair/initial_label_adapter/rbf/prediction_aware_thompson/seed73.json,258,0
biodolphin_Kd,random_pair,73,initial_label_adapter,rbf,variance_reduction,4,120,0.7892260144797719,1.0100017958065923,0.36021627204131346,0.9017341040462428,0.19642857142857142,0.125,results/adaptation_study/runs/biodolphin_Kd/random_pair/initial_label_adapter/rbf/variance_reduction/seed73.json,258,0
biodolphin_Kd,random_pair,73,initial_label_adapter,matern32,random,4,120,0.8191139881845272,0.9639443751942772,0.4735665176798646,0.8786127167630058,0.19642857142857142,0.13392857142857142,results/adaptation_study/runs/biodolphin_Kd/random_pair/initial_label_adapter/matern32/random/seed73.json,258,0
biodolphin_Kd,random_pair,73,initial_label_adapter,matern32,uncertainty,4,120,1.0624456859892022,1.142875422036295,0.30165922303413084,0.884393063583815,0.125,0.08035714285714285,results/adaptation_study/runs/biodolphin_Kd/random_pair/initial_label_adapter/matern32/uncertainty/seed73.json,258,0
biodolphin_Kd,random_pair,73,initial_label_adapter,matern32,ucb_balanced,4,120,1.0764837606948483,1.1420873415446842,0.29747838742366584,0.9421965317919075,0.6607142857142857,0.5178571428571429,results/adaptation_study/runs/biodolphin_Kd/random_pair/initial_label_adapter/matern32/ucb_balanced/seed73.json,258,0
biodolphin_Kd,random_pair,73,initial_label_adapter,matern32,thompson,4,120,1.177475071105511,1.1347692392177908,0.28175930184082754,0.8439306358381503,0.5892857142857143,0.29910714285714285,results/adaptation_study/runs/biodolphin_Kd/random_pair/initial_label_adapter/matern32/thompson/seed73.json,258,0
biodolphin_Kd,random_pair,73,initial_label_adapter,matern32,prediction_aware_thompson,4,120,0.8276247767487486,1.0104419552979684,0.3812294765731068,0.8728323699421965,0.2857142857142857,0.21651785714285718,results/adaptation_study/runs/biodolphin_Kd/random_pair/initial_label_adapter/matern32/prediction_aware_thompson/seed73.json,258,0
biodolphin_Kd,random_pair,73,initial_label_adapter,matern32,variance_reduction,4,120,0.7435558671432032,0.9919894920300527,0.39450292710688895,0.884393063583815,0.19642857142857142,0.1294642857142857,results/adaptation_study/runs/biodolphin_Kd/random_pair/initial_label_adapter/matern32/variance_reduction/seed73.json,258,0
biodolphin_Kd,random_pair,101,frozen_mlm,linear,random,4,120,1.1394077566142486,1.0531714308399196,0.41560198015882166,0.884393063583815,0.19642857142857142,0.07589285714285714,results/robust_study_v2/runs/biodolphin_Kd/random_pair/esm2_35m/chemberta_mlm/linear/random/seed101.json,258,0
biodolphin_Kd,random_pair,101,frozen_mlm,linear,uncertainty,4,120,1.291087169874514,1.182376280622645,0.2852578448610543,0.8670520231213873,0.07142857142857142,0.024553571428571425,results/robust_study_v2/runs/biodolphin_Kd/random_pair/esm2_35m/chemberta_mlm/linear/uncertainty/seed101.json,258,0
biodolphin_Kd,random_pair,101,frozen_mlm,linear,ucb_balanced,4,120,1.2558161347109107,1.1466275283359655,0.3227808019936057,0.9017341040462428,0.6071428571428571,0.43526785714285715,results/robust_study_v2/runs/biodolphin_Kd/random_pair/esm2_35m/chemberta_mlm/linear/ucb_balanced/seed101.json,258,0
biodolphin_Kd,random_pair,101,frozen_mlm,linear,thompson,4,120,1.098533568988959,0.9918101406176296,0.4518848987594364,0.9190751445086706,0.35714285714285715,0.1808035714285714,results/robust_study_v2/runs/biodolphin_Kd/random_pair/esm2_35m/chemberta_mlm/linear/thompson/seed101.json,258,0
biodolphin_Kd,random_pair,101,frozen_mlm,linear,prediction_aware_thompson,4,120,1.095098351371024,1.1037521990616144,0.3056148090197943,0.8265895953757225,0.19642857142857142,0.13392857142857142,results/robust_study_v2/runs/biodolphin_Kd/random_pair/esm2_35m/chemberta_mlm/linear/prediction_aware_thompson/seed101.json,258,0
biodolphin_Kd,random_pair,101,frozen_mlm,linear,variance_reduction,4,120,1.0732692405849587,1.1431566871064762,0.3131043577897291,0.8497109826589595,0.14285714285714285,0.08258928571428571,results/robust_study_v2/runs/biodolphin_Kd/random_pair/esm2_35m/chemberta_mlm/linear/variance_reduction/seed101.json,258,0
biodolphin_Kd,random_pair,101,frozen_mlm,rbf,random,4,120,1.1286570402978677,1.0437961054582952,0.4200470580564889,0.8786127167630058,0.19642857142857142,0.07589285714285714,results/robust_study_v2/runs/biodolphin_Kd/random_pair/esm2_35m/chemberta_mlm/rbf/random/seed101.json,258,0
biodolphin_Kd,random_pair,101,frozen_mlm,rbf,uncertainty,4,120,1.1875874678059952,1.1906275875644967,0.26190996614594775,0.8092485549132948,0.03571428571428571,0.024553571428571428,results/robust_study_v2/runs/biodolphin_Kd/random_pair/esm2_35m/chemberta_mlm/rbf/uncertainty/seed101.json,258,0
biodolphin_Kd,random_pair,101,frozen_mlm,rbf,ucb_balanced,4,120,1.2321463633924814,1.2639423462812067,0.19151193163767388,0.8497109826589595,0.5535714285714286,0.45535714285714285,results/robust_study_v2/runs/biodolphin_Kd/random_pair/esm2_35m/chemberta_mlm/rbf/ucb_balanced/seed101.json,258,0
biodolphin_Kd,random_pair,101,frozen_mlm,rbf,thompson,4,120,1.1943490883397487,1.1479804786362262,0.29442221939897706,0.8323699421965318,0.39285714285714285,0.18973214285714288,results/robust_study_v2/runs/biodolphin_Kd/random_pair/esm2_35m/chemberta_mlm/rbf/thompson/seed101.json,258,0
biodolphin_Kd,random_pair,101,frozen_mlm,rbf,prediction_aware_thompson,4,120,1.1454720858376204,1.2362485790591025,0.2141193129770388,0.8092485549132948,0.5357142857142857,0.234375,results/robust_study_v2/runs/biodolphin_Kd/random_pair/esm2_35m/chemberta_mlm/rbf/prediction_aware_thompson/seed101.json,258,0
biodolphin_Kd,random_pair,101,frozen_mlm,rbf,variance_reduction,4,120,1.0724029517064062,1.1424830254685177,0.3218378319618673,0.8497109826589595,0.16071428571428573,0.0892857142857143,results/robust_study_v2/runs/biodolphin_Kd/random_pair/esm2_35m/chemberta_mlm/rbf/variance_reduction/seed101.json,258,0
biodolphin_Kd,random_pair,101,frozen_mlm,matern32,random,4,120,1.1219671916417056,1.0309190370852426,0.42930408109238316,0.884393063583815,0.19642857142857142,0.07589285714285714,results/robust_study_v2/runs/biodolphin_Kd/random_pair/esm2_35m/chemberta_mlm/matern32/random/seed101.json,258,0
biodolphin_Kd,random_pair,101,frozen_mlm,matern32,uncertainty,4,120,1.1865443886521119,1.1593785710596072,0.29951558670616274,0.884393063583815,0.125,0.044642857142857144,results/robust_study_v2/runs/biodolphin_Kd/random_pair/esm2_35m/chemberta_mlm/matern32/uncertainty/seed101.json,258,0
biodolphin_Kd,random_pair,101,frozen_mlm,matern32,ucb_balanced,4,120,1.24052849198842,1.218952144495521,0.24386865214382691,0.8554913294797688,0.5535714285714286,0.45535714285714285,results/robust_study_v2/runs/biodolphin_Kd/random_pair/esm2_35m/chemberta_mlm/matern32/ucb_balanced/seed101.json,258,0
biodolphin_Kd,random_pair,101,frozen_mlm,matern32,thompson,4,120,1.1928392213311476,1.1458933289011106,0.3063169542471691,0.838150289017341,0.48214285714285715,0.20535714285714288,results/robust_study_v2/runs/biodolphin_Kd/random_pair/esm2_35m/chemberta_mlm/matern32/thompson/seed101.json,258,0
biodolphin_Kd,random_pair,101,frozen_mlm,matern32,prediction_aware_thompson,4,120,1.1283517246162327,1.2338641332058435,0.21226598388297113,0.8092485549132948,0.5357142857142857,0.20758928571428573,results/robust_study_v2/runs/biodolphin_Kd/random_pair/esm2_35m/chemberta_mlm/matern32/prediction_aware_thompson/seed101.json,258,0
biodolphin_Kd,random_pair,101,frozen_mlm,matern32,variance_reduction,4,120,1.0850449323318994,1.1930169012598868,0.20993780668287676,0.8092485549132948,0.17857142857142858,0.09151785714285714,results/robust_study_v2/runs/biodolphin_Kd/random_pair/esm2_35m/chemberta_mlm/matern32/variance_reduction/seed101.json,258,0
biodolphin_Kd,random_pair,101,lipid_ssl,linear,random,4,120,1.1393400121168253,1.0527003279947391,0.41756382959400773,0.8786127167630058,0.19642857142857142,0.07589285714285714,results/adaptation_study/runs/biodolphin_Kd/random_pair/lipid_ssl/linear/random/seed101.json,258,0
biodolphin_Kd,random_pair,101,lipid_ssl,linear,uncertainty,4,120,1.2544669018638106,1.1492643689375708,0.3159246807533095,0.861271676300578,0.08928571428571429,0.026785714285714284,results/adaptation_study/runs/biodolphin_Kd/random_pair/lipid_ssl/linear/uncertainty/seed101.json,258,0
biodolphin_Kd,random_pair,101,lipid_ssl,linear,ucb_balanced,4,120,1.3413943627559346,1.1658057669057291,0.2935639079570658,0.9017341040462428,0.6071428571428571,0.43526785714285715,results/adaptation_study/runs/biodolphin_Kd/random_pair/lipid_ssl/linear/ucb_balanced/seed101.json,258,0
biodolphin_Kd,random_pair,101,lipid_ssl,linear,thompson,4,120,1.1222259134899217,0.9917392467960249,0.4443372462601841,0.9017341040462428,0.35714285714285715,0.1808035714285714,results/adaptation_study/runs/biodolphin_Kd/random_pair/lipid_ssl/linear/thompson/seed101.json,258,0
biodolphin_Kd,random_pair,101,lipid_ssl,linear,prediction_aware_thompson,4,120,1.0759894011271702,1.038171158476945,0.4105928848115076,0.8786127167630058,0.21428571428571427,0.1450892857142857,results/adaptation_study/runs/biodolphin_Kd/random_pair/lipid_ssl/linear/prediction_aware_thompson/seed101.json,258,0
biodolphin_Kd,random_pair,101,lipid_ssl,linear,variance_reduction,4,120,1.0761483255427808,1.1452996053207194,0.3069330862157964,0.861271676300578,0.14285714285714285,0.08258928571428571,results/adaptation_study/runs/biodolphin_Kd/random_pair/lipid_ssl/linear/variance_reduction/seed101.json,258,0
biodolphin_Kd,random_pair,101,lipid_ssl,rbf,random,4,120,1.1285178370934656,1.0445199868760726,0.41988841006352084,0.8786127167630058,0.19642857142857142,0.07589285714285714,results/adaptation_study/runs/biodolphin_Kd/random_pair/lipid_ssl/rbf/random/seed101.json,258,0
biodolphin_Kd,random_pair,101,lipid_ssl,rbf,uncertainty,4,120,1.1895138111201917,1.1928524387178037,0.26309638033481064,0.8092485549132948,0.03571428571428571,0.024553571428571428,results/adaptation_study/runs/biodolphin_Kd/random_pair/lipid_ssl/rbf/uncertainty/seed101.json,258,0
biodolphin_Kd,random_pair,101,lipid_ssl,rbf,ucb_balanced,4,120,1.2162001445547241,1.2032243716536837,0.26062414669342826,0.8786127167630058,0.5535714285714286,0.45535714285714285,results/adaptation_study/runs/biodolphin_Kd/random_pair/lipid_ssl/rbf/ucb_balanced/seed101.json,258,0
biodolphin_Kd,random_pair,101,lipid_ssl,rbf,thompson,4,120,1.2075345173174619,1.1436797335722293,0.32001483104256034,0.8323699421965318,0.375,0.18303571428571427,results/adaptation_study/runs/biodolphin_Kd/random_pair/lipid_ssl/rbf/thompson/seed101.json,258,0
biodolphin_Kd,random_pair,101,lipid_ssl,rbf,prediction_aware_thompson,4,120,1.1629833554979236,1.1933437062530727,0.25315163276496433,0.838150289017341,0.48214285714285715,0.23660714285714288,results/adaptation_study/runs/biodolphin_Kd/random_pair/lipid_ssl/rbf/prediction_aware_thompson/seed101.json,258,0
biodolphin_Kd,random_pair,101,lipid_ssl,rbf,variance_reduction,4,120,1.0663320469680113,1.1314260317188165,0.3277046945683365,0.8554913294797688,0.16071428571428573,0.0892857142857143,results/adaptation_study/runs/biodolphin_Kd/random_pair/lipid_ssl/rbf/variance_reduction/seed101.json,258,0
biodolphin_Kd,random_pair,101,lipid_ssl,matern32,random,4,120,1.1219018819475002,1.031010374541893,0.4295060853179069,0.884393063583815,0.19642857142857142,0.07589285714285714,results/adaptation_study/runs/biodolphin_Kd/random_pair/lipid_ssl/matern32/random/seed101.json,258,0
biodolphin_Kd,random_pair,101,lipid_ssl,matern32,uncertainty,4,120,1.1989759425522466,1.1514052936262622,0.286614130450083,0.8034682080924855,0.10714285714285714,0.033482142857142856,results/adaptation_study/runs/biodolphin_Kd/random_pair/lipid_ssl/matern32/uncertainty/seed101.json,258,0
biodolphin_Kd,random_pair,101,lipid_ssl,matern32,ucb_balanced,4,120,1.225025096749955,1.2098406959773773,0.24901998183504037,0.8497109826589595,0.5535714285714286,0.4508928571428572,results/adaptation_study/runs/biodolphin_Kd/random_pair/lipid_ssl/matern32/ucb_balanced/seed101.json,258,0
biodolphin_Kd,random_pair,101,lipid_ssl,matern32,thompson,4,120,1.1960738636085708,1.1331942198140983,0.2955049187249469,0.8728323699421965,0.39285714285714285,0.1941964285714286,results/adaptation_study/runs/biodolphin_Kd/random_pair/lipid_ssl/matern32/thompson/seed101.json,258,0
biodolphin_Kd,random_pair,101,lipid_ssl,matern32,prediction_aware_thompson,4,120,1.1432481098700586,1.157242551041771,0.2666232631062311,0.8034682080924855,0.375,0.17857142857142858,results/adaptation_study/runs/biodolphin_Kd/random_pair/lipid_ssl/matern32/prediction_aware_thompson/seed101.json,258,0
biodolphin_Kd,random_pair,101,lipid_ssl,matern32,variance_reduction,4,120,1.085065497826566,1.1939384007356906,0.2092085341521397,0.8092485549132948,0.17857142857142858,0.09151785714285714,results/adaptation_study/runs/biodolphin_Kd/random_pair/lipid_ssl/matern32/variance_reduction/seed101.json,258,0
biodolphin_Kd,random_pair,101,initial_label_adapter,linear,random,4,120,1.1394313786983938,1.0531243642467163,0.41562581596664905,0.884393063583815,0.19642857142857142,0.07589285714285714,results/adaptation_study/runs/biodolphin_Kd/random_pair/initial_label_adapter/linear/random/seed101.json,258,0
biodolphin_Kd,random_pair,101,initial_label_adapter,linear,uncertainty,4,120,1.326237735002837,1.197105689888919,0.2370476146493844,0.8786127167630058,0.03571428571428571,0.020089285714285712,results/adaptation_study/runs/biodolphin_Kd/random_pair/initial_label_adapter/linear/uncertainty/seed101.json,258,0
biodolphin_Kd,random_pair,101,initial_label_adapter,linear,ucb_balanced,4,120,1.2557498200013013,1.1464719197831548,0.32288406633599265,0.9017341040462428,0.6071428571428571,0.43526785714285715,results/adaptation_study/runs/biodolphin_Kd/random_pair/initial_label_adapter/linear/ucb_balanced/seed101.json,258,0
biodolphin_Kd,random_pair,101,initial_label_adapter,linear,thompson,4,120,1.0985083280948842,0.9917514523128836,0.45187703111223265,0.9190751445086706,0.35714285714285715,0.1808035714285714,results/adaptation_study/runs/biodolphin_Kd/random_pair/initial_label_adapter/linear/thompson/seed101.json,258,0
biodolphin_Kd,random_pair,101,initial_label_adapter,linear,prediction_aware_thompson,4,120,1.0951709994492504,1.1037647196534512,0.30563831997309665,0.8265895953757225,0.19642857142857142,0.13392857142857142,results/adaptation_study/runs/biodolphin_Kd/random_pair/initial_label_adapter/linear/prediction_aware_thompson/seed101.json,258,0
biodolphin_Kd,random_pair,101,initial_label_adapter,linear,variance_reduction,4,120,1.0732711930065708,1.1432110498310617,0.31304745671376377,0.8497109826589595,0.14285714285714285,0.08258928571428571,results/adaptation_study/runs/biodolphin_Kd/random_pair/initial_label_adapter/linear/variance_reduction/seed101.json,258,0
biodolphin_Kd,random_pair,101,initial_label_adapter,rbf,random,4,120,1.1877416830356282,1.1387177081521918,0.30301633858395305,0.861271676300578,0.19642857142857142,0.07589285714285714,results/adaptation_study/runs/biodolphin_Kd/random_pair/initial_label_adapter/rbf/random/seed101.json,258,0
biodolphin_Kd,random_pair,101,initial_label_adapter,rbf,uncertainty,4,120,1.1875636341370142,1.190619677118414,0.2619135118117373,0.8092485549132948,0.03571428571428571,0.024553571428571428,results/adaptation_study/runs/biodolphin_Kd/random_pair/initial_label_adapter/rbf/uncertainty/seed101.json,258,0
biodolphin_Kd,random_pair,101,initial_label_adapter,rbf,ucb_balanced,4,120,1.2321374378360712,1.2639416701331645,0.19150520088782186,0.8497109826589595,0.5535714285714286,0.45535714285714285,results/adaptation_study/runs/biodolphin_Kd/random_pair/initial_label_adapter/rbf/ucb_balanced/seed101.json,258,0
biodolphin_Kd,random_pair,101,initial_label_adapter,rbf,thompson,4,120,1.1943447993763208,1.1479705652610468,0.2944026473498893,0.8323699421965318,0.39285714285714285,0.18973214285714288,results/adaptation_study/runs/biodolphin_Kd/random_pair/initial_label_adapter/rbf/thompson/seed101.json,258,0
biodolphin_Kd,random_pair,101,initial_label_adapter,rbf,prediction_aware_thompson,4,120,1.145460361054486,1.2362490667847008,0.21411225921014765,0.8092485549132948,0.5357142857142857,0.234375,results/adaptation_study/runs/biodolphin_Kd/random_pair/initial_label_adapter/rbf/prediction_aware_thompson/seed101.json,258,0
biodolphin_Kd,random_pair,101,initial_label_adapter,rbf,variance_reduction,4,120,1.0724076319705802,1.1425450030048951,0.3217784418438929,0.8497109826589595,0.16071428571428573,0.0892857142857143,results/adaptation_study/runs/biodolphin_Kd/random_pair/initial_label_adapter/rbf/variance_reduction/seed101.json,258,0
biodolphin_Kd,random_pair,101,initial_label_adapter,matern32,random,4,120,1.1219905468184848,1.0308925026358675,0.4292718910797052,0.884393063583815,0.19642857142857142,0.07589285714285714,results/adaptation_study/runs/biodolphin_Kd/random_pair/initial_label_adapter/matern32/random/seed101.json,258,0
biodolphin_Kd,random_pair,101,initial_label_adapter,matern32,uncertainty,4,120,1.1857043064430084,1.1470463231512704,0.3117832494950519,0.8786127167630058,0.125,0.044642857142857144,results/adaptation_study/runs/biodolphin_Kd/random_pair/initial_label_adapter/matern32/uncertainty/seed101.json,258,0
biodolphin_Kd,random_pair,101,initial_label_adapter,matern32,ucb_balanced,4,120,1.2828617848427788,1.2913881275052899,0.16823679101536648,0.838150289017341,0.5535714285714286,0.45535714285714285,results/adaptation_study/runs/biodolphin_Kd/random_pair/initial_label_adapter/matern32/ucb_balanced/seed101.json,258,0
biodolphin_Kd,random_pair,101,initial_label_adapter,matern32,thompson,4,120,1.1928181835575302,1.145827774677247,0.30627029176661513,0.8323699421965318,0.48214285714285715,0.20535714285714288,results/adaptation_study/runs/biodolphin_Kd/random_pair/initial_label_adapter/matern32/thompson/seed101.json,258,0
biodolphin_Kd,random_pair,101,initial_label_adapter,matern32,prediction_aware_thompson,4,120,1.1283385110638608,1.2338645694593857,0.2122588038090295,0.8092485549132948,0.5357142857142857,0.20758928571428573,results/adaptation_study/runs/biodolphin_Kd/random_pair/initial_label_adapter/matern32/prediction_aware_thompson/seed101.json,258,0
biodolphin_Kd,random_pair,101,initial_label_adapter,matern32,variance_reduction,4,120,1.0850273679985565,1.1930018174665147,0.20994537788509926,0.8092485549132948,0.17857142857142858,0.09151785714285714,results/adaptation_study/runs/biodolphin_Kd/random_pair/initial_label_adapter/matern32/variance_reduction/seed101.json,258,0
biodolphin_Kd,random_pair,137,frozen_mlm,linear,random,4,120,0.8583931101372949,0.8940073004899196,0.4400524251982397,0.9075144508670521,0.3392857142857143,0.171875,results/robust_study_v2/runs/biodolphin_Kd/random_pair/esm2_35m/chemberta_mlm/linear/random/seed137.json,258,0
biodolphin_Kd,random_pair,137,frozen_mlm,linear,uncertainty,4,120,1.0125902781586542,0.9853999959382712,0.447789139150384,0.953757225433526,0.10714285714285714,0.08482142857142856,results/robust_study_v2/runs/biodolphin_Kd/random_pair/esm2_35m/chemberta_mlm/linear/uncertainty/seed137.json,258,0
biodolphin_Kd,random_pair,137,frozen_mlm,linear,ucb_balanced,4,120,0.9782755383354349,0.9862820023422945,0.4453472566957942,0.9248554913294798,0.7678571428571429,0.5825892857142857,results/robust_study_v2/runs/biodolphin_Kd/random_pair/esm2_35m/chemberta_mlm/linear/ucb_balanced/seed137.json,258,0
biodolphin_Kd,random_pair,137,frozen_mlm,linear,thompson,4,120,0.9940107248863399,1.006633317331577,0.3987354062332009,0.9075144508670521,0.6607142857142857,0.46205357142857145,results/robust_study_v2/runs/biodolphin_Kd/random_pair/esm2_35m/chemberta_mlm/linear/thompson/seed137.json,258,0
biodolphin_Kd,random_pair,137,frozen_mlm,linear,prediction_aware_thompson,4,120,0.7822376684523029,0.9150379934081695,0.5143382729530432,0.9364161849710982,0.32142857142857145,0.23660714285714288,results/robust_study_v2/runs/biodolphin_Kd/random_pair/esm2_35m/chemberta_mlm/linear/prediction_aware_thompson/seed137.json,258,0
biodolphin_Kd,random_pair,137,frozen_mlm,linear,variance_reduction,4,120,0.7498900066720509,0.8998672023899051,0.5041993706667207,0.9421965317919075,0.42857142857142855,0.1875,results/robust_study_v2/runs/biodolphin_Kd/random_pair/esm2_35m/chemberta_mlm/linear/variance_reduction/seed137.json,258,0
biodolphin_Kd,random_pair,137,frozen_mlm,rbf,random,4,120,1.4584699514726267,1.4966543328658077,0.001557078154562297,0.9710982658959537,0.3392857142857143,0.171875,results/robust_study_v2/runs/biodolphin_Kd/random_pair/esm2_35m/chemberta_mlm/rbf/random/seed137.json,258,0
biodolphin_Kd,random_pair,137,frozen_mlm,rbf,uncertainty,4,120,1.4610682435783737,1.4939575452755824,-0.030283349577160168,0.9132947976878613,0.25,0.13392857142857142,results/robust_study_v2/runs/biodolphin_Kd/random_pair/esm2_35m/chemberta_mlm/rbf/uncertainty/seed137.json,258,0
biodolphin_Kd,random_pair,137,frozen_mlm,rbf,ucb_balanced,4,120,1.0167474599539044,1.0095537291149341,0.3472593167600456,0.930635838150289,0.6071428571428571,0.46874999999999994,results/robust_study_v2/runs/biodolphin_Kd/random_pair/esm2_35m/chemberta_mlm/rbf/ucb_balanced/seed137.json,258,0
biodolphin_Kd,random_pair,137,frozen_mlm,rbf,thompson,4,120,1.067878741170051,1.1025059040643885,0.30777383765861044,0.953757225433526,0.5714285714285714,0.41071428571428575,results/robust_study_v2/runs/biodolphin_Kd/random_pair/esm2_35m/chemberta_mlm/rbf/thompson/seed137.json,258,0
biodolphin_Kd,random_pair,137,frozen_mlm,rbf,prediction_aware_thompson,4,120,0.9850620570185914,1.0291289543808655,0.37910123139764396,0.930635838150289,0.5892857142857143,0.453125,results/robust_study_v2/runs/biodolphin_Kd/random_pair/esm2_35m/chemberta_mlm/rbf/prediction_aware_thompson/seed137.json,258,0
biodolphin_Kd,random_pair,137,frozen_mlm,rbf,variance_reduction,4,120,0.8410311896650307,0.9896222909666267,0.39573986839232755,0.930635838150289,0.5357142857142857,0.26339285714285715,results/robust_study_v2/runs/biodolphin_Kd/random_pair/esm2_35m/chemberta_mlm/rbf/variance_reduction/seed137.json,258,0
biodolphin_Kd,random_pair,137,frozen_mlm,matern32,random,4,120,1.4584696598975657,1.496653951825404,0.001557476866783647,0.9710982658959537,0.3392857142857143,0.171875,results/robust_study_v2/runs/biodolphin_Kd/random_pair/esm2_35m/chemberta_mlm/matern32/random/seed137.json,258,0
biodolphin_Kd,random_pair,137,frozen_mlm,matern32,uncertainty,4,120,1.4582479050858348,1.4926414899563647,-0.0263219950510305,0.9132947976878613,0.26785714285714285,0.140625,results/robust_study_v2/runs/biodolphin_Kd/random_pair/esm2_35m/chemberta_mlm/matern32/uncertainty/seed137.json,258,0
biodolphin_Kd,random_pair,137,frozen_mlm,matern32,ucb_balanced,4,120,1.0886193483376063,1.025428650782372,0.37269522523420784,0.9190751445086706,0.6428571428571429,0.4866071428571428,results/robust_study_v2/runs/biodolphin_Kd/random_pair/esm2_35m/chemberta_mlm/matern32/ucb_balanced/seed137.json,258,0
biodolphin_Kd,random_pair,137,frozen_mlm,matern32,thompson,4,120,1.0678779169175332,1.102505621964752,0.30777437112321315,0.953757225433526,0.5714285714285714,0.41071428571428575,results/robust_study_v2/runs/biodolphin_Kd/random_pair/esm2_35m/chemberta_mlm/matern32/thompson/seed137.json,258,0
biodolphin_Kd,random_pair,137,frozen_mlm,matern32,prediction_aware_thompson,4,120,0.9068698530118281,0.993204947511356,0.4056572861368746,0.8901734104046243,0.5714285714285714,0.45089285714285715,results/robust_study_v2/runs/biodolphin_Kd/random_pair/esm2_35m/chemberta_mlm/matern32/prediction_aware_thompson/seed137.json,258,0
biodolphin_Kd,random_pair,137,frozen_mlm,matern32,variance_reduction,4,120,0.8053496785960478,0.974222312098608,0.3765898055797503,0.9017341040462428,0.30357142857142855,0.1763392857142857,results/robust_study_v2/runs/biodolphin_Kd/random_pair/esm2_35m/chemberta_mlm/matern32/variance_reduction/seed137.json,258,0
biodolphin_Kd,random_pair,137,lipid_ssl,linear,random,4,120,0.8559356644219979,0.8998795908466939,0.42792213873283824,0.9132947976878613,0.3392857142857143,0.171875,results/adaptation_study/runs/biodolphin_Kd/random_pair/lipid_ssl/linear/random/seed137.json,258,0
biodolphin_Kd,random_pair,137,lipid_ssl,linear,uncertainty,4,120,1.0578554845018018,1.0101226209043492,0.4212601902944054,0.9421965317919075,0.08928571428571429,0.0825892857142857,results/adaptation_study/runs/biodolphin_Kd/random_pair/lipid_ssl/linear/uncertainty/seed137.json,258,0
biodolphin_Kd,random_pair,137,lipid_ssl,linear,ucb_balanced,4,120,0.9414159903385322,0.9737240802184235,0.45127327809596174,0.8901734104046243,0.7857142857142857,0.5892857142857143,results/adaptation_study/runs/biodolphin_Kd/random_pair/lipid_ssl/linear/ucb_balanced/seed137.json,258,0
biodolphin_Kd,random_pair,137,lipid_ssl,linear,thompson,4,120,0.9940263052394416,0.9608777415901613,0.4548307056274562,0.9075144508670521,0.6785714285714286,0.46875000000000006,results/adaptation_study/runs/biodolphin_Kd/random_pair/lipid_ssl/linear/thompson/seed137.json,258,0
biodolphin_Kd,random_pair,137,lipid_ssl,linear,prediction_aware_thompson,4,120,0.7565371341788322,0.9064420678290932,0.5006681388112488,0.9248554913294798,0.39285714285714285,0.26339285714285715,results/adaptation_study/runs/biodolphin_Kd/random_pair/lipid_ssl/linear/prediction_aware_thompson/seed137.json,258,0
biodolphin_Kd,random_pair,137,lipid_ssl,linear,variance_reduction,4,120,0.7644199373227777,0.9238219053004957,0.5309615508018539,0.9595375722543352,0.4107142857142857,0.18973214285714288,results/adaptation_study/runs/biodolphin_Kd/random_pair/lipid_ssl/linear/variance_reduction/seed137.json,258,0
biodolphin_Kd,random_pair,137,lipid_ssl,rbf,random,4,120,1.4584697867010863,1.4966541200795913,0.0015572987055019194,0.9710982658959537,0.3392857142857143,0.171875,results/adaptation_study/runs/biodolphin_Kd/random_pair/lipid_ssl/rbf/random/seed137.json,258,0
biodolphin_Kd,random_pair,137,lipid_ssl,rbf,uncertainty,4,120,1.4610682435783777,1.4939575452755824,-0.03028334957716483,0.9132947976878613,0.25,0.13392857142857142,results/adaptation_study/runs/biodolphin_Kd/random_pair/lipid_ssl/rbf/uncertainty/seed137.json,258,0
biodolphin_Kd,random_pair,137,lipid_ssl,rbf,ucb_balanced,4,120,1.0259102933443198,1.0029137813594942,0.34895994556697985,0.930635838150289,0.6071428571428571,0.46874999999999994,results/adaptation_study/runs/biodolphin_Kd/random_pair/lipid_ssl/rbf/ucb_balanced/seed137.json,258,0
biodolphin_Kd,random_pair,137,lipid_ssl,rbf,thompson,4,120,1.0678787415534299,1.102505904211651,0.3077738374201354,0.953757225433526,0.5714285714285714,0.41071428571428575,results/adaptation_study/runs/biodolphin_Kd/random_pair/lipid_ssl/rbf/thompson/seed137.json,258,0
biodolphin_Kd,random_pair,137,lipid_ssl,rbf,prediction_aware_thompson,4,120,1.0218151226831502,1.1215651210807027,0.28761968841578467,0.8554913294797688,0.5714285714285714,0.45089285714285715,results/adaptation_study/runs/biodolphin_Kd/random_pair/lipid_ssl/rbf/prediction_aware_thompson/seed137.json,258,0
biodolphin_Kd,random_pair,137,lipid_ssl,rbf,variance_reduction,4,120,0.8410954265600581,0.9909168261997825,0.3951880348325192,0.930635838150289,0.5357142857142857,0.26339285714285715,results/adaptation_study/runs/biodolphin_Kd/random_pair/lipid_ssl/rbf/variance_reduction/seed137.json,258,0
biodolphin_Kd,random_pair,137,lipid_ssl,matern32,random,4,120,1.4584696972833977,1.496653986051782,0.00155745179415967,0.9710982658959537,0.3392857142857143,0.171875,results/adaptation_study/runs/biodolphin_Kd/random_pair/lipid_ssl/matern32/random/seed137.json,258,0
biodolphin_Kd,random_pair,137,lipid_ssl,matern32,uncertainty,4,120,1.4563775886813588,1.491698239778633,-0.02215017548035836,0.9132947976878613,0.2857142857142857,0.14285714285714282,results/adaptation_study/runs/biodolphin_Kd/random_pair/lipid_ssl/matern32/uncertainty/seed137.json,258,0
biodolphin_Kd,random_pair,137,lipid_ssl,matern32,ucb_balanced,4,120,1.030439847073473,1.0041262278216758,0.3221199370640525,0.8786127167630058,0.6071428571428571,0.47321428571428564,results/adaptation_study/runs/biodolphin_Kd/random_pair/lipid_ssl/matern32/ucb_balanced/seed137.json,258,0
biodolphin_Kd,random_pair,137,lipid_ssl,matern32,thompson,4,120,1.0678781015932965,1.102505685092185,0.307774252181921,0.953757225433526,0.5714285714285714,0.41071428571428575,results/adaptation_study/runs/biodolphin_Kd/random_pair/lipid_ssl/matern32/thompson/seed137.json,258,0
biodolphin_Kd,random_pair,137,lipid_ssl,matern32,prediction_aware_thompson,4,120,0.9106477155694419,0.9730578635271445,0.4416558761273556,0.9017341040462428,0.5714285714285714,0.45089285714285715,results/adaptation_study/runs/biodolphin_Kd/random_pair/lipid_ssl/matern32/prediction_aware_thompson/seed137.json,258,0
biodolphin_Kd,random_pair,137,lipid_ssl,matern32,variance_reduction,4,120,0.8168441797272351,0.9871956210302981,0.37161486746645533,0.9017341040462428,0.32142857142857145,0.1785714285714286,results/adaptation_study/runs/biodolphin_Kd/random_pair/lipid_ssl/matern32/variance_reduction/seed137.json,258,0
biodolphin_Kd,random_pair,137,initial_label_adapter,linear,random,4,120,0.8584331246995345,0.8939894882533809,0.44009888441498524,0.9075144508670521,0.3392857142857143,0.171875,results/adaptation_study/runs/biodolphin_Kd/random_pair/initial_label_adapter/linear/random/seed137.json,258,0
biodolphin_Kd,random_pair,137,initial_label_adapter,linear,uncertainty,4,120,1.0127132375964996,0.9855174054447248,0.4424773534455745,0.953757225433526,0.10714285714285714,0.08482142857142856,results/adaptation_study/runs/biodolphin_Kd/random_pair/initial_label_adapter/linear/uncertainty/seed137.json,258,0
biodolphin_Kd,random_pair,137,initial_label_adapter,linear,ucb_balanced,4,120,0.978319095399378,0.9864298783964801,0.4451279377374351,0.9248554913294798,0.7678571428571429,0.5825892857142857,results/adaptation_study/runs/biodolphin_Kd/random_pair/initial_label_adapter/linear/ucb_balanced/seed137.json,258,0
biodolphin_Kd,random_pair,137,initial_label_adapter,linear,thompson,4,120,0.9942755317826947,1.0065623779218265,0.3987770349159252,0.9075144508670521,0.6607142857142857,0.46205357142857145,results/adaptation_study/runs/biodolphin_Kd/random_pair/initial_label_adapter/linear/thompson/seed137.json,258,0
biodolphin_Kd,random_pair,137,initial_label_adapter,linear,prediction_aware_thompson,4,120,0.8265872276292869,0.9432710051837165,0.4866189397218088,0.9248554913294798,0.39285714285714285,0.26785714285714285,results/adaptation_study/runs/biodolphin_Kd/random_pair/initial_label_adapter/linear/prediction_aware_thompson/seed137.json,258,0
biodolphin_Kd,random_pair,137,initial_label_adapter,linear,variance_reduction,4,120,0.7495053507679684,0.8996249754077849,0.5045337372993891,0.9421965317919075,0.42857142857142855,0.1875,results/adaptation_study/runs/biodolphin_Kd/random_pair/initial_label_adapter/linear/variance_reduction/seed137.json,258,0
biodolphin_Kd,random_pair,137,initial_label_adapter,rbf,random,4,120,1.458469143766753,1.4966519780009615,0.0015595484508685864,0.9710982658959537,0.3392857142857143,0.171875,results/adaptation_study/runs/biodolphin_Kd/random_pair/initial_label_adapter/rbf/random/seed137.json,258,0
biodolphin_Kd,random_pair,137,initial_label_adapter,rbf,uncertainty,4,120,1.4610680436384824,1.4939574022709314,-0.030283155796313688,0.9132947976878613,0.25,0.13392857142857142,results/adaptation_study/runs/biodolphin_Kd/random_pair/initial_label_adapter/rbf/uncertainty/seed137.json,258,0
biodolphin_Kd,random_pair,137,initial_label_adapter,rbf,ucb_balanced,4,120,1.0167593777093118,1.0096095170256807,0.3471337586869008,0.930635838150289,0.6071428571428571,0.46874999999999994,results/adaptation_study/runs/biodolphin_Kd/random_pair/initial_label_adapter/rbf/ucb_balanced/seed137.json,258,0
biodolphin_Kd,random_pair,137,initial_label_adapter,rbf,thompson,4,120,1.0678799151683658,1.1025036986251484,0.3077760463502539,0.953757225433526,0.5714285714285714,0.41071428571428575,results/adaptation_study/runs/biodolphin_Kd/random_pair/initial_label_adapter/rbf/thompson/seed137.json,258,0
biodolphin_Kd,random_pair,137,initial_label_adapter,rbf,prediction_aware_thompson,4,120,0.9850756902395539,1.029169164306413,0.37905053066723826,0.930635838150289,0.5892857142857143,0.453125,results/adaptation_study/runs/biodolphin_Kd/random_pair/initial_label_adapter/rbf/prediction_aware_thompson/seed137.json,258,0
biodolphin_Kd,random_pair,137,initial_label_adapter,rbf,variance_reduction,4,120,0.8410351307526551,0.9896547977908278,0.3956915901626,0.930635838150289,0.5357142857142857,0.26339285714285715,results/adaptation_study/runs/biodolphin_Kd/random_pair/initial_label_adapter/rbf/variance_reduction/seed137.json,258,0
biodolphin_Kd,random_pair,137,initial_label_adapter,matern32,random,4,120,1.4584691372273177,1.4966519648982544,0.0015595656467684016,0.9710982658959537,0.3392857142857143,0.171875,results/adaptation_study/runs/biodolphin_Kd/random_pair/initial_label_adapter/matern32/random/seed137.json,258,0
biodolphin_Kd,random_pair,137,initial_label_adapter,matern32,uncertainty,4,120,1.4563726339584575,1.4916953342153385,-0.022141110791351615,0.9132947976878613,0.2857142857142857,0.14285714285714282,results/adaptation_study/runs/biodolphin_Kd/random_pair/initial_label_adapter/matern32/uncertainty/seed137.json,258,0
biodolphin_Kd,random_pair,137,initial_label_adapter,matern32,ucb_balanced,4,120,1.0800853638441061,1.0236205076096714,0.3730120016260029,0.9132947976878613,0.6428571428571429,0.4866071428571428,results/adaptation_study/runs/biodolphin_Kd/random_pair/initial_label_adapter/matern32/ucb_balanced/seed137.json,258,0
biodolphin_Kd,random_pair,137,initial_label_adapter,matern32,thompson,4,120,1.0678790899582755,1.1025034165918097,0.30777657966728555,0.953757225433526,0.5714285714285714,0.41071428571428575,results/adaptation_study/runs/biodolphin_Kd/random_pair/initial_label_adapter/matern32/thompson/seed137.json,258,0
biodolphin_Kd,random_pair,137,initial_label_adapter,matern32,prediction_aware_thompson,4,120,0.9069478015265875,0.9933274716345717,0.4054655829351268,0.8901734104046243,0.5714285714285714,0.45089285714285715,results/adaptation_study/runs/biodolphin_Kd/random_pair/initial_label_adapter/matern32/prediction_aware_thompson/seed137.json,258,0
biodolphin_Kd,random_pair,137,initial_label_adapter,matern32,variance_reduction,4,120,0.8053466767613122,0.9741967051769372,0.3766126051263291,0.9017341040462428,0.30357142857142855,0.1763392857142857,results/adaptation_study/runs/biodolphin_Kd/random_pair/initial_label_adapter/matern32/variance_reduction/seed137.json,258,0
biodolphin_Kd,cold_sequence40,7,frozen_mlm,linear,random,4,120,1.7337008274871644,1.157767059181514,-0.18490613981562198,0.8833333333333333,0.3090909090909091,0.21818181818181817,results/robust_study_v2/runs/biodolphin_Kd/cold_sequence40/esm2_35m/chemberta_mlm/linear/random/seed7.json,257,0
biodolphin_Kd,cold_sequence40,7,frozen_mlm,linear,uncertainty,4,120,1.5078472288591371,1.0985165845131863,-0.015772739257698287,0.9888888888888889,0.09090909090909091,0.0909090909090909,results/robust_study_v2/runs/biodolphin_Kd/cold_sequence40/esm2_35m/chemberta_mlm/linear/uncertainty/seed7.json,257,0
biodolphin_Kd,cold_sequence40,7,frozen_mlm,linear,ucb_balanced,4,120,1.4647974808005941,1.1229692048438307,-0.04621472902138968,0.9944444444444445,0.8,0.5386363636363637,results/robust_study_v2/runs/biodolphin_Kd/cold_sequence40/esm2_35m/chemberta_mlm/linear/ucb_balanced/seed7.json,257,0
biodolphin_Kd,cold_sequence40,7,frozen_mlm,linear,thompson,4,120,1.433972136984502,1.0309112168199506,-0.06710633179713654,0.9777777777777777,0.6727272727272727,0.3954545454545455,results/robust_study_v2/runs/biodolphin_Kd/cold_sequence40/esm2_35m/chemberta_mlm/linear/thompson/seed7.json,257,0
biodolphin_Kd,cold_sequence40,7,frozen_mlm,linear,prediction_aware_thompson,4,120,1.428794248338001,1.2422999146686993,-0.2831469213621274,0.9444444444444444,0.3090909090909091,0.2045454545454545,results/robust_study_v2/runs/biodolphin_Kd/cold_sequence40/esm2_35m/chemberta_mlm/linear/prediction_aware_thompson/seed7.json,257,0
biodolphin_Kd,cold_sequence40,7,frozen_mlm,linear,variance_reduction,4,120,1.497991431823705,1.2025716620389053,-0.20766963501635538,0.95,0.2545454545454545,0.14772727272727273,results/robust_study_v2/runs/biodolphin_Kd/cold_sequence40/esm2_35m/chemberta_mlm/linear/variance_reduction/seed7.json,257,0
biodolphin_Kd,cold_sequence40,7,frozen_mlm,rbf,random,4,120,1.709880445030024,1.0743836652619843,0.017462355998703938,0.9222222222222223,0.3090909090909091,0.21818181818181817,results/robust_study_v2/runs/biodolphin_Kd/cold_sequence40/esm2_35m/chemberta_mlm/rbf/random/seed7.json,257,0
biodolphin_Kd,cold_sequence40,7,frozen_mlm,rbf,uncertainty,4,120,1.6576295798318341,1.0955959331070975,0.010749730509484023,0.9666666666666667,0.12727272727272726,0.10909090909090909,results/robust_study_v2/runs/biodolphin_Kd/cold_sequence40/esm2_35m/chemberta_mlm/rbf/uncertainty/seed7.json,257,0
biodolphin_Kd,cold_sequence40,7,frozen_mlm,rbf,ucb_balanced,4,120,1.6957461592028116,1.1044448210763897,-0.006180729995977963,0.9666666666666667,0.7454545454545455,0.5499999999999999,results/robust_study_v2/runs/biodolphin_Kd/cold_sequence40/esm2_35m/chemberta_mlm/rbf/ucb_balanced/seed7.json,257,0
biodolphin_Kd,cold_sequence40,7,frozen_mlm,rbf,thompson,4,120,1.724695839372669,1.086530280059144,0.01112151356765323,0.9722222222222222,0.7454545454545455,0.5363636363636363,results/robust_study_v2/runs/biodolphin_Kd/cold_sequence40/esm2_35m/chemberta_mlm/rbf/thompson/seed7.json,257,0
biodolphin_Kd,cold_sequence40,7,frozen_mlm,rbf,prediction_aware_thompson,4,120,1.6895078845431837,1.1788678523512424,-0.2482442959742024,0.9277777777777778,0.6909090909090909,0.5477272727272727,results/robust_study_v2/runs/biodolphin_Kd/cold_sequence40/esm2_35m/chemberta_mlm/rbf/prediction_aware_thompson/seed7.json,257,0
biodolphin_Kd,cold_sequence40,7,frozen_mlm,rbf,variance_reduction,4,120,1.6819685441389676,1.164874672671314,-0.26607882057052756,0.9277777777777778,0.6545454545454545,0.29772727272727273,results/robust_study_v2/runs/biodolphin_Kd/cold_sequence40/esm2_35m/chemberta_mlm/rbf/variance_reduction/seed7.json,257,0
biodolphin_Kd,cold_sequence40,7,frozen_mlm,matern32,random,4,120,1.7098805865208495,1.0756455595816754,0.01768434492276083,0.9222222222222223,0.3090909090909091,0.21818181818181817,results/robust_study_v2/runs/biodolphin_Kd/cold_sequence40/esm2_35m/chemberta_mlm/matern32/random/seed7.json,257,0
biodolphin_Kd,cold_sequence40,7,frozen_mlm,matern32,uncertainty,4,120,1.6582527865409276,1.0947164271322185,0.011665008292320533,0.9666666666666667,0.12727272727272726,0.10909090909090909,results/robust_study_v2/runs/biodolphin_Kd/cold_sequence40/esm2_35m/chemberta_mlm/matern32/uncertainty/seed7.json,257,0
biodolphin_Kd,cold_sequence40,7,frozen_mlm,matern32,ucb_balanced,4,120,1.7098149959642175,1.1002584926897963,-0.002697032451413728,0.9666666666666667,0.7454545454545455,0.5499999999999999,results/robust_study_v2/runs/biodolphin_Kd/cold_sequence40/esm2_35m/chemberta_mlm/matern32/ucb_balanced/seed7.json,257,0
biodolphin_Kd,cold_sequence40,7,frozen_mlm,matern32,thompson,4,120,1.7246958393716283,1.0865302440052893,0.011121607981648629,0.9722222222222222,0.7454545454545455,0.5363636363636363,results/robust_study_v2/runs/biodolphin_Kd/cold_sequence40/esm2_35m/chemberta_mlm/matern32/thompson/seed7.json,257,0
biodolphin_Kd,cold_sequence40,7,frozen_mlm,matern32,prediction_aware_thompson,4,120,1.6830536109286385,1.1686680390722854,-0.26700170256013345,0.9277777777777778,0.7272727272727273,0.5613636363636364,results/robust_study_v2/runs/biodolphin_Kd/cold_sequence40/esm2_35m/chemberta_mlm/matern32/prediction_aware_thompson/seed7.json,257,0
biodolphin_Kd,cold_sequence40,7,frozen_mlm,matern32,variance_reduction,4,120,1.6819685441355627,1.1648746726136858,-0.26607882050090037,0.9277777777777778,0.6545454545454545,0.29772727272727273,results/robust_study_v2/runs/biodolphin_Kd/cold_sequence40/esm2_35m/chemberta_mlm/matern32/variance_reduction/seed7.json,257,0
biodolphin_Kd,cold_sequence40,7,lipid_ssl,linear,random,4,120,1.7494866676123904,1.1613650711200525,-0.1931352182410344,0.8777777777777778,0.3090909090909091,0.21818181818181817,results/adaptation_study/runs/biodolphin_Kd/cold_sequence40/lipid_ssl/linear/random/seed7.json,257,0
biodolphin_Kd,cold_sequence40,7,lipid_ssl,linear,uncertainty,4,120,1.4877778734603815,1.0936314907168694,-0.009564344936909386,0.9888888888888889,0.09090909090909091,0.0909090909090909,results/adaptation_study/runs/biodolphin_Kd/cold_sequence40/lipid_ssl/linear/uncertainty/seed7.json,257,0
biodolphin_Kd,cold_sequence40,7,lipid_ssl,linear,ucb_balanced,4,120,1.5771831779115373,1.2726252017640138,-0.26312107784255945,0.9888888888888889,0.8,0.5431818181818182,results/adaptation_study/runs/biodolphin_Kd/cold_sequence40/lipid_ssl/linear/ucb_balanced/seed7.json,257,0
biodolphin_Kd,cold_sequence40,7,lipid_ssl,linear,thompson,4,120,1.4591905424673062,1.1519586370586588,-0.17816236945780095,0.9666666666666667,0.7090909090909091,0.4227272727272727,results/adaptation_study/runs/biodolphin_Kd/cold_sequence40/lipid_ssl/linear/thompson/seed7.json,257,0
biodolphin_Kd,cold_sequence40,7,lipid_ssl,linear,prediction_aware_thompson,4,120,1.49064573275384,1.164117195120523,-0.17326732852008075,0.9333333333333333,0.23636363636363636,0.17272727272727273,results/adaptation_study/runs/biodolphin_Kd/cold_sequence40/lipid_ssl/linear/prediction_aware_thompson/seed7.json,257,0
biodolphin_Kd,cold_sequence40,7,lipid_ssl,linear,variance_reduction,4,120,1.4897979339389922,1.1990203283487009,-0.19941605307216315,0.9555555555555556,0.2909090909090909,0.1568181818181818,results/adaptation_study/runs/biodolphin_Kd/cold_sequence40/lipid_ssl/linear/variance_reduction/seed7.json,257,0
biodolphin_Kd,cold_sequence40,7,lipid_ssl,rbf,random,4,120,1.7098804478289569,1.0743188991804657,0.017421761743735886,0.9222222222222223,0.3090909090909091,0.21818181818181817,results/adaptation_study/runs/biodolphin_Kd/cold_sequence40/lipid_ssl/rbf/random/seed7.json,257,0
biodolphin_Kd,cold_sequence40,7,lipid_ssl,rbf,uncertainty,4,120,1.6576295798319762,1.0955959275914453,0.01074973429170889,0.9666666666666667,0.12727272727272726,0.10909090909090909,results/adaptation_study/runs/biodolphin_Kd/cold_sequence40/lipid_ssl/rbf/uncertainty/seed7.json,257,0
biodolphin_Kd,cold_sequence40,7,lipid_ssl,rbf,ucb_balanced,4,120,1.6961005466774897,1.1054976527039357,-0.006956942847362146,0.9666666666666667,0.7454545454545455,0.5499999999999999,results/adaptation_study/runs/biodolphin_Kd/cold_sequence40/lipid_ssl/rbf/ucb_balanced/seed7.json,257,0
biodolphin_Kd,cold_sequence40,7,lipid_ssl,rbf,thompson,4,120,1.7246958393696818,1.0865302800536252,0.01112151357394986,0.9722222222222222,0.7454545454545455,0.5363636363636363,results/adaptation_study/runs/biodolphin_Kd/cold_sequence40/lipid_ssl/rbf/thompson/seed7.json,257,0
biodolphin_Kd,cold_sequence40,7,lipid_ssl,rbf,prediction_aware_thompson,4,120,1.6895078845433866,1.178867852692954,-0.24824429631708078,0.9277777777777778,0.6909090909090909,0.5477272727272727,results/adaptation_study/runs/biodolphin_Kd/cold_sequence40/lipid_ssl/rbf/prediction_aware_thompson/seed7.json,257,0
biodolphin_Kd,cold_sequence40,7,lipid_ssl,rbf,variance_reduction,4,120,1.6819685441369427,1.1648746726715906,-0.2660788205729432,0.9277777777777778,0.6545454545454545,0.29772727272727273,results/adaptation_study/runs/biodolphin_Kd/cold_sequence40/lipid_ssl/rbf/variance_reduction/seed7.json,257,0
biodolphin_Kd,cold_sequence40,7,lipid_ssl,matern32,random,4,120,1.7098785733747344,1.075584270486445,0.017674444577605808,0.9222222222222223,0.3090909090909091,0.21818181818181817,results/adaptation_study/runs/biodolphin_Kd/cold_sequence40/lipid_ssl/matern32/random/seed7.json,257,0
biodolphin_Kd,cold_sequence40,7,lipid_ssl,matern32,uncertainty,4,120,1.6642552469092857,1.08822960570832,0.01836471492524483,0.9666666666666667,0.12727272727272726,0.10909090909090909,results/adaptation_study/runs/biodolphin_Kd/cold_sequence40/lipid_ssl/matern32/uncertainty/seed7.json,257,0
biodolphin_Kd,cold_sequence40,7,lipid_ssl,matern32,ucb_balanced,4,120,1.7104522391660477,1.1013225329582517,-0.003804096459840256,0.9666666666666667,0.7454545454545455,0.5499999999999999,results/adaptation_study/runs/biodolphin_Kd/cold_sequence40/lipid_ssl/matern32/ucb_balanced/seed7.json,257,0
biodolphin_Kd,cold_sequence40,7,lipid_ssl,matern32,thompson,4,120,1.7246958393625995,1.0865302561498948,0.01112157612268072,0.9722222222222222,0.7454545454545455,0.5363636363636363,results/adaptation_study/runs/biodolphin_Kd/cold_sequence40/lipid_ssl/matern32/thompson/seed7.json,257,0
biodolphin_Kd,cold_sequence40,7,lipid_ssl,matern32,prediction_aware_thompson,4,120,1.6913478634536705,1.1746693663455627,-0.27389200308552697,0.9277777777777778,0.7272727272727273,0.5613636363636364,results/adaptation_study/runs/biodolphin_Kd/cold_sequence40/lipid_ssl/matern32/prediction_aware_thompson/seed7.json,257,0
biodolphin_Kd,cold_sequence40,7,lipid_ssl,matern32,variance_reduction,4,120,1.6819685441285614,1.1648746726381025,-0.26607882053527665,0.9277777777777778,0.6545454545454545,0.29772727272727273,results/adaptation_study/runs/biodolphin_Kd/cold_sequence40/lipid_ssl/matern32/variance_reduction/seed7.json,257,0
biodolphin_Kd,cold_sequence40,7,initial_label_adapter,linear,random,4,120,1.7335989187738503,1.1574589440510206,-0.18460875045328895,0.8833333333333333,0.3090909090909091,0.21818181818181817,results/adaptation_study/runs/biodolphin_Kd/cold_sequence40/initial_label_adapter/linear/random/seed7.json,257,0
biodolphin_Kd,cold_sequence40,7,initial_label_adapter,linear,uncertainty,4,120,1.5103421191489124,1.0948098795001096,-0.011131929327787171,0.9888888888888889,0.09090909090909091,0.0909090909090909,results/adaptation_study/runs/biodolphin_Kd/cold_sequence40/initial_label_adapter/linear/uncertainty/seed7.json,257,0
biodolphin_Kd,cold_sequence40,7,initial_label_adapter,linear,ucb_balanced,4,120,1.4651510862487724,1.1228130112045627,-0.046011169860270096,0.9944444444444445,0.8,0.5386363636363637,results/adaptation_study/runs/biodolphin_Kd/cold_sequence40/initial_label_adapter/linear/ucb_balanced/seed7.json,257,0
biodolphin_Kd,cold_sequence40,7,initial_label_adapter,linear,thompson,4,120,1.4342020535372104,1.0309246711908704,-0.06675280551525176,0.9777777777777777,0.6727272727272727,0.3954545454545455,results/adaptation_study/runs/biodolphin_Kd/cold_sequence40/initial_label_adapter/linear/thompson/seed7.json,257,0
biodolphin_Kd,cold_sequence40,7,initial_label_adapter,linear,prediction_aware_thompson,4,120,1.4289975923852551,1.2423697975686991,-0.283226022978583,0.9444444444444444,0.3090909090909091,0.2045454545454545,results/adaptation_study/runs/biodolphin_Kd/cold_sequence40/initial_label_adapter/linear/prediction_aware_thompson/seed7.json,257,0
biodolphin_Kd,cold_sequence40,7,initial_label_adapter,linear,variance_reduction,4,120,1.4981315510171518,1.2026317068218744,-0.20773463997380337,0.95,0.2545454545454545,0.14772727272727273,results/adaptation_study/runs/biodolphin_Kd/cold_sequence40/initial_label_adapter/linear/variance_reduction/seed7.json,257,0
biodolphin_Kd,cold_sequence40,7,initial_label_adapter,rbf,random,4,120,1.7098809315494359,1.0741159493463923,0.01714756362617953,0.9222222222222223,0.3090909090909091,0.21818181818181817,results/adaptation_study/runs/biodolphin_Kd/cold_sequence40/initial_label_adapter/rbf/random/seed7.json,257,0
biodolphin_Kd,cold_sequence40,7,initial_label_adapter,rbf,uncertainty,4,120,1.657636295955091,1.0955880997858491,0.010755150329285645,0.9666666666666667,0.12727272727272726,0.10909090909090909,results/adaptation_study/runs/biodolphin_Kd/cold_sequence40/initial_label_adapter/rbf/uncertainty/seed7.json,257,0
biodolphin_Kd,cold_sequence40,7,initial_label_adapter,rbf,ucb_balanced,4,120,1.6957473867561956,1.104443525326685,-0.006178787646782702,0.9666666666666667,0.7454545454545455,0.5499999999999999,results/adaptation_study/runs/biodolphin_Kd/cold_sequence40/initial_label_adapter/rbf/ucb_balanced/seed7.json,257,0
biodolphin_Kd,cold_sequence40,7,initial_label_adapter,rbf,thompson,4,120,1.7246943982757854,1.086524455223559,0.011121714707182928,0.9722222222222222,0.7454545454545455,0.5363636363636363,results/adaptation_study/runs/biodolphin_Kd/cold_sequence40/initial_label_adapter/rbf/thompson/seed7.json,257,0
biodolphin_Kd,cold_sequence40,7,initial_label_adapter,rbf,prediction_aware_thompson,4,120,1.6759808387231592,1.1827116617338556,-0.2629148126772818,0.9277777777777778,0.6909090909090909,0.5477272727272727,results/adaptation_study/runs/biodolphin_Kd/cold_sequence40/initial_label_adapter/rbf/prediction_aware_thompson/seed7.json,257,0
biodolphin_Kd,cold_sequence40,7,initial_label_adapter,rbf,variance_reduction,4,120,1.68196621672178,1.1648817869466395,-0.2661022373667037,0.9277777777777778,0.6545454545454545,0.29772727272727273,results/adaptation_study/runs/biodolphin_Kd/cold_sequence40/initial_label_adapter/rbf/variance_reduction/seed7.json,257,0
biodolphin_Kd,cold_sequence40,7,initial_label_adapter,matern32,random,4,120,1.7098808832893104,1.0751495557440807,0.01727745464445396,0.9222222222222223,0.3090909090909091,0.21818181818181817,results/adaptation_study/runs/biodolphin_Kd/cold_sequence40/initial_label_adapter/matern32/random/seed7.json,257,0
biodolphin_Kd,cold_sequence40,7,initial_label_adapter,matern32,uncertainty,4,120,1.66426137981676,1.0882418929891038,0.018357027968135875,0.9666666666666667,0.12727272727272726,0.10909090909090909,results/adaptation_study/runs/biodolphin_Kd/cold_sequence40/initial_label_adapter/matern32/uncertainty/seed7.json,257,0
biodolphin_Kd,cold_sequence40,7,initial_label_adapter,matern32,ucb_balanced,4,120,1.6966879224562361,1.0977452434446617,-0.003117701027733677,0.9666666666666667,0.7454545454545455,0.5499999999999999,results/adaptation_study/runs/biodolphin_Kd/cold_sequence40/initial_label_adapter/matern32/ucb_balanced/seed7.json,257,0
biodolphin_Kd,cold_sequence40,7,initial_label_adapter,matern32,thompson,4,120,1.7246943982436012,1.0865243309992962,0.01112203943124479,0.9722222222222222,0.7454545454545455,0.5363636363636363,results/adaptation_study/runs/biodolphin_Kd/cold_sequence40/initial_label_adapter/matern32/thompson/seed7.json,257,0
biodolphin_Kd,cold_sequence40,7,initial_label_adapter,matern32,prediction_aware_thompson,4,120,1.6833498927260822,1.1687070750275403,-0.26734632894962407,0.9277777777777778,0.7454545454545455,0.5636363636363636,results/adaptation_study/runs/biodolphin_Kd/cold_sequence40/initial_label_adapter/matern32/prediction_aware_thompson/seed7.json,257,0
biodolphin_Kd,cold_sequence40,7,initial_label_adapter,matern32,variance_reduction,4,120,1.6819662167685752,1.1648817864808132,-0.26610223677398803,0.9277777777777778,0.6545454545454545,0.29772727272727273,results/adaptation_study/runs/biodolphin_Kd/cold_sequence40/initial_label_adapter/matern32/variance_reduction/seed7.json,257,0
biodolphin_Kd,cold_sequence40,19,frozen_mlm,linear,random,4,120,1.1350397851106897,1.8041047603173004,0.20573456117317612,0.7967032967032966,0.20967741935483872,0.1431451612903226,results/robust_study_v2/runs/biodolphin_Kd/cold_sequence40/esm2_35m/chemberta_mlm/linear/random/seed19.json,257,0
biodolphin_Kd,cold_sequence40,19,frozen_mlm,linear,uncertainty,4,120,1.0514336558751882,2.104918511108514,-0.12060942962157872,0.510989010989011,0.14516129032258066,0.08669354838709675,results/robust_study_v2/runs/biodolphin_Kd/cold_sequence40/esm2_35m/chemberta_mlm/linear/uncertainty/seed19.json,257,0
biodolphin_Kd,cold_sequence40,19,frozen_mlm,linear,ucb_balanced,4,120,1.0201163080328957,2.1959283032304624,-0.21412558056970132,0.5494505494505495,0.20967741935483872,0.1310483870967742,results/robust_study_v2/runs/biodolphin_Kd/cold_sequence40/esm2_35m/chemberta_mlm/linear/ucb_balanced/seed19.json,257,0
biodolphin_Kd,cold_sequence40,19,frozen_mlm,linear,thompson,4,120,1.2199639692014073,1.7057005198134196,0.24608378911781792,0.8186813186813187,0.4032258064516129,0.24395161290322578,results/robust_study_v2/runs/biodolphin_Kd/cold_sequence40/esm2_35m/chemberta_mlm/linear/thompson/seed19.json,257,0
biodolphin_Kd,cold_sequence40,19,frozen_mlm,linear,prediction_aware_thompson,4,120,1.1174293600581486,1.617186522601273,0.2800799870960825,0.7802197802197802,0.24193548387096775,0.12701612903225806,results/robust_study_v2/runs/biodolphin_Kd/cold_sequence40/esm2_35m/chemberta_mlm/linear/prediction_aware_thompson/seed19.json,257,0
biodolphin_Kd,cold_sequence40,19,frozen_mlm,linear,variance_reduction,4,120,1.1449773641882017,1.7122070567057037,0.23329721923511848,0.8021978021978022,0.16129032258064516,0.09677419354838708,results/robust_study_v2/runs/biodolphin_Kd/cold_sequence40/esm2_35m/chemberta_mlm/linear/variance_reduction/seed19.json,257,0
biodolphin_Kd,cold_sequence40,19,frozen_mlm,rbf,random,4,120,1.3218872453631223,1.5000367132285608,0.2806929036820909,0.5439560439560439,0.20967741935483872,0.1431451612903226,results/robust_study_v2/runs/biodolphin_Kd/cold_sequence40/esm2_35m/chemberta_mlm/rbf/random/seed19.json,257,0
biodolphin_Kd,cold_sequence40,19,frozen_mlm,rbf,uncertainty,4,120,1.1418554724530527,2.156887831363219,-0.24238183049662188,0.5714285714285714,0.14516129032258066,0.07862903225806452,results/robust_study_v2/runs/biodolphin_Kd/cold_sequence40/esm2_35m/chemberta_mlm/rbf/uncertainty/seed19.json,257,0
biodolphin_Kd,cold_sequence40,19,frozen_mlm,rbf,ucb_balanced,4,120,1.0845006723773507,2.128568585535148,-0.3166113797220962,0.532967032967033,0.3064516129032258,0.23991935483870966,results/robust_study_v2/runs/biodolphin_Kd/cold_sequence40/esm2_35m/chemberta_mlm/rbf/ucb_balanced/seed19.json,257,0
biodolphin_Kd,cold_sequence40,19,frozen_mlm,rbf,thompson,4,120,1.1290717698511008,2.3315364027908845,-0.5415017577195302,0.5439560439560439,0.45161290322580644,0.14919354838709678,results/robust_study_v2/runs/biodolphin_Kd/cold_sequence40/esm2_35m/chemberta_mlm/rbf/thompson/seed19.json,257,0
biodolphin_Kd,cold_sequence40,19,frozen_mlm,rbf,prediction_aware_thompson,4,120,1.1756116475629224,2.185628273322661,-0.3623601878535698,0.5164835164835165,0.12903225806451613,0.07258064516129033,results/robust_study_v2/runs/biodolphin_Kd/cold_sequence40/esm2_35m/chemberta_mlm/rbf/prediction_aware_thompson/seed19.json,257,0
biodolphin_Kd,cold_sequence40,19,frozen_mlm,rbf,variance_reduction,4,120,1.1142021594451714,2.2042968350760725,-0.316252548244222,0.532967032967033,0.11290322580645161,0.08266129032258063,results/robust_study_v2/runs/biodolphin_Kd/cold_sequence40/esm2_35m/chemberta_mlm/rbf/variance_reduction/seed19.json,257,0
biodolphin_Kd,cold_sequence40,19,frozen_mlm,matern32,random,4,120,1.2968091841301732,1.4693665343756492,0.2964061666783109,0.47802197802197804,0.20967741935483872,0.1431451612903226,results/robust_study_v2/runs/biodolphin_Kd/cold_sequence40/esm2_35m/chemberta_mlm/matern32/random/seed19.json,257,0
biodolphin_Kd,cold_sequence40,19,frozen_mlm,matern32,uncertainty,4,120,1.1278131921135581,2.017395371685643,-0.02741487805042553,0.5439560439560439,0.11290322580645161,0.0786290322580645,results/robust_study_v2/runs/biodolphin_Kd/cold_sequence40/esm2_35m/chemberta_mlm/matern32/uncertainty/seed19.json,257,0
biodolphin_Kd,cold_sequence40,19,frozen_mlm,matern32,ucb_balanced,4,120,1.0637856078090737,2.0368583679431054,-0.15907859223093013,0.532967032967033,0.3709677419354839,0.2762096774193548,results/robust_study_v2/runs/biodolphin_Kd/cold_sequence40/esm2_35m/chemberta_mlm/matern32/ucb_balanced/seed19.json,257,0
biodolphin_Kd,cold_sequence40,19,frozen_mlm,matern32,thompson,4,120,1.11663619068281,1.973655082194675,-0.033279597048672116,0.5604395604395604,0.3709677419354839,0.1875,results/robust_study_v2/runs/biodolphin_Kd/cold_sequence40/esm2_35m/chemberta_mlm/matern32/thompson/seed19.json,257,0
biodolphin_Kd,cold_sequence40,19,frozen_mlm,matern32,prediction_aware_thompson,4,120,1.1070976132710164,1.6996589430969034,0.20903376211633107,0.7912087912087912,0.16129032258064516,0.07258064516129033,results/robust_study_v2/runs/biodolphin_Kd/cold_sequence40/esm2_35m/chemberta_mlm/matern32/prediction_aware_thompson/seed19.json,257,0
biodolphin_Kd,cold_sequence40,19,frozen_mlm,matern32,variance_reduction,4,120,1.1389149890964274,1.7149133294784864,0.23292954853579972,0.8021978021978022,0.14516129032258066,0.07862903225806452,results/robust_study_v2/runs/biodolphin_Kd/cold_sequence40/esm2_35m/chemberta_mlm/matern32/variance_reduction/seed19.json,257,0
biodolphin_Kd,cold_sequence40,19,lipid_ssl,linear,random,4,120,1.1228234554632612,1.8121145659830018,0.20129772374581523,0.7857142857142857,0.20967741935483872,0.1431451612903226,results/adaptation_study/runs/biodolphin_Kd/cold_sequence40/lipid_ssl/linear/random/seed19.json,257,0
biodolphin_Kd,cold_sequence40,19,lipid_ssl,linear,uncertainty,4,120,1.0533555698477732,2.137911552424887,-0.17332896990629942,0.489010989010989,0.08064516129032258,0.04637096774193548,results/adaptation_study/runs/biodolphin_Kd/cold_sequence40/lipid_ssl/linear/uncertainty/seed19.json,257,0
biodolphin_Kd,cold_sequence40,19,lipid_ssl,linear,ucb_balanced,4,120,1.0225673663406099,2.17726273998444,-0.18907888087808544,0.5384615384615384,0.20967741935483872,0.1310483870967742,results/adaptation_study/runs/biodolphin_Kd/cold_sequence40/lipid_ssl/linear/ucb_balanced/seed19.json,257,0
biodolphin_Kd,cold_sequence40,19,lipid_ssl,linear,thompson,4,120,1.0956720650239709,1.7863555356468936,0.22235926510315585,0.8626373626373627,0.46774193548387094,0.2479838709677419,results/adaptation_study/runs/biodolphin_Kd/cold_sequence40/lipid_ssl/linear/thompson/seed19.json,257,0
biodolphin_Kd,cold_sequence40,19,lipid_ssl,linear,prediction_aware_thompson,4,120,1.0772235426540668,1.673004956628643,0.29771059590461213,0.8021978021978022,0.1774193548387097,0.09879032258064517,results/adaptation_study/runs/biodolphin_Kd/cold_sequence40/lipid_ssl/linear/prediction_aware_thompson/seed19.json,257,0
biodolphin_Kd,cold_sequence40,19,lipid_ssl,linear,variance_reduction,4,120,1.1312379376749677,1.7395285697505574,0.22509228989527907,0.8186813186813187,0.1774193548387097,0.09879032258064517,results/adaptation_study/runs/biodolphin_Kd/cold_sequence40/lipid_ssl/linear/variance_reduction/seed19.json,257,0
biodolphin_Kd,cold_sequence40,19,lipid_ssl,rbf,random,4,120,1.3216222050241468,1.5002947068008232,0.28041149865227455,0.5439560439560439,0.20967741935483872,0.1431451612903226,results/adaptation_study/runs/biodolphin_Kd/cold_sequence40/lipid_ssl/rbf/random/seed19.json,257,0
biodolphin_Kd,cold_sequence40,19,lipid_ssl,rbf,uncertainty,4,120,1.1316339166024556,2.1671634003429814,-0.2567579118241774,0.554945054945055,0.12903225806451613,0.07661290322580645,results/adaptation_study/runs/biodolphin_Kd/cold_sequence40/lipid_ssl/rbf/uncertainty/seed19.json,257,0
biodolphin_Kd,cold_sequence40,19,lipid_ssl,rbf,ucb_balanced,4,120,1.0989722881527373,2.157581879009035,-0.34616184132769945,0.5164835164835165,0.2903225806451613,0.24193548387096775,results/adaptation_study/runs/biodolphin_Kd/cold_sequence40/lipid_ssl/rbf/ucb_balanced/seed19.json,257,0
biodolphin_Kd,cold_sequence40,19,lipid_ssl,rbf,thompson,4,120,1.1568743617806363,2.2291203668818778,-0.3872254775135222,0.532967032967033,0.27419354838709675,0.1713709677419355,results/adaptation_study/runs/biodolphin_Kd/cold_sequence40/lipid_ssl/rbf/thompson/seed19.json,257,0
biodolphin_Kd,cold_sequence40,19,lipid_ssl,rbf,prediction_aware_thompson,4,120,1.1534959486104468,2.126081601330961,-0.2996259364115452,0.5054945054945055,0.14516129032258066,0.09072580645161289,results/adaptation_study/runs/biodolphin_Kd/cold_sequence40/lipid_ssl/rbf/prediction_aware_thompson/seed19.json,257,0
biodolphin_Kd,cold_sequence40,19,lipid_ssl,rbf,variance_reduction,4,120,1.159353636716666,2.1530707554683173,-0.23241439798235386,0.5714285714285714,0.14516129032258066,0.08669354838709675,results/adaptation_study/runs/biodolphin_Kd/cold_sequence40/lipid_ssl/rbf/variance_reduction/seed19.json,257,0
biodolphin_Kd,cold_sequence40,19,lipid_ssl,matern32,random,4,120,1.2956224704791204,1.4705049062669726,0.29600187437523895,0.47802197802197804,0.20967741935483872,0.1431451612903226,results/adaptation_study/runs/biodolphin_Kd/cold_sequence40/lipid_ssl/matern32/random/seed19.json,257,0
biodolphin_Kd,cold_sequence40,19,lipid_ssl,matern32,uncertainty,4,120,1.094620507311054,1.9619575092694936,0.05970372961996184,0.5934065934065934,0.11290322580645161,0.08266129032258063,results/adaptation_study/runs/biodolphin_Kd/cold_sequence40/lipid_ssl/matern32/uncertainty/seed19.json,257,0
biodolphin_Kd,cold_sequence40,19,lipid_ssl,matern32,ucb_balanced,4,120,1.0549270365134555,2.0167842672974006,0.006481959662536063,0.6703296703296703,0.3548387096774194,0.25806451612903225,results/adaptation_study/runs/biodolphin_Kd/cold_sequence40/lipid_ssl/matern32/ucb_balanced/seed19.json,257,0
biodolphin_Kd,cold_sequence40,19,lipid_ssl,matern32,thompson,4,120,1.2507883755782665,2.036754530290913,-0.0875433529659142,0.5934065934065934,0.3225806451612903,0.19354838709677416,results/adaptation_study/runs/biodolphin_Kd/cold_sequence40/lipid_ssl/matern32/thompson/seed19.json,257,0
biodolphin_Kd,cold_sequence40,19,lipid_ssl,matern32,prediction_aware_thompson,4,120,1.1902259619393503,2.0642848628219452,-0.23389199100653335,0.5439560439560439,0.14516129032258066,0.07459677419354839,results/adaptation_study/runs/biodolphin_Kd/cold_sequence40/lipid_ssl/matern32/prediction_aware_thompson/seed19.json,257,0
biodolphin_Kd,cold_sequence40,19,lipid_ssl,matern32,variance_reduction,4,120,1.1120880285108534,1.800895110169633,0.17261193190183755,0.8516483516483516,0.12903225806451613,0.07661290322580644,results/adaptation_study/runs/biodolphin_Kd/cold_sequence40/lipid_ssl/matern32/variance_reduction/seed19.json,257,0
biodolphin_Kd,cold_sequence40,19,initial_label_adapter,linear,random,4,120,1.1349195610446516,1.804423174636649,0.20552137782313928,0.7967032967032966,0.20967741935483872,0.1431451612903226,results/adaptation_study/runs/biodolphin_Kd/cold_sequence40/initial_label_adapter/linear/random/seed19.json,257,0
biodolphin_Kd,cold_sequence40,19,initial_label_adapter,linear,uncertainty,4,120,1.1880657608080645,2.0662364509661546,-0.13904689886886556,0.5824175824175825,0.16129032258064516,0.10080645161290323,results/adaptation_study/runs/biodolphin_Kd/cold_sequence40/initial_label_adapter/linear/uncertainty/seed19.json,257,0
biodolphin_Kd,cold_sequence40,19,initial_label_adapter,linear,ucb_balanced,4,120,1.0200145455047847,2.1960516251326667,-0.21433141582673954,0.5494505494505495,0.20967741935483872,0.1310483870967742,results/adaptation_study/runs/biodolphin_Kd/cold_sequence40/initial_label_adapter/linear/ucb_balanced/seed19.json,257,0
biodolphin_Kd,cold_sequence40,19,initial_label_adapter,linear,thompson,4,120,1.1559466756608776,1.751749369262339,0.2296168881060091,0.8736263736263736,0.4032258064516129,0.24395161290322578,results/adaptation_study/runs/biodolphin_Kd/cold_sequence40/initial_label_adapter/linear/thompson/seed19.json,257,0
biodolphin_Kd,cold_sequence40,19,initial_label_adapter,linear,prediction_aware_thompson,4,120,1.1175679805233214,1.6174740536569674,0.27993064864093775,0.7802197802197802,0.24193548387096775,0.12701612903225806,results/adaptation_study/runs/biodolphin_Kd/cold_sequence40/initial_label_adapter/linear/prediction_aware_thompson/seed19.json,257,0
biodolphin_Kd,cold_sequence40,19,initial_label_adapter,linear,variance_reduction,4,120,1.1450564605583393,1.712507038466765,0.23309459181344339,0.8021978021978022,0.16129032258064516,0.09677419354838708,results/adaptation_study/runs/biodolphin_Kd/cold_sequence40/initial_label_adapter/linear/variance_reduction/seed19.json,257,0
biodolphin_Kd,cold_sequence40,19,initial_label_adapter,rbf,random,4,120,1.3218790711557074,1.5000174589537547,0.2807073335892104,0.5439560439560439,0.20967741935483872,0.1431451612903226,results/adaptation_study/runs/biodolphin_Kd/cold_sequence40/initial_label_adapter/rbf/random/seed19.json,257,0
biodolphin_Kd,cold_sequence40,19,initial_label_adapter,rbf,uncertainty,4,120,1.141861654145865,2.15687646809973,-0.24235705958299225,0.5714285714285714,0.14516129032258066,0.07862903225806452,results/adaptation_study/runs/biodolphin_Kd/cold_sequence40/initial_label_adapter/rbf/uncertainty/seed19.json,257,0
biodolphin_Kd,cold_sequence40,19,initial_label_adapter,rbf,ucb_balanced,4,120,1.0845667923742237,2.1285711250125945,-0.3166851955622565,0.532967032967033,0.3064516129032258,0.23991935483870966,results/adaptation_study/runs/biodolphin_Kd/cold_sequence40/initial_label_adapter/rbf/ucb_balanced/seed19.json,257,0
biodolphin_Kd,cold_sequence40,19,initial_label_adapter,rbf,thompson,4,120,1.1291203572279238,2.3315067422233313,-0.541447435972157,0.5439560439560439,0.45161290322580644,0.14919354838709678,results/adaptation_study/runs/biodolphin_Kd/cold_sequence40/initial_label_adapter/rbf/thompson/seed19.json,257,0
biodolphin_Kd,cold_sequence40,19,initial_label_adapter,rbf,prediction_aware_thompson,4,120,1.1756235264385575,2.1856208762363685,-0.3623696418593805,0.5164835164835165,0.12903225806451613,0.07258064516129033,results/adaptation_study/runs/biodolphin_Kd/cold_sequence40/initial_label_adapter/rbf/prediction_aware_thompson/seed19.json,257,0
biodolphin_Kd,cold_sequence40,19,initial_label_adapter,rbf,variance_reduction,4,120,1.1142048157452569,2.2042777979631487,-0.3162394799423658,0.532967032967033,0.11290322580645161,0.08266129032258063,results/adaptation_study/runs/biodolphin_Kd/cold_sequence40/initial_label_adapter/rbf/variance_reduction/seed19.json,257,0
biodolphin_Kd,cold_sequence40,19,initial_label_adapter,matern32,random,4,120,1.296821493959778,1.4693618299636142,0.2964038078446579,0.47802197802197804,0.20967741935483872,0.1431451612903226,results/adaptation_study/runs/biodolphin_Kd/cold_sequence40/initial_label_adapter/matern32/random/seed19.json,257,0
biodolphin_Kd,cold_sequence40,19,initial_label_adapter,matern32,uncertainty,4,120,1.1278185637916875,2.0174754739537994,-0.027531021074336026,0.5439560439560439,0.11290322580645161,0.0786290322580645,results/adaptation_study/runs/biodolphin_Kd/cold_sequence40/initial_label_adapter/matern32/uncertainty/seed19.json,257,0
biodolphin_Kd,cold_sequence40,19,initial_label_adapter,matern32,ucb_balanced,4,120,1.063843084611473,2.0368869705589074,-0.15920584710295205,0.532967032967033,0.3709677419354839,0.2762096774193548,results/adaptation_study/runs/biodolphin_Kd/cold_sequence40/initial_label_adapter/matern32/ucb_balanced/seed19.json,257,0
biodolphin_Kd,cold_sequence40,19,initial_label_adapter,matern32,thompson,4,120,1.1166781229946092,1.9735821128398396,-0.03321846595431954,0.5604395604395604,0.3709677419354839,0.1875,results/adaptation_study/runs/biodolphin_Kd/cold_sequence40/initial_label_adapter/matern32/thompson/seed19.json,257,0
biodolphin_Kd,cold_sequence40,19,initial_label_adapter,matern32,prediction_aware_thompson,4,120,1.1070509867879914,1.6996211970050712,0.20903682054727657,0.7912087912087912,0.16129032258064516,0.07258064516129033,results/adaptation_study/runs/biodolphin_Kd/cold_sequence40/initial_label_adapter/matern32/prediction_aware_thompson/seed19.json,257,0
biodolphin_Kd,cold_sequence40,19,initial_label_adapter,matern32,variance_reduction,4,120,1.13709148393759,1.7158819579911897,0.23331028734090664,0.7967032967032966,0.14516129032258066,0.07862903225806452,results/adaptation_study/runs/biodolphin_Kd/cold_sequence40/initial_label_adapter/matern32/variance_reduction/seed19.json,257,0
biodolphin_Kd,cold_sequence40,42,frozen_mlm,linear,random,4,120,1.583089767760115,1.492998108206355,0.29578494492137475,0.8265895953757225,0.23214285714285715,0.15178571428571427,results/robust_study_v2/runs/biodolphin_Kd/cold_sequence40/esm2_35m/chemberta_mlm/linear/random/seed42.json,259,0
biodolphin_Kd,cold_sequence40,42,frozen_mlm,linear,uncertainty,4,120,1.6033870189201667,1.3570994165046604,0.4129078739952139,0.930635838150289,0.3392857142857143,0.20535714285714288,results/robust_study_v2/runs/biodolphin_Kd/cold_sequence40/esm2_35m/chemberta_mlm/linear/uncertainty/seed42.json,259,0
biodolphin_Kd,cold_sequence40,42,frozen_mlm,linear,ucb_balanced,4,120,1.5351825989477097,1.5341494148065882,0.2974158275754768,0.976878612716763,0.6964285714285714,0.5,results/robust_study_v2/runs/biodolphin_Kd/cold_sequence40/esm2_35m/chemberta_mlm/linear/ucb_balanced/seed42.json,259,0
biodolphin_Kd,cold_sequence40,42,frozen_mlm,linear,thompson,4,120,1.7169104328197027,1.5444641570433044,0.2544062644791173,1.0,0.44642857142857145,0.29464285714285715,results/robust_study_v2/runs/biodolphin_Kd/cold_sequence40/esm2_35m/chemberta_mlm/linear/thompson/seed42.json,259,0
biodolphin_Kd,cold_sequence40,42,frozen_mlm,linear,prediction_aware_thompson,4,120,1.4208066315096033,1.340817858201727,0.3822909359456256,0.9248554913294798,0.3392857142857143,0.1964285714285714,results/robust_study_v2/runs/biodolphin_Kd/cold_sequence40/esm2_35m/chemberta_mlm/linear/prediction_aware_thompson/seed42.json,259,0
biodolphin_Kd,cold_sequence40,42,frozen_mlm,linear,variance_reduction,4,120,1.6091417949426532,1.399554520305703,0.41514106878379975,0.9421965317919075,0.23214285714285715,0.16517857142857142,results/robust_study_v2/runs/biodolphin_Kd/cold_sequence40/esm2_35m/chemberta_mlm/linear/variance_reduction/seed42.json,259,0
biodolphin_Kd,cold_sequence40,42,frozen_mlm,rbf,random,4,120,1.559883840755616,1.9144850105983813,-0.2124349250402242,0.6358381502890174,0.23214285714285715,0.15178571428571427,results/robust_study_v2/runs/biodolphin_Kd/cold_sequence40/esm2_35m/chemberta_mlm/rbf/random/seed42.json,259,0
biodolphin_Kd,cold_sequence40,42,frozen_mlm,rbf,uncertainty,4,120,1.6118626979576935,1.9584517258185878,-0.3003243568824523,0.6242774566473989,0.16071428571428573,0.13839285714285715,results/robust_study_v2/runs/biodolphin_Kd/cold_sequence40/esm2_35m/chemberta_mlm/rbf/uncertainty/seed42.json,259,0
biodolphin_Kd,cold_sequence40,42,frozen_mlm,rbf,ucb_balanced,4,120,1.4643476907423307,1.623106177808401,0.2138918759051166,0.9595375722543352,0.6071428571428571,0.4397321428571428,results/robust_study_v2/runs/biodolphin_Kd/cold_sequence40/esm2_35m/chemberta_mlm/rbf/ucb_balanced/seed42.json,259,0
biodolphin_Kd,cold_sequence40,42,frozen_mlm,rbf,thompson,4,120,1.5361836752834408,1.9548823192537372,-0.23272791142224802,0.630057803468208,0.44642857142857145,0.26785714285714285,results/robust_study_v2/runs/biodolphin_Kd/cold_sequence40/esm2_35m/chemberta_mlm/rbf/thompson/seed42.json,259,0
biodolphin_Kd,cold_sequence40,42,frozen_mlm,rbf,prediction_aware_thompson,4,120,1.5204506565039655,1.9064934863216696,-0.14974108256023944,0.6647398843930635,0.30357142857142855,0.1964285714285714,results/robust_study_v2/runs/biodolphin_Kd/cold_sequence40/esm2_35m/chemberta_mlm/rbf/prediction_aware_thompson/seed42.json,259,0
biodolphin_Kd,cold_sequence40,42,frozen_mlm,rbf,variance_reduction,4,120,1.6203687597591427,1.8839214101373996,-0.17437603807404,0.6416184971098265,0.25,0.16294642857142858,results/robust_study_v2/runs/biodolphin_Kd/cold_sequence40/esm2_35m/chemberta_mlm/rbf/variance_reduction/seed42.json,259,0
biodolphin_Kd,cold_sequence40,42,frozen_mlm,matern32,random,4,120,1.5602729934093942,1.9144849619751663,-0.21243485248694594,0.6358381502890174,0.23214285714285715,0.15178571428571427,results/robust_study_v2/runs/biodolphin_Kd/cold_sequence40/esm2_35m/chemberta_mlm/matern32/random/seed42.json,259,0
biodolphin_Kd,cold_sequence40,42,frozen_mlm,matern32,uncertainty,4,120,1.616218839825762,1.961104430763756,-0.3050088870544485,0.6242774566473989,0.16071428571428573,0.13839285714285715,results/robust_study_v2/runs/biodolphin_Kd/cold_sequence40/esm2_35m/chemberta_mlm/matern32/uncertainty/seed42.json,259,0
biodolphin_Kd,cold_sequence40,42,frozen_mlm,matern32,ucb_balanced,4,120,1.4463613819404555,1.8929833609048738,-0.0925247163386893,0.7572254335260116,0.7321428571428571,0.5044642857142857,results/robust_study_v2/runs/biodolphin_Kd/cold_sequence40/esm2_35m/chemberta_mlm/matern32/ucb_balanced/seed42.json,259,0
biodolphin_Kd,cold_sequence40,42,frozen_mlm,matern32,thompson,4,120,1.53694431147593,1.954882394129142,-0.23272783934363028,0.630057803468208,0.44642857142857145,0.26785714285714285,results/robust_study_v2/runs/biodolphin_Kd/cold_sequence40/esm2_35m/chemberta_mlm/matern32/thompson/seed42.json,259,0
biodolphin_Kd,cold_sequence40,42,frozen_mlm,matern32,prediction_aware_thompson,4,120,1.5204501845769471,1.9064933238166601,-0.14974058418739644,0.6647398843930635,0.30357142857142855,0.1964285714285714,results/robust_study_v2/runs/biodolphin_Kd/cold_sequence40/esm2_35m/chemberta_mlm/matern32/prediction_aware_thompson/seed42.json,259,0
biodolphin_Kd,cold_sequence40,42,frozen_mlm,matern32,variance_reduction,4,120,1.6203700782366954,1.883917441556733,-0.17437036916491522,0.6416184971098265,0.25,0.16294642857142858,results/robust_study_v2/runs/biodolphin_Kd/cold_sequence40/esm2_35m/chemberta_mlm/matern32/variance_reduction/seed42.json,259,0
biodolphin_Kd,cold_sequence40,42,lipid_ssl,linear,random,4,120,1.5879629632224017,1.501764405842497,0.2886823300707504,0.8265895953757225,0.23214285714285715,0.15178571428571427,results/adaptation_study/runs/biodolphin_Kd/cold_sequence40/lipid_ssl/linear/random/seed42.json,259,0
biodolphin_Kd,cold_sequence40,42,lipid_ssl,linear,uncertainty,4,120,1.6133119352400636,1.4477809450713195,0.3638989399368515,0.9364161849710982,0.3392857142857143,0.20535714285714288,results/adaptation_study/runs/biodolphin_Kd/cold_sequence40/lipid_ssl/linear/uncertainty/seed42.json,259,0
biodolphin_Kd,cold_sequence40,42,lipid_ssl,linear,ucb_balanced,4,120,1.5004459991441024,1.5399549512135815,0.2932002605703341,0.976878612716763,0.6785714285714286,0.48883928571428575,results/adaptation_study/runs/biodolphin_Kd/cold_sequence40/lipid_ssl/linear/ucb_balanced/seed42.json,259,0
biodolphin_Kd,cold_sequence40,42,lipid_ssl,linear,thompson,4,120,1.6351737038575795,1.5726553447456932,0.22663446845128676,1.0,0.4642857142857143,0.28348214285714285,results/adaptation_study/runs/biodolphin_Kd/cold_sequence40/lipid_ssl/linear/thompson/seed42.json,259,0
biodolphin_Kd,cold_sequence40,42,lipid_ssl,linear,prediction_aware_thompson,4,120,1.6097064503144394,1.7782046941980743,-0.01137174474678937,0.6763005780346821,0.35714285714285715,0.19866071428571427,results/adaptation_study/runs/biodolphin_Kd/cold_sequence40/lipid_ssl/linear/prediction_aware_thompson/seed42.json,259,0
biodolphin_Kd,cold_sequence40,42,lipid_ssl,linear,variance_reduction,4,120,1.6144194090840494,1.4253756453419688,0.39690112913524855,0.9132947976878613,0.23214285714285715,0.16517857142857142,results/adaptation_study/runs/biodolphin_Kd/cold_sequence40/lipid_ssl/linear/variance_reduction/seed42.json,259,0
biodolphin_Kd,cold_sequence40,42,lipid_ssl,rbf,random,4,120,1.5601935057241278,1.9144849860392634,-0.2124348580961568,0.6358381502890174,0.23214285714285715,0.15178571428571427,results/adaptation_study/runs/biodolphin_Kd/cold_sequence40/lipid_ssl/rbf/random/seed42.json,259,0
biodolphin_Kd,cold_sequence40,42,lipid_ssl,rbf,uncertainty,4,120,1.6122557015646384,1.9586216053694903,-0.30062279744086706,0.6242774566473989,0.16071428571428573,0.13839285714285715,results/adaptation_study/runs/biodolphin_Kd/cold_sequence40/lipid_ssl/rbf/uncertainty/seed42.json,259,0
biodolphin_Kd,cold_sequence40,42,lipid_ssl,rbf,ucb_balanced,4,120,1.4329292096684625,1.6848784065658864,0.16224953120894114,0.953757225433526,0.625,0.44196428571428575,results/adaptation_study/runs/biodolphin_Kd/cold_sequence40/lipid_ssl/rbf/ucb_balanced/seed42.json,259,0
biodolphin_Kd,cold_sequence40,42,lipid_ssl,rbf,thompson,4,120,1.5366696158651796,1.9548822879137702,-0.23272785799492657,0.630057803468208,0.44642857142857145,0.26785714285714285,results/adaptation_study/runs/biodolphin_Kd/cold_sequence40/lipid_ssl/rbf/thompson/seed42.json,259,0
biodolphin_Kd,cold_sequence40,42,lipid_ssl,rbf,prediction_aware_thompson,4,120,1.520450793200024,1.9064935333920716,-0.1497412269166205,0.6647398843930635,0.30357142857142855,0.1964285714285714,results/adaptation_study/runs/biodolphin_Kd/cold_sequence40/lipid_ssl/rbf/prediction_aware_thompson/seed42.json,259,0
biodolphin_Kd,cold_sequence40,42,lipid_ssl,rbf,variance_reduction,4,120,1.6203687186215319,1.8839216359399475,-0.17437634635637655,0.6416184971098265,0.25,0.16294642857142858,results/adaptation_study/runs/biodolphin_Kd/cold_sequence40/lipid_ssl/rbf/variance_reduction/seed42.json,259,0
biodolphin_Kd,cold_sequence40,42,lipid_ssl,matern32,random,4,120,1.5606044235366618,1.914485011264017,-0.2124349276428481,0.6358381502890174,0.23214285714285715,0.15178571428571427,results/adaptation_study/runs/biodolphin_Kd/cold_sequence40/lipid_ssl/matern32/random/seed42.json,259,0
biodolphin_Kd,cold_sequence40,42,lipid_ssl,matern32,uncertainty,4,120,1.6162099748283911,1.9611043944606816,-0.30500888167770324,0.6242774566473989,0.16071428571428573,0.13839285714285715,results/adaptation_study/runs/biodolphin_Kd/cold_sequence40/lipid_ssl/matern32/uncertainty/seed42.json,259,0
biodolphin_Kd,cold_sequence40,42,lipid_ssl,matern32,ucb_balanced,4,120,1.3619043148191408,1.8744087776458893,-0.02078930020365144,0.6820809248554913,0.75,0.5111607142857143,results/adaptation_study/runs/biodolphin_Kd/cold_sequence40/lipid_ssl/matern32/ucb_balanced/seed42.json,259,0
biodolphin_Kd,cold_sequence40,42,lipid_ssl,matern32,thompson,4,120,1.5371273961350316,1.9548823592356552,-0.2327278496767804,0.630057803468208,0.44642857142857145,0.26785714285714285,results/adaptation_study/runs/biodolphin_Kd/cold_sequence40/lipid_ssl/matern32/thompson/seed42.json,259,0
biodolphin_Kd,cold_sequence40,42,lipid_ssl,matern32,prediction_aware_thompson,4,120,1.5204476210529745,1.9064924410837973,-0.1497378770232709,0.6647398843930635,0.30357142857142855,0.1964285714285714,results/adaptation_study/runs/biodolphin_Kd/cold_sequence40/lipid_ssl/matern32/prediction_aware_thompson/seed42.json,259,0
biodolphin_Kd,cold_sequence40,42,lipid_ssl,matern32,variance_reduction,4,120,1.620369962671925,1.8839181244379988,-0.17437130396763423,0.6416184971098265,0.25,0.16294642857142858,results/adaptation_study/runs/biodolphin_Kd/cold_sequence40/lipid_ssl/matern32/variance_reduction/seed42.json,259,0
biodolphin_Kd,cold_sequence40,42,initial_label_adapter,linear,random,4,120,1.5830883201243224,1.4933567118003042,0.29556559067571675,0.8265895953757225,0.23214285714285715,0.15178571428571427,results/adaptation_study/runs/biodolphin_Kd/cold_sequence40/initial_label_adapter/linear/random/seed42.json,259,0
biodolphin_Kd,cold_sequence40,42,initial_label_adapter,linear,uncertainty,4,120,1.6037105979441602,1.3578409178762776,0.41278418886403445,0.930635838150289,0.3392857142857143,0.20535714285714288,results/adaptation_study/runs/biodolphin_Kd/cold_sequence40/initial_label_adapter/linear/uncertainty/seed42.json,259,0
biodolphin_Kd,cold_sequence40,42,initial_label_adapter,linear,ucb_balanced,4,120,1.6193430698394504,1.4822867375748305,0.3356577843137929,0.9884393063583815,0.7142857142857143,0.5022321428571429,results/adaptation_study/runs/biodolphin_Kd/cold_sequence40/initial_label_adapter/linear/ucb_balanced/seed42.json,259,0
biodolphin_Kd,cold_sequence40,42,initial_label_adapter,linear,thompson,4,120,1.7164092503209605,1.544543230227607,0.25435160293753933,1.0,0.44642857142857145,0.29464285714285715,results/adaptation_study/runs/biodolphin_Kd/cold_sequence40/initial_label_adapter/linear/thompson/seed42.json,259,0
biodolphin_Kd,cold_sequence40,42,initial_label_adapter,linear,prediction_aware_thompson,4,120,1.4207162383801288,1.3411396757417444,0.38230703301746327,0.9248554913294798,0.3392857142857143,0.1964285714285714,results/adaptation_study/runs/biodolphin_Kd/cold_sequence40/initial_label_adapter/linear/prediction_aware_thompson/seed42.json,259,0
biodolphin_Kd,cold_sequence40,42,initial_label_adapter,linear,variance_reduction,4,120,1.6091357045217292,1.400100254730132,0.4147833095895669,0.9421965317919075,0.23214285714285715,0.16517857142857142,results/adaptation_study/runs/biodolphin_Kd/cold_sequence40/initial_label_adapter/linear/variance_reduction/seed42.json,259,0
biodolphin_Kd,cold_sequence40,42,initial_label_adapter,rbf,random,4,120,1.5598896422709,1.914492205248664,-0.2124428834345775,0.6358381502890174,0.23214285714285715,0.15178571428571427,results/adaptation_study/runs/biodolphin_Kd/cold_sequence40/initial_label_adapter/rbf/random/seed42.json,259,0
biodolphin_Kd,cold_sequence40,42,initial_label_adapter,rbf,uncertainty,4,120,1.6117654409158644,1.9583988794275795,-0.3002438396795677,0.6242774566473989,0.16071428571428573,0.13839285714285715,results/adaptation_study/runs/biodolphin_Kd/cold_sequence40/initial_label_adapter/rbf/uncertainty/seed42.json,259,0
biodolphin_Kd,cold_sequence40,42,initial_label_adapter,rbf,ucb_balanced,4,120,1.4814461522246825,1.9026162207247495,-0.12908355517615933,0.7572254335260116,0.75,0.5111607142857143,results/adaptation_study/runs/biodolphin_Kd/cold_sequence40/initial_label_adapter/rbf/ucb_balanced/seed42.json,259,0
biodolphin_Kd,cold_sequence40,42,initial_label_adapter,rbf,thompson,4,120,1.5366980330955202,1.9548822967368307,-0.23272787283741314,0.630057803468208,0.44642857142857145,0.26785714285714285,results/adaptation_study/runs/biodolphin_Kd/cold_sequence40/initial_label_adapter/rbf/thompson/seed42.json,259,0
biodolphin_Kd,cold_sequence40,42,initial_label_adapter,rbf,prediction_aware_thompson,4,120,1.5160103038806674,1.9049644796792955,-0.14508860854555938,0.6589595375722543,0.2857142857142857,0.19419642857142852,results/adaptation_study/runs/biodolphin_Kd/cold_sequence40/initial_label_adapter/rbf/prediction_aware_thompson/seed42.json,259,0
biodolphin_Kd,cold_sequence40,42,initial_label_adapter,rbf,variance_reduction,4,120,1.620356484422198,1.8839337493201054,-0.17439636079914833,0.6416184971098265,0.25,0.16294642857142858,results/adaptation_study/runs/biodolphin_Kd/cold_sequence40/initial_label_adapter/rbf/variance_reduction/seed42.json,259,0
biodolphin_Kd,cold_sequence40,42,initial_label_adapter,matern32,random,4,120,1.5606439445360472,1.914492203414659,-0.21244287911862392,0.6358381502890174,0.23214285714285715,0.15178571428571427,results/adaptation_study/runs/biodolphin_Kd/cold_sequence40/initial_label_adapter/matern32/random/seed42.json,259,0
biodolphin_Kd,cold_sequence40,42,initial_label_adapter,matern32,uncertainty,4,120,1.616177496900271,1.9610513423362606,-0.30492643930319474,0.6242774566473989,0.16071428571428573,0.13839285714285715,results/adaptation_study/runs/biodolphin_Kd/cold_sequence40/initial_label_adapter/matern32/uncertainty/seed42.json,259,0
biodolphin_Kd,cold_sequence40,42,initial_label_adapter,matern32,ucb_balanced,4,120,1.460412112684964,1.5600965837023955,0.2811508976934274,0.9653179190751445,0.6964285714285714,0.4821428571428572,results/adaptation_study/runs/biodolphin_Kd/cold_sequence40/initial_label_adapter/matern32/ucb_balanced/seed42.json,259,0
biodolphin_Kd,cold_sequence40,42,initial_label_adapter,matern32,thompson,4,120,1.5369418336484904,1.954882394811365,-0.23272783823684984,0.630057803468208,0.44642857142857145,0.26785714285714285,results/adaptation_study/runs/biodolphin_Kd/cold_sequence40/initial_label_adapter/matern32/thompson/seed42.json,259,0
biodolphin_Kd,cold_sequence40,42,initial_label_adapter,matern32,prediction_aware_thompson,4,120,1.5160440356324274,1.9049760949893568,-0.14512367494670575,0.6589595375722543,0.2857142857142857,0.19419642857142852,results/adaptation_study/runs/biodolphin_Kd/cold_sequence40/initial_label_adapter/matern32/prediction_aware_thompson/seed42.json,259,0
biodolphin_Kd,cold_sequence40,42,initial_label_adapter,matern32,variance_reduction,4,120,1.6203578023297331,1.8839297858737645,-0.1743906991913151,0.6416184971098265,0.25,0.16294642857142858,results/adaptation_study/runs/biodolphin_Kd/cold_sequence40/initial_label_adapter/matern32/variance_reduction/seed42.json,259,0
biodolphin_Kd,cold_sequence40,73,frozen_mlm,linear,random,4,120,1.2735336178582202,1.7371373375779138,-0.15179114737640353,0.7225433526011561,0.17543859649122806,0.1293859649122807,results/robust_study_v2/runs/biodolphin_Kd/cold_sequence40/esm2_35m/chemberta_mlm/linear/random/seed73.json,258,0
biodolphin_Kd,cold_sequence40,73,frozen_mlm,linear,uncertainty,4,120,1.2266911334756512,1.9021883455639335,-0.3326648837469868,0.7167630057803468,0.10526315789473684,0.08991228070175439,results/robust_study_v2/runs/biodolphin_Kd/cold_sequence40/esm2_35m/chemberta_mlm/linear/uncertainty/seed73.json,258,0
biodolphin_Kd,cold_sequence40,73,frozen_mlm,linear,ucb_balanced,4,120,1.3554626994219545,1.8354238791453408,-0.25693665830643053,0.8265895953757225,0.8070175438596491,0.6118421052631579,results/robust_study_v2/runs/biodolphin_Kd/cold_sequence40/esm2_35m/chemberta_mlm/linear/ucb_balanced/seed73.json,258,0
biodolphin_Kd,cold_sequence40,73,frozen_mlm,linear,thompson,4,120,1.547735912799446,1.9219411606870977,-0.4400247665549346,0.7514450867052023,0.8070175438596491,0.5021929824561403,results/robust_study_v2/runs/biodolphin_Kd/cold_sequence40/esm2_35m/chemberta_mlm/linear/thompson/seed73.json,258,0
biodolphin_Kd,cold_sequence40,73,frozen_mlm,linear,prediction_aware_thompson,4,120,1.2351538499754975,1.6481813230251996,0.02348936209359387,0.8034682080924855,0.12280701754385964,0.11403508771929825,results/robust_study_v2/runs/biodolphin_Kd/cold_sequence40/esm2_35m/chemberta_mlm/linear/prediction_aware_thompson/seed73.json,258,0
biodolphin_Kd,cold_sequence40,73,frozen_mlm,linear,variance_reduction,4,120,1.2338316647941443,1.632382964873189,0.02437848593024372,0.7630057803468208,0.12280701754385964,0.09210526315789473,results/robust_study_v2/runs/biodolphin_Kd/cold_sequence40/esm2_35m/chemberta_mlm/linear/variance_reduction/seed73.json,258,0
biodolphin_Kd,cold_sequence40,73,frozen_mlm,rbf,random,4,120,1.282257908857952,1.700580687743824,-0.05318664296645337,0.7803468208092486,0.17543859649122806,0.1293859649122807,results/robust_study_v2/runs/biodolphin_Kd/cold_sequence40/esm2_35m/chemberta_mlm/rbf/random/seed73.json,258,0
biodolphin_Kd,cold_sequence40,73,frozen_mlm,rbf,uncertainty,4,120,1.2001508326259935,1.841492085636195,-0.20524325706572277,0.7167630057803468,0.08771929824561403,0.08771929824561403,results/robust_study_v2/runs/biodolphin_Kd/cold_sequence40/esm2_35m/chemberta_mlm/rbf/uncertainty/seed73.json,258,0
biodolphin_Kd,cold_sequence40,73,frozen_mlm,rbf,ucb_balanced,4,120,1.3329762059883548,1.6055209783388926,0.040682040959413635,0.8901734104046243,0.7719298245614035,0.5723684210526315,results/robust_study_v2/runs/biodolphin_Kd/cold_sequence40/esm2_35m/chemberta_mlm/rbf/ucb_balanced/seed73.json,258,0
biodolphin_Kd,cold_sequence40,73,frozen_mlm,rbf,thompson,4,120,1.26188966634787,1.585867814509574,0.05561078919293683,0.8554913294797688,0.7017543859649122,0.3881578947368421,results/robust_study_v2/runs/biodolphin_Kd/cold_sequence40/esm2_35m/chemberta_mlm/rbf/thompson/seed73.json,258,0
biodolphin_Kd,cold_sequence40,73,frozen_mlm,rbf,prediction_aware_thompson,4,120,1.3298989837003212,1.6906962553663072,-0.01811746828319949,0.7630057803468208,0.15789473684210525,0.11842105263157894,results/robust_study_v2/runs/biodolphin_Kd/cold_sequence40/esm2_35m/chemberta_mlm/rbf/prediction_aware_thompson/seed73.json,258,0
biodolphin_Kd,cold_sequence40,73,frozen_mlm,rbf,variance_reduction,4,120,1.2417640961925052,1.6748049703826713,-0.033133969740474445,0.7052023121387283,0.10526315789473684,0.09429824561403509,results/robust_study_v2/runs/biodolphin_Kd/cold_sequence40/esm2_35m/chemberta_mlm/rbf/variance_reduction/seed73.json,258,0
biodolphin_Kd,cold_sequence40,73,frozen_mlm,matern32,random,4,120,1.232241980062959,1.6808263443544391,-0.03263178360539576,0.7687861271676301,0.17543859649122806,0.1293859649122807,results/robust_study_v2/runs/biodolphin_Kd/cold_sequence40/esm2_35m/chemberta_mlm/matern32/random/seed73.json,258,0
biodolphin_Kd,cold_sequence40,73,frozen_mlm,matern32,uncertainty,4,120,1.287221649328855,1.8134347246466642,-0.19216954628792382,0.7167630057803468,0.12280701754385964,0.10087719298245613,results/robust_study_v2/runs/biodolphin_Kd/cold_sequence40/esm2_35m/chemberta_mlm/matern32/uncertainty/seed73.json,258,0
biodolphin_Kd,cold_sequence40,73,frozen_mlm,matern32,ucb_balanced,4,120,1.2679723237047191,1.6419066570308798,-0.0008668722559059816,0.884393063583815,0.8070175438596491,0.581140350877193,results/robust_study_v2/runs/biodolphin_Kd/cold_sequence40/esm2_35m/chemberta_mlm/matern32/ucb_balanced/seed73.json,258,0
biodolphin_Kd,cold_sequence40,73,frozen_mlm,matern32,thompson,4,120,1.3131014399142042,1.576605857712178,0.046975474846376875,0.8670520231213873,0.7719298245614035,0.3969298245614035,results/robust_study_v2/runs/biodolphin_Kd/cold_sequence40/esm2_35m/chemberta_mlm/matern32/thompson/seed73.json,258,0
biodolphin_Kd,cold_sequence40,73,frozen_mlm,matern32,prediction_aware_thompson,4,120,1.2567411203969705,1.6775503861200487,0.019472494782246885,0.7687861271676301,0.14035087719298245,0.1118421052631579,results/robust_study_v2/runs/biodolphin_Kd/cold_sequence40/esm2_35m/chemberta_mlm/matern32/prediction_aware_thompson/seed73.json,258,0
biodolphin_Kd,cold_sequence40,73,frozen_mlm,matern32,variance_reduction,4,120,1.2214135248199223,1.6481250876417768,-0.020352866636894396,0.7630057803468208,0.10526315789473684,0.09429824561403509,results/robust_study_v2/runs/biodolphin_Kd/cold_sequence40/esm2_35m/chemberta_mlm/matern32/variance_reduction/seed73.json,258,0
biodolphin_Kd,cold_sequence40,73,lipid_ssl,linear,random,4,120,1.268925360931531,1.7379965469478076,-0.1551693292533618,0.7225433526011561,0.17543859649122806,0.1293859649122807,results/adaptation_study/runs/biodolphin_Kd/cold_sequence40/lipid_ssl/linear/random/seed73.json,258,0
biodolphin_Kd,cold_sequence40,73,lipid_ssl,linear,uncertainty,4,120,1.145704824570969,1.808135578338846,-0.14820384645869522,0.7630057803468208,0.08771929824561403,0.08771929824561403,results/adaptation_study/runs/biodolphin_Kd/cold_sequence40/lipid_ssl/linear/uncertainty/seed73.json,258,0
biodolphin_Kd,cold_sequence40,73,lipid_ssl,linear,ucb_balanced,4,120,1.340439881545912,1.8091711640913417,-0.21911932853678162,0.838150289017341,0.8070175438596491,0.6118421052631579,results/adaptation_study/runs/biodolphin_Kd/cold_sequence40/lipid_ssl/linear/ucb_balanced/seed73.json,258,0
biodolphin_Kd,cold_sequence40,73,lipid_ssl,linear,thompson,4,120,1.6157167109090322,1.8792511013988455,-0.3982529569107991,0.7861271676300579,0.8421052631578947,0.506578947368421,results/adaptation_study/runs/biodolphin_Kd/cold_sequence40/lipid_ssl/linear/thompson/seed73.json,258,0
biodolphin_Kd,cold_sequence40,73,lipid_ssl,linear,prediction_aware_thompson,4,120,1.28132340862486,1.7261164487204639,-0.09979524566328468,0.7341040462427746,0.14035087719298245,0.12061403508771928,results/adaptation_study/runs/biodolphin_Kd/cold_sequence40/lipid_ssl/linear/prediction_aware_thompson/seed73.json,258,0
biodolphin_Kd,cold_sequence40,73,lipid_ssl,linear,variance_reduction,4,120,1.2245355938481646,1.6376495907156081,0.024188722880450375,0.7630057803468208,0.10526315789473684,0.08991228070175439,results/adaptation_study/runs/biodolphin_Kd/cold_sequence40/lipid_ssl/linear/variance_reduction/seed73.json,258,0
biodolphin_Kd,cold_sequence40,73,lipid_ssl,rbf,random,4,120,1.2810995861825323,1.6984439483016849,-0.04921009805174026,0.7861271676300579,0.17543859649122806,0.1293859649122807,results/adaptation_study/runs/biodolphin_Kd/cold_sequence40/lipid_ssl/rbf/random/seed73.json,258,0
biodolphin_Kd,cold_sequence40,73,lipid_ssl,rbf,uncertainty,4,120,1.2140106176158831,1.9039073761291392,-0.3228745048811932,0.6589595375722543,0.10526315789473684,0.08991228070175439,results/adaptation_study/runs/biodolphin_Kd/cold_sequence40/lipid_ssl/rbf/uncertainty/seed73.json,258,0
biodolphin_Kd,cold_sequence40,73,lipid_ssl,rbf,ucb_balanced,4,120,1.3423164933324225,1.606040348645721,0.03846390939133437,0.884393063583815,0.7719298245614035,0.5723684210526315,results/adaptation_study/runs/biodolphin_Kd/cold_sequence40/lipid_ssl/rbf/ucb_balanced/seed73.json,258,0
biodolphin_Kd,cold_sequence40,73,lipid_ssl,rbf,thompson,4,120,1.3756885616813412,1.5941127294618518,0.043275099180038135,0.8554913294797688,0.7719298245614035,0.3925438596491228,results/adaptation_study/runs/biodolphin_Kd/cold_sequence40/lipid_ssl/rbf/thompson/seed73.json,258,0
biodolphin_Kd,cold_sequence40,73,lipid_ssl,rbf,prediction_aware_thompson,4,120,1.231509562879076,1.6332379794059302,0.020816710865714128,0.8092485549132948,0.22807017543859648,0.13596491228070176,results/adaptation_study/runs/biodolphin_Kd/cold_sequence40/lipid_ssl/rbf/prediction_aware_thompson/seed73.json,258,0
biodolphin_Kd,cold_sequence40,73,lipid_ssl,rbf,variance_reduction,4,120,1.174206784748429,1.644784932333714,0.019078081278523396,0.8034682080924855,0.10526315789473684,0.08991228070175439,results/adaptation_study/runs/biodolphin_Kd/cold_sequence40/lipid_ssl/rbf/variance_reduction/seed73.json,258,0
biodolphin_Kd,cold_sequence40,73,lipid_ssl,matern32,random,4,120,1.2321486307808853,1.6807360387677113,-0.03258071783486072,0.7687861271676301,0.17543859649122806,0.1293859649122807,results/adaptation_study/runs/biodolphin_Kd/cold_sequence40/lipid_ssl/matern32/random/seed73.json,258,0
biodolphin_Kd,cold_sequence40,73,lipid_ssl,matern32,uncertainty,4,120,1.214618080031602,1.6597652007993475,-0.005157895012269931,0.8554913294797688,0.12280701754385964,0.10087719298245613,results/adaptation_study/runs/biodolphin_Kd/cold_sequence40/lipid_ssl/matern32/uncertainty/seed73.json,258,0
biodolphin_Kd,cold_sequence40,73,lipid_ssl,matern32,ucb_balanced,4,120,1.2671096384651535,1.6496495815462981,-0.007136184033786019,0.8901734104046243,0.8070175438596491,0.581140350877193,results/adaptation_study/runs/biodolphin_Kd/cold_sequence40/lipid_ssl/matern32/ucb_balanced/seed73.json,258,0
biodolphin_Kd,cold_sequence40,73,lipid_ssl,matern32,thompson,4,120,1.2505708991010505,1.5982476519424098,0.050477855742300015,0.8554913294797688,0.7017543859649122,0.3881578947368421,results/adaptation_study/runs/biodolphin_Kd/cold_sequence40/lipid_ssl/matern32/thompson/seed73.json,258,0
biodolphin_Kd,cold_sequence40,73,lipid_ssl,matern32,prediction_aware_thompson,4,120,1.2620765221715793,1.6505139824317365,0.0012070428172131775,0.7630057803468208,0.17543859649122806,0.11622807017543858,results/adaptation_study/runs/biodolphin_Kd/cold_sequence40/lipid_ssl/matern32/prediction_aware_thompson/seed73.json,258,0
biodolphin_Kd,cold_sequence40,73,lipid_ssl,matern32,variance_reduction,4,120,1.2204665187544763,1.6570525078085734,0.01406153416692546,0.7109826589595376,0.10526315789473684,0.09429824561403509,results/adaptation_study/runs/biodolphin_Kd/cold_sequence40/lipid_ssl/matern32/variance_reduction/seed73.json,258,0
biodolphin_Kd,cold_sequence40,73,initial_label_adapter,linear,random,4,120,1.2609473612067452,1.740589649513564,-0.13587230621261037,0.7745664739884393,0.17543859649122806,0.1293859649122807,results/adaptation_study/runs/biodolphin_Kd/cold_sequence40/initial_label_adapter/linear/random/seed73.json,258,0
biodolphin_Kd,cold_sequence40,73,initial_label_adapter,linear,uncertainty,4,120,1.2664338687849366,1.986290903976856,-0.45391970289535233,0.6936416184971098,0.15789473684210525,0.11403508771929823,results/adaptation_study/runs/biodolphin_Kd/cold_sequence40/initial_label_adapter/linear/uncertainty/seed73.json,258,0
biodolphin_Kd,cold_sequence40,73,initial_label_adapter,linear,ucb_balanced,4,120,1.3557679847007835,1.8356923417629847,-0.25771555502175425,0.8265895953757225,0.8070175438596491,0.6118421052631579,results/adaptation_study/runs/biodolphin_Kd/cold_sequence40/initial_label_adapter/linear/ucb_balanced/seed73.json,258,0
biodolphin_Kd,cold_sequence40,73,initial_label_adapter,linear,thompson,4,120,1.5473404086031268,1.9218600420551502,-0.4402096192658984,0.7514450867052023,0.8070175438596491,0.5021929824561403,results/adaptation_study/runs/biodolphin_Kd/cold_sequence40/initial_label_adapter/linear/thompson/seed73.json,258,0
biodolphin_Kd,cold_sequence40,73,initial_label_adapter,linear,prediction_aware_thompson,4,120,1.2515542666383919,1.6705466729454694,-0.06660070814092389,0.7341040462427746,0.19298245614035087,0.13157894736842105,results/adaptation_study/runs/biodolphin_Kd/cold_sequence40/initial_label_adapter/linear/prediction_aware_thompson/seed73.json,258,0
biodolphin_Kd,cold_sequence40,73,initial_label_adapter,linear,variance_reduction,4,120,1.2334010375389386,1.6325498439962458,0.024356286786725634,0.7687861271676301,0.12280701754385964,0.09210526315789473,results/adaptation_study/runs/biodolphin_Kd/cold_sequence40/initial_label_adapter/linear/variance_reduction/seed73.json,258,0
biodolphin_Kd,cold_sequence40,73,initial_label_adapter,rbf,random,4,120,1.282327219456939,1.700472653089597,-0.053010155870365505,0.7803468208092486,0.17543859649122806,0.1293859649122807,results/adaptation_study/runs/biodolphin_Kd/cold_sequence40/initial_label_adapter/rbf/random/seed73.json,258,0
biodolphin_Kd,cold_sequence40,73,initial_label_adapter,rbf,uncertainty,4,120,1.1999330886927815,1.8408340574926583,-0.20442980039223335,0.7167630057803468,0.08771929824561403,0.08771929824561403,results/adaptation_study/runs/biodolphin_Kd/cold_sequence40/initial_label_adapter/rbf/uncertainty/seed73.json,258,0
biodolphin_Kd,cold_sequence40,73,initial_label_adapter,rbf,ucb_balanced,4,120,1.332795401603339,1.6057822867210425,0.04051209050811855,0.8901734104046243,0.7719298245614035,0.5723684210526315,results/adaptation_study/runs/biodolphin_Kd/cold_sequence40/initial_label_adapter/rbf/ucb_balanced/seed73.json,258,0
biodolphin_Kd,cold_sequence40,73,initial_label_adapter,rbf,thompson,4,120,1.2867068221255715,1.5902648930520322,0.06071743655481998,0.8554913294797688,0.7894736842105263,0.42105263157894735,results/adaptation_study/runs/biodolphin_Kd/cold_sequence40/initial_label_adapter/rbf/thompson/seed73.json,258,0
biodolphin_Kd,cold_sequence40,73,initial_label_adapter,rbf,prediction_aware_thompson,4,120,1.2271961948117602,1.6102288938282947,0.05853991604017028,0.838150289017341,0.21052631578947367,0.125,results/adaptation_study/runs/biodolphin_Kd/cold_sequence40/initial_label_adapter/rbf/prediction_aware_thompson/seed73.json,258,0
biodolphin_Kd,cold_sequence40,73,initial_label_adapter,rbf,variance_reduction,4,120,1.2400408817153592,1.6700111183446908,-0.028239532093022657,0.7167630057803468,0.10526315789473684,0.09429824561403509,results/adaptation_study/runs/biodolphin_Kd/cold_sequence40/initial_label_adapter/rbf/variance_reduction/seed73.json,258,0
biodolphin_Kd,cold_sequence40,73,initial_label_adapter,matern32,random,4,120,1.2321682471855013,1.6807693809198376,-0.03259818839511275,0.7687861271676301,0.17543859649122806,0.1293859649122807,results/adaptation_study/runs/biodolphin_Kd/cold_sequence40/initial_label_adapter/matern32/random/seed73.json,258,0
biodolphin_Kd,cold_sequence40,73,initial_label_adapter,matern32,uncertainty,4,120,1.2874903187437823,1.7875109858935772,-0.19534043559966552,0.6820809248554913,0.12280701754385964,0.10087719298245613,results/adaptation_study/runs/biodolphin_Kd/cold_sequence40/initial_label_adapter/matern32/uncertainty/seed73.json,258,0
biodolphin_Kd,cold_sequence40,73,initial_label_adapter,matern32,ucb_balanced,4,120,1.2681098852206205,1.6421257347174867,-0.0010785892450320134,0.884393063583815,0.8070175438596491,0.581140350877193,results/adaptation_study/runs/biodolphin_Kd/cold_sequence40/initial_label_adapter/matern32/ucb_balanced/seed73.json,258,0
biodolphin_Kd,cold_sequence40,73,initial_label_adapter,matern32,thompson,4,120,1.2738223997544318,1.630807224429215,0.028665757997649477,0.8208092485549133,0.7543859649122807,0.4078947368421053,results/adaptation_study/runs/biodolphin_Kd/cold_sequence40/initial_label_adapter/matern32/thompson/seed73.json,258,0
biodolphin_Kd,cold_sequence40,73,initial_label_adapter,matern32,prediction_aware_thompson,4,120,1.343772806390379,1.651619640527748,0.00906947557020954,0.7225433526011561,0.17543859649122806,0.125,results/adaptation_study/runs/biodolphin_Kd/cold_sequence40/initial_label_adapter/matern32/prediction_aware_thompson/seed73.json,258,0
biodolphin_Kd,cold_sequence40,73,initial_label_adapter,matern32,variance_reduction,4,120,1.2347613938269661,1.6469596023794904,-0.010807210292391511,0.7283236994219653,0.10526315789473684,0.09429824561403509,results/adaptation_study/runs/biodolphin_Kd/cold_sequence40/initial_label_adapter/matern32/variance_reduction/seed73.json,258,0
biodolphin_Kd,cold_sequence40,101,frozen_mlm,linear,random,4,120,1.7262545808852328,1.1796674136378402,0.0341684740014222,0.9075144508670521,0.22413793103448276,0.14224137931034483,results/robust_study_v2/runs/biodolphin_Kd/cold_sequence40/esm2_35m/chemberta_mlm/linear/random/seed101.json,258,0
biodolphin_Kd,cold_sequence40,101,frozen_mlm,linear,uncertainty,4,120,1.5039919227982734,1.2176748059564333,0.07784944697455942,0.9017341040462428,0.08620689655172414,0.06465517241379311,results/robust_study_v2/runs/biodolphin_Kd/cold_sequence40/esm2_35m/chemberta_mlm/linear/uncertainty/seed101.json,258,0
biodolphin_Kd,cold_sequence40,101,frozen_mlm,linear,ucb_balanced,4,120,2.005132487806784,1.4936107202928595,-0.3449079433718947,0.8786127167630058,0.5344827586206896,0.44827586206896547,results/robust_study_v2/runs/biodolphin_Kd/cold_sequence40/esm2_35m/chemberta_mlm/linear/ucb_balanced/seed101.json,258,0
biodolphin_Kd,cold_sequence40,101,frozen_mlm,linear,thompson,4,120,1.894065842365166,1.3967317455504074,-0.2965692716170032,0.9942196531791907,0.2413793103448276,0.1875,results/robust_study_v2/runs/biodolphin_Kd/cold_sequence40/esm2_35m/chemberta_mlm/linear/thompson/seed101.json,258,0
biodolphin_Kd,cold_sequence40,101,frozen_mlm,linear,prediction_aware_thompson,4,120,1.5706765607314785,1.2032056911051703,0.03870932945755612,0.9017341040462428,0.1724137931034483,0.10560344827586206,results/robust_study_v2/runs/biodolphin_Kd/cold_sequence40/esm2_35m/chemberta_mlm/linear/prediction_aware_thompson/seed101.json,258,0
biodolphin_Kd,cold_sequence40,101,frozen_mlm,linear,variance_reduction,4,120,1.5649778073087424,1.2321313327520007,0.008404549653515225,0.8959537572254336,0.08620689655172414,0.0689655172413793,results/robust_study_v2/runs/biodolphin_Kd/cold_sequence40/esm2_35m/chemberta_mlm/linear/variance_reduction/seed101.json,258,0
biodolphin_Kd,cold_sequence40,101,frozen_mlm,rbf,random,4,120,1.602208760183533,1.299770233261698,-0.038629189511528716,0.9075144508670521,0.22413793103448276,0.14224137931034483,results/robust_study_v2/runs/biodolphin_Kd/cold_sequence40/esm2_35m/chemberta_mlm/rbf/random/seed101.json,258,0
biodolphin_Kd,cold_sequence40,101,frozen_mlm,rbf,uncertainty,4,120,1.474258451271044,1.1991717133641029,0.07861693658937907,0.9132947976878613,0.08620689655172414,0.07327586206896552,results/robust_study_v2/runs/biodolphin_Kd/cold_sequence40/esm2_35m/chemberta_mlm/rbf/uncertainty/seed101.json,258,0
biodolphin_Kd,cold_sequence40,101,frozen_mlm,rbf,ucb_balanced,4,120,1.8398310394024329,1.5247438052046343,-0.40546974696068894,0.7976878612716763,0.8103448275862069,0.5818965517241379,results/robust_study_v2/runs/biodolphin_Kd/cold_sequence40/esm2_35m/chemberta_mlm/rbf/ucb_balanced/seed101.json,258,0
biodolphin_Kd,cold_sequence40,101,frozen_mlm,rbf,thompson,4,120,1.73369508523466,1.3512962546987382,-0.1965811984166035,0.861271676300578,0.8103448275862069,0.39655172413793105,results/robust_study_v2/runs/biodolphin_Kd/cold_sequence40/esm2_35m/chemberta_mlm/rbf/thompson/seed101.json,258,0
biodolphin_Kd,cold_sequence40,101,frozen_mlm,rbf,prediction_aware_thompson,4,120,1.558200538739307,1.3203656856059232,-0.07199001117744519,0.8497109826589595,0.25862068965517243,0.15948275862068964,results/robust_study_v2/runs/biodolphin_Kd/cold_sequence40/esm2_35m/chemberta_mlm/rbf/prediction_aware_thompson/seed101.json,258,0
biodolphin_Kd,cold_sequence40,101,frozen_mlm,rbf,variance_reduction,4,120,1.384262409314903,1.294835062768343,-0.024122739506269752,0.8901734104046243,0.13793103448275862,0.09267241379310344,results/robust_study_v2/runs/biodolphin_Kd/cold_sequence40/esm2_35m/chemberta_mlm/rbf/variance_reduction/seed101.json,258,0
biodolphin_Kd,cold_sequence40,101,frozen_mlm,matern32,random,4,120,1.6992833619879404,1.1941858212130936,0.07771507553507262,0.9075144508670521,0.22413793103448276,0.14224137931034483,results/robust_study_v2/runs/biodolphin_Kd/cold_sequence40/esm2_35m/chemberta_mlm/matern32/random/seed101.json,258,0
biodolphin_Kd,cold_sequence40,101,frozen_mlm,matern32,uncertainty,4,120,1.4570870447471116,1.2174019898823136,0.059965471935183534,0.861271676300578,0.08620689655172414,0.07327586206896552,results/robust_study_v2/runs/biodolphin_Kd/cold_sequence40/esm2_35m/chemberta_mlm/matern32/uncertainty/seed101.json,258,0
biodolphin_Kd,cold_sequence40,101,frozen_mlm,matern32,ucb_balanced,4,120,1.942627602024686,1.6213343637580677,-0.5941597167731594,0.7630057803468208,0.8103448275862069,0.5689655172413793,results/robust_study_v2/runs/biodolphin_Kd/cold_sequence40/esm2_35m/chemberta_mlm/matern32/ucb_balanced/seed101.json,258,0
biodolphin_Kd,cold_sequence40,101,frozen_mlm,matern32,thompson,4,120,1.6090224324318299,1.3577550357687762,-0.16830878252521075,0.8034682080924855,0.7241379310344828,0.3685344827586207,results/robust_study_v2/runs/biodolphin_Kd/cold_sequence40/esm2_35m/chemberta_mlm/matern32/thompson/seed101.json,258,0
biodolphin_Kd,cold_sequence40,101,frozen_mlm,matern32,prediction_aware_thompson,4,120,1.6504653774667197,1.4124103854530534,-0.28101066016670084,0.7861271676300579,0.25862068965517243,0.15948275862068964,results/robust_study_v2/runs/biodolphin_Kd/cold_sequence40/esm2_35m/chemberta_mlm/matern32/prediction_aware_thompson/seed101.json,258,0
biodolphin_Kd,cold_sequence40,101,frozen_mlm,matern32,variance_reduction,4,120,1.4951883268209107,1.3233973004656203,-0.1375934180745757,0.8208092485549133,0.13793103448275862,0.09267241379310344,results/robust_study_v2/runs/biodolphin_Kd/cold_sequence40/esm2_35m/chemberta_mlm/matern32/variance_reduction/seed101.json,258,0
biodolphin_Kd,cold_sequence40,101,lipid_ssl,linear,random,4,120,1.7167071865038586,1.1889282597864386,0.033475078957953985,0.9075144508670521,0.22413793103448276,0.14224137931034483,results/adaptation_study/runs/biodolphin_Kd/cold_sequence40/lipid_ssl/linear/random/seed101.json,258,0
biodolphin_Kd,cold_sequence40,101,lipid_ssl,linear,uncertainty,4,120,1.4753085436364277,1.2339737627461562,0.045880817186078615,0.9017341040462428,0.08620689655172414,0.06465517241379311,results/adaptation_study/runs/biodolphin_Kd/cold_sequence40/lipid_ssl/linear/uncertainty/seed101.json,258,0
biodolphin_Kd,cold_sequence40,101,lipid_ssl,linear,ucb_balanced,4,120,1.911257553397937,1.3842242480900357,-0.13808113298456837,0.9075144508670521,0.5689655172413793,0.46120689655172414,results/adaptation_study/runs/biodolphin_Kd/cold_sequence40/lipid_ssl/linear/ucb_balanced/seed101.json,258,0
biodolphin_Kd,cold_sequence40,101,lipid_ssl,linear,thompson,4,120,2.259099708403185,1.9330774757586302,-1.3816301029717346,0.9595375722543352,0.22413793103448276,0.18534482758620688,results/adaptation_study/runs/biodolphin_Kd/cold_sequence40/lipid_ssl/linear/thompson/seed101.json,258,0
biodolphin_Kd,cold_sequence40,101,lipid_ssl,linear,prediction_aware_thompson,4,120,1.6245559470047004,1.2727642989825383,-0.05790485868911732,0.9190751445086706,0.22413793103448276,0.10775862068965518,results/adaptation_study/runs/biodolphin_Kd/cold_sequence40/lipid_ssl/linear/prediction_aware_thompson/seed101.json,258,0
biodolphin_Kd,cold_sequence40,101,lipid_ssl,linear,variance_reduction,4,120,1.5591528970300192,1.2443674527773074,-0.0016800482906422776,0.9075144508670521,0.10344827586206896,0.07112068965517242,results/adaptation_study/runs/biodolphin_Kd/cold_sequence40/lipid_ssl/linear/variance_reduction/seed101.json,258,0
biodolphin_Kd,cold_sequence40,101,lipid_ssl,rbf,random,4,120,1.602209236288167,1.2997704618785966,-0.038629601289634774,0.9075144508670521,0.22413793103448276,0.14224137931034483,results/adaptation_study/runs/biodolphin_Kd/cold_sequence40/lipid_ssl/rbf/random/seed101.json,258,0
biodolphin_Kd,cold_sequence40,101,lipid_ssl,rbf,uncertainty,4,120,1.6320539933245957,1.2831818377860948,-0.10051686707539464,0.8670520231213873,0.08620689655172414,0.07327586206896552,results/adaptation_study/runs/biodolphin_Kd/cold_sequence40/lipid_ssl/rbf/uncertainty/seed101.json,258,0
biodolphin_Kd,cold_sequence40,101,lipid_ssl,rbf,ucb_balanced,4,120,1.8398789977731256,1.523948856885741,-0.4044431699017441,0.791907514450867,0.8103448275862069,0.5818965517241379,results/adaptation_study/runs/biodolphin_Kd/cold_sequence40/lipid_ssl/rbf/ucb_balanced/seed101.json,258,0
biodolphin_Kd,cold_sequence40,101,lipid_ssl,rbf,thompson,4,120,1.7301200835941817,1.353626702019668,-0.2013468111002663,0.8497109826589595,0.8103448275862069,0.39655172413793105,results/adaptation_study/runs/biodolphin_Kd/cold_sequence40/lipid_ssl/rbf/thompson/seed101.json,258,0
biodolphin_Kd,cold_sequence40,101,lipid_ssl,rbf,prediction_aware_thompson,4,120,1.5582006927632133,1.320365739247292,-0.07199007026351723,0.8497109826589595,0.25862068965517243,0.15948275862068964,results/adaptation_study/runs/biodolphin_Kd/cold_sequence40/lipid_ssl/rbf/prediction_aware_thompson/seed101.json,258,0
biodolphin_Kd,cold_sequence40,101,lipid_ssl,rbf,variance_reduction,4,120,1.3842624388920772,1.2948346399930664,-0.024121975038464916,0.8901734104046243,0.13793103448275862,0.09267241379310344,results/adaptation_study/runs/biodolphin_Kd/cold_sequence40/lipid_ssl/rbf/variance_reduction/seed101.json,258,0
biodolphin_Kd,cold_sequence40,101,lipid_ssl,matern32,random,4,120,1.695607805993078,1.1985861166813552,0.07220205614040043,0.9075144508670521,0.22413793103448276,0.14224137931034483,results/adaptation_study/runs/biodolphin_Kd/cold_sequence40/lipid_ssl/matern32/random/seed101.json,258,0
biodolphin_Kd,cold_sequence40,101,lipid_ssl,matern32,uncertainty,4,120,1.485476666926551,1.1926968542250371,0.0783006531232191,0.8786127167630058,0.08620689655172414,0.07327586206896552,results/adaptation_study/runs/biodolphin_Kd/cold_sequence40/lipid_ssl/matern32/uncertainty/seed101.json,258,0
biodolphin_Kd,cold_sequence40,101,lipid_ssl,matern32,ucb_balanced,4,120,1.8109529099351636,1.5020243495136765,-0.36630510645542813,0.838150289017341,0.8103448275862069,0.5818965517241379,results/adaptation_study/runs/biodolphin_Kd/cold_sequence40/lipid_ssl/matern32/ucb_balanced/seed101.json,258,0
biodolphin_Kd,cold_sequence40,101,lipid_ssl,matern32,thompson,4,120,1.6089461670818312,1.356248520637664,-0.16782756970280044,0.8034682080924855,0.7241379310344828,0.3685344827586207,results/adaptation_study/runs/biodolphin_Kd/cold_sequence40/lipid_ssl/matern32/thompson/seed101.json,258,0
biodolphin_Kd,cold_sequence40,101,lipid_ssl,matern32,prediction_aware_thompson,4,120,1.6528227909907323,1.4127114960060405,-0.282207331877816,0.791907514450867,0.25862068965517243,0.15948275862068964,results/adaptation_study/runs/biodolphin_Kd/cold_sequence40/lipid_ssl/matern32/prediction_aware_thompson/seed101.json,258,0
biodolphin_Kd,cold_sequence40,101,lipid_ssl,matern32,variance_reduction,4,120,1.4066546603610306,1.2625394937084835,-0.009692109290293072,0.9132947976878613,0.13793103448275862,0.09267241379310344,results/adaptation_study/runs/biodolphin_Kd/cold_sequence40/lipid_ssl/matern32/variance_reduction/seed101.json,258,0
biodolphin_Kd,cold_sequence40,101,initial_label_adapter,linear,random,4,120,1.7263521347685584,1.179620785315891,0.03426865934712908,0.9075144508670521,0.22413793103448276,0.14224137931034483,results/adaptation_study/runs/biodolphin_Kd/cold_sequence40/initial_label_adapter/linear/random/seed101.json,258,0
biodolphin_Kd,cold_sequence40,101,initial_label_adapter,linear,uncertainty,4,120,1.5850834508997351,1.2149954612700995,0.08263245310595269,0.9132947976878613,0.1206896551724138,0.07327586206896552,results/adaptation_study/runs/biodolphin_Kd/cold_sequence40/initial_label_adapter/linear/uncertainty/seed101.json,258,0
biodolphin_Kd,cold_sequence40,101,initial_label_adapter,linear,ucb_balanced,4,120,2.0056787579749566,1.4939570798651494,-0.34501479606469365,0.8786127167630058,0.5344827586206896,0.44827586206896547,results/adaptation_study/runs/biodolphin_Kd/cold_sequence40/initial_label_adapter/linear/ucb_balanced/seed101.json,258,0
biodolphin_Kd,cold_sequence40,101,initial_label_adapter,linear,thompson,4,120,1.8957548574341447,1.3970179073175975,-0.29695740704772766,0.9942196531791907,0.2413793103448276,0.1875,results/adaptation_study/runs/biodolphin_Kd/cold_sequence40/initial_label_adapter/linear/thompson/seed101.json,258,0
biodolphin_Kd,cold_sequence40,101,initial_label_adapter,linear,prediction_aware_thompson,4,120,1.555825997167868,1.1893357820109467,0.06001288423901219,0.9017341040462428,0.1896551724137931,0.1120689655172414,results/adaptation_study/runs/biodolphin_Kd/cold_sequence40/initial_label_adapter/linear/prediction_aware_thompson/seed101.json,258,0
biodolphin_Kd,cold_sequence40,101,initial_label_adapter,linear,variance_reduction,4,120,1.5569420725719716,1.2400020792468804,-0.0017282567398950732,0.9075144508670521,0.08620689655172414,0.0689655172413793,results/adaptation_study/runs/biodolphin_Kd/cold_sequence40/initial_label_adapter/linear/variance_reduction/seed101.json,258,0
biodolphin_Kd,cold_sequence40,101,initial_label_adapter,rbf,random,4,120,1.6021990993323045,1.2997553326928044,-0.038608384195780054,0.9075144508670521,0.22413793103448276,0.14224137931034483,results/adaptation_study/runs/biodolphin_Kd/cold_sequence40/initial_label_adapter/rbf/random/seed101.json,258,0
biodolphin_Kd,cold_sequence40,101,initial_label_adapter,rbf,uncertainty,4,120,1.4742681303127563,1.1990551303011765,0.0786571409697353,0.9132947976878613,0.08620689655172414,0.07327586206896552,results/adaptation_study/runs/biodolphin_Kd/cold_sequence40/initial_label_adapter/rbf/uncertainty/seed101.json,258,0
biodolphin_Kd,cold_sequence40,101,initial_label_adapter,rbf,ucb_balanced,4,120,1.943298633045934,1.6213504735266393,-0.5941573362381725,0.7630057803468208,0.8103448275862069,0.5689655172413793,results/adaptation_study/runs/biodolphin_Kd/cold_sequence40/initial_label_adapter/rbf/ucb_balanced/seed101.json,258,0
biodolphin_Kd,cold_sequence40,101,initial_label_adapter,rbf,thompson,4,120,1.7335900973688596,1.3512979565956058,-0.19668206809334454,0.861271676300578,0.8103448275862069,0.39655172413793105,results/adaptation_study/runs/biodolphin_Kd/cold_sequence40/initial_label_adapter/rbf/thompson/seed101.json,258,0
biodolphin_Kd,cold_sequence40,101,initial_label_adapter,rbf,prediction_aware_thompson,4,120,1.5582659388265774,1.3203046110477294,-0.07190621565569066,0.8497109826589595,0.25862068965517243,0.15948275862068964,results/adaptation_study/runs/biodolphin_Kd/cold_sequence40/initial_label_adapter/rbf/prediction_aware_thompson/seed101.json,258,0
biodolphin_Kd,cold_sequence40,101,initial_label_adapter,rbf,variance_reduction,4,120,1.384322130348023,1.294741538246968,-0.023940905702566573,0.8901734104046243,0.13793103448275862,0.09267241379310344,results/adaptation_study/runs/biodolphin_Kd/cold_sequence40/initial_label_adapter/rbf/variance_reduction/seed101.json,258,0
biodolphin_Kd,cold_sequence40,101,initial_label_adapter,matern32,random,4,120,1.6997433249012324,1.1941457327129263,0.07764531119628915,0.9075144508670521,0.22413793103448276,0.14224137931034483,results/adaptation_study/runs/biodolphin_Kd/cold_sequence40/initial_label_adapter/matern32/random/seed101.json,258,0
biodolphin_Kd,cold_sequence40,101,initial_label_adapter,matern32,uncertainty,4,120,1.6152567759732404,1.3525657791955388,-0.15044023646390858,0.8786127167630058,0.06896551724137931,0.06249999999999999,results/adaptation_study/runs/biodolphin_Kd/cold_sequence40/initial_label_adapter/matern32/uncertainty/seed101.json,258,0
biodolphin_Kd,cold_sequence40,101,initial_label_adapter,matern32,ucb_balanced,4,120,1.9426594031509303,1.6212954663271764,-0.5940879084431416,0.7630057803468208,0.8103448275862069,0.5689655172413793,results/adaptation_study/runs/biodolphin_Kd/cold_sequence40/initial_label_adapter/matern32/ucb_balanced/seed101.json,258,1
biodolphin_Kd,cold_sequence40,101,initial_label_adapter,matern32,thompson,4,120,1.6090312396004756,1.357813611082668,-0.16841781881997808,0.8034682080924855,0.7241379310344828,0.3685344827586207,results/adaptation_study/runs/biodolphin_Kd/cold_sequence40/initial_label_adapter/matern32/thompson/seed101.json,258,0
biodolphin_Kd,cold_sequence40,101,initial_label_adapter,matern32,prediction_aware_thompson,4,120,1.5080375751039952,1.2877686438811464,-0.019534831302193467,0.8728323699421965,0.22413793103448276,0.15086206896551724,results/adaptation_study/runs/biodolphin_Kd/cold_sequence40/initial_label_adapter/matern32/prediction_aware_thompson/seed101.json,258,0
biodolphin_Kd,cold_sequence40,101,initial_label_adapter,matern32,variance_reduction,4,120,1.4004760862659482,1.2727455271786496,0.014496602982097428,0.8670520231213873,0.13793103448275862,0.09267241379310344,results/adaptation_study/runs/biodolphin_Kd/cold_sequence40/initial_label_adapter/matern32/variance_reduction/seed101.json,258,0
biodolphin_Kd,cold_sequence40,137,frozen_mlm,linear,random,4,120,1.060448290738954,1.3999195023596873,0.032568236585360455,0.9723756906077348,0.23214285714285715,0.15401785714285712,results/robust_study_v2/runs/biodolphin_Kd/cold_sequence40/esm2_35m/chemberta_mlm/linear/random/seed137.json,258,0
biodolphin_Kd,cold_sequence40,137,frozen_mlm,linear,uncertainty,4,120,1.5659882173601052,1.7336778567272166,-0.4829170052213272,0.9723756906077348,0.03571428571428571,0.03571428571428571,results/robust_study_v2/runs/biodolphin_Kd/cold_sequence40/esm2_35m/chemberta_mlm/linear/uncertainty/seed137.json,258,0
biodolphin_Kd,cold_sequence40,137,frozen_mlm,linear,ucb_balanced,4,120,1.3521547396938176,1.512170792227345,-0.12292140648956518,0.9337016574585635,0.7857142857142857,0.6026785714285715,results/robust_study_v2/runs/biodolphin_Kd/cold_sequence40/esm2_35m/chemberta_mlm/linear/ucb_balanced/seed137.json,258,0
biodolphin_Kd,cold_sequence40,137,frozen_mlm,linear,thompson,4,120,1.5252511095972654,1.507103107933639,-0.1881320613557329,0.9502762430939227,0.5,0.38839285714285715,results/robust_study_v2/runs/biodolphin_Kd/cold_sequence40/esm2_35m/chemberta_mlm/linear/thompson/seed137.json,258,0
biodolphin_Kd,cold_sequence40,137,frozen_mlm,linear,prediction_aware_thompson,4,120,1.0626365597198002,1.3443685875007578,0.07208842350631006,0.8839779005524862,0.14285714285714285,0.08482142857142856,results/robust_study_v2/runs/biodolphin_Kd/cold_sequence40/esm2_35m/chemberta_mlm/linear/prediction_aware_thompson/seed137.json,258,0
biodolphin_Kd,cold_sequence40,137,frozen_mlm,linear,variance_reduction,4,120,1.1420044052687583,1.3436400364697973,0.04123918700311047,0.8839779005524862,0.10714285714285714,0.044642857142857144,results/robust_study_v2/runs/biodolphin_Kd/cold_sequence40/esm2_35m/chemberta_mlm/linear/variance_reduction/seed137.json,258,0
biodolphin_Kd,cold_sequence40,137,frozen_mlm,rbf,random,4,120,1.0931948640401004,1.3713215405026704,0.02726287360826518,0.8729281767955801,0.23214285714285715,0.15401785714285712,results/robust_study_v2/runs/biodolphin_Kd/cold_sequence40/esm2_35m/chemberta_mlm/rbf/random/seed137.json,258,0
biodolphin_Kd,cold_sequence40,137,frozen_mlm,rbf,uncertainty,4,120,1.0007959230517633,1.3955106373736033,0.015771327017428782,0.9171270718232044,0.08928571428571429,0.055803571428571425,results/robust_study_v2/runs/biodolphin_Kd/cold_sequence40/esm2_35m/chemberta_mlm/rbf/uncertainty/seed137.json,258,0
biodolphin_Kd,cold_sequence40,137,frozen_mlm,rbf,ucb_balanced,4,120,1.1303962244949317,1.3686799330332793,0.08064782716042729,0.9613259668508287,0.8571428571428571,0.6116071428571428,results/robust_study_v2/runs/biodolphin_Kd/cold_sequence40/esm2_35m/chemberta_mlm/rbf/ucb_balanced/seed137.json,258,0
biodolphin_Kd,cold_sequence40,137,frozen_mlm,rbf,thompson,4,120,1.143723118566326,1.3838458218881646,0.0115236147251363,0.8895027624309392,0.7142857142857143,0.41517857142857145,results/robust_study_v2/runs/biodolphin_Kd/cold_sequence40/esm2_35m/chemberta_mlm/rbf/thompson/seed137.json,258,0
biodolphin_Kd,cold_sequence40,137,frozen_mlm,rbf,prediction_aware_thompson,4,120,1.0470901627910145,1.3361437610242053,0.08745627585496651,0.8950276243093923,0.17857142857142858,0.08035714285714285,results/robust_study_v2/runs/biodolphin_Kd/cold_sequence40/esm2_35m/chemberta_mlm/rbf/prediction_aware_thompson/seed137.json,258,0
biodolphin_Kd,cold_sequence40,137,frozen_mlm,rbf,variance_reduction,4,120,1.168121883808597,1.3201788177741718,0.09280286565723295,0.9171270718232044,0.10714285714285714,0.05357142857142857,results/robust_study_v2/runs/biodolphin_Kd/cold_sequence40/esm2_35m/chemberta_mlm/rbf/variance_reduction/seed137.json,258,0
biodolphin_Kd,cold_sequence40,137,frozen_mlm,matern32,random,4,120,1.0831072734948242,1.3470054429636693,0.073260009584312,0.8729281767955801,0.23214285714285715,0.15401785714285712,results/robust_study_v2/runs/biodolphin_Kd/cold_sequence40/esm2_35m/chemberta_mlm/matern32/random/seed137.json,258,0
biodolphin_Kd,cold_sequence40,137,frozen_mlm,matern32,uncertainty,4,120,1.013493799395421,1.3926455284848347,0.01390763220678437,0.8839779005524862,0.05357142857142857,0.051339285714285705,results/robust_study_v2/runs/biodolphin_Kd/cold_sequence40/esm2_35m/chemberta_mlm/matern32/uncertainty/seed137.json,258,0
biodolphin_Kd,cold_sequence40,137,frozen_mlm,matern32,ucb_balanced,4,120,1.0970805855183727,1.372807539178165,0.08256292887067329,0.9834254143646409,0.875,0.6049107142857143,results/robust_study_v2/runs/biodolphin_Kd/cold_sequence40/esm2_35m/chemberta_mlm/matern32/ucb_balanced/seed137.json,258,0
biodolphin_Kd,cold_sequence40,137,frozen_mlm,matern32,thompson,4,120,1.0949584471441207,1.3665999131639053,0.09558243154560697,0.9281767955801105,0.7678571428571429,0.41294642857142855,results/robust_study_v2/runs/biodolphin_Kd/cold_sequence40/esm2_35m/chemberta_mlm/matern32/thompson/seed137.json,258,0
biodolphin_Kd,cold_sequence40,137,frozen_mlm,matern32,prediction_aware_thompson,4,120,1.0993966822867267,1.3502644175277818,0.04423190269181232,0.9281767955801105,0.125,0.07366071428571429,results/robust_study_v2/runs/biodolphin_Kd/cold_sequence40/esm2_35m/chemberta_mlm/matern32/prediction_aware_thompson/seed137.json,258,0
biodolphin_Kd,cold_sequence40,137,frozen_mlm,matern32,variance_reduction,4,120,1.1503496312662473,1.3465010843772751,0.0687271545686533,0.9116022099447514,0.08928571428571429,0.05133928571428572,results/robust_study_v2/runs/biodolphin_Kd/cold_sequence40/esm2_35m/chemberta_mlm/matern32/variance_reduction/seed137.json,258,0
biodolphin_Kd,cold_sequence40,137,lipid_ssl,linear,random,4,120,1.0653947359065667,1.4388489593377394,-0.024521116351598593,0.9613259668508287,0.23214285714285715,0.15401785714285712,results/adaptation_study/runs/biodolphin_Kd/cold_sequence40/lipid_ssl/linear/random/seed137.json,258,0
biodolphin_Kd,cold_sequence40,137,lipid_ssl,linear,uncertainty,4,120,1.2088042199837563,1.3337030995907528,0.0951470166411722,0.8895027624309392,0.03571428571428571,0.03571428571428571,results/adaptation_study/runs/biodolphin_Kd/cold_sequence40/lipid_ssl/linear/uncertainty/seed137.json,258,0
biodolphin_Kd,cold_sequence40,137,lipid_ssl,linear,ucb_balanced,4,120,1.41153496970874,1.4601557936383096,-0.1016688244176367,0.9060773480662984,0.7857142857142857,0.6026785714285715,results/adaptation_study/runs/biodolphin_Kd/cold_sequence40/lipid_ssl/linear/ucb_balanced/seed137.json,258,0
biodolphin_Kd,cold_sequence40,137,lipid_ssl,linear,thompson,4,120,1.2251800585251675,1.388276865859571,0.11177343858633948,1.0,0.44642857142857145,0.34598214285714285,results/adaptation_study/runs/biodolphin_Kd/cold_sequence40/lipid_ssl/linear/thompson/seed137.json,258,0
biodolphin_Kd,cold_sequence40,137,lipid_ssl,linear,prediction_aware_thompson,4,120,1.0738008066124975,1.3430574681473406,0.0444423134377806,0.9281767955801105,0.14285714285714285,0.08928571428571429,results/adaptation_study/runs/biodolphin_Kd/cold_sequence40/lipid_ssl/linear/prediction_aware_thompson/seed137.json,258,0
biodolphin_Kd,cold_sequence40,137,lipid_ssl,linear,variance_reduction,4,120,1.11741504590648,1.3235503380331344,0.07823535247574853,0.8895027624309392,0.10714285714285714,0.04910714285714285,results/adaptation_study/runs/biodolphin_Kd/cold_sequence40/lipid_ssl/linear/variance_reduction/seed137.json,258,0
biodolphin_Kd,cold_sequence40,137,lipid_ssl,rbf,random,4,120,1.091313066580766,1.3708707737524437,0.025730083092708855,0.8729281767955801,0.23214285714285715,0.15401785714285712,results/adaptation_study/runs/biodolphin_Kd/cold_sequence40/lipid_ssl/rbf/random/seed137.json,258,0
biodolphin_Kd,cold_sequence40,137,lipid_ssl,rbf,uncertainty,4,120,0.9962007669950512,1.3973241707465132,0.01462163467383315,0.9171270718232044,0.08928571428571429,0.055803571428571425,results/adaptation_study/runs/biodolphin_Kd/cold_sequence40/lipid_ssl/rbf/uncertainty/seed137.json,258,0
biodolphin_Kd,cold_sequence40,137,lipid_ssl,rbf,ucb_balanced,4,120,1.0684789061056157,1.3641904107153715,0.06017772340111416,0.9834254143646409,0.9107142857142857,0.6049107142857143,results/adaptation_study/runs/biodolphin_Kd/cold_sequence40/lipid_ssl/rbf/ucb_balanced/seed137.json,258,0
biodolphin_Kd,cold_sequence40,137,lipid_ssl,rbf,thompson,4,120,1.0897157871125203,1.3301694726202051,0.14388070835331546,0.9392265193370166,0.75,0.4375,results/adaptation_study/runs/biodolphin_Kd/cold_sequence40/lipid_ssl/rbf/thompson/seed137.json,258,0
biodolphin_Kd,cold_sequence40,137,lipid_ssl,rbf,prediction_aware_thompson,4,120,1.0724800671930859,1.420305931487948,-0.031578836296149326,0.8895027624309392,0.5,0.17410714285714288,results/adaptation_study/runs/biodolphin_Kd/cold_sequence40/lipid_ssl/rbf/prediction_aware_thompson/seed137.json,258,0
biodolphin_Kd,cold_sequence40,137,lipid_ssl,rbf,variance_reduction,4,120,1.1169686300446826,1.3126604712278838,0.09280126446658399,0.9171270718232044,0.08928571428571429,0.046875,results/adaptation_study/runs/biodolphin_Kd/cold_sequence40/lipid_ssl/rbf/variance_reduction/seed137.json,258,0
biodolphin_Kd,cold_sequence40,137,lipid_ssl,matern32,random,4,120,1.0821184315088082,1.3502104476762937,0.06462473278980663,0.8729281767955801,0.23214285714285715,0.15401785714285712,results/adaptation_study/runs/biodolphin_Kd/cold_sequence40/lipid_ssl/matern32/random/seed137.json,258,0
biodolphin_Kd,cold_sequence40,137,lipid_ssl,matern32,uncertainty,4,120,1.0078504664551136,1.3957210068951433,0.00987509098467143,0.9060773480662984,0.05357142857142857,0.051339285714285705,results/adaptation_study/runs/biodolphin_Kd/cold_sequence40/lipid_ssl/matern32/uncertainty/seed137.json,258,0
biodolphin_Kd,cold_sequence40,137,lipid_ssl,matern32,ucb_balanced,4,120,1.1339857828486815,1.3756536709176572,0.07057560214328162,0.9613259668508287,0.875,0.6004464285714285,results/adaptation_study/runs/biodolphin_Kd/cold_sequence40/lipid_ssl/matern32/ucb_balanced/seed137.json,258,0
biodolphin_Kd,cold_sequence40,137,lipid_ssl,matern32,thompson,4,120,1.033326265643116,1.384579336702059,0.018907457092665947,0.8895027624309392,0.6785714285714286,0.3883928571428572,results/adaptation_study/runs/biodolphin_Kd/cold_sequence40/lipid_ssl/matern32/thompson/seed137.json,258,0
biodolphin_Kd,cold_sequence40,137,lipid_ssl,matern32,prediction_aware_thompson,4,120,1.1131761155510747,1.3360116700021796,0.09616837022182567,0.8839779005524862,0.125,0.06473214285714285,results/adaptation_study/runs/biodolphin_Kd/cold_sequence40/lipid_ssl/matern32/prediction_aware_thompson/seed137.json,258,0
biodolphin_Kd,cold_sequence40,137,lipid_ssl,matern32,variance_reduction,4,120,1.1497817958358372,1.3445400633533986,0.061236144077501,0.9171270718232044,0.08928571428571429,0.05133928571428572,results/adaptation_study/runs/biodolphin_Kd/cold_sequence40/lipid_ssl/matern32/variance_reduction/seed137.json,258,0
biodolphin_Kd,cold_sequence40,137,initial_label_adapter,linear,random,4,120,1.060450465884737,1.3998128377422698,0.03302603027870943,0.9723756906077348,0.23214285714285715,0.15401785714285712,results/adaptation_study/runs/biodolphin_Kd/cold_sequence40/initial_label_adapter/linear/random/seed137.json,258,0
biodolphin_Kd,cold_sequence40,137,initial_label_adapter,linear,uncertainty,4,120,1.520632383035208,1.7528697509626416,-0.5320871889214478,0.9834254143646409,0.03571428571428571,0.03571428571428571,results/adaptation_study/runs/biodolphin_Kd/cold_sequence40/initial_label_adapter/linear/uncertainty/seed137.json,258,0
biodolphin_Kd,cold_sequence40,137,initial_label_adapter,linear,ucb_balanced,4,120,1.3987035747228367,1.52893970312137,-0.14037998216943826,0.9392265193370166,0.7857142857142857,0.6026785714285715,results/adaptation_study/runs/biodolphin_Kd/cold_sequence40/initial_label_adapter/linear/ucb_balanced/seed137.json,258,0
biodolphin_Kd,cold_sequence40,137,initial_label_adapter,linear,thompson,4,120,1.777197814777133,1.7336420290177086,-0.6770516283791554,0.8895027624309392,0.6964285714285714,0.37723214285714285,results/adaptation_study/runs/biodolphin_Kd/cold_sequence40/initial_label_adapter/linear/thompson/seed137.json,258,0
biodolphin_Kd,cold_sequence40,137,initial_label_adapter,linear,prediction_aware_thompson,4,120,1.0625195933302236,1.3442405332318799,0.07226759226330859,0.8839779005524862,0.14285714285714285,0.08482142857142856,results/adaptation_study/runs/biodolphin_Kd/cold_sequence40/initial_label_adapter/linear/prediction_aware_thompson/seed137.json,258,0
biodolphin_Kd,cold_sequence40,137,initial_label_adapter,linear,variance_reduction,4,120,1.1416596075872447,1.3434198983657892,0.041556933446686095,0.8839779005524862,0.10714285714285714,0.044642857142857144,results/adaptation_study/runs/biodolphin_Kd/cold_sequence40/initial_label_adapter/linear/variance_reduction/seed137.json,258,0
biodolphin_Kd,cold_sequence40,137,initial_label_adapter,rbf,random,4,120,1.09310331997385,1.3712880041190747,0.027336444419394534,0.8729281767955801,0.23214285714285715,0.15401785714285712,results/adaptation_study/runs/biodolphin_Kd/cold_sequence40/initial_label_adapter/rbf/random/seed137.json,258,0
biodolphin_Kd,cold_sequence40,137,initial_label_adapter,rbf,uncertainty,4,120,1.0008021979080701,1.395501619417954,0.015779511228483978,0.9171270718232044,0.08928571428571429,0.055803571428571425,results/adaptation_study/runs/biodolphin_Kd/cold_sequence40/initial_label_adapter/rbf/uncertainty/seed137.json,258,0
biodolphin_Kd,cold_sequence40,137,initial_label_adapter,rbf,ucb_balanced,4,120,1.122862813027854,1.3669653990386335,0.08287694256792699,0.9613259668508287,0.8571428571428571,0.6116071428571428,results/adaptation_study/runs/biodolphin_Kd/cold_sequence40/initial_label_adapter/rbf/ucb_balanced/seed137.json,258,0
biodolphin_Kd,cold_sequence40,137,initial_label_adapter,rbf,thompson,4,120,1.143724520610302,1.3838472742807768,0.011521475599529207,0.8895027624309392,0.7142857142857143,0.41517857142857145,results/adaptation_study/runs/biodolphin_Kd/cold_sequence40/initial_label_adapter/rbf/thompson/seed137.json,258,0
biodolphin_Kd,cold_sequence40,137,initial_label_adapter,rbf,prediction_aware_thompson,4,120,1.0254166900019228,1.3165323597089065,0.12028721376118057,0.8950276243093923,0.16071428571428573,0.07812499999999999,results/adaptation_study/runs/biodolphin_Kd/cold_sequence40/initial_label_adapter/rbf/prediction_aware_thompson/seed137.json,258,0
biodolphin_Kd,cold_sequence40,137,initial_label_adapter,rbf,variance_reduction,4,120,1.0913746565519369,1.3121351841317326,0.09110631768570654,0.9226519337016574,0.10714285714285714,0.05357142857142857,results/adaptation_study/runs/biodolphin_Kd/cold_sequence40/initial_label_adapter/rbf/variance_reduction/seed137.json,258,0
biodolphin_Kd,cold_sequence40,137,initial_label_adapter,matern32,random,4,120,1.0828639459896394,1.3470131207296414,0.07327076957669099,0.8729281767955801,0.23214285714285715,0.15401785714285712,results/adaptation_study/runs/biodolphin_Kd/cold_sequence40/initial_label_adapter/matern32/random/seed137.json,258,0
biodolphin_Kd,cold_sequence40,137,initial_label_adapter,matern32,uncertainty,4,120,1.0134881585626765,1.3926398147716723,0.013923175312041014,0.8839779005524862,0.05357142857142857,0.051339285714285705,results/adaptation_study/runs/biodolphin_Kd/cold_sequence40/initial_label_adapter/matern32/uncertainty/seed137.json,258,0
biodolphin_Kd,cold_sequence40,137,initial_label_adapter,matern32,ucb_balanced,4,120,1.0968887388058668,1.372760754059575,0.08269348397036247,0.9834254143646409,0.875,0.6049107142857143,results/adaptation_study/runs/biodolphin_Kd/cold_sequence40/initial_label_adapter/matern32/ucb_balanced/seed137.json,258,0
biodolphin_Kd,cold_sequence40,137,initial_label_adapter,matern32,thompson,4,120,1.0943729869214325,1.3663354317944891,0.09611698537664215,0.9281767955801105,0.7678571428571429,0.41294642857142855,results/adaptation_study/runs/biodolphin_Kd/cold_sequence40/initial_label_adapter/matern32/thompson/seed137.json,258,0
biodolphin_Kd,cold_sequence40,137,initial_label_adapter,matern32,prediction_aware_thompson,4,120,1.0992713468625677,1.350126249141273,0.044471130159857375,0.9281767955801105,0.125,0.07366071428571429,results/adaptation_study/runs/biodolphin_Kd/cold_sequence40/initial_label_adapter/matern32/prediction_aware_thompson/seed137.json,258,0
biodolphin_Kd,cold_sequence40,137,initial_label_adapter,matern32,variance_reduction,4,120,1.1499662243870188,1.3463157626387388,0.06899285840445624,0.9116022099447514,0.08928571428571429,0.05133928571428572,results/adaptation_study/runs/biodolphin_Kd/cold_sequence40/initial_label_adapter/matern32/variance_reduction/seed137.json,258,0
biodolphin_Kd,scaffold,7,frozen_mlm,linear,random,4,120,2.092746704039768,1.2214207563113042,-0.04254038256370829,0.9132947976878613,0.23214285714285715,0.1450892857142857,results/robust_study_v2/runs/biodolphin_Kd/scaffold/esm2_35m/chemberta_mlm/linear/random/seed7.json,258,0
biodolphin_Kd,scaffold,7,frozen_mlm,linear,uncertainty,4,120,2.0576097265764584,1.1620573263941893,-0.04876846925721501,0.884393063583815,0.10714285714285714,0.08482142857142856,results/robust_study_v2/runs/biodolphin_Kd/scaffold/esm2_35m/chemberta_mlm/linear/uncertainty/seed7.json,258,0
biodolphin_Kd,scaffold,7,frozen_mlm,linear,ucb_balanced,4,120,2.044869184237739,1.2302686700812864,-0.12757410554500503,0.9017341040462428,0.4642857142857143,0.3571428571428572,results/robust_study_v2/runs/biodolphin_Kd/scaffold/esm2_35m/chemberta_mlm/linear/ucb_balanced/seed7.json,258,0
biodolphin_Kd,scaffold,7,frozen_mlm,linear,thompson,4,120,1.3420435950993894,1.3185535487376017,-0.1794842531841605,0.9364161849710982,0.5535714285714286,0.27901785714285715,results/robust_study_v2/runs/biodolphin_Kd/scaffold/esm2_35m/chemberta_mlm/linear/thompson/seed7.json,258,0
biodolphin_Kd,scaffold,7,frozen_mlm,linear,prediction_aware_thompson,4,120,1.5811495325290241,1.0552147049167242,0.1531992195351347,0.9075144508670521,0.32142857142857145,0.24553571428571427,results/robust_study_v2/runs/biodolphin_Kd/scaffold/esm2_35m/chemberta_mlm/linear/prediction_aware_thompson/seed7.json,258,0
biodolphin_Kd,scaffold,7,frozen_mlm,linear,variance_reduction,4,120,1.5892849031747136,1.0738763667506162,0.11317269329380952,0.8959537572254336,0.2857142857142857,0.21428571428571427,results/robust_study_v2/runs/biodolphin_Kd/scaffold/esm2_35m/chemberta_mlm/linear/variance_reduction/seed7.json,258,0
biodolphin_Kd,scaffold,7,frozen_mlm,rbf,random,4,120,2.2028995886402463,1.278506027720694,-0.18942655322240531,0.8959537572254336,0.23214285714285715,0.1450892857142857,results/robust_study_v2/runs/biodolphin_Kd/scaffold/esm2_35m/chemberta_mlm/rbf/random/seed7.json,258,0
biodolphin_Kd,scaffold,7,frozen_mlm,rbf,uncertainty,4,120,2.1878311636963206,1.2500113302240847,-0.16140779532376026,0.9017341040462428,0.125,0.09598214285714285,results/robust_study_v2/runs/biodolphin_Kd/scaffold/esm2_35m/chemberta_mlm/rbf/uncertainty/seed7.json,258,0
biodolphin_Kd,scaffold,7,frozen_mlm,rbf,ucb_balanced,4,120,2.0112520728291097,1.104375206869555,-0.016830434663616556,0.9248554913294798,0.6964285714285714,0.41294642857142855,results/robust_study_v2/runs/biodolphin_Kd/scaffold/esm2_35m/chemberta_mlm/rbf/ucb_balanced/seed7.json,258,0
biodolphin_Kd,scaffold,7,frozen_mlm,rbf,thompson,4,120,1.0524744037788951,1.128769109219691,-0.015581282860191115,0.930635838150289,0.6964285714285714,0.3816964285714286,results/robust_study_v2/runs/biodolphin_Kd/scaffold/esm2_35m/chemberta_mlm/rbf/thompson/seed7.json,258,0
biodolphin_Kd,scaffold,7,frozen_mlm,rbf,prediction_aware_thompson,4,120,1.6914382165770878,1.3005891620379775,-0.17242409797782243,0.7803468208092486,0.42857142857142855,0.2232142857142857,results/robust_study_v2/runs/biodolphin_Kd/scaffold/esm2_35m/chemberta_mlm/rbf/prediction_aware_thompson/seed7.json,258,0
biodolphin_Kd,scaffold,7,frozen_mlm,rbf,variance_reduction,4,120,1.4371586734453718,1.155408619714782,0.060282709521898514,0.9190751445086706,0.35714285714285715,0.23214285714285712,results/robust_study_v2/runs/biodolphin_Kd/scaffold/esm2_35m/chemberta_mlm/rbf/variance_reduction/seed7.json,258,0
biodolphin_Kd,scaffold,7,frozen_mlm,matern32,random,4,120,2.202856303364008,1.278461249589397,-0.1893723554077269,0.8959537572254336,0.23214285714285715,0.1450892857142857,results/robust_study_v2/runs/biodolphin_Kd/scaffold/esm2_35m/chemberta_mlm/matern32/random/seed7.json,258,0
biodolphin_Kd,scaffold,7,frozen_mlm,matern32,uncertainty,4,120,2.0916756845842457,1.1688243551723212,-0.0742445557420377,0.9190751445086706,0.17857142857142858,0.125,results/robust_study_v2/runs/biodolphin_Kd/scaffold/esm2_35m/chemberta_mlm/matern32/uncertainty/seed7.json,258,0
biodolphin_Kd,scaffold,7,frozen_mlm,matern32,ucb_balanced,4,120,1.957461185786243,1.124626551975593,-0.03350085208435205,0.9190751445086706,0.6607142857142857,0.38616071428571425,results/robust_study_v2/runs/biodolphin_Kd/scaffold/esm2_35m/chemberta_mlm/matern32/ucb_balanced/seed7.json,258,0
biodolphin_Kd,scaffold,7,frozen_mlm,matern32,thompson,4,120,2.054920053305062,1.110121873216266,-0.021175939915457187,0.9421965317919075,0.5714285714285714,0.3660714285714286,results/robust_study_v2/runs/biodolphin_Kd/scaffold/esm2_35m/chemberta_mlm/matern32/thompson/seed7.json,258,0
biodolphin_Kd,scaffold,7,frozen_mlm,matern32,prediction_aware_thompson,4,120,1.7391377159140695,1.211857842919702,-0.0559528329253558,0.8439306358381503,0.35714285714285715,0.20535714285714288,results/robust_study_v2/runs/biodolphin_Kd/scaffold/esm2_35m/chemberta_mlm/matern32/prediction_aware_thompson/seed7.json,258,0
biodolphin_Kd,scaffold,7,frozen_mlm,matern32,variance_reduction,4,120,1.81237306918275,1.2382143867853135,-0.05281346076004789,0.8497109826589595,0.375,0.22991071428571427,results/robust_study_v2/runs/biodolphin_Kd/scaffold/esm2_35m/chemberta_mlm/matern32/variance_reduction/seed7.json,258,0
biodolphin_Kd,scaffold,7,lipid_ssl,linear,random,4,120,2.090813779409513,1.2219749238567883,-0.0387406386062461,0.9190751445086706,0.23214285714285715,0.1450892857142857,results/adaptation_study/runs/biodolphin_Kd/scaffold/lipid_ssl/linear/random/seed7.json,258,0
biodolphin_Kd,scaffold,7,lipid_ssl,linear,uncertainty,4,120,2.0693532287795215,1.1708703080523535,-0.06661328896443286,0.8786127167630058,0.17857142857142858,0.125,results/adaptation_study/runs/biodolphin_Kd/scaffold/lipid_ssl/linear/uncertainty/seed7.json,258,0
biodolphin_Kd,scaffold,7,lipid_ssl,linear,ucb_balanced,4,120,1.980737610169635,1.1407479322504872,-0.044293411138093486,0.930635838150289,0.5178571428571429,0.36383928571428575,results/adaptation_study/runs/biodolphin_Kd/scaffold/lipid_ssl/linear/ucb_balanced/seed7.json,258,0
biodolphin_Kd,scaffold,7,lipid_ssl,linear,thompson,4,120,1.363026041793357,1.3132760893935203,-0.1759034865599869,0.9364161849710982,0.5535714285714286,0.27901785714285715,results/adaptation_study/runs/biodolphin_Kd/scaffold/lipid_ssl/linear/thompson/seed7.json,258,0
biodolphin_Kd,scaffold,7,lipid_ssl,linear,prediction_aware_thompson,4,120,1.557012616563408,1.1041919308795294,0.11705399412659978,0.9132947976878613,0.39285714285714285,0.25,results/adaptation_study/runs/biodolphin_Kd/scaffold/lipid_ssl/linear/prediction_aware_thompson/seed7.json,258,0
biodolphin_Kd,scaffold,7,lipid_ssl,linear,variance_reduction,4,120,1.6372236058439469,1.0680697560156531,0.11756964943578507,0.9248554913294798,0.2857142857142857,0.21428571428571427,results/adaptation_study/runs/biodolphin_Kd/scaffold/lipid_ssl/linear/variance_reduction/seed7.json,258,0
biodolphin_Kd,scaffold,7,lipid_ssl,rbf,random,4,120,2.2029057207796674,1.278512371427787,-0.1894342320409106,0.8959537572254336,0.23214285714285715,0.1450892857142857,results/adaptation_study/runs/biodolphin_Kd/scaffold/lipid_ssl/rbf/random/seed7.json,258,0
biodolphin_Kd,scaffold,7,lipid_ssl,rbf,uncertainty,4,120,2.1856513354449043,1.247218606491819,-0.15827819254762643,0.9075144508670521,0.125,0.09598214285714285,results/adaptation_study/runs/biodolphin_Kd/scaffold/lipid_ssl/rbf/uncertainty/seed7.json,258,0
biodolphin_Kd,scaffold,7,lipid_ssl,rbf,ucb_balanced,4,120,2.0059595598821165,1.1026074556000756,-0.015593120211007783,0.9248554913294798,0.6964285714285714,0.41294642857142855,results/adaptation_study/runs/biodolphin_Kd/scaffold/lipid_ssl/rbf/ucb_balanced/seed7.json,258,0
biodolphin_Kd,scaffold,7,lipid_ssl,rbf,thompson,4,120,1.0992625663863307,1.0937863529733354,0.030909210737522508,0.9132947976878613,0.6964285714285714,0.3816964285714286,results/adaptation_study/runs/biodolphin_Kd/scaffold/lipid_ssl/rbf/thompson/seed7.json,258,0
biodolphin_Kd,scaffold,7,lipid_ssl,rbf,prediction_aware_thompson,4,120,2.2557620316935427,1.1654523735441311,-0.08230359577930124,0.8959537572254336,0.21428571428571427,0.1607142857142857,results/adaptation_study/runs/biodolphin_Kd/scaffold/lipid_ssl/rbf/prediction_aware_thompson/seed7.json,258,0
biodolphin_Kd,scaffold,7,lipid_ssl,rbf,variance_reduction,4,120,1.686375529727501,1.071899874816428,0.11295099903548966,0.8959537572254336,0.3392857142857143,0.22544642857142858,results/adaptation_study/runs/biodolphin_Kd/scaffold/lipid_ssl/rbf/variance_reduction/seed7.json,258,0
biodolphin_Kd,scaffold,7,lipid_ssl,matern32,random,4,120,2.2028707133737564,1.278476158030622,-0.18939039917989842,0.8959537572254336,0.23214285714285715,0.1450892857142857,results/adaptation_study/runs/biodolphin_Kd/scaffold/lipid_ssl/matern32/random/seed7.json,258,0
biodolphin_Kd,scaffold,7,lipid_ssl,matern32,uncertainty,4,120,2.0863515451086356,1.1584421443054254,-0.06566815935687553,0.9190751445086706,0.17857142857142858,0.11607142857142856,results/adaptation_study/runs/biodolphin_Kd/scaffold/lipid_ssl/matern32/uncertainty/seed7.json,258,0
biodolphin_Kd,scaffold,7,lipid_ssl,matern32,ucb_balanced,4,120,1.9617329364530482,1.1325780189814294,-0.04131527868645746,0.9190751445086706,0.6607142857142857,0.38616071428571425,results/adaptation_study/runs/biodolphin_Kd/scaffold/lipid_ssl/matern32/ucb_balanced/seed7.json,258,0
biodolphin_Kd,scaffold,7,lipid_ssl,matern32,thompson,4,120,2.009312985467635,1.0854211300550305,-0.0023801643747465295,0.9421965317919075,0.625,0.3772321428571428,results/adaptation_study/runs/biodolphin_Kd/scaffold/lipid_ssl/matern32/thompson/seed7.json,258,0
biodolphin_Kd,scaffold,7,lipid_ssl,matern32,prediction_aware_thompson,4,120,1.4596192598440172,1.215242781023186,-0.04372835154099097,0.8901734104046243,0.375,0.1941964285714286,results/adaptation_study/runs/biodolphin_Kd/scaffold/lipid_ssl/matern32/prediction_aware_thompson/seed7.json,258,0
biodolphin_Kd,scaffold,7,lipid_ssl,matern32,variance_reduction,4,120,1.657369089964935,1.092144811550329,0.09589548937513015,0.9075144508670521,0.3392857142857143,0.22544642857142858,results/adaptation_study/runs/biodolphin_Kd/scaffold/lipid_ssl/matern32/variance_reduction/seed7.json,258,0
biodolphin_Kd,scaffold,7,initial_label_adapter,linear,random,4,120,2.092813904855117,1.2211918101531725,-0.04230764434128087,0.9132947976878613,0.23214285714285715,0.1450892857142857,results/adaptation_study/runs/biodolphin_Kd/scaffold/initial_label_adapter/linear/random/seed7.json,258,0
biodolphin_Kd,scaffold,7,initial_label_adapter,linear,uncertainty,4,120,2.057478379667937,1.161104533866828,-0.04795659163524846,0.884393063583815,0.10714285714285714,0.08482142857142856,results/adaptation_study/runs/biodolphin_Kd/scaffold/initial_label_adapter/linear/uncertainty/seed7.json,258,0
biodolphin_Kd,scaffold,7,initial_label_adapter,linear,ucb_balanced,4,120,2.0086581667853096,1.209506555835267,-0.10245094977161151,0.9075144508670521,0.4642857142857143,0.3571428571428572,results/adaptation_study/runs/biodolphin_Kd/scaffold/initial_label_adapter/linear/ucb_balanced/seed7.json,258,0
biodolphin_Kd,scaffold,7,initial_label_adapter,linear,thompson,4,120,1.3409574474146322,1.317908405928467,-0.17943522266770717,0.9364161849710982,0.5535714285714286,0.27901785714285715,results/adaptation_study/runs/biodolphin_Kd/scaffold/initial_label_adapter/linear/thompson/seed7.json,258,0
biodolphin_Kd,scaffold,7,initial_label_adapter,linear,prediction_aware_thompson,4,120,1.4660153136579819,1.0691132656993927,0.15157013297188782,0.884393063583815,0.3392857142857143,0.23883928571428573,results/adaptation_study/runs/biodolphin_Kd/scaffold/initial_label_adapter/linear/prediction_aware_thompson/seed7.json,258,0
biodolphin_Kd,scaffold,7,initial_label_adapter,linear,variance_reduction,4,120,1.5833314959395253,1.0912620058625575,0.07736058254117051,0.8959537572254336,0.2857142857142857,0.20982142857142858,results/adaptation_study/runs/biodolphin_Kd/scaffold/initial_label_adapter/linear/variance_reduction/seed7.json,258,0
biodolphin_Kd,scaffold,7,initial_label_adapter,rbf,random,4,120,2.202911377474655,1.2785182232869263,-0.18944131563399647,0.8959537572254336,0.23214285714285715,0.1450892857142857,results/adaptation_study/runs/biodolphin_Kd/scaffold/initial_label_adapter/rbf/random/seed7.json,258,0
biodolphin_Kd,scaffold,7,initial_label_adapter,rbf,uncertainty,4,120,2.188033142919705,1.249953837492769,-0.16136942761070472,0.9017341040462428,0.125,0.09598214285714285,results/adaptation_study/runs/biodolphin_Kd/scaffold/initial_label_adapter/rbf/uncertainty/seed7.json,258,0
biodolphin_Kd,scaffold,7,initial_label_adapter,rbf,ucb_balanced,4,120,2.068597474001938,1.1240968468806327,-0.03132927758066595,0.9248554913294798,0.6607142857142857,0.453125,results/adaptation_study/runs/biodolphin_Kd/scaffold/initial_label_adapter/rbf/ucb_balanced/seed7.json,258,0
biodolphin_Kd,scaffold,7,initial_label_adapter,rbf,thompson,4,120,1.0502459144278788,1.1298168474609083,-0.01649958095519244,0.9248554913294798,0.6964285714285714,0.3816964285714286,results/adaptation_study/runs/biodolphin_Kd/scaffold/initial_label_adapter/rbf/thompson/seed7.json,258,0
biodolphin_Kd,scaffold,7,initial_label_adapter,rbf,prediction_aware_thompson,4,120,1.3219311356744472,1.1572770141015303,-0.02727558626726645,0.9248554913294798,0.26785714285714285,0.18973214285714288,results/adaptation_study/runs/biodolphin_Kd/scaffold/initial_label_adapter/rbf/prediction_aware_thompson/seed7.json,258,0
biodolphin_Kd,scaffold,7,initial_label_adapter,rbf,variance_reduction,4,120,1.435042075899907,1.154546677840806,0.061115127037989825,0.9190751445086706,0.35714285714285715,0.23214285714285712,results/adaptation_study/runs/biodolphin_Kd/scaffold/initial_label_adapter/rbf/variance_reduction/seed7.json,258,0
biodolphin_Kd,scaffold,7,initial_label_adapter,matern32,random,4,120,2.202868894514743,1.2784742751556675,-0.18938812027768193,0.8959537572254336,0.23214285714285715,0.1450892857142857,results/adaptation_study/runs/biodolphin_Kd/scaffold/initial_label_adapter/matern32/random/seed7.json,258,0
biodolphin_Kd,scaffold,7,initial_label_adapter,matern32,uncertainty,4,120,2.0916342982123575,1.1688228230904356,-0.0742401915646913,0.9190751445086706,0.17857142857142858,0.125,results/adaptation_study/runs/biodolphin_Kd/scaffold/initial_label_adapter/matern32/uncertainty/seed7.json,258,0
biodolphin_Kd,scaffold,7,initial_label_adapter,matern32,ucb_balanced,4,120,1.967894256682683,1.1348508241213537,-0.04299636225945913,0.9190751445086706,0.6607142857142857,0.38616071428571425,results/adaptation_study/runs/biodolphin_Kd/scaffold/initial_label_adapter/matern32/ucb_balanced/seed7.json,258,0
biodolphin_Kd,scaffold,7,initial_label_adapter,matern32,thompson,4,120,2.0549638558193477,1.110166422655401,-0.021205292637072937,0.9421965317919075,0.5714285714285714,0.3660714285714286,results/adaptation_study/runs/biodolphin_Kd/scaffold/initial_label_adapter/matern32/thompson/seed7.json,258,0
biodolphin_Kd,scaffold,7,initial_label_adapter,matern32,prediction_aware_thompson,4,120,1.8791562108798994,1.1328127593619437,-0.03277442543335285,0.9075144508670521,0.2857142857142857,0.1875,results/adaptation_study/runs/biodolphin_Kd/scaffold/initial_label_adapter/matern32/prediction_aware_thompson/seed7.json,258,0
biodolphin_Kd,scaffold,7,initial_label_adapter,matern32,variance_reduction,4,120,1.811430275212906,1.237799808872913,-0.05201158607561518,0.8439306358381503,0.375,0.234375,results/adaptation_study/runs/biodolphin_Kd/scaffold/initial_label_adapter/matern32/variance_reduction/seed7.json,258,0
biodolphin_Kd,scaffold,19,frozen_mlm,linear,random,4,120,2.1576925545502017,1.2987884228571946,0.023038774948504703,0.8620689655172413,0.21052631578947367,0.125,results/robust_study_v2/runs/biodolphin_Kd/scaffold/esm2_35m/chemberta_mlm/linear/random/seed19.json,258,0
biodolphin_Kd,scaffold,19,frozen_mlm,linear,uncertainty,4,120,1.9318597172696128,1.2446638953960825,0.0415026648033644,0.8218390804597702,0.17543859649122806,0.12499999999999999,results/robust_study_v2/runs/biodolphin_Kd/scaffold/esm2_35m/chemberta_mlm/linear/uncertainty/seed19.json,258,0
biodolphin_Kd,scaffold,19,frozen_mlm,linear,ucb_balanced,4,120,1.9184089753869127,2.1173802608262773,-1.7576113179041601,0.9137931034482759,0.47368421052631576,0.3157894736842105,results/robust_study_v2/runs/biodolphin_Kd/scaffold/esm2_35m/chemberta_mlm/linear/ucb_balanced/seed19.json,258,0
biodolphin_Kd,scaffold,19,frozen_mlm,linear,thompson,4,120,2.3496837757244275,2.5028728059970327,-2.3230124588686816,0.5459770114942529,0.42105263157894735,0.25219298245614036,results/robust_study_v2/runs/biodolphin_Kd/scaffold/esm2_35m/chemberta_mlm/linear/thompson/seed19.json,258,0
biodolphin_Kd,scaffold,19,frozen_mlm,linear,prediction_aware_thompson,4,120,1.133413708322965,1.4129982921074398,-0.1877666187030107,0.9367816091954023,0.3684210526315789,0.2587719298245614,results/robust_study_v2/runs/biodolphin_Kd/scaffold/esm2_35m/chemberta_mlm/linear/prediction_aware_thompson/seed19.json,258,0
biodolphin_Kd,scaffold,19,frozen_mlm,linear,variance_reduction,4,120,1.2602096328733188,1.1850324649605886,0.1276090149308169,0.896551724137931,0.2982456140350877,0.17982456140350878,results/robust_study_v2/runs/biodolphin_Kd/scaffold/esm2_35m/chemberta_mlm/linear/variance_reduction/seed19.json,258,0
biodolphin_Kd,scaffold,19,frozen_mlm,rbf,random,4,120,2.4401025327665344,1.3576028280159522,-0.07624376020759405,0.8563218390804598,0.21052631578947367,0.125,results/robust_study_v2/runs/biodolphin_Kd/scaffold/esm2_35m/chemberta_mlm/rbf/random/seed19.json,258,0
biodolphin_Kd,scaffold,19,frozen_mlm,rbf,uncertainty,4,120,2.3657809301071104,1.2315620183201608,0.02940787225317587,0.8908045977011494,0.17543859649122806,0.1118421052631579,results/robust_study_v2/runs/biodolphin_Kd/scaffold/esm2_35m/chemberta_mlm/rbf/uncertainty/seed19.json,258,0
biodolphin_Kd,scaffold,19,frozen_mlm,rbf,ucb_balanced,4,120,2.364401975390617,1.2709707075564696,-0.01875900823692933,0.8563218390804598,0.3157894736842105,0.2434210526315789,results/robust_study_v2/runs/biodolphin_Kd/scaffold/esm2_35m/chemberta_mlm/rbf/ucb_balanced/seed19.json,258,0
biodolphin_Kd,scaffold,19,frozen_mlm,rbf,thompson,4,120,2.5078044889910664,1.2200305159027787,0.10838992793558733,0.867816091954023,0.3157894736842105,0.21710526315789472,results/robust_study_v2/runs/biodolphin_Kd/scaffold/esm2_35m/chemberta_mlm/rbf/thompson/seed19.json,258,0
biodolphin_Kd,scaffold,19,frozen_mlm,rbf,prediction_aware_thompson,4,120,1.1995839214612092,1.1674644746879665,0.04430049571031369,0.8850574712643678,0.38596491228070173,0.22149122807017543,results/robust_study_v2/runs/biodolphin_Kd/scaffold/esm2_35m/chemberta_mlm/rbf/prediction_aware_thompson/seed19.json,258,0
biodolphin_Kd,scaffold,19,frozen_mlm,rbf,variance_reduction,4,120,1.3389945802743801,1.3839140811515853,-0.1758319512412383,0.8448275862068966,0.19298245614035087,0.14473684210526314,results/robust_study_v2/runs/biodolphin_Kd/scaffold/esm2_35m/chemberta_mlm/rbf/variance_reduction/seed19.json,258,0
biodolphin_Kd,scaffold,19,frozen_mlm,matern32,random,4,120,2.4667856192172537,1.3504987643906563,-0.06998533789934469,0.8620689655172413,0.21052631578947367,0.125,results/robust_study_v2/runs/biodolphin_Kd/scaffold/esm2_35m/chemberta_mlm/matern32/random/seed19.json,258,0
biodolphin_Kd,scaffold,19,frozen_mlm,matern32,uncertainty,4,120,2.3689132247873936,1.3989035734899569,-0.06195799768811394,0.8275862068965517,0.10526315789473684,0.07236842105263157,results/robust_study_v2/runs/biodolphin_Kd/scaffold/esm2_35m/chemberta_mlm/matern32/uncertainty/seed19.json,258,0
biodolphin_Kd,scaffold,19,frozen_mlm,matern32,ucb_balanced,4,120,2.4238470171056834,1.3507666708789041,-0.06161046811019211,0.8390804597701149,0.2982456140350877,0.24561403508771926,results/robust_study_v2/runs/biodolphin_Kd/scaffold/esm2_35m/chemberta_mlm/matern32/ucb_balanced/seed19.json,258,0
biodolphin_Kd,scaffold,19,frozen_mlm,matern32,thompson,4,120,2.487027858270211,1.312331927314693,-0.05905652637887826,0.8333333333333334,0.2631578947368421,0.18421052631578946,results/robust_study_v2/runs/biodolphin_Kd/scaffold/esm2_35m/chemberta_mlm/matern32/thompson/seed19.json,258,0
biodolphin_Kd,scaffold,19,frozen_mlm,matern32,prediction_aware_thompson,4,120,1.2621272735798124,1.1225259500352855,0.1173277918248935,0.8793103448275862,0.3684210526315789,0.18859649122807018,results/robust_study_v2/runs/biodolphin_Kd/scaffold/esm2_35m/chemberta_mlm/matern32/prediction_aware_thompson/seed19.json,258,0
biodolphin_Kd,scaffold,19,frozen_mlm,matern32,variance_reduction,4,120,1.497555890549319,1.3943337915389606,-0.1645586070108127,0.867816091954023,0.21052631578947367,0.1600877192982456,results/robust_study_v2/runs/biodolphin_Kd/scaffold/esm2_35m/chemberta_mlm/matern32/variance_reduction/seed19.json,258,0
biodolphin_Kd,scaffold,19,lipid_ssl,linear,random,4,120,2.1496976310901568,1.2974486824360878,0.023664334951115862,0.8620689655172413,0.21052631578947367,0.125,results/adaptation_study/runs/biodolphin_Kd/scaffold/lipid_ssl/linear/random/seed19.json,258,0
biodolphin_Kd,scaffold,19,lipid_ssl,linear,uncertainty,4,120,1.848101682083234,1.3190284171452755,-0.07963083786302394,0.8218390804597702,0.17543859649122806,0.12499999999999999,results/adaptation_study/runs/biodolphin_Kd/scaffold/lipid_ssl/linear/uncertainty/seed19.json,258,0
biodolphin_Kd,scaffold,19,lipid_ssl,linear,ucb_balanced,4,120,1.1850889705227567,1.304346278164175,-0.045860834880554036,0.8908045977011494,0.6140350877192983,0.34649122807017535,results/adaptation_study/runs/biodolphin_Kd/scaffold/lipid_ssl/linear/ucb_balanced/seed19.json,258,0
biodolphin_Kd,scaffold,19,lipid_ssl,linear,thompson,4,120,1.1853185058950428,1.3384131720223642,-0.017038983242388506,0.8735632183908046,0.45614035087719296,0.2609649122807018,results/adaptation_study/runs/biodolphin_Kd/scaffold/lipid_ssl/linear/thompson/seed19.json,258,0
biodolphin_Kd,scaffold,19,lipid_ssl,linear,prediction_aware_thompson,4,120,1.3905261485738636,1.093100678766519,0.16590283625194102,0.9022988505747126,0.2982456140350877,0.22807017543859645,results/adaptation_study/runs/biodolphin_Kd/scaffold/lipid_ssl/linear/prediction_aware_thompson/seed19.json,258,0
biodolphin_Kd,scaffold,19,lipid_ssl,linear,variance_reduction,4,120,1.2511729850751963,1.1448504920485791,0.15156655177749823,0.8908045977011494,0.2982456140350877,0.17982456140350878,results/adaptation_study/runs/biodolphin_Kd/scaffold/lipid_ssl/linear/variance_reduction/seed19.json,258,0
biodolphin_Kd,scaffold,19,lipid_ssl,rbf,random,4,120,2.44223508945246,1.3555582282230665,-0.07524863112621838,0.8563218390804598,0.21052631578947367,0.125,results/adaptation_study/runs/biodolphin_Kd/scaffold/lipid_ssl/rbf/random/seed19.json,258,0
biodolphin_Kd,scaffold,19,lipid_ssl,rbf,uncertainty,4,120,2.3581640049030743,1.2431985608141858,0.013907711338261408,0.8908045977011494,0.17543859649122806,0.1118421052631579,results/adaptation_study/runs/biodolphin_Kd/scaffold/lipid_ssl/rbf/uncertainty/seed19.json,258,0
biodolphin_Kd,scaffold,19,lipid_ssl,rbf,ucb_balanced,4,120,2.3841038674915236,1.29308556471948,-0.029867432085086687,0.8563218390804598,0.2982456140350877,0.25,results/adaptation_study/runs/biodolphin_Kd/scaffold/lipid_ssl/rbf/ucb_balanced/seed19.json,258,0
biodolphin_Kd,scaffold,19,lipid_ssl,rbf,thompson,4,120,2.5340772955809636,1.2730008955398577,0.06703453195358144,0.8448275862068966,0.2807017543859649,0.212719298245614,results/adaptation_study/runs/biodolphin_Kd/scaffold/lipid_ssl/rbf/thompson/seed19.json,258,0
biodolphin_Kd,scaffold,19,lipid_ssl,rbf,prediction_aware_thompson,4,120,1.1488934818795908,1.0523527288755476,0.19829593080744057,0.8793103448275862,0.3508771929824561,0.1907894736842105,results/adaptation_study/runs/biodolphin_Kd/scaffold/lipid_ssl/rbf/prediction_aware_thompson/seed19.json,258,0
biodolphin_Kd,scaffold,19,lipid_ssl,rbf,variance_reduction,4,120,1.6364445115431678,1.3760156334901024,-0.14700283695587912,0.8793103448275862,0.19298245614035087,0.14473684210526314,results/adaptation_study/runs/biodolphin_Kd/scaffold/lipid_ssl/rbf/variance_reduction/seed19.json,258,0
biodolphin_Kd,scaffold,19,lipid_ssl,matern32,random,4,120,2.4691327816095363,1.349965458361572,-0.070014471053097,0.8620689655172413,0.21052631578947367,0.125,results/adaptation_study/runs/biodolphin_Kd/scaffold/lipid_ssl/matern32/random/seed19.json,258,0
biodolphin_Kd,scaffold,19,lipid_ssl,matern32,uncertainty,4,120,2.4148843509666604,1.3514821562370138,-0.01754901269399034,0.8390804597701149,0.14035087719298245,0.08552631578947367,results/adaptation_study/runs/biodolphin_Kd/scaffold/lipid_ssl/matern32/uncertainty/seed19.json,258,0
biodolphin_Kd,scaffold,19,lipid_ssl,matern32,ucb_balanced,4,120,2.3358581589742635,1.2925878728940063,-0.00779221838745614,0.8620689655172413,0.3157894736842105,0.2478070175438596,results/adaptation_study/runs/biodolphin_Kd/scaffold/lipid_ssl/matern32/ucb_balanced/seed19.json,258,0
biodolphin_Kd,scaffold,19,lipid_ssl,matern32,thompson,4,120,2.483906761823494,1.3170354564599371,-0.06155340672101328,0.8333333333333334,0.2631578947368421,0.18421052631578946,results/adaptation_study/runs/biodolphin_Kd/scaffold/lipid_ssl/matern32/thompson/seed19.json,258,0
biodolphin_Kd,scaffold,19,lipid_ssl,matern32,prediction_aware_thompson,4,120,1.1878849178055908,1.2195487463052999,0.02600800113543611,0.8850574712643678,0.40350877192982454,0.21491228070175436,results/adaptation_study/runs/biodolphin_Kd/scaffold/lipid_ssl/matern32/prediction_aware_thompson/seed19.json,258,0
biodolphin_Kd,scaffold,19,lipid_ssl,matern32,variance_reduction,4,120,1.2470253462169143,1.21354844975889,0.03600726033086499,0.8850574712643678,0.2631578947368421,0.16228070175438597,results/adaptation_study/runs/biodolphin_Kd/scaffold/lipid_ssl/matern32/variance_reduction/seed19.json,258,0
biodolphin_Kd,scaffold,19,initial_label_adapter,linear,random,4,120,2.1576332127724354,1.2985539327301796,0.02315499599738735,0.8620689655172413,0.21052631578947367,0.125,results/adaptation_study/runs/biodolphin_Kd/scaffold/initial_label_adapter/linear/random/seed19.json,258,0
biodolphin_Kd,scaffold,19,initial_label_adapter,linear,uncertainty,4,120,1.9314123063084012,1.2432931062554882,0.04290238223852483,0.8218390804597702,0.17543859649122806,0.12499999999999999,results/adaptation_study/runs/biodolphin_Kd/scaffold/initial_label_adapter/linear/uncertainty/seed19.json,258,0
biodolphin_Kd,scaffold,19,initial_label_adapter,linear,ucb_balanced,4,120,1.780364026846413,1.08268996810964,0.159171629573176,0.9310344827586207,0.45614035087719296,0.31359649122807015,results/adaptation_study/runs/biodolphin_Kd/scaffold/initial_label_adapter/linear/ucb_balanced/seed19.json,258,0
biodolphin_Kd,scaffold,19,initial_label_adapter,linear,thompson,4,120,2.347595298064883,2.49980961993766,-2.3146740834924,0.5459770114942529,0.42105263157894735,0.25219298245614036,results/adaptation_study/runs/biodolphin_Kd/scaffold/initial_label_adapter/linear/thompson/seed19.json,258,0
biodolphin_Kd,scaffold,19,initial_label_adapter,linear,prediction_aware_thompson,4,120,1.2559319521192278,1.089563804347187,0.20498530913044188,0.9367816091954023,0.3684210526315789,0.2631578947368421,results/adaptation_study/runs/biodolphin_Kd/scaffold/initial_label_adapter/linear/prediction_aware_thompson/seed19.json,258,0
biodolphin_Kd,scaffold,19,initial_label_adapter,linear,variance_reduction,4,120,1.244214195226263,1.2131129493713495,0.09195782401251473,0.8908045977011494,0.2982456140350877,0.17982456140350878,results/adaptation_study/runs/biodolphin_Kd/scaffold/initial_label_adapter/linear/variance_reduction/seed19.json,258,0
biodolphin_Kd,scaffold,19,initial_label_adapter,rbf,random,4,120,2.4400663593266585,1.3576134825801238,-0.0762510792522868,0.8563218390804598,0.21052631578947367,0.125,results/adaptation_study/runs/biodolphin_Kd/scaffold/initial_label_adapter/rbf/random/seed19.json,258,0
biodolphin_Kd,scaffold,19,initial_label_adapter,rbf,uncertainty,4,120,1.9876257864467035,1.1320573570882662,0.14716787832972122,0.8793103448275862,0.17543859649122806,0.09868421052631578,results/adaptation_study/runs/biodolphin_Kd/scaffold/initial_label_adapter/rbf/uncertainty/seed19.json,258,0
biodolphin_Kd,scaffold,19,initial_label_adapter,rbf,ucb_balanced,4,120,2.364405977587384,1.270978983147836,-0.018766022989507025,0.8563218390804598,0.3157894736842105,0.2434210526315789,results/adaptation_study/runs/biodolphin_Kd/scaffold/initial_label_adapter/rbf/ucb_balanced/seed19.json,258,0
biodolphin_Kd,scaffold,19,initial_label_adapter,rbf,thompson,4,120,2.50776795694472,1.2201395940704332,0.10825532323729858,0.867816091954023,0.3157894736842105,0.21710526315789472,results/adaptation_study/runs/biodolphin_Kd/scaffold/initial_label_adapter/rbf/thompson/seed19.json,258,0
biodolphin_Kd,scaffold,19,initial_label_adapter,rbf,prediction_aware_thompson,4,120,1.1995647365553403,1.1674245012697415,0.044313844536016056,0.8850574712643678,0.38596491228070173,0.22149122807017543,results/adaptation_study/runs/biodolphin_Kd/scaffold/initial_label_adapter/rbf/prediction_aware_thompson/seed19.json,258,0
biodolphin_Kd,scaffold,19,initial_label_adapter,rbf,variance_reduction,4,120,1.3396134992048803,1.3838918033852676,-0.17576837996285,0.8448275862068966,0.19298245614035087,0.14473684210526314,results/adaptation_study/runs/biodolphin_Kd/scaffold/initial_label_adapter/rbf/variance_reduction/seed19.json,258,0
biodolphin_Kd,scaffold,19,initial_label_adapter,matern32,random,4,120,2.4666783406892123,1.3505065038905717,-0.06998918132666732,0.8620689655172413,0.21052631578947367,0.125,results/adaptation_study/runs/biodolphin_Kd/scaffold/initial_label_adapter/matern32/random/seed19.json,258,0
biodolphin_Kd,scaffold,19,initial_label_adapter,matern32,uncertainty,4,120,2.4749023181551686,1.371160258657765,-0.02292597385647377,0.8333333333333334,0.12280701754385964,0.07894736842105261,results/adaptation_study/runs/biodolphin_Kd/scaffold/initial_label_adapter/matern32/uncertainty/seed19.json,258,0
biodolphin_Kd,scaffold,19,initial_label_adapter,matern32,ucb_balanced,4,120,2.4237554287192875,1.3507329124114995,-0.06159446056389606,0.8390804597701149,0.2982456140350877,0.24561403508771926,results/adaptation_study/runs/biodolphin_Kd/scaffold/initial_label_adapter/matern32/ucb_balanced/seed19.json,258,0
biodolphin_Kd,scaffold,19,initial_label_adapter,matern32,thompson,4,120,2.48459477789917,1.3081115934288412,-0.05531530112222205,0.8333333333333334,0.2631578947368421,0.18421052631578946,results/adaptation_study/runs/biodolphin_Kd/scaffold/initial_label_adapter/matern32/thompson/seed19.json,258,0
biodolphin_Kd,scaffold,19,initial_label_adapter,matern32,prediction_aware_thompson,4,120,1.2647544147055927,1.1915616456863583,0.08229650014509626,0.9252873563218391,0.3684210526315789,0.18421052631578946,results/adaptation_study/runs/biodolphin_Kd/scaffold/initial_label_adapter/matern32/prediction_aware_thompson/seed19.json,258,0
biodolphin_Kd,scaffold,19,initial_label_adapter,matern32,variance_reduction,4,120,1.4958316477979798,1.3929587524371305,-0.16321262823725502,0.867816091954023,0.21052631578947367,0.1600877192982456,results/adaptation_study/runs/biodolphin_Kd/scaffold/initial_label_adapter/matern32/variance_reduction/seed19.json,258,0
biodolphin_Kd,scaffold,42,frozen_mlm,linear,random,4,120,1.264745540055817,1.5390617851617783,-0.21951602963592354,0.9195402298850575,0.3137254901960784,0.23039215686274508,results/robust_study_v2/runs/biodolphin_Kd/scaffold/esm2_35m/chemberta_mlm/linear/random/seed42.json,308,0
biodolphin_Kd,scaffold,42,frozen_mlm,linear,uncertainty,4,120,1.307843223586087,1.5613938887156757,-0.22107080559646541,0.7586206896551724,0.0784313725490196,0.0784313725490196,results/robust_study_v2/runs/biodolphin_Kd/scaffold/esm2_35m/chemberta_mlm/linear/uncertainty/seed42.json,308,0
biodolphin_Kd,scaffold,42,frozen_mlm,linear,ucb_balanced,4,120,1.2641142511455095,1.3733823264442997,-0.005014076589447969,0.8850574712643678,0.8431372549019608,0.3602941176470588,results/robust_study_v2/runs/biodolphin_Kd/scaffold/esm2_35m/chemberta_mlm/linear/ucb_balanced/seed42.json,308,0
biodolphin_Kd,scaffold,42,frozen_mlm,linear,thompson,4,120,1.576176293604709,1.7672208402804768,-0.7977516154048203,0.9942528735632183,0.5686274509803921,0.32598039215686275,results/robust_study_v2/runs/biodolphin_Kd/scaffold/esm2_35m/chemberta_mlm/linear/thompson/seed42.json,308,0
biodolphin_Kd,scaffold,42,frozen_mlm,linear,prediction_aware_thompson,4,120,1.1678786969027932,1.358268664296679,0.04386093469001506,0.8735632183908046,0.19607843137254902,0.1323529411764706,results/robust_study_v2/runs/biodolphin_Kd/scaffold/esm2_35m/chemberta_mlm/linear/prediction_aware_thompson/seed42.json,308,0
biodolphin_Kd,scaffold,42,frozen_mlm,linear,variance_reduction,4,120,1.1367566725690479,1.3458541373119908,0.09470131240900592,0.9310344827586207,0.1568627450980392,0.1323529411764706,results/robust_study_v2/runs/biodolphin_Kd/scaffold/esm2_35m/chemberta_mlm/linear/variance_reduction/seed42.json,308,0
biodolphin_Kd,scaffold,42,frozen_mlm,rbf,random,4,120,1.2232465555764043,1.386658395508193,-0.0018783948335718836,0.9137931034482759,0.3137254901960784,0.23039215686274508,results/robust_study_v2/runs/biodolphin_Kd/scaffold/esm2_35m/chemberta_mlm/rbf/random/seed42.json,308,0
biodolphin_Kd,scaffold,42,frozen_mlm,rbf,uncertainty,4,120,1.3118736151515935,1.3646757167180055,0.00325246061143758,0.8563218390804598,0.11764705882352941,0.09313725490196079,results/robust_study_v2/runs/biodolphin_Kd/scaffold/esm2_35m/chemberta_mlm/rbf/uncertainty/seed42.json,308,0
biodolphin_Kd,scaffold,42,frozen_mlm,rbf,ucb_balanced,4,120,1.253981064318319,1.4672682968369632,-0.1995604171830656,0.8850574712643678,0.8431372549019608,0.5955882352941176,results/robust_study_v2/runs/biodolphin_Kd/scaffold/esm2_35m/chemberta_mlm/rbf/ucb_balanced/seed42.json,308,0
biodolphin_Kd,scaffold,42,frozen_mlm,rbf,thompson,4,120,1.2779851103047697,1.3688156682647146,-0.009361998801563853,0.9367816091954023,0.6274509803921569,0.29411764705882354,results/robust_study_v2/runs/biodolphin_Kd/scaffold/esm2_35m/chemberta_mlm/rbf/thompson/seed42.json,308,0
biodolphin_Kd,scaffold,42,frozen_mlm,rbf,prediction_aware_thompson,4,120,1.2960767636515536,1.4343122919126645,-0.06706062340692798,0.8448275862068966,0.5490196078431373,0.34313725490196084,results/robust_study_v2/runs/biodolphin_Kd/scaffold/esm2_35m/chemberta_mlm/rbf/prediction_aware_thompson/seed42.json,308,0
biodolphin_Kd,scaffold,42,frozen_mlm,rbf,variance_reduction,4,120,1.2041126031794944,1.388788642535821,-0.021107616180271682,0.9425287356321839,0.37254901960784315,0.24264705882352944,results/robust_study_v2/runs/biodolphin_Kd/scaffold/esm2_35m/chemberta_mlm/rbf/variance_reduction/seed42.json,308,0
biodolphin_Kd,scaffold,42,frozen_mlm,matern32,random,4,120,1.1905326759505728,1.397883945549159,-0.006972757254935846,0.9310344827586207,0.3137254901960784,0.23039215686274508,results/robust_study_v2/runs/biodolphin_Kd/scaffold/esm2_35m/chemberta_mlm/matern32/random/seed42.json,308,0
biodolphin_Kd,scaffold,42,frozen_mlm,matern32,uncertainty,4,120,1.241608418928448,1.3403428040735899,0.008692696466844452,0.9080459770114943,0.11764705882352941,0.09313725490196079,results/robust_study_v2/runs/biodolphin_Kd/scaffold/esm2_35m/chemberta_mlm/matern32/uncertainty/seed42.json,308,0
biodolphin_Kd,scaffold,42,frozen_mlm,matern32,ucb_balanced,4,120,1.2682033611919468,1.4292829435311771,-0.13743475156028317,0.8850574712643678,0.8431372549019608,0.6004901960784313,results/robust_study_v2/runs/biodolphin_Kd/scaffold/esm2_35m/chemberta_mlm/matern32/ucb_balanced/seed42.json,308,0
biodolphin_Kd,scaffold,42,frozen_mlm,matern32,thompson,4,120,1.1725493576257977,1.365467152763571,0.008911591570422317,0.8735632183908046,0.7647058823529411,0.375,results/robust_study_v2/runs/biodolphin_Kd/scaffold/esm2_35m/chemberta_mlm/matern32/thompson/seed42.json,308,0
biodolphin_Kd,scaffold,42,frozen_mlm,matern32,prediction_aware_thompson,4,120,1.17319226835154,1.454937783600918,-0.08553322005905861,0.9137931034482759,0.47058823529411764,0.2647058823529411,results/robust_study_v2/runs/biodolphin_Kd/scaffold/esm2_35m/chemberta_mlm/matern32/prediction_aware_thompson/seed42.json,308,0
biodolphin_Kd,scaffold,42,frozen_mlm,matern32,variance_reduction,4,120,1.1964731183248292,1.3556582515277875,0.016358970851858112,0.9137931034482759,0.19607843137254902,0.1323529411764706,results/robust_study_v2/runs/biodolphin_Kd/scaffold/esm2_35m/chemberta_mlm/matern32/variance_reduction/seed42.json,308,0
biodolphin_Kd,scaffold,42,lipid_ssl,linear,random,4,120,1.2715287345544881,1.544341320555574,-0.22081400211293278,0.9195402298850575,0.3137254901960784,0.23039215686274508,results/adaptation_study/runs/biodolphin_Kd/scaffold/lipid_ssl/linear/random/seed42.json,308,0
biodolphin_Kd,scaffold,42,lipid_ssl,linear,uncertainty,4,120,1.7420824529201793,1.6032416881028468,-0.26886148432695656,0.9022988505747126,0.1568627450980392,0.08823529411764704,results/adaptation_study/runs/biodolphin_Kd/scaffold/lipid_ssl/linear/uncertainty/seed42.json,308,0
biodolphin_Kd,scaffold,42,lipid_ssl,linear,ucb_balanced,4,120,1.3180456437103438,1.383075937198139,-0.04659771491164766,0.867816091954023,0.8431372549019608,0.3602941176470588,results/adaptation_study/runs/biodolphin_Kd/scaffold/lipid_ssl/linear/ucb_balanced/seed42.json,308,0
biodolphin_Kd,scaffold,42,lipid_ssl,linear,thompson,4,120,1.227160961106662,1.4131146060824045,-0.09710643942663166,0.9425287356321839,0.5686274509803921,0.32598039215686275,results/adaptation_study/runs/biodolphin_Kd/scaffold/lipid_ssl/linear/thompson/seed42.json,308,0
biodolphin_Kd,scaffold,42,lipid_ssl,linear,prediction_aware_thompson,4,120,1.1789887368983485,1.3984319857057053,-0.0009889458042817711,0.8563218390804598,0.17647058823529413,0.12009803921568625,results/adaptation_study/runs/biodolphin_Kd/scaffold/lipid_ssl/linear/prediction_aware_thompson/seed42.json,308,0
biodolphin_Kd,scaffold,42,lipid_ssl,linear,variance_reduction,4,120,1.1270765379247742,1.3672556981792237,0.05843526530648413,0.9022988505747126,0.1568627450980392,0.12745098039215685,results/adaptation_study/runs/biodolphin_Kd/scaffold/lipid_ssl/linear/variance_reduction/seed42.json,308,0
biodolphin_Kd,scaffold,42,lipid_ssl,rbf,random,4,120,1.228069669555914,1.3896428763524469,-0.005892292279122691,0.9080459770114943,0.3137254901960784,0.23039215686274508,results/adaptation_study/runs/biodolphin_Kd/scaffold/lipid_ssl/rbf/random/seed42.json,308,0
biodolphin_Kd,scaffold,42,lipid_ssl,rbf,uncertainty,4,120,1.3369568097074678,1.3754410884861943,-0.011930713106900637,0.8160919540229885,0.11764705882352941,0.09313725490196079,results/adaptation_study/runs/biodolphin_Kd/scaffold/lipid_ssl/rbf/uncertainty/seed42.json,308,0
biodolphin_Kd,scaffold,42,lipid_ssl,rbf,ucb_balanced,4,120,1.4213285036667795,1.4104259011492395,-0.16358902527008934,0.9080459770114943,0.8431372549019608,0.5955882352941176,results/adaptation_study/runs/biodolphin_Kd/scaffold/lipid_ssl/rbf/ucb_balanced/seed42.json,308,0
biodolphin_Kd,scaffold,42,lipid_ssl,rbf,thompson,4,120,1.2199422785778211,1.3605556569833068,-0.0030125986903037916,0.9195402298850575,0.5490196078431373,0.2892156862745098,results/adaptation_study/runs/biodolphin_Kd/scaffold/lipid_ssl/rbf/thompson/seed42.json,308,0
biodolphin_Kd,scaffold,42,lipid_ssl,rbf,prediction_aware_thompson,4,120,1.2836244968666215,1.4052798855256532,-0.039406507372391486,0.896551724137931,0.6862745098039216,0.4044117647058823,results/adaptation_study/runs/biodolphin_Kd/scaffold/lipid_ssl/rbf/prediction_aware_thompson/seed42.json,308,0
biodolphin_Kd,scaffold,42,lipid_ssl,rbf,variance_reduction,4,120,1.2066210706147953,1.373708775656971,-0.00591394513069865,0.9310344827586207,0.23529411764705882,0.16666666666666666,results/adaptation_study/runs/biodolphin_Kd/scaffold/lipid_ssl/rbf/variance_reduction/seed42.json,308,0
biodolphin_Kd,scaffold,42,lipid_ssl,matern32,random,4,120,1.192883761578294,1.39759960930102,-0.007462751626666986,0.9252873563218391,0.3137254901960784,0.23039215686274508,results/adaptation_study/runs/biodolphin_Kd/scaffold/lipid_ssl/matern32/random/seed42.json,308,0
biodolphin_Kd,scaffold,42,lipid_ssl,matern32,uncertainty,4,120,1.2925330114418407,1.349614103282442,-0.00668953395335059,0.8735632183908046,0.13725490196078433,0.09558823529411764,results/adaptation_study/runs/biodolphin_Kd/scaffold/lipid_ssl/matern32/uncertainty/seed42.json,308,0
biodolphin_Kd,scaffold,42,lipid_ssl,matern32,ucb_balanced,4,120,1.2781206837599102,1.4294903530463876,-0.14348539133315374,0.896551724137931,0.8431372549019608,0.6004901960784313,results/adaptation_study/runs/biodolphin_Kd/scaffold/lipid_ssl/matern32/ucb_balanced/seed42.json,308,0
biodolphin_Kd,scaffold,42,lipid_ssl,matern32,thompson,4,120,1.1967138694793058,1.376052327038042,-0.02243836389671916,0.9137931034482759,0.5686274509803921,0.3161764705882353,results/adaptation_study/runs/biodolphin_Kd/scaffold/lipid_ssl/matern32/thompson/seed42.json,308,0
biodolphin_Kd,scaffold,42,lipid_ssl,matern32,prediction_aware_thompson,4,120,1.1883948943780118,1.3933797405693646,-0.008735705876358413,0.9137931034482759,0.5098039215686274,0.2794117647058823,results/adaptation_study/runs/biodolphin_Kd/scaffold/lipid_ssl/matern32/prediction_aware_thompson/seed42.json,308,0
biodolphin_Kd,scaffold,42,lipid_ssl,matern32,variance_reduction,4,120,1.2069557961518553,1.3766512338723795,-0.01668162771021886,0.9195402298850575,0.7647058823529411,0.26715686274509803,results/adaptation_study/runs/biodolphin_Kd/scaffold/lipid_ssl/matern32/variance_reduction/seed42.json,308,0
biodolphin_Kd,scaffold,42,initial_label_adapter,linear,random,4,120,1.2651441764882885,1.5390199073385744,-0.21915688242537157,0.9195402298850575,0.3137254901960784,0.23039215686274508,results/adaptation_study/runs/biodolphin_Kd/scaffold/initial_label_adapter/linear/random/seed42.json,308,0
biodolphin_Kd,scaffold,42,initial_label_adapter,linear,uncertainty,4,120,1.3087661880631358,1.5613840175877154,-0.2209420526017034,0.7586206896551724,0.0784313725490196,0.0784313725490196,results/adaptation_study/runs/biodolphin_Kd/scaffold/initial_label_adapter/linear/uncertainty/seed42.json,308,0
biodolphin_Kd,scaffold,42,initial_label_adapter,linear,ucb_balanced,4,120,1.2080618032489658,1.4059041957597604,-0.09542426399340398,0.9482758620689655,0.8431372549019608,0.49264705882352944,results/adaptation_study/runs/biodolphin_Kd/scaffold/initial_label_adapter/linear/ucb_balanced/seed42.json,308,0
biodolphin_Kd,scaffold,42,initial_label_adapter,linear,thompson,4,120,1.5761400737978457,1.7656318238657662,-0.7947414306949301,0.9942528735632183,0.5686274509803921,0.32598039215686275,results/adaptation_study/runs/biodolphin_Kd/scaffold/initial_label_adapter/linear/thompson/seed42.json,308,0
biodolphin_Kd,scaffold,42,initial_label_adapter,linear,prediction_aware_thompson,4,120,1.1782664686515965,1.3915550280763538,0.005655970491192375,0.9310344827586207,0.19607843137254902,0.1323529411764706,results/adaptation_study/runs/biodolphin_Kd/scaffold/initial_label_adapter/linear/prediction_aware_thompson/seed42.json,308,0
biodolphin_Kd,scaffold,42,initial_label_adapter,linear,variance_reduction,4,120,1.136945819273608,1.3457830062548373,0.09481813321513444,0.9310344827586207,0.1568627450980392,0.1323529411764706,results/adaptation_study/runs/biodolphin_Kd/scaffold/initial_label_adapter/linear/variance_reduction/seed42.json,308,0
biodolphin_Kd,scaffold,42,initial_label_adapter,rbf,random,4,120,1.2232477835416704,1.3866273261394086,-0.0018342970115952095,0.9137931034482759,0.3137254901960784,0.23039215686274508,results/adaptation_study/runs/biodolphin_Kd/scaffold/initial_label_adapter/rbf/random/seed42.json,308,0
biodolphin_Kd,scaffold,42,initial_label_adapter,rbf,uncertainty,4,120,1.3117901230804283,1.3646349640359527,0.0032823237898165214,0.8563218390804598,0.11764705882352941,0.09313725490196079,results/adaptation_study/runs/biodolphin_Kd/scaffold/initial_label_adapter/rbf/uncertainty/seed42.json,308,0
biodolphin_Kd,scaffold,42,initial_label_adapter,rbf,ucb_balanced,4,120,1.2541737428879012,1.4671717746996094,-0.1996245271037349,0.8850574712643678,0.8431372549019608,0.5955882352941176,results/adaptation_study/runs/biodolphin_Kd/scaffold/initial_label_adapter/rbf/ucb_balanced/seed42.json,308,0
biodolphin_Kd,scaffold,42,initial_label_adapter,rbf,thompson,4,120,1.2779764975142274,1.3688165421337806,-0.009360607088733985,0.9367816091954023,0.6274509803921569,0.29411764705882354,results/adaptation_study/runs/biodolphin_Kd/scaffold/initial_label_adapter/rbf/thompson/seed42.json,308,0
biodolphin_Kd,scaffold,42,initial_label_adapter,rbf,prediction_aware_thompson,4,120,1.2960584410949079,1.4343224188894095,-0.06706533330247066,0.8448275862068966,0.5490196078431373,0.34313725490196084,results/adaptation_study/runs/biodolphin_Kd/scaffold/initial_label_adapter/rbf/prediction_aware_thompson/seed42.json,308,0
biodolphin_Kd,scaffold,42,initial_label_adapter,rbf,variance_reduction,4,120,1.204107516824285,1.388800637124584,-0.021114126427360658,0.9425287356321839,0.37254901960784315,0.24264705882352944,results/adaptation_study/runs/biodolphin_Kd/scaffold/initial_label_adapter/rbf/variance_reduction/seed42.json,308,0
biodolphin_Kd,scaffold,42,initial_label_adapter,matern32,random,4,120,1.19056958104339,1.3977347647885745,-0.006809925981166032,0.9310344827586207,0.3137254901960784,0.23039215686274508,results/adaptation_study/runs/biodolphin_Kd/scaffold/initial_label_adapter/matern32/random/seed42.json,308,0
biodolphin_Kd,scaffold,42,initial_label_adapter,matern32,uncertainty,4,120,1.2415999523455519,1.3403454599481799,0.008692176995136469,0.9080459770114943,0.11764705882352941,0.09313725490196079,results/adaptation_study/runs/biodolphin_Kd/scaffold/initial_label_adapter/matern32/uncertainty/seed42.json,308,0
biodolphin_Kd,scaffold,42,initial_label_adapter,matern32,ucb_balanced,4,120,1.2682898898576613,1.4291767421373172,-0.13743916004061596,0.8850574712643678,0.8431372549019608,0.6004901960784313,results/adaptation_study/runs/biodolphin_Kd/scaffold/initial_label_adapter/matern32/ucb_balanced/seed42.json,308,0
biodolphin_Kd,scaffold,42,initial_label_adapter,matern32,thompson,4,120,1.1726429053278313,1.3653604628783098,0.008988394249449527,0.8735632183908046,0.7647058823529411,0.375,results/adaptation_study/runs/biodolphin_Kd/scaffold/initial_label_adapter/matern32/thompson/seed42.json,308,0
biodolphin_Kd,scaffold,42,initial_label_adapter,matern32,prediction_aware_thompson,4,120,1.188931694118712,1.4423856884018214,-0.06868792535978252,0.8908045977011494,0.47058823529411764,0.2647058823529411,results/adaptation_study/runs/biodolphin_Kd/scaffold/initial_label_adapter/matern32/prediction_aware_thompson/seed42.json,308,0
biodolphin_Kd,scaffold,42,initial_label_adapter,matern32,variance_reduction,4,120,1.1964891376170559,1.3556415115165932,0.01636599096515934,0.9137931034482759,0.19607843137254902,0.1323529411764706,results/adaptation_study/runs/biodolphin_Kd/scaffold/initial_label_adapter/matern32/variance_reduction/seed42.json,308,0
biodolphin_Kd,scaffold,73,frozen_mlm,linear,random,4,120,1.4929432953941923,1.3039682725503108,0.19894585069133663,0.8786127167630058,0.21428571428571427,0.1294642857142857,results/robust_study_v2/runs/biodolphin_Kd/scaffold/esm2_35m/chemberta_mlm/linear/random/seed73.json,260,0
biodolphin_Kd,scaffold,73,frozen_mlm,linear,uncertainty,4,120,1.5737482068216784,1.7062577800439978,-0.38366190154880586,0.6416184971098265,0.10714285714285714,0.07142857142857144,results/robust_study_v2/runs/biodolphin_Kd/scaffold/esm2_35m/chemberta_mlm/linear/uncertainty/seed73.json,260,0
biodolphin_Kd,scaffold,73,frozen_mlm,linear,ucb_balanced,4,120,0.926821211785279,1.4943825643179751,-0.03579280494776693,0.9479768786127167,0.35714285714285715,0.24107142857142858,results/robust_study_v2/runs/biodolphin_Kd/scaffold/esm2_35m/chemberta_mlm/linear/ucb_balanced/seed73.json,260,0
biodolphin_Kd,scaffold,73,frozen_mlm,linear,thompson,4,120,0.9972724026967366,1.5651318829229792,-0.22665926314693685,0.8728323699421965,0.4107142857142857,0.16741071428571427,results/robust_study_v2/runs/biodolphin_Kd/scaffold/esm2_35m/chemberta_mlm/linear/thompson/seed73.json,260,0
biodolphin_Kd,scaffold,73,frozen_mlm,linear,prediction_aware_thompson,4,120,1.2521862810331623,1.888674940847185,-0.8532163602619474,0.8092485549132948,0.23214285714285715,0.16294642857142858,results/robust_study_v2/runs/biodolphin_Kd/scaffold/esm2_35m/chemberta_mlm/linear/prediction_aware_thompson/seed73.json,260,0
biodolphin_Kd,scaffold,73,frozen_mlm,linear,variance_reduction,4,120,1.1132345468240779,1.5131764039585343,-0.05753679936084266,0.8323699421965318,0.17857142857142858,0.11607142857142856,results/robust_study_v2/runs/biodolphin_Kd/scaffold/esm2_35m/chemberta_mlm/linear/variance_reduction/seed73.json,260,0
biodolphin_Kd,scaffold,73,frozen_mlm,rbf,random,4,120,1.9445954041383011,1.4742554571997941,0.010850141273645142,0.8728323699421965,0.21428571428571427,0.1294642857142857,results/robust_study_v2/runs/biodolphin_Kd/scaffold/esm2_35m/chemberta_mlm/rbf/random/seed73.json,260,0
biodolphin_Kd,scaffold,73,frozen_mlm,rbf,uncertainty,4,120,2.0908813590928967,1.4731789758315306,0.012207819133125408,0.861271676300578,0.30357142857142855,0.21205357142857142,results/robust_study_v2/runs/biodolphin_Kd/scaffold/esm2_35m/chemberta_mlm/rbf/uncertainty/seed73.json,260,0
biodolphin_Kd,scaffold,73,frozen_mlm,rbf,ucb_balanced,4,120,2.1989029997667022,1.494591557569911,-0.08596699317105894,0.7976878612716763,0.25,0.21428571428571427,results/robust_study_v2/runs/biodolphin_Kd/scaffold/esm2_35m/chemberta_mlm/rbf/ucb_balanced/seed73.json,260,0
biodolphin_Kd,scaffold,73,frozen_mlm,rbf,thompson,4,120,2.2391381862667648,1.5031967512923765,-0.07703207494533237,0.7861271676300579,0.25,0.14732142857142858,results/robust_study_v2/runs/biodolphin_Kd/scaffold/esm2_35m/chemberta_mlm/rbf/thompson/seed73.json,260,0
biodolphin_Kd,scaffold,73,frozen_mlm,rbf,prediction_aware_thompson,4,120,1.0255570694025158,1.5877621926000118,-0.1947135803189679,0.7976878612716763,0.2857142857142857,0.17857142857142852,results/robust_study_v2/runs/biodolphin_Kd/scaffold/esm2_35m/chemberta_mlm/rbf/prediction_aware_thompson/seed73.json,260,0
biodolphin_Kd,scaffold,73,frozen_mlm,rbf,variance_reduction,4,120,1.4754546574057663,1.4743950635003227,-0.031916808264600194,0.8786127167630058,0.19642857142857142,0.12723214285714285,results/robust_study_v2/runs/biodolphin_Kd/scaffold/esm2_35m/chemberta_mlm/rbf/variance_reduction/seed73.json,260,0
biodolphin_Kd,scaffold,73,frozen_mlm,matern32,random,4,120,1.7475998177737637,1.3801545147469998,0.1265217549260116,0.8670520231213873,0.21428571428571427,0.1294642857142857,results/robust_study_v2/runs/biodolphin_Kd/scaffold/esm2_35m/chemberta_mlm/matern32/random/seed73.json,260,0
biodolphin_Kd,scaffold,73,frozen_mlm,matern32,uncertainty,4,120,2.283635010730249,1.5999122744323653,-0.17722451540671091,0.838150289017341,0.17857142857142858,0.13392857142857142,results/robust_study_v2/runs/biodolphin_Kd/scaffold/esm2_35m/chemberta_mlm/matern32/uncertainty/seed73.json,260,0
biodolphin_Kd,scaffold,73,frozen_mlm,matern32,ucb_balanced,4,120,2.1740961380468966,1.5000157112504993,-0.10354658660170268,0.8034682080924855,0.25,0.21428571428571427,results/robust_study_v2/runs/biodolphin_Kd/scaffold/esm2_35m/chemberta_mlm/matern32/ucb_balanced/seed73.json,260,0
biodolphin_Kd,scaffold,73,frozen_mlm,matern32,thompson,4,120,2.126403787245857,1.5662545354319959,-0.1783618148499868,0.7687861271676301,0.35714285714285715,0.15625,results/robust_study_v2/runs/biodolphin_Kd/scaffold/esm2_35m/chemberta_mlm/matern32/thompson/seed73.json,260,0
biodolphin_Kd,scaffold,73,frozen_mlm,matern32,prediction_aware_thompson,4,120,1.0749972603020073,1.3052550092012378,0.2140281261171355,0.9248554913294798,0.39285714285714285,0.23660714285714288,results/robust_study_v2/runs/biodolphin_Kd/scaffold/esm2_35m/chemberta_mlm/matern32/prediction_aware_thompson/seed73.json,260,0
biodolphin_Kd,scaffold,73,frozen_mlm,matern32,variance_reduction,4,120,1.0528096910524876,1.5824392293054892,-0.1699277316334602,0.7456647398843931,0.17857142857142858,0.13392857142857142,results/robust_study_v2/runs/biodolphin_Kd/scaffold/esm2_35m/chemberta_mlm/matern32/variance_reduction/seed73.json,260,0
biodolphin_Kd,scaffold,73,lipid_ssl,linear,random,4,120,1.481600144981649,1.296984263176298,0.21180598918896032,0.8670520231213873,0.21428571428571427,0.1294642857142857,results/adaptation_study/runs/biodolphin_Kd/scaffold/lipid_ssl/linear/random/seed73.json,260,0
biodolphin_Kd,scaffold,73,lipid_ssl,linear,uncertainty,4,120,0.9842380925456475,1.7260348794445766,-0.5064019718687502,0.7630057803468208,0.25,0.12053571428571429,results/adaptation_study/runs/biodolphin_Kd/scaffold/lipid_ssl/linear/uncertainty/seed73.json,260,0
biodolphin_Kd,scaffold,73,lipid_ssl,linear,ucb_balanced,4,120,1.0341163018919681,1.4177408242147362,0.08752518310325275,0.930635838150289,0.42857142857142855,0.26339285714285715,results/adaptation_study/runs/biodolphin_Kd/scaffold/lipid_ssl/linear/ucb_balanced/seed73.json,260,0
biodolphin_Kd,scaffold,73,lipid_ssl,linear,thompson,4,120,2.089961362065337,1.4429869927435073,0.049851842677991476,0.7861271676300579,0.3392857142857143,0.15401785714285715,results/adaptation_study/runs/biodolphin_Kd/scaffold/lipid_ssl/linear/thompson/seed73.json,260,0
biodolphin_Kd,scaffold,73,lipid_ssl,linear,prediction_aware_thompson,4,120,1.3491878970647115,1.7826955970931582,-0.49497873534964487,0.8265895953757225,0.23214285714285715,0.15848214285714288,results/adaptation_study/runs/biodolphin_Kd/scaffold/lipid_ssl/linear/prediction_aware_thompson/seed73.json,260,0
biodolphin_Kd,scaffold,73,lipid_ssl,linear,variance_reduction,4,120,1.0651389617012523,1.499739875173666,-0.03363902985834377,0.838150289017341,0.17857142857142858,0.12053571428571429,results/adaptation_study/runs/biodolphin_Kd/scaffold/lipid_ssl/linear/variance_reduction/seed73.json,260,0
biodolphin_Kd,scaffold,73,lipid_ssl,rbf,random,4,120,1.9515932950151855,1.475616483229217,0.009852497152574302,0.884393063583815,0.21428571428571427,0.1294642857142857,results/adaptation_study/runs/biodolphin_Kd/scaffold/lipid_ssl/rbf/random/seed73.json,260,0
biodolphin_Kd,scaffold,73,lipid_ssl,rbf,uncertainty,4,120,2.036644029739119,1.4567461967660678,0.0350906135558855,0.8901734104046243,0.32142857142857145,0.20535714285714288,results/adaptation_study/runs/biodolphin_Kd/scaffold/lipid_ssl/rbf/uncertainty/seed73.json,260,0
biodolphin_Kd,scaffold,73,lipid_ssl,rbf,ucb_balanced,4,120,2.1796447278872173,1.4939867450099222,-0.06736581499639827,0.7976878612716763,0.26785714285714285,0.21651785714285712,results/adaptation_study/runs/biodolphin_Kd/scaffold/lipid_ssl/rbf/ucb_balanced/seed73.json,260,0
biodolphin_Kd,scaffold,73,lipid_ssl,rbf,thompson,4,120,2.233390223415687,1.5067497684147582,-0.07998903203163787,0.7861271676300579,0.25,0.14732142857142858,results/adaptation_study/runs/biodolphin_Kd/scaffold/lipid_ssl/rbf/thompson/seed73.json,260,0
biodolphin_Kd,scaffold,73,lipid_ssl,rbf,prediction_aware_thompson,4,120,2.148526934976496,1.50856157296473,-0.04531218362823353,0.8786127167630058,0.375,0.22098214285714288,results/adaptation_study/runs/biodolphin_Kd/scaffold/lipid_ssl/rbf/prediction_aware_thompson/seed73.json,260,0
biodolphin_Kd,scaffold,73,lipid_ssl,rbf,variance_reduction,4,120,1.3213892867480483,1.475336678820339,-0.028530694659399947,0.884393063583815,0.21428571428571427,0.1294642857142857,results/adaptation_study/runs/biodolphin_Kd/scaffold/lipid_ssl/rbf/variance_reduction/seed73.json,260,0
biodolphin_Kd,scaffold,73,lipid_ssl,matern32,random,4,120,1.7422901920479812,1.3805806868806636,0.12624871445041763,0.8728323699421965,0.21428571428571427,0.1294642857142857,results/adaptation_study/runs/biodolphin_Kd/scaffold/lipid_ssl/matern32/random/seed73.json,260,0
biodolphin_Kd,scaffold,73,lipid_ssl,matern32,uncertainty,4,120,1.9101994951086934,1.3484479584575515,0.17346310555811728,0.9190751445086706,0.30357142857142855,0.18080357142857142,results/adaptation_study/runs/biodolphin_Kd/scaffold/lipid_ssl/matern32/uncertainty/seed73.json,260,0
biodolphin_Kd,scaffold,73,lipid_ssl,matern32,ucb_balanced,4,120,2.154412322328144,1.4947514021322403,-0.08544205770949542,0.815028901734104,0.25,0.21428571428571427,results/adaptation_study/runs/biodolphin_Kd/scaffold/lipid_ssl/matern32/ucb_balanced/seed73.json,260,0
biodolphin_Kd,scaffold,73,lipid_ssl,matern32,thompson,4,120,2.153599604395838,1.5562928632093507,-0.1664686082895157,0.7976878612716763,0.35714285714285715,0.15178571428571427,results/adaptation_study/runs/biodolphin_Kd/scaffold/lipid_ssl/matern32/thompson/seed73.json,260,0
biodolphin_Kd,scaffold,73,lipid_ssl,matern32,prediction_aware_thompson,4,120,1.166501428285661,1.4344465607173011,0.04716659172867688,0.9017341040462428,0.39285714285714285,0.23660714285714288,results/adaptation_study/runs/biodolphin_Kd/scaffold/lipid_ssl/matern32/prediction_aware_thompson/seed73.json,260,0
biodolphin_Kd,scaffold,73,lipid_ssl,matern32,variance_reduction,4,120,1.0752462380069399,1.513748189046506,-0.03372917249950502,0.8323699421965318,0.17857142857142858,0.12946428571428573,results/adaptation_study/runs/biodolphin_Kd/scaffold/lipid_ssl/matern32/variance_reduction/seed73.json,260,0
biodolphin_Kd,scaffold,73,initial_label_adapter,linear,random,4,120,1.4951001312051435,1.3039422578001407,0.19897377295729113,0.8786127167630058,0.21428571428571427,0.1294642857142857,results/adaptation_study/runs/biodolphin_Kd/scaffold/initial_label_adapter/linear/random/seed73.json,260,0
biodolphin_Kd,scaffold,73,initial_label_adapter,linear,uncertainty,4,120,1.5149939221968853,1.7129347164511959,-0.39874132760178327,0.6589595375722543,0.10714285714285714,0.07142857142857144,results/adaptation_study/runs/biodolphin_Kd/scaffold/initial_label_adapter/linear/uncertainty/seed73.json,260,0
biodolphin_Kd,scaffold,73,initial_label_adapter,linear,ucb_balanced,4,120,1.0278332860209611,1.407506862077918,0.10788359137886239,0.9190751445086706,0.375,0.25223214285714285,results/adaptation_study/runs/biodolphin_Kd/scaffold/initial_label_adapter/linear/ucb_balanced/seed73.json,260,0
biodolphin_Kd,scaffold,73,initial_label_adapter,linear,thompson,4,120,0.9984072027115528,1.565386479145174,-0.22661276338413816,0.8728323699421965,0.4107142857142857,0.16741071428571427,results/adaptation_study/runs/biodolphin_Kd/scaffold/initial_label_adapter/linear/thompson/seed73.json,260,0
biodolphin_Kd,scaffold,73,initial_label_adapter,linear,prediction_aware_thompson,4,120,1.3793928386553238,1.740142139019818,-0.4329231362317716,0.7630057803468208,0.19642857142857142,0.1450892857142857,results/adaptation_study/runs/biodolphin_Kd/scaffold/initial_label_adapter/linear/prediction_aware_thompson/seed73.json,260,0
biodolphin_Kd,scaffold,73,initial_label_adapter,linear,variance_reduction,4,120,1.115173250272819,1.5130220146273012,-0.057016331193117775,0.8323699421965318,0.17857142857142858,0.11607142857142856,results/adaptation_study/runs/biodolphin_Kd/scaffold/initial_label_adapter/linear/variance_reduction/seed73.json,260,0
biodolphin_Kd,scaffold,73,initial_label_adapter,rbf,random,4,120,1.9443563570678528,1.4742570463446298,0.010866293282013273,0.8728323699421965,0.21428571428571427,0.1294642857142857,results/adaptation_study/runs/biodolphin_Kd/scaffold/initial_label_adapter/rbf/random/seed73.json,260,0
biodolphin_Kd,scaffold,73,initial_label_adapter,rbf,uncertainty,4,120,2.0908573686479968,1.4731823514790412,0.012181812094861688,0.861271676300578,0.30357142857142855,0.21205357142857142,results/adaptation_study/runs/biodolphin_Kd/scaffold/initial_label_adapter/rbf/uncertainty/seed73.json,260,0
biodolphin_Kd,scaffold,73,initial_label_adapter,rbf,ucb_balanced,4,120,2.1988914530491765,1.4946088623731697,-0.08600857112888205,0.7976878612716763,0.25,0.21428571428571427,results/adaptation_study/runs/biodolphin_Kd/scaffold/initial_label_adapter/rbf/ucb_balanced/seed73.json,260,0
biodolphin_Kd,scaffold,73,initial_label_adapter,rbf,thompson,4,120,2.2390770171906547,1.5032235488707781,-0.07705894813290959,0.7861271676300579,0.25,0.14732142857142858,results/adaptation_study/runs/biodolphin_Kd/scaffold/initial_label_adapter/rbf/thompson/seed73.json,260,0
biodolphin_Kd,scaffold,73,initial_label_adapter,rbf,prediction_aware_thompson,4,120,1.0482671066791964,1.6032981999893003,-0.25735764388949955,0.7861271676300579,0.21428571428571427,0.14732142857142858,results/adaptation_study/runs/biodolphin_Kd/scaffold/initial_label_adapter/rbf/prediction_aware_thompson/seed73.json,260,0
biodolphin_Kd,scaffold,73,initial_label_adapter,rbf,variance_reduction,4,120,1.2414154862439488,1.502098848006367,-0.04908215682798289,0.8728323699421965,0.21428571428571427,0.1294642857142857,results/adaptation_study/runs/biodolphin_Kd/scaffold/initial_label_adapter/rbf/variance_reduction/seed73.json,260,0
biodolphin_Kd,scaffold,73,initial_label_adapter,matern32,random,4,120,1.7479464863342877,1.3801617569167146,0.1265488415520628,0.8670520231213873,0.21428571428571427,0.1294642857142857,results/adaptation_study/runs/biodolphin_Kd/scaffold/initial_label_adapter/matern32/random/seed73.json,260,0
biodolphin_Kd,scaffold,73,initial_label_adapter,matern32,uncertainty,4,120,2.283628010603229,1.599915600016837,-0.17722737939301259,0.838150289017341,0.17857142857142858,0.13392857142857142,results/adaptation_study/runs/biodolphin_Kd/scaffold/initial_label_adapter/matern32/uncertainty/seed73.json,260,0
biodolphin_Kd,scaffold,73,initial_label_adapter,matern32,ucb_balanced,4,120,2.1741065647442865,1.5000228815656076,-0.10356797514111338,0.8034682080924855,0.25,0.21428571428571427,results/adaptation_study/runs/biodolphin_Kd/scaffold/initial_label_adapter/matern32/ucb_balanced/seed73.json,260,0
biodolphin_Kd,scaffold,73,initial_label_adapter,matern32,thompson,4,120,2.126597044065653,1.566102430358345,-0.17820711890848528,0.7687861271676301,0.35714285714285715,0.15625,results/adaptation_study/runs/biodolphin_Kd/scaffold/initial_label_adapter/matern32/thompson/seed73.json,260,0
biodolphin_Kd,scaffold,73,initial_label_adapter,matern32,prediction_aware_thompson,4,120,1.0754758892252465,1.306150268100026,0.21285613196278563,0.9190751445086706,0.39285714285714285,0.23660714285714288,results/adaptation_study/runs/biodolphin_Kd/scaffold/initial_label_adapter/matern32/prediction_aware_thompson/seed73.json,260,0
biodolphin_Kd,scaffold,73,initial_label_adapter,matern32,variance_reduction,4,120,1.0532326421777454,1.582206391101946,-0.169342581507963,0.7456647398843931,0.17857142857142858,0.13392857142857142,results/adaptation_study/runs/biodolphin_Kd/scaffold/initial_label_adapter/matern32/variance_reduction/seed73.json,260,0
biodolphin_Kd,scaffold,101,frozen_mlm,linear,random,4,120,1.4782911622947639,1.0750637429592034,-0.16607124280738517,1.0,0.3389830508474576,0.2139830508474576,results/robust_study_v2/runs/biodolphin_Kd/scaffold/esm2_35m/chemberta_mlm/linear/random/seed101.json,257,0
biodolphin_Kd,scaffold,101,frozen_mlm,linear,uncertainty,4,120,1.4661353211354207,1.0859952105635997,-0.23716203912403766,0.9611111111111111,0.15254237288135594,0.11016949152542373,results/robust_study_v2/runs/biodolphin_Kd/scaffold/esm2_35m/chemberta_mlm/linear/uncertainty/seed101.json,257,0
biodolphin_Kd,scaffold,101,frozen_mlm,linear,ucb_balanced,4,120,1.4994586847650848,1.1420218504659623,-0.3164114909321538,0.9388888888888889,0.6101694915254238,0.19279661016949154,results/robust_study_v2/runs/biodolphin_Kd/scaffold/esm2_35m/chemberta_mlm/linear/ucb_balanced/seed101.json,257,0
biodolphin_Kd,scaffold,101,frozen_mlm,linear,thompson,4,120,1.3224967707445736,1.128078758550871,-0.27774466367432993,0.9277777777777778,0.3898305084745763,0.18644067796610173,results/robust_study_v2/runs/biodolphin_Kd/scaffold/esm2_35m/chemberta_mlm/linear/thompson/seed101.json,257,0
biodolphin_Kd,scaffold,101,frozen_mlm,linear,prediction_aware_thompson,4,120,1.6159671382623957,1.2473274104797087,-0.4590485677331413,0.9055555555555556,0.1694915254237288,0.13347457627118645,results/robust_study_v2/runs/biodolphin_Kd/scaffold/esm2_35m/chemberta_mlm/linear/prediction_aware_thompson/seed101.json,257,0
biodolphin_Kd,scaffold,101,frozen_mlm,linear,variance_reduction,4,120,1.3745968197015912,1.0590645721827465,-0.08944039487700017,0.9833333333333333,0.22033898305084745,0.13135593220338984,results/robust_study_v2/runs/biodolphin_Kd/scaffold/esm2_35m/chemberta_mlm/linear/variance_reduction/seed101.json,257,0
biodolphin_Kd,scaffold,101,frozen_mlm,rbf,random,4,120,1.327931717005861,1.0371380474608596,-0.04101361428961692,0.9888888888888889,0.3389830508474576,0.2139830508474576,results/robust_study_v2/runs/biodolphin_Kd/scaffold/esm2_35m/chemberta_mlm/rbf/random/seed101.json,257,0
biodolphin_Kd,scaffold,101,frozen_mlm,rbf,uncertainty,4,120,1.3971658354114038,1.0096296293660048,-0.005448849930173916,1.0,0.13559322033898305,0.1038135593220339,results/robust_study_v2/runs/biodolphin_Kd/scaffold/esm2_35m/chemberta_mlm/rbf/uncertainty/seed101.json,257,0
biodolphin_Kd,scaffold,101,frozen_mlm,rbf,ucb_balanced,4,120,1.3884673901172921,0.9477856592043641,-0.015007269664605083,0.9944444444444445,0.8305084745762712,0.5211864406779662,results/robust_study_v2/runs/biodolphin_Kd/scaffold/esm2_35m/chemberta_mlm/rbf/ucb_balanced/seed101.json,257,0
biodolphin_Kd,scaffold,101,frozen_mlm,rbf,thompson,4,120,1.3917062296780807,0.9466238286100597,-0.03153370763248531,0.9888888888888889,0.3898305084745763,0.25,results/robust_study_v2/runs/biodolphin_Kd/scaffold/esm2_35m/chemberta_mlm/rbf/thompson/seed101.json,257,0
biodolphin_Kd,scaffold,101,frozen_mlm,rbf,prediction_aware_thompson,4,120,1.3922318078218154,0.9475563509306035,-0.033820624857862525,0.9888888888888889,0.5423728813559322,0.2139830508474576,results/robust_study_v2/runs/biodolphin_Kd/scaffold/esm2_35m/chemberta_mlm/rbf/prediction_aware_thompson/seed101.json,257,0
biodolphin_Kd,scaffold,101,frozen_mlm,rbf,variance_reduction,4,120,1.389178953711099,0.9660254864962746,-0.0016397813624542401,0.9944444444444445,0.13559322033898305,0.09957627118644068,results/robust_study_v2/runs/biodolphin_Kd/scaffold/esm2_35m/chemberta_mlm/rbf/variance_reduction/seed101.json,257,0
biodolphin_Kd,scaffold,101,frozen_mlm,matern32,random,4,120,1.3341766958077552,1.0157574938720801,-0.026154001037965058,0.9888888888888889,0.3389830508474576,0.2139830508474576,results/robust_study_v2/runs/biodolphin_Kd/scaffold/esm2_35m/chemberta_mlm/matern32/random/seed101.json,257,0
biodolphin_Kd,scaffold,101,frozen_mlm,matern32,uncertainty,4,120,1.4008073493159814,1.021263715642537,-0.009703345241794503,1.0,0.13559322033898305,0.1038135593220339,results/robust_study_v2/runs/biodolphin_Kd/scaffold/esm2_35m/chemberta_mlm/matern32/uncertainty/seed101.json,257,0
biodolphin_Kd,scaffold,101,frozen_mlm,matern32,ucb_balanced,4,120,1.3930143218261433,0.9870165437479732,-0.0005574737337210589,1.0,0.847457627118644,0.527542372881356,results/robust_study_v2/runs/biodolphin_Kd/scaffold/esm2_35m/chemberta_mlm/matern32/ucb_balanced/seed101.json,257,0
biodolphin_Kd,scaffold,101,frozen_mlm,matern32,thompson,4,120,1.3939208460702903,0.9508021744941434,-0.042156431776549486,0.9888888888888889,0.3728813559322034,0.24788135593220342,results/robust_study_v2/runs/biodolphin_Kd/scaffold/esm2_35m/chemberta_mlm/matern32/thompson/seed101.json,257,0
biodolphin_Kd,scaffold,101,frozen_mlm,matern32,prediction_aware_thompson,4,120,1.248594579489754,1.03428696082434,-0.08319298661198582,0.9888888888888889,0.13559322033898305,0.09533898305084747,results/robust_study_v2/runs/biodolphin_Kd/scaffold/esm2_35m/chemberta_mlm/matern32/prediction_aware_thompson/seed101.json,257,0
biodolphin_Kd,scaffold,101,frozen_mlm,matern32,variance_reduction,4,120,1.3467823419219318,0.954259313647012,-0.04763440799706409,0.9888888888888889,0.1016949152542373,0.08686440677966101,results/robust_study_v2/runs/biodolphin_Kd/scaffold/esm2_35m/chemberta_mlm/matern32/variance_reduction/seed101.json,257,0
biodolphin_Kd,scaffold,101,lipid_ssl,linear,random,4,120,1.4817086839486582,1.0766439776820247,-0.18647778874766185,0.9944444444444445,0.3389830508474576,0.2139830508474576,results/adaptation_study/runs/biodolphin_Kd/scaffold/lipid_ssl/linear/random/seed101.json,257,0
biodolphin_Kd,scaffold,101,lipid_ssl,linear,uncertainty,4,120,1.4074004711838517,1.2101957932490772,-0.40548674112737015,0.9611111111111111,0.1864406779661017,0.1228813559322034,results/adaptation_study/runs/biodolphin_Kd/scaffold/lipid_ssl/linear/uncertainty/seed101.json,257,0
biodolphin_Kd,scaffold,101,lipid_ssl,linear,ucb_balanced,4,120,1.3655810047821877,1.1372384111349858,-0.3081150106684083,0.9333333333333333,0.559322033898305,0.17796610169491525,results/adaptation_study/runs/biodolphin_Kd/scaffold/lipid_ssl/linear/ucb_balanced/seed101.json,257,0
biodolphin_Kd,scaffold,101,lipid_ssl,linear,thompson,4,120,1.362737827466066,1.1410709723045989,-0.2647961274646351,0.9388888888888889,0.2711864406779661,0.15466101694915255,results/adaptation_study/runs/biodolphin_Kd/scaffold/lipid_ssl/linear/thompson/seed101.json,257,0
biodolphin_Kd,scaffold,101,lipid_ssl,linear,prediction_aware_thompson,4,120,1.3536789205375912,1.0735855340594354,-0.09178119505236126,0.9666666666666667,0.1694915254237288,0.13771186440677965,results/adaptation_study/runs/biodolphin_Kd/scaffold/lipid_ssl/linear/prediction_aware_thompson/seed101.json,257,0
biodolphin_Kd,scaffold,101,lipid_ssl,linear,variance_reduction,4,120,1.8172250230339406,1.2749670401626931,-0.6551895634427303,0.9222222222222223,0.15254237288135594,0.13135593220338984,results/adaptation_study/runs/biodolphin_Kd/scaffold/lipid_ssl/linear/variance_reduction/seed101.json,257,0
biodolphin_Kd,scaffold,101,lipid_ssl,rbf,random,4,120,1.328535018827431,1.0375151203186341,-0.04112643885406553,1.0,0.3389830508474576,0.2139830508474576,results/adaptation_study/runs/biodolphin_Kd/scaffold/lipid_ssl/rbf/random/seed101.json,257,0
biodolphin_Kd,scaffold,101,lipid_ssl,rbf,uncertainty,4,120,1.397165835411408,1.0096866358998404,-0.005528816421981997,1.0,0.13559322033898305,0.1038135593220339,results/adaptation_study/runs/biodolphin_Kd/scaffold/lipid_ssl/rbf/uncertainty/seed101.json,257,0
biodolphin_Kd,scaffold,101,lipid_ssl,rbf,ucb_balanced,4,120,1.3884674561906005,0.9477850387295242,-0.015007855066490272,0.9944444444444445,0.8305084745762712,0.5211864406779662,results/adaptation_study/runs/biodolphin_Kd/scaffold/lipid_ssl/rbf/ucb_balanced/seed101.json,257,0
biodolphin_Kd,scaffold,101,lipid_ssl,rbf,thompson,4,120,1.391707719444592,0.9466266003114577,-0.031540197431776607,0.9888888888888889,0.3898305084745763,0.25,results/adaptation_study/runs/biodolphin_Kd/scaffold/lipid_ssl/rbf/thompson/seed101.json,257,0
biodolphin_Kd,scaffold,101,lipid_ssl,rbf,prediction_aware_thompson,4,120,1.3127054413359958,1.0069211930202768,-0.05612793150604456,1.0,0.423728813559322,0.20762711864406777,results/adaptation_study/runs/biodolphin_Kd/scaffold/lipid_ssl/rbf/prediction_aware_thompson/seed101.json,257,0
biodolphin_Kd,scaffold,101,lipid_ssl,rbf,variance_reduction,4,120,1.3920808104778357,0.9818245312490913,-6.239427122656238e-05,1.0,0.15254237288135594,0.11016949152542373,results/adaptation_study/runs/biodolphin_Kd/scaffold/lipid_ssl/rbf/variance_reduction/seed101.json,257,0
biodolphin_Kd,scaffold,101,lipid_ssl,matern32,random,4,120,1.3336532499660378,1.0216522587491446,-0.03390399746001482,0.9888888888888889,0.3389830508474576,0.2139830508474576,results/adaptation_study/runs/biodolphin_Kd/scaffold/lipid_ssl/matern32/random/seed101.json,257,0
biodolphin_Kd,scaffold,101,lipid_ssl,matern32,uncertainty,4,120,1.400807348416549,1.0212459734401589,-0.0096779593122307,1.0,0.13559322033898305,0.1038135593220339,results/adaptation_study/runs/biodolphin_Kd/scaffold/lipid_ssl/matern32/uncertainty/seed101.json,257,0
biodolphin_Kd,scaffold,101,lipid_ssl,matern32,ucb_balanced,4,120,1.3930143218266482,0.9870165454907914,-0.0005574739917122429,1.0,0.847457627118644,0.527542372881356,results/adaptation_study/runs/biodolphin_Kd/scaffold/lipid_ssl/matern32/ucb_balanced/seed101.json,257,0
biodolphin_Kd,scaffold,101,lipid_ssl,matern32,thompson,4,120,1.393922076340228,0.9507952409290636,-0.04215685304103456,0.9888888888888889,0.3728813559322034,0.24788135593220342,results/adaptation_study/runs/biodolphin_Kd/scaffold/lipid_ssl/matern32/thompson/seed101.json,257,0
biodolphin_Kd,scaffold,101,lipid_ssl,matern32,prediction_aware_thompson,4,120,1.3430643289882802,1.0350492907763604,-0.05805291569906412,0.9833333333333333,0.1016949152542373,0.08686440677966101,results/adaptation_study/runs/biodolphin_Kd/scaffold/lipid_ssl/matern32/prediction_aware_thompson/seed101.json,257,0
biodolphin_Kd,scaffold,101,lipid_ssl,matern32,variance_reduction,4,120,1.3466423330610457,0.9571645687141296,-0.054001053562777956,0.9888888888888889,0.1016949152542373,0.08686440677966101,results/adaptation_study/runs/biodolphin_Kd/scaffold/lipid_ssl/matern32/variance_reduction/seed101.json,257,0
biodolphin_Kd,scaffold,101,initial_label_adapter,linear,random,4,120,1.478194476224512,1.0746092301058894,-0.16486149985642085,1.0,0.3389830508474576,0.2139830508474576,results/adaptation_study/runs/biodolphin_Kd/scaffold/initial_label_adapter/linear/random/seed101.json,257,0
biodolphin_Kd,scaffold,101,initial_label_adapter,linear,uncertainty,4,120,1.4353272079651231,1.2978052724741629,-0.5875732697742342,0.9666666666666667,0.1694915254237288,0.11652542372881357,results/adaptation_study/runs/biodolphin_Kd/scaffold/initial_label_adapter/linear/uncertainty/seed101.json,257,0
biodolphin_Kd,scaffold,101,initial_label_adapter,linear,ucb_balanced,4,120,1.4993641003605418,1.1420082789651045,-0.31667536845328526,0.9388888888888889,0.6101694915254238,0.19279661016949154,results/adaptation_study/runs/biodolphin_Kd/scaffold/initial_label_adapter/linear/ucb_balanced/seed101.json,257,0
biodolphin_Kd,scaffold,101,initial_label_adapter,linear,thompson,4,120,1.3221852417739415,1.1279401491633738,-0.2776918861860498,0.9277777777777778,0.3898305084745763,0.18644067796610173,results/adaptation_study/runs/biodolphin_Kd/scaffold/initial_label_adapter/linear/thompson/seed101.json,257,0
biodolphin_Kd,scaffold,101,initial_label_adapter,linear,prediction_aware_thompson,4,120,1.6540272467842205,1.2596660846933536,-0.4942648640853,0.9277777777777778,0.1694915254237288,0.13347457627118645,results/adaptation_study/runs/biodolphin_Kd/scaffold/initial_label_adapter/linear/prediction_aware_thompson/seed101.json,257,0
biodolphin_Kd,scaffold,101,initial_label_adapter,linear,variance_reduction,4,120,1.1869127348215256,0.9886644905594355,-0.07367732409368233,0.9833333333333333,0.22033898305084745,0.13983050847457626,results/adaptation_study/runs/biodolphin_Kd/scaffold/initial_label_adapter/linear/variance_reduction/seed101.json,257,0
biodolphin_Kd,scaffold,101,initial_label_adapter,rbf,random,4,120,1.3279843618439267,1.0371092778348208,-0.040989964037582816,0.9888888888888889,0.3389830508474576,0.2139830508474576,results/adaptation_study/runs/biodolphin_Kd/scaffold/initial_label_adapter/rbf/random/seed101.json,257,0
biodolphin_Kd,scaffold,101,initial_label_adapter,rbf,uncertainty,4,120,1.3971650099656148,1.0095702390565946,-0.0053701580938867455,1.0,0.13559322033898305,0.1038135593220339,results/adaptation_study/runs/biodolphin_Kd/scaffold/initial_label_adapter/rbf/uncertainty/seed101.json,257,0
biodolphin_Kd,scaffold,101,initial_label_adapter,rbf,ucb_balanced,4,120,1.3879867732443412,0.9556270824751693,-0.007239404365175561,1.0,0.8305084745762712,0.5211864406779662,results/adaptation_study/runs/biodolphin_Kd/scaffold/initial_label_adapter/rbf/ucb_balanced/seed101.json,257,0
biodolphin_Kd,scaffold,101,initial_label_adapter,rbf,thompson,4,120,1.3917044575871822,0.9466205316458822,-0.03152598882639368,0.9888888888888889,0.3898305084745763,0.25,results/adaptation_study/runs/biodolphin_Kd/scaffold/initial_label_adapter/rbf/thompson/seed101.json,257,0
biodolphin_Kd,scaffold,101,initial_label_adapter,rbf,prediction_aware_thompson,4,120,1.4019265514826909,0.9669609613091742,-0.08900853228835803,0.9666666666666667,0.4406779661016949,0.2733050847457627,results/adaptation_study/runs/biodolphin_Kd/scaffold/initial_label_adapter/rbf/prediction_aware_thompson/seed101.json,257,0
biodolphin_Kd,scaffold,101,initial_label_adapter,rbf,variance_reduction,4,120,1.3891788391272841,0.9659882543880274,-0.0015969950117169507,0.9944444444444445,0.13559322033898305,0.09957627118644068,results/adaptation_study/runs/biodolphin_Kd/scaffold/initial_label_adapter/rbf/variance_reduction/seed101.json,257,0
biodolphin_Kd,scaffold,101,initial_label_adapter,matern32,random,4,120,1.3342094931216115,1.015798001063833,-0.026193390843268993,0.9888888888888889,0.3389830508474576,0.2139830508474576,results/adaptation_study/runs/biodolphin_Kd/scaffold/initial_label_adapter/matern32/random/seed101.json,257,0
biodolphin_Kd,scaffold,101,initial_label_adapter,matern32,uncertainty,4,120,1.4008058283908862,1.0211443310101507,-0.009536694414922886,1.0,0.13559322033898305,0.1038135593220339,results/adaptation_study/runs/biodolphin_Kd/scaffold/initial_label_adapter/matern32/uncertainty/seed101.json,257,0
biodolphin_Kd,scaffold,101,initial_label_adapter,matern32,ucb_balanced,4,120,1.393020872397505,0.9870578588835252,-0.0005623631056697054,1.0,0.847457627118644,0.527542372881356,results/adaptation_study/runs/biodolphin_Kd/scaffold/initial_label_adapter/matern32/ucb_balanced/seed101.json,257,0
biodolphin_Kd,scaffold,101,initial_label_adapter,matern32,thompson,4,120,1.39392343718634,0.9508054383745174,-0.04216471421025392,0.9888888888888889,0.3728813559322034,0.24788135593220342,results/adaptation_study/runs/biodolphin_Kd/scaffold/initial_label_adapter/matern32/thompson/seed101.json,257,0
biodolphin_Kd,scaffold,101,initial_label_adapter,matern32,prediction_aware_thompson,4,120,1.2984907221427258,0.981845461147407,-0.025356203281041045,1.0,0.15254237288135594,0.1059322033898305,results/adaptation_study/runs/biodolphin_Kd/scaffold/initial_label_adapter/matern32/prediction_aware_thompson/seed101.json,257,0
biodolphin_Kd,scaffold,101,initial_label_adapter,matern32,variance_reduction,4,120,1.3467432903333234,0.9542603617056129,-0.04762860151924375,0.9888888888888889,0.1016949152542373,0.08686440677966101,results/adaptation_study/runs/biodolphin_Kd/scaffold/initial_label_adapter/matern32/variance_reduction/seed101.json,257,0
biodolphin_Kd,scaffold,137,frozen_mlm,linear,random,4,120,1.9557029927931517,1.286701872594847,0.025005648413168435,0.8659217877094972,0.2830188679245283,0.1627358490566038,results/robust_study_v2/runs/biodolphin_Kd/scaffold/esm2_35m/chemberta_mlm/linear/random/seed137.json,279,0
biodolphin_Kd,scaffold,137,frozen_mlm,linear,uncertainty,4,120,2.1566730992972025,1.401374768635986,-0.13999423915352271,0.7877094972067039,0.33962264150943394,0.25,results/robust_study_v2/runs/biodolphin_Kd/scaffold/esm2_35m/chemberta_mlm/linear/uncertainty/seed137.json,279,0
biodolphin_Kd,scaffold,137,frozen_mlm,linear,ucb_balanced,4,120,2.102632290700947,1.3540598792824505,-0.007917061765924771,0.8547486033519553,0.32075471698113206,0.2429245283018868,results/robust_study_v2/runs/biodolphin_Kd/scaffold/esm2_35m/chemberta_mlm/linear/ucb_balanced/seed137.json,279,0
biodolphin_Kd,scaffold,137,frozen_mlm,linear,thompson,4,120,1.730105054359333,1.444976569587461,-0.14459752566649908,0.8100558659217877,0.5283018867924528,0.3018867924528302,results/robust_study_v2/runs/biodolphin_Kd/scaffold/esm2_35m/chemberta_mlm/linear/thompson/seed137.json,279,0
biodolphin_Kd,scaffold,137,frozen_mlm,linear,prediction_aware_thompson,4,120,2.0035509334168045,1.320375675559908,0.043626838497901166,0.8603351955307262,0.2830188679245283,0.14858490566037738,results/robust_study_v2/runs/biodolphin_Kd/scaffold/esm2_35m/chemberta_mlm/linear/prediction_aware_thompson/seed137.json,279,0
biodolphin_Kd,scaffold,137,frozen_mlm,linear,variance_reduction,4,120,2.0096210295868935,1.3237554912470377,0.04470003665499933,0.8547486033519553,0.22641509433962265,0.16037735849056606,results/robust_study_v2/runs/biodolphin_Kd/scaffold/esm2_35m/chemberta_mlm/linear/variance_reduction/seed137.json,279,0
biodolphin_Kd,scaffold,137,frozen_mlm,rbf,random,4,120,2.23699299386626,1.335681396404424,0.012496663915626982,0.8994413407821229,0.2830188679245283,0.1627358490566038,results/robust_study_v2/runs/biodolphin_Kd/scaffold/esm2_35m/chemberta_mlm/rbf/random/seed137.json,279,0
biodolphin_Kd,scaffold,137,frozen_mlm,rbf,uncertainty,4,120,1.9276065871017471,1.3139689623051132,0.03531975251282393,0.8994413407821229,0.39622641509433965,0.2995283018867924,results/robust_study_v2/runs/biodolphin_Kd/scaffold/esm2_35m/chemberta_mlm/rbf/uncertainty/seed137.json,279,0
biodolphin_Kd,scaffold,137,frozen_mlm,rbf,ucb_balanced,4,120,2.1452540083307916,1.3634443428939473,-0.021759663213272162,0.8491620111731844,0.32075471698113206,0.2570754716981132,results/robust_study_v2/runs/biodolphin_Kd/scaffold/esm2_35m/chemberta_mlm/rbf/ucb_balanced/seed137.json,279,0
biodolphin_Kd,scaffold,137,frozen_mlm,rbf,thompson,4,120,2.126591144693738,1.303699019347413,0.048585293178114886,0.9050279329608939,0.49056603773584906,0.24528301886792456,results/robust_study_v2/runs/biodolphin_Kd/scaffold/esm2_35m/chemberta_mlm/rbf/thompson/seed137.json,279,0
biodolphin_Kd,scaffold,137,frozen_mlm,rbf,prediction_aware_thompson,4,120,2.0664597707446664,1.3779787806186188,-0.05513811803252522,0.8603351955307262,0.24528301886792453,0.16745283018867926,results/robust_study_v2/runs/biodolphin_Kd/scaffold/esm2_35m/chemberta_mlm/rbf/prediction_aware_thompson/seed137.json,279,0
biodolphin_Kd,scaffold,137,frozen_mlm,rbf,variance_reduction,4,120,2.0304272991178975,1.3474152666470178,0.0035419641131932966,0.8547486033519553,0.33962264150943394,0.2075471698113208,results/robust_study_v2/runs/biodolphin_Kd/scaffold/esm2_35m/chemberta_mlm/rbf/variance_reduction/seed137.json,279,0
biodolphin_Kd,scaffold,137,frozen_mlm,matern32,random,4,120,2.2181408997158183,1.3054518949597478,0.030505490526973045,0.8994413407821229,0.2830188679245283,0.1627358490566038,results/robust_study_v2/runs/biodolphin_Kd/scaffold/esm2_35m/chemberta_mlm/matern32/random/seed137.json,279,0
biodolphin_Kd,scaffold,137,frozen_mlm,matern32,uncertainty,4,120,2.1362347217926567,1.3652646722835309,-0.008504070256937224,0.888268156424581,0.3584905660377358,0.2712264150943396,results/robust_study_v2/runs/biodolphin_Kd/scaffold/esm2_35m/chemberta_mlm/matern32/uncertainty/seed137.json,279,0
biodolphin_Kd,scaffold,137,frozen_mlm,matern32,ucb_balanced,4,120,2.1966172514922895,1.3385778388162552,0.010046641639608,0.8379888268156425,0.32075471698113206,0.26179245283018865,results/robust_study_v2/runs/biodolphin_Kd/scaffold/esm2_35m/chemberta_mlm/matern32/ucb_balanced/seed137.json,279,0
biodolphin_Kd,scaffold,137,frozen_mlm,matern32,thompson,4,120,1.9448457344974186,1.3084710944813123,-0.006619912420770646,0.8379888268156425,0.37735849056603776,0.23584905660377362,results/robust_study_v2/runs/biodolphin_Kd/scaffold/esm2_35m/chemberta_mlm/matern32/thompson/seed137.json,279,1
biodolphin_Kd,scaffold,137,frozen_mlm,matern32,prediction_aware_thompson,4,120,2.14869412785617,1.3644043987359171,-0.004647544581497742,0.8715083798882681,0.2830188679245283,0.18632075471698115,results/robust_study_v2/runs/biodolphin_Kd/scaffold/esm2_35m/chemberta_mlm/matern32/prediction_aware_thompson/seed137.json,279,0
biodolphin_Kd,scaffold,137,frozen_mlm,matern32,variance_reduction,4,120,2.030419343821355,1.3474090372150391,0.00355333460964824,0.8547486033519553,0.33962264150943394,0.2075471698113208,results/robust_study_v2/runs/biodolphin_Kd/scaffold/esm2_35m/chemberta_mlm/matern32/variance_reduction/seed137.json,279,0
biodolphin_Kd,scaffold,137,lipid_ssl,linear,random,4,120,1.954278160173584,1.2869930753286665,0.02941611086801732,0.8659217877094972,0.2830188679245283,0.1627358490566038,results/adaptation_study/runs/biodolphin_Kd/scaffold/lipid_ssl/linear/random/seed137.json,279,0
biodolphin_Kd,scaffold,137,lipid_ssl,linear,uncertainty,4,120,2.15902182728142,1.4038743442262713,-0.14576579926791222,0.776536312849162,0.3584905660377358,0.2570754716981132,results/adaptation_study/runs/biodolphin_Kd/scaffold/lipid_ssl/linear/uncertainty/seed137.json,279,0
biodolphin_Kd,scaffold,137,lipid_ssl,linear,ucb_balanced,4,120,2.1944310828331295,1.3386787419970083,0.042230855511616094,0.8994413407821229,0.33962264150943394,0.24528301886792456,results/adaptation_study/runs/biodolphin_Kd/scaffold/lipid_ssl/linear/ucb_balanced/seed137.json,279,0
biodolphin_Kd,scaffold,137,lipid_ssl,linear,thompson,4,120,1.7298358579417228,1.4466365417509697,-0.14793822462070683,0.8044692737430168,0.5283018867924528,0.3018867924528302,results/adaptation_study/runs/biodolphin_Kd/scaffold/lipid_ssl/linear/thompson/seed137.json,279,0
biodolphin_Kd,scaffold,137,lipid_ssl,linear,prediction_aware_thompson,4,120,2.044429793305644,1.2091274893830797,0.18891524305088436,0.8659217877094972,0.2830188679245283,0.16745283018867926,results/adaptation_study/runs/biodolphin_Kd/scaffold/lipid_ssl/linear/prediction_aware_thompson/seed137.json,279,0
biodolphin_Kd,scaffold,137,lipid_ssl,linear,variance_reduction,4,120,2.0166549430135823,1.2008157641214638,0.19307377086988275,0.8715083798882681,0.24528301886792453,0.1627358490566038,results/adaptation_study/runs/biodolphin_Kd/scaffold/lipid_ssl/linear/variance_reduction/seed137.json,279,0
biodolphin_Kd,scaffold,137,lipid_ssl,rbf,random,4,120,2.1653964045179652,1.3642947808421066,-0.0014646132705764536,0.8938547486033519,0.2830188679245283,0.1627358490566038,results/adaptation_study/runs/biodolphin_Kd/scaffold/lipid_ssl/rbf/random/seed137.json,279,0
biodolphin_Kd,scaffold,137,lipid_ssl,rbf,uncertainty,4,120,2.1361988301856054,1.3652550059317923,-0.008497139299483703,0.888268156424581,0.3584905660377358,0.2712264150943396,results/adaptation_study/runs/biodolphin_Kd/scaffold/lipid_ssl/rbf/uncertainty/seed137.json,279,0
biodolphin_Kd,scaffold,137,lipid_ssl,rbf,ucb_balanced,4,120,2.1696977079865163,1.3593335847586436,0.005055100239940713,0.88268156424581,0.3018867924528302,0.2594339622641509,results/adaptation_study/runs/biodolphin_Kd/scaffold/lipid_ssl/rbf/ucb_balanced/seed137.json,279,0
biodolphin_Kd,scaffold,137,lipid_ssl,rbf,thompson,4,120,2.1138679196366184,1.3679926202716304,-0.01851287432848836,0.888268156424581,0.49056603773584906,0.23113207547169812,results/adaptation_study/runs/biodolphin_Kd/scaffold/lipid_ssl/rbf/thompson/seed137.json,279,0
biodolphin_Kd,scaffold,137,lipid_ssl,rbf,prediction_aware_thompson,4,120,2.0573320468359797,1.3814644216222967,-0.06469198806707199,0.8659217877094972,0.24528301886792453,0.16745283018867926,results/adaptation_study/runs/biodolphin_Kd/scaffold/lipid_ssl/rbf/prediction_aware_thompson/seed137.json,279,0
biodolphin_Kd,scaffold,137,lipid_ssl,rbf,variance_reduction,4,120,2.0304273114313003,1.3474152950468705,0.0035419769565614434,0.8547486033519553,0.33962264150943394,0.2075471698113208,results/adaptation_study/runs/biodolphin_Kd/scaffold/lipid_ssl/rbf/variance_reduction/seed137.json,279,0
biodolphin_Kd,scaffold,137,lipid_ssl,matern32,random,4,120,2.2192416143681077,1.3089643673954154,0.02995154210836204,0.8994413407821229,0.2830188679245283,0.1627358490566038,results/adaptation_study/runs/biodolphin_Kd/scaffold/lipid_ssl/matern32/random/seed137.json,279,0
biodolphin_Kd,scaffold,137,lipid_ssl,matern32,uncertainty,4,120,2.13977832583015,1.3649436546368408,-0.0072896937530664285,0.8938547486033519,0.37735849056603776,0.27358490566037735,results/adaptation_study/runs/biodolphin_Kd/scaffold/lipid_ssl/matern32/uncertainty/seed137.json,279,0
biodolphin_Kd,scaffold,137,lipid_ssl,matern32,ucb_balanced,4,120,2.20038075086131,1.343658249436154,0.008671693876184938,0.8324022346368715,0.32075471698113206,0.26179245283018865,results/adaptation_study/runs/biodolphin_Kd/scaffold/lipid_ssl/matern32/ucb_balanced/seed137.json,279,0
biodolphin_Kd,scaffold,137,lipid_ssl,matern32,thompson,4,120,1.9271038149990207,1.308543423386904,-0.005406656838655044,0.8379888268156425,0.37735849056603776,0.23584905660377362,results/adaptation_study/runs/biodolphin_Kd/scaffold/lipid_ssl/matern32/thompson/seed137.json,279,0
biodolphin_Kd,scaffold,137,lipid_ssl,matern32,prediction_aware_thompson,4,120,2.116017132047453,1.3677615180299334,-0.017568758580539745,0.888268156424581,0.24528301886792453,0.1768867924528302,results/adaptation_study/runs/biodolphin_Kd/scaffold/lipid_ssl/matern32/prediction_aware_thompson/seed137.json,279,0
biodolphin_Kd,scaffold,137,lipid_ssl,matern32,variance_reduction,4,120,2.063993164256265,1.3412461896941819,0.0039877245664234895,0.8770949720670391,0.33962264150943394,0.2075471698113208,results/adaptation_study/runs/biodolphin_Kd/scaffold/lipid_ssl/matern32/variance_reduction/seed137.json,279,0
biodolphin_Kd,scaffold,137,initial_label_adapter,linear,random,4,120,1.9558690178166163,1.2867223445001803,0.025011850261701052,0.8659217877094972,0.2830188679245283,0.1627358490566038,results/adaptation_study/runs/biodolphin_Kd/scaffold/initial_label_adapter/linear/random/seed137.json,279,0
biodolphin_Kd,scaffold,137,initial_label_adapter,linear,uncertainty,4,120,2.1572282704619847,1.4013656460687718,-0.13999643942238982,0.7877094972067039,0.33962264150943394,0.25,results/adaptation_study/runs/biodolphin_Kd/scaffold/initial_label_adapter/linear/uncertainty/seed137.json,279,0
biodolphin_Kd,scaffold,137,initial_label_adapter,linear,ucb_balanced,4,120,2.3613343990106537,1.3592817387881777,-0.04859110480374995,0.88268156424581,0.3018867924528302,0.24056603773584906,results/adaptation_study/runs/biodolphin_Kd/scaffold/initial_label_adapter/linear/ucb_balanced/seed137.json,279,0
biodolphin_Kd,scaffold,137,initial_label_adapter,linear,thompson,4,120,1.7302153760522545,1.4449858753520182,-0.14463011434058792,0.8100558659217877,0.5283018867924528,0.3018867924528302,results/adaptation_study/runs/biodolphin_Kd/scaffold/initial_label_adapter/linear/thompson/seed137.json,279,0
biodolphin_Kd,scaffold,137,initial_label_adapter,linear,prediction_aware_thompson,4,120,1.9955227476870279,1.2100713657998714,0.17499053300663725,0.8938547486033519,0.3018867924528302,0.16037735849056603,results/adaptation_study/runs/biodolphin_Kd/scaffold/initial_label_adapter/linear/prediction_aware_thompson/seed137.json,279,0
biodolphin_Kd,scaffold,137,initial_label_adapter,linear,variance_reduction,4,120,2.009597944911763,1.3238481786374863,0.04456656308293738,0.8547486033519553,0.22641509433962265,0.16037735849056606,results/adaptation_study/runs/biodolphin_Kd/scaffold/initial_label_adapter/linear/variance_reduction/seed137.json,279,0
biodolphin_Kd,scaffold,137,initial_label_adapter,rbf,random,4,120,2.165398921965066,1.3642949028149118,-0.001464281981676363,0.8938547486033519,0.2830188679245283,0.1627358490566038,results/adaptation_study/runs/biodolphin_Kd/scaffold/initial_label_adapter/rbf/random/seed137.json,279,0
biodolphin_Kd,scaffold,137,initial_label_adapter,rbf,uncertainty,4,120,2.139779106553224,1.3649435757473665,-0.007289428245856877,0.8938547486033519,0.37735849056603776,0.27358490566037735,results/adaptation_study/runs/biodolphin_Kd/scaffold/initial_label_adapter/rbf/uncertainty/seed137.json,279,0
biodolphin_Kd,scaffold,137,initial_label_adapter,rbf,ucb_balanced,4,120,2.209349827314529,1.3607389686034392,-0.0035401089415669773,0.8715083798882681,0.32075471698113206,0.2570754716981132,results/adaptation_study/runs/biodolphin_Kd/scaffold/initial_label_adapter/rbf/ucb_balanced/seed137.json,279,0
biodolphin_Kd,scaffold,137,initial_label_adapter,rbf,thompson,4,120,2.128743187483885,1.318260648403612,0.04109842694438648,0.9162011173184358,0.49056603773584906,0.24528301886792456,results/adaptation_study/runs/biodolphin_Kd/scaffold/initial_label_adapter/rbf/thompson/seed137.json,279,1
biodolphin_Kd,scaffold,137,initial_label_adapter,rbf,prediction_aware_thompson,4,120,2.090562162925188,1.3711553449038136,-0.03391632313456605,0.888268156424581,0.2830188679245283,0.1768867924528302,results/adaptation_study/runs/biodolphin_Kd/scaffold/initial_label_adapter/rbf/prediction_aware_thompson/seed137.json,279,0
biodolphin_Kd,scaffold,137,initial_label_adapter,rbf,variance_reduction,4,120,2.027026298503381,1.3517794708843904,-0.007542685198651311,0.8659217877094972,0.3584905660377358,0.21462264150943397,results/adaptation_study/runs/biodolphin_Kd/scaffold/initial_label_adapter/rbf/variance_reduction/seed137.json,279,0
biodolphin_Kd,scaffold,137,initial_label_adapter,matern32,random,4,120,2.2181461262673627,1.3054769509145985,0.030500370240869823,0.8994413407821229,0.2830188679245283,0.1627358490566038,results/adaptation_study/runs/biodolphin_Kd/scaffold/initial_label_adapter/matern32/random/seed137.json,279,0
biodolphin_Kd,scaffold,137,initial_label_adapter,matern32,uncertainty,4,120,2.1373375596322672,1.365164885094,-0.008116256081936113,0.8938547486033519,0.37735849056603776,0.27358490566037735,results/adaptation_study/runs/biodolphin_Kd/scaffold/initial_label_adapter/matern32/uncertainty/seed137.json,279,0
biodolphin_Kd,scaffold,137,initial_label_adapter,matern32,ucb_balanced,4,120,2.112384986293926,1.3682420230996835,-0.01955947336695152,0.888268156424581,0.3018867924528302,0.25471698113207547,results/adaptation_study/runs/biodolphin_Kd/scaffold/initial_label_adapter/matern32/ucb_balanced/seed137.json,279,0
biodolphin_Kd,scaffold,137,initial_label_adapter,matern32,thompson,4,120,1.9450478768839534,1.3082483945489276,-0.006496232203476726,0.8379888268156425,0.37735849056603776,0.23584905660377362,results/adaptation_study/runs/biodolphin_Kd/scaffold/initial_label_adapter/matern32/thompson/seed137.json,279,0
biodolphin_Kd,scaffold,137,initial_label_adapter,matern32,prediction_aware_thompson,4,120,2.1695724265859715,1.357661882943651,-0.0006347878313623934,0.88268156424581,0.2830188679245283,0.19103773584905662,results/adaptation_study/runs/biodolphin_Kd/scaffold/initial_label_adapter/matern32/prediction_aware_thompson/seed137.json,279,0
biodolphin_Kd,scaffold,137,initial_label_adapter,matern32,variance_reduction,4,120,2.0682787660945454,1.3470116170315958,-0.013714651460835059,0.88268156424581,0.3584905660377358,0.21462264150943397,results/adaptation_study/runs/biodolphin_Kd/scaffold/initial_label_adapter/matern32/variance_reduction/seed137.json,279,0
biodolphin_Ki,random_pair,7,frozen_mlm,linear,random,4,120,1.0363777176426632,0.804093600202376,0.687203002184663,0.9181818181818182,0.43243243243243246,0.2263513513513514,results/robust_study_v2/runs/biodolphin_Ki/random_pair/esm2_35m/chemberta_mlm/linear/random/seed7.json,208,0
biodolphin_Ki,random_pair,7,frozen_mlm,linear,uncertainty,4,120,1.0447250626898805,0.950730096501864,0.5911736213446522,0.9,0.08108108108108109,0.05405405405405406,results/robust_study_v2/runs/biodolphin_Ki/random_pair/esm2_35m/chemberta_mlm/linear/uncertainty/seed7.json,208,0
biodolphin_Ki,random_pair,7,frozen_mlm,linear,ucb_balanced,4,120,1.1744358796252443,1.0871265457190695,0.4562573451876192,0.8727272727272727,0.5675675675675675,0.37837837837837845,results/robust_study_v2/runs/biodolphin_Ki/random_pair/esm2_35m/chemberta_mlm/linear/ucb_balanced/seed7.json,208,0
biodolphin_Ki,random_pair,7,frozen_mlm,linear,thompson,4,120,1.4952230664418038,1.033636513162389,0.4506078251453409,0.8363636363636363,0.5405405405405406,0.320945945945946,results/robust_study_v2/runs/biodolphin_Ki/random_pair/esm2_35m/chemberta_mlm/linear/thompson/seed7.json,208,0
biodolphin_Ki,random_pair,7,frozen_mlm,linear,prediction_aware_thompson,4,120,0.9460080858019062,0.8791987647052927,0.6187106420408099,0.8909090909090909,0.16216216216216217,0.08445945945945947,results/robust_study_v2/runs/biodolphin_Ki/random_pair/esm2_35m/chemberta_mlm/linear/prediction_aware_thompson/seed7.json,208,0
biodolphin_Ki,random_pair,7,frozen_mlm,linear,variance_reduction,4,120,0.849961050985494,0.7509242895969386,0.6949506510020953,0.8727272727272727,0.10810810810810811,0.0777027027027027,results/robust_study_v2/runs/biodolphin_Ki/random_pair/esm2_35m/chemberta_mlm/linear/variance_reduction/seed7.json,208,0
biodolphin_Ki,random_pair,7,frozen_mlm,rbf,random,4,120,1.1791274701419752,0.9920782399298809,0.4851411034936103,0.9,0.43243243243243246,0.2263513513513514,results/robust_study_v2/runs/biodolphin_Ki/random_pair/esm2_35m/chemberta_mlm/rbf/random/seed7.json,208,0
biodolphin_Ki,random_pair,7,frozen_mlm,rbf,uncertainty,4,120,1.0216664399968687,0.8016794878281458,0.6348972136080102,0.9,0.2972972972972973,0.21621621621621623,results/robust_study_v2/runs/biodolphin_Ki/random_pair/esm2_35m/chemberta_mlm/rbf/uncertainty/seed7.json,208,0
biodolphin_Ki,random_pair,7,frozen_mlm,rbf,ucb_balanced,4,120,1.226149406938189,0.9388098010100373,0.5338982526908045,0.9636363636363636,0.6216216216216216,0.37162162162162166,results/robust_study_v2/runs/biodolphin_Ki/random_pair/esm2_35m/chemberta_mlm/rbf/ucb_balanced/seed7.json,208,0
biodolphin_Ki,random_pair,7,frozen_mlm,rbf,thompson,4,120,1.2558074088646358,1.2029195631289151,0.32548019561475805,0.9363636363636364,0.6216216216216216,0.3918918918918919,results/robust_study_v2/runs/biodolphin_Ki/random_pair/esm2_35m/chemberta_mlm/rbf/thompson/seed7.json,208,0
biodolphin_Ki,random_pair,7,frozen_mlm,rbf,prediction_aware_thompson,4,120,0.9811559500956613,1.0280094446021095,0.44196051125712865,0.8909090909090909,0.35135135135135137,0.24324324324324328,results/robust_study_v2/runs/biodolphin_Ki/random_pair/esm2_35m/chemberta_mlm/rbf/prediction_aware_thompson/seed7.json,208,0
biodolphin_Ki,random_pair,7,frozen_mlm,rbf,variance_reduction,4,120,0.9562806637368856,1.2366749395569012,0.27547326685544493,0.9,0.35135135135135137,0.1554054054054054,results/robust_study_v2/runs/biodolphin_Ki/random_pair/esm2_35m/chemberta_mlm/rbf/variance_reduction/seed7.json,208,0
biodolphin_Ki,random_pair,7,frozen_mlm,matern32,random,4,120,1.1442280068072632,0.9300878728439478,0.5419354018092871,0.9181818181818182,0.43243243243243246,0.2263513513513514,results/robust_study_v2/runs/biodolphin_Ki/random_pair/esm2_35m/chemberta_mlm/matern32/random/seed7.json,208,0
biodolphin_Ki,random_pair,7,frozen_mlm,matern32,uncertainty,4,120,1.0077938993704632,0.8019742800732818,0.6372663502965237,0.9,0.2972972972972973,0.21621621621621623,results/robust_study_v2/runs/biodolphin_Ki/random_pair/esm2_35m/chemberta_mlm/matern32/uncertainty/seed7.json,208,0
biodolphin_Ki,random_pair,7,frozen_mlm,matern32,ucb_balanced,4,120,1.2339692942556721,1.0501323998875425,0.41601382096883044,0.9363636363636364,0.6216216216216216,0.3378378378378378,results/robust_study_v2/runs/biodolphin_Ki/random_pair/esm2_35m/chemberta_mlm/matern32/ucb_balanced/seed7.json,208,0
biodolphin_Ki,random_pair,7,frozen_mlm,matern32,thompson,4,120,1.2558159948964862,1.2029191868507443,0.3254804191967007,0.9363636363636364,0.6216216216216216,0.3918918918918919,results/robust_study_v2/runs/biodolphin_Ki/random_pair/esm2_35m/chemberta_mlm/matern32/thompson/seed7.json,208,0
biodolphin_Ki,random_pair,7,frozen_mlm,matern32,prediction_aware_thompson,4,120,0.9025722918170285,0.8541168202130581,0.6150400194634955,0.8727272727272727,0.35135135135135137,0.24324324324324328,results/robust_study_v2/runs/biodolphin_Ki/random_pair/esm2_35m/chemberta_mlm/matern32/prediction_aware_thompson/seed7.json,208,0
biodolphin_Ki,random_pair,7,frozen_mlm,matern32,variance_reduction,4,120,0.956288523627896,1.2366748917462351,0.2754733041272236,0.9,0.35135135135135137,0.1554054054054054,results/robust_study_v2/runs/biodolphin_Ki/random_pair/esm2_35m/chemberta_mlm/matern32/variance_reduction/seed7.json,208,0
biodolphin_Ki,random_pair,7,lipid_ssl,linear,random,4,120,1.0312368329440282,0.7927987695583075,0.692229351250793,0.9181818181818182,0.43243243243243246,0.2263513513513514,results/adaptation_study/runs/biodolphin_Ki/random_pair/lipid_ssl/linear/random/seed7.json,208,0
biodolphin_Ki,random_pair,7,lipid_ssl,linear,uncertainty,4,120,1.017208796788931,0.9267821836023976,0.6084766606349118,0.9090909090909091,0.08108108108108109,0.06081081081081082,results/adaptation_study/runs/biodolphin_Ki/random_pair/lipid_ssl/linear/uncertainty/seed7.json,208,0
biodolphin_Ki,random_pair,7,lipid_ssl,linear,ucb_balanced,4,120,1.1833700907983131,1.0546267152864501,0.46106243533092384,0.8545454545454545,0.5135135135135135,0.30405405405405406,results/adaptation_study/runs/biodolphin_Ki/random_pair/lipid_ssl/linear/ucb_balanced/seed7.json,208,0
biodolphin_Ki,random_pair,7,lipid_ssl,linear,thompson,4,120,1.3720990334610008,1.0374953388942305,0.4555984541640328,0.8909090909090909,0.5675675675675675,0.3378378378378379,results/adaptation_study/runs/biodolphin_Ki/random_pair/lipid_ssl/linear/thompson/seed7.json,208,0
biodolphin_Ki,random_pair,7,lipid_ssl,linear,prediction_aware_thompson,4,120,0.8581026393694824,0.7876206269118035,0.6871511448242873,0.9454545454545454,0.21621621621621623,0.09797297297297297,results/adaptation_study/runs/biodolphin_Ki/random_pair/lipid_ssl/linear/prediction_aware_thompson/seed7.json,208,0
biodolphin_Ki,random_pair,7,lipid_ssl,linear,variance_reduction,4,120,0.8263867091763634,0.7596491730920014,0.693715200435185,0.8818181818181818,0.10810810810810811,0.0777027027027027,results/adaptation_study/runs/biodolphin_Ki/random_pair/lipid_ssl/linear/variance_reduction/seed7.json,208,0
biodolphin_Ki,random_pair,7,lipid_ssl,rbf,random,4,120,1.1778247414007508,0.9870938483875015,0.4889564081219522,0.9,0.43243243243243246,0.2263513513513514,results/adaptation_study/runs/biodolphin_Ki/random_pair/lipid_ssl/rbf/random/seed7.json,208,0
biodolphin_Ki,random_pair,7,lipid_ssl,rbf,uncertainty,4,120,1.0518043802582946,0.7932620263803936,0.6425895109674932,0.9,0.2702702702702703,0.2060810810810811,results/adaptation_study/runs/biodolphin_Ki/random_pair/lipid_ssl/rbf/uncertainty/seed7.json,208,0
biodolphin_Ki,random_pair,7,lipid_ssl,rbf,ucb_balanced,4,120,1.2366022110069124,1.0192725363914976,0.4426903228391671,0.9454545454545454,0.5135135135135135,0.3310810810810811,results/adaptation_study/runs/biodolphin_Ki/random_pair/lipid_ssl/rbf/ucb_balanced/seed7.json,208,0
biodolphin_Ki,random_pair,7,lipid_ssl,rbf,thompson,4,120,1.150656376712279,1.0416805692439695,0.4594202690726428,0.9272727272727272,0.6216216216216216,0.3918918918918919,results/adaptation_study/runs/biodolphin_Ki/random_pair/lipid_ssl/rbf/thompson/seed7.json,208,0
biodolphin_Ki,random_pair,7,lipid_ssl,rbf,prediction_aware_thompson,4,120,0.961153730953246,0.8221197890934729,0.6138730703746293,0.9,0.2702702702702703,0.19256756756756757,results/adaptation_study/runs/biodolphin_Ki/random_pair/lipid_ssl/rbf/prediction_aware_thompson/seed7.json,208,0
biodolphin_Ki,random_pair,7,lipid_ssl,rbf,variance_reduction,4,120,0.8318218728591534,0.8173824933712299,0.6519821853415523,0.9090909090909091,0.10810810810810811,0.09797297297297299,results/adaptation_study/runs/biodolphin_Ki/random_pair/lipid_ssl/rbf/variance_reduction/seed7.json,208,0
biodolphin_Ki,random_pair,7,lipid_ssl,matern32,random,4,120,1.1442995240310614,0.9271146787340429,0.5448323116944848,0.9181818181818182,0.43243243243243246,0.2263513513513514,results/adaptation_study/runs/biodolphin_Ki/random_pair/lipid_ssl/matern32/random/seed7.json,208,0
biodolphin_Ki,random_pair,7,lipid_ssl,matern32,uncertainty,4,120,1.007786780158876,0.8019742817656696,0.6372663492531981,0.9,0.2972972972972973,0.21621621621621623,results/adaptation_study/runs/biodolphin_Ki/random_pair/lipid_ssl/matern32/uncertainty/seed7.json,208,0
biodolphin_Ki,random_pair,7,lipid_ssl,matern32,ucb_balanced,4,120,1.233948257217574,1.0504093639395138,0.4158577881627319,0.9363636363636364,0.6216216216216216,0.3378378378378378,results/adaptation_study/runs/biodolphin_Ki/random_pair/lipid_ssl/matern32/ucb_balanced/seed7.json,208,0
biodolphin_Ki,random_pair,7,lipid_ssl,matern32,thompson,4,120,1.2558088978017283,1.2029191906768235,0.32548041677064454,0.9363636363636364,0.6216216216216216,0.3918918918918919,results/adaptation_study/runs/biodolphin_Ki/random_pair/lipid_ssl/matern32/thompson/seed7.json,208,0
biodolphin_Ki,random_pair,7,lipid_ssl,matern32,prediction_aware_thompson,4,120,0.9270730086540667,0.9379816974863361,0.562223831825974,0.8636363636363636,0.32432432432432434,0.23986486486486489,results/adaptation_study/runs/biodolphin_Ki/random_pair/lipid_ssl/matern32/prediction_aware_thompson/seed7.json,208,0
biodolphin_Ki,random_pair,7,lipid_ssl,matern32,variance_reduction,4,120,0.9562766907609387,1.2366748943037438,0.2754733019519874,0.9,0.35135135135135137,0.1554054054054054,results/adaptation_study/runs/biodolphin_Ki/random_pair/lipid_ssl/matern32/variance_reduction/seed7.json,208,0
biodolphin_Ki,random_pair,7,initial_label_adapter,linear,random,4,120,1.0363732308510343,0.804029284387789,0.6871968572685037,0.9181818181818182,0.43243243243243246,0.2263513513513514,results/adaptation_study/runs/biodolphin_Ki/random_pair/initial_label_adapter/linear/random/seed7.json,208,0
biodolphin_Ki,random_pair,7,initial_label_adapter,linear,uncertainty,4,120,1.0440236857356597,0.950430632866201,0.5914032951056636,0.9,0.08108108108108109,0.05405405405405406,results/adaptation_study/runs/biodolphin_Ki/random_pair/initial_label_adapter/linear/uncertainty/seed7.json,208,0
biodolphin_Ki,random_pair,7,initial_label_adapter,linear,ucb_balanced,4,120,1.3230218200088408,1.0446643682171093,0.4879662482070215,0.8545454545454545,0.5675675675675675,0.3648648648648649,results/adaptation_study/runs/biodolphin_Ki/random_pair/initial_label_adapter/linear/ucb_balanced/seed7.json,208,0
biodolphin_Ki,random_pair,7,initial_label_adapter,linear,thompson,4,120,1.4959213160426854,1.0344337527371952,0.450442791008679,0.8363636363636363,0.5405405405405406,0.320945945945946,results/adaptation_study/runs/biodolphin_Ki/random_pair/initial_label_adapter/linear/thompson/seed7.json,208,0
biodolphin_Ki,random_pair,7,initial_label_adapter,linear,prediction_aware_thompson,4,120,0.9417090544271669,0.8626142826664231,0.6279802821600848,0.8909090909090909,0.16216216216216217,0.08445945945945947,results/adaptation_study/runs/biodolphin_Ki/random_pair/initial_label_adapter/linear/prediction_aware_thompson/seed7.json,208,0
biodolphin_Ki,random_pair,7,initial_label_adapter,linear,variance_reduction,4,120,0.8606830983959779,0.75603010287257,0.7055664579292089,0.8727272727272727,0.10810810810810811,0.0777027027027027,results/adaptation_study/runs/biodolphin_Ki/random_pair/initial_label_adapter/linear/variance_reduction/seed7.json,208,0
biodolphin_Ki,random_pair,7,initial_label_adapter,rbf,random,4,120,1.1791274431904888,0.9920518896574884,0.48515498133477286,0.9,0.43243243243243246,0.2263513513513514,results/adaptation_study/runs/biodolphin_Ki/random_pair/initial_label_adapter/rbf/random/seed7.json,208,0
biodolphin_Ki,random_pair,7,initial_label_adapter,rbf,uncertainty,4,120,1.0217002473900345,0.8018120179574071,0.6348904882411657,0.9090909090909091,0.2972972972972973,0.21621621621621623,results/adaptation_study/runs/biodolphin_Ki/random_pair/initial_label_adapter/rbf/uncertainty/seed7.json,208,0
biodolphin_Ki,random_pair,7,initial_label_adapter,rbf,ucb_balanced,4,120,1.2261649723395542,0.9388207191547896,0.5338910011439776,0.9636363636363636,0.6216216216216216,0.37162162162162166,results/adaptation_study/runs/biodolphin_Ki/random_pair/initial_label_adapter/rbf/ucb_balanced/seed7.json,208,0
biodolphin_Ki,random_pair,7,initial_label_adapter,rbf,thompson,4,120,1.25580103772611,1.2028765776840948,0.3254896581763065,0.9363636363636364,0.6216216216216216,0.3918918918918919,results/adaptation_study/runs/biodolphin_Ki/random_pair/initial_label_adapter/rbf/thompson/seed7.json,208,0
biodolphin_Ki,random_pair,7,initial_label_adapter,rbf,prediction_aware_thompson,4,120,0.9811219762811576,1.0280609492967627,0.4419097809338175,0.8909090909090909,0.35135135135135137,0.24324324324324328,results/adaptation_study/runs/biodolphin_Ki/random_pair/initial_label_adapter/rbf/prediction_aware_thompson/seed7.json,208,0
biodolphin_Ki,random_pair,7,initial_label_adapter,rbf,variance_reduction,4,120,0.9562898142744555,1.2366723427856148,0.2754735298054223,0.9,0.35135135135135137,0.1554054054054054,results/adaptation_study/runs/biodolphin_Ki/random_pair/initial_label_adapter/rbf/variance_reduction/seed7.json,208,0
biodolphin_Ki,random_pair,7,initial_label_adapter,matern32,random,4,120,1.1442221455704125,0.9300623781004542,0.5419431892314754,0.9181818181818182,0.43243243243243246,0.2263513513513514,results/adaptation_study/runs/biodolphin_Ki/random_pair/initial_label_adapter/matern32/random/seed7.json,208,0
biodolphin_Ki,random_pair,7,initial_label_adapter,matern32,uncertainty,4,120,1.0078370885452244,0.802105202708931,0.6372601057131757,0.9,0.2972972972972973,0.21621621621621623,results/adaptation_study/runs/biodolphin_Ki/random_pair/initial_label_adapter/matern32/uncertainty/seed7.json,208,0
biodolphin_Ki,random_pair,7,initial_label_adapter,matern32,ucb_balanced,4,120,1.2340811990549865,1.0503021342707368,0.41587928339182256,0.9363636363636364,0.6216216216216216,0.3378378378378378,results/adaptation_study/runs/biodolphin_Ki/random_pair/initial_label_adapter/matern32/ucb_balanced/seed7.json,208,0
biodolphin_Ki,random_pair,7,initial_label_adapter,matern32,thompson,4,120,1.2558073418929008,1.202876208978901,0.32548987734102064,0.9363636363636364,0.6216216216216216,0.3918918918918919,results/adaptation_study/runs/biodolphin_Ki/random_pair/initial_label_adapter/matern32/thompson/seed7.json,208,0
biodolphin_Ki,random_pair,7,initial_label_adapter,matern32,prediction_aware_thompson,4,120,1.1092584198687718,1.2104222374117006,0.28503076395569904,0.9,0.35135135135135137,0.24324324324324328,results/adaptation_study/runs/biodolphin_Ki/random_pair/initial_label_adapter/matern32/prediction_aware_thompson/seed7.json,208,0
biodolphin_Ki,random_pair,7,initial_label_adapter,matern32,variance_reduction,4,120,0.956295675164628,1.2366722936432306,0.27547356866423844,0.9,0.35135135135135137,0.1554054054054054,results/adaptation_study/runs/biodolphin_Ki/random_pair/initial_label_adapter/matern32/variance_reduction/seed7.json,208,0
biodolphin_Ki,random_pair,19,frozen_mlm,linear,random,4,120,0.845691367313207,0.8848516103926156,0.5667847917704492,0.9,0.3148148148148148,0.2152777777777778,results/robust_study_v2/runs/biodolphin_Ki/random_pair/esm2_35m/chemberta_mlm/linear/random/seed19.json,208,0
biodolphin_Ki,random_pair,19,frozen_mlm,linear,uncertainty,4,120,0.6860777595270927,0.7541149323815688,0.6951105482979671,0.9727272727272728,0.2037037037037037,0.17824074074074073,results/robust_study_v2/runs/biodolphin_Ki/random_pair/esm2_35m/chemberta_mlm/linear/uncertainty/seed19.json,208,0
biodolphin_Ki,random_pair,19,frozen_mlm,linear,ucb_balanced,4,120,0.9821213425427956,0.8646061344280164,0.5976122672902705,0.9363636363636364,0.9074074074074074,0.5671296296296297,results/robust_study_v2/runs/biodolphin_Ki/random_pair/esm2_35m/chemberta_mlm/linear/ucb_balanced/seed19.json,208,0
biodolphin_Ki,random_pair,19,frozen_mlm,linear,thompson,4,120,0.7817047800492906,0.7810611283158304,0.6581833452999891,0.990909090909091,0.7407407407407407,0.40277777777777785,results/robust_study_v2/runs/biodolphin_Ki/random_pair/esm2_35m/chemberta_mlm/linear/thompson/seed19.json,208,0
biodolphin_Ki,random_pair,19,frozen_mlm,linear,prediction_aware_thompson,4,120,0.5712411116189973,0.7303285346841547,0.6376832369575932,0.9545454545454546,0.3333333333333333,0.2407407407407407,results/robust_study_v2/runs/biodolphin_Ki/random_pair/esm2_35m/chemberta_mlm/linear/prediction_aware_thompson/seed19.json,208,0
biodolphin_Ki,random_pair,19,frozen_mlm,linear,variance_reduction,4,120,0.433512553416878,0.6410927583022689,0.7414668459325388,0.9818181818181818,0.2777777777777778,0.2199074074074074,results/robust_study_v2/runs/biodolphin_Ki/random_pair/esm2_35m/chemberta_mlm/linear/variance_reduction/seed19.json,208,0
biodolphin_Ki,random_pair,19,frozen_mlm,rbf,random,4,120,1.0416190356910688,1.105675968967505,0.38902283063492926,0.8818181818181818,0.3148148148148148,0.2152777777777778,results/robust_study_v2/runs/biodolphin_Ki/random_pair/esm2_35m/chemberta_mlm/rbf/random/seed19.json,208,0
biodolphin_Ki,random_pair,19,frozen_mlm,rbf,uncertainty,4,120,0.8514519779084885,0.9760265778388592,0.5580832653150437,0.9545454545454546,0.2037037037037037,0.16898148148148148,results/robust_study_v2/runs/biodolphin_Ki/random_pair/esm2_35m/chemberta_mlm/rbf/uncertainty/seed19.json,208,0
biodolphin_Ki,random_pair,19,frozen_mlm,rbf,ucb_balanced,4,120,0.965585162622342,1.0966608547155272,0.29978192173654306,0.8,0.8518518518518519,0.6111111111111112,results/robust_study_v2/runs/biodolphin_Ki/random_pair/esm2_35m/chemberta_mlm/rbf/ucb_balanced/seed19.json,208,0
biodolphin_Ki,random_pair,19,frozen_mlm,rbf,thompson,4,120,0.9737388862314549,1.1174590649458171,0.35780696913126386,0.9272727272727272,0.6666666666666666,0.4259259259259259,results/robust_study_v2/runs/biodolphin_Ki/random_pair/esm2_35m/chemberta_mlm/rbf/thompson/seed19.json,208,0
biodolphin_Ki,random_pair,19,frozen_mlm,rbf,prediction_aware_thompson,4,120,0.7214645685739882,1.0172777206218717,0.3666846875183417,0.8818181818181818,0.9259259259259259,0.4305555555555556,results/robust_study_v2/runs/biodolphin_Ki/random_pair/esm2_35m/chemberta_mlm/rbf/prediction_aware_thompson/seed19.json,208,0
biodolphin_Ki,random_pair,19,frozen_mlm,rbf,variance_reduction,4,120,0.48454215793833005,0.6265202391423957,0.728513980896985,0.9454545454545454,0.3888888888888889,0.2708333333333333,results/robust_study_v2/runs/biodolphin_Ki/random_pair/esm2_35m/chemberta_mlm/rbf/variance_reduction/seed19.json,208,0
biodolphin_Ki,random_pair,19,frozen_mlm,matern32,random,4,120,1.041627967052304,1.10567547179961,0.38902318401546965,0.8818181818181818,0.3148148148148148,0.2152777777777778,results/robust_study_v2/runs/biodolphin_Ki/random_pair/esm2_35m/chemberta_mlm/matern32/random/seed19.json,208,0
biodolphin_Ki,random_pair,19,frozen_mlm,matern32,uncertainty,4,120,1.02375481347557,1.1783573951848643,0.32916631637621896,0.9636363636363636,0.16666666666666666,0.1550925925925926,results/robust_study_v2/runs/biodolphin_Ki/random_pair/esm2_35m/chemberta_mlm/matern32/uncertainty/seed19.json,208,0
biodolphin_Ki,random_pair,19,frozen_mlm,matern32,ucb_balanced,4,120,1.1027038164300569,1.070056380978218,0.30886188782381696,0.9090909090909091,0.9629629629629629,0.6296296296296297,results/robust_study_v2/runs/biodolphin_Ki/random_pair/esm2_35m/chemberta_mlm/matern32/ucb_balanced/seed19.json,208,0
biodolphin_Ki,random_pair,19,frozen_mlm,matern32,thompson,4,120,0.9733250339959867,1.117194068153445,0.3579849352640584,0.9272727272727272,0.6666666666666666,0.4259259259259259,results/robust_study_v2/runs/biodolphin_Ki/random_pair/esm2_35m/chemberta_mlm/matern32/thompson/seed19.json,208,0
biodolphin_Ki,random_pair,19,frozen_mlm,matern32,prediction_aware_thompson,4,120,0.6382378593067635,0.9059714372444276,0.4566329956591403,0.9,0.7037037037037037,0.3009259259259259,results/robust_study_v2/runs/biodolphin_Ki/random_pair/esm2_35m/chemberta_mlm/matern32/prediction_aware_thompson/seed19.json,208,0
biodolphin_Ki,random_pair,19,frozen_mlm,matern32,variance_reduction,4,120,0.5700563702347359,0.8850294871058143,0.4556903229393121,0.9090909090909091,0.5,0.28935185185185186,results/robust_study_v2/runs/biodolphin_Ki/random_pair/esm2_35m/chemberta_mlm/matern32/variance_reduction/seed19.json,208,0
biodolphin_Ki,random_pair,19,lipid_ssl,linear,random,4,120,0.844947188763631,0.8869133601089092,0.5664551064044145,0.9,0.3148148148148148,0.2152777777777778,results/adaptation_study/runs/biodolphin_Ki/random_pair/lipid_ssl/linear/random/seed19.json,208,0
biodolphin_Ki,random_pair,19,lipid_ssl,linear,uncertainty,4,120,0.6864624758737946,0.7597079403991215,0.6973655319302478,0.9727272727272728,0.2037037037037037,0.17824074074074073,results/adaptation_study/runs/biodolphin_Ki/random_pair/lipid_ssl/linear/uncertainty/seed19.json,208,0
biodolphin_Ki,random_pair,19,lipid_ssl,linear,ucb_balanced,4,120,0.945123662041868,0.9381879590175844,0.5102505780634816,0.9272727272727272,0.8888888888888888,0.5694444444444445,results/adaptation_study/runs/biodolphin_Ki/random_pair/lipid_ssl/linear/ucb_balanced/seed19.json,208,0
biodolphin_Ki,random_pair,19,lipid_ssl,linear,thompson,4,120,0.9803797863635768,0.9980296736749249,0.42568844885235313,0.9636363636363636,0.7407407407407407,0.39351851851851843,results/adaptation_study/runs/biodolphin_Ki/random_pair/lipid_ssl/linear/thompson/seed19.json,208,0
biodolphin_Ki,random_pair,19,lipid_ssl,linear,prediction_aware_thompson,4,120,0.6253655630210732,0.7746769357464877,0.630158433467497,0.9363636363636364,0.3333333333333333,0.2407407407407407,results/adaptation_study/runs/biodolphin_Ki/random_pair/lipid_ssl/linear/prediction_aware_thompson/seed19.json,208,0
biodolphin_Ki,random_pair,19,lipid_ssl,linear,variance_reduction,4,120,0.4160270133009675,0.6650456588235505,0.7288282720702703,0.9818181818181818,0.2777777777777778,0.2199074074074074,results/adaptation_study/runs/biodolphin_Ki/random_pair/lipid_ssl/linear/variance_reduction/seed19.json,208,0
biodolphin_Ki,random_pair,19,lipid_ssl,rbf,random,4,120,1.041616798954106,1.105675951895214,0.3890228494162705,0.8818181818181818,0.3148148148148148,0.2152777777777778,results/adaptation_study/runs/biodolphin_Ki/random_pair/lipid_ssl/rbf/random/seed19.json,208,0
biodolphin_Ki,random_pair,19,lipid_ssl,rbf,uncertainty,4,120,0.7108638041302552,0.7879595051555485,0.6720626092822461,0.9818181818181818,0.16666666666666666,0.1550925925925926,results/adaptation_study/runs/biodolphin_Ki/random_pair/lipid_ssl/rbf/uncertainty/seed19.json,208,0
biodolphin_Ki,random_pair,19,lipid_ssl,rbf,ucb_balanced,4,120,0.9648299974611745,1.0964389865066073,0.3000376562448497,0.8,0.8518518518518519,0.6111111111111112,results/adaptation_study/runs/biodolphin_Ki/random_pair/lipid_ssl/rbf/ucb_balanced/seed19.json,208,0
biodolphin_Ki,random_pair,19,lipid_ssl,rbf,thompson,4,120,0.9736281208183986,1.1174630530579115,0.35779854365392516,0.9272727272727272,0.6666666666666666,0.4259259259259259,results/adaptation_study/runs/biodolphin_Ki/random_pair/lipid_ssl/rbf/thompson/seed19.json,208,0
biodolphin_Ki,random_pair,19,lipid_ssl,rbf,prediction_aware_thompson,4,120,0.8464435494300117,1.0385264539993955,0.34418773255073865,0.8636363636363636,0.8888888888888888,0.39814814814814814,results/adaptation_study/runs/biodolphin_Ki/random_pair/lipid_ssl/rbf/prediction_aware_thompson/seed19.json,208,0
biodolphin_Ki,random_pair,19,lipid_ssl,rbf,variance_reduction,4,120,0.480300437894206,0.6305484873258269,0.7282923675509707,0.9363636363636364,0.3888888888888889,0.2708333333333333,results/adaptation_study/runs/biodolphin_Ki/random_pair/lipid_ssl/rbf/variance_reduction/seed19.json,208,0
biodolphin_Ki,random_pair,19,lipid_ssl,matern32,random,4,120,1.04161912672151,1.105675429768143,0.3890231813871403,0.8818181818181818,0.3148148148148148,0.2152777777777778,results/adaptation_study/runs/biodolphin_Ki/random_pair/lipid_ssl/matern32/random/seed19.json,208,0
biodolphin_Ki,random_pair,19,lipid_ssl,matern32,uncertainty,4,120,1.0032038721278702,1.1193173417913775,0.37617401509757475,0.9636363636363636,0.16666666666666666,0.1550925925925926,results/adaptation_study/runs/biodolphin_Ki/random_pair/lipid_ssl/matern32/uncertainty/seed19.json,208,0
biodolphin_Ki,random_pair,19,lipid_ssl,matern32,ucb_balanced,4,120,1.1079045824076048,1.0759144768845603,0.3009976144465748,0.9,0.9629629629629629,0.6296296296296297,results/adaptation_study/runs/biodolphin_Ki/random_pair/lipid_ssl/matern32/ucb_balanced/seed19.json,208,0
biodolphin_Ki,random_pair,19,lipid_ssl,matern32,thompson,4,120,0.9731655889255357,1.1171706630514935,0.35799908863399843,0.9272727272727272,0.6666666666666666,0.4259259259259259,results/adaptation_study/runs/biodolphin_Ki/random_pair/lipid_ssl/matern32/thompson/seed19.json,208,0
biodolphin_Ki,random_pair,19,lipid_ssl,matern32,prediction_aware_thompson,4,120,0.7821889536728438,0.9976396306198524,0.3524764348319044,0.8818181818181818,0.9074074074074074,0.41435185185185186,results/adaptation_study/runs/biodolphin_Ki/random_pair/lipid_ssl/matern32/prediction_aware_thompson/seed19.json,208,0
biodolphin_Ki,random_pair,19,lipid_ssl,matern32,variance_reduction,4,120,0.570045411455631,0.8850294963160782,0.4556903114394033,0.9090909090909091,0.5,0.28935185185185186,results/adaptation_study/runs/biodolphin_Ki/random_pair/lipid_ssl/matern32/variance_reduction/seed19.json,208,0
biodolphin_Ki,random_pair,19,initial_label_adapter,linear,random,4,120,0.8457942561900545,0.8849640804872215,0.5667088646145251,0.9,0.3148148148148148,0.2152777777777778,results/adaptation_study/runs/biodolphin_Ki/random_pair/initial_label_adapter/linear/random/seed19.json,208,0
biodolphin_Ki,random_pair,19,initial_label_adapter,linear,uncertainty,4,120,0.686175244637514,0.7542559849917865,0.6950023849648779,0.9727272727272728,0.2037037037037037,0.17824074074074073,results/adaptation_study/runs/biodolphin_Ki/random_pair/initial_label_adapter/linear/uncertainty/seed19.json,208,0
biodolphin_Ki,random_pair,19,initial_label_adapter,linear,ucb_balanced,4,120,0.9817582493309076,0.8643434527792339,0.5979100053887128,0.9363636363636364,0.9074074074074074,0.5671296296296297,results/adaptation_study/runs/biodolphin_Ki/random_pair/initial_label_adapter/linear/ucb_balanced/seed19.json,208,0
biodolphin_Ki,random_pair,19,initial_label_adapter,linear,thompson,4,120,0.7813148665460606,0.7805933537665963,0.6586456227614468,0.990909090909091,0.7407407407407407,0.40277777777777785,results/adaptation_study/runs/biodolphin_Ki/random_pair/initial_label_adapter/linear/thompson/seed19.json,208,0
biodolphin_Ki,random_pair,19,initial_label_adapter,linear,prediction_aware_thompson,4,120,0.5710560176588791,0.7297713795300322,0.6382264228294268,0.9545454545454546,0.3333333333333333,0.2407407407407407,results/adaptation_study/runs/biodolphin_Ki/random_pair/initial_label_adapter/linear/prediction_aware_thompson/seed19.json,208,0
biodolphin_Ki,random_pair,19,initial_label_adapter,linear,variance_reduction,4,120,0.4334254868435114,0.6410748495202897,0.741548569251876,0.9818181818181818,0.2777777777777778,0.2199074074074074,results/adaptation_study/runs/biodolphin_Ki/random_pair/initial_label_adapter/linear/variance_reduction/seed19.json,208,0
biodolphin_Ki,random_pair,19,initial_label_adapter,rbf,random,4,120,1.0416197163213297,1.1056759430744245,0.38902285061123154,0.8818181818181818,0.3148148148148148,0.2152777777777778,results/adaptation_study/runs/biodolphin_Ki/random_pair/initial_label_adapter/rbf/random/seed19.json,208,0
biodolphin_Ki,random_pair,19,initial_label_adapter,rbf,uncertainty,4,120,0.8516142266934373,0.9761987059196011,0.5579829557661797,0.9545454545454546,0.2037037037037037,0.16898148148148148,results/adaptation_study/runs/biodolphin_Ki/random_pair/initial_label_adapter/rbf/uncertainty/seed19.json,208,0
biodolphin_Ki,random_pair,19,initial_label_adapter,rbf,ucb_balanced,4,120,0.9655909289793673,1.0966624870137607,0.2997790728621562,0.8,0.8518518518518519,0.6111111111111112,results/adaptation_study/runs/biodolphin_Ki/random_pair/initial_label_adapter/rbf/ucb_balanced/seed19.json,208,0
biodolphin_Ki,random_pair,19,initial_label_adapter,rbf,thompson,4,120,0.973740611216455,1.1174690443601272,0.35779847603256165,0.9272727272727272,0.6666666666666666,0.4259259259259259,results/adaptation_study/runs/biodolphin_Ki/random_pair/initial_label_adapter/rbf/thompson/seed19.json,208,0
biodolphin_Ki,random_pair,19,initial_label_adapter,rbf,prediction_aware_thompson,4,120,0.8067852482194041,0.9986888172391157,0.3776110525293105,0.9,0.8888888888888888,0.4212962962962963,results/adaptation_study/runs/biodolphin_Ki/random_pair/initial_label_adapter/rbf/prediction_aware_thompson/seed19.json,208,0
biodolphin_Ki,random_pair,19,initial_label_adapter,rbf,variance_reduction,4,120,0.48407165698604493,0.6263943905597705,0.7287606179968429,0.9454545454545454,0.3888888888888889,0.2708333333333333,results/adaptation_study/runs/biodolphin_Ki/random_pair/initial_label_adapter/rbf/variance_reduction/seed19.json,208,0
biodolphin_Ki,random_pair,19,initial_label_adapter,matern32,random,4,120,1.0416279309959444,1.10567545339184,0.38902319444337574,0.8818181818181818,0.3148148148148148,0.2152777777777778,results/adaptation_study/runs/biodolphin_Ki/random_pair/initial_label_adapter/matern32/random/seed19.json,208,0
biodolphin_Ki,random_pair,19,initial_label_adapter,matern32,uncertainty,4,120,0.6401214890642524,0.7468861339720434,0.7133062134241765,0.9818181818181818,0.16666666666666666,0.1550925925925926,results/adaptation_study/runs/biodolphin_Ki/random_pair/initial_label_adapter/matern32/uncertainty/seed19.json,208,0
biodolphin_Ki,random_pair,19,initial_label_adapter,matern32,ucb_balanced,4,120,1.1027785291613075,1.0701477614257968,0.30876055174215644,0.9090909090909091,0.9629629629629629,0.6296296296296297,results/adaptation_study/runs/biodolphin_Ki/random_pair/initial_label_adapter/matern32/ucb_balanced/seed19.json,208,0
biodolphin_Ki,random_pair,19,initial_label_adapter,matern32,thompson,4,120,0.9733279224698436,1.1172050365824548,0.3579754619204445,0.9272727272727272,0.6666666666666666,0.4259259259259259,results/adaptation_study/runs/biodolphin_Ki/random_pair/initial_label_adapter/matern32/thompson/seed19.json,208,0
biodolphin_Ki,random_pair,19,initial_label_adapter,matern32,prediction_aware_thompson,4,120,0.6011236815443045,0.9090162688604606,0.4499186790089592,0.9181818181818182,0.7777777777777778,0.32407407407407407,results/adaptation_study/runs/biodolphin_Ki/random_pair/initial_label_adapter/matern32/prediction_aware_thompson/seed19.json,208,0
biodolphin_Ki,random_pair,19,initial_label_adapter,matern32,variance_reduction,4,120,0.5700526803558962,0.8850240156013556,0.455694358642868,0.9090909090909091,0.5,0.28935185185185186,results/adaptation_study/runs/biodolphin_Ki/random_pair/initial_label_adapter/matern32/variance_reduction/seed19.json,208,0
biodolphin_Ki,random_pair,42,frozen_mlm,linear,random,4,120,0.7263072567356171,0.8591684350499839,0.6393881277428939,0.9090909090909091,0.32432432432432434,0.19932432432432434,results/robust_study_v2/runs/biodolphin_Ki/random_pair/esm2_35m/chemberta_mlm/linear/random/seed42.json,208,0
biodolphin_Ki,random_pair,42,frozen_mlm,linear,uncertainty,4,120,1.0112615627946375,1.0600758305828555,0.5251207475212739,0.9363636363636364,0.2702702702702703,0.21283783783783786,results/robust_study_v2/runs/biodolphin_Ki/random_pair/esm2_35m/chemberta_mlm/linear/uncertainty/seed42.json,208,0
biodolphin_Ki,random_pair,42,frozen_mlm,linear,ucb_balanced,4,120,1.1604904632044541,1.3131954729457804,0.23113374973710832,0.8272727272727273,0.43243243243243246,0.23986486486486489,results/robust_study_v2/runs/biodolphin_Ki/random_pair/esm2_35m/chemberta_mlm/linear/ucb_balanced/seed42.json,208,0
biodolphin_Ki,random_pair,42,frozen_mlm,linear,thompson,4,120,1.0308070130102196,1.1489625154463476,0.39727053038257854,0.8454545454545455,0.32432432432432434,0.2263513513513514,results/robust_study_v2/runs/biodolphin_Ki/random_pair/esm2_35m/chemberta_mlm/linear/thompson/seed42.json,208,0
biodolphin_Ki,random_pair,42,frozen_mlm,linear,prediction_aware_thompson,4,120,0.6011390777734636,0.8155930701169346,0.6365361058457654,0.8636363636363636,0.32432432432432434,0.17905405405405406,results/robust_study_v2/runs/biodolphin_Ki/random_pair/esm2_35m/chemberta_mlm/linear/prediction_aware_thompson/seed42.json,208,0
biodolphin_Ki,random_pair,42,frozen_mlm,linear,variance_reduction,4,120,0.5878060232061514,0.7586235656858963,0.6814575829026295,0.8636363636363636,0.24324324324324326,0.1418918918918919,results/robust_study_v2/runs/biodolphin_Ki/random_pair/esm2_35m/chemberta_mlm/linear/variance_reduction/seed42.json,208,0
biodolphin_Ki,random_pair,42,frozen_mlm,rbf,random,4,120,0.7177983965182861,0.8331628225981665,0.661943238812966,0.9,0.32432432432432434,0.19932432432432434,results/robust_study_v2/runs/biodolphin_Ki/random_pair/esm2_35m/chemberta_mlm/rbf/random/seed42.json,208,0
biodolphin_Ki,random_pair,42,frozen_mlm,rbf,uncertainty,4,120,1.0483502900550905,1.0698453420318594,0.5260608079872102,0.9818181818181818,0.21621621621621623,0.15202702702702706,results/robust_study_v2/runs/biodolphin_Ki/random_pair/esm2_35m/chemberta_mlm/rbf/uncertainty/seed42.json,208,0
biodolphin_Ki,random_pair,42,frozen_mlm,rbf,ucb_balanced,4,120,1.0498524751761542,1.1935902607691917,0.3126655160661179,0.8272727272727273,0.43243243243243246,0.320945945945946,results/robust_study_v2/runs/biodolphin_Ki/random_pair/esm2_35m/chemberta_mlm/rbf/ucb_balanced/seed42.json,208,0
biodolphin_Ki,random_pair,42,frozen_mlm,rbf,thompson,4,120,1.1938060479900257,1.2954764037562256,0.2016268476611679,0.8727272727272727,0.32432432432432434,0.27364864864864863,results/robust_study_v2/runs/biodolphin_Ki/random_pair/esm2_35m/chemberta_mlm/rbf/thompson/seed42.json,208,0
biodolphin_Ki,random_pair,42,frozen_mlm,rbf,prediction_aware_thompson,4,120,0.7162813712890258,0.8559837728752171,0.6201742115644726,0.9090909090909091,0.24324324324324326,0.13513513513513514,results/robust_study_v2/runs/biodolphin_Ki/random_pair/esm2_35m/chemberta_mlm/rbf/prediction_aware_thompson/seed42.json,208,0
biodolphin_Ki,random_pair,42,frozen_mlm,rbf,variance_reduction,4,120,0.5695247601011784,0.8229440174905689,0.6466469253942453,0.9,0.21621621621621623,0.10472972972972973,results/robust_study_v2/runs/biodolphin_Ki/random_pair/esm2_35m/chemberta_mlm/rbf/variance_reduction/seed42.json,208,0
biodolphin_Ki,random_pair,42,frozen_mlm,matern32,random,4,120,0.7210660925241847,0.8228898738157318,0.6693378778065688,0.9181818181818182,0.32432432432432434,0.19932432432432434,results/robust_study_v2/runs/biodolphin_Ki/random_pair/esm2_35m/chemberta_mlm/matern32/random/seed42.json,208,0
biodolphin_Ki,random_pair,42,frozen_mlm,matern32,uncertainty,4,120,1.0687822907447382,1.128375795216559,0.4787190401335131,0.9636363636363636,0.21621621621621623,0.15202702702702706,results/robust_study_v2/runs/biodolphin_Ki/random_pair/esm2_35m/chemberta_mlm/matern32/uncertainty/seed42.json,208,0
biodolphin_Ki,random_pair,42,frozen_mlm,matern32,ucb_balanced,4,120,1.0314777666032335,1.1722847202775117,0.3351052022625498,0.8272727272727273,0.43243243243243246,0.31418918918918926,results/robust_study_v2/runs/biodolphin_Ki/random_pair/esm2_35m/chemberta_mlm/matern32/ucb_balanced/seed42.json,208,0
biodolphin_Ki,random_pair,42,frozen_mlm,matern32,thompson,4,120,1.042528112427408,1.1872927295830604,0.33948810613098956,0.8,0.43243243243243246,0.3141891891891892,results/robust_study_v2/runs/biodolphin_Ki/random_pair/esm2_35m/chemberta_mlm/matern32/thompson/seed42.json,208,0
biodolphin_Ki,random_pair,42,frozen_mlm,matern32,prediction_aware_thompson,4,120,0.7100990700214216,0.9540127267672769,0.4687067536670818,0.8727272727272727,0.2972972972972973,0.16216216216216217,results/robust_study_v2/runs/biodolphin_Ki/random_pair/esm2_35m/chemberta_mlm/matern32/prediction_aware_thompson/seed42.json,208,0
biodolphin_Ki,random_pair,42,frozen_mlm,matern32,variance_reduction,4,120,0.5962681869041907,0.7518661790236524,0.7094167735123662,0.9454545454545454,0.24324324324324326,0.11486486486486487,results/robust_study_v2/runs/biodolphin_Ki/random_pair/esm2_35m/chemberta_mlm/matern32/variance_reduction/seed42.json,208,0
biodolphin_Ki,random_pair,42,lipid_ssl,linear,random,4,120,0.7224393722286363,0.8538832848154403,0.6419799587806865,0.9090909090909091,0.32432432432432434,0.19932432432432434,results/adaptation_study/runs/biodolphin_Ki/random_pair/lipid_ssl/linear/random/seed42.json,208,0
biodolphin_Ki,random_pair,42,lipid_ssl,linear,uncertainty,4,120,0.9249587264988041,0.9552442781507408,0.5386633130911986,0.8,0.2972972972972973,0.21621621621621623,results/adaptation_study/runs/biodolphin_Ki/random_pair/lipid_ssl/linear/uncertainty/seed42.json,208,0
biodolphin_Ki,random_pair,42,lipid_ssl,linear,ucb_balanced,4,120,1.1395395832953192,1.296575766268088,0.24576660013335538,0.8272727272727273,0.43243243243243246,0.24662162162162163,results/adaptation_study/runs/biodolphin_Ki/random_pair/lipid_ssl/linear/ucb_balanced/seed42.json,208,0
biodolphin_Ki,random_pair,42,lipid_ssl,linear,thompson,4,120,0.991079904336522,1.155330090945277,0.37186209571300854,0.8454545454545455,0.2972972972972973,0.222972972972973,results/adaptation_study/runs/biodolphin_Ki/random_pair/lipid_ssl/linear/thompson/seed42.json,208,0
biodolphin_Ki,random_pair,42,lipid_ssl,linear,prediction_aware_thompson,4,120,0.6080327879469393,1.032064796911636,0.39990303577345565,0.7818181818181819,0.21621621621621623,0.14527027027027029,results/adaptation_study/runs/biodolphin_Ki/random_pair/lipid_ssl/linear/prediction_aware_thompson/seed42.json,208,0
biodolphin_Ki,random_pair,42,lipid_ssl,linear,variance_reduction,4,120,0.6000004668766632,0.7862809727814204,0.6692441105312974,0.8636363636363636,0.24324324324324326,0.1418918918918919,results/adaptation_study/runs/biodolphin_Ki/random_pair/lipid_ssl/linear/variance_reduction/seed42.json,208,0
biodolphin_Ki,random_pair,42,lipid_ssl,rbf,random,4,120,0.7145258107023216,0.8309765713358874,0.6632136781182416,0.9,0.32432432432432434,0.19932432432432434,results/adaptation_study/runs/biodolphin_Ki/random_pair/lipid_ssl/rbf/random/seed42.json,208,0
biodolphin_Ki,random_pair,42,lipid_ssl,rbf,uncertainty,4,120,1.018571175592906,1.1986115826008332,0.3523046764056861,0.9181818181818182,0.2972972972972973,0.1621621621621622,results/adaptation_study/runs/biodolphin_Ki/random_pair/lipid_ssl/rbf/uncertainty/seed42.json,208,0
biodolphin_Ki,random_pair,42,lipid_ssl,rbf,ucb_balanced,4,120,1.048097535640335,1.1963613888728835,0.30926654970647394,0.8363636363636363,0.43243243243243246,0.320945945945946,results/adaptation_study/runs/biodolphin_Ki/random_pair/lipid_ssl/rbf/ucb_balanced/seed42.json,208,0
biodolphin_Ki,random_pair,42,lipid_ssl,rbf,thompson,4,120,1.1420761795912509,1.195214228898147,0.3190678441352436,0.8181818181818182,0.32432432432432434,0.27364864864864863,results/adaptation_study/runs/biodolphin_Ki/random_pair/lipid_ssl/rbf/thompson/seed42.json,208,0
biodolphin_Ki,random_pair,42,lipid_ssl,rbf,prediction_aware_thompson,4,120,0.6388673180385808,0.9932009089757269,0.4135298672899024,0.8363636363636363,0.40540540540540543,0.17567567567567566,results/adaptation_study/runs/biodolphin_Ki/random_pair/lipid_ssl/rbf/prediction_aware_thompson/seed42.json,208,0
biodolphin_Ki,random_pair,42,lipid_ssl,rbf,variance_reduction,4,120,0.5466323905883429,0.849028019687756,0.6168983460960248,0.8727272727272727,0.21621621621621623,0.11148648648648647,results/adaptation_study/runs/biodolphin_Ki/random_pair/lipid_ssl/rbf/variance_reduction/seed42.json,208,0
biodolphin_Ki,random_pair,42,lipid_ssl,matern32,random,4,120,0.7186810021823627,0.8213926122861502,0.6702133206454848,0.9181818181818182,0.32432432432432434,0.19932432432432434,results/adaptation_study/runs/biodolphin_Ki/random_pair/lipid_ssl/matern32/random/seed42.json,208,0
biodolphin_Ki,random_pair,42,lipid_ssl,matern32,uncertainty,4,120,1.0633605680928138,1.1321885362523447,0.4708175599236174,0.9636363636363636,0.21621621621621623,0.15202702702702706,results/adaptation_study/runs/biodolphin_Ki/random_pair/lipid_ssl/matern32/uncertainty/seed42.json,208,0
biodolphin_Ki,random_pair,42,lipid_ssl,matern32,ucb_balanced,4,120,1.0570331475138577,1.161430746708411,0.39240365008786515,0.8909090909090909,0.43243243243243246,0.320945945945946,results/adaptation_study/runs/biodolphin_Ki/random_pair/lipid_ssl/matern32/ucb_balanced/seed42.json,208,0
biodolphin_Ki,random_pair,42,lipid_ssl,matern32,thompson,4,120,1.0681270727738297,1.210502981072618,0.33970811730514605,0.7909090909090909,0.43243243243243246,0.3141891891891892,results/adaptation_study/runs/biodolphin_Ki/random_pair/lipid_ssl/matern32/thompson/seed42.json,208,0
biodolphin_Ki,random_pair,42,lipid_ssl,matern32,prediction_aware_thompson,4,120,0.5594294304733431,0.7952738625380722,0.6296468539128963,0.8454545454545455,0.2702702702702703,0.16554054054054057,results/adaptation_study/runs/biodolphin_Ki/random_pair/lipid_ssl/matern32/prediction_aware_thompson/seed42.json,208,0
biodolphin_Ki,random_pair,42,lipid_ssl,matern32,variance_reduction,4,120,0.5845479535814303,0.7439341328845593,0.7154936456577267,0.9454545454545454,0.24324324324324326,0.11486486486486487,results/adaptation_study/runs/biodolphin_Ki/random_pair/lipid_ssl/matern32/variance_reduction/seed42.json,208,0
biodolphin_Ki,random_pair,42,initial_label_adapter,linear,random,4,120,0.7262496484173399,0.8591295663303116,0.6394276841172867,0.9090909090909091,0.32432432432432434,0.19932432432432434,results/adaptation_study/runs/biodolphin_Ki/random_pair/initial_label_adapter/linear/random/seed42.json,208,0
biodolphin_Ki,random_pair,42,initial_label_adapter,linear,uncertainty,4,120,1.011169397892751,1.0599561080033444,0.5251873934607769,0.9363636363636364,0.2702702702702703,0.21283783783783786,results/adaptation_study/runs/biodolphin_Ki/random_pair/initial_label_adapter/linear/uncertainty/seed42.json,208,0
biodolphin_Ki,random_pair,42,initial_label_adapter,linear,ucb_balanced,4,120,1.16066830920256,1.3133026115541735,0.23093174320057175,0.8272727272727273,0.43243243243243246,0.23986486486486489,results/adaptation_study/runs/biodolphin_Ki/random_pair/initial_label_adapter/linear/ucb_balanced/seed42.json,208,0
biodolphin_Ki,random_pair,42,initial_label_adapter,linear,thompson,4,120,1.0308540792827896,1.1488694513611746,0.39729170381988055,0.8454545454545455,0.32432432432432434,0.2263513513513514,results/adaptation_study/runs/biodolphin_Ki/random_pair/initial_label_adapter/linear/thompson/seed42.json,208,0
biodolphin_Ki,random_pair,42,initial_label_adapter,linear,prediction_aware_thompson,4,120,0.6062107995528886,0.8167461860008934,0.6420800550094051,0.9,0.32432432432432434,0.17905405405405406,results/adaptation_study/runs/biodolphin_Ki/random_pair/initial_label_adapter/linear/prediction_aware_thompson/seed42.json,208,0
biodolphin_Ki,random_pair,42,initial_label_adapter,linear,variance_reduction,4,120,0.5877219405878926,0.7584951650636472,0.6815401991215524,0.8636363636363636,0.24324324324324326,0.1418918918918919,results/adaptation_study/runs/biodolphin_Ki/random_pair/initial_label_adapter/linear/variance_reduction/seed42.json,208,0
biodolphin_Ki,random_pair,42,initial_label_adapter,rbf,random,4,120,0.7177357344720693,0.8331593066168188,0.6619612219922906,0.9,0.32432432432432434,0.19932432432432434,results/adaptation_study/runs/biodolphin_Ki/random_pair/initial_label_adapter/rbf/random/seed42.json,208,0
biodolphin_Ki,random_pair,42,initial_label_adapter,rbf,uncertainty,4,120,1.0482635664203122,1.0697254610757674,0.5261613663840732,0.9818181818181818,0.21621621621621623,0.15202702702702706,results/adaptation_study/runs/biodolphin_Ki/random_pair/initial_label_adapter/rbf/uncertainty/seed42.json,208,0
biodolphin_Ki,random_pair,42,initial_label_adapter,rbf,ucb_balanced,4,120,1.0499950288424154,1.193585310401934,0.31260726349010526,0.8272727272727273,0.43243243243243246,0.320945945945946,results/adaptation_study/runs/biodolphin_Ki/random_pair/initial_label_adapter/rbf/ucb_balanced/seed42.json,208,0
biodolphin_Ki,random_pair,42,initial_label_adapter,rbf,thompson,4,120,1.1912359268107926,1.2695745710650088,0.23499723104872638,0.8818181818181818,0.32432432432432434,0.27364864864864863,results/adaptation_study/runs/biodolphin_Ki/random_pair/initial_label_adapter/rbf/thompson/seed42.json,208,0
biodolphin_Ki,random_pair,42,initial_label_adapter,rbf,prediction_aware_thompson,4,120,0.7160007102715804,0.8560819617116864,0.6201481388175097,0.9090909090909091,0.24324324324324326,0.13513513513513514,results/adaptation_study/runs/biodolphin_Ki/random_pair/initial_label_adapter/rbf/prediction_aware_thompson/seed42.json,208,0
biodolphin_Ki,random_pair,42,initial_label_adapter,rbf,variance_reduction,4,120,0.5694438648784637,0.8229294639881183,0.6466558146232326,0.9,0.21621621621621623,0.10472972972972973,results/adaptation_study/runs/biodolphin_Ki/random_pair/initial_label_adapter/rbf/variance_reduction/seed42.json,208,0
biodolphin_Ki,random_pair,42,initial_label_adapter,matern32,random,4,120,0.7209959475873915,0.8228836644305317,0.6693659191824347,0.9181818181818182,0.32432432432432434,0.19932432432432434,results/adaptation_study/runs/biodolphin_Ki/random_pair/initial_label_adapter/matern32/random/seed42.json,208,0
biodolphin_Ki,random_pair,42,initial_label_adapter,matern32,uncertainty,4,120,1.0687380967563762,1.1282523870999162,0.47879048376458955,0.9636363636363636,0.21621621621621623,0.15202702702702706,results/adaptation_study/runs/biodolphin_Ki/random_pair/initial_label_adapter/matern32/uncertainty/seed42.json,208,0
biodolphin_Ki,random_pair,42,initial_label_adapter,matern32,ucb_balanced,4,120,1.031606014516152,1.172219096215261,0.33508733779866406,0.8272727272727273,0.43243243243243246,0.31418918918918926,results/adaptation_study/runs/biodolphin_Ki/random_pair/initial_label_adapter/matern32/ucb_balanced/seed42.json,208,0
biodolphin_Ki,random_pair,42,initial_label_adapter,matern32,thompson,4,120,1.0974213884584194,1.2021491512116764,0.36397469099891777,0.8,0.43243243243243246,0.3141891891891892,results/adaptation_study/runs/biodolphin_Ki/random_pair/initial_label_adapter/matern32/thompson/seed42.json,208,0
biodolphin_Ki,random_pair,42,initial_label_adapter,matern32,prediction_aware_thompson,4,120,0.5511076445991426,0.8565987351800275,0.5765112230242273,0.8545454545454545,0.21621621621621623,0.13175675675675677,results/adaptation_study/runs/biodolphin_Ki/random_pair/initial_label_adapter/matern32/prediction_aware_thompson/seed42.json,208,0
biodolphin_Ki,random_pair,42,initial_label_adapter,matern32,variance_reduction,4,120,0.5961465342451312,0.7517400070941275,0.7095365533510749,0.9454545454545454,0.24324324324324326,0.11486486486486487,results/adaptation_study/runs/biodolphin_Ki/random_pair/initial_label_adapter/matern32/variance_reduction/seed42.json,208,0
biodolphin_Ki,random_pair,73,frozen_mlm,linear,random,4,120,0.7155927759970058,0.8766280039368294,0.5860876254023066,0.8818181818181818,0.3888888888888889,0.2777777777777778,results/robust_study_v2/runs/biodolphin_Ki/random_pair/esm2_35m/chemberta_mlm/linear/random/seed73.json,208,0
biodolphin_Ki,random_pair,73,frozen_mlm,linear,uncertainty,4,120,0.7774285723621233,1.002146340114313,0.520406072394702,0.9181818181818182,0.16666666666666666,0.15972222222222224,results/robust_study_v2/runs/biodolphin_Ki/random_pair/esm2_35m/chemberta_mlm/linear/uncertainty/seed73.json,208,0
biodolphin_Ki,random_pair,73,frozen_mlm,linear,ucb_balanced,4,120,0.8134396588967224,1.1073143481064132,0.3471791811962359,0.7909090909090909,0.5,0.34027777777777785,results/robust_study_v2/runs/biodolphin_Ki/random_pair/esm2_35m/chemberta_mlm/linear/ucb_balanced/seed73.json,208,0
biodolphin_Ki,random_pair,73,frozen_mlm,linear,thompson,4,120,0.8630580583857498,1.0144225394972888,0.47419032785075,0.8454545454545455,0.4722222222222222,0.2951388888888889,results/robust_study_v2/runs/biodolphin_Ki/random_pair/esm2_35m/chemberta_mlm/linear/thompson/seed73.json,208,0
biodolphin_Ki,random_pair,73,frozen_mlm,linear,prediction_aware_thompson,4,120,0.5308120737801577,0.7754699340589217,0.6545095711206605,0.9090909090909091,0.4722222222222222,0.28125,results/robust_study_v2/runs/biodolphin_Ki/random_pair/esm2_35m/chemberta_mlm/linear/prediction_aware_thompson/seed73.json,208,0
biodolphin_Ki,random_pair,73,frozen_mlm,linear,variance_reduction,4,120,0.4814549588894396,0.7532696868865374,0.6617319505519252,0.8636363636363636,0.3055555555555556,0.21180555555555558,results/robust_study_v2/runs/biodolphin_Ki/random_pair/esm2_35m/chemberta_mlm/linear/variance_reduction/seed73.json,208,0
biodolphin_Ki,random_pair,73,frozen_mlm,rbf,random,4,120,0.7401896709681259,0.954521027217549,0.3977928995263862,0.9,0.3888888888888889,0.2777777777777778,results/robust_study_v2/runs/biodolphin_Ki/random_pair/esm2_35m/chemberta_mlm/rbf/random/seed73.json,208,0
biodolphin_Ki,random_pair,73,frozen_mlm,rbf,uncertainty,4,120,0.6794104217617547,0.9750338046586612,0.5272862874070771,0.8909090909090909,0.16666666666666666,0.15972222222222224,results/robust_study_v2/runs/biodolphin_Ki/random_pair/esm2_35m/chemberta_mlm/rbf/uncertainty/seed73.json,208,0
biodolphin_Ki,random_pair,73,frozen_mlm,rbf,ucb_balanced,4,120,0.9760408353069028,1.2150080708068474,0.20373332357289042,0.8636363636363636,0.5833333333333334,0.3506944444444445,results/robust_study_v2/runs/biodolphin_Ki/random_pair/esm2_35m/chemberta_mlm/rbf/ucb_balanced/seed73.json,208,0
biodolphin_Ki,random_pair,73,frozen_mlm,rbf,thompson,4,120,0.8349857600706077,1.1281170609835771,0.31017533741312064,0.8181818181818182,0.3888888888888889,0.28472222222222215,results/robust_study_v2/runs/biodolphin_Ki/random_pair/esm2_35m/chemberta_mlm/rbf/thompson/seed73.json,208,0
biodolphin_Ki,random_pair,73,frozen_mlm,rbf,prediction_aware_thompson,4,120,0.6826357974105554,1.018490318009014,0.40575879881034904,0.8636363636363636,0.4166666666666667,0.2604166666666667,results/robust_study_v2/runs/biodolphin_Ki/random_pair/esm2_35m/chemberta_mlm/rbf/prediction_aware_thompson/seed73.json,208,0
biodolphin_Ki,random_pair,73,frozen_mlm,rbf,variance_reduction,4,120,0.4596885732848664,0.8007649087908919,0.6432974798160149,0.8454545454545455,0.2222222222222222,0.19444444444444442,results/robust_study_v2/runs/biodolphin_Ki/random_pair/esm2_35m/chemberta_mlm/rbf/variance_reduction/seed73.json,208,0
biodolphin_Ki,random_pair,73,frozen_mlm,matern32,random,4,120,0.6693426858892904,0.868077097074384,0.578739087243774,0.8909090909090909,0.3888888888888889,0.2777777777777778,results/robust_study_v2/runs/biodolphin_Ki/random_pair/esm2_35m/chemberta_mlm/matern32/random/seed73.json,208,0
biodolphin_Ki,random_pair,73,frozen_mlm,matern32,uncertainty,4,120,0.6851726715574842,0.9675849359250792,0.5824347095932982,0.9272727272727272,0.16666666666666666,0.15972222222222224,results/robust_study_v2/runs/biodolphin_Ki/random_pair/esm2_35m/chemberta_mlm/matern32/uncertainty/seed73.json,208,0
biodolphin_Ki,random_pair,73,frozen_mlm,matern32,ucb_balanced,4,120,0.7398366609911164,0.9737631887247364,0.47259180642684295,0.8454545454545455,0.4722222222222222,0.35763888888888884,results/robust_study_v2/runs/biodolphin_Ki/random_pair/esm2_35m/chemberta_mlm/matern32/ucb_balanced/seed73.json,208,0
biodolphin_Ki,random_pair,73,frozen_mlm,matern32,thompson,4,120,0.9284993480462486,1.1964656435372703,0.24598953617039798,0.8090909090909091,0.4444444444444444,0.3055555555555555,results/robust_study_v2/runs/biodolphin_Ki/random_pair/esm2_35m/chemberta_mlm/matern32/thompson/seed73.json,208,0
biodolphin_Ki,random_pair,73,frozen_mlm,matern32,prediction_aware_thompson,4,120,0.5690728796040966,0.9353517527518043,0.4861933424256242,0.8363636363636363,0.3611111111111111,0.2604166666666667,results/robust_study_v2/runs/biodolphin_Ki/random_pair/esm2_35m/chemberta_mlm/matern32/prediction_aware_thompson/seed73.json,208,0
biodolphin_Ki,random_pair,73,frozen_mlm,matern32,variance_reduction,4,120,0.46375892234535354,0.8179250307621566,0.6366911418237271,0.8636363636363636,0.2222222222222222,0.19444444444444442,results/robust_study_v2/runs/biodolphin_Ki/random_pair/esm2_35m/chemberta_mlm/matern32/variance_reduction/seed73.json,208,0
biodolphin_Ki,random_pair,73,lipid_ssl,linear,random,4,120,0.7140254482065708,0.8677314171991231,0.5935468996851592,0.8818181818181818,0.3888888888888889,0.2777777777777778,results/adaptation_study/runs/biodolphin_Ki/random_pair/lipid_ssl/linear/random/seed73.json,208,0
biodolphin_Ki,random_pair,73,lipid_ssl,linear,uncertainty,4,120,0.7903024522421561,1.0078356016457302,0.5189097312382869,0.9181818181818182,0.16666666666666666,0.15972222222222224,results/adaptation_study/runs/biodolphin_Ki/random_pair/lipid_ssl/linear/uncertainty/seed73.json,208,0
biodolphin_Ki,random_pair,73,lipid_ssl,linear,ucb_balanced,4,120,0.8617744545088978,1.1663665912893797,0.3123479400574184,0.8181818181818182,0.4722222222222222,0.3506944444444444,results/adaptation_study/runs/biodolphin_Ki/random_pair/lipid_ssl/linear/ucb_balanced/seed73.json,208,0
biodolphin_Ki,random_pair,73,lipid_ssl,linear,thompson,4,120,0.8394120718845831,1.0146875967165858,0.4438392076372032,0.8363636363636363,0.4722222222222222,0.2951388888888889,results/adaptation_study/runs/biodolphin_Ki/random_pair/lipid_ssl/linear/thompson/seed73.json,208,0
biodolphin_Ki,random_pair,73,lipid_ssl,linear,prediction_aware_thompson,4,120,0.544127273949822,0.8166378154746841,0.6139990412957375,0.8818181818181818,0.4722222222222222,0.28125,results/adaptation_study/runs/biodolphin_Ki/random_pair/lipid_ssl/linear/prediction_aware_thompson/seed73.json,208,0
biodolphin_Ki,random_pair,73,lipid_ssl,linear,variance_reduction,4,120,0.49267847906459644,0.7675482185500493,0.6553735557796749,0.8909090909090909,0.2777777777777778,0.20833333333333334,results/adaptation_study/runs/biodolphin_Ki/random_pair/lipid_ssl/linear/variance_reduction/seed73.json,208,0
biodolphin_Ki,random_pair,73,lipid_ssl,rbf,random,4,120,0.7409249134429061,0.9507389356449739,0.4003922016314444,0.9,0.3888888888888889,0.2777777777777778,results/adaptation_study/runs/biodolphin_Ki/random_pair/lipid_ssl/rbf/random/seed73.json,208,0
biodolphin_Ki,random_pair,73,lipid_ssl,rbf,uncertainty,4,120,0.7222177838758892,1.0288585426745414,0.46466577060817493,0.8909090909090909,0.16666666666666666,0.15972222222222224,results/adaptation_study/runs/biodolphin_Ki/random_pair/lipid_ssl/rbf/uncertainty/seed73.json,208,0
biodolphin_Ki,random_pair,73,lipid_ssl,rbf,ucb_balanced,4,120,0.955423459417202,1.190362227262338,0.2217122673328581,0.8727272727272727,0.5555555555555556,0.34722222222222215,results/adaptation_study/runs/biodolphin_Ki/random_pair/lipid_ssl/rbf/ucb_balanced/seed73.json,208,0
biodolphin_Ki,random_pair,73,lipid_ssl,rbf,thompson,4,120,0.9782153961271981,1.2109530606523438,0.22022276824412768,0.8181818181818182,0.3888888888888889,0.27777777777777773,results/adaptation_study/runs/biodolphin_Ki/random_pair/lipid_ssl/rbf/thompson/seed73.json,208,0
biodolphin_Ki,random_pair,73,lipid_ssl,rbf,prediction_aware_thompson,4,120,0.6916803586180766,1.038120023442272,0.3752448540288793,0.8636363636363636,0.3888888888888889,0.2569444444444444,results/adaptation_study/runs/biodolphin_Ki/random_pair/lipid_ssl/rbf/prediction_aware_thompson/seed73.json,208,0
biodolphin_Ki,random_pair,73,lipid_ssl,rbf,variance_reduction,4,120,0.45742123641675503,0.7879106284732781,0.6564157040557377,0.8363636363636363,0.2222222222222222,0.19444444444444442,results/adaptation_study/runs/biodolphin_Ki/random_pair/lipid_ssl/rbf/variance_reduction/seed73.json,208,0
biodolphin_Ki,random_pair,73,lipid_ssl,matern32,random,4,120,0.6714383528988055,0.8628502624438389,0.5813388248985809,0.8818181818181818,0.3888888888888889,0.2777777777777778,results/adaptation_study/runs/biodolphin_Ki/random_pair/lipid_ssl/matern32/random/seed73.json,208,0
biodolphin_Ki,random_pair,73,lipid_ssl,matern32,uncertainty,4,120,0.6827639163874877,0.980805814099893,0.5755218123491657,0.9272727272727272,0.16666666666666666,0.15972222222222224,results/adaptation_study/runs/biodolphin_Ki/random_pair/lipid_ssl/matern32/uncertainty/seed73.json,208,0
biodolphin_Ki,random_pair,73,lipid_ssl,matern32,ucb_balanced,4,120,0.7775542199710999,1.0794781783367273,0.3727837069572725,0.8545454545454545,0.4722222222222222,0.3368055555555556,results/adaptation_study/runs/biodolphin_Ki/random_pair/lipid_ssl/matern32/ucb_balanced/seed73.json,208,0
biodolphin_Ki,random_pair,73,lipid_ssl,matern32,thompson,4,120,0.9284991666347665,1.1962768579289476,0.24618661739022896,0.8090909090909091,0.4444444444444444,0.3055555555555555,results/adaptation_study/runs/biodolphin_Ki/random_pair/lipid_ssl/matern32/thompson/seed73.json,208,0
biodolphin_Ki,random_pair,73,lipid_ssl,matern32,prediction_aware_thompson,4,120,0.552597640400268,0.7273895929096846,0.6309516146674825,0.8727272727272727,0.4444444444444444,0.2708333333333333,results/adaptation_study/runs/biodolphin_Ki/random_pair/lipid_ssl/matern32/prediction_aware_thompson/seed73.json,208,0
biodolphin_Ki,random_pair,73,lipid_ssl,matern32,variance_reduction,4,120,0.46590278356927134,0.8157575235647933,0.6387216284237915,0.8636363636363636,0.2222222222222222,0.19444444444444442,results/adaptation_study/runs/biodolphin_Ki/random_pair/lipid_ssl/matern32/variance_reduction/seed73.json,208,0
biodolphin_Ki,random_pair,73,initial_label_adapter,linear,random,4,120,0.7154969720965979,0.87675694824826,0.586100028082198,0.8818181818181818,0.3888888888888889,0.2777777777777778,results/adaptation_study/runs/biodolphin_Ki/random_pair/initial_label_adapter/linear/random/seed73.json,208,0
biodolphin_Ki,random_pair,73,initial_label_adapter,linear,uncertainty,4,120,0.7774976438213923,1.0023113893076343,0.5203098584851931,0.9181818181818182,0.16666666666666666,0.15972222222222224,results/adaptation_study/runs/biodolphin_Ki/random_pair/initial_label_adapter/linear/uncertainty/seed73.json,208,0
biodolphin_Ki,random_pair,73,initial_label_adapter,linear,ucb_balanced,4,120,0.8135910647876343,1.1077744302427504,0.3468136185738747,0.7909090909090909,0.5,0.34027777777777785,results/adaptation_study/runs/biodolphin_Ki/random_pair/initial_label_adapter/linear/ucb_balanced/seed73.json,208,0
biodolphin_Ki,random_pair,73,initial_label_adapter,linear,thompson,4,120,0.8816028465118806,1.1355556951157175,0.34456465469757724,0.8363636363636363,0.4444444444444444,0.2916666666666667,results/adaptation_study/runs/biodolphin_Ki/random_pair/initial_label_adapter/linear/thompson/seed73.json,208,0
biodolphin_Ki,random_pair,73,initial_label_adapter,linear,prediction_aware_thompson,4,120,0.5309103373953605,0.7755817196795007,0.6543932636666034,0.9090909090909091,0.4722222222222222,0.28125,results/adaptation_study/runs/biodolphin_Ki/random_pair/initial_label_adapter/linear/prediction_aware_thompson/seed73.json,208,0
biodolphin_Ki,random_pair,73,initial_label_adapter,linear,variance_reduction,4,120,0.48146858225197386,0.7534631207178296,0.6615815431987442,0.8636363636363636,0.3055555555555556,0.21180555555555558,results/adaptation_study/runs/biodolphin_Ki/random_pair/initial_label_adapter/linear/variance_reduction/seed73.json,208,0
biodolphin_Ki,random_pair,73,initial_label_adapter,rbf,random,4,120,0.7402204227084489,0.9545002831733067,0.39775262258473687,0.9,0.3888888888888889,0.2777777777777778,results/adaptation_study/runs/biodolphin_Ki/random_pair/initial_label_adapter/rbf/random/seed73.json,208,0
biodolphin_Ki,random_pair,73,initial_label_adapter,rbf,uncertainty,4,120,0.6793263722985265,0.9752224035719079,0.5271363772719619,0.8909090909090909,0.16666666666666666,0.15972222222222224,results/adaptation_study/runs/biodolphin_Ki/random_pair/initial_label_adapter/rbf/uncertainty/seed73.json,208,0
biodolphin_Ki,random_pair,73,initial_label_adapter,rbf,ucb_balanced,4,120,0.9760370921779375,1.2150186927077706,0.2037271818788705,0.8636363636363636,0.5833333333333334,0.3506944444444445,results/adaptation_study/runs/biodolphin_Ki/random_pair/initial_label_adapter/rbf/ucb_balanced/seed73.json,208,0
biodolphin_Ki,random_pair,73,initial_label_adapter,rbf,thompson,4,120,0.7983753645328011,1.094798429356265,0.3660887653467684,0.8454545454545455,0.3888888888888889,0.28472222222222215,results/adaptation_study/runs/biodolphin_Ki/random_pair/initial_label_adapter/rbf/thompson/seed73.json,208,0
biodolphin_Ki,random_pair,73,initial_label_adapter,rbf,prediction_aware_thompson,4,120,0.539926090247938,0.8728632407464295,0.5553305291945102,0.8,0.3611111111111111,0.24652777777777776,results/adaptation_study/runs/biodolphin_Ki/random_pair/initial_label_adapter/rbf/prediction_aware_thompson/seed73.json,208,0
biodolphin_Ki,random_pair,73,initial_label_adapter,rbf,variance_reduction,4,120,0.4596448883733636,0.8008542184294227,0.6432430079257629,0.8454545454545455,0.2222222222222222,0.19444444444444442,results/adaptation_study/runs/biodolphin_Ki/random_pair/initial_label_adapter/rbf/variance_reduction/seed73.json,208,0
biodolphin_Ki,random_pair,73,initial_label_adapter,matern32,random,4,120,0.6693678473131621,0.8681412186661533,0.5786873283358875,0.8909090909090909,0.3888888888888889,0.2777777777777778,results/adaptation_study/runs/biodolphin_Ki/random_pair/initial_label_adapter/matern32/random/seed73.json,208,0
biodolphin_Ki,random_pair,73,initial_label_adapter,matern32,uncertainty,4,120,0.6854887480263527,0.969996606289303,0.5800524161750393,0.9272727272727272,0.16666666666666666,0.15972222222222224,results/adaptation_study/runs/biodolphin_Ki/random_pair/initial_label_adapter/matern32/uncertainty/seed73.json,208,0
biodolphin_Ki,random_pair,73,initial_label_adapter,matern32,ucb_balanced,4,120,0.7400401909790567,0.974237919268172,0.47210330263565503,0.8454545454545455,0.4722222222222222,0.35763888888888884,results/adaptation_study/runs/biodolphin_Ki/random_pair/initial_label_adapter/matern32/ucb_balanced/seed73.json,208,0
biodolphin_Ki,random_pair,73,initial_label_adapter,matern32,thompson,4,120,0.928499736650538,1.196463083478045,0.24598688064518914,0.8090909090909091,0.4444444444444444,0.3055555555555555,results/adaptation_study/runs/biodolphin_Ki/random_pair/initial_label_adapter/matern32/thompson/seed73.json,208,0
biodolphin_Ki,random_pair,73,initial_label_adapter,matern32,prediction_aware_thompson,4,120,0.6563066264197566,0.9350120088518408,0.4522528452606155,0.8636363636363636,0.3055555555555556,0.23958333333333334,results/adaptation_study/runs/biodolphin_Ki/random_pair/initial_label_adapter/matern32/prediction_aware_thompson/seed73.json,208,0
biodolphin_Ki,random_pair,73,initial_label_adapter,matern32,variance_reduction,4,120,0.4637486129483865,0.8180277596042034,0.636624898480129,0.8636363636363636,0.2222222222222222,0.19444444444444442,results/adaptation_study/runs/biodolphin_Ki/random_pair/initial_label_adapter/matern32/variance_reduction/seed73.json,208,0
biodolphin_Ki,random_pair,101,frozen_mlm,linear,random,4,120,0.6867551797906647,0.6729797350242887,0.6902340314815778,0.8818181818181818,0.4473684210526316,0.3125,results/robust_study_v2/runs/biodolphin_Ki/random_pair/esm2_35m/chemberta_mlm/linear/random/seed101.json,208,0
biodolphin_Ki,random_pair,101,frozen_mlm,linear,uncertainty,4,120,0.7382722968015458,0.9036025263930327,0.5147060312626761,0.9272727272727272,0.21052631578947367,0.13157894736842105,results/robust_study_v2/runs/biodolphin_Ki/random_pair/esm2_35m/chemberta_mlm/linear/uncertainty/seed101.json,208,0
biodolphin_Ki,random_pair,101,frozen_mlm,linear,ucb_balanced,4,120,0.984246479667844,1.1675446982801152,0.2579562114438412,0.9272727272727272,0.868421052631579,0.6217105263157895,results/robust_study_v2/runs/biodolphin_Ki/random_pair/esm2_35m/chemberta_mlm/linear/ucb_balanced/seed101.json,208,0
biodolphin_Ki,random_pair,101,frozen_mlm,linear,thompson,4,120,0.9139396553120783,1.018727666098652,0.4051430992335162,0.8909090909090909,0.6052631578947368,0.35855263157894735,results/robust_study_v2/runs/biodolphin_Ki/random_pair/esm2_35m/chemberta_mlm/linear/thompson/seed101.json,208,0
biodolphin_Ki,random_pair,101,frozen_mlm,linear,prediction_aware_thompson,4,120,0.6646812306299572,0.6319364121486083,0.7147111029072086,0.9090909090909091,0.2631578947368421,0.19736842105263155,results/robust_study_v2/runs/biodolphin_Ki/random_pair/esm2_35m/chemberta_mlm/linear/prediction_aware_thompson/seed101.json,208,0
biodolphin_Ki,random_pair,101,frozen_mlm,linear,variance_reduction,4,120,0.5454890261836685,0.6725192446585109,0.6910063098327643,0.8636363636363636,0.21052631578947367,0.13815789473684212,results/robust_study_v2/runs/biodolphin_Ki/random_pair/esm2_35m/chemberta_mlm/linear/variance_reduction/seed101.json,208,0
biodolphin_Ki,random_pair,101,frozen_mlm,rbf,random,4,120,0.7231318038137124,0.7123199270338927,0.5846206366091304,0.8636363636363636,0.4473684210526316,0.3125,results/robust_study_v2/runs/biodolphin_Ki/random_pair/esm2_35m/chemberta_mlm/rbf/random/seed101.json,208,0
biodolphin_Ki,random_pair,101,frozen_mlm,rbf,uncertainty,4,120,0.7341892978444494,0.6266383148265318,0.7693877768704663,0.9181818181818182,0.18421052631578946,0.11513157894736842,results/robust_study_v2/runs/biodolphin_Ki/random_pair/esm2_35m/chemberta_mlm/rbf/uncertainty/seed101.json,208,0
biodolphin_Ki,random_pair,101,frozen_mlm,rbf,ucb_balanced,4,120,1.1850628300118302,0.9853842230187656,0.3908685754447949,0.9181818181818182,0.631578947368421,0.5065789473684211,results/robust_study_v2/runs/biodolphin_Ki/random_pair/esm2_35m/chemberta_mlm/rbf/ucb_balanced/seed101.json,208,0
biodolphin_Ki,random_pair,101,frozen_mlm,rbf,thompson,4,120,1.0822693208708727,0.8760438977826192,0.49565149757967053,0.9,0.6052631578947368,0.31249999999999994,results/robust_study_v2/runs/biodolphin_Ki/random_pair/esm2_35m/chemberta_mlm/rbf/thompson/seed101.json,208,0
biodolphin_Ki,random_pair,101,frozen_mlm,rbf,prediction_aware_thompson,4,120,0.5595730024339683,0.6075309666698321,0.7106693097093968,0.8818181818181818,0.3157894736842105,0.21052631578947367,results/robust_study_v2/runs/biodolphin_Ki/random_pair/esm2_35m/chemberta_mlm/rbf/prediction_aware_thompson/seed101.json,208,0
biodolphin_Ki,random_pair,101,frozen_mlm,rbf,variance_reduction,4,120,0.5871542696012436,0.6633475863764595,0.7055083127704627,0.9,0.15789473684210525,0.1381578947368421,results/robust_study_v2/runs/biodolphin_Ki/random_pair/esm2_35m/chemberta_mlm/rbf/variance_reduction/seed101.json,208,0
biodolphin_Ki,random_pair,101,frozen_mlm,matern32,random,4,120,0.6703730133011866,0.6867248678089829,0.6157596700252217,0.8818181818181818,0.4473684210526316,0.3125,results/robust_study_v2/runs/biodolphin_Ki/random_pair/esm2_35m/chemberta_mlm/matern32/random/seed101.json,208,0
biodolphin_Ki,random_pair,101,frozen_mlm,matern32,uncertainty,4,120,0.7378024910271113,0.8548794176493952,0.5414902160107937,0.9181818181818182,0.10526315789473684,0.10526315789473684,results/robust_study_v2/runs/biodolphin_Ki/random_pair/esm2_35m/chemberta_mlm/matern32/uncertainty/seed101.json,208,0
biodolphin_Ki,random_pair,101,frozen_mlm,matern32,ucb_balanced,4,120,0.9827524775042158,0.9782632276009956,0.43652869858140886,0.9545454545454546,0.631578947368421,0.5065789473684211,results/robust_study_v2/runs/biodolphin_Ki/random_pair/esm2_35m/chemberta_mlm/matern32/ucb_balanced/seed101.json,208,0
biodolphin_Ki,random_pair,101,frozen_mlm,matern32,thompson,4,120,0.9818698097553245,0.9046306228048234,0.4886625280739413,0.9,0.5789473684210527,0.30921052631578944,results/robust_study_v2/runs/biodolphin_Ki/random_pair/esm2_35m/chemberta_mlm/matern32/thompson/seed101.json,208,0
biodolphin_Ki,random_pair,101,frozen_mlm,matern32,prediction_aware_thompson,4,120,0.5990723502197262,0.7937549103540897,0.5034044795325925,0.8454545454545455,0.21052631578947367,0.15789473684210525,results/robust_study_v2/runs/biodolphin_Ki/random_pair/esm2_35m/chemberta_mlm/matern32/prediction_aware_thompson/seed101.json,208,0
biodolphin_Ki,random_pair,101,frozen_mlm,matern32,variance_reduction,4,120,0.5718552424727386,0.6218092573209137,0.734465461215223,0.9272727272727272,0.18421052631578946,0.14144736842105263,results/robust_study_v2/runs/biodolphin_Ki/random_pair/esm2_35m/chemberta_mlm/matern32/variance_reduction/seed101.json,208,0
biodolphin_Ki,random_pair,101,lipid_ssl,linear,random,4,120,0.674736102526551,0.6653228670727773,0.6949950688399789,0.8818181818181818,0.4473684210526316,0.3125,results/adaptation_study/runs/biodolphin_Ki/random_pair/lipid_ssl/linear/random/seed101.json,208,0
biodolphin_Ki,random_pair,101,lipid_ssl,linear,uncertainty,4,120,0.8448797372421524,0.8206007196693658,0.6380274470290239,0.9454545454545454,0.15789473684210525,0.1118421052631579,results/adaptation_study/runs/biodolphin_Ki/random_pair/lipid_ssl/linear/uncertainty/seed101.json,208,0
biodolphin_Ki,random_pair,101,lipid_ssl,linear,ucb_balanced,4,120,0.9266839017293559,1.073300107216212,0.37122792588431497,0.9454545454545454,0.868421052631579,0.5822368421052632,results/adaptation_study/runs/biodolphin_Ki/random_pair/lipid_ssl/linear/ucb_balanced/seed101.json,208,0
biodolphin_Ki,random_pair,101,lipid_ssl,linear,thompson,4,120,0.9685543406538368,0.9627395619800531,0.37926454648414765,0.8363636363636363,0.4473684210526316,0.3190789473684211,results/adaptation_study/runs/biodolphin_Ki/random_pair/lipid_ssl/linear/thompson/seed101.json,208,0
biodolphin_Ki,random_pair,101,lipid_ssl,linear,prediction_aware_thompson,4,120,0.616059597006969,0.6582170728264275,0.708724733976791,0.9090909090909091,0.3157894736842105,0.2236842105263158,results/adaptation_study/runs/biodolphin_Ki/random_pair/lipid_ssl/linear/prediction_aware_thompson/seed101.json,208,0
biodolphin_Ki,random_pair,101,lipid_ssl,linear,variance_reduction,4,120,0.5461870824071616,0.6542816457649994,0.7085467430084412,0.8727272727272727,0.21052631578947367,0.13815789473684212,results/adaptation_study/runs/biodolphin_Ki/random_pair/lipid_ssl/linear/variance_reduction/seed101.json,208,0
biodolphin_Ki,random_pair,101,lipid_ssl,rbf,random,4,120,0.7288706071310064,0.7130312180105772,0.5847959993241967,0.8636363636363636,0.4473684210526316,0.3125,results/adaptation_study/runs/biodolphin_Ki/random_pair/lipid_ssl/rbf/random/seed101.json,208,0
biodolphin_Ki,random_pair,101,lipid_ssl,rbf,uncertainty,4,120,0.7266114256029804,0.7738250202797682,0.6855421676906442,0.9454545454545454,0.15789473684210525,0.1118421052631579,results/adaptation_study/runs/biodolphin_Ki/random_pair/lipid_ssl/rbf/uncertainty/seed101.json,208,0
biodolphin_Ki,random_pair,101,lipid_ssl,rbf,ucb_balanced,4,120,0.9928527846126812,0.9415486872134686,0.4574754289196248,0.9545454545454546,0.6842105263157895,0.5065789473684211,results/adaptation_study/runs/biodolphin_Ki/random_pair/lipid_ssl/rbf/ucb_balanced/seed101.json,208,0
biodolphin_Ki,random_pair,101,lipid_ssl,rbf,thompson,4,120,0.8755594241165123,0.838033757212595,0.590779160134343,0.8909090909090909,0.5789473684210527,0.3552631578947369,results/adaptation_study/runs/biodolphin_Ki/random_pair/lipid_ssl/rbf/thompson/seed101.json,208,0
biodolphin_Ki,random_pair,101,lipid_ssl,rbf,prediction_aware_thompson,4,120,0.5685898686092149,0.735040662132466,0.6550537669424524,0.8818181818181818,0.21052631578947367,0.17763157894736845,results/adaptation_study/runs/biodolphin_Ki/random_pair/lipid_ssl/rbf/prediction_aware_thompson/seed101.json,208,0
biodolphin_Ki,random_pair,101,lipid_ssl,rbf,variance_reduction,4,120,0.5790200301806698,0.6817580803642463,0.6940863971901039,0.8727272727272727,0.15789473684210525,0.13157894736842105,results/adaptation_study/runs/biodolphin_Ki/random_pair/lipid_ssl/rbf/variance_reduction/seed101.json,208,0
biodolphin_Ki,random_pair,101,lipid_ssl,matern32,random,4,120,0.6729783158598676,0.6880063040420432,0.6147040395438756,0.8818181818181818,0.4473684210526316,0.3125,results/adaptation_study/runs/biodolphin_Ki/random_pair/lipid_ssl/matern32/random/seed101.json,208,0
biodolphin_Ki,random_pair,101,lipid_ssl,matern32,uncertainty,4,120,0.711959840782934,0.7158424118043542,0.6842019270771009,0.9636363636363636,0.13157894736842105,0.12171052631578949,results/adaptation_study/runs/biodolphin_Ki/random_pair/lipid_ssl/matern32/uncertainty/seed101.json,208,0
biodolphin_Ki,random_pair,101,lipid_ssl,matern32,ucb_balanced,4,120,0.9923248093446017,0.9745107411655175,0.44239059793970115,0.9545454545454546,0.631578947368421,0.5065789473684211,results/adaptation_study/runs/biodolphin_Ki/random_pair/lipid_ssl/matern32/ucb_balanced/seed101.json,208,0
biodolphin_Ki,random_pair,101,lipid_ssl,matern32,thompson,4,120,0.8907834247662776,0.8142528133866173,0.6004167810993486,0.8272727272727273,0.6052631578947368,0.3651315789473684,results/adaptation_study/runs/biodolphin_Ki/random_pair/lipid_ssl/matern32/thompson/seed101.json,208,0
biodolphin_Ki,random_pair,101,lipid_ssl,matern32,prediction_aware_thompson,4,120,0.6454914104627227,0.6622173085981947,0.7175284477739681,0.9090909090909091,0.18421052631578946,0.1611842105263158,results/adaptation_study/runs/biodolphin_Ki/random_pair/lipid_ssl/matern32/prediction_aware_thompson/seed101.json,208,0
biodolphin_Ki,random_pair,101,lipid_ssl,matern32,variance_reduction,4,120,0.5581672931983257,0.6161680985278024,0.7361415290462179,0.9181818181818182,0.18421052631578946,0.14144736842105263,results/adaptation_study/runs/biodolphin_Ki/random_pair/lipid_ssl/matern32/variance_reduction/seed101.json,208,0
biodolphin_Ki,random_pair,101,initial_label_adapter,linear,random,4,120,0.6866207785308968,0.6730538304875097,0.6902213077293956,0.8818181818181818,0.4473684210526316,0.3125,results/adaptation_study/runs/biodolphin_Ki/random_pair/initial_label_adapter/linear/random/seed101.json,208,0
biodolphin_Ki,random_pair,101,initial_label_adapter,linear,uncertainty,4,120,0.7381556918836281,0.9033499596901219,0.5149518847322978,0.9272727272727272,0.21052631578947367,0.13157894736842105,results/adaptation_study/runs/biodolphin_Ki/random_pair/initial_label_adapter/linear/uncertainty/seed101.json,208,0
biodolphin_Ki,random_pair,101,initial_label_adapter,linear,ucb_balanced,4,120,0.9124116337321009,1.0573226555534334,0.36809643533680614,0.9454545454545454,0.868421052631579,0.6085526315789473,results/adaptation_study/runs/biodolphin_Ki/random_pair/initial_label_adapter/linear/ucb_balanced/seed101.json,208,0
biodolphin_Ki,random_pair,101,initial_label_adapter,linear,thompson,4,120,0.9141345942254496,1.0189029775173029,0.4048920517171565,0.8909090909090909,0.6052631578947368,0.35855263157894735,results/adaptation_study/runs/biodolphin_Ki/random_pair/initial_label_adapter/linear/thompson/seed101.json,208,0
biodolphin_Ki,random_pair,101,initial_label_adapter,linear,prediction_aware_thompson,4,120,0.6259196327576653,0.6030148875990394,0.7293651055277159,0.9,0.2631578947368421,0.20394736842105263,results/adaptation_study/runs/biodolphin_Ki/random_pair/initial_label_adapter/linear/prediction_aware_thompson/seed101.json,208,0
biodolphin_Ki,random_pair,101,initial_label_adapter,linear,variance_reduction,4,120,0.5453542435016641,0.6724498764591711,0.6909433116980246,0.8636363636363636,0.21052631578947367,0.13815789473684212,results/adaptation_study/runs/biodolphin_Ki/random_pair/initial_label_adapter/linear/variance_reduction/seed101.json,208,0
biodolphin_Ki,random_pair,101,initial_label_adapter,rbf,random,4,120,0.7231446917379987,0.712395686342089,0.5845634772135433,0.8636363636363636,0.4473684210526316,0.3125,results/adaptation_study/runs/biodolphin_Ki/random_pair/initial_label_adapter/rbf/random/seed101.json,208,0
biodolphin_Ki,random_pair,101,initial_label_adapter,rbf,uncertainty,4,120,0.8099731292237574,0.6747361939603939,0.7424237119382593,0.9090909090909091,0.15789473684210525,0.1118421052631579,results/adaptation_study/runs/biodolphin_Ki/random_pair/initial_label_adapter/rbf/uncertainty/seed101.json,208,0
biodolphin_Ki,random_pair,101,initial_label_adapter,rbf,ucb_balanced,4,120,1.1850564188995876,0.9853917196533721,0.3908557330746537,0.9181818181818182,0.631578947368421,0.5065789473684211,results/adaptation_study/runs/biodolphin_Ki/random_pair/initial_label_adapter/rbf/ucb_balanced/seed101.json,208,0
biodolphin_Ki,random_pair,101,initial_label_adapter,rbf,thompson,4,120,1.0822772820029407,0.8760575966453341,0.4956201314966727,0.9,0.6052631578947368,0.31249999999999994,results/adaptation_study/runs/biodolphin_Ki/random_pair/initial_label_adapter/rbf/thompson/seed101.json,208,0
biodolphin_Ki,random_pair,101,initial_label_adapter,rbf,prediction_aware_thompson,4,120,0.5726054867986664,0.6663537115671629,0.668218520030637,0.8727272727272727,0.23684210526315788,0.18092105263157895,results/adaptation_study/runs/biodolphin_Ki/random_pair/initial_label_adapter/rbf/prediction_aware_thompson/seed101.json,208,0
biodolphin_Ki,random_pair,101,initial_label_adapter,rbf,variance_reduction,4,120,0.5836956718752639,0.6613760723600566,0.7070125906839787,0.8909090909090909,0.15789473684210525,0.13157894736842105,results/adaptation_study/runs/biodolphin_Ki/random_pair/initial_label_adapter/rbf/variance_reduction/seed101.json,208,0
biodolphin_Ki,random_pair,101,initial_label_adapter,matern32,random,4,120,0.6706263832542287,0.687076457410255,0.6154477361580333,0.8818181818181818,0.4473684210526316,0.3125,results/adaptation_study/runs/biodolphin_Ki/random_pair/initial_label_adapter/matern32/random/seed101.json,208,0
biodolphin_Ki,random_pair,101,initial_label_adapter,matern32,uncertainty,4,120,0.7379379626397596,0.8549818801907714,0.5412314714785205,0.9181818181818182,0.10526315789473684,0.10526315789473684,results/adaptation_study/runs/biodolphin_Ki/random_pair/initial_label_adapter/matern32/uncertainty/seed101.json,208,0
biodolphin_Ki,random_pair,101,initial_label_adapter,matern32,ucb_balanced,4,120,0.9827824560349935,0.9783109887594632,0.43649647318123275,0.9545454545454546,0.631578947368421,0.5065789473684211,results/adaptation_study/runs/biodolphin_Ki/random_pair/initial_label_adapter/matern32/ucb_balanced/seed101.json,208,0
biodolphin_Ki,random_pair,101,initial_label_adapter,matern32,thompson,4,120,0.981910139303599,0.9046577510366326,0.4886370125233226,0.9,0.5789473684210527,0.30921052631578944,results/adaptation_study/runs/biodolphin_Ki/random_pair/initial_label_adapter/matern32/thompson/seed101.json,208,0
biodolphin_Ki,random_pair,101,initial_label_adapter,matern32,prediction_aware_thompson,4,120,0.5892649081245331,0.729690678194401,0.61512934150228,0.8818181818181818,0.2631578947368421,0.17105263157894735,results/adaptation_study/runs/biodolphin_Ki/random_pair/initial_label_adapter/matern32/prediction_aware_thompson/seed101.json,208,0
biodolphin_Ki,random_pair,101,initial_label_adapter,matern32,variance_reduction,4,120,0.5718473605140102,0.6216925050694749,0.7345479683127001,0.9272727272727272,0.18421052631578946,0.14144736842105263,results/adaptation_study/runs/biodolphin_Ki/random_pair/initial_label_adapter/matern32/variance_reduction/seed101.json,208,0
biodolphin_Ki,random_pair,137,frozen_mlm,linear,random,4,120,0.7616668640576141,0.8658948971091204,0.5494262325319823,0.8909090909090909,0.3055555555555556,0.15972222222222224,results/robust_study_v2/runs/biodolphin_Ki/random_pair/esm2_35m/chemberta_mlm/linear/random/seed137.json,208,0
biodolphin_Ki,random_pair,137,frozen_mlm,linear,uncertainty,4,120,0.841486442677731,0.98135972170482,0.44813338063969554,0.9272727272727272,0.25,0.16666666666666666,results/robust_study_v2/runs/biodolphin_Ki/random_pair/esm2_35m/chemberta_mlm/linear/uncertainty/seed137.json,208,0
biodolphin_Ki,random_pair,137,frozen_mlm,linear,ucb_balanced,4,120,0.7671915726505041,0.8653380217685563,0.5109110850507774,0.8818181818181818,0.8611111111111112,0.40277777777777785,results/robust_study_v2/runs/biodolphin_Ki/random_pair/esm2_35m/chemberta_mlm/linear/ucb_balanced/seed137.json,208,0
biodolphin_Ki,random_pair,137,frozen_mlm,linear,thompson,4,120,0.8314452842422843,1.0220717219541804,0.3958697524188485,0.8909090909090909,0.8055555555555556,0.5208333333333334,results/robust_study_v2/runs/biodolphin_Ki/random_pair/esm2_35m/chemberta_mlm/linear/thompson/seed137.json,208,0
biodolphin_Ki,random_pair,137,frozen_mlm,linear,prediction_aware_thompson,4,120,0.6911826496602417,0.8657061311961699,0.5441757464991683,0.9272727272727272,0.3888888888888889,0.19791666666666666,results/robust_study_v2/runs/biodolphin_Ki/random_pair/esm2_35m/chemberta_mlm/linear/prediction_aware_thompson/seed137.json,208,0
biodolphin_Ki,random_pair,137,frozen_mlm,linear,variance_reduction,4,120,0.6952197213649326,1.0588047803204104,0.19474347212231635,0.7181818181818181,0.16666666666666666,0.14930555555555555,results/robust_study_v2/runs/biodolphin_Ki/random_pair/esm2_35m/chemberta_mlm/linear/variance_reduction/seed137.json,208,0
biodolphin_Ki,random_pair,137,frozen_mlm,rbf,random,4,120,0.7263745751871009,0.8532619342418177,0.5626579426942562,0.8727272727272727,0.3055555555555556,0.15972222222222224,results/robust_study_v2/runs/biodolphin_Ki/random_pair/esm2_35m/chemberta_mlm/rbf/random/seed137.json,208,0
biodolphin_Ki,random_pair,137,frozen_mlm,rbf,uncertainty,4,120,1.5700225316244334,1.7178252996226067,2.1810325281368392e-06,0.9272727272727272,0.3611111111111111,0.21527777777777776,results/robust_study_v2/runs/biodolphin_Ki/random_pair/esm2_35m/chemberta_mlm/rbf/uncertainty/seed137.json,208,0
biodolphin_Ki,random_pair,137,frozen_mlm,rbf,ucb_balanced,4,120,0.9117308554659683,1.0209696880607628,0.44864980455864223,0.8181818181818182,0.6111111111111112,0.45486111111111116,results/robust_study_v2/runs/biodolphin_Ki/random_pair/esm2_35m/chemberta_mlm/rbf/ucb_balanced/seed137.json,208,0
biodolphin_Ki,random_pair,137,frozen_mlm,rbf,thompson,4,120,0.9096332195020277,1.0222041586314787,0.3382326573553658,0.9,0.8333333333333334,0.49652777777777785,results/robust_study_v2/runs/biodolphin_Ki/random_pair/esm2_35m/chemberta_mlm/rbf/thompson/seed137.json,208,0
biodolphin_Ki,random_pair,137,frozen_mlm,rbf,prediction_aware_thompson,4,120,0.617367256144094,0.8887021854059068,0.4881049097710063,0.9181818181818182,0.5555555555555556,0.32291666666666663,results/robust_study_v2/runs/biodolphin_Ki/random_pair/esm2_35m/chemberta_mlm/rbf/prediction_aware_thompson/seed137.json,208,0
biodolphin_Ki,random_pair,137,frozen_mlm,rbf,variance_reduction,4,120,0.4895084387275022,0.8050088978941548,0.5726908266191892,0.9454545454545454,0.2777777777777778,0.18402777777777776,results/robust_study_v2/runs/biodolphin_Ki/random_pair/esm2_35m/chemberta_mlm/rbf/variance_reduction/seed137.json,208,0
biodolphin_Ki,random_pair,137,frozen_mlm,matern32,random,4,120,0.7117756612749816,0.8420125866843661,0.567854352732325,0.8909090909090909,0.3055555555555556,0.15972222222222224,results/robust_study_v2/runs/biodolphin_Ki/random_pair/esm2_35m/chemberta_mlm/matern32/random/seed137.json,208,0
biodolphin_Ki,random_pair,137,frozen_mlm,matern32,uncertainty,4,120,1.5698035255602492,1.7178206269116358,6.374783670382023e-06,0.9272727272727272,0.3611111111111111,0.21527777777777776,results/robust_study_v2/runs/biodolphin_Ki/random_pair/esm2_35m/chemberta_mlm/matern32/uncertainty/seed137.json,208,0
biodolphin_Ki,random_pair,137,frozen_mlm,matern32,ucb_balanced,4,120,0.9163094703154528,1.0741461593201502,0.3681348414291332,0.8090909090909091,0.6111111111111112,0.46875,results/robust_study_v2/runs/biodolphin_Ki/random_pair/esm2_35m/chemberta_mlm/matern32/ucb_balanced/seed137.json,208,0
biodolphin_Ki,random_pair,137,frozen_mlm,matern32,thompson,4,120,0.9896451266125988,1.0803848171350057,0.32827063277830615,0.9272727272727272,0.7222222222222222,0.44097222222222227,results/robust_study_v2/runs/biodolphin_Ki/random_pair/esm2_35m/chemberta_mlm/matern32/thompson/seed137.json,208,0
biodolphin_Ki,random_pair,137,frozen_mlm,matern32,prediction_aware_thompson,4,120,0.7560386453189509,0.9831437062505115,0.43396120459504284,0.8818181818181818,0.4444444444444444,0.30902777777777785,results/robust_study_v2/runs/biodolphin_Ki/random_pair/esm2_35m/chemberta_mlm/matern32/prediction_aware_thompson/seed137.json,208,0
biodolphin_Ki,random_pair,137,frozen_mlm,matern32,variance_reduction,4,120,0.5162838574859286,0.8245260322838749,0.5399493625384488,0.9272727272727272,0.2777777777777778,0.18402777777777776,results/robust_study_v2/runs/biodolphin_Ki/random_pair/esm2_35m/chemberta_mlm/matern32/variance_reduction/seed137.json,208,0
biodolphin_Ki,random_pair,137,lipid_ssl,linear,random,4,120,0.760144580945132,0.8670812461466764,0.5461625968155268,0.8727272727272727,0.3055555555555556,0.15972222222222224,results/adaptation_study/runs/biodolphin_Ki/random_pair/lipid_ssl/linear/random/seed137.json,208,0
biodolphin_Ki,random_pair,137,lipid_ssl,linear,uncertainty,4,120,0.9181810514974716,1.0684392900539534,0.42859853484244803,0.8909090909090909,0.2222222222222222,0.17708333333333334,results/adaptation_study/runs/biodolphin_Ki/random_pair/lipid_ssl/linear/uncertainty/seed137.json,208,0
biodolphin_Ki,random_pair,137,lipid_ssl,linear,ucb_balanced,4,120,0.7937297353695882,0.8594478580568152,0.5080293535879604,0.9090909090909091,0.8611111111111112,0.375,results/adaptation_study/runs/biodolphin_Ki/random_pair/lipid_ssl/linear/ucb_balanced/seed137.json,208,0
biodolphin_Ki,random_pair,137,lipid_ssl,linear,thompson,4,120,0.8338787988591957,1.032898681385486,0.4266086016136357,0.8272727272727273,0.6666666666666666,0.4270833333333333,results/adaptation_study/runs/biodolphin_Ki/random_pair/lipid_ssl/linear/thompson/seed137.json,208,0
biodolphin_Ki,random_pair,137,lipid_ssl,linear,prediction_aware_thompson,4,120,0.7579115322454897,1.021513029376858,0.4951668076425805,0.9,0.16666666666666666,0.15625,results/adaptation_study/runs/biodolphin_Ki/random_pair/lipid_ssl/linear/prediction_aware_thompson/seed137.json,208,0
biodolphin_Ki,random_pair,137,lipid_ssl,linear,variance_reduction,4,120,0.9297965191811975,1.1719213641040387,0.13567167775476852,0.6909090909090909,0.16666666666666666,0.14930555555555555,results/adaptation_study/runs/biodolphin_Ki/random_pair/lipid_ssl/linear/variance_reduction/seed137.json,208,0
biodolphin_Ki,random_pair,137,lipid_ssl,rbf,random,4,120,0.7250316268845208,0.8523278030194545,0.5604947446688703,0.8727272727272727,0.3055555555555556,0.15972222222222224,results/adaptation_study/runs/biodolphin_Ki/random_pair/lipid_ssl/rbf/random/seed137.json,208,0
biodolphin_Ki,random_pair,137,lipid_ssl,rbf,uncertainty,4,120,1.5700848105434657,1.7178265862741455,1.0105068174448562e-06,0.9272727272727272,0.3611111111111111,0.21527777777777776,results/adaptation_study/runs/biodolphin_Ki/random_pair/lipid_ssl/rbf/uncertainty/seed137.json,208,0
biodolphin_Ki,random_pair,137,lipid_ssl,rbf,ucb_balanced,4,120,0.7586419400759877,0.8698717751175674,0.5373971950575982,0.9363636363636364,0.5833333333333334,0.4305555555555556,results/adaptation_study/runs/biodolphin_Ki/random_pair/lipid_ssl/rbf/ucb_balanced/seed137.json,208,0
biodolphin_Ki,random_pair,137,lipid_ssl,rbf,thompson,4,120,0.8804177561088706,1.0040492681088968,0.3778616372502557,0.9090909090909091,0.8333333333333334,0.49652777777777785,results/adaptation_study/runs/biodolphin_Ki/random_pair/lipid_ssl/rbf/thompson/seed137.json,208,0
biodolphin_Ki,random_pair,137,lipid_ssl,rbf,prediction_aware_thompson,4,120,0.6094807431094725,0.9840804923085265,0.4519763771448353,0.9181818181818182,0.5277777777777778,0.3194444444444444,results/adaptation_study/runs/biodolphin_Ki/random_pair/lipid_ssl/rbf/prediction_aware_thompson/seed137.json,208,0
biodolphin_Ki,random_pair,137,lipid_ssl,rbf,variance_reduction,4,120,0.49125174480048595,0.8096998755126797,0.564692226736604,0.9454545454545454,0.2777777777777778,0.18402777777777776,results/adaptation_study/runs/biodolphin_Ki/random_pair/lipid_ssl/rbf/variance_reduction/seed137.json,208,0
biodolphin_Ki,random_pair,137,lipid_ssl,matern32,random,4,120,0.7115441256979325,0.8420087453187622,0.5661159112934682,0.9,0.3055555555555556,0.15972222222222224,results/adaptation_study/runs/biodolphin_Ki/random_pair/lipid_ssl/matern32/random/seed137.json,208,0
biodolphin_Ki,random_pair,137,lipid_ssl,matern32,uncertainty,4,120,1.5698694899521646,1.7178219818375724,5.135088029128987e-06,0.9272727272727272,0.3611111111111111,0.21527777777777776,results/adaptation_study/runs/biodolphin_Ki/random_pair/lipid_ssl/matern32/uncertainty/seed137.json,208,0
biodolphin_Ki,random_pair,137,lipid_ssl,matern32,ucb_balanced,4,120,0.8758266777611161,0.9628528980946932,0.41056079302556026,0.9,0.6111111111111112,0.46875,results/adaptation_study/runs/biodolphin_Ki/random_pair/lipid_ssl/matern32/ucb_balanced/seed137.json,208,0
biodolphin_Ki,random_pair,137,lipid_ssl,matern32,thompson,4,120,0.8748703204401266,0.9817152612885243,0.39408515753788154,0.9090909090909091,0.8333333333333334,0.49652777777777785,results/adaptation_study/runs/biodolphin_Ki/random_pair/lipid_ssl/matern32/thompson/seed137.json,208,0
biodolphin_Ki,random_pair,137,lipid_ssl,matern32,prediction_aware_thompson,4,120,0.5927026427113066,0.7635803450035719,0.583459689899745,0.9363636363636364,0.4444444444444444,0.2951388888888889,results/adaptation_study/runs/biodolphin_Ki/random_pair/lipid_ssl/matern32/prediction_aware_thompson/seed137.json,208,0
biodolphin_Ki,random_pair,137,lipid_ssl,matern32,variance_reduction,4,120,0.49184042842924197,0.8068841746332474,0.5688471515914583,0.9454545454545454,0.2777777777777778,0.18402777777777776,results/adaptation_study/runs/biodolphin_Ki/random_pair/lipid_ssl/matern32/variance_reduction/seed137.json,208,0
biodolphin_Ki,random_pair,137,initial_label_adapter,linear,random,4,120,0.761500874774341,0.8656700334134939,0.5496637842334741,0.9,0.3055555555555556,0.15972222222222224,results/adaptation_study/runs/biodolphin_Ki/random_pair/initial_label_adapter/linear/random/seed137.json,208,0
biodolphin_Ki,random_pair,137,initial_label_adapter,linear,uncertainty,4,120,0.8547693296012056,0.9816918439203656,0.4394799634836346,0.9181818181818182,0.25,0.16666666666666666,results/adaptation_study/runs/biodolphin_Ki/random_pair/initial_label_adapter/linear/uncertainty/seed137.json,208,0
biodolphin_Ki,random_pair,137,initial_label_adapter,linear,ucb_balanced,4,120,0.7526432995215848,0.8725161238339458,0.5029210153200476,0.8636363636363636,0.8611111111111112,0.4166666666666667,results/adaptation_study/runs/biodolphin_Ki/random_pair/initial_label_adapter/linear/ucb_balanced/seed137.json,208,0
biodolphin_Ki,random_pair,137,initial_label_adapter,linear,thompson,4,120,0.8313287507146605,1.0218891843334068,0.3959579712441319,0.8909090909090909,0.8055555555555556,0.5208333333333334,results/adaptation_study/runs/biodolphin_Ki/random_pair/initial_label_adapter/linear/thompson/seed137.json,208,0
biodolphin_Ki,random_pair,137,initial_label_adapter,linear,prediction_aware_thompson,4,120,0.7047073883369446,0.846940007393767,0.5458523895371901,0.9363636363636364,0.4166666666666667,0.20138888888888892,results/adaptation_study/runs/biodolphin_Ki/random_pair/initial_label_adapter/linear/prediction_aware_thompson/seed137.json,208,0
biodolphin_Ki,random_pair,137,initial_label_adapter,linear,variance_reduction,4,120,0.6952403820696916,1.0590018513043002,0.1943508120479963,0.7181818181818181,0.16666666666666666,0.14930555555555555,results/adaptation_study/runs/biodolphin_Ki/random_pair/initial_label_adapter/linear/variance_reduction/seed137.json,208,0
biodolphin_Ki,random_pair,137,initial_label_adapter,rbf,random,4,120,0.7262225770243252,0.852962654840656,0.5627874005506768,0.8727272727272727,0.3055555555555556,0.15972222222222224,results/adaptation_study/runs/biodolphin_Ki/random_pair/initial_label_adapter/rbf/random/seed137.json,208,0
biodolphin_Ki,random_pair,137,initial_label_adapter,rbf,uncertainty,4,120,1.570005812890536,1.7178249453922152,2.500242221592508e-06,0.9272727272727272,0.3611111111111111,0.21527777777777776,results/adaptation_study/runs/biodolphin_Ki/random_pair/initial_label_adapter/rbf/uncertainty/seed137.json,208,0
biodolphin_Ki,random_pair,137,initial_label_adapter,rbf,ucb_balanced,4,120,0.911944103817389,1.0209775559760634,0.44857664667915054,0.8181818181818182,0.6111111111111112,0.45486111111111116,results/adaptation_study/runs/biodolphin_Ki/random_pair/initial_label_adapter/rbf/ucb_balanced/seed137.json,208,0
biodolphin_Ki,random_pair,137,initial_label_adapter,rbf,thompson,4,120,0.9096883017182994,1.022345322169258,0.3380989428096468,0.9,0.8333333333333334,0.49652777777777785,results/adaptation_study/runs/biodolphin_Ki/random_pair/initial_label_adapter/rbf/thompson/seed137.json,208,0
biodolphin_Ki,random_pair,137,initial_label_adapter,rbf,prediction_aware_thompson,4,120,0.7573968734539701,1.076981366278131,0.37373862124033974,0.8818181818181818,0.8055555555555556,0.3541666666666667,results/adaptation_study/runs/biodolphin_Ki/random_pair/initial_label_adapter/rbf/prediction_aware_thompson/seed137.json,208,0
biodolphin_Ki,random_pair,137,initial_label_adapter,rbf,variance_reduction,4,120,0.48965097111024874,0.8050425921313336,0.572626266829134,0.9454545454545454,0.2777777777777778,0.18402777777777776,results/adaptation_study/runs/biodolphin_Ki/random_pair/initial_label_adapter/rbf/variance_reduction/seed137.json,208,0
biodolphin_Ki,random_pair,137,initial_label_adapter,matern32,random,4,120,0.7116529490216071,0.841820486928937,0.5679201057218477,0.8909090909090909,0.3055555555555556,0.15972222222222224,results/adaptation_study/runs/biodolphin_Ki/random_pair/initial_label_adapter/matern32/random/seed137.json,208,0
biodolphin_Ki,random_pair,137,initial_label_adapter,matern32,uncertainty,4,120,1.5697840905010667,1.7178202250052128,6.74701519398635e-06,0.9272727272727272,0.3611111111111111,0.21527777777777776,results/adaptation_study/runs/biodolphin_Ki/random_pair/initial_label_adapter/matern32/uncertainty/seed137.json,208,0
biodolphin_Ki,random_pair,137,initial_label_adapter,matern32,ucb_balanced,4,120,0.9164497347061523,1.074180392929966,0.368045449834533,0.8090909090909091,0.6111111111111112,0.46875,results/adaptation_study/runs/biodolphin_Ki/random_pair/initial_label_adapter/matern32/ucb_balanced/seed137.json,208,0
biodolphin_Ki,random_pair,137,initial_label_adapter,matern32,thompson,4,120,0.9896290955175722,1.080390467172848,0.328266705770748,0.9272727272727272,0.7222222222222222,0.44097222222222227,results/adaptation_study/runs/biodolphin_Ki/random_pair/initial_label_adapter/matern32/thompson/seed137.json,208,0
biodolphin_Ki,random_pair,137,initial_label_adapter,matern32,prediction_aware_thompson,4,120,0.5318454381422537,0.806375689049082,0.5784259446880078,0.9272727272727272,0.4444444444444444,0.30902777777777773,results/adaptation_study/runs/biodolphin_Ki/random_pair/initial_label_adapter/matern32/prediction_aware_thompson/seed137.json,208,0
biodolphin_Ki,random_pair,137,initial_label_adapter,matern32,variance_reduction,4,120,0.5162705015764634,0.8244932764719102,0.5399645160305112,0.9272727272727272,0.2777777777777778,0.18402777777777776,results/adaptation_study/runs/biodolphin_Ki/random_pair/initial_label_adapter/matern32/variance_reduction/seed137.json,208,0
biodolphin_Ki,cold_sequence40,7,frozen_mlm,linear,random,4,120,1.601318875764044,2.0672282155534822,-0.5280361942991998,0.8125,0.47761194029850745,0.2798507462686567,results/robust_study_v2/runs/biodolphin_Ki/cold_sequence40/esm2_35m/chemberta_mlm/linear/random/seed7.json,207,0
biodolphin_Ki,cold_sequence40,7,frozen_mlm,linear,uncertainty,4,120,1.396134562930992,1.4635854804712563,0.24886523538857985,0.9196428571428571,0.11940298507462686,0.10820895522388059,results/robust_study_v2/runs/biodolphin_Ki/cold_sequence40/esm2_35m/chemberta_mlm/linear/uncertainty/seed7.json,207,0
biodolphin_Ki,cold_sequence40,7,frozen_mlm,linear,ucb_balanced,4,120,1.734094342049615,1.499800930225984,0.2276647563961549,0.875,0.746268656716418,0.33582089552238803,results/robust_study_v2/runs/biodolphin_Ki/cold_sequence40/esm2_35m/chemberta_mlm/linear/ucb_balanced/seed7.json,207,0
biodolphin_Ki,cold_sequence40,7,frozen_mlm,linear,thompson,4,120,1.7345066304299808,2.1777440489677984,-0.7051623986095981,0.6964285714285714,0.47761194029850745,0.35447761194029853,results/robust_study_v2/runs/biodolphin_Ki/cold_sequence40/esm2_35m/chemberta_mlm/linear/thompson/seed7.json,207,0
biodolphin_Ki,cold_sequence40,7,frozen_mlm,linear,prediction_aware_thompson,4,120,1.5149837543852671,1.5037359182117116,0.11883651272067441,0.8839285714285714,0.19402985074626866,0.12873134328358207,results/robust_study_v2/runs/biodolphin_Ki/cold_sequence40/esm2_35m/chemberta_mlm/linear/prediction_aware_thompson/seed7.json,207,0
biodolphin_Ki,cold_sequence40,7,frozen_mlm,linear,variance_reduction,4,120,2.17984637051743,2.0970636696967313,-1.164145680466731,0.5892857142857143,0.1044776119402985,0.09888059701492537,results/robust_study_v2/runs/biodolphin_Ki/cold_sequence40/esm2_35m/chemberta_mlm/linear/variance_reduction/seed7.json,207,0
biodolphin_Ki,cold_sequence40,7,frozen_mlm,rbf,random,4,120,1.6012902459191753,2.0672064123628004,-0.5280008687204276,0.8125,0.47761194029850745,0.2798507462686567,results/robust_study_v2/runs/biodolphin_Ki/cold_sequence40/esm2_35m/chemberta_mlm/rbf/random/seed7.json,207,0
biodolphin_Ki,cold_sequence40,7,frozen_mlm,rbf,uncertainty,4,120,1.496584451873395,1.9580561439450308,-0.35144786912093573,0.7857142857142857,0.26865671641791045,0.11194029850746268,results/robust_study_v2/runs/biodolphin_Ki/cold_sequence40/esm2_35m/chemberta_mlm/rbf/uncertainty/seed7.json,207,0
biodolphin_Ki,cold_sequence40,7,frozen_mlm,rbf,ucb_balanced,4,120,1.6045979634339271,1.680803087348793,-0.05391185568378187,0.9553571428571429,0.9402985074626866,0.6436567164179104,results/robust_study_v2/runs/biodolphin_Ki/cold_sequence40/esm2_35m/chemberta_mlm/rbf/ucb_balanced/seed7.json,207,0
biodolphin_Ki,cold_sequence40,7,frozen_mlm,rbf,thompson,4,120,1.4041832578912603,1.7384581148753415,-0.11542412375455346,0.9553571428571429,0.4925373134328358,0.31156716417910446,results/robust_study_v2/runs/biodolphin_Ki/cold_sequence40/esm2_35m/chemberta_mlm/rbf/thompson/seed7.json,207,0
biodolphin_Ki,cold_sequence40,7,frozen_mlm,rbf,prediction_aware_thompson,4,120,1.3991901436819143,1.6994853221962036,0.01981735815973118,0.8035714285714286,0.7611940298507462,0.4832089552238806,results/robust_study_v2/runs/biodolphin_Ki/cold_sequence40/esm2_35m/chemberta_mlm/rbf/prediction_aware_thompson/seed7.json,207,0
biodolphin_Ki,cold_sequence40,7,frozen_mlm,rbf,variance_reduction,4,120,1.576543080924327,1.4768365881185805,0.1787808775030879,0.8660714285714286,0.1044776119402985,0.09888059701492537,results/robust_study_v2/runs/biodolphin_Ki/cold_sequence40/esm2_35m/chemberta_mlm/rbf/variance_reduction/seed7.json,207,0
biodolphin_Ki,cold_sequence40,7,frozen_mlm,matern32,random,4,120,1.6012921591014986,2.0672078693556406,-0.5280032293066732,0.8125,0.47761194029850745,0.2798507462686567,results/robust_study_v2/runs/biodolphin_Ki/cold_sequence40/esm2_35m/chemberta_mlm/matern32/random/seed7.json,207,0
biodolphin_Ki,cold_sequence40,7,frozen_mlm,matern32,uncertainty,4,120,1.3181516283695414,1.3546726826332944,0.3871710837160349,0.9107142857142857,0.11940298507462686,0.10820895522388059,results/robust_study_v2/runs/biodolphin_Ki/cold_sequence40/esm2_35m/chemberta_mlm/matern32/uncertainty/seed7.json,207,0
biodolphin_Ki,cold_sequence40,7,frozen_mlm,matern32,ucb_balanced,4,120,1.4100519685696502,1.6030183270068663,0.03333176162930784,0.8482142857142857,0.835820895522388,0.3843283582089552,results/robust_study_v2/runs/biodolphin_Ki/cold_sequence40/esm2_35m/chemberta_mlm/matern32/ucb_balanced/seed7.json,207,1
biodolphin_Ki,cold_sequence40,7,frozen_mlm,matern32,thompson,4,120,1.5486412993682113,1.573210674460564,0.01790864779630308,0.7946428571428571,0.40298507462686567,0.2555970149253731,results/robust_study_v2/runs/biodolphin_Ki/cold_sequence40/esm2_35m/chemberta_mlm/matern32/thompson/seed7.json,207,0
biodolphin_Ki,cold_sequence40,7,frozen_mlm,matern32,prediction_aware_thompson,4,120,1.3687455372366482,1.3594998759176242,0.37206470385324786,0.9196428571428571,0.22388059701492538,0.12873134328358207,results/robust_study_v2/runs/biodolphin_Ki/cold_sequence40/esm2_35m/chemberta_mlm/matern32/prediction_aware_thompson/seed7.json,207,0
biodolphin_Ki,cold_sequence40,7,frozen_mlm,matern32,variance_reduction,4,120,1.4603919463032031,1.6211089165672803,-0.01900163941321198,0.6785714285714286,0.11940298507462686,0.10447761194029852,results/robust_study_v2/runs/biodolphin_Ki/cold_sequence40/esm2_35m/chemberta_mlm/matern32/variance_reduction/seed7.json,207,0
biodolphin_Ki,cold_sequence40,7,lipid_ssl,linear,random,4,120,1.6013194212795223,2.0672286309933168,-0.5280368674072295,0.8125,0.47761194029850745,0.2798507462686567,results/adaptation_study/runs/biodolphin_Ki/cold_sequence40/lipid_ssl/linear/random/seed7.json,207,0
biodolphin_Ki,cold_sequence40,7,lipid_ssl,linear,uncertainty,4,120,1.381276911469787,1.4507838497741046,0.2684673486476864,0.9285714285714286,0.11940298507462686,0.10820895522388059,results/adaptation_study/runs/biodolphin_Ki/cold_sequence40/lipid_ssl/linear/uncertainty/seed7.json,207,0
biodolphin_Ki,cold_sequence40,7,lipid_ssl,linear,ucb_balanced,4,120,1.7505878816720761,1.4959653831848598,0.23625616369237334,0.8303571428571429,0.746268656716418,0.31716417910447764,results/adaptation_study/runs/biodolphin_Ki/cold_sequence40/lipid_ssl/linear/ucb_balanced/seed7.json,207,0
biodolphin_Ki,cold_sequence40,7,lipid_ssl,linear,thompson,4,120,1.784612616486538,2.22734516075579,-0.7784184406233947,0.6964285714285714,0.5074626865671642,0.36940298507462693,results/adaptation_study/runs/biodolphin_Ki/cold_sequence40/lipid_ssl/linear/thompson/seed7.json,207,0
biodolphin_Ki,cold_sequence40,7,lipid_ssl,linear,prediction_aware_thompson,4,120,1.629222200322453,1.5823353807195344,-0.026628615683810697,0.7678571428571429,0.19402985074626866,0.1212686567164179,results/adaptation_study/runs/biodolphin_Ki/cold_sequence40/lipid_ssl/linear/prediction_aware_thompson/seed7.json,207,0
biodolphin_Ki,cold_sequence40,7,lipid_ssl,linear,variance_reduction,4,120,2.3177750080293187,2.038554578315476,-0.8764417907494673,0.5892857142857143,0.1044776119402985,0.09888059701492537,results/adaptation_study/runs/biodolphin_Ki/cold_sequence40/lipid_ssl/linear/variance_reduction/seed7.json,207,0
biodolphin_Ki,cold_sequence40,7,lipid_ssl,rbf,random,4,120,1.6012902814417702,2.067206439415196,-0.5280009125500487,0.8125,0.47761194029850745,0.2798507462686567,results/adaptation_study/runs/biodolphin_Ki/cold_sequence40/lipid_ssl/rbf/random/seed7.json,207,0
biodolphin_Ki,cold_sequence40,7,lipid_ssl,rbf,uncertainty,4,120,1.3220666145171056,1.3691288331237832,0.36988841447480814,0.9107142857142857,0.11940298507462686,0.10820895522388059,results/adaptation_study/runs/biodolphin_Ki/cold_sequence40/lipid_ssl/rbf/uncertainty/seed7.json,207,0
biodolphin_Ki,cold_sequence40,7,lipid_ssl,rbf,ucb_balanced,4,120,1.8930384899524668,2.3398579945871085,-0.9446869493179011,0.6160714285714286,0.47761194029850745,0.2873134328358209,results/adaptation_study/runs/biodolphin_Ki/cold_sequence40/lipid_ssl/rbf/ucb_balanced/seed7.json,207,0
biodolphin_Ki,cold_sequence40,7,lipid_ssl,rbf,thompson,4,120,1.5672025197631942,2.041301038590986,-0.48558073176545746,0.7678571428571429,0.31343283582089554,0.19962686567164178,results/adaptation_study/runs/biodolphin_Ki/cold_sequence40/lipid_ssl/rbf/thompson/seed7.json,207,0
biodolphin_Ki,cold_sequence40,7,lipid_ssl,rbf,prediction_aware_thompson,4,120,1.605251759073456,1.5942304757831003,-0.023067219375650927,0.8125,0.26865671641791045,0.14925373134328357,results/adaptation_study/runs/biodolphin_Ki/cold_sequence40/lipid_ssl/rbf/prediction_aware_thompson/seed7.json,207,0
biodolphin_Ki,cold_sequence40,7,lipid_ssl,rbf,variance_reduction,4,120,1.4577035711820587,1.6004094153273445,0.001098908369218221,0.7946428571428571,0.11940298507462686,0.10820895522388059,results/adaptation_study/runs/biodolphin_Ki/cold_sequence40/lipid_ssl/rbf/variance_reduction/seed7.json,207,0
biodolphin_Ki,cold_sequence40,7,lipid_ssl,matern32,random,4,120,1.6012903116978874,2.067206462456882,-0.5280009498816176,0.8125,0.47761194029850745,0.2798507462686567,results/adaptation_study/runs/biodolphin_Ki/cold_sequence40/lipid_ssl/matern32/random/seed7.json,207,0
biodolphin_Ki,cold_sequence40,7,lipid_ssl,matern32,uncertainty,4,120,1.3294004694479553,1.3641016817153262,0.3781168349175833,0.9107142857142857,0.11940298507462686,0.10820895522388059,results/adaptation_study/runs/biodolphin_Ki/cold_sequence40/lipid_ssl/matern32/uncertainty/seed7.json,207,0
biodolphin_Ki,cold_sequence40,7,lipid_ssl,matern32,ucb_balanced,4,120,1.4323399973162771,1.5807336604412068,0.04019807685913612,0.8482142857142857,0.835820895522388,0.38059701492537307,results/adaptation_study/runs/biodolphin_Ki/cold_sequence40/lipid_ssl/matern32/ucb_balanced/seed7.json,207,0
biodolphin_Ki,cold_sequence40,7,lipid_ssl,matern32,thompson,4,120,1.4814632566526917,1.64181800151589,-0.058183108346556045,0.7589285714285714,0.40298507462686567,0.27052238805970147,results/adaptation_study/runs/biodolphin_Ki/cold_sequence40/lipid_ssl/matern32/thompson/seed7.json,207,0
biodolphin_Ki,cold_sequence40,7,lipid_ssl,matern32,prediction_aware_thompson,4,120,1.6809820568442122,2.1281270813626096,-0.6309065806175649,0.6339285714285714,0.22388059701492538,0.12499999999999999,results/adaptation_study/runs/biodolphin_Ki/cold_sequence40/lipid_ssl/matern32/prediction_aware_thompson/seed7.json,207,0
biodolphin_Ki,cold_sequence40,7,lipid_ssl,matern32,variance_reduction,4,120,1.4695792376811592,1.6220318681135726,-0.019468548961450116,0.6785714285714286,0.11940298507462686,0.10447761194029852,results/adaptation_study/runs/biodolphin_Ki/cold_sequence40/lipid_ssl/matern32/variance_reduction/seed7.json,207,0
biodolphin_Ki,cold_sequence40,7,initial_label_adapter,linear,random,4,120,1.6013181346234997,2.0672276511344756,-0.528035279811351,0.8125,0.47761194029850745,0.2798507462686567,results/adaptation_study/runs/biodolphin_Ki/cold_sequence40/initial_label_adapter/linear/random/seed7.json,207,0
biodolphin_Ki,cold_sequence40,7,initial_label_adapter,linear,uncertainty,4,120,1.3959331019540686,1.4637304357777072,0.24858601189412288,0.9196428571428571,0.11940298507462686,0.10820895522388059,results/adaptation_study/runs/biodolphin_Ki/cold_sequence40/initial_label_adapter/linear/uncertainty/seed7.json,207,0
biodolphin_Ki,cold_sequence40,7,initial_label_adapter,linear,ucb_balanced,4,120,1.7335461672790844,1.4999246534984452,0.22755973732648294,0.875,0.746268656716418,0.33582089552238803,results/adaptation_study/runs/biodolphin_Ki/cold_sequence40/initial_label_adapter/linear/ucb_balanced/seed7.json,207,0
biodolphin_Ki,cold_sequence40,7,initial_label_adapter,linear,thompson,4,120,1.7345054852848287,2.177742932691852,-0.705160765743511,0.6964285714285714,0.47761194029850745,0.35447761194029853,results/adaptation_study/runs/biodolphin_Ki/cold_sequence40/initial_label_adapter/linear/thompson/seed7.json,207,0
biodolphin_Ki,cold_sequence40,7,initial_label_adapter,linear,prediction_aware_thompson,4,120,1.7247688929839318,1.6749235079865887,-0.24698461189734466,0.7678571428571429,0.23880597014925373,0.12313432835820894,results/adaptation_study/runs/biodolphin_Ki/cold_sequence40/initial_label_adapter/linear/prediction_aware_thompson/seed7.json,207,0
biodolphin_Ki,cold_sequence40,7,initial_label_adapter,linear,variance_reduction,4,120,2.1788250022835025,2.0969290534605114,-1.1639971206063087,0.5892857142857143,0.1044776119402985,0.09888059701492537,results/adaptation_study/runs/biodolphin_Ki/cold_sequence40/initial_label_adapter/linear/variance_reduction/seed7.json,207,0
biodolphin_Ki,cold_sequence40,7,initial_label_adapter,rbf,random,4,120,1.6012908624614322,2.067206881893405,-0.5280016294425243,0.8125,0.47761194029850745,0.2798507462686567,results/adaptation_study/runs/biodolphin_Ki/cold_sequence40/initial_label_adapter/rbf/random/seed7.json,207,0
biodolphin_Ki,cold_sequence40,7,initial_label_adapter,rbf,uncertainty,4,120,1.2681444357607392,1.394949366726426,0.36720974541774976,0.9553571428571429,0.11940298507462686,0.10820895522388059,results/adaptation_study/runs/biodolphin_Ki/cold_sequence40/initial_label_adapter/rbf/uncertainty/seed7.json,207,0
biodolphin_Ki,cold_sequence40,7,initial_label_adapter,rbf,ucb_balanced,4,120,1.8985018493994705,2.345574689746612,-0.9533833551759272,0.6160714285714286,0.4925373134328358,0.2891791044776119,results/adaptation_study/runs/biodolphin_Ki/cold_sequence40/initial_label_adapter/rbf/ucb_balanced/seed7.json,207,0
biodolphin_Ki,cold_sequence40,7,initial_label_adapter,rbf,thompson,4,120,1.3411950434971982,1.5786234647684978,0.13611652550523534,0.7589285714285714,0.31343283582089554,0.20708955223880596,results/adaptation_study/runs/biodolphin_Ki/cold_sequence40/initial_label_adapter/rbf/thompson/seed7.json,207,0
biodolphin_Ki,cold_sequence40,7,initial_label_adapter,rbf,prediction_aware_thompson,4,120,1.67431601948345,2.122847467738644,-0.621947860127722,0.6607142857142857,0.2537313432835821,0.14365671641791045,results/adaptation_study/runs/biodolphin_Ki/cold_sequence40/initial_label_adapter/rbf/prediction_aware_thompson/seed7.json,207,0
biodolphin_Ki,cold_sequence40,7,initial_label_adapter,rbf,variance_reduction,4,120,1.4499339959401158,1.607268127799846,-0.004118859044365708,0.7767857142857143,0.11940298507462686,0.10820895522388059,results/adaptation_study/runs/biodolphin_Ki/cold_sequence40/initial_label_adapter/rbf/variance_reduction/seed7.json,207,0
biodolphin_Ki,cold_sequence40,7,initial_label_adapter,matern32,random,4,120,1.6012921093773607,2.0672078314879934,-0.5280031679543165,0.8125,0.47761194029850745,0.2798507462686567,results/adaptation_study/runs/biodolphin_Ki/cold_sequence40/initial_label_adapter/matern32/random/seed7.json,207,0
biodolphin_Ki,cold_sequence40,7,initial_label_adapter,matern32,uncertainty,4,120,1.3172838709752508,1.3542306457816689,0.3872983821306496,0.9107142857142857,0.11940298507462686,0.10820895522388059,results/adaptation_study/runs/biodolphin_Ki/cold_sequence40/initial_label_adapter/matern32/uncertainty/seed7.json,207,0
biodolphin_Ki,cold_sequence40,7,initial_label_adapter,matern32,ucb_balanced,4,120,1.4095735943589112,1.6043227049986837,0.03194278429168873,0.8482142857142857,0.835820895522388,0.3843283582089552,results/adaptation_study/runs/biodolphin_Ki/cold_sequence40/initial_label_adapter/matern32/ucb_balanced/seed7.json,207,0
biodolphin_Ki,cold_sequence40,7,initial_label_adapter,matern32,thompson,4,120,1.5411022021602279,1.581059812466728,0.007970576043634048,0.7946428571428571,0.40298507462686567,0.2555970149253731,results/adaptation_study/runs/biodolphin_Ki/cold_sequence40/initial_label_adapter/matern32/thompson/seed7.json,207,0
biodolphin_Ki,cold_sequence40,7,initial_label_adapter,matern32,prediction_aware_thompson,4,120,1.2954006428891562,1.3852136451759554,0.3282957317651356,0.9821428571428571,0.19402985074626866,0.11007462686567164,results/adaptation_study/runs/biodolphin_Ki/cold_sequence40/initial_label_adapter/matern32/prediction_aware_thompson/seed7.json,207,0
biodolphin_Ki,cold_sequence40,7,initial_label_adapter,matern32,variance_reduction,4,120,1.4603923033010353,1.6211089231232754,-0.01900160504077264,0.6785714285714286,0.11940298507462686,0.10447761194029852,results/adaptation_study/runs/biodolphin_Ki/cold_sequence40/initial_label_adapter/matern32/variance_reduction/seed7.json,207,0
biodolphin_Ki,cold_sequence40,19,frozen_mlm,linear,random,4,120,1.5295170613543996,1.7090055218648388,-0.9356907088220132,0.7217391304347827,0.37142857142857144,0.1714285714285714,results/robust_study_v2/runs/biodolphin_Ki/cold_sequence40/esm2_35m/chemberta_mlm/linear/random/seed19.json,207,0
biodolphin_Ki,cold_sequence40,19,frozen_mlm,linear,uncertainty,4,120,1.3264967927004885,1.3932741998660578,-0.37593065649370216,1.0,0.2,0.12142857142857144,results/robust_study_v2/runs/biodolphin_Ki/cold_sequence40/esm2_35m/chemberta_mlm/linear/uncertainty/seed19.json,207,0
biodolphin_Ki,cold_sequence40,19,frozen_mlm,linear,ucb_balanced,4,120,1.2877771152778892,1.8560404430606805,-1.167656686799225,0.8956521739130435,0.6,0.39285714285714296,results/robust_study_v2/runs/biodolphin_Ki/cold_sequence40/esm2_35m/chemberta_mlm/linear/ucb_balanced/seed19.json,207,0
biodolphin_Ki,cold_sequence40,19,frozen_mlm,linear,thompson,4,120,1.3105696446569377,1.742541841879527,-0.929566676945945,0.8956521739130435,0.6,0.4071428571428571,results/robust_study_v2/runs/biodolphin_Ki/cold_sequence40/esm2_35m/chemberta_mlm/linear/thompson/seed19.json,207,0
biodolphin_Ki,cold_sequence40,19,frozen_mlm,linear,prediction_aware_thompson,4,120,1.3575247270995037,1.8133364100657936,-0.975071937308537,0.7913043478260869,0.17142857142857143,0.08928571428571429,results/robust_study_v2/runs/biodolphin_Ki/cold_sequence40/esm2_35m/chemberta_mlm/linear/prediction_aware_thompson/seed19.json,207,0
biodolphin_Ki,cold_sequence40,19,frozen_mlm,linear,variance_reduction,4,120,1.3519971855191724,1.9734420155609236,-1.292950454382897,0.7391304347826086,0.11428571428571428,0.075,results/robust_study_v2/runs/biodolphin_Ki/cold_sequence40/esm2_35m/chemberta_mlm/linear/variance_reduction/seed19.json,207,0
biodolphin_Ki,cold_sequence40,19,frozen_mlm,rbf,random,4,120,1.2187228136064325,2.5599793849371686,-2.883057176907761,0.4434782608695652,0.37142857142857144,0.1714285714285714,results/robust_study_v2/runs/biodolphin_Ki/cold_sequence40/esm2_35m/chemberta_mlm/rbf/random/seed19.json,207,0
biodolphin_Ki,cold_sequence40,19,frozen_mlm,rbf,uncertainty,4,120,1.2543869109124979,1.9999986906936653,-1.404430653166354,0.8782608695652174,0.11428571428571428,0.05357142857142857,results/robust_study_v2/runs/biodolphin_Ki/cold_sequence40/esm2_35m/chemberta_mlm/rbf/uncertainty/seed19.json,207,0
biodolphin_Ki,cold_sequence40,19,frozen_mlm,rbf,ucb_balanced,4,120,1.3042475239896996,2.622709943209511,-3.2490191690260968,0.4782608695652174,0.8285714285714286,0.5357142857142857,results/robust_study_v2/runs/biodolphin_Ki/cold_sequence40/esm2_35m/chemberta_mlm/rbf/ucb_balanced/seed19.json,207,0
biodolphin_Ki,cold_sequence40,19,frozen_mlm,rbf,thompson,4,120,1.2040914439882782,2.653982919079575,-3.169414525513603,0.40869565217391307,0.8,0.4892857142857143,results/robust_study_v2/runs/biodolphin_Ki/cold_sequence40/esm2_35m/chemberta_mlm/rbf/thompson/seed19.json,207,0
biodolphin_Ki,cold_sequence40,19,frozen_mlm,rbf,prediction_aware_thompson,4,120,1.1804191510402569,2.604128651715753,-3.023294973122738,0.3739130434782609,0.4857142857142857,0.10714285714285714,results/robust_study_v2/runs/biodolphin_Ki/cold_sequence40/esm2_35m/chemberta_mlm/rbf/prediction_aware_thompson/seed19.json,207,0
biodolphin_Ki,cold_sequence40,19,frozen_mlm,rbf,variance_reduction,4,120,1.4079770789662198,1.4221744250709785,-0.2599054992872989,0.9478260869565217,0.08571428571428572,0.05714285714285714,results/robust_study_v2/runs/biodolphin_Ki/cold_sequence40/esm2_35m/chemberta_mlm/rbf/variance_reduction/seed19.json,207,0
biodolphin_Ki,cold_sequence40,19,frozen_mlm,matern32,random,4,120,1.2187543635052773,2.559985752826071,-2.883076868756582,0.4434782608695652,0.37142857142857144,0.1714285714285714,results/robust_study_v2/runs/biodolphin_Ki/cold_sequence40/esm2_35m/chemberta_mlm/matern32/random/seed19.json,207,0
biodolphin_Ki,cold_sequence40,19,frozen_mlm,matern32,uncertainty,4,120,1.266026726890873,1.4863691289010603,-0.4196072438033043,0.991304347826087,0.17142857142857143,0.11785714285714284,results/robust_study_v2/runs/biodolphin_Ki/cold_sequence40/esm2_35m/chemberta_mlm/matern32/uncertainty/seed19.json,207,0
biodolphin_Ki,cold_sequence40,19,frozen_mlm,matern32,ucb_balanced,4,120,1.526438024617948,2.3497703530255616,-2.4977090348141737,0.5652173913043478,0.7428571428571429,0.43928571428571433,results/robust_study_v2/runs/biodolphin_Ki/cold_sequence40/esm2_35m/chemberta_mlm/matern32/ucb_balanced/seed19.json,207,0
biodolphin_Ki,cold_sequence40,19,frozen_mlm,matern32,thompson,4,120,1.383349470803689,1.8293465287647834,-1.0005347684804367,0.808695652173913,0.8,0.39642857142857135,results/robust_study_v2/runs/biodolphin_Ki/cold_sequence40/esm2_35m/chemberta_mlm/matern32/thompson/seed19.json,207,0
biodolphin_Ki,cold_sequence40,19,frozen_mlm,matern32,prediction_aware_thompson,4,120,1.2881016720110907,1.6364597250324917,-0.5872158790051847,0.8434782608695652,0.11428571428571428,0.060714285714285714,results/robust_study_v2/runs/biodolphin_Ki/cold_sequence40/esm2_35m/chemberta_mlm/matern32/prediction_aware_thompson/seed19.json,207,0
biodolphin_Ki,cold_sequence40,19,frozen_mlm,matern32,variance_reduction,4,120,1.183286277188264,3.4436028404617813,-6.8939810019741365,0.4260869565217391,0.08571428571428572,0.05714285714285714,results/robust_study_v2/runs/biodolphin_Ki/cold_sequence40/esm2_35m/chemberta_mlm/matern32/variance_reduction/seed19.json,207,0
biodolphin_Ki,cold_sequence40,19,lipid_ssl,linear,random,4,120,1.5031934349682041,1.731771417983435,-0.9772098046985109,0.7304347826086957,0.37142857142857144,0.1714285714285714,results/adaptation_study/runs/biodolphin_Ki/cold_sequence40/lipid_ssl/linear/random/seed19.json,207,0
biodolphin_Ki,cold_sequence40,19,lipid_ssl,linear,uncertainty,4,120,1.4929757169645461,1.403226059949316,-0.3539251175801412,0.8608695652173913,0.14285714285714285,0.0857142857142857,results/adaptation_study/runs/biodolphin_Ki/cold_sequence40/lipid_ssl/linear/uncertainty/seed19.json,207,0
biodolphin_Ki,cold_sequence40,19,lipid_ssl,linear,ucb_balanced,4,120,1.2809012074553516,1.8261995645710531,-1.1096846600544423,0.8956521739130435,0.5142857142857142,0.3821428571428571,results/adaptation_study/runs/biodolphin_Ki/cold_sequence40/lipid_ssl/linear/ucb_balanced/seed19.json,207,0
biodolphin_Ki,cold_sequence40,19,lipid_ssl,linear,thompson,4,120,1.3172622170281176,1.7470200854082463,-0.9670487955888811,0.591304347826087,0.6285714285714286,0.4321428571428571,results/adaptation_study/runs/biodolphin_Ki/cold_sequence40/lipid_ssl/linear/thompson/seed19.json,207,0
biodolphin_Ki,cold_sequence40,19,lipid_ssl,linear,prediction_aware_thompson,4,120,1.2605155336730671,1.8465011115403087,-1.0281651435610533,0.782608695652174,0.11428571428571428,0.04642857142857143,results/adaptation_study/runs/biodolphin_Ki/cold_sequence40/lipid_ssl/linear/prediction_aware_thompson/seed19.json,207,0
biodolphin_Ki,cold_sequence40,19,lipid_ssl,linear,variance_reduction,4,120,1.3612332740258166,1.9905940917349905,-1.34385835521931,0.7043478260869566,0.11428571428571428,0.075,results/adaptation_study/runs/biodolphin_Ki/cold_sequence40/lipid_ssl/linear/variance_reduction/seed19.json,207,0
biodolphin_Ki,cold_sequence40,19,lipid_ssl,rbf,random,4,120,1.2187259454824748,2.5599796703066486,-2.883058059351256,0.4434782608695652,0.37142857142857144,0.1714285714285714,results/adaptation_study/runs/biodolphin_Ki/cold_sequence40/lipid_ssl/rbf/random/seed19.json,207,0
biodolphin_Ki,cold_sequence40,19,lipid_ssl,rbf,uncertainty,4,120,1.220717676206938,2.5111550132131724,-2.7714954030790393,0.8956521739130435,0.08571428571428572,0.03571428571428571,results/adaptation_study/runs/biodolphin_Ki/cold_sequence40/lipid_ssl/rbf/uncertainty/seed19.json,207,0
biodolphin_Ki,cold_sequence40,19,lipid_ssl,rbf,ucb_balanced,4,120,1.304242513767909,2.6227092823656317,-3.249017020384251,0.4782608695652174,0.8285714285714286,0.5357142857142857,results/adaptation_study/runs/biodolphin_Ki/cold_sequence40/lipid_ssl/rbf/ucb_balanced/seed19.json,207,0
biodolphin_Ki,cold_sequence40,19,lipid_ssl,rbf,thompson,4,120,1.3629717154332408,1.729961011857504,-0.948794875381336,0.8173913043478261,0.8571428571428571,0.5321428571428571,results/adaptation_study/runs/biodolphin_Ki/cold_sequence40/lipid_ssl/rbf/thompson/seed19.json,207,0
biodolphin_Ki,cold_sequence40,19,lipid_ssl,rbf,prediction_aware_thompson,4,120,1.2218234866430813,2.4751556891857494,-2.645718259252318,0.43478260869565216,0.5714285714285714,0.1607142857142857,results/adaptation_study/runs/biodolphin_Ki/cold_sequence40/lipid_ssl/rbf/prediction_aware_thompson/seed19.json,207,0
biodolphin_Ki,cold_sequence40,19,lipid_ssl,rbf,variance_reduction,4,120,1.204575867286153,3.4800509853443278,-6.9856353064203285,0.4434782608695652,0.08571428571428572,0.05714285714285714,results/adaptation_study/runs/biodolphin_Ki/cold_sequence40/lipid_ssl/rbf/variance_reduction/seed19.json,207,0
biodolphin_Ki,cold_sequence40,19,lipid_ssl,matern32,random,4,120,1.218750303281172,2.5599853950455915,-2.8830757623216456,0.4434782608695652,0.37142857142857144,0.1714285714285714,results/adaptation_study/runs/biodolphin_Ki/cold_sequence40/lipid_ssl/matern32/random/seed19.json,207,0
biodolphin_Ki,cold_sequence40,19,lipid_ssl,matern32,uncertainty,4,120,1.424547950947882,1.2726397033595331,-0.164405642279295,0.8782608695652174,0.11428571428571428,0.08214285714285714,results/adaptation_study/runs/biodolphin_Ki/cold_sequence40/lipid_ssl/matern32/uncertainty/seed19.json,207,0
biodolphin_Ki,cold_sequence40,19,lipid_ssl,matern32,ucb_balanced,4,120,1.2685626909617338,1.7728208766914257,-0.9381956258208226,0.8521739130434782,0.6,0.4071428571428572,results/adaptation_study/runs/biodolphin_Ki/cold_sequence40/lipid_ssl/matern32/ucb_balanced/seed19.json,207,0
biodolphin_Ki,cold_sequence40,19,lipid_ssl,matern32,thompson,4,120,1.3574420517468988,2.335013751954949,-2.23620577329657,0.8695652173913043,0.8571428571428571,0.48214285714285715,results/adaptation_study/runs/biodolphin_Ki/cold_sequence40/lipid_ssl/matern32/thompson/seed19.json,207,0
biodolphin_Ki,cold_sequence40,19,lipid_ssl,matern32,prediction_aware_thompson,4,120,1.2425125125309677,2.459031762852584,-2.6042260458512936,0.4782608695652174,0.4857142857142857,0.16428571428571428,results/adaptation_study/runs/biodolphin_Ki/cold_sequence40/lipid_ssl/matern32/prediction_aware_thompson/seed19.json,207,0
biodolphin_Ki,cold_sequence40,19,lipid_ssl,matern32,variance_reduction,4,120,1.2393830596712068,3.6350476937582226,-7.845779428194884,0.3652173913043478,0.08571428571428572,0.049999999999999996,results/adaptation_study/runs/biodolphin_Ki/cold_sequence40/lipid_ssl/matern32/variance_reduction/seed19.json,207,0
biodolphin_Ki,cold_sequence40,19,initial_label_adapter,linear,random,4,120,1.2924835000154777,1.746705719507525,-0.8413979445598998,0.8956521739130435,0.37142857142857144,0.1714285714285714,results/adaptation_study/runs/biodolphin_Ki/cold_sequence40/initial_label_adapter/linear/random/seed19.json,207,0
biodolphin_Ki,cold_sequence40,19,initial_label_adapter,linear,uncertainty,4,120,1.3261839909695146,1.3940609041883343,-0.37796943523305004,1.0,0.2,0.12142857142857144,results/adaptation_study/runs/biodolphin_Ki/cold_sequence40/initial_label_adapter/linear/uncertainty/seed19.json,207,0
biodolphin_Ki,cold_sequence40,19,initial_label_adapter,linear,ucb_balanced,4,120,1.287427324664372,1.8563055328096416,-1.168408008559942,0.8956521739130435,0.6,0.39285714285714296,results/adaptation_study/runs/biodolphin_Ki/cold_sequence40/initial_label_adapter/linear/ucb_balanced/seed19.json,207,0
biodolphin_Ki,cold_sequence40,19,initial_label_adapter,linear,thompson,4,120,1.3094035877142187,1.743075700693164,-0.9304114498280547,0.8956521739130435,0.6,0.4071428571428571,results/adaptation_study/runs/biodolphin_Ki/cold_sequence40/initial_label_adapter/linear/thompson/seed19.json,207,0
biodolphin_Ki,cold_sequence40,19,initial_label_adapter,linear,prediction_aware_thompson,4,120,1.297641455187273,1.7282015738102612,-0.7869113574857867,0.7739130434782608,0.2,0.10714285714285714,results/adaptation_study/runs/biodolphin_Ki/cold_sequence40/initial_label_adapter/linear/prediction_aware_thompson/seed19.json,207,0
biodolphin_Ki,cold_sequence40,19,initial_label_adapter,linear,variance_reduction,4,120,1.3519403879331897,1.9744179772416903,-1.2953628682141871,0.7391304347826086,0.11428571428571428,0.075,results/adaptation_study/runs/biodolphin_Ki/cold_sequence40/initial_label_adapter/linear/variance_reduction/seed19.json,207,0
biodolphin_Ki,cold_sequence40,19,initial_label_adapter,rbf,random,4,120,1.2187177134961582,2.559960691707389,-2.8830097729766773,0.4434782608695652,0.37142857142857144,0.1714285714285714,results/adaptation_study/runs/biodolphin_Ki/cold_sequence40/initial_label_adapter/rbf/random/seed19.json,207,0
biodolphin_Ki,cold_sequence40,19,initial_label_adapter,rbf,uncertainty,4,120,1.2543142458619525,1.9988396929172805,-1.4018636814158456,0.8782608695652174,0.11428571428571428,0.05357142857142857,results/adaptation_study/runs/biodolphin_Ki/cold_sequence40/initial_label_adapter/rbf/uncertainty/seed19.json,207,0
biodolphin_Ki,cold_sequence40,19,initial_label_adapter,rbf,ucb_balanced,4,120,1.3042265762911558,2.6228641197938334,-3.2495924952935873,0.4782608695652174,0.8285714285714286,0.5357142857142857,results/adaptation_study/runs/biodolphin_Ki/cold_sequence40/initial_label_adapter/rbf/ucb_balanced/seed19.json,207,0
biodolphin_Ki,cold_sequence40,19,initial_label_adapter,rbf,thompson,4,120,1.204082508636877,2.6539829834963666,-3.1694143727976885,0.40869565217391307,0.8,0.4892857142857143,results/adaptation_study/runs/biodolphin_Ki/cold_sequence40/initial_label_adapter/rbf/thompson/seed19.json,207,0
biodolphin_Ki,cold_sequence40,19,initial_label_adapter,rbf,prediction_aware_thompson,4,120,1.1804193839822172,2.6041257612333886,-3.0232879585996066,0.3739130434782609,0.4857142857142857,0.10714285714285714,results/adaptation_study/runs/biodolphin_Ki/cold_sequence40/initial_label_adapter/rbf/prediction_aware_thompson/seed19.json,207,0
biodolphin_Ki,cold_sequence40,19,initial_label_adapter,rbf,variance_reduction,4,120,1.198462356808025,2.697888166955106,-3.3378245312136556,0.3826086956521739,0.08571428571428572,0.05714285714285714,results/adaptation_study/runs/biodolphin_Ki/cold_sequence40/initial_label_adapter/rbf/variance_reduction/seed19.json,207,0
biodolphin_Ki,cold_sequence40,19,initial_label_adapter,matern32,random,4,120,1.2187498431398667,2.5599670912616292,-2.8830295625996984,0.4434782608695652,0.37142857142857144,0.1714285714285714,results/adaptation_study/runs/biodolphin_Ki/cold_sequence40/initial_label_adapter/matern32/random/seed19.json,207,0
biodolphin_Ki,cold_sequence40,19,initial_label_adapter,matern32,uncertainty,4,120,1.2654710819979302,1.4864125433319901,-0.41987137958548093,0.991304347826087,0.17142857142857143,0.11785714285714284,results/adaptation_study/runs/biodolphin_Ki/cold_sequence40/initial_label_adapter/matern32/uncertainty/seed19.json,207,0
biodolphin_Ki,cold_sequence40,19,initial_label_adapter,matern32,ucb_balanced,4,120,1.3679041528498197,2.4823693039292403,-2.776687995937198,0.5304347826086957,0.7714285714285715,0.45714285714285713,results/adaptation_study/runs/biodolphin_Ki/cold_sequence40/initial_label_adapter/matern32/ucb_balanced/seed19.json,207,0
biodolphin_Ki,cold_sequence40,19,initial_label_adapter,matern32,thompson,4,120,1.3116196935062596,2.2404763352119774,-2.177059260060213,0.7739130434782608,0.7714285714285715,0.47142857142857136,results/adaptation_study/runs/biodolphin_Ki/cold_sequence40/initial_label_adapter/matern32/thompson/seed19.json,207,0
biodolphin_Ki,cold_sequence40,19,initial_label_adapter,matern32,prediction_aware_thompson,4,120,1.253100056535366,1.566251662621589,-0.45851844472344294,0.8869565217391304,0.11428571428571428,0.04642857142857143,results/adaptation_study/runs/biodolphin_Ki/cold_sequence40/initial_label_adapter/matern32/prediction_aware_thompson/seed19.json,207,0
biodolphin_Ki,cold_sequence40,19,initial_label_adapter,matern32,variance_reduction,4,120,1.1832851673792824,3.4435197431172053,-6.893517168188761,0.4260869565217391,0.08571428571428572,0.05714285714285714,results/adaptation_study/runs/biodolphin_Ki/cold_sequence40/initial_label_adapter/matern32/variance_reduction/seed19.json,207,0
biodolphin_Ki,cold_sequence40,42,frozen_mlm,linear,random,4,120,1.8192116594313492,1.8302525867552473,-0.03392297213336537,0.7454545454545455,0.4696969696969697,0.2443181818181818,results/robust_study_v2/runs/biodolphin_Ki/cold_sequence40/esm2_35m/chemberta_mlm/linear/random/seed42.json,228,0
biodolphin_Ki,cold_sequence40,42,frozen_mlm,linear,uncertainty,4,120,1.2145552571442129,1.900933693036132,-0.22220830486828258,0.7727272727272727,0.12121212121212122,0.10984848484848486,results/robust_study_v2/runs/biodolphin_Ki/cold_sequence40/esm2_35m/chemberta_mlm/linear/uncertainty/seed42.json,228,0
biodolphin_Ki,cold_sequence40,42,frozen_mlm,linear,ucb_balanced,4,120,1.374383086600186,1.796671332285783,-0.12866799785625305,0.7818181818181819,0.8181818181818182,0.39015151515151514,results/robust_study_v2/runs/biodolphin_Ki/cold_sequence40/esm2_35m/chemberta_mlm/linear/ucb_balanced/seed42.json,228,0
biodolphin_Ki,cold_sequence40,42,frozen_mlm,linear,thompson,4,120,1.5473552118946376,1.768897895902836,-0.056190276263856864,0.8818181818181818,0.7575757575757576,0.35984848484848486,results/robust_study_v2/runs/biodolphin_Ki/cold_sequence40/esm2_35m/chemberta_mlm/linear/thompson/seed42.json,228,0
biodolphin_Ki,cold_sequence40,42,frozen_mlm,linear,prediction_aware_thompson,4,120,1.3757667395059097,1.7331564680615734,-0.04989814871349396,0.6545454545454545,0.48484848484848486,0.2765151515151515,results/robust_study_v2/runs/biodolphin_Ki/cold_sequence40/esm2_35m/chemberta_mlm/linear/prediction_aware_thompson/seed42.json,228,0
biodolphin_Ki,cold_sequence40,42,frozen_mlm,linear,variance_reduction,4,120,1.4104312894918765,1.8548097718842844,-0.1880353108907029,0.6727272727272727,0.24242424242424243,0.196969696969697,results/robust_study_v2/runs/biodolphin_Ki/cold_sequence40/esm2_35m/chemberta_mlm/linear/variance_reduction/seed42.json,228,0
biodolphin_Ki,cold_sequence40,42,frozen_mlm,rbf,random,4,120,1.7774195494390101,1.6896942052576107,-0.0019971874249187227,0.7363636363636363,0.4696969696969697,0.2443181818181818,results/robust_study_v2/runs/biodolphin_Ki/cold_sequence40/esm2_35m/chemberta_mlm/rbf/random/seed42.json,228,0
biodolphin_Ki,cold_sequence40,42,frozen_mlm,rbf,uncertainty,4,120,1.7995625266904272,1.6805766681196406,-0.009425522942254405,0.7727272727272727,0.06060606060606061,0.04545454545454545,results/robust_study_v2/runs/biodolphin_Ki/cold_sequence40/esm2_35m/chemberta_mlm/rbf/uncertainty/seed42.json,228,0
biodolphin_Ki,cold_sequence40,42,frozen_mlm,rbf,ucb_balanced,4,120,1.7508925768018653,1.703402415611227,-0.02306619697017931,0.9,0.9090909090909091,0.606060606060606,results/robust_study_v2/runs/biodolphin_Ki/cold_sequence40/esm2_35m/chemberta_mlm/rbf/ucb_balanced/seed42.json,228,0
biodolphin_Ki,cold_sequence40,42,frozen_mlm,rbf,thompson,4,120,1.7388796975245422,1.7493492132503072,-0.04888324272187239,0.7454545454545455,0.8333333333333334,0.48674242424242414,results/robust_study_v2/runs/biodolphin_Ki/cold_sequence40/esm2_35m/chemberta_mlm/rbf/thompson/seed42.json,228,0
biodolphin_Ki,cold_sequence40,42,frozen_mlm,rbf,prediction_aware_thompson,4,120,1.7600934091175195,1.6893584391614986,-0.0213786715084876,0.7272727272727273,0.8181818181818182,0.5795454545454546,results/robust_study_v2/runs/biodolphin_Ki/cold_sequence40/esm2_35m/chemberta_mlm/rbf/prediction_aware_thompson/seed42.json,228,0
biodolphin_Ki,cold_sequence40,42,frozen_mlm,rbf,variance_reduction,4,120,1.7158369672525775,1.7238345324197755,-0.04176977212131172,0.7363636363636363,0.7727272727272727,0.5284090909090909,results/robust_study_v2/runs/biodolphin_Ki/cold_sequence40/esm2_35m/chemberta_mlm/rbf/variance_reduction/seed42.json,228,0
biodolphin_Ki,cold_sequence40,42,frozen_mlm,matern32,random,4,120,1.5978203001230484,1.668592885564217,0.05062352666570158,0.7,0.4696969696969697,0.2443181818181818,results/robust_study_v2/runs/biodolphin_Ki/cold_sequence40/esm2_35m/chemberta_mlm/matern32/random/seed42.json,228,0
biodolphin_Ki,cold_sequence40,42,frozen_mlm,matern32,uncertainty,4,120,1.862080289447409,1.6977728655428608,-0.023028030524190335,0.8181818181818182,0.045454545454545456,0.03977272727272727,results/robust_study_v2/runs/biodolphin_Ki/cold_sequence40/esm2_35m/chemberta_mlm/matern32/uncertainty/seed42.json,228,0
biodolphin_Ki,cold_sequence40,42,frozen_mlm,matern32,ucb_balanced,4,120,1.510269594263072,1.7372213046520029,-0.11569018645860907,0.8818181818181818,0.9242424242424242,0.5928030303030303,results/robust_study_v2/runs/biodolphin_Ki/cold_sequence40/esm2_35m/chemberta_mlm/matern32/ucb_balanced/seed42.json,228,0
biodolphin_Ki,cold_sequence40,42,frozen_mlm,matern32,thompson,4,120,1.676657403062632,1.682608982455932,-0.007653208526430699,0.9272727272727272,0.803030303030303,0.4753787878787879,results/robust_study_v2/runs/biodolphin_Ki/cold_sequence40/esm2_35m/chemberta_mlm/matern32/thompson/seed42.json,228,0
biodolphin_Ki,cold_sequence40,42,frozen_mlm,matern32,prediction_aware_thompson,4,120,1.7625453411296805,1.694576638583278,-0.01089713400309078,0.7545454545454545,0.7878787878787878,0.5151515151515151,results/robust_study_v2/runs/biodolphin_Ki/cold_sequence40/esm2_35m/chemberta_mlm/matern32/prediction_aware_thompson/seed42.json,228,0
biodolphin_Ki,cold_sequence40,42,frozen_mlm,matern32,variance_reduction,4,120,1.7879299163078157,1.6947375255578712,-0.010683187022695106,0.6636363636363637,0.7575757575757576,0.4128787878787879,results/robust_study_v2/runs/biodolphin_Ki/cold_sequence40/esm2_35m/chemberta_mlm/matern32/variance_reduction/seed42.json,228,0
biodolphin_Ki,cold_sequence40,42,lipid_ssl,linear,random,4,120,1.8004804047317602,1.875319291926578,-0.08796520948448161,0.6727272727272727,0.4696969696969697,0.2443181818181818,results/adaptation_study/runs/biodolphin_Ki/cold_sequence40/lipid_ssl/linear/random/seed42.json,228,0
biodolphin_Ki,cold_sequence40,42,lipid_ssl,linear,uncertainty,4,120,1.2657276337182883,1.8125602324536958,-0.03997889130168564,0.7909090909090909,0.12121212121212122,0.10984848484848486,results/adaptation_study/runs/biodolphin_Ki/cold_sequence40/lipid_ssl/linear/uncertainty/seed42.json,228,0
biodolphin_Ki,cold_sequence40,42,lipid_ssl,linear,ucb_balanced,4,120,1.4260017192552101,1.8610728828067926,-0.2333156803298302,0.6909090909090909,0.8181818181818182,0.3863636363636364,results/adaptation_study/runs/biodolphin_Ki/cold_sequence40/lipid_ssl/linear/ucb_balanced/seed42.json,228,0
biodolphin_Ki,cold_sequence40,42,lipid_ssl,linear,thompson,4,120,1.495446820894086,1.7206402344047778,-0.02728521790676619,0.8727272727272727,0.7272727272727273,0.356060606060606,results/adaptation_study/runs/biodolphin_Ki/cold_sequence40/lipid_ssl/linear/thompson/seed42.json,228,0
biodolphin_Ki,cold_sequence40,42,lipid_ssl,linear,prediction_aware_thompson,4,120,1.355040725400731,1.7048618068960233,0.012251988548759196,0.6727272727272727,0.42424242424242425,0.28030303030303033,results/adaptation_study/runs/biodolphin_Ki/cold_sequence40/lipid_ssl/linear/prediction_aware_thompson/seed42.json,228,0
biodolphin_Ki,cold_sequence40,42,lipid_ssl,linear,variance_reduction,4,120,1.3966860354715795,1.6995563152819786,0.0035187544195759424,0.6181818181818182,0.24242424242424243,0.196969696969697,results/adaptation_study/runs/biodolphin_Ki/cold_sequence40/lipid_ssl/linear/variance_reduction/seed42.json,228,0
biodolphin_Ki,cold_sequence40,42,lipid_ssl,rbf,random,4,120,1.7774514220534807,1.6896941757597557,-0.0019971745329687707,0.7363636363636363,0.4696969696969697,0.2443181818181818,results/adaptation_study/runs/biodolphin_Ki/cold_sequence40/lipid_ssl/rbf/random/seed42.json,228,0
biodolphin_Ki,cold_sequence40,42,lipid_ssl,rbf,uncertainty,4,120,1.8091676316460872,1.6811550983934582,-0.009855364035219916,0.7727272727272727,0.06060606060606061,0.04545454545454545,results/adaptation_study/runs/biodolphin_Ki/cold_sequence40/lipid_ssl/rbf/uncertainty/seed42.json,228,0
biodolphin_Ki,cold_sequence40,42,lipid_ssl,rbf,ucb_balanced,4,120,1.759321789643344,1.6994066135538755,-0.019535539783768652,0.7727272727272727,0.9090909090909091,0.606060606060606,results/adaptation_study/runs/biodolphin_Ki/cold_sequence40/lipid_ssl/rbf/ucb_balanced/seed42.json,228,0
biodolphin_Ki,cold_sequence40,42,lipid_ssl,rbf,thompson,4,120,1.7388796935217978,1.7493492185751622,-0.04888324608596073,0.7454545454545455,0.8333333333333334,0.48674242424242414,results/adaptation_study/runs/biodolphin_Ki/cold_sequence40/lipid_ssl/rbf/thompson/seed42.json,228,0
biodolphin_Ki,cold_sequence40,42,lipid_ssl,rbf,prediction_aware_thompson,4,120,1.7813288726234473,1.6426266460581047,0.02015324789089623,0.6818181818181818,0.803030303030303,0.5776515151515151,results/adaptation_study/runs/biodolphin_Ki/cold_sequence40/lipid_ssl/rbf/prediction_aware_thompson/seed42.json,228,0
biodolphin_Ki,cold_sequence40,42,lipid_ssl,rbf,variance_reduction,4,120,1.70965060706781,1.7411120498909671,-0.05738360758836403,0.7363636363636363,0.7727272727272727,0.5284090909090909,results/adaptation_study/runs/biodolphin_Ki/cold_sequence40/lipid_ssl/rbf/variance_reduction/seed42.json,228,0
biodolphin_Ki,cold_sequence40,42,lipid_ssl,matern32,random,4,120,1.5941800067572527,1.6635285966933089,0.05427825638941797,0.7,0.4696969696969697,0.2443181818181818,results/adaptation_study/runs/biodolphin_Ki/cold_sequence40/lipid_ssl/matern32/random/seed42.json,228,0
biodolphin_Ki,cold_sequence40,42,lipid_ssl,matern32,uncertainty,4,120,1.8632716124770483,1.6933275029523904,-0.021522537865297453,0.8181818181818182,0.045454545454545456,0.03977272727272727,results/adaptation_study/runs/biodolphin_Ki/cold_sequence40/lipid_ssl/matern32/uncertainty/seed42.json,228,0
biodolphin_Ki,cold_sequence40,42,lipid_ssl,matern32,ucb_balanced,4,120,1.51916324621683,1.7381059694522984,-0.11534080998770202,0.8818181818181818,0.9090909090909091,0.5909090909090908,results/adaptation_study/runs/biodolphin_Ki/cold_sequence40/lipid_ssl/matern32/ucb_balanced/seed42.json,228,0
biodolphin_Ki,cold_sequence40,42,lipid_ssl,matern32,thompson,4,120,1.6712749827414415,1.6823500617507623,-0.008568000869165981,0.9272727272727272,0.803030303030303,0.4753787878787879,results/adaptation_study/runs/biodolphin_Ki/cold_sequence40/lipid_ssl/matern32/thompson/seed42.json,228,0
biodolphin_Ki,cold_sequence40,42,lipid_ssl,matern32,prediction_aware_thompson,4,120,1.7284782639776868,1.719045239423545,-0.03455356521766273,0.6909090909090909,0.7878787878787878,0.5075757575757576,results/adaptation_study/runs/biodolphin_Ki/cold_sequence40/lipid_ssl/matern32/prediction_aware_thompson/seed42.json,228,0
biodolphin_Ki,cold_sequence40,42,lipid_ssl,matern32,variance_reduction,4,120,1.7812848675472432,1.6984451357827928,-0.013511848267974358,0.6636363636363637,0.7575757575757576,0.4128787878787879,results/adaptation_study/runs/biodolphin_Ki/cold_sequence40/lipid_ssl/matern32/variance_reduction/seed42.json,228,0
biodolphin_Ki,cold_sequence40,42,initial_label_adapter,linear,random,4,120,1.8180506490230213,1.8323918518115236,-0.0354952974945173,0.7454545454545455,0.4696969696969697,0.2443181818181818,results/adaptation_study/runs/biodolphin_Ki/cold_sequence40/initial_label_adapter/linear/random/seed42.json,228,0
biodolphin_Ki,cold_sequence40,42,initial_label_adapter,linear,uncertainty,4,120,1.2120464950130112,1.9035219739749645,-0.22726833970278726,0.7727272727272727,0.12121212121212122,0.10984848484848486,results/adaptation_study/runs/biodolphin_Ki/cold_sequence40/initial_label_adapter/linear/uncertainty/seed42.json,228,0
biodolphin_Ki,cold_sequence40,42,initial_label_adapter,linear,ucb_balanced,4,120,1.3700822256090188,1.7989245741604534,-0.13113463890069,0.7727272727272727,0.8181818181818182,0.39015151515151514,results/adaptation_study/runs/biodolphin_Ki/cold_sequence40/initial_label_adapter/linear/ucb_balanced/seed42.json,228,0
biodolphin_Ki,cold_sequence40,42,initial_label_adapter,linear,thompson,4,120,1.4636083364201797,1.8757900872529691,-0.1283508805410467,0.7363636363636363,0.7121212121212122,0.3693181818181818,results/adaptation_study/runs/biodolphin_Ki/cold_sequence40/initial_label_adapter/linear/thompson/seed42.json,228,0
biodolphin_Ki,cold_sequence40,42,initial_label_adapter,linear,prediction_aware_thompson,4,120,1.5621689384630957,2.3090171337917935,-0.7565467846910847,0.8909090909090909,0.42424242424242425,0.2840909090909091,results/adaptation_study/runs/biodolphin_Ki/cold_sequence40/initial_label_adapter/linear/prediction_aware_thompson/seed42.json,228,0
biodolphin_Ki,cold_sequence40,42,initial_label_adapter,linear,variance_reduction,4,120,1.4203695619573014,1.8412530261830233,-0.17485457948527472,0.7818181818181819,0.24242424242424243,0.196969696969697,results/adaptation_study/runs/biodolphin_Ki/cold_sequence40/initial_label_adapter/linear/variance_reduction/seed42.json,228,0
biodolphin_Ki,cold_sequence40,42,initial_label_adapter,rbf,random,4,120,1.7773635504359289,1.6896998244550978,-0.0020006290427778683,0.7363636363636363,0.4696969696969697,0.2443181818181818,results/adaptation_study/runs/biodolphin_Ki/cold_sequence40/initial_label_adapter/rbf/random/seed42.json,228,0
biodolphin_Ki,cold_sequence40,42,initial_label_adapter,rbf,uncertainty,4,120,1.799576751598877,1.680595255490856,-0.00943938248862164,0.7727272727272727,0.06060606060606061,0.04545454545454545,results/adaptation_study/runs/biodolphin_Ki/cold_sequence40/initial_label_adapter/rbf/uncertainty/seed42.json,228,0
biodolphin_Ki,cold_sequence40,42,initial_label_adapter,rbf,ucb_balanced,4,120,1.750921911602423,1.7033717617441517,-0.023041509820102002,0.9,0.9090909090909091,0.606060606060606,results/adaptation_study/runs/biodolphin_Ki/cold_sequence40/initial_label_adapter/rbf/ucb_balanced/seed42.json,228,0
biodolphin_Ki,cold_sequence40,42,initial_label_adapter,rbf,thompson,4,120,1.7388286104872146,1.7493100810116886,-0.048853661993699005,0.7454545454545455,0.8333333333333334,0.48674242424242414,results/adaptation_study/runs/biodolphin_Ki/cold_sequence40/initial_label_adapter/rbf/thompson/seed42.json,228,0
biodolphin_Ki,cold_sequence40,42,initial_label_adapter,rbf,prediction_aware_thompson,4,120,1.7600330303102836,1.6893547950240273,-0.021367356918549518,0.7272727272727273,0.8181818181818182,0.5795454545454546,results/adaptation_study/runs/biodolphin_Ki/cold_sequence40/initial_label_adapter/rbf/prediction_aware_thompson/seed42.json,228,0
biodolphin_Ki,cold_sequence40,42,initial_label_adapter,rbf,variance_reduction,4,120,1.7158329637002028,1.7238180609497369,-0.04175440163360067,0.7363636363636363,0.7727272727272727,0.5284090909090909,results/adaptation_study/runs/biodolphin_Ki/cold_sequence40/initial_label_adapter/rbf/variance_reduction/seed42.json,228,0
biodolphin_Ki,cold_sequence40,42,initial_label_adapter,matern32,random,4,120,1.5970713731646156,1.668818141684843,0.050883632038748794,0.7,0.4696969696969697,0.2443181818181818,results/adaptation_study/runs/biodolphin_Ki/cold_sequence40/initial_label_adapter/matern32/random/seed42.json,228,0
biodolphin_Ki,cold_sequence40,42,initial_label_adapter,matern32,uncertainty,4,120,1.8537622576203323,1.7016779395406825,-0.024367102661148943,0.8181818181818182,0.045454545454545456,0.03977272727272727,results/adaptation_study/runs/biodolphin_Ki/cold_sequence40/initial_label_adapter/matern32/uncertainty/seed42.json,228,0
biodolphin_Ki,cold_sequence40,42,initial_label_adapter,matern32,ucb_balanced,4,120,1.5096729747141373,1.7363785139949244,-0.11456158226145496,0.8818181818181818,0.9242424242424242,0.5928030303030303,results/adaptation_study/runs/biodolphin_Ki/cold_sequence40/initial_label_adapter/matern32/ucb_balanced/seed42.json,228,0
biodolphin_Ki,cold_sequence40,42,initial_label_adapter,matern32,thompson,4,120,1.6763786811638783,1.6825909208255954,-0.007638540598285282,0.9272727272727272,0.803030303030303,0.4753787878787879,results/adaptation_study/runs/biodolphin_Ki/cold_sequence40/initial_label_adapter/matern32/thompson/seed42.json,228,0
biodolphin_Ki,cold_sequence40,42,initial_label_adapter,matern32,prediction_aware_thompson,4,120,1.6942981166366093,1.7257670237241245,-0.03946013372159651,0.7363636363636363,0.7878787878787878,0.5113636363636364,results/adaptation_study/runs/biodolphin_Ki/cold_sequence40/initial_label_adapter/matern32/prediction_aware_thompson/seed42.json,228,0
biodolphin_Ki,cold_sequence40,42,initial_label_adapter,matern32,variance_reduction,4,120,1.787869610301929,1.6947255333822424,-0.010673612158258017,0.6636363636363637,0.7575757575757576,0.4128787878787879,results/adaptation_study/runs/biodolphin_Ki/cold_sequence40/initial_label_adapter/matern32/variance_reduction/seed42.json,228,0
biodolphin_Ki,cold_sequence40,73,frozen_mlm,linear,random,4,120,2.3288637319932595,1.4066688607710862,-0.3804805576939536,0.8272727272727273,0.31343283582089554,0.19402985074626866,results/robust_study_v2/runs/biodolphin_Ki/cold_sequence40/esm2_35m/chemberta_mlm/linear/random/seed73.json,208,0
biodolphin_Ki,cold_sequence40,73,frozen_mlm,linear,uncertainty,4,120,1.882986835922322,1.2815291639599053,-0.2556610725637074,0.9272727272727272,0.16417910447761194,0.15298507462686564,results/robust_study_v2/runs/biodolphin_Ki/cold_sequence40/esm2_35m/chemberta_mlm/linear/uncertainty/seed73.json,208,0
biodolphin_Ki,cold_sequence40,73,frozen_mlm,linear,ucb_balanced,4,120,1.9567403529479663,1.1925785634907966,-0.1793495137091241,0.9818181818181818,0.6865671641791045,0.333955223880597,results/robust_study_v2/runs/biodolphin_Ki/cold_sequence40/esm2_35m/chemberta_mlm/linear/ucb_balanced/seed73.json,208,0
biodolphin_Ki,cold_sequence40,73,frozen_mlm,linear,thompson,4,120,2.4114025381340096,1.19770932986385,-0.22241473985759042,0.8363636363636363,0.7611940298507462,0.38805970149253727,results/robust_study_v2/runs/biodolphin_Ki/cold_sequence40/esm2_35m/chemberta_mlm/linear/thompson/seed73.json,208,0
biodolphin_Ki,cold_sequence40,73,frozen_mlm,linear,prediction_aware_thompson,4,120,1.8578069364695173,1.3265911316367798,-0.2623602116726331,0.9454545454545454,0.208955223880597,0.13992537313432835,results/robust_study_v2/runs/biodolphin_Ki/cold_sequence40/esm2_35m/chemberta_mlm/linear/prediction_aware_thompson/seed73.json,208,0
biodolphin_Ki,cold_sequence40,73,frozen_mlm,linear,variance_reduction,4,120,1.9134138530381442,1.316715030892264,-0.2496966106390095,0.9636363636363636,0.13432835820895522,0.09701492537313432,results/robust_study_v2/runs/biodolphin_Ki/cold_sequence40/esm2_35m/chemberta_mlm/linear/variance_reduction/seed73.json,208,0
biodolphin_Ki,cold_sequence40,73,frozen_mlm,rbf,random,4,120,2.1490852727156184,1.276664692813827,-0.23341050129088914,0.7727272727272727,0.31343283582089554,0.19402985074626866,results/robust_study_v2/runs/biodolphin_Ki/cold_sequence40/esm2_35m/chemberta_mlm/rbf/random/seed73.json,208,0
biodolphin_Ki,cold_sequence40,73,frozen_mlm,rbf,uncertainty,4,120,1.910974644686442,1.0475640114599745,-0.12290091119301905,0.9545454545454546,0.16417910447761194,0.13059701492537312,results/robust_study_v2/runs/biodolphin_Ki/cold_sequence40/esm2_35m/chemberta_mlm/rbf/uncertainty/seed73.json,208,0
biodolphin_Ki,cold_sequence40,73,frozen_mlm,rbf,ucb_balanced,4,120,1.9560985833362308,1.0221290235745952,0.07222765027022593,0.9818181818181818,0.7910447761194029,0.4141791044776119,results/robust_study_v2/runs/biodolphin_Ki/cold_sequence40/esm2_35m/chemberta_mlm/rbf/ucb_balanced/seed73.json,208,0
biodolphin_Ki,cold_sequence40,73,frozen_mlm,rbf,thompson,4,120,2.03871957835455,1.1327764246005465,-0.08330602759235739,0.9727272727272728,0.8656716417910447,0.4458955223880598,results/robust_study_v2/runs/biodolphin_Ki/cold_sequence40/esm2_35m/chemberta_mlm/rbf/thompson/seed73.json,208,0
biodolphin_Ki,cold_sequence40,73,frozen_mlm,rbf,prediction_aware_thompson,4,120,1.8205763552904253,1.3435180664679898,-0.5384093751219976,0.7909090909090909,0.5074626865671642,0.17723880597014927,results/robust_study_v2/runs/biodolphin_Ki/cold_sequence40/esm2_35m/chemberta_mlm/rbf/prediction_aware_thompson/seed73.json,208,0
biodolphin_Ki,cold_sequence40,73,frozen_mlm,rbf,variance_reduction,4,120,1.8753543515389905,1.2321411002320133,-0.3421028903555292,0.9181818181818182,0.1044776119402985,0.08208955223880597,results/robust_study_v2/runs/biodolphin_Ki/cold_sequence40/esm2_35m/chemberta_mlm/rbf/variance_reduction/seed73.json,208,0
biodolphin_Ki,cold_sequence40,73,frozen_mlm,matern32,random,4,120,2.069781310482622,1.264760518050453,-0.23565234295382886,0.7727272727272727,0.31343283582089554,0.19402985074626866,results/robust_study_v2/runs/biodolphin_Ki/cold_sequence40/esm2_35m/chemberta_mlm/matern32/random/seed73.json,208,0
biodolphin_Ki,cold_sequence40,73,frozen_mlm,matern32,uncertainty,4,120,1.8932273476025487,1.063691427051544,-0.14716105849246608,0.9545454545454546,0.16417910447761194,0.10820895522388059,results/robust_study_v2/runs/biodolphin_Ki/cold_sequence40/esm2_35m/chemberta_mlm/matern32/uncertainty/seed73.json,208,0
biodolphin_Ki,cold_sequence40,73,frozen_mlm,matern32,ucb_balanced,4,120,1.9856095550271584,1.0750737420133016,-0.017371185561454228,0.9818181818181818,0.7761194029850746,0.416044776119403,results/robust_study_v2/runs/biodolphin_Ki/cold_sequence40/esm2_35m/chemberta_mlm/matern32/ucb_balanced/seed73.json,208,0
biodolphin_Ki,cold_sequence40,73,frozen_mlm,matern32,thompson,4,120,1.9456356153013603,1.149554330419469,-0.12349356310826165,0.9727272727272728,0.8656716417910447,0.4608208955223881,results/robust_study_v2/runs/biodolphin_Ki/cold_sequence40/esm2_35m/chemberta_mlm/matern32/thompson/seed73.json,208,0
biodolphin_Ki,cold_sequence40,73,frozen_mlm,matern32,prediction_aware_thompson,4,120,1.828972490778103,1.326833649199108,-0.26348209948294943,0.8272727272727273,0.22388059701492538,0.1343283582089552,results/robust_study_v2/runs/biodolphin_Ki/cold_sequence40/esm2_35m/chemberta_mlm/matern32/prediction_aware_thompson/seed73.json,208,0
biodolphin_Ki,cold_sequence40,73,frozen_mlm,matern32,variance_reduction,4,120,1.9284598514062177,1.2039137508751543,-0.1704290800734649,0.9545454545454546,0.08955223880597014,0.07649253731343282,results/robust_study_v2/runs/biodolphin_Ki/cold_sequence40/esm2_35m/chemberta_mlm/matern32/variance_reduction/seed73.json,208,0
biodolphin_Ki,cold_sequence40,73,lipid_ssl,linear,random,4,120,2.397137234628575,1.3816324824466388,-0.3446112676491042,0.8272727272727273,0.31343283582089554,0.19402985074626866,results/adaptation_study/runs/biodolphin_Ki/cold_sequence40/lipid_ssl/linear/random/seed73.json,208,0
biodolphin_Ki,cold_sequence40,73,lipid_ssl,linear,uncertainty,4,120,1.8595876101939455,1.254609687111588,-0.2857350177198581,0.9545454545454546,0.16417910447761194,0.15298507462686564,results/adaptation_study/runs/biodolphin_Ki/cold_sequence40/lipid_ssl/linear/uncertainty/seed73.json,208,0
biodolphin_Ki,cold_sequence40,73,lipid_ssl,linear,ucb_balanced,4,120,1.9304625676246083,1.2675397066399265,-0.3283980272623497,0.9818181818181818,0.582089552238806,0.3208955223880597,results/adaptation_study/runs/biodolphin_Ki/cold_sequence40/lipid_ssl/linear/ucb_balanced/seed73.json,208,0
biodolphin_Ki,cold_sequence40,73,lipid_ssl,linear,thompson,4,120,1.99943674109116,1.0925639219502903,-0.007875178013684092,0.990909090909091,0.746268656716418,0.4123134328358209,results/adaptation_study/runs/biodolphin_Ki/cold_sequence40/lipid_ssl/linear/thompson/seed73.json,208,0
biodolphin_Ki,cold_sequence40,73,lipid_ssl,linear,prediction_aware_thompson,4,120,1.9373666611254095,1.322797182487978,-0.29215946376394175,0.9636363636363636,0.22388059701492538,0.13059701492537312,results/adaptation_study/runs/biodolphin_Ki/cold_sequence40/lipid_ssl/linear/prediction_aware_thompson/seed73.json,208,0
biodolphin_Ki,cold_sequence40,73,lipid_ssl,linear,variance_reduction,4,120,1.9282456884092185,1.337498543608411,-0.2907416669934979,0.9636363636363636,0.13432835820895522,0.09328358208955223,results/adaptation_study/runs/biodolphin_Ki/cold_sequence40/lipid_ssl/linear/variance_reduction/seed73.json,208,0
biodolphin_Ki,cold_sequence40,73,lipid_ssl,rbf,random,4,120,2.1777080659627375,1.2614220607630933,-0.2081627452502519,0.7727272727272727,0.31343283582089554,0.19402985074626866,results/adaptation_study/runs/biodolphin_Ki/cold_sequence40/lipid_ssl/rbf/random/seed73.json,208,0
biodolphin_Ki,cold_sequence40,73,lipid_ssl,rbf,uncertainty,4,120,1.8099340834286275,1.2405913580787655,-0.4252834195643158,0.9181818181818182,0.19402985074626866,0.13432835820895522,results/adaptation_study/runs/biodolphin_Ki/cold_sequence40/lipid_ssl/rbf/uncertainty/seed73.json,208,0
biodolphin_Ki,cold_sequence40,73,lipid_ssl,rbf,ucb_balanced,4,120,1.942895192493709,1.0885476938514347,-0.00794362492348255,0.9818181818181818,0.7611940298507462,0.3656716417910448,results/adaptation_study/runs/biodolphin_Ki/cold_sequence40/lipid_ssl/rbf/ucb_balanced/seed73.json,208,0
biodolphin_Ki,cold_sequence40,73,lipid_ssl,rbf,thompson,4,120,1.8043319695915891,1.2754278068931943,-0.5502382037674489,0.9272727272727272,0.7910447761194029,0.39552238805970147,results/adaptation_study/runs/biodolphin_Ki/cold_sequence40/lipid_ssl/rbf/thompson/seed73.json,208,0
biodolphin_Ki,cold_sequence40,73,lipid_ssl,rbf,prediction_aware_thompson,4,120,1.7948807102993343,1.3500368328002565,-0.5717226007654566,0.8181818181818182,0.5074626865671642,0.17350746268656717,results/adaptation_study/runs/biodolphin_Ki/cold_sequence40/lipid_ssl/rbf/prediction_aware_thompson/seed73.json,208,0
biodolphin_Ki,cold_sequence40,73,lipid_ssl,rbf,variance_reduction,4,120,1.8506871436948726,1.3125183652177081,-0.5068066811481506,0.7818181818181819,0.08955223880597014,0.08022388059701492,results/adaptation_study/runs/biodolphin_Ki/cold_sequence40/lipid_ssl/rbf/variance_reduction/seed73.json,208,0
biodolphin_Ki,cold_sequence40,73,lipid_ssl,matern32,random,4,120,2.0906776499143436,1.253372113438828,-0.2155953134149844,0.7727272727272727,0.31343283582089554,0.19402985074626866,results/adaptation_study/runs/biodolphin_Ki/cold_sequence40/lipid_ssl/matern32/random/seed73.json,208,0
biodolphin_Ki,cold_sequence40,73,lipid_ssl,matern32,uncertainty,4,120,1.9343636050236874,1.1524398570286967,-0.086649780077517,0.9636363636363636,0.16417910447761194,0.10820895522388059,results/adaptation_study/runs/biodolphin_Ki/cold_sequence40/lipid_ssl/matern32/uncertainty/seed73.json,208,0
biodolphin_Ki,cold_sequence40,73,lipid_ssl,matern32,ucb_balanced,4,120,1.9741269818132527,1.1047891338967089,-0.03674950859485726,0.9818181818181818,0.7164179104477612,0.34888059701492535,results/adaptation_study/runs/biodolphin_Ki/cold_sequence40/lipid_ssl/matern32/ucb_balanced/seed73.json,208,0
biodolphin_Ki,cold_sequence40,73,lipid_ssl,matern32,thompson,4,120,1.9570807192863682,1.144702533831624,-0.1213980235618175,0.9727272727272728,0.8656716417910447,0.4608208955223881,results/adaptation_study/runs/biodolphin_Ki/cold_sequence40/lipid_ssl/matern32/thompson/seed73.json,208,0
biodolphin_Ki,cold_sequence40,73,lipid_ssl,matern32,prediction_aware_thompson,4,120,1.8419922464863496,1.2780231410337186,-0.21622489690620306,0.8090909090909091,0.26865671641791045,0.1548507462686567,results/adaptation_study/runs/biodolphin_Ki/cold_sequence40/lipid_ssl/matern32/prediction_aware_thompson/seed73.json,208,0
biodolphin_Ki,cold_sequence40,73,lipid_ssl,matern32,variance_reduction,4,120,1.9349389758264264,1.1589376087684065,-0.13399213652048036,0.9545454545454546,0.08955223880597014,0.07649253731343282,results/adaptation_study/runs/biodolphin_Ki/cold_sequence40/lipid_ssl/matern32/variance_reduction/seed73.json,208,0
biodolphin_Ki,cold_sequence40,73,initial_label_adapter,linear,random,4,120,2.3282676189737264,1.4063523890102012,-0.3798425338175144,0.8272727272727273,0.31343283582089554,0.19402985074626866,results/adaptation_study/runs/biodolphin_Ki/cold_sequence40/initial_label_adapter/linear/random/seed73.json,208,0
biodolphin_Ki,cold_sequence40,73,initial_label_adapter,linear,uncertainty,4,120,1.8831505988827095,1.281535787404516,-0.2557052739674124,0.9272727272727272,0.16417910447761194,0.15298507462686564,results/adaptation_study/runs/biodolphin_Ki/cold_sequence40/initial_label_adapter/linear/uncertainty/seed73.json,208,0
biodolphin_Ki,cold_sequence40,73,initial_label_adapter,linear,ucb_balanced,4,120,1.956477938398426,1.190675350161498,-0.17558434532537204,0.9818181818181818,0.6716417910447762,0.33208955223880593,results/adaptation_study/runs/biodolphin_Ki/cold_sequence40/initial_label_adapter/linear/ucb_balanced/seed73.json,208,0
biodolphin_Ki,cold_sequence40,73,initial_label_adapter,linear,thompson,4,120,2.4116483438672685,1.197172802866472,-0.221888864230805,0.8363636363636363,0.7611940298507462,0.38805970149253727,results/adaptation_study/runs/biodolphin_Ki/cold_sequence40/initial_label_adapter/linear/thompson/seed73.json,208,0
biodolphin_Ki,cold_sequence40,73,initial_label_adapter,linear,prediction_aware_thompson,4,120,1.9038950028686863,1.2693852979844542,-0.17545701772167366,0.9636363636363636,0.208955223880597,0.15111940298507462,results/adaptation_study/runs/biodolphin_Ki/cold_sequence40/initial_label_adapter/linear/prediction_aware_thompson/seed73.json,208,0
biodolphin_Ki,cold_sequence40,73,initial_label_adapter,linear,variance_reduction,4,120,1.913407704052962,1.3167206954998376,-0.2498492987942229,0.9636363636363636,0.13432835820895522,0.09701492537313432,results/adaptation_study/runs/biodolphin_Ki/cold_sequence40/initial_label_adapter/linear/variance_reduction/seed73.json,208,0
biodolphin_Ki,cold_sequence40,73,initial_label_adapter,rbf,random,4,120,2.148880121687048,1.2765503473683635,-0.23317570128743093,0.7727272727272727,0.31343283582089554,0.19402985074626866,results/adaptation_study/runs/biodolphin_Ki/cold_sequence40/initial_label_adapter/rbf/random/seed73.json,208,0
biodolphin_Ki,cold_sequence40,73,initial_label_adapter,rbf,uncertainty,4,120,1.9109660342767087,1.0475679206069923,-0.12290837058955018,0.9545454545454546,0.16417910447761194,0.13059701492537312,results/adaptation_study/runs/biodolphin_Ki/cold_sequence40/initial_label_adapter/rbf/uncertainty/seed73.json,208,0
biodolphin_Ki,cold_sequence40,73,initial_label_adapter,rbf,ucb_balanced,4,120,1.9564567653356684,1.0222034387912051,0.07215925492809794,0.9818181818181818,0.7910447761194029,0.4141791044776119,results/adaptation_study/runs/biodolphin_Ki/cold_sequence40/initial_label_adapter/rbf/ucb_balanced/seed73.json,208,0
biodolphin_Ki,cold_sequence40,73,initial_label_adapter,rbf,thompson,4,120,2.039064388134774,1.132664532462979,-0.0831087120851286,0.9727272727272728,0.8656716417910447,0.4458955223880598,results/adaptation_study/runs/biodolphin_Ki/cold_sequence40/initial_label_adapter/rbf/thompson/seed73.json,208,0
biodolphin_Ki,cold_sequence40,73,initial_label_adapter,rbf,prediction_aware_thompson,4,120,1.8047594647502485,1.3641514104204362,-0.5781378498870888,0.7909090909090909,0.5373134328358209,0.1958955223880597,results/adaptation_study/runs/biodolphin_Ki/cold_sequence40/initial_label_adapter/rbf/prediction_aware_thompson/seed73.json,208,0
biodolphin_Ki,cold_sequence40,73,initial_label_adapter,rbf,variance_reduction,4,120,1.8753491436373968,1.2321349531224286,-0.34207584416981596,0.9181818181818182,0.1044776119402985,0.08208955223880597,results/adaptation_study/runs/biodolphin_Ki/cold_sequence40/initial_label_adapter/rbf/variance_reduction/seed73.json,208,0
biodolphin_Ki,cold_sequence40,73,initial_label_adapter,matern32,random,4,120,2.0696237315924595,1.2647059084287915,-0.23553293065354164,0.7727272727272727,0.31343283582089554,0.19402985074626866,results/adaptation_study/runs/biodolphin_Ki/cold_sequence40/initial_label_adapter/matern32/random/seed73.json,208,0
biodolphin_Ki,cold_sequence40,73,initial_label_adapter,matern32,uncertainty,4,120,1.8932122292844162,1.0637027216398063,-0.14717890677260814,0.9545454545454546,0.16417910447761194,0.10820895522388059,results/adaptation_study/runs/biodolphin_Ki/cold_sequence40/initial_label_adapter/matern32/uncertainty/seed73.json,208,0
biodolphin_Ki,cold_sequence40,73,initial_label_adapter,matern32,ucb_balanced,4,120,1.9858673098920563,1.075068906491018,-0.017402636380908554,0.9818181818181818,0.7761194029850746,0.416044776119403,results/adaptation_study/runs/biodolphin_Ki/cold_sequence40/initial_label_adapter/matern32/ucb_balanced/seed73.json,208,0
biodolphin_Ki,cold_sequence40,73,initial_label_adapter,matern32,thompson,4,120,1.945866026103377,1.1495574201963306,-0.12345715475093821,0.9727272727272728,0.8656716417910447,0.4608208955223881,results/adaptation_study/runs/biodolphin_Ki/cold_sequence40/initial_label_adapter/matern32/thompson/seed73.json,208,0
biodolphin_Ki,cold_sequence40,73,initial_label_adapter,matern32,prediction_aware_thompson,4,120,1.896783794593312,1.2762911244080732,-0.2581622731274984,0.9545454545454546,0.26865671641791045,0.13992537313432835,results/adaptation_study/runs/biodolphin_Ki/cold_sequence40/initial_label_adapter/matern32/prediction_aware_thompson/seed73.json,208,0
biodolphin_Ki,cold_sequence40,73,initial_label_adapter,matern32,variance_reduction,4,120,1.9284934247935672,1.203836152287307,-0.17028707042281388,0.9545454545454546,0.08955223880597014,0.07649253731343282,results/adaptation_study/runs/biodolphin_Ki/cold_sequence40/initial_label_adapter/matern32/variance_reduction/seed73.json,208,0
biodolphin_Ki,cold_sequence40,101,frozen_mlm,linear,random,4,120,1.7947751694688634,1.02452715034443,-0.18675465994311646,0.9545454545454546,0.20512820512820512,0.1346153846153846,results/robust_study_v2/runs/biodolphin_Ki/cold_sequence40/esm2_35m/chemberta_mlm/linear/random/seed101.json,208,0
biodolphin_Ki,cold_sequence40,101,frozen_mlm,linear,uncertainty,4,120,1.58902554242606,1.0248197146818545,-0.0664421851885606,1.0,0.15384615384615385,0.10256410256410257,results/robust_study_v2/runs/biodolphin_Ki/cold_sequence40/esm2_35m/chemberta_mlm/linear/uncertainty/seed101.json,208,0
biodolphin_Ki,cold_sequence40,101,frozen_mlm,linear,ucb_balanced,4,120,1.9374708828380058,1.7884870082806958,-2.037589380364838,0.9090909090909091,0.6666666666666666,0.4038461538461538,results/robust_study_v2/runs/biodolphin_Ki/cold_sequence40/esm2_35m/chemberta_mlm/linear/ucb_balanced/seed101.json,208,0
biodolphin_Ki,cold_sequence40,101,frozen_mlm,linear,thompson,4,120,2.0835618928632056,1.7317196403856578,-1.9261558446955638,0.7636363636363637,0.48717948717948717,0.22115384615384615,results/robust_study_v2/runs/biodolphin_Ki/cold_sequence40/esm2_35m/chemberta_mlm/linear/thompson/seed101.json,208,0
biodolphin_Ki,cold_sequence40,101,frozen_mlm,linear,prediction_aware_thompson,4,120,1.7859096167080677,1.1145627690405118,-0.18061074937705834,0.9818181818181818,0.3333333333333333,0.15705128205128202,results/robust_study_v2/runs/biodolphin_Ki/cold_sequence40/esm2_35m/chemberta_mlm/linear/prediction_aware_thompson/seed101.json,208,0
biodolphin_Ki,cold_sequence40,101,frozen_mlm,linear,variance_reduction,4,120,1.6686918677762925,1.0341914719466465,-0.05563111197783299,0.990909090909091,0.20512820512820512,0.09615384615384615,results/robust_study_v2/runs/biodolphin_Ki/cold_sequence40/esm2_35m/chemberta_mlm/linear/variance_reduction/seed101.json,208,0
biodolphin_Ki,cold_sequence40,101,frozen_mlm,rbf,random,4,120,1.7006180926374326,1.0616284348500682,-0.1957849088937904,0.9454545454545454,0.20512820512820512,0.1346153846153846,results/robust_study_v2/runs/biodolphin_Ki/cold_sequence40/esm2_35m/chemberta_mlm/rbf/random/seed101.json,208,0
biodolphin_Ki,cold_sequence40,101,frozen_mlm,rbf,uncertainty,4,120,2.162101092555238,1.5379264077122403,-1.449037264473406,0.9363636363636364,0.28205128205128205,0.11858974358974357,results/robust_study_v2/runs/biodolphin_Ki/cold_sequence40/esm2_35m/chemberta_mlm/rbf/uncertainty/seed101.json,208,0
biodolphin_Ki,cold_sequence40,101,frozen_mlm,rbf,ucb_balanced,4,120,1.9534243842161088,1.2983395107924067,-0.7498828786576748,0.9454545454545454,0.5384615384615384,0.375,results/robust_study_v2/runs/biodolphin_Ki/cold_sequence40/esm2_35m/chemberta_mlm/rbf/ucb_balanced/seed101.json,208,0
biodolphin_Ki,cold_sequence40,101,frozen_mlm,rbf,thompson,4,120,1.8929229574083977,1.1491940881654845,-0.39723797373888314,0.9727272727272728,0.46153846153846156,0.1794871794871795,results/robust_study_v2/runs/biodolphin_Ki/cold_sequence40/esm2_35m/chemberta_mlm/rbf/thompson/seed101.json,208,0
biodolphin_Ki,cold_sequence40,101,frozen_mlm,rbf,prediction_aware_thompson,4,120,1.943700356804144,1.3851799417775479,-0.9967344911135885,0.7818181818181819,0.48717948717948717,0.2403846153846154,results/robust_study_v2/runs/biodolphin_Ki/cold_sequence40/esm2_35m/chemberta_mlm/rbf/prediction_aware_thompson/seed101.json,208,0
biodolphin_Ki,cold_sequence40,101,frozen_mlm,rbf,variance_reduction,4,120,1.6189635761756933,1.0942459202340036,-0.1016742620490112,1.0,0.1282051282051282,0.0673076923076923,results/robust_study_v2/runs/biodolphin_Ki/cold_sequence40/esm2_35m/chemberta_mlm/rbf/variance_reduction/seed101.json,208,0
biodolphin_Ki,cold_sequence40,101,frozen_mlm,matern32,random,4,120,1.6676753561973918,1.0886283448634944,-0.1947371322742273,0.9272727272727272,0.20512820512820512,0.1346153846153846,results/robust_study_v2/runs/biodolphin_Ki/cold_sequence40/esm2_35m/chemberta_mlm/matern32/random/seed101.json,208,0
biodolphin_Ki,cold_sequence40,101,frozen_mlm,matern32,uncertainty,4,120,1.6020355063934715,1.0381750685838538,-0.07685378917675378,1.0,0.10256410256410256,0.08333333333333333,results/robust_study_v2/runs/biodolphin_Ki/cold_sequence40/esm2_35m/chemberta_mlm/matern32/uncertainty/seed101.json,208,0
biodolphin_Ki,cold_sequence40,101,frozen_mlm,matern32,ucb_balanced,4,120,2.027723336969507,1.3034686542613694,-0.6616411165680862,0.9454545454545454,0.5897435897435898,0.32371794871794873,results/robust_study_v2/runs/biodolphin_Ki/cold_sequence40/esm2_35m/chemberta_mlm/matern32/ucb_balanced/seed101.json,208,0
biodolphin_Ki,cold_sequence40,101,frozen_mlm,matern32,thompson,4,120,1.8236446600157294,1.122144319469431,-0.3752171151111321,0.9363636363636364,0.5641025641025641,0.2692307692307692,results/robust_study_v2/runs/biodolphin_Ki/cold_sequence40/esm2_35m/chemberta_mlm/matern32/thompson/seed101.json,208,0
biodolphin_Ki,cold_sequence40,101,frozen_mlm,matern32,prediction_aware_thompson,4,120,1.7555009897694673,1.116118318842407,-0.30052058520266156,0.9636363636363636,0.3333333333333333,0.1762820512820513,results/robust_study_v2/runs/biodolphin_Ki/cold_sequence40/esm2_35m/chemberta_mlm/matern32/prediction_aware_thompson/seed101.json,208,0
biodolphin_Ki,cold_sequence40,101,frozen_mlm,matern32,variance_reduction,4,120,1.5323114889421177,1.0103876318711853,-0.06580407636024566,0.990909090909091,0.1282051282051282,0.060897435897435896,results/robust_study_v2/runs/biodolphin_Ki/cold_sequence40/esm2_35m/chemberta_mlm/matern32/variance_reduction/seed101.json,208,0
biodolphin_Ki,cold_sequence40,101,lipid_ssl,linear,random,4,120,1.8000272186611672,1.0061833993910267,-0.1559751453091054,0.9727272727272728,0.20512820512820512,0.1346153846153846,results/adaptation_study/runs/biodolphin_Ki/cold_sequence40/lipid_ssl/linear/random/seed101.json,208,0
biodolphin_Ki,cold_sequence40,101,lipid_ssl,linear,uncertainty,4,120,1.548331368568499,1.0385411940046017,-0.13637118790840685,1.0,0.1282051282051282,0.10576923076923077,results/adaptation_study/runs/biodolphin_Ki/cold_sequence40/lipid_ssl/linear/uncertainty/seed101.json,208,0
biodolphin_Ki,cold_sequence40,101,lipid_ssl,linear,ucb_balanced,4,120,1.9888859771635377,1.607076613575336,-1.571966158802252,0.9363636363636364,0.6153846153846154,0.38461538461538464,results/adaptation_study/runs/biodolphin_Ki/cold_sequence40/lipid_ssl/linear/ucb_balanced/seed101.json,208,0
biodolphin_Ki,cold_sequence40,101,lipid_ssl,linear,thompson,4,120,1.8457856675319768,1.5816274340989147,-1.3003165993920325,0.8454545454545455,0.5897435897435898,0.266025641025641,results/adaptation_study/runs/biodolphin_Ki/cold_sequence40/lipid_ssl/linear/thompson/seed101.json,208,0
biodolphin_Ki,cold_sequence40,101,lipid_ssl,linear,prediction_aware_thompson,4,120,1.6958703137438618,1.046883575742251,-0.0957112778374567,1.0,0.358974358974359,0.16025641025641024,results/adaptation_study/runs/biodolphin_Ki/cold_sequence40/lipid_ssl/linear/prediction_aware_thompson/seed101.json,208,0
biodolphin_Ki,cold_sequence40,101,lipid_ssl,linear,variance_reduction,4,120,1.6493652426114755,1.0313587511535565,-0.05038768896068535,0.990909090909091,0.1794871794871795,0.08653846153846155,results/adaptation_study/runs/biodolphin_Ki/cold_sequence40/lipid_ssl/linear/variance_reduction/seed101.json,208,0
biodolphin_Ki,cold_sequence40,101,lipid_ssl,rbf,random,4,120,1.6892134130680423,1.0472864609792552,-0.1653171142134402,0.9454545454545454,0.20512820512820512,0.1346153846153846,results/adaptation_study/runs/biodolphin_Ki/cold_sequence40/lipid_ssl/rbf/random/seed101.json,208,0
biodolphin_Ki,cold_sequence40,101,lipid_ssl,rbf,uncertainty,4,120,2.143568318886273,1.512317484096943,-1.3743581011129957,0.9363636363636364,0.28205128205128205,0.11858974358974357,results/adaptation_study/runs/biodolphin_Ki/cold_sequence40/lipid_ssl/rbf/uncertainty/seed101.json,208,0
biodolphin_Ki,cold_sequence40,101,lipid_ssl,rbf,ucb_balanced,4,120,1.9812136604406911,1.3668452612893933,-0.9598029683995548,0.9454545454545454,0.5641025641025641,0.3846153846153846,results/adaptation_study/runs/biodolphin_Ki/cold_sequence40/lipid_ssl/rbf/ucb_balanced/seed101.json,208,0
biodolphin_Ki,cold_sequence40,101,lipid_ssl,rbf,thompson,4,120,1.8718691998851837,1.1175195376050415,-0.3516214423836126,0.9727272727272728,0.46153846153846156,0.1794871794871795,results/adaptation_study/runs/biodolphin_Ki/cold_sequence40/lipid_ssl/rbf/thompson/seed101.json,208,0
biodolphin_Ki,cold_sequence40,101,lipid_ssl,rbf,prediction_aware_thompson,4,120,1.8872901117857486,1.329141376377207,-0.842888629878396,0.8090909090909091,0.46153846153846156,0.2435897435897436,results/adaptation_study/runs/biodolphin_Ki/cold_sequence40/lipid_ssl/rbf/prediction_aware_thompson/seed101.json,208,0
biodolphin_Ki,cold_sequence40,101,lipid_ssl,rbf,variance_reduction,4,120,1.620220601329117,1.086448719045667,-0.09186495525643568,1.0,0.1282051282051282,0.07371794871794872,results/adaptation_study/runs/biodolphin_Ki/cold_sequence40/lipid_ssl/rbf/variance_reduction/seed101.json,208,0
biodolphin_Ki,cold_sequence40,101,lipid_ssl,matern32,random,4,120,1.6597102109253121,1.076079120569065,-0.17045907568582397,0.9454545454545454,0.20512820512820512,0.1346153846153846,results/adaptation_study/runs/biodolphin_Ki/cold_sequence40/lipid_ssl/matern32/random/seed101.json,208,0
biodolphin_Ki,cold_sequence40,101,lipid_ssl,matern32,uncertainty,4,120,1.6409245185568915,1.1062536103233733,-0.22256956452919185,0.9818181818181818,0.10256410256410256,0.08333333333333333,results/adaptation_study/runs/biodolphin_Ki/cold_sequence40/lipid_ssl/matern32/uncertainty/seed101.json,208,0
biodolphin_Ki,cold_sequence40,101,lipid_ssl,matern32,ucb_balanced,4,120,2.0159426990712954,1.286146317800803,-0.6165301942810077,0.9545454545454546,0.5897435897435898,0.32371794871794873,results/adaptation_study/runs/biodolphin_Ki/cold_sequence40/lipid_ssl/matern32/ucb_balanced/seed101.json,208,0
biodolphin_Ki,cold_sequence40,101,lipid_ssl,matern32,thompson,4,120,1.8473464457088609,1.2110137744550025,-0.6954514007337111,0.9272727272727272,0.6923076923076923,0.3301282051282051,results/adaptation_study/runs/biodolphin_Ki/cold_sequence40/lipid_ssl/matern32/thompson/seed101.json,208,0
biodolphin_Ki,cold_sequence40,101,lipid_ssl,matern32,prediction_aware_thompson,4,120,1.6634441873613204,0.9966631402063104,0.03874721005355841,1.0,0.28205128205128205,0.15705128205128205,results/adaptation_study/runs/biodolphin_Ki/cold_sequence40/lipid_ssl/matern32/prediction_aware_thompson/seed101.json,208,0
biodolphin_Ki,cold_sequence40,101,lipid_ssl,matern32,variance_reduction,4,120,1.55604773874322,1.0065495336655221,-0.021304719372528202,1.0,0.1282051282051282,0.0673076923076923,results/adaptation_study/runs/biodolphin_Ki/cold_sequence40/lipid_ssl/matern32/variance_reduction/seed101.json,208,0
biodolphin_Ki,cold_sequence40,101,initial_label_adapter,linear,random,4,120,1.7955080457325698,1.0242046240637115,-0.18557498271904205,0.9545454545454546,0.20512820512820512,0.1346153846153846,results/adaptation_study/runs/biodolphin_Ki/cold_sequence40/initial_label_adapter/linear/random/seed101.json,208,0
biodolphin_Ki,cold_sequence40,101,initial_label_adapter,linear,uncertainty,4,120,1.588981575297421,1.0238281234315303,-0.0641462549887204,1.0,0.15384615384615385,0.10256410256410257,results/adaptation_study/runs/biodolphin_Ki/cold_sequence40/initial_label_adapter/linear/uncertainty/seed101.json,208,0
biodolphin_Ki,cold_sequence40,101,initial_label_adapter,linear,ucb_balanced,4,120,2.0593210147334475,1.9000718515504411,-2.3648241109844093,0.9,0.6666666666666666,0.4038461538461538,results/adaptation_study/runs/biodolphin_Ki/cold_sequence40/initial_label_adapter/linear/ucb_balanced/seed101.json,208,0
biodolphin_Ki,cold_sequence40,101,initial_label_adapter,linear,thompson,4,120,2.0830856186760176,1.73251518953113,-1.9292384804794431,0.7636363636363637,0.48717948717948717,0.22115384615384615,results/adaptation_study/runs/biodolphin_Ki/cold_sequence40/initial_label_adapter/linear/thompson/seed101.json,208,0
biodolphin_Ki,cold_sequence40,101,initial_label_adapter,linear,prediction_aware_thompson,4,120,1.7896208230194248,1.0382416597766915,-0.09595046920111638,0.990909090909091,0.3333333333333333,0.15064102564102563,results/adaptation_study/runs/biodolphin_Ki/cold_sequence40/initial_label_adapter/linear/prediction_aware_thompson/seed101.json,208,0
biodolphin_Ki,cold_sequence40,101,initial_label_adapter,linear,variance_reduction,4,120,1.6685449202934293,1.0333404747215171,-0.05426721613110641,0.990909090909091,0.20512820512820512,0.09615384615384615,results/adaptation_study/runs/biodolphin_Ki/cold_sequence40/initial_label_adapter/linear/variance_reduction/seed101.json,208,0
biodolphin_Ki,cold_sequence40,101,initial_label_adapter,rbf,random,4,120,1.7011543802613955,1.0619656887594442,-0.19675885155509087,0.9454545454545454,0.20512820512820512,0.1346153846153846,results/adaptation_study/runs/biodolphin_Ki/cold_sequence40/initial_label_adapter/rbf/random/seed101.json,208,0
biodolphin_Ki,cold_sequence40,101,initial_label_adapter,rbf,uncertainty,4,120,2.1621022122756024,1.5379279549621985,-1.4490418361537554,0.9363636363636364,0.28205128205128205,0.11858974358974357,results/adaptation_study/runs/biodolphin_Ki/cold_sequence40/initial_label_adapter/rbf/uncertainty/seed101.json,208,0
biodolphin_Ki,cold_sequence40,101,initial_label_adapter,rbf,ucb_balanced,4,120,1.9438805209795385,1.2992479345928194,-0.7570342502723475,0.9454545454545454,0.5641025641025641,0.3717948717948718,results/adaptation_study/runs/biodolphin_Ki/cold_sequence40/initial_label_adapter/rbf/ucb_balanced/seed101.json,208,0
biodolphin_Ki,cold_sequence40,101,initial_label_adapter,rbf,thompson,4,120,1.8926047589928032,1.148996754617551,-0.3950069977651307,0.9727272727272728,0.46153846153846156,0.1794871794871795,results/adaptation_study/runs/biodolphin_Ki/cold_sequence40/initial_label_adapter/rbf/thompson/seed101.json,208,0
biodolphin_Ki,cold_sequence40,101,initial_label_adapter,rbf,prediction_aware_thompson,4,120,1.9437037846585883,1.3852347167199508,-0.9969090585981346,0.7818181818181819,0.48717948717948717,0.2403846153846154,results/adaptation_study/runs/biodolphin_Ki/cold_sequence40/initial_label_adapter/rbf/prediction_aware_thompson/seed101.json,208,0
biodolphin_Ki,cold_sequence40,101,initial_label_adapter,rbf,variance_reduction,4,120,1.6192754367011915,1.0935307458215704,-0.10045596828810543,1.0,0.1282051282051282,0.0673076923076923,results/adaptation_study/runs/biodolphin_Ki/cold_sequence40/initial_label_adapter/rbf/variance_reduction/seed101.json,208,0
biodolphin_Ki,cold_sequence40,101,initial_label_adapter,matern32,random,4,120,1.668070736485916,1.0887684223055063,-0.19509455769543615,0.9272727272727272,0.20512820512820512,0.1346153846153846,results/adaptation_study/runs/biodolphin_Ki/cold_sequence40/initial_label_adapter/matern32/random/seed101.json,208,0
biodolphin_Ki,cold_sequence40,101,initial_label_adapter,matern32,uncertainty,4,120,1.6025591656685165,1.0370931150731113,-0.07459571951791077,1.0,0.10256410256410256,0.08333333333333333,results/adaptation_study/runs/biodolphin_Ki/cold_sequence40/initial_label_adapter/matern32/uncertainty/seed101.json,208,0
biodolphin_Ki,cold_sequence40,101,initial_label_adapter,matern32,ucb_balanced,4,120,2.027770691916478,1.302901280736029,-0.6598460243426973,0.9454545454545454,0.5897435897435898,0.32371794871794873,results/adaptation_study/runs/biodolphin_Ki/cold_sequence40/initial_label_adapter/matern32/ucb_balanced/seed101.json,208,0
biodolphin_Ki,cold_sequence40,101,initial_label_adapter,matern32,thompson,4,120,1.8238256047501389,1.12230211602923,-0.37560881772360544,0.9363636363636364,0.5641025641025641,0.2692307692307692,results/adaptation_study/runs/biodolphin_Ki/cold_sequence40/initial_label_adapter/matern32/thompson/seed101.json,208,0
biodolphin_Ki,cold_sequence40,101,initial_label_adapter,matern32,prediction_aware_thompson,4,120,1.675167009835173,1.0515214647739448,-0.06180978190876818,0.9818181818181818,0.28205128205128205,0.15064102564102563,results/adaptation_study/runs/biodolphin_Ki/cold_sequence40/initial_label_adapter/matern32/prediction_aware_thompson/seed101.json,208,0
biodolphin_Ki,cold_sequence40,101,initial_label_adapter,matern32,variance_reduction,4,120,1.5322858841134304,1.008901927867309,-0.06394481751684022,0.990909090909091,0.1282051282051282,0.060897435897435896,results/adaptation_study/runs/biodolphin_Ki/cold_sequence40/initial_label_adapter/matern32/variance_reduction/seed101.json,208,0
biodolphin_Ki,cold_sequence40,137,frozen_mlm,linear,random,4,120,1.5052216220234413,1.1843767785257924,0.31609057267898744,0.8392857142857143,0.3055555555555556,0.14583333333333334,results/robust_study_v2/runs/biodolphin_Ki/cold_sequence40/esm2_35m/chemberta_mlm/linear/random/seed137.json,207,0
biodolphin_Ki,cold_sequence40,137,frozen_mlm,linear,uncertainty,4,120,1.7694225735830058,1.271243411621867,0.34118466841987727,0.9910714285714286,0.19444444444444445,0.13194444444444445,results/robust_study_v2/runs/biodolphin_Ki/cold_sequence40/esm2_35m/chemberta_mlm/linear/uncertainty/seed137.json,207,0
biodolphin_Ki,cold_sequence40,137,frozen_mlm,linear,ucb_balanced,4,120,2.3283020497105085,1.335039794454587,0.17519149959330127,1.0,0.4444444444444444,0.30208333333333337,results/robust_study_v2/runs/biodolphin_Ki/cold_sequence40/esm2_35m/chemberta_mlm/linear/ucb_balanced/seed137.json,207,0
biodolphin_Ki,cold_sequence40,137,frozen_mlm,linear,thompson,4,120,1.8462377314018472,1.4292403230184834,-0.029851487104828767,0.9196428571428571,0.7777777777777778,0.4479166666666667,results/robust_study_v2/runs/biodolphin_Ki/cold_sequence40/esm2_35m/chemberta_mlm/linear/thompson/seed137.json,207,0
biodolphin_Ki,cold_sequence40,137,frozen_mlm,linear,prediction_aware_thompson,4,120,1.7504732092604904,1.2426226511621579,0.37272220566229963,0.9732142857142857,0.2222222222222222,0.09375,results/robust_study_v2/runs/biodolphin_Ki/cold_sequence40/esm2_35m/chemberta_mlm/linear/prediction_aware_thompson/seed137.json,207,0
biodolphin_Ki,cold_sequence40,137,frozen_mlm,linear,variance_reduction,4,120,1.6817108779454895,1.2640799262438713,0.3467841234061467,0.9375,0.1111111111111111,0.052083333333333336,results/robust_study_v2/runs/biodolphin_Ki/cold_sequence40/esm2_35m/chemberta_mlm/linear/variance_reduction/seed137.json,207,0
biodolphin_Ki,cold_sequence40,137,frozen_mlm,rbf,random,4,120,1.391980191310138,1.1935377036378945,0.33911640021630274,0.8303571428571429,0.3055555555555556,0.14583333333333334,results/robust_study_v2/runs/biodolphin_Ki/cold_sequence40/esm2_35m/chemberta_mlm/rbf/random/seed137.json,207,0
biodolphin_Ki,cold_sequence40,137,frozen_mlm,rbf,uncertainty,4,120,1.757865409253913,1.7676862609799884,-0.28112502014238605,0.8839285714285714,0.25,0.07638888888888888,results/robust_study_v2/runs/biodolphin_Ki/cold_sequence40/esm2_35m/chemberta_mlm/rbf/uncertainty/seed137.json,207,0
biodolphin_Ki,cold_sequence40,137,frozen_mlm,rbf,ucb_balanced,4,120,2.3951979156795837,1.4070123115286246,0.05939903287436343,0.9464285714285714,0.3888888888888889,0.30902777777777773,results/robust_study_v2/runs/biodolphin_Ki/cold_sequence40/esm2_35m/chemberta_mlm/rbf/ucb_balanced/seed137.json,207,0
biodolphin_Ki,cold_sequence40,137,frozen_mlm,rbf,thompson,4,120,1.952617831878135,1.4352740336572276,0.11869608945359666,0.9821428571428571,0.3888888888888889,0.3298611111111111,results/robust_study_v2/runs/biodolphin_Ki/cold_sequence40/esm2_35m/chemberta_mlm/rbf/thompson/seed137.json,207,0
biodolphin_Ki,cold_sequence40,137,frozen_mlm,rbf,prediction_aware_thompson,4,120,1.9005654768816505,1.149614501958957,0.41422059249079957,0.9910714285714286,0.2222222222222222,0.06597222222222221,results/robust_study_v2/runs/biodolphin_Ki/cold_sequence40/esm2_35m/chemberta_mlm/rbf/prediction_aware_thompson/seed137.json,207,0
biodolphin_Ki,cold_sequence40,137,frozen_mlm,rbf,variance_reduction,4,120,1.7103212622943855,1.1700888760288162,0.4542378228878482,0.9732142857142857,0.1111111111111111,0.052083333333333336,results/robust_study_v2/runs/biodolphin_Ki/cold_sequence40/esm2_35m/chemberta_mlm/rbf/variance_reduction/seed137.json,207,0
biodolphin_Ki,cold_sequence40,137,frozen_mlm,matern32,random,4,120,1.3964665449918003,1.2029015069839015,0.3519520720188464,0.8839285714285714,0.3055555555555556,0.14583333333333334,results/robust_study_v2/runs/biodolphin_Ki/cold_sequence40/esm2_35m/chemberta_mlm/matern32/random/seed137.json,207,0
biodolphin_Ki,cold_sequence40,137,frozen_mlm,matern32,uncertainty,4,120,1.7868530824447737,1.8373430225529919,-0.36956518451812626,0.9553571428571429,0.19444444444444445,0.09027777777777779,results/robust_study_v2/runs/biodolphin_Ki/cold_sequence40/esm2_35m/chemberta_mlm/matern32/uncertainty/seed137.json,207,0
biodolphin_Ki,cold_sequence40,137,frozen_mlm,matern32,ucb_balanced,4,120,2.0332817542845247,1.3847830188485426,0.2028517646325957,0.9642857142857143,0.6111111111111112,0.3576388888888889,results/robust_study_v2/runs/biodolphin_Ki/cold_sequence40/esm2_35m/chemberta_mlm/matern32/ucb_balanced/seed137.json,207,0
biodolphin_Ki,cold_sequence40,137,frozen_mlm,matern32,thompson,4,120,1.9823048876671234,1.3454903821970878,0.22383538968158734,0.9642857142857143,0.4444444444444444,0.3368055555555555,results/robust_study_v2/runs/biodolphin_Ki/cold_sequence40/esm2_35m/chemberta_mlm/matern32/thompson/seed137.json,207,0
biodolphin_Ki,cold_sequence40,137,frozen_mlm,matern32,prediction_aware_thompson,4,120,1.7961889023417907,1.6694203716999725,-0.1345327668938976,0.9464285714285714,0.3611111111111111,0.10416666666666667,results/robust_study_v2/runs/biodolphin_Ki/cold_sequence40/esm2_35m/chemberta_mlm/matern32/prediction_aware_thompson/seed137.json,207,0
biodolphin_Ki,cold_sequence40,137,frozen_mlm,matern32,variance_reduction,4,120,1.6947996806507941,1.1483067681808328,0.4590915686920686,0.9732142857142857,0.1388888888888889,0.05555555555555556,results/robust_study_v2/runs/biodolphin_Ki/cold_sequence40/esm2_35m/chemberta_mlm/matern32/variance_reduction/seed137.json,207,0
biodolphin_Ki,cold_sequence40,137,lipid_ssl,linear,random,4,120,1.4749096153354067,1.182673701561752,0.32065001782237157,0.8392857142857143,0.3055555555555556,0.14583333333333334,results/adaptation_study/runs/biodolphin_Ki/cold_sequence40/lipid_ssl/linear/random/seed137.json,207,0
biodolphin_Ki,cold_sequence40,137,lipid_ssl,linear,uncertainty,4,120,1.8036662184086145,1.2283638230719354,0.33852404565004945,0.9732142857142857,0.19444444444444445,0.13194444444444445,results/adaptation_study/runs/biodolphin_Ki/cold_sequence40/lipid_ssl/linear/uncertainty/seed137.json,207,0
biodolphin_Ki,cold_sequence40,137,lipid_ssl,linear,ucb_balanced,4,120,2.3105425464515683,1.1971429154776878,0.2930098673682111,1.0,0.5277777777777778,0.3263888888888889,results/adaptation_study/runs/biodolphin_Ki/cold_sequence40/lipid_ssl/linear/ucb_balanced/seed137.json,207,0
biodolphin_Ki,cold_sequence40,137,lipid_ssl,linear,thompson,4,120,1.8291762316934115,1.361991465328409,0.12123046936472348,0.9196428571428571,0.75,0.4444444444444445,results/adaptation_study/runs/biodolphin_Ki/cold_sequence40/lipid_ssl/linear/thompson/seed137.json,207,0
biodolphin_Ki,cold_sequence40,137,lipid_ssl,linear,prediction_aware_thompson,4,120,1.723759410730961,1.2390918351480036,0.36120882647095953,0.9553571428571429,0.25,0.09722222222222221,results/adaptation_study/runs/biodolphin_Ki/cold_sequence40/lipid_ssl/linear/prediction_aware_thompson/seed137.json,207,0
biodolphin_Ki,cold_sequence40,137,lipid_ssl,linear,variance_reduction,4,120,1.666829836442194,1.255391768035414,0.35289970963859185,0.9375,0.1111111111111111,0.052083333333333336,results/adaptation_study/runs/biodolphin_Ki/cold_sequence40/lipid_ssl/linear/variance_reduction/seed137.json,207,0
biodolphin_Ki,cold_sequence40,137,lipid_ssl,rbf,random,4,120,1.3639221662173662,1.1920623084710478,0.3378131911350739,0.8303571428571429,0.3055555555555556,0.14583333333333334,results/adaptation_study/runs/biodolphin_Ki/cold_sequence40/lipid_ssl/rbf/random/seed137.json,207,0
biodolphin_Ki,cold_sequence40,137,lipid_ssl,rbf,uncertainty,4,120,1.676128693132427,1.2318206641405953,0.39733120035227265,0.9910714285714286,0.16666666666666666,0.09375,results/adaptation_study/runs/biodolphin_Ki/cold_sequence40/lipid_ssl/rbf/uncertainty/seed137.json,207,0
biodolphin_Ki,cold_sequence40,137,lipid_ssl,rbf,ucb_balanced,4,120,2.2949355542257237,1.424039640274628,0.04841634679864648,0.9464285714285714,0.4444444444444444,0.3159722222222222,results/adaptation_study/runs/biodolphin_Ki/cold_sequence40/lipid_ssl/rbf/ucb_balanced/seed137.json,207,0
biodolphin_Ki,cold_sequence40,137,lipid_ssl,rbf,thompson,4,120,2.0307224138248055,1.4577733616590984,0.10728918528862841,1.0,0.3888888888888889,0.3298611111111111,results/adaptation_study/runs/biodolphin_Ki/cold_sequence40/lipid_ssl/rbf/thompson/seed137.json,207,0
biodolphin_Ki,cold_sequence40,137,lipid_ssl,rbf,prediction_aware_thompson,4,120,1.8041995132464868,1.2443900774132044,0.4020700042482156,0.9821428571428571,0.25,0.06944444444444443,results/adaptation_study/runs/biodolphin_Ki/cold_sequence40/lipid_ssl/rbf/prediction_aware_thompson/seed137.json,207,0
biodolphin_Ki,cold_sequence40,137,lipid_ssl,rbf,variance_reduction,4,120,1.6895498128889022,1.182098515735484,0.45161683188207447,0.9732142857142857,0.1111111111111111,0.052083333333333336,results/adaptation_study/runs/biodolphin_Ki/cold_sequence40/lipid_ssl/rbf/variance_reduction/seed137.json,207,0
biodolphin_Ki,cold_sequence40,137,lipid_ssl,matern32,random,4,120,1.3742616346421634,1.1982332336217243,0.35339147178882324,0.8928571428571429,0.3055555555555556,0.14583333333333334,results/adaptation_study/runs/biodolphin_Ki/cold_sequence40/lipid_ssl/matern32/random/seed137.json,207,0
biodolphin_Ki,cold_sequence40,137,lipid_ssl,matern32,uncertainty,4,120,1.7809999447502805,1.8326698353281914,-0.36019242665087825,0.9553571428571429,0.19444444444444445,0.09027777777777779,results/adaptation_study/runs/biodolphin_Ki/cold_sequence40/lipid_ssl/matern32/uncertainty/seed137.json,207,0
biodolphin_Ki,cold_sequence40,137,lipid_ssl,matern32,ucb_balanced,4,120,2.3864796075818844,1.344905521398901,0.17401282018497277,1.0,0.6111111111111112,0.3576388888888889,results/adaptation_study/runs/biodolphin_Ki/cold_sequence40/lipid_ssl/matern32/ucb_balanced/seed137.json,207,0
biodolphin_Ki,cold_sequence40,137,lipid_ssl,matern32,thompson,4,120,1.7545858936479688,1.337753592238437,0.20759404074445553,0.9732142857142857,0.3888888888888889,0.3298611111111111,results/adaptation_study/runs/biodolphin_Ki/cold_sequence40/lipid_ssl/matern32/thompson/seed137.json,207,0
biodolphin_Ki,cold_sequence40,137,lipid_ssl,matern32,prediction_aware_thompson,4,120,1.6837975068410962,1.2503882565208133,0.3417244290750674,0.9732142857142857,0.2222222222222222,0.08680555555555554,results/adaptation_study/runs/biodolphin_Ki/cold_sequence40/lipid_ssl/matern32/prediction_aware_thompson/seed137.json,207,0
biodolphin_Ki,cold_sequence40,137,lipid_ssl,matern32,variance_reduction,4,120,1.7027702632999908,1.181415981102885,0.43793940730646563,0.9642857142857143,0.08333333333333333,0.04861111111111111,results/adaptation_study/runs/biodolphin_Ki/cold_sequence40/lipid_ssl/matern32/variance_reduction/seed137.json,207,0
biodolphin_Ki,cold_sequence40,137,initial_label_adapter,linear,random,4,120,1.5053591173232845,1.1849255196988462,0.31598864953650285,0.8392857142857143,0.3055555555555556,0.14583333333333334,results/adaptation_study/runs/biodolphin_Ki/cold_sequence40/initial_label_adapter/linear/random/seed137.json,207,0
biodolphin_Ki,cold_sequence40,137,initial_label_adapter,linear,uncertainty,4,120,1.5945164456222456,1.2814879194556759,0.32760508868743543,0.9732142857142857,0.19444444444444445,0.13194444444444445,results/adaptation_study/runs/biodolphin_Ki/cold_sequence40/initial_label_adapter/linear/uncertainty/seed137.json,207,0
biodolphin_Ki,cold_sequence40,137,initial_label_adapter,linear,ucb_balanced,4,120,2.3155924371334358,1.3367217622591199,0.1688603494763865,1.0,0.4166666666666667,0.29861111111111116,results/adaptation_study/runs/biodolphin_Ki/cold_sequence40/initial_label_adapter/linear/ucb_balanced/seed137.json,207,0
biodolphin_Ki,cold_sequence40,137,initial_label_adapter,linear,thompson,4,120,1.829219861702729,1.3161418629792372,0.14431983881426902,0.9196428571428571,0.7777777777777778,0.4479166666666667,results/adaptation_study/runs/biodolphin_Ki/cold_sequence40/initial_label_adapter/linear/thompson/seed137.json,207,0
biodolphin_Ki,cold_sequence40,137,initial_label_adapter,linear,prediction_aware_thompson,4,120,1.8137192455352298,1.2276978225352198,0.38138962172368607,0.9553571428571429,0.2222222222222222,0.09375,results/adaptation_study/runs/biodolphin_Ki/cold_sequence40/initial_label_adapter/linear/prediction_aware_thompson/seed137.json,207,0
biodolphin_Ki,cold_sequence40,137,initial_label_adapter,linear,variance_reduction,4,120,1.6779136122764726,1.2629936204516523,0.3485074681241255,0.9464285714285714,0.1111111111111111,0.052083333333333336,results/adaptation_study/runs/biodolphin_Ki/cold_sequence40/initial_label_adapter/linear/variance_reduction/seed137.json,207,0
biodolphin_Ki,cold_sequence40,137,initial_label_adapter,rbf,random,4,120,1.3922436203440616,1.1932389299991306,0.33959359993901983,0.8303571428571429,0.3055555555555556,0.14583333333333334,results/adaptation_study/runs/biodolphin_Ki/cold_sequence40/initial_label_adapter/rbf/random/seed137.json,207,0
biodolphin_Ki,cold_sequence40,137,initial_label_adapter,rbf,uncertainty,4,120,1.7578524265303819,1.7676700104078622,-0.28110365584072783,0.8839285714285714,0.25,0.07638888888888888,results/adaptation_study/runs/biodolphin_Ki/cold_sequence40/initial_label_adapter/rbf/uncertainty/seed137.json,207,0
biodolphin_Ki,cold_sequence40,137,initial_label_adapter,rbf,ucb_balanced,4,120,2.1054805061259936,1.3664517163073018,0.18274977816148585,0.9732142857142857,0.4444444444444444,0.3159722222222222,results/adaptation_study/runs/biodolphin_Ki/cold_sequence40/initial_label_adapter/rbf/ucb_balanced/seed137.json,207,0
biodolphin_Ki,cold_sequence40,137,initial_label_adapter,rbf,thompson,4,120,1.929437292525082,1.4913500694600015,0.036002314426761606,0.9196428571428571,0.3888888888888889,0.3298611111111111,results/adaptation_study/runs/biodolphin_Ki/cold_sequence40/initial_label_adapter/rbf/thompson/seed137.json,207,0
biodolphin_Ki,cold_sequence40,137,initial_label_adapter,rbf,prediction_aware_thompson,4,120,1.9012660259936012,1.1499228287290113,0.4134604179589172,0.9910714285714286,0.2222222222222222,0.06597222222222221,results/adaptation_study/runs/biodolphin_Ki/cold_sequence40/initial_label_adapter/rbf/prediction_aware_thompson/seed137.json,207,0
biodolphin_Ki,cold_sequence40,137,initial_label_adapter,rbf,variance_reduction,4,120,1.7105275334414827,1.1702898585296582,0.4541065903823718,0.9732142857142857,0.1111111111111111,0.052083333333333336,results/adaptation_study/runs/biodolphin_Ki/cold_sequence40/initial_label_adapter/rbf/variance_reduction/seed137.json,207,0
biodolphin_Ki,cold_sequence40,137,initial_label_adapter,matern32,random,4,120,1.3967408013665035,1.202697220495225,0.35228702403369405,0.8839285714285714,0.3055555555555556,0.14583333333333334,results/adaptation_study/runs/biodolphin_Ki/cold_sequence40/initial_label_adapter/matern32/random/seed137.json,207,0
biodolphin_Ki,cold_sequence40,137,initial_label_adapter,matern32,uncertainty,4,120,1.7866200641400687,1.8372858774600505,-0.36939010849232035,0.9553571428571429,0.19444444444444445,0.09027777777777779,results/adaptation_study/runs/biodolphin_Ki/cold_sequence40/initial_label_adapter/matern32/uncertainty/seed137.json,207,0
biodolphin_Ki,cold_sequence40,137,initial_label_adapter,matern32,ucb_balanced,4,120,1.719708434588611,1.7227097701748504,-0.20449486186015298,1.0,0.4444444444444444,0.3298611111111111,results/adaptation_study/runs/biodolphin_Ki/cold_sequence40/initial_label_adapter/matern32/ucb_balanced/seed137.json,207,0
biodolphin_Ki,cold_sequence40,137,initial_label_adapter,matern32,thompson,4,120,1.7135567196874402,1.4280300127141163,0.11981981580384138,0.9732142857142857,0.3888888888888889,0.3298611111111111,results/adaptation_study/runs/biodolphin_Ki/cold_sequence40/initial_label_adapter/matern32/thompson/seed137.json,207,0
biodolphin_Ki,cold_sequence40,137,initial_label_adapter,matern32,prediction_aware_thompson,4,120,1.7272657381299295,1.4390345883117905,0.16227650814315775,0.9375,0.2222222222222222,0.06597222222222221,results/adaptation_study/runs/biodolphin_Ki/cold_sequence40/initial_label_adapter/matern32/prediction_aware_thompson/seed137.json,207,0
biodolphin_Ki,cold_sequence40,137,initial_label_adapter,matern32,variance_reduction,4,120,1.6949875187161334,1.1485129315854803,0.4590132821089332,0.9732142857142857,0.1388888888888889,0.05555555555555556,results/adaptation_study/runs/biodolphin_Ki/cold_sequence40/initial_label_adapter/matern32/variance_reduction/seed137.json,207,0
biodolphin_Ki,scaffold,7,frozen_mlm,linear,random,4,120,1.1126013727679445,1.6861595399805331,-0.23579147458194272,0.7272727272727273,0.34328358208955223,0.1828358208955224,results/robust_study_v2/runs/biodolphin_Ki/scaffold/esm2_35m/chemberta_mlm/linear/random/seed7.json,212,0
biodolphin_Ki,scaffold,7,frozen_mlm,linear,uncertainty,4,120,1.264943678637839,1.430698865102027,-0.032877461754129866,0.7909090909090909,0.16417910447761194,0.13805970149253732,results/robust_study_v2/runs/biodolphin_Ki/scaffold/esm2_35m/chemberta_mlm/linear/uncertainty/seed7.json,212,0
biodolphin_Ki,scaffold,7,frozen_mlm,linear,ucb_balanced,4,120,1.4675488302871587,1.4681189142886188,-0.10609653517564377,0.9727272727272728,0.8955223880597015,0.4682835820895523,results/robust_study_v2/runs/biodolphin_Ki/scaffold/esm2_35m/chemberta_mlm/linear/ucb_balanced/seed7.json,212,0
biodolphin_Ki,scaffold,7,frozen_mlm,linear,thompson,4,120,1.2129907601235923,1.5415135617602103,-0.072294954912693,0.8272727272727273,0.5970149253731343,0.3003731343283582,results/robust_study_v2/runs/biodolphin_Ki/scaffold/esm2_35m/chemberta_mlm/linear/thompson/seed7.json,212,0
biodolphin_Ki,scaffold,7,frozen_mlm,linear,prediction_aware_thompson,4,120,1.2480773166775212,1.5786850682285039,-0.10026024288904867,0.8636363636363636,0.26865671641791045,0.1548507462686567,results/robust_study_v2/runs/biodolphin_Ki/scaffold/esm2_35m/chemberta_mlm/linear/prediction_aware_thompson/seed7.json,212,0
biodolphin_Ki,scaffold,7,frozen_mlm,linear,variance_reduction,4,120,1.2413671086769298,1.4111920894583307,-0.030106115018343482,0.8454545454545455,0.13432835820895522,0.11940298507462688,results/robust_study_v2/runs/biodolphin_Ki/scaffold/esm2_35m/chemberta_mlm/linear/variance_reduction/seed7.json,212,0
biodolphin_Ki,scaffold,7,frozen_mlm,rbf,random,4,120,1.055029242005342,2.0264698060133988,-0.6285144690686462,0.8,0.34328358208955223,0.1828358208955224,results/robust_study_v2/runs/biodolphin_Ki/scaffold/esm2_35m/chemberta_mlm/rbf/random/seed7.json,212,0
biodolphin_Ki,scaffold,7,frozen_mlm,rbf,uncertainty,4,120,1.0865996988972078,2.1265382068983043,-0.7684524455077477,0.7636363636363637,0.1044776119402985,0.08955223880597014,results/robust_study_v2/runs/biodolphin_Ki/scaffold/esm2_35m/chemberta_mlm/rbf/uncertainty/seed7.json,212,0
biodolphin_Ki,scaffold,7,frozen_mlm,rbf,ucb_balanced,4,120,1.2605181054979848,1.8387417128286376,-0.4273915836031119,0.9818181818181818,0.8507462686567164,0.5932835820895522,results/robust_study_v2/runs/biodolphin_Ki/scaffold/esm2_35m/chemberta_mlm/rbf/ucb_balanced/seed7.json,212,0
biodolphin_Ki,scaffold,7,frozen_mlm,rbf,thompson,4,120,1.0876274430927337,2.1243644948314593,-0.7659039118284243,0.8,0.8656716417910447,0.5167910447761194,results/robust_study_v2/runs/biodolphin_Ki/scaffold/esm2_35m/chemberta_mlm/rbf/thompson/seed7.json,212,0
biodolphin_Ki,scaffold,7,frozen_mlm,rbf,prediction_aware_thompson,4,120,1.140309086511305,2.0204159197635043,-0.6407029454149236,0.7818181818181819,0.47761194029850745,0.21828358208955223,results/robust_study_v2/runs/biodolphin_Ki/scaffold/esm2_35m/chemberta_mlm/rbf/prediction_aware_thompson/seed7.json,212,0
biodolphin_Ki,scaffold,7,frozen_mlm,rbf,variance_reduction,4,120,1.193767935370191,1.48306735110307,-0.1725117311281228,0.7272727272727273,0.19402985074626866,0.1492537313432836,results/robust_study_v2/runs/biodolphin_Ki/scaffold/esm2_35m/chemberta_mlm/rbf/variance_reduction/seed7.json,212,0
biodolphin_Ki,scaffold,7,frozen_mlm,matern32,random,4,120,1.0967732588638153,1.7060747919038843,-0.3005261637287717,0.8,0.34328358208955223,0.1828358208955224,results/robust_study_v2/runs/biodolphin_Ki/scaffold/esm2_35m/chemberta_mlm/matern32/random/seed7.json,212,0
biodolphin_Ki,scaffold,7,frozen_mlm,matern32,uncertainty,4,120,1.2180604177917769,1.8942715760514708,-0.49124339683624885,0.8181818181818182,0.16417910447761194,0.13432835820895525,results/robust_study_v2/runs/biodolphin_Ki/scaffold/esm2_35m/chemberta_mlm/matern32/uncertainty/seed7.json,212,0
biodolphin_Ki,scaffold,7,frozen_mlm,matern32,ucb_balanced,4,120,1.3977866716415266,1.4366213552208191,-0.1348877874288088,0.9818181818181818,0.8955223880597015,0.5242537313432836,results/robust_study_v2/runs/biodolphin_Ki/scaffold/esm2_35m/chemberta_mlm/matern32/ucb_balanced/seed7.json,212,0
biodolphin_Ki,scaffold,7,frozen_mlm,matern32,thompson,4,120,1.2775386382719127,1.7930091691134098,-0.37398050839174957,0.9818181818181818,0.8208955223880597,0.4440298507462686,results/robust_study_v2/runs/biodolphin_Ki/scaffold/esm2_35m/chemberta_mlm/matern32/thompson/seed7.json,212,0
biodolphin_Ki,scaffold,7,frozen_mlm,matern32,prediction_aware_thompson,4,120,1.199022920722546,1.8254506193221736,-0.37942538773609424,0.6909090909090909,0.19402985074626866,0.13059701492537312,results/robust_study_v2/runs/biodolphin_Ki/scaffold/esm2_35m/chemberta_mlm/matern32/prediction_aware_thompson/seed7.json,212,0
biodolphin_Ki,scaffold,7,frozen_mlm,matern32,variance_reduction,4,120,1.1740095830415347,1.9462151181149974,-0.5524020802735565,0.7818181818181819,0.14925373134328357,0.12873134328358207,results/robust_study_v2/runs/biodolphin_Ki/scaffold/esm2_35m/chemberta_mlm/matern32/variance_reduction/seed7.json,212,0
biodolphin_Ki,scaffold,7,lipid_ssl,linear,random,4,120,1.1179202342518344,1.6972953282430157,-0.257629069112393,0.7272727272727273,0.34328358208955223,0.1828358208955224,results/adaptation_study/runs/biodolphin_Ki/scaffold/lipid_ssl/linear/random/seed7.json,212,0
biodolphin_Ki,scaffold,7,lipid_ssl,linear,uncertainty,4,120,1.2108667217814928,1.4672782315754598,-0.04172134085582524,0.8272727272727273,0.16417910447761194,0.13805970149253732,results/adaptation_study/runs/biodolphin_Ki/scaffold/lipid_ssl/linear/uncertainty/seed7.json,212,0
biodolphin_Ki,scaffold,7,lipid_ssl,linear,ucb_balanced,4,120,1.4229219548777916,1.504433518484469,-0.14047936240826164,0.8454545454545455,0.8955223880597015,0.4720149253731343,results/adaptation_study/runs/biodolphin_Ki/scaffold/lipid_ssl/linear/ucb_balanced/seed7.json,212,0
biodolphin_Ki,scaffold,7,lipid_ssl,linear,thompson,4,120,1.0426079261182177,1.7804822222244576,-0.2504734679289098,0.8363636363636363,0.6567164179104478,0.32649253731343286,results/adaptation_study/runs/biodolphin_Ki/scaffold/lipid_ssl/linear/thompson/seed7.json,212,0
biodolphin_Ki,scaffold,7,lipid_ssl,linear,prediction_aware_thompson,4,120,1.2101685101642714,1.4136988501040042,-0.01492825951968313,0.8454545454545455,0.2835820895522388,0.1417910447761194,results/adaptation_study/runs/biodolphin_Ki/scaffold/lipid_ssl/linear/prediction_aware_thompson/seed7.json,212,0
biodolphin_Ki,scaffold,7,lipid_ssl,linear,variance_reduction,4,120,2.288149015705228,1.8464084461647887,-0.7111918081648776,0.9363636363636364,0.14925373134328357,0.1287313432835821,results/adaptation_study/runs/biodolphin_Ki/scaffold/lipid_ssl/linear/variance_reduction/seed7.json,212,0
biodolphin_Ki,scaffold,7,lipid_ssl,rbf,random,4,120,1.1272246541144397,2.0445899047799334,-0.6706837939003878,0.8181818181818182,0.34328358208955223,0.1828358208955224,results/adaptation_study/runs/biodolphin_Ki/scaffold/lipid_ssl/rbf/random/seed7.json,212,0
biodolphin_Ki,scaffold,7,lipid_ssl,rbf,uncertainty,4,120,1.0706187753718188,2.1610070225856823,-0.8087448415319198,0.7636363636363637,0.1044776119402985,0.08955223880597014,results/adaptation_study/runs/biodolphin_Ki/scaffold/lipid_ssl/rbf/uncertainty/seed7.json,212,0
biodolphin_Ki,scaffold,7,lipid_ssl,rbf,ucb_balanced,4,120,1.220680996603306,1.8905455693051731,-0.4868212158627645,0.9818181818181818,0.8507462686567164,0.5932835820895522,results/adaptation_study/runs/biodolphin_Ki/scaffold/lipid_ssl/rbf/ucb_balanced/seed7.json,212,0
biodolphin_Ki,scaffold,7,lipid_ssl,rbf,thompson,4,120,1.0693794416795102,2.1636898155196524,-0.8119120053035498,0.7818181818181819,0.7761194029850746,0.47947761194029853,results/adaptation_study/runs/biodolphin_Ki/scaffold/lipid_ssl/rbf/thompson/seed7.json,212,0
biodolphin_Ki,scaffold,7,lipid_ssl,rbf,prediction_aware_thompson,4,120,1.0693794416795102,2.1636898155196524,-0.8119120053035498,0.7818181818181819,0.7761194029850746,0.47947761194029853,results/adaptation_study/runs/biodolphin_Ki/scaffold/lipid_ssl/rbf/prediction_aware_thompson/seed7.json,212,0
biodolphin_Ki,scaffold,7,lipid_ssl,rbf,variance_reduction,4,120,1.0675038258633447,2.167749976739216,-0.8167169862595165,0.7818181818181819,0.3582089552238806,0.2220149253731343,results/adaptation_study/runs/biodolphin_Ki/scaffold/lipid_ssl/rbf/variance_reduction/seed7.json,212,0
biodolphin_Ki,scaffold,7,lipid_ssl,matern32,random,4,120,1.0965918811778894,1.7194438051248686,-0.3120654704323622,0.8,0.34328358208955223,0.1828358208955224,results/adaptation_study/runs/biodolphin_Ki/scaffold/lipid_ssl/matern32/random/seed7.json,212,1
biodolphin_Ki,scaffold,7,lipid_ssl,matern32,uncertainty,4,120,1.1393628385914427,2.0218973525993493,-0.6427601673188721,0.8,0.14925373134328357,0.1287313432835821,results/adaptation_study/runs/biodolphin_Ki/scaffold/lipid_ssl/matern32/uncertainty/seed7.json,212,0
biodolphin_Ki,scaffold,7,lipid_ssl,matern32,ucb_balanced,4,120,1.4161374204701125,1.4229545774422712,-0.13442261546404355,0.9818181818181818,0.9104477611940298,0.5186567164179104,results/adaptation_study/runs/biodolphin_Ki/scaffold/lipid_ssl/matern32/ucb_balanced/seed7.json,212,0
biodolphin_Ki,scaffold,7,lipid_ssl,matern32,thompson,4,120,1.2743575652980537,1.7945965435003945,-0.3756702338567124,0.9818181818181818,0.8208955223880597,0.4440298507462686,results/adaptation_study/runs/biodolphin_Ki/scaffold/lipid_ssl/matern32/thompson/seed7.json,212,0
biodolphin_Ki,scaffold,7,lipid_ssl,matern32,prediction_aware_thompson,4,120,1.172282387271543,1.6569251061452055,-0.21297592631934137,0.8181818181818182,0.19402985074626866,0.12313432835820896,results/adaptation_study/runs/biodolphin_Ki/scaffold/lipid_ssl/matern32/prediction_aware_thompson/seed7.json,212,0
biodolphin_Ki,scaffold,7,lipid_ssl,matern32,variance_reduction,4,120,1.1525046083009647,1.902548468024523,-0.5089447352402685,0.7818181818181819,0.14925373134328357,0.12873134328358207,results/adaptation_study/runs/biodolphin_Ki/scaffold/lipid_ssl/matern32/variance_reduction/seed7.json,212,0
biodolphin_Ki,scaffold,7,initial_label_adapter,linear,random,4,120,1.1128387993231108,1.685665567977341,-0.2353322377961402,0.7272727272727273,0.34328358208955223,0.1828358208955224,results/adaptation_study/runs/biodolphin_Ki/scaffold/initial_label_adapter/linear/random/seed7.json,212,0
biodolphin_Ki,scaffold,7,initial_label_adapter,linear,uncertainty,4,120,1.265141598049626,1.4302712898546905,-0.03278256027354787,0.7909090909090909,0.16417910447761194,0.13805970149253732,results/adaptation_study/runs/biodolphin_Ki/scaffold/initial_label_adapter/linear/uncertainty/seed7.json,212,0
biodolphin_Ki,scaffold,7,initial_label_adapter,linear,ucb_balanced,4,120,1.4679878522187353,1.4674171646159615,-0.10565124434528061,0.9727272727272728,0.8955223880597015,0.4682835820895523,results/adaptation_study/runs/biodolphin_Ki/scaffold/initial_label_adapter/linear/ucb_balanced/seed7.json,212,0
biodolphin_Ki,scaffold,7,initial_label_adapter,linear,thompson,4,120,1.5823291940269157,1.537341877744323,-0.21753041341459745,0.8090909090909091,0.5373134328358209,0.30783582089552236,results/adaptation_study/runs/biodolphin_Ki/scaffold/initial_label_adapter/linear/thompson/seed7.json,212,0
biodolphin_Ki,scaffold,7,initial_label_adapter,linear,prediction_aware_thompson,4,120,1.248281409162395,1.5780344489301057,-0.09978982605027165,0.8636363636363636,0.26865671641791045,0.1548507462686567,results/adaptation_study/runs/biodolphin_Ki/scaffold/initial_label_adapter/linear/prediction_aware_thompson/seed7.json,212,0
biodolphin_Ki,scaffold,7,initial_label_adapter,linear,variance_reduction,4,120,1.2417775967873652,1.4111685064388084,-0.02555947469547104,0.8454545454545455,0.13432835820895522,0.11940298507462688,results/adaptation_study/runs/biodolphin_Ki/scaffold/initial_label_adapter/linear/variance_reduction/seed7.json,212,0
biodolphin_Ki,scaffold,7,initial_label_adapter,rbf,random,4,120,1.054988436546389,2.026375525371674,-0.6284175248619686,0.8,0.34328358208955223,0.1828358208955224,results/adaptation_study/runs/biodolphin_Ki/scaffold/initial_label_adapter/rbf/random/seed7.json,212,0
biodolphin_Ki,scaffold,7,initial_label_adapter,rbf,uncertainty,4,120,1.0768577220813018,2.1475962390422656,-0.792961001699197,0.7636363636363637,0.1044776119402985,0.08955223880597014,results/adaptation_study/runs/biodolphin_Ki/scaffold/initial_label_adapter/rbf/uncertainty/seed7.json,212,0
biodolphin_Ki,scaffold,7,initial_label_adapter,rbf,ucb_balanced,4,120,1.2605180645159013,1.8390230748867409,-0.42749792031816747,0.9818181818181818,0.8507462686567164,0.5932835820895522,results/adaptation_study/runs/biodolphin_Ki/scaffold/initial_label_adapter/rbf/ucb_balanced/seed7.json,212,0
biodolphin_Ki,scaffold,7,initial_label_adapter,rbf,thompson,4,120,1.0720053441821784,2.1583185338038224,-0.8054011266940073,0.7818181818181819,0.7761194029850746,0.47947761194029853,results/adaptation_study/runs/biodolphin_Ki/scaffold/initial_label_adapter/rbf/thompson/seed7.json,212,0
biodolphin_Ki,scaffold,7,initial_label_adapter,rbf,prediction_aware_thompson,4,120,1.1920161733037187,1.9326073516607587,-0.5362675637509611,0.8181818181818182,0.5074626865671642,0.24813432835820895,results/adaptation_study/runs/biodolphin_Ki/scaffold/initial_label_adapter/rbf/prediction_aware_thompson/seed7.json,212,0
biodolphin_Ki,scaffold,7,initial_label_adapter,rbf,variance_reduction,4,120,1.1938056893685611,1.482792004123491,-0.17225188539500502,0.7272727272727273,0.19402985074626866,0.1492537313432836,results/adaptation_study/runs/biodolphin_Ki/scaffold/initial_label_adapter/rbf/variance_reduction/seed7.json,212,0
biodolphin_Ki,scaffold,7,initial_label_adapter,matern32,random,4,120,1.0967597880741642,1.7054473949082514,-0.30004212743538816,0.8,0.34328358208955223,0.1828358208955224,results/adaptation_study/runs/biodolphin_Ki/scaffold/initial_label_adapter/matern32/random/seed7.json,212,1
biodolphin_Ki,scaffold,7,initial_label_adapter,matern32,uncertainty,4,120,1.2180605431545866,1.8942713857956008,-0.4912431801647721,0.8181818181818182,0.16417910447761194,0.13432835820895525,results/adaptation_study/runs/biodolphin_Ki/scaffold/initial_label_adapter/matern32/uncertainty/seed7.json,212,0
biodolphin_Ki,scaffold,7,initial_label_adapter,matern32,ucb_balanced,4,120,1.3978007420261105,1.4366855800697205,-0.13484386816997174,0.9818181818181818,0.8955223880597015,0.5242537313432836,results/adaptation_study/runs/biodolphin_Ki/scaffold/initial_label_adapter/matern32/ucb_balanced/seed7.json,212,0
biodolphin_Ki,scaffold,7,initial_label_adapter,matern32,thompson,4,120,1.2775734726190904,1.7929892807542753,-0.3739567964924537,0.9818181818181818,0.8208955223880597,0.4440298507462686,results/adaptation_study/runs/biodolphin_Ki/scaffold/initial_label_adapter/matern32/thompson/seed7.json,212,0
biodolphin_Ki,scaffold,7,initial_label_adapter,matern32,prediction_aware_thompson,4,120,1.1990185897696508,1.8252395052465862,-0.3792663854105447,0.6909090909090909,0.19402985074626866,0.13059701492537312,results/adaptation_study/runs/biodolphin_Ki/scaffold/initial_label_adapter/matern32/prediction_aware_thompson/seed7.json,212,0
biodolphin_Ki,scaffold,7,initial_label_adapter,matern32,variance_reduction,4,120,1.1740079318767458,1.946211575980074,-0.5523999353616993,0.7818181818181819,0.14925373134328357,0.12873134328358207,results/adaptation_study/runs/biodolphin_Ki/scaffold/initial_label_adapter/matern32/variance_reduction/seed7.json,212,0
biodolphin_Ki,scaffold,19,frozen_mlm,linear,random,4,120,1.2555007738039745,1.5291648484707212,0.15830978357709002,0.8345864661654135,0.47058823529411764,0.26838235294117646,results/robust_study_v2/runs/biodolphin_Ki/scaffold/esm2_35m/chemberta_mlm/linear/random/seed19.json,204,0
biodolphin_Ki,scaffold,19,frozen_mlm,linear,uncertainty,4,120,1.0426855605894974,1.4238220172877407,0.22342344982499296,0.8872180451127819,0.14705882352941177,0.14705882352941177,results/robust_study_v2/runs/biodolphin_Ki/scaffold/esm2_35m/chemberta_mlm/linear/uncertainty/seed19.json,204,0
biodolphin_Ki,scaffold,19,frozen_mlm,linear,ucb_balanced,4,120,1.3714281202137868,1.6453036053480616,0.05257006795514829,0.924812030075188,1.0,0.7757352941176471,results/robust_study_v2/runs/biodolphin_Ki/scaffold/esm2_35m/chemberta_mlm/linear/ucb_balanced/seed19.json,204,0
biodolphin_Ki,scaffold,19,frozen_mlm,linear,thompson,4,120,1.371778198471711,1.7354548483306693,-0.08100382175125431,0.9699248120300752,1.0,0.7169117647058822,results/robust_study_v2/runs/biodolphin_Ki/scaffold/esm2_35m/chemberta_mlm/linear/thompson/seed19.json,204,0
biodolphin_Ki,scaffold,19,frozen_mlm,linear,prediction_aware_thompson,4,120,1.1895782803175823,1.5145280162085017,0.13226162491599147,0.7669172932330827,0.35294117647058826,0.2536764705882353,results/robust_study_v2/runs/biodolphin_Ki/scaffold/esm2_35m/chemberta_mlm/linear/prediction_aware_thompson/seed19.json,204,0
biodolphin_Ki,scaffold,19,frozen_mlm,linear,variance_reduction,4,120,1.0603588702820794,1.5560169720161927,0.1201933113180641,0.7969924812030075,0.20588235294117646,0.17647058823529413,results/robust_study_v2/runs/biodolphin_Ki/scaffold/esm2_35m/chemberta_mlm/linear/variance_reduction/seed19.json,204,0
biodolphin_Ki,scaffold,19,frozen_mlm,rbf,random,4,120,1.3707491832325465,1.7427520942603705,-0.1532233274695196,0.8045112781954887,0.47058823529411764,0.26838235294117646,results/robust_study_v2/runs/biodolphin_Ki/scaffold/esm2_35m/chemberta_mlm/rbf/random/seed19.json,204,0
biodolphin_Ki,scaffold,19,frozen_mlm,rbf,uncertainty,4,120,1.1312865339379365,1.487529558943002,0.17482136364930723,0.8872180451127819,0.2647058823529412,0.19117647058823528,results/robust_study_v2/runs/biodolphin_Ki/scaffold/esm2_35m/chemberta_mlm/rbf/uncertainty/seed19.json,204,0
biodolphin_Ki,scaffold,19,frozen_mlm,rbf,ucb_balanced,4,120,1.3330868588976814,1.846961114887788,-0.34960459682785827,0.8646616541353384,1.0,0.7242647058823529,results/robust_study_v2/runs/biodolphin_Ki/scaffold/esm2_35m/chemberta_mlm/rbf/ucb_balanced/seed19.json,204,0
biodolphin_Ki,scaffold,19,frozen_mlm,rbf,thompson,4,120,1.3526028905469478,1.83306677330024,-0.3199392310509859,0.8345864661654135,0.9117647058823529,0.6470588235294118,results/robust_study_v2/runs/biodolphin_Ki/scaffold/esm2_35m/chemberta_mlm/rbf/thompson/seed19.json,204,0
biodolphin_Ki,scaffold,19,frozen_mlm,rbf,prediction_aware_thompson,4,120,1.137380475909717,1.513858833987782,0.16706309800705132,0.8270676691729323,0.4117647058823529,0.37867647058823534,results/robust_study_v2/runs/biodolphin_Ki/scaffold/esm2_35m/chemberta_mlm/rbf/prediction_aware_thompson/seed19.json,204,0
biodolphin_Ki,scaffold,19,frozen_mlm,rbf,variance_reduction,4,120,1.3702625850128658,1.745133869852383,-0.1573471447846384,0.8571428571428571,0.38235294117647056,0.2647058823529411,results/robust_study_v2/runs/biodolphin_Ki/scaffold/esm2_35m/chemberta_mlm/rbf/variance_reduction/seed19.json,204,0
biodolphin_Ki,scaffold,19,frozen_mlm,matern32,random,4,120,1.143678740874511,1.4506350408349449,0.2261386401110238,0.8421052631578947,0.47058823529411764,0.26838235294117646,results/robust_study_v2/runs/biodolphin_Ki/scaffold/esm2_35m/chemberta_mlm/matern32/random/seed19.json,204,0
biodolphin_Ki,scaffold,19,frozen_mlm,matern32,uncertainty,4,120,1.3810220683016763,1.6978456919336957,-0.08214657723154928,0.8796992481203008,0.17647058823529413,0.15073529411764705,results/robust_study_v2/runs/biodolphin_Ki/scaffold/esm2_35m/chemberta_mlm/matern32/uncertainty/seed19.json,204,0
biodolphin_Ki,scaffold,19,frozen_mlm,matern32,ucb_balanced,4,120,1.247006894946134,1.7700596456286422,-0.21831652498489884,0.8796992481203008,1.0,0.7316176470588235,results/robust_study_v2/runs/biodolphin_Ki/scaffold/esm2_35m/chemberta_mlm/matern32/ucb_balanced/seed19.json,204,0
biodolphin_Ki,scaffold,19,frozen_mlm,matern32,thompson,4,120,1.1316512894200614,1.411885482082308,0.21131993221058376,0.8421052631578947,1.0,0.5477941176470589,results/robust_study_v2/runs/biodolphin_Ki/scaffold/esm2_35m/chemberta_mlm/matern32/thompson/seed19.json,204,0
biodolphin_Ki,scaffold,19,frozen_mlm,matern32,prediction_aware_thompson,4,120,1.1071832122827392,1.4505896696746452,0.20781552211835608,0.8345864661654135,0.4117647058823529,0.35661764705882354,results/robust_study_v2/runs/biodolphin_Ki/scaffold/esm2_35m/chemberta_mlm/matern32/prediction_aware_thompson/seed19.json,204,0
biodolphin_Ki,scaffold,19,frozen_mlm,matern32,variance_reduction,4,120,1.3656645258825357,1.7911941633168809,-0.24244020056133642,0.8195488721804511,0.4117647058823529,0.275735294117647,results/robust_study_v2/runs/biodolphin_Ki/scaffold/esm2_35m/chemberta_mlm/matern32/variance_reduction/seed19.json,204,0
biodolphin_Ki,scaffold,19,lipid_ssl,linear,random,4,120,1.2552741291773437,1.5397807473525442,0.1465730491559334,0.8571428571428571,0.47058823529411764,0.26838235294117646,results/adaptation_study/runs/biodolphin_Ki/scaffold/lipid_ssl/linear/random/seed19.json,204,0
biodolphin_Ki,scaffold,19,lipid_ssl,linear,uncertainty,4,120,1.0334129150773104,1.4424054302057443,0.21969159703594,0.9172932330827067,0.14705882352941177,0.14705882352941177,results/adaptation_study/runs/biodolphin_Ki/scaffold/lipid_ssl/linear/uncertainty/seed19.json,204,0
biodolphin_Ki,scaffold,19,lipid_ssl,linear,ucb_balanced,4,120,1.4939151650118443,1.5723325913013708,0.0691029469948411,0.9548872180451128,1.0,0.7683823529411765,results/adaptation_study/runs/biodolphin_Ki/scaffold/lipid_ssl/linear/ucb_balanced/seed19.json,204,0
biodolphin_Ki,scaffold,19,lipid_ssl,linear,thompson,4,120,1.5371597035702789,1.4974561880343458,0.12314119921886535,0.8872180451127819,1.0,0.7022058823529411,results/adaptation_study/runs/biodolphin_Ki/scaffold/lipid_ssl/linear/thompson/seed19.json,204,0
biodolphin_Ki,scaffold,19,lipid_ssl,linear,prediction_aware_thompson,4,120,1.2548471025681938,1.4729061888322887,0.15554504020722615,0.8421052631578947,0.38235294117647056,0.25,results/adaptation_study/runs/biodolphin_Ki/scaffold/lipid_ssl/linear/prediction_aware_thompson/seed19.json,204,0
biodolphin_Ki,scaffold,19,lipid_ssl,linear,variance_reduction,4,120,1.1003715599752641,1.5438240534368932,0.13510689026380496,0.8195488721804511,0.20588235294117646,0.17647058823529413,results/adaptation_study/runs/biodolphin_Ki/scaffold/lipid_ssl/linear/variance_reduction/seed19.json,204,0
biodolphin_Ki,scaffold,19,lipid_ssl,rbf,random,4,120,1.1785616512898525,1.484436625215674,0.201849096593691,0.849624060150376,0.47058823529411764,0.26838235294117646,results/adaptation_study/runs/biodolphin_Ki/scaffold/lipid_ssl/rbf/random/seed19.json,204,0
biodolphin_Ki,scaffold,19,lipid_ssl,rbf,uncertainty,4,120,1.0911391899118672,1.4235769600177703,0.2209031218127624,0.8721804511278195,0.2647058823529412,0.19117647058823528,results/adaptation_study/runs/biodolphin_Ki/scaffold/lipid_ssl/rbf/uncertainty/seed19.json,204,0
biodolphin_Ki,scaffold,19,lipid_ssl,rbf,ucb_balanced,4,120,1.3320007701353378,1.8503747554978693,-0.35813970245692106,0.8571428571428571,1.0,0.7169117647058822,results/adaptation_study/runs/biodolphin_Ki/scaffold/lipid_ssl/rbf/ucb_balanced/seed19.json,204,0
biodolphin_Ki,scaffold,19,lipid_ssl,rbf,thompson,4,120,1.3694560787752212,1.7514647305478555,-0.16857328957284423,0.8270676691729323,0.8529411764705882,0.6176470588235294,results/adaptation_study/runs/biodolphin_Ki/scaffold/lipid_ssl/rbf/thompson/seed19.json,204,0
biodolphin_Ki,scaffold,19,lipid_ssl,rbf,prediction_aware_thompson,4,120,1.2200636187236005,1.633501864103334,0.016440024019826027,0.8872180451127819,0.4411764705882353,0.38235294117647056,results/adaptation_study/runs/biodolphin_Ki/scaffold/lipid_ssl/rbf/prediction_aware_thompson/seed19.json,204,0
biodolphin_Ki,scaffold,19,lipid_ssl,rbf,variance_reduction,4,120,1.36957705848713,1.7503625365120534,-0.16659213811565765,0.8571428571428571,0.38235294117647056,0.2647058823529411,results/adaptation_study/runs/biodolphin_Ki/scaffold/lipid_ssl/rbf/variance_reduction/seed19.json,204,0
biodolphin_Ki,scaffold,19,lipid_ssl,matern32,random,4,120,1.1446157281742737,1.4570833663928757,0.2193826557793359,0.8421052631578947,0.47058823529411764,0.26838235294117646,results/adaptation_study/runs/biodolphin_Ki/scaffold/lipid_ssl/matern32/random/seed19.json,204,0
biodolphin_Ki,scaffold,19,lipid_ssl,matern32,uncertainty,4,120,1.1157199796809494,1.3536280287933231,0.29772345013312695,0.849624060150376,0.20588235294117646,0.1691176470588235,results/adaptation_study/runs/biodolphin_Ki/scaffold/lipid_ssl/matern32/uncertainty/seed19.json,204,0
biodolphin_Ki,scaffold,19,lipid_ssl,matern32,ucb_balanced,4,120,1.2678458006673143,1.816928411073872,-0.29717246059259383,0.8721804511278195,1.0,0.7316176470588235,results/adaptation_study/runs/biodolphin_Ki/scaffold/lipid_ssl/matern32/ucb_balanced/seed19.json,204,0
biodolphin_Ki,scaffold,19,lipid_ssl,matern32,thompson,4,120,1.2914347243688504,1.7954321490969367,-0.23182469620838386,0.8195488721804511,0.8529411764705882,0.5294117647058824,results/adaptation_study/runs/biodolphin_Ki/scaffold/lipid_ssl/matern32/thompson/seed19.json,204,0
biodolphin_Ki,scaffold,19,lipid_ssl,matern32,prediction_aware_thompson,4,120,1.077347630732758,1.4807420924329224,0.18245598061012303,0.849624060150376,0.4411764705882353,0.38235294117647056,results/adaptation_study/runs/biodolphin_Ki/scaffold/lipid_ssl/matern32/prediction_aware_thompson/seed19.json,204,0
biodolphin_Ki,scaffold,19,lipid_ssl,matern32,variance_reduction,4,120,1.3644880854135177,1.8160011546967114,-0.28697645266464766,0.8195488721804511,0.4117647058823529,0.275735294117647,results/adaptation_study/runs/biodolphin_Ki/scaffold/lipid_ssl/matern32/variance_reduction/seed19.json,204,0
biodolphin_Ki,scaffold,19,initial_label_adapter,linear,random,4,120,1.2549691586563116,1.5288660566725907,0.1585597595082967,0.8345864661654135,0.47058823529411764,0.26838235294117646,results/adaptation_study/runs/biodolphin_Ki/scaffold/initial_label_adapter/linear/random/seed19.json,204,0
biodolphin_Ki,scaffold,19,initial_label_adapter,linear,uncertainty,4,120,1.042393970434414,1.423605705708083,0.2235809413304558,0.8872180451127819,0.14705882352941177,0.14705882352941177,results/adaptation_study/runs/biodolphin_Ki/scaffold/initial_label_adapter/linear/uncertainty/seed19.json,204,0
biodolphin_Ki,scaffold,19,initial_label_adapter,linear,ucb_balanced,4,120,1.3714495105507092,1.6453257239976766,0.052498201358177066,0.924812030075188,1.0,0.7757352941176471,results/adaptation_study/runs/biodolphin_Ki/scaffold/initial_label_adapter/linear/ucb_balanced/seed19.json,204,0
biodolphin_Ki,scaffold,19,initial_label_adapter,linear,thompson,4,120,1.3717309977449703,1.7351467214375977,-0.08084951597039347,0.9699248120300752,1.0,0.7169117647058822,results/adaptation_study/runs/biodolphin_Ki/scaffold/initial_label_adapter/linear/thompson/seed19.json,204,0
biodolphin_Ki,scaffold,19,initial_label_adapter,linear,prediction_aware_thompson,4,120,1.139052516163156,1.4935890953465958,0.17116883738504518,0.8045112781954887,0.4117647058823529,0.26102941176470584,results/adaptation_study/runs/biodolphin_Ki/scaffold/initial_label_adapter/linear/prediction_aware_thompson/seed19.json,204,0
biodolphin_Ki,scaffold,19,initial_label_adapter,linear,variance_reduction,4,120,1.0599881849510673,1.5557359921510017,0.1202858010486032,0.7969924812030075,0.20588235294117646,0.17647058823529413,results/adaptation_study/runs/biodolphin_Ki/scaffold/initial_label_adapter/linear/variance_reduction/seed19.json,204,0
biodolphin_Ki,scaffold,19,initial_label_adapter,rbf,random,4,120,1.17611180968053,1.4763724240978882,0.21046925646985204,0.849624060150376,0.47058823529411764,0.26838235294117646,results/adaptation_study/runs/biodolphin_Ki/scaffold/initial_label_adapter/rbf/random/seed19.json,204,0
biodolphin_Ki,scaffold,19,initial_label_adapter,rbf,uncertainty,4,120,1.1513070716853286,1.495485128583026,0.17473768887092633,0.8796992481203008,0.2647058823529412,0.19117647058823528,results/adaptation_study/runs/biodolphin_Ki/scaffold/initial_label_adapter/rbf/uncertainty/seed19.json,204,0
biodolphin_Ki,scaffold,19,initial_label_adapter,rbf,ucb_balanced,4,120,1.3331143527593612,1.8469783848497854,-0.3496315368345648,0.8646616541353384,1.0,0.7242647058823529,results/adaptation_study/runs/biodolphin_Ki/scaffold/initial_label_adapter/rbf/ucb_balanced/seed19.json,204,0
biodolphin_Ki,scaffold,19,initial_label_adapter,rbf,thompson,4,120,1.3526128290327435,1.8330636683546035,-0.3199325910023991,0.8345864661654135,0.9117647058823529,0.6470588235294118,results/adaptation_study/runs/biodolphin_Ki/scaffold/initial_label_adapter/rbf/thompson/seed19.json,204,0
biodolphin_Ki,scaffold,19,initial_label_adapter,rbf,prediction_aware_thompson,4,120,1.1374961166539268,1.514057856520396,0.16673264534253152,0.8270676691729323,0.4117647058823529,0.37867647058823534,results/adaptation_study/runs/biodolphin_Ki/scaffold/initial_label_adapter/rbf/prediction_aware_thompson/seed19.json,204,0
biodolphin_Ki,scaffold,19,initial_label_adapter,rbf,variance_reduction,4,120,1.3702631360096311,1.7451311695599987,-0.15734243848010165,0.8571428571428571,0.38235294117647056,0.2647058823529411,results/adaptation_study/runs/biodolphin_Ki/scaffold/initial_label_adapter/rbf/variance_reduction/seed19.json,204,0
biodolphin_Ki,scaffold,19,initial_label_adapter,matern32,random,4,120,1.1433920102091584,1.4505158875506037,0.2261954090793047,0.8421052631578947,0.47058823529411764,0.26838235294117646,results/adaptation_study/runs/biodolphin_Ki/scaffold/initial_label_adapter/matern32/random/seed19.json,204,0
biodolphin_Ki,scaffold,19,initial_label_adapter,matern32,uncertainty,4,120,1.3810214523302864,1.6978473511303045,-0.08214916824456053,0.8796992481203008,0.17647058823529413,0.15073529411764705,results/adaptation_study/runs/biodolphin_Ki/scaffold/initial_label_adapter/matern32/uncertainty/seed19.json,204,0
biodolphin_Ki,scaffold,19,initial_label_adapter,matern32,ucb_balanced,4,120,1.2470816449053628,1.770157113775479,-0.21845979836687057,0.8796992481203008,1.0,0.7316176470588235,results/adaptation_study/runs/biodolphin_Ki/scaffold/initial_label_adapter/matern32/ucb_balanced/seed19.json,204,0
biodolphin_Ki,scaffold,19,initial_label_adapter,matern32,thompson,4,120,1.1314650775263129,1.4121193014729583,0.21105667540437023,0.8421052631578947,1.0,0.5477941176470589,results/adaptation_study/runs/biodolphin_Ki/scaffold/initial_label_adapter/matern32/thompson/seed19.json,204,0
biodolphin_Ki,scaffold,19,initial_label_adapter,matern32,prediction_aware_thompson,4,120,1.1072466735164863,1.4507505627193102,0.20766446521135395,0.8345864661654135,0.4117647058823529,0.35661764705882354,results/adaptation_study/runs/biodolphin_Ki/scaffold/initial_label_adapter/matern32/prediction_aware_thompson/seed19.json,204,0
biodolphin_Ki,scaffold,19,initial_label_adapter,matern32,variance_reduction,4,120,1.3656648465107222,1.7911903421443767,-0.24243362976453064,0.8195488721804511,0.4117647058823529,0.275735294117647,results/adaptation_study/runs/biodolphin_Ki/scaffold/initial_label_adapter/matern32/variance_reduction/seed19.json,204,0
biodolphin_Ki,scaffold,42,frozen_mlm,linear,random,4,120,1.2409825810807342,1.5837947228646194,0.24310688643790257,0.7545454545454545,0.43661971830985913,0.272887323943662,results/robust_study_v2/runs/biodolphin_Ki/scaffold/esm2_35m/chemberta_mlm/linear/random/seed42.json,210,0
biodolphin_Ki,scaffold,42,frozen_mlm,linear,uncertainty,4,120,1.0772496452903049,1.643577616436838,0.21035602029357814,0.9,0.11267605633802817,0.11267605633802817,results/robust_study_v2/runs/biodolphin_Ki/scaffold/esm2_35m/chemberta_mlm/linear/uncertainty/seed42.json,210,0
biodolphin_Ki,scaffold,42,frozen_mlm,linear,ucb_balanced,4,120,1.3695963066247936,1.6830996084966363,0.23280845642251002,0.9636363636363636,0.9154929577464789,0.5475352112676056,results/robust_study_v2/runs/biodolphin_Ki/scaffold/esm2_35m/chemberta_mlm/linear/ucb_balanced/seed42.json,210,0
biodolphin_Ki,scaffold,42,frozen_mlm,linear,thompson,4,120,1.1058259548553182,1.7644098543417737,0.06117325247948724,0.7272727272727273,0.7605633802816901,0.3732394366197183,results/robust_study_v2/runs/biodolphin_Ki/scaffold/esm2_35m/chemberta_mlm/linear/thompson/seed42.json,210,0
biodolphin_Ki,scaffold,42,frozen_mlm,linear,prediction_aware_thompson,4,120,1.1657296701381055,1.615526747003874,0.2367318657375005,0.8636363636363636,0.28169014084507044,0.18661971830985916,results/robust_study_v2/runs/biodolphin_Ki/scaffold/esm2_35m/chemberta_mlm/linear/prediction_aware_thompson/seed42.json,210,0
biodolphin_Ki,scaffold,42,frozen_mlm,linear,variance_reduction,4,120,1.0763321904749612,1.5534220310645912,0.2986658986429792,0.8818181818181818,0.2535211267605634,0.176056338028169,results/robust_study_v2/runs/biodolphin_Ki/scaffold/esm2_35m/chemberta_mlm/linear/variance_reduction/seed42.json,210,0
biodolphin_Ki,scaffold,42,frozen_mlm,rbf,random,4,120,1.289329851936277,1.8579465385057947,0.0024405965696878695,0.7090909090909091,0.43661971830985913,0.272887323943662,results/robust_study_v2/runs/biodolphin_Ki/scaffold/esm2_35m/chemberta_mlm/rbf/random/seed42.json,210,0
biodolphin_Ki,scaffold,42,frozen_mlm,rbf,uncertainty,4,120,1.20453383173132,1.93987879422778,-0.08979926344348388,0.8545454545454545,0.2535211267605634,0.16549295774647885,results/robust_study_v2/runs/biodolphin_Ki/scaffold/esm2_35m/chemberta_mlm/rbf/uncertainty/seed42.json,210,0
biodolphin_Ki,scaffold,42,frozen_mlm,rbf,ucb_balanced,4,120,1.2836912760698433,2.1240465043512553,-0.29179874796800553,0.8909090909090909,0.9436619718309859,0.5616197183098591,results/robust_study_v2/runs/biodolphin_Ki/scaffold/esm2_35m/chemberta_mlm/rbf/ucb_balanced/seed42.json,210,0
biodolphin_Ki,scaffold,42,frozen_mlm,rbf,thompson,4,120,1.2442617141510168,1.9030225355105332,-0.03722177498032919,0.8,0.7183098591549296,0.32922535211267606,results/robust_study_v2/runs/biodolphin_Ki/scaffold/esm2_35m/chemberta_mlm/rbf/thompson/seed42.json,210,0
biodolphin_Ki,scaffold,42,frozen_mlm,rbf,prediction_aware_thompson,4,120,1.1082592143821883,1.8783451317513364,-0.04028321311181471,0.7272727272727273,0.38028169014084506,0.25880281690140844,results/robust_study_v2/runs/biodolphin_Ki/scaffold/esm2_35m/chemberta_mlm/rbf/prediction_aware_thompson/seed42.json,210,0
biodolphin_Ki,scaffold,42,frozen_mlm,rbf,variance_reduction,4,120,1.1519507729421552,1.627503571672566,0.24604299794749795,0.8818181818181818,0.22535211267605634,0.16549295774647885,results/robust_study_v2/runs/biodolphin_Ki/scaffold/esm2_35m/chemberta_mlm/rbf/variance_reduction/seed42.json,210,0
biodolphin_Ki,scaffold,42,frozen_mlm,matern32,random,4,120,1.1617997688507642,1.6100934268373102,0.23945277047239089,0.7818181818181819,0.43661971830985913,0.272887323943662,results/robust_study_v2/runs/biodolphin_Ki/scaffold/esm2_35m/chemberta_mlm/matern32/random/seed42.json,210,0
biodolphin_Ki,scaffold,42,frozen_mlm,matern32,uncertainty,4,120,1.2045325005787795,1.9398806604100824,-0.08980155651177335,0.8545454545454545,0.2535211267605634,0.16549295774647885,results/robust_study_v2/runs/biodolphin_Ki/scaffold/esm2_35m/chemberta_mlm/matern32/uncertainty/seed42.json,210,0
biodolphin_Ki,scaffold,42,frozen_mlm,matern32,ucb_balanced,4,120,1.3300072942187546,1.957617380988388,-0.22002385294510263,0.9090909090909091,0.9436619718309859,0.5616197183098591,results/robust_study_v2/runs/biodolphin_Ki/scaffold/esm2_35m/chemberta_mlm/matern32/ucb_balanced/seed42.json,210,0
biodolphin_Ki,scaffold,42,frozen_mlm,matern32,thompson,4,120,1.2411068575655284,1.9052816078566808,-0.04034677658089447,0.8363636363636363,0.6619718309859155,0.32922535211267606,results/robust_study_v2/runs/biodolphin_Ki/scaffold/esm2_35m/chemberta_mlm/matern32/thompson/seed42.json,210,0
biodolphin_Ki,scaffold,42,frozen_mlm,matern32,prediction_aware_thompson,4,120,1.1401686454065112,1.7163738269165594,0.1697463679804042,0.6818181818181818,0.4225352112676056,0.27112676056338025,results/robust_study_v2/runs/biodolphin_Ki/scaffold/esm2_35m/chemberta_mlm/matern32/prediction_aware_thompson/seed42.json,210,0
biodolphin_Ki,scaffold,42,frozen_mlm,matern32,variance_reduction,4,120,1.1152045793440577,1.7017340576303746,0.1807742070708187,0.8181818181818182,0.2112676056338028,0.1672535211267606,results/robust_study_v2/runs/biodolphin_Ki/scaffold/esm2_35m/chemberta_mlm/matern32/variance_reduction/seed42.json,210,0
biodolphin_Ki,scaffold,42,lipid_ssl,linear,random,4,120,1.2005750511997928,1.5735074738638792,0.25232391154267797,0.7545454545454545,0.43661971830985913,0.272887323943662,results/adaptation_study/runs/biodolphin_Ki/scaffold/lipid_ssl/linear/random/seed42.json,210,0
biodolphin_Ki,scaffold,42,lipid_ssl,linear,uncertainty,4,120,1.0476022510314584,1.6270755952294627,0.22567634952577353,0.9,0.11267605633802817,0.11267605633802817,results/adaptation_study/runs/biodolphin_Ki/scaffold/lipid_ssl/linear/uncertainty/seed42.json,210,0
biodolphin_Ki,scaffold,42,lipid_ssl,linear,ucb_balanced,4,120,1.1658821927130196,1.7340866136063884,0.1206079866866897,0.8909090909090909,0.971830985915493,0.5440140845070424,results/adaptation_study/runs/biodolphin_Ki/scaffold/lipid_ssl/linear/ucb_balanced/seed42.json,210,0
biodolphin_Ki,scaffold,42,lipid_ssl,linear,thompson,4,120,1.1373845956409463,1.8236647423051413,0.014435764168562737,0.7090909090909091,0.704225352112676,0.3626760563380282,results/adaptation_study/runs/biodolphin_Ki/scaffold/lipid_ssl/linear/thompson/seed42.json,210,0
biodolphin_Ki,scaffold,42,lipid_ssl,linear,prediction_aware_thompson,4,120,1.0405491760884509,1.6521823416857735,0.17327789081844192,0.9,0.29577464788732394,0.20246478873239435,results/adaptation_study/runs/biodolphin_Ki/scaffold/lipid_ssl/linear/prediction_aware_thompson/seed42.json,210,0
biodolphin_Ki,scaffold,42,lipid_ssl,linear,variance_reduction,4,120,1.0387459356879551,1.5254133494928561,0.3038150040401105,0.9,0.22535211267605634,0.17253521126760563,results/adaptation_study/runs/biodolphin_Ki/scaffold/lipid_ssl/linear/variance_reduction/seed42.json,210,0
biodolphin_Ki,scaffold,42,lipid_ssl,rbf,random,4,120,1.1533869314973693,1.57854082015473,0.26521665586666887,0.7818181818181819,0.43661971830985913,0.272887323943662,results/adaptation_study/runs/biodolphin_Ki/scaffold/lipid_ssl/rbf/random/seed42.json,210,0
biodolphin_Ki,scaffold,42,lipid_ssl,rbf,uncertainty,4,120,1.2045340146292294,1.9398785376956476,-0.08979894834203095,0.8545454545454545,0.2535211267605634,0.16549295774647885,results/adaptation_study/runs/biodolphin_Ki/scaffold/lipid_ssl/rbf/uncertainty/seed42.json,210,0
biodolphin_Ki,scaffold,42,lipid_ssl,rbf,ucb_balanced,4,120,1.2821943112486935,2.098479567184806,-0.25443581975294016,0.9636363636363636,0.9436619718309859,0.5616197183098591,results/adaptation_study/runs/biodolphin_Ki/scaffold/lipid_ssl/rbf/ucb_balanced/seed42.json,210,0
biodolphin_Ki,scaffold,42,lipid_ssl,rbf,thompson,4,120,1.257765271992664,1.8939024600539949,-0.02526969066508089,0.7363636363636363,0.7183098591549296,0.33978873239436624,results/adaptation_study/runs/biodolphin_Ki/scaffold/lipid_ssl/rbf/thompson/seed42.json,210,0
biodolphin_Ki,scaffold,42,lipid_ssl,rbf,prediction_aware_thompson,4,120,1.0741492652226883,1.8827287565935669,-0.06276055603071895,0.6909090909090909,0.4084507042253521,0.272887323943662,results/adaptation_study/runs/biodolphin_Ki/scaffold/lipid_ssl/rbf/prediction_aware_thompson/seed42.json,210,0
biodolphin_Ki,scaffold,42,lipid_ssl,rbf,variance_reduction,4,120,1.1660927150952145,1.6739090490027262,0.15813072563407327,0.8818181818181818,0.2112676056338028,0.16373239436619716,results/adaptation_study/runs/biodolphin_Ki/scaffold/lipid_ssl/rbf/variance_reduction/seed42.json,210,0
biodolphin_Ki,scaffold,42,lipid_ssl,matern32,random,4,120,1.149044664815719,1.6036670710649485,0.24377551847441714,0.7727272727272727,0.43661971830985913,0.272887323943662,results/adaptation_study/runs/biodolphin_Ki/scaffold/lipid_ssl/matern32/random/seed42.json,210,0
biodolphin_Ki,scaffold,42,lipid_ssl,matern32,uncertainty,4,120,1.204532307649523,1.9398809304799998,-0.08980188872437478,0.8545454545454545,0.2535211267605634,0.16549295774647885,results/adaptation_study/runs/biodolphin_Ki/scaffold/lipid_ssl/matern32/uncertainty/seed42.json,210,0
biodolphin_Ki,scaffold,42,lipid_ssl,matern32,ucb_balanced,4,120,1.2326013348990597,1.9828383025550789,-0.3405894365388651,0.8272727272727273,0.8873239436619719,0.5651408450704225,results/adaptation_study/runs/biodolphin_Ki/scaffold/lipid_ssl/matern32/ucb_balanced/seed42.json,210,0
biodolphin_Ki,scaffold,42,lipid_ssl,matern32,thompson,4,120,1.2411075025627303,1.9052810505179307,-0.0403461000407872,0.8363636363636363,0.6619718309859155,0.32922535211267606,results/adaptation_study/runs/biodolphin_Ki/scaffold/lipid_ssl/matern32/thompson/seed42.json,210,0
biodolphin_Ki,scaffold,42,lipid_ssl,matern32,prediction_aware_thompson,4,120,1.1357258506424042,1.6209352379761064,0.2368501699831902,0.7818181818181819,0.38028169014084506,0.24823943661971834,results/adaptation_study/runs/biodolphin_Ki/scaffold/lipid_ssl/matern32/prediction_aware_thompson/seed42.json,210,0
biodolphin_Ki,scaffold,42,lipid_ssl,matern32,variance_reduction,4,120,1.097523800500891,1.7098231330238896,0.1675528947078525,0.8,0.22535211267605634,0.16901408450704225,results/adaptation_study/runs/biodolphin_Ki/scaffold/lipid_ssl/matern32/variance_reduction/seed42.json,210,0
biodolphin_Ki,scaffold,42,initial_label_adapter,linear,random,4,120,1.2394991611110764,1.5840122104058976,0.2429714771413085,0.7545454545454545,0.43661971830985913,0.272887323943662,results/adaptation_study/runs/biodolphin_Ki/scaffold/initial_label_adapter/linear/random/seed42.json,210,0
biodolphin_Ki,scaffold,42,initial_label_adapter,linear,uncertainty,4,120,1.0691895186415166,1.6371411494081214,0.2153124106329789,0.8818181818181818,0.11267605633802817,0.11267605633802817,results/adaptation_study/runs/biodolphin_Ki/scaffold/initial_label_adapter/linear/uncertainty/seed42.json,210,0
biodolphin_Ki,scaffold,42,initial_label_adapter,linear,ucb_balanced,4,120,1.3671251578607664,1.6821789069539004,0.23331919067796003,0.9636363636363636,0.9154929577464789,0.5475352112676056,results/adaptation_study/runs/biodolphin_Ki/scaffold/initial_label_adapter/linear/ucb_balanced/seed42.json,210,0
biodolphin_Ki,scaffold,42,initial_label_adapter,linear,thompson,4,120,1.1048944653036397,1.7646292238229033,0.06088041051018378,0.7181818181818181,0.7605633802816901,0.3732394366197183,results/adaptation_study/runs/biodolphin_Ki/scaffold/initial_label_adapter/linear/thompson/seed42.json,210,0
biodolphin_Ki,scaffold,42,initial_label_adapter,linear,prediction_aware_thompson,4,120,1.168546886078256,1.5727351287545515,0.28471380409815206,0.9,0.28169014084507044,0.19718309859154934,results/adaptation_study/runs/biodolphin_Ki/scaffold/initial_label_adapter/linear/prediction_aware_thompson/seed42.json,210,0
biodolphin_Ki,scaffold,42,initial_label_adapter,linear,variance_reduction,4,120,1.05517076381181,1.4862682844962083,0.3209418556597179,0.8727272727272727,0.23943661971830985,0.17429577464788734,results/adaptation_study/runs/biodolphin_Ki/scaffold/initial_label_adapter/linear/variance_reduction/seed42.json,210,0
biodolphin_Ki,scaffold,42,initial_label_adapter,rbf,random,4,120,1.1736324658634558,1.5869422949190042,0.25852346984752217,0.7818181818181819,0.43661971830985913,0.272887323943662,results/adaptation_study/runs/biodolphin_Ki/scaffold/initial_label_adapter/rbf/random/seed42.json,210,0
biodolphin_Ki,scaffold,42,initial_label_adapter,rbf,uncertainty,4,120,1.2045341378157512,1.939878364914552,-0.08979873611327971,0.8545454545454545,0.2535211267605634,0.16549295774647885,results/adaptation_study/runs/biodolphin_Ki/scaffold/initial_label_adapter/rbf/uncertainty/seed42.json,210,0
biodolphin_Ki,scaffold,42,initial_label_adapter,rbf,ucb_balanced,4,120,1.2831673472132334,2.124216940569755,-0.2911023481053572,0.8909090909090909,0.9436619718309859,0.5616197183098591,results/adaptation_study/runs/biodolphin_Ki/scaffold/initial_label_adapter/rbf/ucb_balanced/seed42.json,210,0
biodolphin_Ki,scaffold,42,initial_label_adapter,rbf,thompson,4,120,1.2577648675549888,1.8939027082316593,-0.025270014084929127,0.7363636363636363,0.7183098591549296,0.33978873239436624,results/adaptation_study/runs/biodolphin_Ki/scaffold/initial_label_adapter/rbf/thompson/seed42.json,210,0
biodolphin_Ki,scaffold,42,initial_label_adapter,rbf,prediction_aware_thompson,4,120,1.0865869105698729,1.7279572047007747,0.06910463871140693,0.7818181818181819,0.36619718309859156,0.2535211267605634,results/adaptation_study/runs/biodolphin_Ki/scaffold/initial_label_adapter/rbf/prediction_aware_thompson/seed42.json,210,0
biodolphin_Ki,scaffold,42,initial_label_adapter,rbf,variance_reduction,4,120,1.1514381454628027,1.6273651776669857,0.2463313283322759,0.8818181818181818,0.22535211267605634,0.16549295774647885,results/adaptation_study/runs/biodolphin_Ki/scaffold/initial_label_adapter/rbf/variance_reduction/seed42.json,210,0
biodolphin_Ki,scaffold,42,initial_label_adapter,matern32,random,4,120,1.1604683155713298,1.6100155451884113,0.23933368657931386,0.7818181818181819,0.43661971830985913,0.272887323943662,results/adaptation_study/runs/biodolphin_Ki/scaffold/initial_label_adapter/matern32/random/seed42.json,210,0
biodolphin_Ki,scaffold,42,initial_label_adapter,matern32,uncertainty,4,120,1.19996554466714,1.9462862608563838,-0.09784208620614376,0.8545454545454545,0.2535211267605634,0.16549295774647885,results/adaptation_study/runs/biodolphin_Ki/scaffold/initial_label_adapter/matern32/uncertainty/seed42.json,210,0
biodolphin_Ki,scaffold,42,initial_label_adapter,matern32,ucb_balanced,4,120,1.3293356649815968,1.9579620019607253,-0.21864947605692686,0.9090909090909091,0.9436619718309859,0.5616197183098591,results/adaptation_study/runs/biodolphin_Ki/scaffold/initial_label_adapter/matern32/ucb_balanced/seed42.json,210,0
biodolphin_Ki,scaffold,42,initial_label_adapter,matern32,thompson,4,120,1.2577630890790217,1.8939038213005486,-0.025271440726961192,0.7363636363636363,0.7183098591549296,0.33978873239436624,results/adaptation_study/runs/biodolphin_Ki/scaffold/initial_label_adapter/matern32/thompson/seed42.json,210,0
biodolphin_Ki,scaffold,42,initial_label_adapter,matern32,prediction_aware_thompson,4,120,1.0554916584100238,1.669899152569204,0.17950687766758666,0.7636363636363637,0.323943661971831,0.2306338028169014,results/adaptation_study/runs/biodolphin_Ki/scaffold/initial_label_adapter/matern32/prediction_aware_thompson/seed42.json,210,0
biodolphin_Ki,scaffold,42,initial_label_adapter,matern32,variance_reduction,4,120,1.114605151706839,1.7014858966741526,0.18118022312752147,0.8181818181818182,0.2112676056338028,0.1672535211267606,results/adaptation_study/runs/biodolphin_Ki/scaffold/initial_label_adapter/matern32/variance_reduction/seed42.json,210,0
biodolphin_Ki,scaffold,73,frozen_mlm,linear,random,4,120,1.3972697218825259,1.4708090959534068,0.20321264071018375,0.8636363636363636,0.35714285714285715,0.2339285714285714,results/robust_study_v2/runs/biodolphin_Ki/scaffold/esm2_35m/chemberta_mlm/linear/random/seed73.json,208,0
biodolphin_Ki,scaffold,73,frozen_mlm,linear,uncertainty,4,120,1.2401413013740668,1.5257495115204416,0.24607511634352763,0.9818181818181818,0.14285714285714285,0.1357142857142857,results/robust_study_v2/runs/biodolphin_Ki/scaffold/esm2_35m/chemberta_mlm/linear/uncertainty/seed73.json,208,0
biodolphin_Ki,scaffold,73,frozen_mlm,linear,ucb_balanced,4,120,1.2209513218916899,1.6431165062689024,0.20564960241166585,0.9454545454545454,0.9142857142857143,0.49642857142857144,results/robust_study_v2/runs/biodolphin_Ki/scaffold/esm2_35m/chemberta_mlm/linear/ucb_balanced/seed73.json,208,0
biodolphin_Ki,scaffold,73,frozen_mlm,linear,thompson,4,120,1.8133553213378448,1.9347519731014184,-0.33783679178626924,0.8090909090909091,0.6857142857142857,0.39999999999999997,results/robust_study_v2/runs/biodolphin_Ki/scaffold/esm2_35m/chemberta_mlm/linear/thompson/seed73.json,208,0
biodolphin_Ki,scaffold,73,frozen_mlm,linear,prediction_aware_thompson,4,120,1.234708285919522,1.584306843016111,0.2743675804556788,0.9545454545454546,0.2714285714285714,0.16964285714285712,results/robust_study_v2/runs/biodolphin_Ki/scaffold/esm2_35m/chemberta_mlm/linear/prediction_aware_thompson/seed73.json,208,0
biodolphin_Ki,scaffold,73,frozen_mlm,linear,variance_reduction,4,120,1.1475364379592605,1.5078468713373427,0.2639760712802216,0.7818181818181819,0.17142857142857143,0.10714285714285715,results/robust_study_v2/runs/biodolphin_Ki/scaffold/esm2_35m/chemberta_mlm/linear/variance_reduction/seed73.json,208,0
biodolphin_Ki,scaffold,73,frozen_mlm,rbf,random,4,120,1.3438088713636789,1.328274809965154,0.3276726327168392,0.8727272727272727,0.35714285714285715,0.2339285714285714,results/robust_study_v2/runs/biodolphin_Ki/scaffold/esm2_35m/chemberta_mlm/rbf/random/seed73.json,208,0
biodolphin_Ki,scaffold,73,frozen_mlm,rbf,uncertainty,4,120,1.313450712140194,1.876708333566952,-0.005166977353556534,0.8181818181818182,0.1,0.09464285714285714,results/robust_study_v2/runs/biodolphin_Ki/scaffold/esm2_35m/chemberta_mlm/rbf/uncertainty/seed73.json,208,0
biodolphin_Ki,scaffold,73,frozen_mlm,rbf,ucb_balanced,4,120,1.3181543042514308,1.8039729403716962,-0.16954901777409193,0.8272727272727273,0.9857142857142858,0.5446428571428572,results/robust_study_v2/runs/biodolphin_Ki/scaffold/esm2_35m/chemberta_mlm/rbf/ucb_balanced/seed73.json,208,0
biodolphin_Ki,scaffold,73,frozen_mlm,rbf,thompson,4,120,1.1930934639247803,1.515096039531188,0.16986657085357237,0.8,0.9428571428571428,0.5285714285714286,results/robust_study_v2/runs/biodolphin_Ki/scaffold/esm2_35m/chemberta_mlm/rbf/thompson/seed73.json,208,0
biodolphin_Ki,scaffold,73,frozen_mlm,rbf,prediction_aware_thompson,4,120,1.2836550294566962,1.8052589103595633,0.011220992484942238,0.7727272727272727,0.38571428571428573,0.24107142857142858,results/robust_study_v2/runs/biodolphin_Ki/scaffold/esm2_35m/chemberta_mlm/rbf/prediction_aware_thompson/seed73.json,208,0
biodolphin_Ki,scaffold,73,frozen_mlm,rbf,variance_reduction,4,120,1.1785862079510887,1.3818009145505832,0.3080675052919636,0.8,0.17142857142857143,0.14285714285714285,results/robust_study_v2/runs/biodolphin_Ki/scaffold/esm2_35m/chemberta_mlm/rbf/variance_reduction/seed73.json,208,0
biodolphin_Ki,scaffold,73,frozen_mlm,matern32,random,4,120,1.2976932468458295,1.8775759333700546,-0.012552503870280729,0.7727272727272727,0.35714285714285715,0.2339285714285714,results/robust_study_v2/runs/biodolphin_Ki/scaffold/esm2_35m/chemberta_mlm/matern32/random/seed73.json,208,0
biodolphin_Ki,scaffold,73,frozen_mlm,matern32,uncertainty,4,120,1.141385789136143,1.309941877201103,0.37773638694598954,0.9636363636363636,0.14285714285714285,0.12142857142857143,results/robust_study_v2/runs/biodolphin_Ki/scaffold/esm2_35m/chemberta_mlm/matern32/uncertainty/seed73.json,208,0
biodolphin_Ki,scaffold,73,frozen_mlm,matern32,ucb_balanced,4,120,1.2621149285269144,1.605946219146179,-0.02600204756500557,0.8454545454545455,0.9857142857142858,0.5410714285714285,results/robust_study_v2/runs/biodolphin_Ki/scaffold/esm2_35m/chemberta_mlm/matern32/ucb_balanced/seed73.json,208,0
biodolphin_Ki,scaffold,73,frozen_mlm,matern32,thompson,4,120,1.1350427494148656,1.6323640150521144,-0.0072780872332895985,0.8181818181818182,0.9714285714285714,0.5142857142857142,results/robust_study_v2/runs/biodolphin_Ki/scaffold/esm2_35m/chemberta_mlm/matern32/thompson/seed73.json,208,0
biodolphin_Ki,scaffold,73,frozen_mlm,matern32,prediction_aware_thompson,4,120,1.194845694617243,1.419115967041497,0.2731439873999213,0.7818181818181819,0.3142857142857143,0.22857142857142856,results/robust_study_v2/runs/biodolphin_Ki/scaffold/esm2_35m/chemberta_mlm/matern32/prediction_aware_thompson/seed73.json,208,0
biodolphin_Ki,scaffold,73,frozen_mlm,matern32,variance_reduction,4,120,1.1820141509766566,1.3783968236991888,0.3156501491746111,0.7818181818181819,0.17142857142857143,0.14285714285714285,results/robust_study_v2/runs/biodolphin_Ki/scaffold/esm2_35m/chemberta_mlm/matern32/variance_reduction/seed73.json,208,0
biodolphin_Ki,scaffold,73,lipid_ssl,linear,random,4,120,1.3710616533365008,1.4711057264433107,0.20824555871881478,0.8636363636363636,0.35714285714285715,0.2339285714285714,results/adaptation_study/runs/biodolphin_Ki/scaffold/lipid_ssl/linear/random/seed73.json,208,0
biodolphin_Ki,scaffold,73,lipid_ssl,linear,uncertainty,4,120,1.2449684304840387,1.5043485061200592,0.25676969886610257,0.9636363636363636,0.14285714285714285,0.1357142857142857,results/adaptation_study/runs/biodolphin_Ki/scaffold/lipid_ssl/linear/uncertainty/seed73.json,208,0
biodolphin_Ki,scaffold,73,lipid_ssl,linear,ucb_balanced,4,120,1.1913036066130411,1.6130593767012684,0.22363559259759747,0.9272727272727272,0.9142857142857143,0.5285714285714286,results/adaptation_study/runs/biodolphin_Ki/scaffold/lipid_ssl/linear/ucb_balanced/seed73.json,208,0
biodolphin_Ki,scaffold,73,lipid_ssl,linear,thompson,4,120,1.3012542785253471,1.565680887148769,0.26592506380736125,1.0,0.6571428571428571,0.39285714285714285,results/adaptation_study/runs/biodolphin_Ki/scaffold/lipid_ssl/linear/thompson/seed73.json,208,0
biodolphin_Ki,scaffold,73,lipid_ssl,linear,prediction_aware_thompson,4,120,1.211775625423974,1.440191856763283,0.3395221348953974,0.9090909090909091,0.2857142857142857,0.17500000000000004,results/adaptation_study/runs/biodolphin_Ki/scaffold/lipid_ssl/linear/prediction_aware_thompson/seed73.json,208,0
biodolphin_Ki,scaffold,73,lipid_ssl,linear,variance_reduction,4,120,1.1392570187730968,1.4498942606906802,0.2885659053337054,0.7818181818181819,0.18571428571428572,0.1125,results/adaptation_study/runs/biodolphin_Ki/scaffold/lipid_ssl/linear/variance_reduction/seed73.json,208,0
biodolphin_Ki,scaffold,73,lipid_ssl,rbf,random,4,120,1.3355818522856515,1.341894248004618,0.3098286179955563,0.8727272727272727,0.35714285714285715,0.2339285714285714,results/adaptation_study/runs/biodolphin_Ki/scaffold/lipid_ssl/rbf/random/seed73.json,208,0
biodolphin_Ki,scaffold,73,lipid_ssl,rbf,uncertainty,4,120,1.3205856594490955,1.876708333566952,-0.00321002245383073,0.8181818181818182,0.1,0.09464285714285714,results/adaptation_study/runs/biodolphin_Ki/scaffold/lipid_ssl/rbf/uncertainty/seed73.json,208,0
biodolphin_Ki,scaffold,73,lipid_ssl,rbf,ucb_balanced,4,120,1.3205658559822189,1.814932439420197,-0.17084292330910555,0.8272727272727273,0.9857142857142858,0.5446428571428572,results/adaptation_study/runs/biodolphin_Ki/scaffold/lipid_ssl/rbf/ucb_balanced/seed73.json,208,0
biodolphin_Ki,scaffold,73,lipid_ssl,rbf,thompson,4,120,1.1795416772866352,1.4838703967604965,0.16233270600648753,0.8545454545454545,0.9571428571428572,0.5267857142857143,results/adaptation_study/runs/biodolphin_Ki/scaffold/lipid_ssl/rbf/thompson/seed73.json,208,0
biodolphin_Ki,scaffold,73,lipid_ssl,rbf,prediction_aware_thompson,4,120,1.3062402088724179,1.7823986087143542,0.023188082539917443,0.7727272727272727,0.4,0.24642857142857144,results/adaptation_study/runs/biodolphin_Ki/scaffold/lipid_ssl/rbf/prediction_aware_thompson/seed73.json,208,0
biodolphin_Ki,scaffold,73,lipid_ssl,rbf,variance_reduction,4,120,1.1599155920985618,1.3865875089732957,0.303044922261848,0.8,0.17142857142857143,0.14285714285714285,results/adaptation_study/runs/biodolphin_Ki/scaffold/lipid_ssl/rbf/variance_reduction/seed73.json,208,0
biodolphin_Ki,scaffold,73,lipid_ssl,matern32,random,4,120,1.2977141404853105,1.8775759371861767,-0.012552525519154534,0.7727272727272727,0.35714285714285715,0.2339285714285714,results/adaptation_study/runs/biodolphin_Ki/scaffold/lipid_ssl/matern32/random/seed73.json,208,0
biodolphin_Ki,scaffold,73,lipid_ssl,matern32,uncertainty,4,120,1.3023080438051318,1.8769810505693507,-0.009404561639307252,0.8090909090909091,0.11428571428571428,0.09642857142857143,results/adaptation_study/runs/biodolphin_Ki/scaffold/lipid_ssl/matern32/uncertainty/seed73.json,208,0
biodolphin_Ki,scaffold,73,lipid_ssl,matern32,ucb_balanced,4,120,1.271497006391664,1.5979574217902206,-0.028255124289115585,0.8454545454545455,0.9857142857142858,0.5410714285714285,results/adaptation_study/runs/biodolphin_Ki/scaffold/lipid_ssl/matern32/ucb_balanced/seed73.json,208,0
biodolphin_Ki,scaffold,73,lipid_ssl,matern32,thompson,4,120,1.1289660681058231,1.6153456002471593,0.006867487207052103,0.8181818181818182,0.9714285714285714,0.5142857142857142,results/adaptation_study/runs/biodolphin_Ki/scaffold/lipid_ssl/matern32/thompson/seed73.json,208,0
biodolphin_Ki,scaffold,73,lipid_ssl,matern32,prediction_aware_thompson,4,120,1.1951193288494573,1.4318917761167254,0.23894067416380627,0.7909090909090909,0.35714285714285715,0.23750000000000002,results/adaptation_study/runs/biodolphin_Ki/scaffold/lipid_ssl/matern32/prediction_aware_thompson/seed73.json,208,0
biodolphin_Ki,scaffold,73,lipid_ssl,matern32,variance_reduction,4,120,1.1676372344213097,1.3752771924692524,0.3159824865426195,0.7909090909090909,0.17142857142857143,0.14285714285714285,results/adaptation_study/runs/biodolphin_Ki/scaffold/lipid_ssl/matern32/variance_reduction/seed73.json,208,0
biodolphin_Ki,scaffold,73,initial_label_adapter,linear,random,4,120,1.3971190409934744,1.470837521047946,0.20315356045365018,0.8636363636363636,0.35714285714285715,0.2339285714285714,results/adaptation_study/runs/biodolphin_Ki/scaffold/initial_label_adapter/linear/random/seed73.json,208,0
biodolphin_Ki,scaffold,73,initial_label_adapter,linear,uncertainty,4,120,1.2397334594632368,1.5237060556741782,0.2488850700591746,0.9818181818181818,0.14285714285714285,0.1357142857142857,results/adaptation_study/runs/biodolphin_Ki/scaffold/initial_label_adapter/linear/uncertainty/seed73.json,208,0
biodolphin_Ki,scaffold,73,initial_label_adapter,linear,ucb_balanced,4,120,1.2209788432129323,1.642605046930846,0.2061803488720566,0.9454545454545454,0.9142857142857143,0.49642857142857144,results/adaptation_study/runs/biodolphin_Ki/scaffold/initial_label_adapter/linear/ucb_balanced/seed73.json,208,0
biodolphin_Ki,scaffold,73,initial_label_adapter,linear,thompson,4,120,1.8126945150917093,1.934596493579426,-0.3384642718664759,0.8090909090909091,0.6857142857142857,0.39999999999999997,results/adaptation_study/runs/biodolphin_Ki/scaffold/initial_label_adapter/linear/thompson/seed73.json,208,0
biodolphin_Ki,scaffold,73,initial_label_adapter,linear,prediction_aware_thompson,4,120,1.2369683404080563,1.5904057305593413,0.2658300721541603,0.9545454545454546,0.2857142857142857,0.1714285714285714,results/adaptation_study/runs/biodolphin_Ki/scaffold/initial_label_adapter/linear/prediction_aware_thompson/seed73.json,208,0
biodolphin_Ki,scaffold,73,initial_label_adapter,linear,variance_reduction,4,120,1.147479483348981,1.5078727802240257,0.26385295314216595,0.7818181818181819,0.17142857142857143,0.10714285714285715,results/adaptation_study/runs/biodolphin_Ki/scaffold/initial_label_adapter/linear/variance_reduction/seed73.json,208,0
biodolphin_Ki,scaffold,73,initial_label_adapter,rbf,random,4,120,1.3440031469770835,1.3283855757949337,0.32713084141064497,0.8727272727272727,0.35714285714285715,0.2339285714285714,results/adaptation_study/runs/biodolphin_Ki/scaffold/initial_label_adapter/rbf/random/seed73.json,208,0
biodolphin_Ki,scaffold,73,initial_label_adapter,rbf,uncertainty,4,120,1.3134577525609634,1.876708333566952,-0.005164712030921947,0.8181818181818182,0.1,0.09464285714285714,results/adaptation_study/runs/biodolphin_Ki/scaffold/initial_label_adapter/rbf/uncertainty/seed73.json,208,0
biodolphin_Ki,scaffold,73,initial_label_adapter,rbf,ucb_balanced,4,120,1.3180045538029306,1.8058227274260479,-0.1702627895927935,0.8272727272727273,0.9857142857142858,0.5446428571428572,results/adaptation_study/runs/biodolphin_Ki/scaffold/initial_label_adapter/rbf/ucb_balanced/seed73.json,208,0
biodolphin_Ki,scaffold,73,initial_label_adapter,rbf,thompson,4,120,1.1936687414603797,1.5144224947176366,0.15372263626116112,0.8,0.9428571428571428,0.5214285714285715,results/adaptation_study/runs/biodolphin_Ki/scaffold/initial_label_adapter/rbf/thompson/seed73.json,208,0
biodolphin_Ki,scaffold,73,initial_label_adapter,rbf,prediction_aware_thompson,4,120,1.2837166500447574,1.8054233677718643,0.01112729729220674,0.7727272727272727,0.38571428571428573,0.24107142857142858,results/adaptation_study/runs/biodolphin_Ki/scaffold/initial_label_adapter/rbf/prediction_aware_thompson/seed73.json,208,0
biodolphin_Ki,scaffold,73,initial_label_adapter,rbf,variance_reduction,4,120,1.1785276122480794,1.3819215937628369,0.3078822496720973,0.8,0.17142857142857143,0.14285714285714285,results/adaptation_study/runs/biodolphin_Ki/scaffold/initial_label_adapter/rbf/variance_reduction/seed73.json,208,0
biodolphin_Ki,scaffold,73,initial_label_adapter,matern32,random,4,120,1.2976974263106689,1.877575764793973,-0.01255154755611465,0.7727272727272727,0.35714285714285715,0.2339285714285714,results/adaptation_study/runs/biodolphin_Ki/scaffold/initial_label_adapter/matern32/random/seed73.json,208,0
biodolphin_Ki,scaffold,73,initial_label_adapter,matern32,uncertainty,4,120,1.1412664841261517,1.3099374293077382,0.37770505733513826,0.9636363636363636,0.14285714285714285,0.12142857142857143,results/adaptation_study/runs/biodolphin_Ki/scaffold/initial_label_adapter/matern32/uncertainty/seed73.json,208,0
biodolphin_Ki,scaffold,73,initial_label_adapter,matern32,ucb_balanced,4,120,1.2625421504906151,1.6060759138425549,-0.026603716757849005,0.8454545454545455,0.9857142857142858,0.5410714285714285,results/adaptation_study/runs/biodolphin_Ki/scaffold/initial_label_adapter/matern32/ucb_balanced/seed73.json,208,0
biodolphin_Ki,scaffold,73,initial_label_adapter,matern32,thompson,4,120,1.1356312033177296,1.6324507810250661,-0.00787054819837918,0.8181818181818182,0.9714285714285714,0.5142857142857142,results/adaptation_study/runs/biodolphin_Ki/scaffold/initial_label_adapter/matern32/thompson/seed73.json,208,0
biodolphin_Ki,scaffold,73,initial_label_adapter,matern32,prediction_aware_thompson,4,120,1.1949547624250998,1.4193120399299646,0.2728349146000483,0.7818181818181819,0.3142857142857143,0.22857142857142856,results/adaptation_study/runs/biodolphin_Ki/scaffold/initial_label_adapter/matern32/prediction_aware_thompson/seed73.json,208,0
biodolphin_Ki,scaffold,73,initial_label_adapter,matern32,variance_reduction,4,120,1.1819925020462256,1.37831853709761,0.3154755542988099,0.7818181818181819,0.17142857142857143,0.14285714285714285,results/adaptation_study/runs/biodolphin_Ki/scaffold/initial_label_adapter/matern32/variance_reduction/seed73.json,208,0
biodolphin_Ki,scaffold,101,frozen_mlm,linear,random,4,120,1.7074256997478947,1.3351142246163887,-0.154039883882084,0.9009009009009009,0.2833333333333333,0.15,results/robust_study_v2/runs/biodolphin_Ki/scaffold/esm2_35m/chemberta_mlm/linear/random/seed101.json,208,0
biodolphin_Ki,scaffold,101,frozen_mlm,linear,uncertainty,4,120,1.5572590031555331,1.151657982911897,-0.03858882814046094,0.9099099099099099,0.1,0.05625,results/robust_study_v2/runs/biodolphin_Ki/scaffold/esm2_35m/chemberta_mlm/linear/uncertainty/seed101.json,208,0
biodolphin_Ki,scaffold,101,frozen_mlm,linear,ucb_balanced,4,120,2.497523343563905,1.9067598119303486,-1.44309732902633,0.8288288288288288,0.95,0.5041666666666667,results/robust_study_v2/runs/biodolphin_Ki/scaffold/esm2_35m/chemberta_mlm/linear/ucb_balanced/seed101.json,208,0
biodolphin_Ki,scaffold,101,frozen_mlm,linear,thompson,4,120,2.148410081569956,1.5301191699054775,-0.6183427813058371,0.8198198198198198,0.8333333333333334,0.3687500000000001,results/robust_study_v2/runs/biodolphin_Ki/scaffold/esm2_35m/chemberta_mlm/linear/thompson/seed101.json,208,0
biodolphin_Ki,scaffold,101,frozen_mlm,linear,prediction_aware_thompson,4,120,1.5302245342695486,1.3836108568574261,-0.4020143080483125,0.8468468468468469,0.26666666666666666,0.13958333333333334,results/robust_study_v2/runs/biodolphin_Ki/scaffold/esm2_35m/chemberta_mlm/linear/prediction_aware_thompson/seed101.json,208,0
biodolphin_Ki,scaffold,101,frozen_mlm,linear,variance_reduction,4,120,1.6232819457815404,1.3833263573006165,-0.4622583261972131,0.8288288288288288,0.11666666666666667,0.08333333333333333,results/robust_study_v2/runs/biodolphin_Ki/scaffold/esm2_35m/chemberta_mlm/linear/variance_reduction/seed101.json,208,0
biodolphin_Ki,scaffold,101,frozen_mlm,rbf,random,4,120,1.8393231694051175,1.2409106091030835,-0.22637499200999844,0.9009009009009009,0.2833333333333333,0.15,results/robust_study_v2/runs/biodolphin_Ki/scaffold/esm2_35m/chemberta_mlm/rbf/random/seed101.json,208,0
biodolphin_Ki,scaffold,101,frozen_mlm,rbf,uncertainty,4,120,1.883705660138019,1.2949327188831299,-0.3918836334063749,0.8918918918918919,0.1,0.06875000000000002,results/robust_study_v2/runs/biodolphin_Ki/scaffold/esm2_35m/chemberta_mlm/rbf/uncertainty/seed101.json,208,0
biodolphin_Ki,scaffold,101,frozen_mlm,rbf,ucb_balanced,4,120,2.1629379492116807,1.7359570531814834,-1.457776078650284,0.7297297297297297,0.95,0.5291666666666667,results/robust_study_v2/runs/biodolphin_Ki/scaffold/esm2_35m/chemberta_mlm/rbf/ucb_balanced/seed101.json,208,0
biodolphin_Ki,scaffold,101,frozen_mlm,rbf,thompson,4,120,2.1634878087716873,1.67671584269955,-0.9371196675325351,0.7747747747747747,0.95,0.4958333333333333,results/robust_study_v2/runs/biodolphin_Ki/scaffold/esm2_35m/chemberta_mlm/rbf/thompson/seed101.json,208,0
biodolphin_Ki,scaffold,101,frozen_mlm,rbf,prediction_aware_thompson,4,120,1.5540770858498056,1.3250201362878893,-0.35113504733341916,0.8468468468468469,0.23333333333333334,0.14375000000000002,results/robust_study_v2/runs/biodolphin_Ki/scaffold/esm2_35m/chemberta_mlm/rbf/prediction_aware_thompson/seed101.json,208,0
biodolphin_Ki,scaffold,101,frozen_mlm,rbf,variance_reduction,4,120,1.9106664425046354,1.3249384909230422,-0.4707350187836954,0.8828828828828829,0.11666666666666667,0.07083333333333333,results/robust_study_v2/runs/biodolphin_Ki/scaffold/esm2_35m/chemberta_mlm/rbf/variance_reduction/seed101.json,208,0
biodolphin_Ki,scaffold,101,frozen_mlm,matern32,random,4,120,1.8393171360158385,1.2409046333370135,-0.22634683704594605,0.9009009009009009,0.2833333333333333,0.15,results/robust_study_v2/runs/biodolphin_Ki/scaffold/esm2_35m/chemberta_mlm/matern32/random/seed101.json,208,0
biodolphin_Ki,scaffold,101,frozen_mlm,matern32,uncertainty,4,120,1.8796835055825958,1.2902129109983322,-0.38001112760719,0.8918918918918919,0.1,0.06875000000000002,results/robust_study_v2/runs/biodolphin_Ki/scaffold/esm2_35m/chemberta_mlm/matern32/uncertainty/seed101.json,208,0
biodolphin_Ki,scaffold,101,frozen_mlm,matern32,ucb_balanced,4,120,2.011057939920214,1.6119790233125006,-0.893320925530902,0.8288288288288288,0.95,0.5333333333333333,results/robust_study_v2/runs/biodolphin_Ki/scaffold/esm2_35m/chemberta_mlm/matern32/ucb_balanced/seed101.json,208,0
biodolphin_Ki,scaffold,101,frozen_mlm,matern32,thompson,4,120,1.6026925422120704,1.2331048095259587,-0.14959101516070517,0.9279279279279279,0.8666666666666667,0.45208333333333334,results/robust_study_v2/runs/biodolphin_Ki/scaffold/esm2_35m/chemberta_mlm/matern32/thompson/seed101.json,208,0
biodolphin_Ki,scaffold,101,frozen_mlm,matern32,prediction_aware_thompson,4,120,1.4683429537904005,1.4933372062302732,-0.7120082843811597,0.7567567567567568,0.2833333333333333,0.14583333333333334,results/robust_study_v2/runs/biodolphin_Ki/scaffold/esm2_35m/chemberta_mlm/matern32/prediction_aware_thompson/seed101.json,208,0
biodolphin_Ki,scaffold,101,frozen_mlm,matern32,variance_reduction,4,120,1.661446943230616,1.4151693260859886,-0.516184979541285,0.8648648648648649,0.08333333333333333,0.07083333333333333,results/robust_study_v2/runs/biodolphin_Ki/scaffold/esm2_35m/chemberta_mlm/matern32/variance_reduction/seed101.json,208,0
biodolphin_Ki,scaffold,101,lipid_ssl,linear,random,4,120,1.609642837130677,1.2552778155466275,-0.12578038663992652,0.8738738738738738,0.2833333333333333,0.15,results/adaptation_study/runs/biodolphin_Ki/scaffold/lipid_ssl/linear/random/seed101.json,208,0
biodolphin_Ki,scaffold,101,lipid_ssl,linear,uncertainty,4,120,1.5268298169866008,1.2064937363150305,-0.068633073090552,0.8378378378378378,0.1,0.05625,results/adaptation_study/runs/biodolphin_Ki/scaffold/lipid_ssl/linear/uncertainty/seed101.json,208,0
biodolphin_Ki,scaffold,101,lipid_ssl,linear,ucb_balanced,4,120,2.225363679644009,1.668413006758017,-1.0143886898718182,0.8018018018018018,0.95,0.5791666666666667,results/adaptation_study/runs/biodolphin_Ki/scaffold/lipid_ssl/linear/ucb_balanced/seed101.json,208,0
biodolphin_Ki,scaffold,101,lipid_ssl,linear,thompson,4,120,2.4440198895365657,1.6243962942180332,-0.7857959423455463,0.8468468468468469,0.8833333333333333,0.375,results/adaptation_study/runs/biodolphin_Ki/scaffold/lipid_ssl/linear/thompson/seed101.json,208,0
biodolphin_Ki,scaffold,101,lipid_ssl,linear,prediction_aware_thompson,4,120,1.569745588386887,1.302080741426878,-0.26844125553570075,0.8558558558558559,0.25,0.14583333333333331,results/adaptation_study/runs/biodolphin_Ki/scaffold/lipid_ssl/linear/prediction_aware_thompson/seed101.json,208,0
biodolphin_Ki,scaffold,101,lipid_ssl,linear,variance_reduction,4,120,1.6094640114803076,1.3431285909697486,-0.46440275508675044,0.8018018018018018,0.13333333333333333,0.08124999999999999,results/adaptation_study/runs/biodolphin_Ki/scaffold/lipid_ssl/linear/variance_reduction/seed101.json,208,0
biodolphin_Ki,scaffold,101,lipid_ssl,rbf,random,4,120,1.8393163171415339,1.240903818865394,-0.22634307212275706,0.9009009009009009,0.2833333333333333,0.15,results/adaptation_study/runs/biodolphin_Ki/scaffold/lipid_ssl/rbf/random/seed101.json,208,0
biodolphin_Ki,scaffold,101,lipid_ssl,rbf,uncertainty,4,120,1.906762062305422,1.3208481878572,-0.4595610263424892,0.8828828828828829,0.13333333333333333,0.07708333333333334,results/adaptation_study/runs/biodolphin_Ki/scaffold/lipid_ssl/rbf/uncertainty/seed101.json,208,0
biodolphin_Ki,scaffold,101,lipid_ssl,rbf,ucb_balanced,4,120,2.16523635523907,1.728516777944151,-1.3448223184547636,0.7297297297297297,0.95,0.5333333333333333,results/adaptation_study/runs/biodolphin_Ki/scaffold/lipid_ssl/rbf/ucb_balanced/seed101.json,208,0
biodolphin_Ki,scaffold,101,lipid_ssl,rbf,thompson,4,120,2.089131056323157,1.5378525950199473,-0.6676084668113049,0.8468468468468469,0.95,0.4958333333333333,results/adaptation_study/runs/biodolphin_Ki/scaffold/lipid_ssl/rbf/thompson/seed101.json,208,0
biodolphin_Ki,scaffold,101,lipid_ssl,rbf,prediction_aware_thompson,4,120,1.5970416038677557,1.3227838304939394,-0.33789155825759254,0.8648648648648649,0.25,0.14583333333333334,results/adaptation_study/runs/biodolphin_Ki/scaffold/lipid_ssl/rbf/prediction_aware_thompson/seed101.json,208,0
biodolphin_Ki,scaffold,101,lipid_ssl,rbf,variance_reduction,4,120,1.9209153780234987,1.345658085160329,-0.5007051481204507,0.8558558558558559,0.11666666666666667,0.07083333333333333,results/adaptation_study/runs/biodolphin_Ki/scaffold/lipid_ssl/rbf/variance_reduction/seed101.json,208,0
biodolphin_Ki,scaffold,101,lipid_ssl,matern32,random,4,120,1.8393171508818715,1.2409046513773818,-0.22634692911965248,0.9009009009009009,0.2833333333333333,0.15,results/adaptation_study/runs/biodolphin_Ki/scaffold/lipid_ssl/matern32/random/seed101.json,208,0
biodolphin_Ki,scaffold,101,lipid_ssl,matern32,uncertainty,4,120,1.9476159331223817,1.4347574113954222,-0.46870667152771994,0.7657657657657657,0.15,0.07916666666666668,results/adaptation_study/runs/biodolphin_Ki/scaffold/lipid_ssl/matern32/uncertainty/seed101.json,208,0
biodolphin_Ki,scaffold,101,lipid_ssl,matern32,ucb_balanced,4,120,2.2767392529411206,1.8342075975452725,-1.5995448417510056,0.7207207207207207,0.95,0.5375,results/adaptation_study/runs/biodolphin_Ki/scaffold/lipid_ssl/matern32/ucb_balanced/seed101.json,208,0
biodolphin_Ki,scaffold,101,lipid_ssl,matern32,thompson,4,120,1.5272886216364234,1.2097037598299463,-0.08773628506411013,0.9279279279279279,0.8666666666666667,0.50625,results/adaptation_study/runs/biodolphin_Ki/scaffold/lipid_ssl/matern32/thompson/seed101.json,208,0
biodolphin_Ki,scaffold,101,lipid_ssl,matern32,prediction_aware_thompson,4,120,1.4239067169525192,1.4307247755088865,-0.5514295056168581,0.7837837837837838,0.3,0.16041666666666668,results/adaptation_study/runs/biodolphin_Ki/scaffold/lipid_ssl/matern32/prediction_aware_thompson/seed101.json,208,0
biodolphin_Ki,scaffold,101,lipid_ssl,matern32,variance_reduction,4,120,1.6460635310134208,1.419726659767388,-0.5372094399612946,0.8648648648648649,0.08333333333333333,0.07083333333333333,results/adaptation_study/runs/biodolphin_Ki/scaffold/lipid_ssl/matern32/variance_reduction/seed101.json,208,0
biodolphin_Ki,scaffold,101,initial_label_adapter,linear,random,4,120,1.707422012925104,1.3352128054305246,-0.15451447669595209,0.9009009009009009,0.2833333333333333,0.15,results/adaptation_study/runs/biodolphin_Ki/scaffold/initial_label_adapter/linear/random/seed101.json,208,0
biodolphin_Ki,scaffold,101,initial_label_adapter,linear,uncertainty,4,120,1.5566203569485493,1.1521049223479065,-0.03901927298361829,0.9099099099099099,0.1,0.05625,results/adaptation_study/runs/biodolphin_Ki/scaffold/initial_label_adapter/linear/uncertainty/seed101.json,208,0
biodolphin_Ki,scaffold,101,initial_label_adapter,linear,ucb_balanced,4,120,2.500352646307835,1.908082608360397,-1.4485235878031566,0.8288288288288288,0.95,0.5041666666666667,results/adaptation_study/runs/biodolphin_Ki/scaffold/initial_label_adapter/linear/ucb_balanced/seed101.json,208,0
biodolphin_Ki,scaffold,101,initial_label_adapter,linear,thompson,4,120,2.1485533081311754,1.5310208242638175,-0.6212387233342571,0.8198198198198198,0.8166666666666667,0.3666666666666667,results/adaptation_study/runs/biodolphin_Ki/scaffold/initial_label_adapter/linear/thompson/seed101.json,208,0
biodolphin_Ki,scaffold,101,initial_label_adapter,linear,prediction_aware_thompson,4,120,1.8346030251408423,1.4867354629734106,-0.6787068678596402,0.7927927927927928,0.25,0.125,results/adaptation_study/runs/biodolphin_Ki/scaffold/initial_label_adapter/linear/prediction_aware_thompson/seed101.json,208,0
biodolphin_Ki,scaffold,101,initial_label_adapter,linear,variance_reduction,4,120,1.6231761141045702,1.3831629719507312,-0.4626195876674324,0.8288288288288288,0.11666666666666667,0.08333333333333333,results/adaptation_study/runs/biodolphin_Ki/scaffold/initial_label_adapter/linear/variance_reduction/seed101.json,208,0
biodolphin_Ki,scaffold,101,initial_label_adapter,rbf,random,4,120,1.8393149662560178,1.2409024801513815,-0.2263367793204376,0.9009009009009009,0.2833333333333333,0.15,results/adaptation_study/runs/biodolphin_Ki/scaffold/initial_label_adapter/rbf/random/seed101.json,208,0
biodolphin_Ki,scaffold,101,initial_label_adapter,rbf,uncertainty,4,120,1.8874333696353487,1.2991383398544762,-0.40250024118711925,0.8918918918918919,0.1,0.06875000000000002,results/adaptation_study/runs/biodolphin_Ki/scaffold/initial_label_adapter/rbf/uncertainty/seed101.json,208,0
biodolphin_Ki,scaffold,101,initial_label_adapter,rbf,ucb_balanced,4,120,2.163747746329308,1.7363103056030342,-1.4609142347028143,0.7297297297297297,0.95,0.5291666666666667,results/adaptation_study/runs/biodolphin_Ki/scaffold/initial_label_adapter/rbf/ucb_balanced/seed101.json,208,0
biodolphin_Ki,scaffold,101,initial_label_adapter,rbf,thompson,4,120,2.1637369347673268,1.677098161337338,-0.9399365715805001,0.7747747747747747,0.95,0.4958333333333333,results/adaptation_study/runs/biodolphin_Ki/scaffold/initial_label_adapter/rbf/thompson/seed101.json,208,0
biodolphin_Ki,scaffold,101,initial_label_adapter,rbf,prediction_aware_thompson,4,120,1.4810502445979374,1.3853528282265428,-0.47844147773180823,0.8108108108108109,0.23333333333333334,0.13958333333333336,results/adaptation_study/runs/biodolphin_Ki/scaffold/initial_label_adapter/rbf/prediction_aware_thompson/seed101.json,208,0
biodolphin_Ki,scaffold,101,initial_label_adapter,rbf,variance_reduction,4,120,1.9106655217284747,1.3249375263003975,-0.47073236778067007,0.8828828828828829,0.11666666666666667,0.07083333333333333,results/adaptation_study/runs/biodolphin_Ki/scaffold/initial_label_adapter/rbf/variance_reduction/seed101.json,208,0
biodolphin_Ki,scaffold,101,initial_label_adapter,matern32,random,4,120,1.839315989389256,1.2409034969617734,-0.22634149524913605,0.9009009009009009,0.2833333333333333,0.15,results/adaptation_study/runs/biodolphin_Ki/scaffold/initial_label_adapter/matern32/random/seed101.json,208,0
biodolphin_Ki,scaffold,101,initial_label_adapter,matern32,uncertainty,4,120,1.8796833521796026,1.2902127335630669,-0.38001066441609654,0.8918918918918919,0.1,0.06875000000000002,results/adaptation_study/runs/biodolphin_Ki/scaffold/initial_label_adapter/matern32/uncertainty/seed101.json,208,0
biodolphin_Ki,scaffold,101,initial_label_adapter,matern32,ucb_balanced,4,120,2.0118763724500623,1.6121955295663835,-0.8944625009361478,0.8378378378378378,0.95,0.5333333333333333,results/adaptation_study/runs/biodolphin_Ki/scaffold/initial_label_adapter/matern32/ucb_balanced/seed101.json,208,0
biodolphin_Ki,scaffold,101,initial_label_adapter,matern32,thompson,4,120,1.4559239317195078,1.6108326757252207,-0.6253559399672084,0.9279279279279279,0.8666666666666667,0.4770833333333333,results/adaptation_study/runs/biodolphin_Ki/scaffold/initial_label_adapter/matern32/thompson/seed101.json,208,0
biodolphin_Ki,scaffold,101,initial_label_adapter,matern32,prediction_aware_thompson,4,120,1.497265923162251,1.4206639332599031,-0.5222087848749959,0.7927927927927928,0.31666666666666665,0.16666666666666666,results/adaptation_study/runs/biodolphin_Ki/scaffold/initial_label_adapter/matern32/prediction_aware_thompson/seed101.json,208,0
biodolphin_Ki,scaffold,101,initial_label_adapter,matern32,variance_reduction,4,120,1.6638524221113413,1.4102218557493649,-0.4980055543328026,0.8648648648648649,0.08333333333333333,0.07083333333333333,results/adaptation_study/runs/biodolphin_Ki/scaffold/initial_label_adapter/matern32/variance_reduction/seed101.json,208,0
biodolphin_Ki,scaffold,137,frozen_mlm,linear,random,4,120,1.8490352899850655,1.5204160023669187,-0.24538113311135956,0.918918918918919,0.3442622950819672,0.2069672131147541,results/robust_study_v2/runs/biodolphin_Ki/scaffold/esm2_35m/chemberta_mlm/linear/random/seed137.json,208,0
biodolphin_Ki,scaffold,137,frozen_mlm,linear,uncertainty,4,120,1.4374967858402832,1.3136743860949955,0.07398220457377147,0.9279279279279279,0.06557377049180328,0.06557377049180328,results/robust_study_v2/runs/biodolphin_Ki/scaffold/esm2_35m/chemberta_mlm/linear/uncertainty/seed137.json,208,0
biodolphin_Ki,scaffold,137,frozen_mlm,linear,ucb_balanced,4,120,1.5897432593294085,1.3418173545719627,0.007792061915150139,0.9459459459459459,1.0,0.5512295081967213,results/robust_study_v2/runs/biodolphin_Ki/scaffold/esm2_35m/chemberta_mlm/linear/ucb_balanced/seed137.json,208,0
biodolphin_Ki,scaffold,137,frozen_mlm,linear,thompson,4,120,1.5038341278979446,1.2131603038253265,0.16552644686228712,0.9819819819819819,0.7377049180327869,0.444672131147541,results/robust_study_v2/runs/biodolphin_Ki/scaffold/esm2_35m/chemberta_mlm/linear/thompson/seed137.json,208,0
biodolphin_Ki,scaffold,137,frozen_mlm,linear,prediction_aware_thompson,4,120,1.5357427406883204,1.3820689732563387,-0.05656051995318001,0.7927927927927928,0.36065573770491804,0.1475409836065574,results/robust_study_v2/runs/biodolphin_Ki/scaffold/esm2_35m/chemberta_mlm/linear/prediction_aware_thompson/seed137.json,208,0
biodolphin_Ki,scaffold,137,frozen_mlm,linear,variance_reduction,4,120,1.5531882313014451,1.4882445073718151,-0.22865025937248484,0.8108108108108109,0.13114754098360656,0.09426229508196722,results/robust_study_v2/runs/biodolphin_Ki/scaffold/esm2_35m/chemberta_mlm/linear/variance_reduction/seed137.json,208,0
biodolphin_Ki,scaffold,137,frozen_mlm,rbf,random,4,120,1.7547851611973504,1.479331833158944,-0.1846411760792861,0.9459459459459459,0.3442622950819672,0.2069672131147541,results/robust_study_v2/runs/biodolphin_Ki/scaffold/esm2_35m/chemberta_mlm/rbf/random/seed137.json,208,0
biodolphin_Ki,scaffold,137,frozen_mlm,rbf,uncertainty,4,120,1.3942627212236116,1.355344474634724,-0.00461418415522763,0.990990990990991,0.2786885245901639,0.16598360655737707,results/robust_study_v2/runs/biodolphin_Ki/scaffold/esm2_35m/chemberta_mlm/rbf/uncertainty/seed137.json,208,0
biodolphin_Ki,scaffold,137,frozen_mlm,rbf,ucb_balanced,4,120,1.573273060950482,1.4805229142304417,-0.2905029934371497,0.7837837837837838,1.0,0.5758196721311475,results/robust_study_v2/runs/biodolphin_Ki/scaffold/esm2_35m/chemberta_mlm/rbf/ucb_balanced/seed137.json,208,0
biodolphin_Ki,scaffold,137,frozen_mlm,rbf,thompson,4,120,1.5424938863130657,1.4421496425073308,-0.17347432381485905,0.9819819819819819,1.0,0.5717213114754099,results/robust_study_v2/runs/biodolphin_Ki/scaffold/esm2_35m/chemberta_mlm/rbf/thompson/seed137.json,208,0
biodolphin_Ki,scaffold,137,frozen_mlm,rbf,prediction_aware_thompson,4,120,1.471476206853576,1.3758475042139033,-0.03652825783844116,0.8198198198198198,0.3770491803278688,0.1864754098360656,results/robust_study_v2/runs/biodolphin_Ki/scaffold/esm2_35m/chemberta_mlm/rbf/prediction_aware_thompson/seed137.json,208,0
biodolphin_Ki,scaffold,137,frozen_mlm,rbf,variance_reduction,4,120,1.5115893143468186,1.4919522427665979,-0.2152966482825378,0.7117117117117117,0.18032786885245902,0.09631147540983608,results/robust_study_v2/runs/biodolphin_Ki/scaffold/esm2_35m/chemberta_mlm/rbf/variance_reduction/seed137.json,208,0
biodolphin_Ki,scaffold,137,frozen_mlm,matern32,random,4,120,1.7075675328648539,1.4877682021427752,-0.18299685822566691,0.9369369369369369,0.3442622950819672,0.2069672131147541,results/robust_study_v2/runs/biodolphin_Ki/scaffold/esm2_35m/chemberta_mlm/matern32/random/seed137.json,208,0
biodolphin_Ki,scaffold,137,frozen_mlm,matern32,uncertainty,4,120,1.3981656030775194,1.3536162042991364,-0.003870723581830271,1.0,0.29508196721311475,0.1680327868852459,results/robust_study_v2/runs/biodolphin_Ki/scaffold/esm2_35m/chemberta_mlm/matern32/uncertainty/seed137.json,208,0
biodolphin_Ki,scaffold,137,frozen_mlm,matern32,ucb_balanced,4,120,1.6939267074330326,1.6236765528235892,-0.7505546200333297,0.8378378378378378,1.0,0.5717213114754099,results/robust_study_v2/runs/biodolphin_Ki/scaffold/esm2_35m/chemberta_mlm/matern32/ucb_balanced/seed137.json,208,0
biodolphin_Ki,scaffold,137,frozen_mlm,matern32,thompson,4,120,1.4578107432299376,1.2902602021400322,0.08627895157834498,0.963963963963964,0.8688524590163934,0.514344262295082,results/robust_study_v2/runs/biodolphin_Ki/scaffold/esm2_35m/chemberta_mlm/matern32/thompson/seed137.json,208,0
biodolphin_Ki,scaffold,137,frozen_mlm,matern32,prediction_aware_thompson,4,120,1.455705862227797,1.4999397819412577,-0.20339432993029116,0.9459459459459459,0.3770491803278688,0.21926229508196718,results/robust_study_v2/runs/biodolphin_Ki/scaffold/esm2_35m/chemberta_mlm/matern32/prediction_aware_thompson/seed137.json,208,0
biodolphin_Ki,scaffold,137,frozen_mlm,matern32,variance_reduction,4,120,1.4652647994587626,1.451272359541714,-0.1511863093938568,0.8018018018018018,0.18032786885245902,0.09631147540983608,results/robust_study_v2/runs/biodolphin_Ki/scaffold/esm2_35m/chemberta_mlm/matern32/variance_reduction/seed137.json,208,0
biodolphin_Ki,scaffold,137,lipid_ssl,linear,random,4,120,1.830352205051115,1.4829397571358922,-0.20085027674584155,0.9279279279279279,0.3442622950819672,0.2069672131147541,results/adaptation_study/runs/biodolphin_Ki/scaffold/lipid_ssl/linear/random/seed137.json,208,0
biodolphin_Ki,scaffold,137,lipid_ssl,linear,uncertainty,4,120,1.3836331779046676,1.225564837181436,0.17690385908188788,0.9459459459459459,0.06557377049180328,0.06557377049180328,results/adaptation_study/runs/biodolphin_Ki/scaffold/lipid_ssl/linear/uncertainty/seed137.json,208,0
biodolphin_Ki,scaffold,137,lipid_ssl,linear,ucb_balanced,4,120,1.7072016580943994,1.45625296315172,-0.16700858878863234,0.8648648648648649,1.0,0.5512295081967213,results/adaptation_study/runs/biodolphin_Ki/scaffold/lipid_ssl/linear/ucb_balanced/seed137.json,208,0
biodolphin_Ki,scaffold,137,lipid_ssl,linear,thompson,4,120,1.5068663779367022,1.2257068752889104,0.09115455536524275,0.9279279279279279,0.7049180327868853,0.444672131147541,results/adaptation_study/runs/biodolphin_Ki/scaffold/lipid_ssl/linear/thompson/seed137.json,208,0
biodolphin_Ki,scaffold,137,lipid_ssl,linear,prediction_aware_thompson,4,120,1.5554508625598091,1.4042472916634015,-0.09560881174554337,0.8828828828828829,0.2786885245901639,0.1413934426229508,results/adaptation_study/runs/biodolphin_Ki/scaffold/lipid_ssl/linear/prediction_aware_thompson/seed137.json,208,0
biodolphin_Ki,scaffold,137,lipid_ssl,linear,variance_reduction,4,120,1.5535557259417727,1.4383352055811522,-0.1388006833055324,0.8198198198198198,0.16393442622950818,0.10245901639344263,results/adaptation_study/runs/biodolphin_Ki/scaffold/lipid_ssl/linear/variance_reduction/seed137.json,208,0
biodolphin_Ki,scaffold,137,lipid_ssl,rbf,random,4,120,1.7434098581579023,1.455993221785112,-0.15406784415900576,0.9459459459459459,0.3442622950819672,0.2069672131147541,results/adaptation_study/runs/biodolphin_Ki/scaffold/lipid_ssl/rbf/random/seed137.json,208,0
biodolphin_Ki,scaffold,137,lipid_ssl,rbf,uncertainty,4,120,1.421090800935352,1.3443427173814375,-0.0008213689588276729,0.9819819819819819,0.26229508196721313,0.15983606557377047,results/adaptation_study/runs/biodolphin_Ki/scaffold/lipid_ssl/rbf/uncertainty/seed137.json,208,0
biodolphin_Ki,scaffold,137,lipid_ssl,rbf,ucb_balanced,4,120,1.6134887107599845,1.4221936803219128,-0.16642368391305395,0.7747747747747747,1.0,0.5840163934426229,results/adaptation_study/runs/biodolphin_Ki/scaffold/lipid_ssl/rbf/ucb_balanced/seed137.json,208,0
biodolphin_Ki,scaffold,137,lipid_ssl,rbf,thompson,4,120,1.4490134976530553,1.3834763830449677,-0.0610832321689021,0.918918918918919,0.9180327868852459,0.5163934426229507,results/adaptation_study/runs/biodolphin_Ki/scaffold/lipid_ssl/rbf/thompson/seed137.json,208,0
biodolphin_Ki,scaffold,137,lipid_ssl,rbf,prediction_aware_thompson,4,120,1.5621203609763024,1.4572533883177798,-0.13191107641307998,0.9279279279279279,0.3770491803278688,0.19877049180327866,results/adaptation_study/runs/biodolphin_Ki/scaffold/lipid_ssl/rbf/prediction_aware_thompson/seed137.json,208,0
biodolphin_Ki,scaffold,137,lipid_ssl,rbf,variance_reduction,4,120,1.5008757437122542,1.4548290853967962,-0.15557427812691005,0.8288288288288288,0.16393442622950818,0.0901639344262295,results/adaptation_study/runs/biodolphin_Ki/scaffold/lipid_ssl/rbf/variance_reduction/seed137.json,208,0
biodolphin_Ki,scaffold,137,lipid_ssl,matern32,random,4,120,1.7000594454870173,1.4753043556421233,-0.1692576440565734,0.9369369369369369,0.3442622950819672,0.2069672131147541,results/adaptation_study/runs/biodolphin_Ki/scaffold/lipid_ssl/matern32/random/seed137.json,208,0
biodolphin_Ki,scaffold,137,lipid_ssl,matern32,uncertainty,4,120,1.3842296839934518,1.360158810185703,-0.006824930816960562,0.990990990990991,0.29508196721311475,0.1680327868852459,results/adaptation_study/runs/biodolphin_Ki/scaffold/lipid_ssl/matern32/uncertainty/seed137.json,208,0
biodolphin_Ki,scaffold,137,lipid_ssl,matern32,ucb_balanced,4,120,1.6911222113670286,1.6082053854543277,-0.7215811307361244,0.8288288288288288,1.0,0.5717213114754099,results/adaptation_study/runs/biodolphin_Ki/scaffold/lipid_ssl/matern32/ucb_balanced/seed137.json,208,0
biodolphin_Ki,scaffold,137,lipid_ssl,matern32,thompson,4,120,1.4497520988615198,1.3132898502846844,0.04523615786919166,0.9009009009009009,0.8360655737704918,0.5102459016393442,results/adaptation_study/runs/biodolphin_Ki/scaffold/lipid_ssl/matern32/thompson/seed137.json,208,0
biodolphin_Ki,scaffold,137,lipid_ssl,matern32,prediction_aware_thompson,4,120,1.4259016625742837,1.498829031085864,-0.1950254452166018,0.7477477477477478,0.4262295081967213,0.20491803278688522,results/adaptation_study/runs/biodolphin_Ki/scaffold/lipid_ssl/matern32/prediction_aware_thompson/seed137.json,208,0
biodolphin_Ki,scaffold,137,lipid_ssl,matern32,variance_reduction,4,120,1.4563369000590818,1.412446681658553,-0.0946532106322211,0.8288288288288288,0.13114754098360656,0.0860655737704918,results/adaptation_study/runs/biodolphin_Ki/scaffold/lipid_ssl/matern32/variance_reduction/seed137.json,208,0
biodolphin_Ki,scaffold,137,initial_label_adapter,linear,random,4,120,1.8492777170623553,1.5203258431707503,-0.2449808065226382,0.918918918918919,0.3442622950819672,0.2069672131147541,results/adaptation_study/runs/biodolphin_Ki/scaffold/initial_label_adapter/linear/random/seed137.json,208,0
biodolphin_Ki,scaffold,137,initial_label_adapter,linear,uncertainty,4,120,1.4376262034757274,1.3140556436287323,0.07401160488687064,0.918918918918919,0.06557377049180328,0.06557377049180328,results/adaptation_study/runs/biodolphin_Ki/scaffold/initial_label_adapter/linear/uncertainty/seed137.json,208,0
biodolphin_Ki,scaffold,137,initial_label_adapter,linear,ucb_balanced,4,120,1.5898843279294412,1.3416373719865275,0.008114722155471155,0.9459459459459459,1.0,0.5512295081967213,results/adaptation_study/runs/biodolphin_Ki/scaffold/initial_label_adapter/linear/ucb_balanced/seed137.json,208,0
biodolphin_Ki,scaffold,137,initial_label_adapter,linear,thompson,4,120,1.5042696542515772,1.2132571398848568,0.16595686510674934,0.9819819819819819,0.7377049180327869,0.444672131147541,results/adaptation_study/runs/biodolphin_Ki/scaffold/initial_label_adapter/linear/thompson/seed137.json,208,0
biodolphin_Ki,scaffold,137,initial_label_adapter,linear,prediction_aware_thompson,4,120,1.5358331708436508,1.3819879795187802,-0.056345710749334366,0.7927927927927928,0.36065573770491804,0.1475409836065574,results/adaptation_study/runs/biodolphin_Ki/scaffold/initial_label_adapter/linear/prediction_aware_thompson/seed137.json,208,0
biodolphin_Ki,scaffold,137,initial_label_adapter,linear,variance_reduction,4,120,1.5530452193830042,1.4879384076508524,-0.22809591466837298,0.8108108108108109,0.13114754098360656,0.09426229508196722,results/adaptation_study/runs/biodolphin_Ki/scaffold/initial_label_adapter/linear/variance_reduction/seed137.json,208,0
biodolphin_Ki,scaffold,137,initial_label_adapter,rbf,random,4,120,1.7551425745465215,1.479365312571955,-0.1848759594776741,0.9459459459459459,0.3442622950819672,0.2069672131147541,results/adaptation_study/runs/biodolphin_Ki/scaffold/initial_label_adapter/rbf/random/seed137.json,208,0
biodolphin_Ki,scaffold,137,initial_label_adapter,rbf,uncertainty,4,120,1.3942644456113669,1.355343647190244,-0.004613841264066387,0.990990990990991,0.2786885245901639,0.16598360655737707,results/adaptation_study/runs/biodolphin_Ki/scaffold/initial_label_adapter/rbf/uncertainty/seed137.json,208,0
biodolphin_Ki,scaffold,137,initial_label_adapter,rbf,ucb_balanced,4,120,1.5734132686735387,1.4806484360406553,-0.29043921957417695,0.7837837837837838,1.0,0.5758196721311475,results/adaptation_study/runs/biodolphin_Ki/scaffold/initial_label_adapter/rbf/ucb_balanced/seed137.json,208,0
biodolphin_Ki,scaffold,137,initial_label_adapter,rbf,thompson,4,120,1.4592408587786436,1.3717475490687028,-0.0852711401967925,0.8738738738738738,0.9508196721311475,0.5491803278688524,results/adaptation_study/runs/biodolphin_Ki/scaffold/initial_label_adapter/rbf/thompson/seed137.json,208,0
biodolphin_Ki,scaffold,137,initial_label_adapter,rbf,prediction_aware_thompson,4,120,1.456190701519219,1.481823434456496,-0.16098706353386505,0.8378378378378378,0.4098360655737705,0.2069672131147541,results/adaptation_study/runs/biodolphin_Ki/scaffold/initial_label_adapter/rbf/prediction_aware_thompson/seed137.json,208,0
biodolphin_Ki,scaffold,137,initial_label_adapter,rbf,variance_reduction,4,120,1.5115466408734515,1.491897337381753,-0.21514624716512665,0.7117117117117117,0.18032786885245902,0.09631147540983608,results/adaptation_study/runs/biodolphin_Ki/scaffold/initial_label_adapter/rbf/variance_reduction/seed137.json,208,0
biodolphin_Ki,scaffold,137,initial_label_adapter,matern32,random,4,120,1.7080116296456778,1.4878248765683006,-0.18311795100943695,0.9369369369369369,0.3442622950819672,0.2069672131147541,results/adaptation_study/runs/biodolphin_Ki/scaffold/initial_label_adapter/matern32/random/seed137.json,208,0
biodolphin_Ki,scaffold,137,initial_label_adapter,matern32,uncertainty,4,120,1.3981656581208721,1.3536161801834068,-0.0038707135568638584,1.0,0.29508196721311475,0.1680327868852459,results/adaptation_study/runs/biodolphin_Ki/scaffold/initial_label_adapter/matern32/uncertainty/seed137.json,208,0
biodolphin_Ki,scaffold,137,initial_label_adapter,matern32,ucb_balanced,4,120,1.6941731034842193,1.6239937683192869,-0.7511037473855418,0.8378378378378378,1.0,0.5717213114754099,results/adaptation_study/runs/biodolphin_Ki/scaffold/initial_label_adapter/matern32/ucb_balanced/seed137.json,208,0
biodolphin_Ki,scaffold,137,initial_label_adapter,matern32,thompson,4,120,1.4572664389084962,1.2903886582428135,0.08603002347574851,0.963963963963964,0.8852459016393442,0.5163934426229508,results/adaptation_study/runs/biodolphin_Ki/scaffold/initial_label_adapter/matern32/thompson/seed137.json,208,0
biodolphin_Ki,scaffold,137,initial_label_adapter,matern32,prediction_aware_thompson,4,120,1.4559384432150273,1.4998918844617037,-0.20322336333908764,0.9459459459459459,0.3770491803278688,0.21926229508196718,results/adaptation_study/runs/biodolphin_Ki/scaffold/initial_label_adapter/matern32/prediction_aware_thompson/seed137.json,208,0
biodolphin_Ki,scaffold,137,initial_label_adapter,matern32,variance_reduction,4,120,1.4652332065501208,1.4511884373494495,-0.1510997384230306,0.8018018018018018,0.18032786885245902,0.09631147540983608,results/adaptation_study/runs/biodolphin_Ki/scaffold/initial_label_adapter/matern32/variance_reduction/seed137.json,208,0
