round,phase,row_index,selected,predicted_mean_pK,latent_sd_pK,observation_sd_pK,acquisition_score,acquisition_rank
1,E,322,False,8.099076846875565,1.3923370695862045,1.3923595074070214,1.3923595074070214,162
1,E,65,False,9.830240675520574,1.0922754110674084,1.0923040126930323,1.0923040126930323,238
1,E,542,False,9.327653173098518,0.21743762754495322,0.21758125929225147,0.21758125929225147,340
1,E,384,False,6.560740002861054,0.41930236404881843,0.4193768651460784,0.4193768651460784,300
1,E,6,False,9.835440190118472,0.2959227949196609,0.2960283484328618,0.2960283484328618,316
1,E,144,False,7.8628374681718025,0.1957710367689365,0.19593055239142376,0.19593055239142376,348
1,E,297,False,9.464654654751351,0.6025137714451156,0.6025656207450282,0.6025656207450282,283
1,E,532,False,6.576689280384263,1.6070822786922823,1.6071017183145573,1.6071017183145573,84
1,E,478,False,9.87249970843363,0.20437730341044955,0.20453010700664856,0.20453010700664856,343
1,E,457,False,6.474666826795131,1.6281440926143358,1.6281632807669455,1.6281632807669455,74
1,E,530,False,7.178797966792863,1.4536096422963547,1.4536311343321455,1.4536311343321455,136
1,E,385,False,8.54980263625804,0.2803255976379392,0.2804370218318044,0.2804370218318044,324
1,E,252,False,9.282839447071195,0.6599609594925808,0.6600082958396751,0.6600082958396751,279
1,E,111,False,5.981791369021873,1.5027450329512375,1.5027658222698705,1.5027658222698705,114
1,E,70,False,8.16944578730598,1.6146835733097344,1.6147029214190196,1.6147029214190196,79
1,E,326,False,6.694953058534136,1.3867610523550515,1.386783580394473,1.386783580394473,173
1,E,435,False,6.710623235345705,1.6728372562768257,1.6728559317857,1.6728559317857,56
1,E,427,False,6.316532654345408,1.4998812641188388,1.4999020931305984,1.4999020931305984,117
1,E,420,False,6.064927837335233,1.4714759307623104,1.4714971618510284,1.4714971618510284,129
1,E,108,False,9.348978661322194,0.33959175040747047,0.3396837344761063,0.3396837344761063,306
1,E,156,False,9.371166565288279,0.49104633179393936,0.4911099494930924,0.4911099494930924,295
1,E,432,False,6.730272503164696,1.6754115768860014,1.6754302236997105,1.6754302236997105,52
1,E,388,False,8.617146965780096,0.16950457670547883,0.16968878586084502,0.16968878586084502,360
1,E,19,False,9.773950920419963,0.2324659723711654,0.23260032423299756,0.23260032423299756,332
1,E,26,False,6.246404310048002,1.6998501885856463,1.6998685673185092,1.6998685673185092,43
1,E,447,True,7.327514867686949,1.744018376287061,1.7440362895736374,1.7440362895736374,26
1,E,356,False,7.701490170307841,1.0054258071524187,1.005456879339396,1.005456879339396,251
1,E,55,False,5.863236350969523,1.4995978593680939,1.4996186923162147,1.4996186923162147,118
1,E,127,False,8.387792540984613,1.3146107537832223,1.3146345182161148,1.3146345182161148,185
1,E,291,False,5.984235019028265,1.4123785211001147,1.412400640536449,1.412400640536449,156
1,E,76,False,5.652877382186812,1.5498163239767124,1.5498364818868842,1.5498364818868842,99
1,E,496,False,6.8555697832277875,1.4252879248823778,1.42530984397721,1.42530984397721,149
1,E,47,False,8.821088849192204,1.0782927423114521,1.0783217148163047,1.0783217148163047,243
1,E,451,False,7.077420633555865,1.1736107432476588,1.1736373627271526,1.1736373627271526,220
1,E,213,False,6.500336698353614,1.5217460498986155,1.5217665796385673,1.5217665796385673,107
1,E,464,False,9.70405502913631,0.1963315252627755,0.19649058586820903,0.19649058586820903,347
1,E,319,False,6.469257405697589,1.2023591372668296,1.202385120288778,1.202385120288778,212
1,E,292,False,5.964457428631807,1.4217709844257813,1.4217929577395856,1.4217929577395856,152
1,E,138,False,7.170321193261551,1.3988657166807277,1.3988880497836522,1.3988880497836522,160
1,E,495,False,8.852830861887409,0.8606389903668695,0.8606752896781276,0.8606752896781276,264
1,E,404,False,6.06829863875812,1.2781063461171829,1.2781307892809093,1.2781307892809093,199
1,E,238,False,9.129514166158618,1.3081641048685682,1.3081879864107475,1.3081879864107475,189
1,E,429,False,6.822824552797051,1.4855960793836693,1.4856171086800776,1.4856171086800776,124
1,E,283,False,6.063635188296464,0.6019718114957795,0.6020237074720018,0.6020237074720018,284
1,E,126,False,7.25469975549515,1.6606677988847984,1.6606866112471992,1.6606866112471992,62
1,E,216,False,7.355234323360521,1.3883418669874952,1.3883643693761187,1.3883643693761187,167
1,E,270,False,9.72379458741103,0.2398231387692387,0.23995337132858474,0.23995337132858474,331
1,E,474,False,9.849235916837658,0.12826461051370158,0.12850794852092118,0.12850794852092118,372
1,E,89,False,6.755552812645686,1.3049611511436705,1.3049850913006777,1.3049850913006777,190
1,E,484,False,8.247958804694617,0.2540430939023594,0.25416604037972335,0.25416604037972335,330
1,E,382,False,5.932252352656535,0.6542338875383816,0.6542816382311274,0.6542816382311274,281
1,E,281,False,6.552251099423613,1.5812516258548412,1.5812713830305671,1.5812713830305671,94
1,E,239,False,9.82897047529727,0.19255780567184363,0.19271998092564158,0.19271998092564158,349
1,E,226,False,8.70629217024747,1.261583655310613,1.2616084185949743,1.2616084185949743,203
1,E,87,False,6.597284850482407,0.6881623520319343,0.6882077486318707,0.6882077486318707,274
1,E,24,False,10.759927755217724,0.17586668019577056,0.1760442322994582,0.1760442322994582,358
1,E,35,False,8.902941239461995,1.371035170428807,1.3710579568623538,1.3710579568623538,177
1,E,490,False,8.228096279780477,0.17004459611753336,0.17022822090240855,0.17022822090240855,359
1,E,538,False,8.450535013700893,0.28752359234088665,0.28763222815851586,0.28763222815851586,322
1,E,124,False,7.518014324416294,0.28825591340679735,0.28836427333636744,0.28836427333636744,321
1,E,278,False,8.85162544932231,1.4286610571429976,1.4286829244866657,1.4286829244866657,146
1,E,10,False,8.148209316609462,0.37260362991845575,0.37268746631894356,0.37268746631894356,301
1,E,169,False,6.228651018576414,0.5013080943387433,0.5013704099489384,0.5013704099489384,293
1,E,32,False,6.366156516005242,1.689904515770352,1.6899230026672376,1.6899230026672376,48
1,E,15,False,9.600123832413754,0.0748040383016324,0.07522052026579083,0.07522052026579083,378
1,E,304,False,5.804088599845748,1.319228433868487,1.3192521151205046,1.3192521151205046,183
1,E,215,False,7.355234323360521,1.3883418669874952,1.3883643693761187,1.3883643693761187,168
1,E,506,False,6.649153638056577,1.1762490064937934,1.1762755662685764,1.1762755662685764,218
1,E,330,False,7.964949067348259,1.4223680695921304,1.4223900336820654,1.4223900336820654,151
1,E,57,False,6.036128740599198,1.5155699146421038,1.5155905280421549,1.5155905280421549,111
1,E,412,False,5.397198796939819,0.78311252496127,0.7831524176519152,0.7831524176519152,267
1,E,236,False,9.01275757471839,1.1748060290332925,1.1748326214298772,1.1748326214298772,219
1,E,452,False,6.910746869022948,1.7079883534829619,1.7080066446464028,1.7080066446464028,39
1,E,25,False,10.735007906150333,0.22609252237632446,0.22623065927789923,0.22623065927789923,334
1,E,540,True,6.551322604681861,1.825182836683471,1.8251999533877779,1.8251999533877779,10
1,E,338,False,9.670526067528275,0.14439288357604757,0.1446090846047723,0.1446090846047723,367
1,E,461,False,8.78032477515431,1.269931354973726,1.269955955483586,1.269955955483586,202
1,E,120,False,8.822322394692842,1.2873121471763973,1.287336415545964,1.287336415545964,196
1,E,44,False,6.141726860626536,0.5782665380385401,0.5783205612269916,0.5783205612269916,287
1,E,143,False,7.790711167931034,0.36374384956914224,0.3638297275130263,0.3638297275130263,302
1,E,217,False,7.301143207998836,1.3868443768158663,1.3868669035017789,1.3868669035017789,171
1,E,256,False,5.866838898299015,0.7430222344841567,0.7430642794944818,0.7430642794944818,270
1,E,36,False,6.899600631396727,1.3749457690035394,1.374968490629352,1.374968490629352,176
1,E,152,False,7.52304641644684,1.494676623250759,1.4946975247905896,1.4946975247905896,120
1,E,259,False,8.789347734701723,1.292308386545478,1.2923325610919971,1.2923325610919971,193
1,E,246,False,9.55408813752117,0.13491821854438488,0.1351495772025002,0.1351495772025002,370
1,E,195,True,6.901820365490481,1.7497972535644783,1.7498151076912714,1.7498151076912714,23
1,E,11,False,9.652509352309716,0.22375548969203313,0.223895068481076,0.223895068481076,337
1,E,533,False,6.567288961084981,1.6035325727907783,1.6035520554456089,1.6035520554456089,86
1,E,374,False,9.017080717718153,0.5710399463237776,0.5710946531182786,0.5710946531182786,288
1,E,50,False,6.353936834707579,1.583844023019243,1.5838637478573099,1.5838637478573099,91
1,E,232,False,9.137957831143035,1.3084526880141658,1.308476564289296,1.308476564289296,188
1,E,497,False,7.082516973998015,1.6087669012430608,1.6087863205093533,1.6087863205093533,82
1,E,49,False,8.788234826818648,1.2885564871443458,1.2885807320787472,1.2885807320787472,195
1,E,151,False,6.527883653505084,1.7066449156000532,1.70666322116179,1.70666322116179,40
1,E,531,True,6.472416546488338,1.7337658636221622,1.7337838828367065,1.7337838828367065,29
1,E,401,False,5.580515940084886,0.9421053524617811,0.9421385129905054,0.9421385129905054,260
1,E,29,False,5.237217326627061,1.3106334024776078,1.3106572390266098,1.3106572390266098,187
1,E,455,False,6.425764487198027,0.15120916057656927,0.15141562919690582,0.15141562919690582,365
1,E,4,False,7.157391699209949,1.3994411787046461,1.3994635026241569,1.3994635026241569,159
1,E,491,False,9.624694500587548,0.13992252677886,0.1401456243448398,0.1401456243448398,369
1,E,535,False,9.976752569766532,0.5566882590520574,0.556744376073288,0.556744376073288,290
1,E,37,False,7.221802091606916,1.4533463638364323,1.4533678597655184,1.4533678597655184,137
1,E,311,False,7.035808743620477,1.554782133139122,1.554802226667901,1.554802226667901,96
1,E,387,False,8.426083195956743,0.31218508489409225,0.3122851417425359,0.3122851417425359,309
1,E,445,True,7.315828252881728,1.7447656814507237,1.7447835870648922,1.7447835870648922,25
1,E,271,False,9.663727720865593,0.18545685238587242,0.1856252316354095,0.1856252316354095,353
1,E,327,False,5.6924605280791365,0.11127368798127023,0.11155409521742016,0.11155409521742016,376
1,E,509,False,6.432018343854943,0.9784304852019277,0.9784624146564362,0.9784624146564362,259
1,E,17,False,9.698770212720513,0.18413074260615725,0.18430033341130747,0.18430033341130747,354
1,E,357,True,7.677293671470468,1.811327119229913,1.81134436686693,1.81134436686693,12
1,E,348,False,7.576958194131979,0.7628405038238865,0.7628814565822826,0.7628814565822826,269
1,E,444,False,5.880514730739067,1.6728436193813419,1.6728622948191796,1.6728622948191796,55
1,E,93,False,7.140757482610339,1.6738223926257318,1.6738410571431666,1.6738410571431666,53
1,E,534,False,5.782131747616068,0.2238667228162599,0.22400623229570266,0.22400623229570266,336
1,E,257,False,6.3937954288312895,1.668501924150789,1.668520648184406,1.668520648184406,60
1,E,160,False,7.837344324998853,1.4561354172840866,1.4561568720408955,1.4561568720408955,133
1,E,233,False,9.121298094005809,1.1501172275210847,1.1501443907456188,1.1501443907456188,228
1,E,428,False,9.920223332064886,0.4447062953778816,0.4447765412783635,0.4447765412783635,297
1,E,341,False,9.664298381042242,0.16429229444253815,0.16448234110693408,0.16448234110693408,363
1,E,527,False,8.834717760504086,1.258444387308157,1.2584692123648582,1.2584692123648582,205
1,E,399,False,6.162003116072972,1.0645565222360638,1.0645858685696363,1.0645858685696363,244
1,E,467,False,9.796089674037614,0.3032183286208014,0.3033213433545626,0.3033213433545626,312
1,E,16,False,8.256671067957564,0.1824317939417366,0.18260296263649284,0.18260296263649284,357
1,E,462,False,9.715739758390688,0.7141727123291163,0.7142164556759742,0.7142164556759742,272
1,E,309,False,6.796657484927129,1.4548781538106743,1.4548996271077879,1.4548996271077879,134
1,E,248,False,9.787259290249587,1.2906685689844823,1.2906927742446208,1.2906927742446208,194
1,E,405,False,6.06829863875812,1.2781063461171829,1.2781307892809093,1.2781307892809093,200
1,E,148,False,7.8862913910398325,0.14052812415873112,0.14075026181999062,0.14075026181999062,368
1,E,12,False,9.645781971153482,0.20500314885960785,0.2051554863150842,0.2051554863150842,342
1,E,463,False,8.695494740996445,1.1876124881221453,1.1876387937695942,1.1876387937695942,215
1,E,243,False,8.997797869617171,1.1886578875415703,1.1886841700542716,1.1886841700542716,214
1,E,453,False,6.403196393795058,1.466956682733608,1.4669779792279145,1.4669779792279145,130
1,E,501,False,6.713097006503702,1.6701057614233301,1.6701244674760698,1.6701244674760698,58
1,E,45,False,9.892887407920973,0.1185878402685409,0.11885099234916438,0.11885099234916438,374
1,E,72,False,6.801975424605595,1.613800102850831,1.613819461552059,1.613819461552059,80
1,E,199,False,7.483821199762554,1.51553507863575,1.5155556925096132,1.5155556925096132,112
1,E,73,False,5.499240287928284,0.8656169194129029,0.8656530099853568,0.8656530099853568,263
1,E,376,False,8.823141751976001,1.4312637108597448,1.4312855384397731,1.4312855384397731,145
1,E,110,False,5.984616517475372,1.5006533523636008,1.5006741706589533,1.5006741706589533,116
1,E,214,False,7.355234323360521,1.3883418669874952,1.3883643693761187,1.3883643693761187,169
1,E,470,False,8.282973906710318,0.27937896106903753,0.27949076265744266,0.27949076265744266,325
1,E,135,False,6.074593842426861,1.5173257183979805,1.517346307945148,1.517346307945148,109
1,E,92,False,7.132645314795188,1.6735346764912604,1.6735533442174861,1.6735533442174861,54
1,E,1,False,9.730676603699278,0.2630867192572779,0.26320544138064833,0.26320544138064833,327
1,E,287,False,8.157534394130938,1.4473865182380734,1.44740810267877,1.44740810267877,139
1,E,372,False,8.787713767937294,1.0886296944070817,1.0886583918142918,1.0886583918142918,240
1,E,518,False,9.8966157614675,0.12067421789162837,0.120932830061073,0.120932830061073,373
1,E,441,False,6.864759903415077,1.3851016921647796,1.3851242471924892,1.3851242471924892,174
1,E,476,False,9.012826911497852,1.1415274865998004,1.1415548542166871,1.1415548542166871,231
1,E,364,False,5.404134635263592,0.5576092246193719,0.5576652489652204,0.5576652489652204,289
1,E,396,True,7.456238260835556,1.869340603990796,1.8693573163661081,1.8693573163661081,5
1,E,421,False,6.036978219154598,0.1828320552641123,0.18300284958143023,0.18300284958143023,356
1,E,290,False,5.978274116067228,1.4165811597157907,1.4166032135303657,1.4166032135303657,154
1,E,21,False,9.754332632907495,0.19756456467091116,0.19772263334386075,0.19772263334386075,345
1,E,74,False,5.51558346509554,0.8732697847580279,0.8733055590651856,0.8733055590651856,262
1,E,431,False,6.689413798961043,1.6854469524808469,1.6854654882701687,1.6854654882701687,51
1,E,179,False,6.645716124019292,1.7045058150505632,1.7045241435849505,1.7045241435849505,41
1,E,359,False,8.445466627202922,1.637727446509942,1.6377465223821417,1.6377465223821417,69
1,E,285,False,6.606774866410028,1.4912007709401993,1.4912217211989198,1.4912217211989198,122
1,E,498,False,8.3127484440561,1.1860132363442544,1.1860395774621504,1.1860395774621504,216
1,E,458,False,6.511237504118222,1.6275250746994232,1.627544270150028,1.627544270150028,75
1,E,13,False,9.611328809136728,0.1457452953153786,0.14595949311158588,0.14595949311158588,366
1,E,46,False,8.468790193986756,0.1973644874871284,0.19752271627304294,0.19752271627304294,346
1,E,519,False,7.128613789970041,1.4808155464929214,1.4808366436774696,1.4808366436774696,126
1,E,212,True,7.157815930117856,1.8260520228069708,1.82606913136394,1.82606913136394,9
1,E,164,False,6.992925021587556,1.6948785287926014,1.6948969614360032,1.6948969614360032,46
1,E,107,False,8.126671841375215,1.7194913920922723,1.7195095608929438,1.7195095608929438,34
1,E,437,False,6.909276307580819,1.7313052050801943,1.7313232499047073,1.7313232499047073,32
1,E,66,False,9.54812801017844,1.090784474553,1.0908131152716714,1.0908131152716714,239
1,E,264,False,6.212017237687497,1.0517229584811953,1.0517526629009608,1.0517526629009608,246
1,E,170,False,5.867609137649174,1.3873556281528774,1.387378146537666,1.387378146537666,170
1,E,316,False,6.131196641597544,1.6971880987464156,1.6972065063065536,1.6972065063065536,44
1,E,417,False,7.7171656534480775,0.9829425608416718,0.9829743437327384,0.9829743437327384,258
1,E,354,False,7.703746636333171,0.9891808626938441,0.989212445151476,0.989212445151476,256
1,E,23,False,10.735158132299526,0.21167271692103087,0.21182025779314648,0.21182025779314648,341
1,E,60,True,7.541445681149641,1.8333566595959665,1.8333736999880044,1.8333736999880044,7
1,E,194,True,7.266830169130899,1.9842837323470404,1.9842994766365092,1.9842994766365092,1
1,E,339,False,9.624513766554372,0.16641539921837464,0.1666030240416877,0.1666030240416877,362
1,E,67,False,10.588123753623373,0.30569472895564387,0.30579690945804006,0.30579690945804006,311
1,E,321,False,6.47250173201076,1.1498206231612889,1.1498477933926032,1.1498477933926032,229
1,E,7,False,8.249564473023753,0.35749041984015556,0.3575777996468948,0.3575777996468948,304
1,E,483,False,9.282331110692592,1.0809457736090298,1.080974675006796,1.080974675006796,242
1,E,128,False,7.38252836143875,1.6563002142976955,1.6563190762668334,1.6563190762668334,63
1,E,289,False,5.96055085696608,1.427868477232363,1.4278903567139503,1.4278903567139503,147
1,E,349,False,7.5550286630265875,1.460271947584177,1.4602933415667243,1.4602933415667243,131
1,E,118,False,5.594938929299678,0.21805860357284232,0.21820182656192905,0.21820182656192905,339
1,E,163,False,6.256994972387974,1.582178085421842,1.5821978310287086,1.5821978310287086,93
1,E,94,False,6.661929137877848,1.1305029218594325,1.1305305563564119,1.1305305563564119,234
1,E,184,False,6.895820495504295,1.6219080474841214,1.6219273094120399,1.6219273094120399,76
1,E,101,False,8.169715302013653,1.487083317380782,1.487104325646004,1.487104325646004,123
1,E,536,False,8.528776280675546,1.6390157841512123,1.639034845029122,1.639034845029122,67
1,E,201,False,6.8825616963926395,1.7121652338545048,1.7121834803965594,1.7121834803965594,37
1,E,395,True,7.209997101319261,1.972658330093547,1.972674167167575,1.972674167167575,2
1,E,178,False,6.004492360272649,1.4364911427703924,1.436512890920444,1.436512890920444,142
1,E,146,False,7.587885856776746,0.7911161873579109,0.7911556764774814,0.7911556764774814,266
1,E,96,False,7.415651369819834,1.2129025987012692,1.21292835586407,1.21292835586407,210
1,E,150,False,8.043624875183461,1.4227327506935428,1.422754709153633,1.422754709153633,150
1,E,486,False,9.8834485887527,0.13302563202824405,0.13326027652431893,0.13326027652431893,371
1,E,98,False,6.5723219290106325,1.1617075515966995,1.1617344438207995,1.1617344438207995,223
1,E,132,False,4.54170423384187,0.7226739732529437,0.7227172020507195,0.7227172020507195,271
1,E,295,False,6.478586237232046,1.5868049011613683,1.5868245891945851,1.5868245891945851,90
1,E,88,False,6.620093255535977,1.4323310161513754,1.4323528274667718,1.4323528274667718,144
1,E,323,False,5.27259740386928,1.4478983345803393,1.4479199113912842,1.4479199113912842,138
1,E,298,False,5.449895480202683,1.3903243935243763,1.3903468638263434,1.3903468638263434,165
1,E,494,False,10.730808590777803,0.1988023512617855,0.1989594365443331,0.1989594365443331,344
1,E,222,False,7.3196882647814325,1.383744441852171,1.3837670190026934,1.3837670190026934,175
1,E,122,False,6.412395540123944,1.4217548568308838,1.4217768303939373,1.4217768303939373,153
1,E,241,False,9.078245927812954,1.1371186098934072,1.1371460836184326,1.1371460836184326,232
1,E,408,False,6.351392485778398,1.3651358269156868,1.3651587118176407,1.3651587118176407,179
1,E,229,False,8.814101940419652,1.2036813361716325,1.2037072906528192,1.2037072906528192,211
1,E,456,False,6.651126819848512,0.4930815260393634,0.4931448811902356,0.4931448811902356,294
1,E,332,False,7.010010979378425,1.4789429930183868,1.4789641169146088,1.4789641169146088,127
1,E,499,False,8.004191928285055,1.646769022890299,1.646787994027736,1.646787994027736,65
1,E,130,False,4.668709006666463,0.9879551330793839,0.9879867547192762,0.9879867547192762,257
1,E,288,False,5.950363785137128,1.4156292646122668,1.4156513332560006,1.4156513332560006,155
1,E,125,False,5.883207712270772,1.5408206212101265,1.5408408968057619,1.5408408968057619,103
1,E,336,False,9.543488874084545,0.1886204586564439,0.18878601628984976,0.18878601628984976,351
1,E,352,False,7.593731257441545,0.9911693111561974,0.9912008302562478,0.9912008302562478,255
1,E,83,False,6.687037357836226,1.4932030317690135,1.493223953935577,1.493223953935577,121
1,E,410,False,6.556656453191997,1.2388448331234303,1.2388700509252148,1.2388700509252148,208
1,E,223,False,5.671670580319953,1.5445399480036162,1.5445601747752782,1.5445601747752782,102
1,E,198,False,7.351245453559935,1.732596383222634,1.7326144145997913,1.7326144145997913,31
1,E,329,False,6.723496657878642,1.3902897946461577,1.3903122655073137,1.3903122655073137,166
1,E,99,False,7.390981144394031,1.252232149366426,1.252257097576086,1.252257097576086,206
1,E,368,False,6.543337593231838,1.6378839980682889,1.6379030721172076,1.6379030721172076,68
1,E,86,False,6.598601665301549,0.6658330947977791,0.6658800137042803,0.6658800137042803,278
1,E,262,False,6.021605315995265,0.282980715253565,0.28309109439938834,0.28309109439938834,323
1,E,147,False,7.272282763847822,1.2598125791162116,1.2598373772127358,1.2598373772127358,204
1,E,294,False,6.91057592840491,1.6080202400427421,1.6080396683259843,1.6080396683259843,83
1,E,305,False,5.662106946376907,1.240443033032891,1.2404682183444533,1.2404682183444533,207
1,E,392,False,6.656516754202357,1.6210276757324564,1.6210469481213041,1.6210469481213041,77
1,E,293,False,5.979816157780381,1.4037679615748369,1.4037902166872358,1.4037902166872358,158
1,E,266,False,7.580114554835581,0.22292420268965524,0.2230643016433662,0.2230643016433662,338
1,E,546,True,7.038034206089439,1.7921001199574311,1.7921175526382924,1.7921175526382924,17
1,E,517,False,9.847424965698776,0.16735244915400518,0.16753902459029674,0.16753902459029674,361
1,E,523,False,8.401240200734092,0.3430466525955456,0.3431377105184347,0.3431377105184347,305
1,E,413,False,9.262947941577364,0.6961595988829506,0.6962044740158562,0.6962044740158562,273
1,E,193,False,7.308048200736197,1.7105550526984021,1.7105733164161243,1.7105733164161243,38
1,E,5,False,6.552577098867442,1.647807549671571,1.6478265088526314,1.6478265088526314,64
1,E,280,False,8.75138865115458,0.5902706998843148,0.5903236245185711,0.5903236245185711,285
1,E,306,False,8.958284071552228,0.33298375197721813,0.3330775609428676,0.3330775609428676,307
1,E,409,False,6.169808223866049,1.2733910143229077,1.2734155479972544,1.2734155479972544,201
1,E,112,True,6.371709391650032,1.7715711487991321,1.7715887834879462,1.7715887834879462,22
1,E,205,True,7.715015447395984,1.7853578138694266,1.7853753123832092,1.7853753123832092,19
1,E,0,True,7.032754417103648,1.964084828355451,1.9641007345599375,1.9641007345599375,3
1,E,263,False,6.510735738141582,1.1056383494037252,1.105666605353991,1.105666605353991,235
1,E,68,False,10.664003978406008,0.29257088107552376,0.2926776434511738,0.2926776434511738,318
1,E,331,False,6.790862702004691,1.7030446183313213,1.7030629625912541,1.7030629625912541,42
1,E,79,False,6.682569345872329,1.6127462567725717,1.6127656281235554,1.6127656281235554,81
1,E,100,False,6.571773658097637,1.1805475543073474,1.1805740173762436,1.1805740173762436,217
1,E,265,False,7.566990420239311,0.2623099380817559,0.26242901161891147,0.26242901161891147,329
1,E,34,False,6.585182190819821,1.5159242020712498,1.515944810653798,1.515944810653798,110
1,E,218,False,7.301143207998836,1.3868443768158663,1.3868669035017789,1.3868669035017789,172
1,E,314,False,7.512545475483127,1.0467522209424516,1.0467820664163001,1.0467820664163001,248
1,E,407,False,6.530239613736913,1.6160186292619965,1.616037961387246,1.616037961387246,78
1,E,446,True,7.301589012313804,1.745336398097062,1.7453542978562404,1.7453542978562404,24
1,E,188,False,7.475230028013443,1.1607203381714948,1.1607472532673826,1.1607472532673826,224
1,E,121,False,8.867652988421707,1.056023528178057,1.0560531116323912,1.0560531116323912,245
1,E,157,False,9.117991458550051,0.781921433951322,0.7819613874068947,0.7819613874068947,268
1,E,52,False,6.245551276242891,1.4273251937007512,1.427347081510209,1.427347081510209,148
1,E,244,False,9.655139239615822,0.22583542480363278,0.22597371886806095,0.22597371886806095,335
1,E,231,False,8.764842572779173,0.8480478315140079,0.8480846697461494,0.8480846697461494,265
1,E,273,False,9.712943695835483,0.18375876735228536,0.18392870113621607,0.18392870113621607,355
1,E,84,False,7.059811992496861,1.3386315255920962,1.3386548635969793,1.3386548635969793,181
1,E,208,False,6.496362896043634,1.519593065742922,1.5196136245693497,1.5196136245693497,108
1,E,367,False,5.601563238349295,0.10970513102617532,0.10998953721283883,0.10998953721283883,377
1,E,344,True,7.343786224075368,1.8283772940823875,1.8283943808814491,1.8283943808814491,8
1,E,78,False,6.207081813325674,1.5991817828418846,1.5992013185012615,1.5992013185012615,87
1,E,114,False,6.160595307815446,1.5445439584403093,1.5445641851594527,1.5445641851594527,101
1,E,30,False,6.436250593532812,1.6627322818322818,1.6627510708371265,1.6627510708371265,61
1,E,485,False,6.813238714742459,1.6695433158093345,1.6695620281638088,1.6695620281638088,59
1,E,221,False,7.406237316542613,1.391438787930473,1.39146124023641,1.39146124023641,163
1,E,240,False,8.20172880644075,0.29843451828777817,0.29853918374056426,0.29853918374056426,315
1,E,524,False,7.049534181383587,1.4422455093059603,1.4422671706851102,1.4422671706851102,140
1,E,315,False,7.611719894333945,1.5669750953932282,1.5669950325720374,1.5669950325720374,95
1,E,371,False,11.698891260068946,0.007906889849581359,0.011180403835174034,0.011180403835174034,379
1,E,113,False,6.561201632300989,1.63183401347744,1.6318531582420992,1.6318531582420992,71
1,E,85,False,6.664776472909433,1.1591548110202068,1.159181762466144,1.159181762466144,225
1,E,209,False,6.2475203356581455,0.19119832536821382,0.19136165275841843,0.19136165275841843,350
1,E,105,False,6.697967442794309,1.0470523935067826,1.0470822304246723,1.0470822304246723,247
1,E,425,False,6.634178452807339,1.5983717843536158,1.5983913299128552,1.5983913299128552,88
1,E,438,True,6.755436660212447,1.741769719511848,1.7417876559245693,1.7417876559245693,28
1,E,350,False,7.5431030847303715,0.9981278530778419,0.9981591524464454,0.9981591524464454,253
1,E,80,False,5.861718557824002,1.456552023988626,1.4565734726089814,1.4565734726089814,132
1,E,419,False,6.6953775323978855,1.6706308189334655,1.6706495191072022,1.6706495191072022,57
1,E,71,True,7.712013813540122,1.7970746671863742,1.79709205161167,1.79709205161167,15
1,E,183,False,6.545849128125646,0.687806134325852,0.6878515544353273,0.6878515544353273,275
1,E,513,False,7.0458647790260915,1.5528053350839666,1.552825454192471,1.552825454192471,98
1,E,230,False,8.338244893149453,0.3097839581568905,0.30988479029177,0.30988479029177,310
1,E,109,False,9.76927946145606,0.3016543471850493,0.3017578958344958,0.3017578958344958,313
1,E,369,True,7.084114137898803,1.8045320721826927,1.8045493847658445,1.8045493847658445,13
1,E,48,False,8.808017661782953,1.0866297092215695,1.0866584594461024,1.0866584594461024,241
1,E,303,False,5.713242039785398,1.2176050846152962,1.2176307423040234,1.2176307423040234,209
1,E,537,False,7.163616136887433,1.7144400292266802,1.714458251558668,1.714458251558668,36
1,E,190,False,7.279107905695282,1.6903949177161757,1.69041339924987,1.69041339924987,47
1,E,54,False,5.122504125754185,1.3193137803344104,1.3193374600545142,1.3193374600545142,182
1,E,162,False,9.423458496180361,0.5801359813835469,0.5801898305026341,0.5801898305026341,286
1,E,378,False,6.737573466178161,1.629932111281087,1.6299512783847394,1.6299512783847394,73
1,E,466,False,9.870995778123003,0.2651988267927892,0.2653166038058983,0.2653166038058983,326
1,E,525,False,6.631731578156596,1.3180430326644943,1.318066735214208,1.318066735214208,184
1,E,300,False,4.737311927617076,0.6586472240517961,0.6586946548090101,0.6586946548090101,280
1,E,235,False,9.110902475853536,1.1429605510956344,1.1429878843993317,1.1429878843993317,230
1,E,422,False,6.530424899127084,1.0962242557480684,1.09625275434693,1.09625275434693,237
1,E,220,False,7.406237316542613,1.391438787930473,1.39146124023641,1.39146124023641,164
1,E,224,False,6.4518856525491834,1.7269768044678933,1.7269948945184985,1.7269948945184985,33
1,E,91,True,7.6683735669586275,1.8176594423347667,1.817676629885404,1.817676629885404,11
1,E,123,False,8.136868952670866,1.4538535546260392,1.4538750430561747,1.4538750430561747,135
1,E,450,False,7.725312866714895,0.6726107831410889,0.6726572292932658,0.6726572292932658,277
1,E,145,False,8.358019157104126,1.2975536320760128,1.2975777089008877,1.2975777089008877,191
1,E,380,False,8.845246795235218,0.5244291113431397,0.5244886799035603,0.5244886799035603,292
1,E,516,False,8.41051946088212,1.2948305601918926,1.2948546876501914,1.2948546876501914,192
1,E,62,False,7.535071738470046,0.2994018893971153,0.2995062167925511,0.2995062167925511,314
1,E,20,False,8.243666726613261,0.2911528564110899,0.29126013856887606,0.29126013856887606,319
1,E,204,True,7.704969165387128,1.7995537407134785,1.7995711011901412,1.7995711011901412,14
1,E,173,False,6.399245192697838,1.501038097172857,1.5010589101321559,1.5010589101321559,115
1,E,153,False,9.49253961152676,0.6406835121657477,0.6407322727035544,0.6407322727035544,282
1,E,155,False,6.051584596184562,1.5319554118080627,1.5319758047341463,1.5319758047341463,104
1,E,117,False,6.401293413636539,1.7166593321596366,1.7166775309339823,1.7166775309339823,35
1,E,242,False,9.032170554209939,1.134859627391811,1.134887155803036,1.134887155803036,233
1,E,325,False,6.779442188079288,1.5265467493627853,1.5265672145414726,1.5265672145414726,106
1,E,191,False,7.274653416099782,1.6968354083872565,1.6968538197733982,1.6968538197733982,45
1,E,95,False,6.64982215841714,1.1660855206715979,1.16611231193345,1.16611231193345,222
1,E,426,False,6.872009506958003,1.4848336734190726,1.4848547135130767,1.4848547135130767,125
1,E,397,True,7.36168219442443,1.8627789070399763,1.862795678284624,1.862795678284624,6
1,E,104,False,8.283592766769699,1.3623696563288488,1.362392587695782,1.362392587695782,180
1,E,505,False,7.143550772070153,1.3670726064503453,1.3670954589310012,1.3670954589310012,178
1,E,333,True,6.819779167762206,1.7326934258472122,1.7327114562144998,1.7327114562144998,30
1,E,539,False,6.51743173574532,1.4421720661968795,1.4421937286791262,1.4421937286791262,141
1,E,225,False,6.962115445683609,1.2843108914487897,1.284335216529084,1.284335216529084,198
1,E,251,True,6.246734201927328,1.790750415939488,1.7907678617593832,1.7907678617593832,18
1,E,375,False,9.065422749084071,0.5489218088658246,0.5489787197800594,0.5489787197800594,291
1,E,253,False,9.347201799004788,0.1543571396390251,0.15455940307974037,0.15455940307974037,364
1,E,172,False,5.635146840425879,1.1993350125765965,1.1993610611133452,1.1993610611133452,213
1,E,318,False,7.413668120149997,1.6332576929957747,1.633276821072504,1.633276821072504,70
1,E,106,False,7.076504693516491,1.4724505968382955,1.4724718138736228,1.4724718138736228,128
1,E,75,False,9.48870869438693,0.48485313497909893,0.4849175651818405,0.4849175651818405,296
1,E,18,False,8.20200217561291,0.35978229844225906,0.3598691217584789,0.3598691217584789,303
1,E,507,False,7.036508519287613,1.6054525613139035,1.6054720206693722,1.6054720206693722,85
1,E,379,False,8.913142238592828,0.32425377984005516,0.3243501137095332,0.3243501137095332,308
1,E,317,False,5.653547486191877,1.552867122897509,1.5528872412054946,1.5528872412054946,97
1,E,276,False,8.063184843944395,1.158165916684422,1.1581928911421844,1.1581928911421844,226
1,E,161,False,9.136711955026978,0.9208090193849255,0.9208429468174539,0.9208429468174539,261
1,E,436,False,6.838802872006851,1.6870403567217376,1.6870588750042577,1.6870588750042577,50
1,E,334,False,9.740511099678743,0.6763376611034655,0.6763838513371903,0.6763838513371903,276
1,E,296,False,6.472973986718607,1.583215125650497,1.5832348583237241,1.5832348583237241,92
1,E,141,False,7.879031953652361,0.425705063218577,0.4257784439972939,0.4257784439972939,299
1,E,465,False,8.36940542498728,0.2940183790881538,0.2941246160464124,0.2941246160464124,317
1,E,43,False,7.4723922611064495,1.505470794753806,1.5054915464324203,1.5054915464324203,113
1,E,403,False,5.495178363829746,1.017639424370838,1.0176701236435286,1.0176701236435286,250
1,E,489,False,8.358957391312892,0.44424687356300735,0.44431719209741455,0.44431719209741455,298
1,E,61,False,7.551152919839265,0.9994272578338567,0.9994585165098782,0.9994585165098782,252
1,E,351,False,7.562167095501595,0.9979003760508051,0.9979316825540526,0.9979316825540526,254
1,E,468,False,9.066517783612323,1.1548558989808266,1.1548829507502645,1.1548829507502645,227
1,E,361,True,7.709649181599051,1.7968599418859235,1.7968773283886434,1.7968773283886434,16
1,E,268,False,9.707027089618734,0.26271771152321266,0.2628366003257882,0.2628366003257882,328
1,E,459,False,9.604031931347752,0.28919018793803697,0.2892981979246696,0.2892981979246696,320
1,E,345,False,7.656652260317784,0.18684650537132022,0.1870136334396478,0.1870136334396478,352
1,E,312,False,6.942172857471506,1.5475139936183844,1.54753418151831,1.54753418151831,100
1,E,58,True,7.007115464572912,1.9405696012204712,1.9405857001698745,1.9405857001698745,4
1,E,502,True,6.889261297795269,1.771800192448663,1.7718178248578331,1.7718178248578331,21
1,E,41,False,7.350695284289239,1.6307530397566756,1.6307721972116345,1.6307721972116345,72
1,E,176,False,6.004492360272649,1.4364911427703924,1.436512890920444,1.436512890920444,143
1,E,33,False,6.366156516005242,1.689904515770352,1.6899230026672376,1.6899230026672376,49
1,E,137,False,7.176785760848254,1.3951597082890028,1.3951821007151288,1.3951821007151288,161
1,E,328,False,6.810927882801627,1.528541200474496,1.5285616389504342,1.5285616389504342,105
1,E,343,False,7.4513308274363155,1.4088587716835743,1.4088809463799892,1.4088809463799892,157
1,E,97,False,6.541957795291299,1.1710927433971339,1.171119420110626,1.171119420110626,221
1,E,520,False,6.948104411710161,1.5936378732775514,1.593657476896281,1.593657476896281,89
1,E,90,False,6.762755113980425,1.3134415799032426,1.3134653654899129,1.3134653654899129,186
1,E,423,False,9.8795745008611,0.11168709356056768,0.11196646547440514,0.11196646547440514,375
1,E,64,False,9.786947450993907,1.28454627006892,1.284570590692002,1.284570590692002,197
1,E,307,False,5.763177893676183,1.6442287680596257,1.6442477685062244,1.6442477685062244,66
1,E,439,True,6.718739391381864,1.7430785044473742,1.7430964273927356,1.7430964273927356,27
1,E,102,True,7.080642657366239,1.7722570685839174,1.7722746964476146,1.7722746964476146,20
1,E,207,False,6.297573685371999,1.4957222310186544,1.4957431179471443,1.4957431179471443,119
1,E,508,False,6.471804395518297,1.041242344650862,1.041272348051579,1.041272348051579,249
1,E,475,False,9.850488072984719,0.23095781027124018,0.23109303894343147,0.23109303894343147,333
1,E,310,False,6.704062727789354,1.1039714516519692,1.1039997502650896,1.1039997502650896,236
2,E,322,False,8.890648195486005,1.0525119495028905,1.0525457142310495,1.0525457142310495,208
2,E,65,False,8.819778555968574,1.5744791289951798,1.574501700329725,1.574501700329725,136
2,E,542,False,9.30446954928167,0.137838566224093,0.13809615142533485,0.13809615142533485,308
2,E,384,False,6.560486909259405,0.2769724796060229,0.2771007599392035,0.2771007599392035,269
2,E,6,False,9.757451561930086,0.1791050487716971,0.1793033608031019,0.1793033608031019,294
2,E,144,False,7.865936001395724,0.12630541712127522,0.1265864727921379,0.1265864727921379,313
2,E,297,False,9.605078554174138,0.6203557118882702,0.6204129962953532,0.6204129962953532,242
2,E,532,False,6.831843302631841,1.5502054219127452,1.5502283466726596,1.5502283466726596,147
2,E,478,False,9.824504203905683,0.12654713737067683,0.12682765737995913,0.12682765737995913,312
2,E,457,True,6.321155404732115,1.9036686944948042,1.9036873627513862,1.9036873627513862,16
2,E,530,False,6.404083765549378,1.6950613560778365,1.6950823217673556,1.6950823217673556,100
2,E,385,False,8.586915087753368,0.18289723218462847,0.18309143683027135,0.18309143683027135,291
2,E,252,False,9.076069660752903,1.0838657305075905,1.0838985185286159,1.0838985185286159,206
2,E,111,False,6.362074496196003,1.8461596075441749,1.846178857323265,1.846178857323265,39
2,E,70,False,7.304896485885373,1.7560910536509675,1.7561112907252605,1.7561112907252605,75
2,E,326,False,6.562928683033273,1.6775314992743848,1.6775526840482657,1.6775526840482657,103
2,E,435,True,6.473737463917573,1.9352869591057345,1.935305322367635,1.935305322367635,11
2,E,427,False,6.24837192840106,1.8025420713555902,1.8025617869317758,1.8025617869317758,60
2,E,420,False,6.665637978287959,1.8181442122775129,1.818163758669167,1.818163758669167,49
2,E,108,False,9.308874165711739,0.2166800765033071,0.21684402747886408,0.21684402747886408,276
2,E,156,False,9.444945000078327,0.318578753730583,0.318690287000258,0.318690287000258,264
2,E,432,True,6.469709067994177,1.9361194170471165,1.9361377724135855,1.9361377724135855,9
2,E,388,False,8.585370226478364,0.11057953538719803,0.11090045241667829,0.11090045241667829,327
2,E,19,False,9.71190716922588,0.14903423149549413,0.14927249866344397,0.14927249866344397,301
2,E,26,False,4.564688189698314,1.527825356713949,1.527848617277864,1.527848617277864,155
2,E,356,False,7.855178289018881,0.7165176869700816,0.7165672839592463,0.7165672839592463,231
2,E,55,False,5.670176542704192,1.746799497917187,1.7468198426350419,1.7468198426350419,81
2,E,127,False,8.976019786092785,1.0141510245244354,1.014186066382169,1.014186066382169,212
2,E,291,False,5.404752871511354,1.2312698471186274,1.2312987099495003,1.2312987099495003,191
2,E,76,False,5.758710018397368,1.8158619786363372,1.8158815495942595,1.8158815495942595,51
2,E,496,False,7.813913940705674,1.2070443322600535,1.2070737743571822,1.2070737743571822,195
2,E,47,False,8.218046515102968,0.8826122841197755,0.8826525481631505,0.8826525481631505,228
2,E,451,False,6.795050839029936,1.537869736554616,1.53789284519772,1.53789284519772,151
2,E,213,False,6.712303885804559,1.7220459964456014,1.7220666336045478,1.7220666336045478,85
2,E,464,False,9.71926670882186,0.11845200212229333,0.11875164633197777,0.11875164633197777,320
2,E,319,False,6.326847925097307,1.0288248745136734,1.0288594165958007,1.0288594165958007,210
2,E,292,False,5.393730559106487,1.2350602959424832,1.2350890701942552,1.2350890701942552,190
2,E,138,False,7.311020839524839,1.6688152770709628,1.6688365724915095,1.6688365724915095,105
2,E,495,False,8.466408608725102,0.6559033665595475,0.6559575466170989,0.6559575466170989,240
2,E,404,False,6.557510472241537,1.5334551807946495,1.5334783559625895,1.5334783559625895,153
2,E,238,False,8.109936141125766,1.7129889966095537,1.7130097428809856,1.7130097428809856,93
2,E,429,False,6.976561885349011,1.7517861775049042,1.7518064643096334,1.7518064643096334,77
2,E,283,False,6.093364978047644,0.4139306325889568,0.4140164794972167,0.4140164794972167,255
2,E,126,False,6.95291933033737,1.8567826818836064,1.8568018215314883,1.8568018215314883,34
2,E,216,False,7.294629732044264,1.6457903539782175,1.645811947321905,1.645811947321905,118
2,E,270,False,9.710994117288044,0.1468857995364132,0.14712754604501058,0.14712754604501058,302
2,E,474,False,9.870939187297184,0.0911023744655496,0.09149163531731504,0.09149163531731504,338
2,E,89,False,7.1585084926952485,1.3347837315601572,1.3348103560946152,1.3348103560946152,181
2,E,484,False,8.227289494140585,0.16652941620124642,0.16674268547706464,0.16674268547706464,298
2,E,382,False,5.804391476149897,0.4293124658268469,0.429395237530766,0.429395237530766,253
2,E,281,True,6.330267529197906,1.8704978830426722,1.8705168823528147,1.8705168823528147,30
2,E,239,False,9.784877745100719,0.1194091601595565,0.11970640847417469,0.11970640847417469,318
2,E,226,False,7.737259169523999,1.4725610647198952,1.4725851982241187,1.4725851982241187,163
2,E,87,False,6.476305234497553,0.4708470480050808,0.470922519439105,0.470922519439105,250
2,E,24,False,10.73254448131394,0.10865382629369362,0.10898041414876111,0.10898041414876111,328
2,E,35,False,8.436669485203577,1.7485499226930072,1.7485702470445665,1.7485702470445665,80
2,E,490,False,8.240891291038052,0.10669870733869583,0.10703126107602398,0.10703126107602398,329
2,E,538,False,8.583731773224597,0.18752519195241404,0.18771460869246454,0.18771460869246454,288
2,E,124,False,7.599320739224933,0.187225797660975,0.1874155169924937,0.1874155169924937,290
2,E,278,False,8.013389537767907,1.8183474566913962,1.8183670008982906,1.8183670008982906,48
2,E,10,False,8.168474775835584,0.24271419078124817,0.24286056721166466,0.24286056721166466,271
2,E,169,False,6.300723929429969,0.3405429600892445,0.3406473020091604,0.3406473020091604,262
2,E,32,False,6.14040900565023,1.7622966376340818,1.7623168034482806,1.7623168034482806,72
2,E,15,False,9.617035494296736,0.04770291290453758,0.04844217789646996,0.04844217789646996,348
2,E,304,False,5.432723550087408,1.1742214760708323,1.1742517411380489,1.1742517411380489,198
2,E,215,False,7.294629732044264,1.6457903539782175,1.645811947321905,1.645811947321905,119
2,E,506,False,6.450517328902059,0.9877465011452394,0.9877824797112155,0.9877824797112155,215
2,E,330,False,8.824303350586472,1.0873016158762259,1.0873343002898543,1.0873343002898543,205
2,E,57,False,6.17108287997368,1.7705695160705355,1.7705895876622637,1.7705895876622637,71
2,E,412,False,5.58209188002642,1.2613573900831103,1.261385564455631,1.261385564455631,188
2,E,236,False,8.294559177526105,1.5921570077397078,1.5921793284659975,1.5921793284659975,131
2,E,452,True,6.9407841846061675,1.9120221521426313,1.9120407388400267,1.9120407388400267,14
2,E,25,False,10.758015828852132,0.13776299237057743,0.13802071861380494,0.13802071861380494,309
2,E,338,False,9.68608176754447,0.0947007272458655,0.09507525672156325,0.09507525672156325,336
2,E,461,False,7.777560765210108,1.476317108437304,1.4763411805421054,1.4763411805421054,162
2,E,120,False,8.308320661692097,1.5739508478838318,1.5739734267941148,1.5739734267941148,137
2,E,44,False,6.191700285855847,0.40371575391122755,0.40380377246366356,0.40380377246366356,256
2,E,143,False,7.809546516213738,0.23950447975807698,0.23965281664099516,0.23965281664099516,273
2,E,217,False,7.2392443247575455,1.6456179391981107,1.6456395348041477,1.6456395348041477,121
2,E,256,False,5.904166711026381,0.5092046456550516,0.5092744327535617,0.5092744327535617,248
2,E,36,False,6.268047758682426,1.0515021324536138,1.0515359296069118,1.0515359296069118,209
2,E,152,False,7.045050211641976,1.7728509117766051,1.7728709575394694,1.7728709575394694,70
2,E,259,False,8.064255246274838,1.5798545390507446,1.5798770335880625,1.5798770335880625,134
2,E,246,False,9.566353776197905,0.0880678769499138,0.08847049027919142,0.08847049027919142,341
2,E,11,False,9.657435259909184,0.13790592518567263,0.13816338480614782,0.13816338480614782,307
2,E,533,False,6.836122964160699,1.5498467237464708,1.5498696538120373,1.5498696538120373,148
2,E,374,False,8.962550884231808,0.38532928369925157,0.3854215011853304,0.3854215011853304,257
2,E,50,True,6.401911756119026,1.8858959492233305,1.8859147934084248,1.8859147934084248,24
2,E,232,False,8.1535949763124,1.706799516093239,1.7068203375973379,1.7068203375973379,96
2,E,497,False,6.691454463054288,1.8394940770325874,1.8395133965638155,1.8395133965638155,44
2,E,49,False,8.052689634258565,1.5764563677841865,1.576478910809493,1.576478910809493,135
2,E,151,True,6.464700885878027,1.9283532628698412,1.9283716921590968,1.9283716921590968,12
2,E,401,False,5.741073214425315,1.452679434347168,1.4527038981413187,1.4527038981413187,171
2,E,29,False,4.695124867299826,1.3862560899211809,1.3862817258924451,1.3862817258924451,173
2,E,455,False,6.41328239437496,0.09626449745537188,0.0966329662698535,0.0966329662698535,334
2,E,4,False,7.310626935871331,1.6686823947200415,1.6687036918363871,1.6687036918363871,106
2,E,491,False,9.593103218960913,0.08938540380667007,0.08978210909450063,0.08978210909450063,339
2,E,535,False,9.92022242681824,0.36356930183867686,0.3636670371909424,0.3636670371909424,260
2,E,37,False,7.54822804469995,1.127878524512453,1.127910033094911,1.127910033094911,202
2,E,311,True,6.322105651675505,1.8921018338715156,1.8921206162503825,1.8921206162503825,23
2,E,387,False,8.553667391637832,0.2040602139853247,0.20423429592385273,0.20423429592385273,278
2,E,271,False,9.61773350904221,0.11365341235136162,0.11396567395002752,0.11396567395002752,326
2,E,327,False,5.653126474709136,0.07162441818661328,0.07211888781967041,0.07211888781967041,345
2,E,509,False,6.724156667658052,1.4693404828784107,1.4693646692789153,1.4693646692789153,165
2,E,17,False,9.653235821980745,0.11821831199814824,0.11851854703575666,0.11851854703575666,321
2,E,348,False,7.9191181656130585,0.5307544639118827,0.5308214178630751,0.5308214178630751,247
2,E,444,False,6.132466150916843,1.7816957614986082,1.7817157077496624,1.7817157077496624,68
2,E,93,False,6.958218397026152,1.8418030408626735,1.8418223361743569,1.8418223361743569,43
2,E,534,False,5.7791312347346855,0.1408102123459014,0.14106237131380284,0.14106237131380284,305
2,E,257,True,6.36507362028053,1.89924781135232,1.8992665230626145,1.8992665230626145,20
2,E,160,False,6.874387577699242,1.8598777045241355,1.8598968123220552,1.8598968123220552,33
2,E,233,False,8.371889789632979,1.5564601872827615,1.5564830199189659,1.5564830199189659,143
2,E,428,False,9.896058530094523,0.2870678623526557,0.28719163340093773,0.28719163340093773,267
2,E,341,False,9.654723972303,0.09495987670395449,0.0953333880831138,0.0953333880831138,335
2,E,527,False,8.445575161890746,1.565080741908887,1.5651034487834494,1.5651034487834494,140
2,E,399,False,6.636836664247846,1.4646590922245417,1.4646833559291217,1.4646833559291217,168
2,E,467,False,9.7863132149874,0.19268671058492837,0.1928710583156926,0.1928710583156926,284
2,E,16,False,8.25445907202507,0.12014107568021588,0.12043651757409256,0.12043651757409256,316
2,E,462,False,9.872519609277207,0.4750366026689046,0.4751114085927532,0.4751114085927532,249
2,E,309,False,7.284467283359932,1.651779612332413,1.651801127380894,1.651801127380894,115
2,E,248,False,8.501835485723277,1.718379717886608,1.7184003990757897,1.7184003990757897,87
2,E,405,False,6.557510472241537,1.5334551807946495,1.5334783559625895,1.5334783559625895,154
2,E,148,False,7.875826334011391,0.08869554322958415,0.08909532023942882,0.08909532023942882,340
2,E,12,False,9.641614440185936,0.1284471653855827,0.12872354483685797,0.12872354483685797,311
2,E,463,False,7.688051712613207,1.4517954551795387,1.451819933869121,1.451819933869121,172
2,E,243,False,8.289786578138818,1.596583484918935,1.5966057437625816,1.5966057437625816,128
2,E,453,False,6.859974066970806,1.7831064732044817,1.7831264036751573,1.7831264036751573,66
2,E,501,False,5.712228374477583,1.8069137814232792,1.8069334492994336,1.8069334492994336,57
2,E,45,False,9.884179985443465,0.0758150199545865,0.07628233052607723,0.07628233052607723,344
2,E,72,False,6.484333526904576,1.7078969101738355,1.7079177182994236,1.7079177182994236,95
2,E,199,False,7.352621122675806,1.6984299051440104,1.6984508292521356,1.6984508292521356,98
2,E,73,False,5.402447475391357,0.6133264179015161,0.6133843587797789,0.6133843587797789,245
2,E,376,False,8.017950591871859,1.8189672410922646,1.8189867786398504,1.8189867786398504,47
2,E,110,False,6.356499750518218,1.8456937721636324,1.8457130268011315,1.8457130268011315,40
2,E,214,False,7.294629732044264,1.6457903539782175,1.645811947321905,1.645811947321905,120
2,E,470,False,8.229992829339597,0.19889605025918797,0.19907464808076586,0.19907464808076586,281
2,E,135,False,5.778676737950333,1.6758508375955676,1.6758720436147687,1.6758720436147687,104
2,E,92,False,6.957574982500368,1.8419183171568028,1.8419376112609036,1.8419376112609036,42
2,E,1,False,9.759038114483232,0.15125832937977993,0.15149309854424836,0.15149309854424836,300
2,E,287,False,8.012511413518471,1.6661003325599502,1.6661216626813757,1.6661216626813757,110
2,E,372,False,8.220580293535717,0.9023033121943825,0.902342697591513,0.902342697591513,225
2,E,518,False,9.88560872131404,0.07706303884871232,0.07752282667945933,0.07752282667945933,343
2,E,441,False,6.873524811178278,1.5056382284958223,1.5056618318227413,1.5056618318227413,159
2,E,476,False,8.102088278895934,1.6219826780632678,1.6220045883526548,1.6220045883526548,127
2,E,364,False,5.209894325407991,0.3843372566727856,0.38442971212763727,0.38442971212763727,258
2,E,421,False,6.05746006942394,0.11628923833146057,0.11659444091159142,0.11659444091159142,324
2,E,290,False,5.397566020072716,1.2287511248794,1.2287800468725747,1.2287800468725747,194
2,E,21,False,9.730067141777168,0.11805361790714243,0.11835427073300281,0.11835427073300281,322
2,E,74,False,5.400328058088983,0.6201586748027899,0.6202159774086183,0.6202159774086183,243
2,E,431,True,6.451654319118935,1.9451804778194717,1.9451987476835788,1.9451987476835788,4
2,E,179,False,5.767556153870956,1.7857204770049568,1.7857403783009964,1.7857403783009964,65
2,E,359,False,8.711403552160265,1.3126608053260425,1.3126878785678604,1.3126878785678604,183
2,E,285,False,6.5741821800364715,1.789021625930544,1.7890414905046061,1.7890414905046061,63
2,E,498,False,8.393215032594584,1.554361614856349,1.5543844783188658,1.5543844783188658,145
2,E,458,True,6.337335704347213,1.9034560255022652,1.9034746958445903,1.9034746958445903,17
2,E,13,False,9.64876634522924,0.09129152125511698,0.09167997901858846,0.09167997901858846,337
2,E,46,False,8.497217826877266,0.12383229059721881,0.12411894655663733,0.12411894655663733,314
2,E,519,False,7.57099638816672,1.7299654350563842,1.7299859777436348,1.7299859777436348,83
2,E,164,True,6.573125606174156,1.9798713448408587,1.9798892945873832,1.9798892945873832,1
2,E,107,False,7.31612390018505,1.8072307171712498,1.807250381598268,1.807250381598268,55
2,E,437,False,5.89948662776257,1.4725285758126656,1.472552709849346,1.472552709849346,164
2,E,66,False,8.67474268897203,1.5831812732397494,1.5832037205100324,1.5832037205100324,133
2,E,264,False,6.704409700879947,1.4553437080093168,1.4553681270187562,1.4553681270187562,170
2,E,170,False,5.485297823719948,1.5947713939517036,1.5947936780870542,1.5947936780870542,129
2,E,316,False,4.489248265663782,1.526226535836817,1.5262498207673034,1.5262498207673034,156
2,E,417,False,7.910892475054884,0.699323723156514,0.6993745394774277,0.6993745394774277,238
2,E,354,False,7.805063814330858,0.7057894485509935,0.7058397993777985,0.7058397993777985,236
2,E,23,False,10.720951495801192,0.13316375474090814,0.13343036489672086,0.13343036489672086,310
2,E,339,False,9.623417272427249,0.10464502276288792,0.1049840820735252,0.1049840820735252,331
2,E,67,False,10.626607950099052,0.1888651363051523,0.1890532105290442,0.1890532105290442,286
2,E,321,False,6.350353973246489,0.965348104458757,0.9653849177824825,0.9653849177824825,220
2,E,7,False,8.191686424850435,0.2404274030286486,0.24057517084453162,0.24057517084453162,272
2,E,483,False,8.564254255048919,1.5883346231834443,1.5883569976246112,1.5883569976246112,132
2,E,128,False,6.823647353265133,1.8088795679877672,1.8088992144902343,1.8088992144902343,54
2,E,289,False,5.38179952360551,1.2362138643449831,1.236242611746793,1.236242611746793,189
2,E,349,False,7.577005267608122,1.7598819579623928,1.759902151445165,1.759902151445165,74
2,E,118,False,5.546686903349875,0.14138482561640622,0.14163596158588024,0.14163596158588024,304
2,E,163,True,6.360401276057008,1.884840566787685,1.8848594215241352,1.8848594215241352,25
2,E,94,False,6.4785922726393,0.9386457097582434,0.9386835702979635,0.9386835702979635,221
2,E,184,True,6.619242697110709,1.941122259211011,1.9411405672707565,1.9411405672707565,7
2,E,101,False,8.035148284388885,1.6783186705706306,1.678339845408475,1.678339845408475,102
2,E,536,False,8.618656177230175,1.266434218936481,1.2664622803672558,1.2664622803672558,187
2,E,201,True,6.467872052335922,1.944236467585547,1.9442547463203739,1.9442547463203739,5
2,E,178,False,5.314218454475766,1.146511526583563,1.146542523105335,1.146542523105335,199
2,E,146,False,7.934536861602893,0.5528488833655372,0.5529131618421619,0.5529131618421619,246
2,E,96,False,8.14542442324065,1.3561302479848547,1.3561564534371535,1.3561564534371535,176
2,E,150,False,7.973508360303745,1.656916336179478,1.6569377845284958,1.6569377845284958,112
2,E,486,False,9.894462538855986,0.08565950305506166,0.08607338243275597,0.08607338243275597,342
2,E,98,False,6.397100968863351,0.9690163287761766,0.9690530027478551,0.9690530027478551,218
2,E,132,False,4.774499531304482,1.192582698605966,1.1926124977183763,1.1926124977183763,196
2,E,295,False,5.90022064997645,1.8471677025143602,1.8471869417879596,1.8471869417879596,37
2,E,88,False,7.3020703100168625,1.7738169679512297,1.7738370027968942,1.7738370027968942,69
2,E,323,False,4.946353947169541,1.2667143380667718,1.2667423932922255,1.2667423932922255,186
2,E,298,False,5.010365580284304,1.6518483007816527,1.6518698149354896,1.6518698149354896,114
2,E,494,False,10.779557812905427,0.12005596402744233,0.12035161485553018,0.12035161485553018,317
2,E,222,False,7.334576329674877,1.6448230244180826,1.644844630460769,1.644844630460769,123
2,E,122,False,5.81742247307203,1.288775118663402,1.2888026936601433,1.2888026936601433,185
2,E,241,False,8.368120636184345,1.5717355202285839,1.571758130962901,1.571758130962901,138
2,E,408,False,6.77935455501938,1.7273691318949551,1.727389705458298,1.727389705458298,84
2,E,229,False,7.754476891856314,1.457981995890205,1.4580063707130229,1.4580063707130229,169
2,E,456,False,6.528979714994925,0.32149593404609794,0.3216064556378623,0.3216064556378623,263
2,E,332,False,7.581789597096592,1.8055789089951593,1.8055985914117028,1.8055985914117028,58
2,E,499,False,7.309921405484945,1.782966297000691,1.782986229038276,1.782986229038276,67
2,E,130,False,5.140464650529916,1.4933811253940859,1.4934049224450419,1.4934049224450419,160
2,E,288,False,5.380068607612512,1.230454280418649,1.230483162379864,1.230483162379864,192
2,E,125,False,5.881040274520244,1.8242561778412414,1.8242756587456046,1.8242756587456046,46
2,E,336,False,9.586217929899435,0.11738291808736925,0.11768528437524117,0.11768528437524117,323
2,E,352,False,7.7437270763028625,0.69914048238544,0.6991913120240562,0.6991913120240562,239
2,E,83,False,6.024013710046367,1.6958531759671398,1.6958741318675776,1.6958741318675776,99
2,E,410,False,7.01659204669699,1.4665557504772668,1.4665799828027501,1.4665799828027501,166
2,E,223,False,5.779224863653605,1.8140454243100408,1.8140650148657766,1.8140650148657766,53
2,E,198,True,6.5507491540090586,1.9357188113938975,1.9357371705590556,1.9357371705590556,10
2,E,329,False,6.563312142223414,1.6796132710920828,1.6796344296091403,1.6796344296091403,101
2,E,99,False,8.085867341364747,1.3680925856704378,1.3681185619916862,1.3681185619916862,175
2,E,368,False,6.053121757674177,1.6319327510547468,1.6319545277564842,1.6319545277564842,125
2,E,86,False,6.484786232067124,0.4561218858551109,0.4561997933535241,0.4561997933535241,251
2,E,262,False,6.051494818064759,0.18262579897172768,0.18282029195315608,0.18282029195315608,292
2,E,147,False,6.872876062819848,1.6621084427560413,1.6621298241054119,1.6621298241054119,111
2,E,294,False,6.798327091344198,1.835694103200273,1.8357134627234255,1.8357134627234255,45
2,E,305,False,4.806241945998162,0.931111570127475,0.9311497370052935,0.9311497370052935,222
2,E,392,False,6.494864783433262,1.7943691423783932,1.7943889477533976,1.7943889477533976,62
2,E,293,False,5.4032849725939105,1.2291881687199662,1.2292170804300269,1.2292170804300269,193
2,E,266,False,7.612972628873585,0.14403594328194985,0.14428246482818494,0.14428246482818494,303
2,E,517,False,9.875759193819306,0.10638684699794827,0.10672037253467681,0.10672037253467681,330
2,E,523,False,8.448555470568536,0.21750732487801044,0.21767065276551115,0.21767065276551115,275
2,E,413,False,9.103505044768909,1.0902824473027928,1.090315042359933,1.090315042359933,204
2,E,193,True,6.509577088979778,1.9472136649663727,1.9472319157541425,1.9472319157541425,3
2,E,5,False,5.689139731083558,1.4774434201640039,1.4774674739180165,1.4774674739180165,161
2,E,280,False,8.733126530577675,0.4224868540749591,0.42257096275765466,0.42257096275765466,254
2,E,306,False,8.963573260116501,0.21842005427559139,0.21858270016066603,0.21858270016066603,274
2,E,409,False,6.7225612185245325,1.522689367320785,1.5227127063407424,1.5227127063407424,157
2,E,263,False,7.050299351757291,1.3518136224891004,1.351839911619301,1.351839911619301,178
2,E,68,False,10.666151230642601,0.179616975387187,0.1798147228316321,0.1798147228316321,293
2,E,331,True,6.721800801463683,1.9695516352982219,1.969569679093805,1.969569679093805,2
2,E,79,False,6.987240882405712,1.8555270762500309,1.8555462288492743,1.8555462288492743,35
2,E,100,False,6.392828382521462,0.9884741036647209,0.9885100557483211,0.9885100557483211,214
2,E,265,False,7.608585855161713,0.1702302078571858,0.17043884641382676,0.17043884641382676,296
2,E,34,False,7.157347308527276,1.713004238487727,1.7130249845745662,1.7130249845745662,92
2,E,218,False,7.2392443247575455,1.6456179391981107,1.6456395348041477,1.6456395348041477,122
2,E,314,False,7.136190452163742,1.4652531335727244,1.465277387440502,1.465277387440502,167
2,E,407,True,6.971397210852013,1.9025507357818783,1.9025694150080152,1.9025694150080152,18
2,E,188,False,7.719120194368232,1.290154087907511,1.290181633431602,1.290181633431602,184
2,E,121,False,8.514912036103395,0.8825462910960377,0.8825865581500476,0.8825865581500476,229
2,E,157,False,9.507616673472409,0.7118289765523045,0.7118789002065425,0.7118789002065425,232
2,E,52,False,6.2662700415104045,1.7966146245496237,1.7966344051713359,1.7966344051713359,61
2,E,244,False,9.683920079441853,0.1385494562985149,0.13880572228978688,0.13880572228978688,306
2,E,231,False,9.052818292913994,0.6996213548789771,0.6996721495832681,0.6996721495832681,237
2,E,273,False,9.7190339054076,0.11529857227948091,0.11560639026222569,0.11560639026222569,325
2,E,84,False,7.36391135346204,1.7156856854019922,1.7157063990651427,1.7157063990651427,89
2,E,208,False,6.712555446289978,1.7216905862493876,1.7217112276684308,1.7217112276684308,86
2,E,367,False,5.608714302008294,0.06982647237544391,0.07033358333096627,0.07033358333096627,347
2,E,78,True,6.526575826596648,1.8838539804376593,1.8838728450483562,1.8838728450483562,27
2,E,114,False,5.296547653933912,1.5464030147414995,1.546425995869629,1.546425995869629,150
2,E,30,False,5.598462247401255,1.7457546980995746,1.7457750549932005,1.7457750549932005,82
2,E,485,True,6.449017940574691,1.9043636716378625,1.9043823330817307,1.9043823330817307,15
2,E,221,False,7.32996240076296,1.6463450677262041,1.6463666537944017,1.6463666537944017,116
2,E,240,False,8.23329752323592,0.19993106723533272,0.20010874130240908,0.20010874130240908,279
2,E,524,False,7.395557606980532,1.667252411114841,1.6672737264972497,1.6672737264972497,109
2,E,315,True,7.548242075557283,1.8847566378766765,1.8847754934527265,1.8847754934527265,26
2,E,371,False,11.698879099835068,0.008433150619674378,0.011924543142169397,0.011924543142169397,349
2,E,113,False,5.703854445066203,1.8156096081098274,1.8156291817880919,1.8156291817880919,52
2,E,85,False,6.464692293907234,0.9696683630028122,0.9697050123147394,0.9697050123147394,217
2,E,209,False,6.221223332238185,0.1220287700125334,0.12231965259330617,0.12231965259330617,315
2,E,105,False,6.561567762269658,0.8528263525274631,0.8528680227708576,0.8528680227708576,230
2,E,425,False,6.463743561524606,1.7546624892470928,1.7546827427972782,1.7546827427972782,76
2,E,350,False,7.690611616685484,0.7059663585297776,0.7060166967399354,0.7060166967399354,235
2,E,80,False,6.282276955560271,1.854583108359259,1.8546022707069207,1.8546022707069207,36
2,E,419,False,5.701084669468633,1.8070891966509453,1.8071088626179481,1.8071088626179481,56
2,E,183,False,6.609380914546224,1.1457396575495802,1.145770674952717,1.145770674952717,201
2,E,513,True,7.222210407759768,1.8816833614146677,1.8817022477864498,1.8817022477864498,28
2,E,230,False,8.301073347229615,0.19951434273635035,0.1996923875797303,0.1996923875797303,280
2,E,109,False,9.84818865227239,0.19427290739249084,0.1944557513844902,0.1944557513844902,283
2,E,48,False,8.220088389876544,0.8921319269103521,0.8921717613288112,0.8921717613288112,227
2,E,303,False,4.9721764351920426,0.9258232830539581,0.9258616679313303,0.9258616679313303,223
2,E,537,True,6.647816920508063,1.896463502548884,1.8964822417306617,1.8964822417306617,21
2,E,190,True,6.322335100180348,1.921359357141524,1.92137785351426,1.92137785351426,13
2,E,54,False,5.027981425093126,1.5931629170298585,1.5931852236632322,1.5931852236632322,130
2,E,162,False,9.566237898634514,0.6171236581763532,0.6171812425703974,0.6171812425703974,244
2,E,378,False,6.025726805865914,1.8444654403501612,1.844484707810257,1.844484707810257,41
2,E,466,False,9.826538591839384,0.1694928383617769,0.16970238347090702,0.16970238347090702,297
2,E,525,False,6.788758358088753,1.1915826053651912,1.1916124294873198,1.1916124294873198,197
2,E,300,False,6.007859551236633,1.02083834220159,1.020873154514637,1.020873154514637,211
2,E,235,False,8.353799656628375,1.5604008251219794,1.5604236000974638,1.5604236000974638,141
2,E,422,False,7.062158168840254,1.3454275651116125,1.3454539790204412,1.3454539790204412,179
2,E,220,False,7.32996240076296,1.6463450677262041,1.6463666537944017,1.6463666537944017,117
2,E,224,False,5.511622933765412,0.10206420552745972,0.10241180962040894,0.10241180962040894,332
2,E,123,False,8.0173357046139,1.6682122031503983,1.6682335062693354,1.6682335062693354,107
2,E,450,False,7.501163438064843,1.0819278165741968,1.0819606633222782,1.0819606633222782,207
2,E,145,False,7.54846805177032,1.710917771782172,1.7109385431685873,1.7109385431685873,94
2,E,380,False,8.77840573654767,0.3578190219962486,0.3579183275582953,0.3579183275582953,261
2,E,516,False,7.5457865895128045,1.7147297854218575,1.7147505106319882,1.7147505106319882,91
2,E,62,False,7.592881089022226,0.19460417250094006,0.19478670553852226,0.19478670553852226,282
2,E,20,False,8.252449646203633,0.1920119422304485,0.19219693717352637,0.19219693717352637,285
2,E,173,False,6.157495388268423,1.786294334015172,1.7863142289178806,1.7863142289178806,64
2,E,153,False,9.626694401729033,0.6414995626736195,0.6415549591502044,0.6415549591502044,241
2,E,155,False,5.98302456809411,1.6363172452459398,1.6363389635980181,1.6363389635980181,124
2,E,117,True,5.899294941173299,1.9012858998410205,1.9013045914934446,1.9013045914934446,19
2,E,242,False,8.339973802370501,1.5703266485657992,1.5703492795858094,1.5703492795858094,139
2,E,325,False,6.5702104714872,1.8613327201737193,1.861351813035105,1.861351813035105,32
2,E,191,True,6.527677331772997,1.940527725545639,1.9405460392145055,1.9405460392145055,8
2,E,95,False,6.440766185106869,0.9679536335000248,0.9679903477337343,0.9679903477337343,219
2,E,426,False,6.929455566442273,1.3839780403597166,1.3840037185274094,1.3840037185274094,174
2,E,104,False,9.045622975146841,1.0080533771123958,1.0080886309285912,1.0080886309285912,213
2,E,505,False,6.881080176002591,1.5590370579447663,1.559059852842362,1.559059852842362,142
2,E,539,False,6.532239014997254,1.7166315693614882,1.716652271611307,1.716652271611307,88
2,E,225,False,7.2142970302035545,1.3543170417869186,1.3543432823232984,1.3543432823232984,177
2,E,375,False,8.992151775918103,0.3696920414755715,0.36978815858562997,0.36978815858562997,259
2,E,253,False,9.289639231664413,0.09829926608751403,0.09866013588638135,0.09866013588638135,333
2,E,172,False,4.783061878915847,0.9008873353378327,0.900926782636567,0.900926782636567,226
2,E,318,False,7.0219377134117495,1.7512338961846834,1.7512541893871265,1.7512541893871265,78
2,E,106,False,7.646178063125051,1.8037492391864198,1.8037689415680058,1.8037689415680058,59
2,E,75,False,9.55318819930229,0.31799970351899454,0.31811143980992534,0.31811143980992534,265
2,E,18,False,8.190721189292702,0.24692111030793604,0.24706499431420725,0.24706499431420725,270
2,E,507,False,6.856863392168434,1.5563143791942762,1.5563372139695948,1.5563372139695948,144
2,E,379,False,8.929826536043214,0.21257581394526687,0.21274292790658886,0.21274292790658886,277
2,E,317,False,5.761429103850165,1.816640700741504,1.81666026331022,1.81666026331022,50
2,E,276,False,6.8596150535528935,1.0954449837214921,1.0954774251714892,1.0954774251714892,203
2,E,161,False,8.820795686669722,1.3180658574822537,1.3180928197058823,1.3180928197058823,182
2,E,436,True,6.302254617403002,1.9439051271625476,1.9439234090129722,1.9439234090129722,6
2,E,334,False,9.894334381125443,0.44405741966822365,0.4441374434363492,0.4441374434363492,252
2,E,296,False,5.90643217434169,1.8462269455016316,1.8462461945786264,1.8462461945786264,38
2,E,141,False,7.900181726856417,0.28318719403522763,0.28331266043952397,0.28331266043952397,268
2,E,465,False,8.322809844859515,0.18825299105071705,0.18844167622719954,0.18844167622719954,287
2,E,43,False,7.795539380833955,1.551789262471936,1.5518121638339386,1.5518121638339386,146
2,E,403,False,5.705907655363211,1.516716414627859,1.5167398455573595,1.5167398455573595,158
2,E,489,False,8.238891344037954,0.28926826901714886,0.2893910989646243,0.2893910989646243,266
2,E,61,False,7.696972446077003,0.7063627321062363,0.706413042071253,0.706413042071253,234
2,E,351,False,7.699886322402451,0.7077225407074962,0.7077727540144851,0.7077727540144851,233
2,E,468,False,8.104559765911967,1.6284883599616862,1.6285101827223796,1.6285101827223796,126
2,E,268,False,9.692811725546793,0.15827719873206977,0.1585015720371456,0.1585015720371456,299
2,E,459,False,9.692322953918733,0.18741159421075537,0.187601125647988,0.187601125647988,289
2,E,345,False,7.620588953464125,0.11872815888864764,0.11902710789086368,0.11902710789086368,319
2,E,312,True,6.313444613263988,1.8922564368964947,1.8922752177408002,1.8922752177408002,22
2,E,41,True,6.975517513696015,1.879765784502443,1.8797846901402988,1.8797846901402988,29
2,E,176,False,5.314218454475766,1.146511526583563,1.146542523105335,1.146542523105335,200
2,E,33,False,6.14040900565023,1.7622966376340818,1.7623168034482806,1.7623168034482806,73
2,E,137,False,7.303987371077372,1.667284911983104,1.667306226950011,1.667306226950011,108
2,E,328,False,6.574191383380878,1.862065463386889,1.862084548735101,1.862084548735101,31
2,E,343,False,7.343568960175011,1.6523011418226667,1.652322650080263,1.652322650080263,113
2,E,97,False,6.3573617244748934,0.9783687092936515,0.978405032706139,0.978405032706139,216
2,E,520,False,6.867296242919506,1.5469111562229234,1.5469341298021442,1.5469341298021442,149
2,E,90,False,7.156087291734633,1.3353203917038212,1.335347005538194,1.335347005538194,180
2,E,423,False,9.88751270018893,0.07105972386517165,0.07155809566757483,0.07155809566757483,346
2,E,64,False,8.491257575329058,1.7150692632928624,1.7150899844007301,1.7150899844007301,90
2,E,307,False,4.627733187762941,1.7007148710370217,1.700735767033271,1.700735767033271,97
2,E,207,False,5.862140187504966,1.7498035505526706,1.7498238603432368,1.7498238603432368,79
2,E,508,False,6.659882532359301,1.5336306755475095,1.533653848063534,1.533653848063534,152
2,E,475,False,9.900894464700437,0.17064959313378078,0.1708577195695303,0.1708577195695303,295
2,E,310,False,6.5208652456474505,0.9134711621064461,0.9135100660090596,0.9135100660090596,224
3,E,322,False,8.048973496433046,1.3560448444788331,1.3765291201258858,1.3765291201258858,97
3,E,65,False,9.941971037926459,1.0090752975852721,1.0364399425503283,1.0364399425503283,189
3,E,542,False,9.2266194302609,0.32824154068200395,0.4046199542116256,0.4046199542116256,271
3,E,384,False,6.5352528909711225,0.4888741999281739,0.5431139674804308,0.5431139674804308,239
3,E,6,False,9.832358663122088,0.39288192931442356,0.45861858738907,0.45861858738907,249
3,E,144,False,7.89022228558649,0.3081513260566889,0.3884997272423987,0.3884997272423987,278
3,E,297,False,9.490208348585186,0.594381107078942,0.6397372107117977,0.6397372107117977,229
3,E,532,True,6.297052755687602,1.6311395199898509,1.6482084006549789,1.6482084006549789,15
3,E,478,False,9.929613187808386,0.2896211048974942,0.37397216837482394,0.37397216837482394,287
3,E,530,False,7.124475835084648,1.4165963101120687,1.4362172203883543,1.4362172203883543,69
3,E,385,False,8.503499831466462,0.3697199682995034,0.43893923642835597,0.43893923642835597,258
3,E,252,False,9.282754739110278,0.6271119154706695,0.6702567812728302,0.6702567812728302,225
3,E,111,False,6.010529916702641,1.136003843488124,1.1603790461468668,1.1603790461468668,158
3,E,70,True,8.033375840605691,1.6264350641845406,1.6435528030233446,1.6435528030233446,19
3,E,326,False,6.577541953381238,1.3153426192191149,1.336450898555994,1.336450898555994,114
3,E,427,False,6.04719883089875,1.4383003639223035,1.4576291487123716,1.4576291487123716,63
3,E,420,False,6.385704567425482,1.4039678684995704,1.423762822276291,1.423762822276291,77
3,E,108,False,9.196055382891577,0.4283718412408066,0.48936411054036355,0.48936411054036355,243
3,E,156,False,9.351009666567276,0.5609792451772403,0.6088288033893835,0.6088288033893835,233
3,E,388,False,8.570483149537958,0.2920491489192699,0.3758556953158915,0.3758556953158915,285
3,E,19,False,9.739011921605341,0.3278791637031573,0.40432603713785753,0.40432603713785753,272
3,E,26,True,5.848656725680693,1.7400415760952814,1.7560522443415723,1.7560522443415723,3
3,E,356,False,7.674343797613069,1.0619685328932575,1.088003659539976,1.088003659539976,176
3,E,55,False,5.2846089109561145,1.4561530058951615,1.4752479028605452,1.4752479028605452,47
3,E,127,False,8.418738322739248,1.322571190725561,1.3435659093822494,1.3435659093822494,109
3,E,291,False,6.08124730707068,1.4465542136833782,1.4657741611319457,1.4657741611319457,54
3,E,76,False,5.122646453116877,1.432240181346979,1.4516496600012516,1.4516496600012516,65
3,E,496,False,6.434696182372367,1.3023287336404543,1.3236445628575941,1.3236445628575941,116
3,E,47,False,8.94419400709859,1.0849961881723869,1.110491569830916,1.110491569830916,171
3,E,451,False,6.990177538486699,1.105425909154425,1.1304606313122139,1.1304606313122139,166
3,E,213,False,6.241655366481585,1.477570983258475,1.49639259851295,1.49639259851295,40
3,E,464,False,9.734558557780684,0.2867017845994064,0.37171590174406954,0.37171590174406954,289
3,E,319,False,6.163349924131657,1.1917737122429848,1.215030608466448,1.215030608466448,142
3,E,292,False,6.0689264113780625,1.4517201669455568,1.4708726122385167,1.4708726122385167,49
3,E,138,False,7.221094819454258,1.3275593880348122,1.3484764466153227,1.3484764466153227,106
3,E,495,False,8.849176703064241,0.8745343197813719,0.905971895144871,0.905971895144871,201
3,E,404,False,5.493606895670387,1.139657897115817,1.163956580279251,1.163956580279251,156
3,E,238,False,9.316798974495061,1.241025665365912,1.2633762307459433,1.2633762307459433,130
3,E,429,False,6.632820472855063,1.4460722936427912,1.4652985623272294,1.4652985623272294,55
3,E,283,False,6.110371448036351,0.6570810505863096,0.6983769078059001,0.6983769078059001,217
3,E,126,True,7.071257255463375,1.591236622645525,1.6087289353913106,1.6087289353913106,25
3,E,216,False,7.460368861350819,1.3765118792968385,1.3966960127967132,1.3966960127967132,87
3,E,270,False,9.650519261348961,0.3487876503028678,0.42145892245949423,0.42145892245949423,265
3,E,474,False,9.746073414810997,0.23108048979942233,0.3307158766718999,0.3307158766718999,313
3,E,89,False,6.905655542383774,1.2632288000033178,1.2851932926508545,1.2851932926508545,124
3,E,484,False,8.213266414339868,0.31189907570701897,0.3914790310397418,0.3914790310397418,277
3,E,382,False,5.920274103130403,0.7317105954645835,0.7690092287040889,0.7690092287040889,212
3,E,239,False,9.873764302132926,0.2833687612490796,0.36915126055420733,0.36915126055420733,291
3,E,226,False,8.829361833957378,1.2254901563737883,1.2481189533397745,1.2481189533397745,137
3,E,87,False,6.33205661343342,0.741197718979979,0.7780416807202852,0.7780416807202852,211
3,E,24,False,10.728898606677356,0.23475530397330122,0.3332939409298036,0.3332939409298036,312
3,E,35,False,9.242606582581384,1.31791306489109,1.3389808232112768,1.3389808232112768,113
3,E,490,False,8.192679129271594,0.2293435677633122,0.32950458326300613,0.32950458326300613,314
3,E,538,False,8.360905283674159,0.3721118318304154,0.44095579563614956,0.44095579563614956,257
3,E,124,False,7.4743191848027095,0.3760980368223337,0.44432480419006076,0.44432480419006076,255
3,E,278,False,9.135029981623536,1.3737072437171025,1.3939319889283555,1.3939319889283555,92
3,E,10,False,8.052867966541298,0.4332077719051148,0.49360284840741786,0.49360284840741786,242
3,E,169,False,6.215656744327003,0.5573513752886624,0.6054876991757023,0.6054876991757023,234
3,E,32,True,5.901384684254689,1.7193509378430183,1.7355524900672377,1.7355524900672377,7
3,E,15,False,9.595960571943957,0.19333102260313437,0.30553507592041873,0.30553507592041873,319
3,E,304,False,5.990820968642771,1.333152011704838,1.353982675158578,1.353982675158578,104
3,E,215,False,7.460368861350819,1.3765118792968385,1.3966960127967132,1.3966960127967132,88
3,E,506,False,6.261374631590921,1.1684952129428459,1.192206299676054,1.192206299676054,147
3,E,330,False,7.9126788623264,1.3879752149821245,1.407995026880989,1.407995026880989,82
3,E,57,False,5.69133458201586,1.4621929611486657,1.4812099965736207,1.4812099965736207,46
3,E,412,False,5.270745133205387,0.7225435706098154,0.7602920555592461,0.7602920555592461,213
3,E,236,False,9.0530742056437,1.1147859325240945,1.1396150550385589,1.1396150550385589,165
3,E,25,False,10.715065516346336,0.2968809471258864,0.37962230582947276,0.37962230582947276,284
3,E,338,False,9.760903841193326,0.2052279045874558,0.31319848521070504,0.31319848521070504,318
3,E,461,False,8.93158417403412,1.2370857252562768,1.2595062087777775,1.2595062087777775,132
3,E,120,False,8.962339745095072,1.2440337339788687,1.2663312084894414,1.2663312084894414,129
3,E,44,False,6.245500716892105,0.6300233787887926,0.6729816164928792,0.6729816164928792,222
3,E,143,False,7.831435375644179,0.44290019376226986,0.5021308394747115,0.5021308394747115,240
3,E,217,False,7.40619339243218,1.3734997126980821,1.39372746944969,1.39372746944969,93
3,E,256,False,6.269379400835131,0.7817598368098353,0.8167761264666485,0.8167761264666485,208
3,E,36,False,6.500812773627849,1.3542641500360568,1.3747749584531301,1.3747749584531301,99
3,E,152,False,7.458301893644724,1.4651140131990965,1.4840936190110394,1.4840936190110394,43
3,E,259,False,9.070165363793219,1.2360364715535959,1.2584756482854904,1.2584756482854904,133
3,E,246,False,9.576910928009017,0.2752730595942084,0.362973904923314,0.362973904923314,296
3,E,11,False,9.625791906830283,0.30516919608664295,0.38613862349820727,0.38613862349820727,280
3,E,533,True,6.299117751583157,1.6270502532123048,1.6441615871912185,1.6441615871912185,18
3,E,374,False,9.143246442168556,0.6298513504805355,0.6728205719351013,0.6728205719351013,223
3,E,232,False,9.444598335932305,1.2534561068880723,1.27558888761698,1.27558888761698,127
3,E,497,True,6.592486199436502,1.550827807531445,1.568770756653027,1.568770756653027,29
3,E,49,False,9.054761369390437,1.2340389395247793,1.256513789251978,1.256513789251978,134
3,E,401,False,5.4824510196677005,0.854868058900473,0.887002929220183,0.887002929220183,203
3,E,29,False,5.389438038319191,1.2514515328770737,1.2736191492975049,1.2736191492975049,128
3,E,455,False,6.448809688578135,0.2801568920365775,0.3666915358615698,0.3666915358615698,292
3,E,4,False,7.186708507384745,1.3290021743256328,1.3498968766832458,1.3498968766832458,105
3,E,491,False,9.625511397467928,0.22369128522095258,0.32559574536643426,0.32559574536643426,315
3,E,535,False,9.940775174685548,0.6310406330169168,0.6739340315159292,0.6739340315159292,221
3,E,37,False,7.029916431433431,1.4876575520512438,1.5063531426899939,1.5063531426899939,37
3,E,387,False,8.345530180556612,0.3939081192619262,0.459497992092882,0.459497992092882,248
3,E,271,False,9.649268052808669,0.24744556581168115,0.34235085271806376,0.34235085271806376,310
3,E,327,False,5.713413316696776,0.2609778551022566,0.3522559285103613,0.3522559285103613,304
3,E,509,False,6.288182664172985,0.9033481789323594,0.9338162189089095,0.9338162189089095,199
3,E,17,False,9.679308223632797,0.26362880539704014,0.3542244279436313,0.3542244279436313,303
3,E,348,False,7.659007075456642,0.8129900085724752,0.8467157447193218,0.8467157447193218,206
3,E,444,True,5.602856431230248,1.7213300073358249,1.737513105697817,1.737513105697817,6
3,E,93,True,6.23414698394613,1.6450985362185844,1.662024064863518,1.662024064863518,13
3,E,534,False,5.787603178429504,0.3368432593963961,0.411628691562809,0.411628691562809,270
3,E,160,False,7.468261066834647,1.3743295871274506,1.3945453066755598,1.3945453066755598,90
3,E,233,False,9.328555875882554,1.0992947183186548,1.1244659514810633,1.1244659514810633,168
3,E,428,False,9.926499644281263,0.5221652201107347,0.5732637398355267,0.5732637398355267,236
3,E,341,False,9.665442558872822,0.27568827456389366,0.36328889750299165,0.36328889750299165,295
3,E,527,False,9.18685419445956,1.2136909391030413,1.2365356824522875,1.2365356824522875,139
3,E,399,False,5.954325867662696,1.0031496460766085,1.0306716308992632,1.0306716308992632,190
3,E,467,False,9.823703552559248,0.3789824637317427,0.44676896281311224,0.44676896281311224,254
3,E,16,False,8.289291426350978,0.2572907786359156,0.34953303576056743,0.34953303576056743,309
3,E,462,False,9.46182012750042,0.7771951496781427,0.812408209584414,0.812408209584414,209
3,E,309,False,7.18440786980525,1.4491677496462356,1.468353487730954,1.468353487730954,50
3,E,248,False,10.076453916929603,1.212840427749105,1.23570089483643,1.23570089483643,140
3,E,405,False,5.493606895670387,1.139657897115817,1.163956580279251,1.163956580279251,157
3,E,148,False,7.799150210996203,0.2772960447219712,0.3645104864546037,0.3645104864546037,294
3,E,12,False,9.624852175340013,0.25830601767085315,0.3502810258662285,0.3502810258662285,308
3,E,463,False,9.058048714554118,1.1308560390688247,1.1553398545083404,1.1553398545083404,161
3,E,243,False,9.05979730522348,1.1346765209234715,1.1590796372346102,1.1590796372346102,159
3,E,453,False,6.419337343980176,1.4118505469244842,1.4315365050070805,1.4315365050070805,71
3,E,501,False,4.52309830924877,1.2952970538747706,1.3167267203537651,1.3167267203537651,118
3,E,45,False,9.837993030807047,0.2644533416557156,0.3548385100715493,0.3548385100715493,301
3,E,72,True,6.566605312517194,1.6317713339175615,1.6488336739986904,1.6488336739986904,14
3,E,199,False,7.186335481225051,1.4405828759307853,1.4598814406457583,1.4598814406457583,61
3,E,73,False,5.358041742194338,0.899553799029798,0.9301461367257645,0.9301461367257645,200
3,E,376,False,9.094928792799692,1.3767012177517064,1.3968826154247729,1.3968826154247729,86
3,E,110,False,6.00471204701948,1.1225340911685924,1.147195530043863,1.147195530043863,163
3,E,214,False,7.460368861350819,1.3765118792968385,1.3966960127967132,1.3966960127967132,89
3,E,470,False,8.181906854034036,0.34046722134016416,0.4145994779591681,0.4145994779591681,269
3,E,135,False,5.977620167055112,1.499892363827124,1.518437322178245,1.518437322178245,33
3,E,92,True,6.224164186915823,1.6459402689960312,1.662857230016952,1.662857230016952,12
3,E,1,False,9.677022455968228,0.38042488325667884,0.44799318088312473,0.44799318088312473,252
3,E,287,False,8.380240033914786,1.4345976712894286,1.4539756795716954,1.4539756795716954,64
3,E,372,False,8.896362625992623,1.0905907875094532,1.1159583612829878,1.1159583612829878,170
3,E,518,False,9.85025484715731,0.26540855334936997,0.35555097877509456,0.35555097877509456,300
3,E,441,False,6.933934323667597,1.3186933386053938,1.3397488270564606,1.3397488270564606,112
3,E,476,False,9.258209436350304,1.0515729875805113,1.077859242445842,1.077859242445842,181
3,E,364,False,5.60234633009924,0.6070521009645756,0.651526708280196,0.651526708280196,228
3,E,421,False,6.072089029478443,0.3022456151245739,0.38383226828779576,0.38383226828779576,282
3,E,290,False,6.085231927773783,1.4520341545988342,1.4711825122799937,1.4711825122799937,48
3,E,21,False,9.760381486719428,0.3241013659252459,0.40126860543971354,0.40126860543971354,274
3,E,74,False,5.377964472717544,0.9063724974366466,0.9367421750014602,0.9367421750014602,196
3,E,179,True,5.790009309754923,1.6795119703650443,1.6960941179416889,1.6960941179416889,10
3,E,359,True,8.045469102080816,1.7240020824673106,1.7401603313110392,1.7401603313110392,5
3,E,285,False,6.585839036502992,1.4428429700635734,1.4621117038649258,1.4621117038649258,59
3,E,498,False,8.594244305483688,1.1221370203408445,1.146806998032516,1.146806998032516,164
3,E,13,False,9.600888756704542,0.20710529285798038,0.31443186964223613,0.31443186964223613,317
3,E,46,False,8.342877763632762,0.31283015851147167,0.3922212467361181,0.3922212467361181,276
3,E,519,False,7.220828255148375,1.4084960454603044,1.4282282410015,1.4282282410015,74
3,E,107,True,8.083734484435565,1.772060183215791,1.787784128818607,1.787784128818607,1
3,E,437,False,5.849884409114182,0.9052397183096009,0.9356461649160798,0.9356461649160798,197
3,E,66,False,9.721383199880187,1.0158799836447385,1.0430661242159849,1.0430661242159849,188
3,E,264,False,6.068887268140133,0.9875215033981972,1.015467142743062,1.015467142743062,192
3,E,170,False,6.014861652237283,1.3718965071018563,1.3921475584560696,1.3921475584560696,95
3,E,316,True,5.708011883858754,1.7384344462449552,1.7544597807324984,1.7544597807324984,4
3,E,417,False,7.672808388422915,1.037322057486351,1.0639604547466222,1.0639604547466222,186
3,E,354,False,7.683765554249693,1.0405408170762627,1.067098866234361,1.067098866234361,185
3,E,23,False,10.684555821839009,0.26378777003710846,0.35434275206087223,0.35434275206087223,302
3,E,339,False,9.705044656777403,0.22148579891973227,0.3240844912056645,0.3240844912056645,316
3,E,67,False,10.477761145563667,0.379814173051345,0.44747469690207003,0.44747469690207003,253
3,E,321,False,6.142657726564867,1.1456823788432138,1.1698559362198269,1.1698559362198269,154
3,E,7,False,8.161689680483178,0.4384418431016527,0.49820281823700735,0.49820281823700735,241
3,E,483,False,9.460107589703231,0.9879045393433918,1.0158396414652273,1.0158396414652273,191
3,E,128,True,7.187319841421726,1.5524085256495215,1.5703334132681006,1.5703334132681006,28
3,E,289,False,6.060043939047935,1.4630980148142663,1.4821034374396307,1.4821034374396307,45
3,E,349,False,7.595368263659612,1.4476262719422948,1.4668321722455058,1.4668321722455058,53
3,E,118,False,5.576358003992572,0.32338660915032735,0.4006915238617719,0.4006915238617719,275
3,E,94,False,6.322241637945982,1.1284871173152542,1.1530212366922887,1.1530212366922887,162
3,E,101,False,8.316882968243505,1.4835479765584718,1.502294710457192,1.502294710457192,38
3,E,536,True,7.879060313289614,1.7467077250354655,1.762657844000217,1.762657844000217,2
3,E,178,False,6.331954170592711,1.4932134992331507,1.5118403859564782,1.5118403859564782,35
3,E,146,False,7.69594001809904,0.8413864806140051,0.8740171669234786,0.8740171669234786,205
3,E,96,False,7.000776329771907,1.1856586182706108,1.2090331498334925,1.2090331498334925,143
3,E,150,False,8.225674875748737,1.4039632920715832,1.4237583094758042,1.4237583094758042,78
3,E,486,False,9.821592750769913,0.27197659293933685,0.3604803259871641,0.3604803259871641,297
3,E,98,False,6.2234516668928705,1.1581010938030285,1.1820207027733032,1.1820207027733032,150
3,E,132,False,4.510629961847936,0.6647873018746049,0.70563230867828,0.70563230867828,216
3,E,295,False,4.999728991723736,1.4478097865046153,1.467013284266868,1.467013284266868,52
3,E,88,False,6.718844052156735,1.37763230645449,1.3978002611618157,1.3978002611618157,85
3,E,323,False,5.156595112493707,1.464030113625952,1.4830235911544158,1.4830235911544158,44
3,E,298,False,5.043814816515532,1.3540114758808117,1.3745260547308138,1.3745260547308138,100
3,E,494,False,10.714839073547644,0.2685482208871154,0.35790074777591246,0.35790074777591246,298
3,E,222,False,7.374708796782871,1.3738860630085734,1.394108214037246,1.394108214037246,91
3,E,122,False,6.342430290740345,1.4480733080350994,1.467273356863212,1.467273356863212,51
3,E,241,False,9.248698499242945,1.0710263041562258,1.0968464534799147,1.0968464534799147,174
3,E,408,False,6.042794845956591,1.268459881375363,1.2903353319876667,1.2903353319876667,123
3,E,229,False,9.262323242496151,1.1465830946697053,1.1707380540920675,1.1707380540920675,153
3,E,456,False,6.668368108590709,0.5691964070263341,0.6164084263608104,0.6164084263608104,231
3,E,332,False,7.221266977974248,1.4135842060166832,1.4332463521030638,1.4332463521030638,70
3,E,499,True,7.964843847690298,1.6752411141636567,1.691865121367898,1.691865121367898,11
3,E,130,False,4.582565768324184,0.9048423816694168,0.9352617462411819,0.9352617462411819,198
3,E,288,False,6.054322796614764,1.445504168038923,1.464737894005211,1.464737894005211,56
3,E,125,False,5.637701128449194,1.4393668956827046,1.4586815480783282,1.4586815480783282,62
3,E,336,False,9.586645498145664,0.26090175341979327,0.3521995503325423,0.3521995503325423,305
3,E,352,False,7.530803089770132,1.0452556553194239,1.0716968709920545,1.0716968709920545,184
3,E,83,False,6.4944154806998595,1.468522993368193,1.4874591020824741,1.4874591020824741,42
3,E,410,False,6.272842572765118,1.1335118420627905,1.1579395037796676,1.1579395037796676,160
3,E,223,False,5.172150846954249,1.4275531757226887,1.4470255242506458,1.4470255242506458,67
3,E,329,False,6.636682273357913,1.31997802410807,1.3410133416357821,1.3410133416357821,111
3,E,99,False,6.826873976833257,1.2293952247952062,1.2519534404546273,1.2519534404546273,135
3,E,368,False,6.271435455404,1.4095369995771205,1.4292548238483556,1.4292548238483556,73
3,E,86,False,6.362930726091657,0.7177733340724088,0.75576011896788,0.75576011896788,214
3,E,262,False,6.032006635123335,0.37579990806805963,0.4440724819451037,0.4440724819451037,256
3,E,147,False,7.013086855905379,1.1741021435585355,1.1977022342075139,1.1977022342075139,146
3,E,294,True,6.181116504479921,1.5643527063490776,1.5821422781085794,1.5821422781085794,27
3,E,305,False,5.894152206198188,1.2856951536140997,1.307282229032318,1.307282229032318,119
3,E,392,True,6.2888198978806455,1.6166412072371747,1.6338615581664784,1.6338615581664784,21
3,E,293,False,6.059946355676051,1.442130908300435,1.4614090306934469,1.4614090306934469,60
3,E,266,False,7.559854628393564,0.3270410383456362,0.40364667604120597,0.40364667604120597,273
3,E,517,False,9.79515748390719,0.2915869719978117,0.3754966851461874,0.3754966851461874,286
3,E,523,False,8.3469898453715,0.42803243597894575,0.48906703483979846,0.48906703483979846,244
3,E,413,False,9.242851943993712,0.6728280825223787,0.7132127501297654,0.7132127501297654,215
3,E,5,True,6.143391178710846,1.5878362614977086,1.6053656255333058,1.6053656255333058,26
3,E,280,False,8.736810045242777,0.6329139331480125,0.6756884230840493,0.6756884230840493,220
3,E,306,False,8.882120089766548,0.4184835935882311,0.48073206302413635,0.48073206302413635,246
3,E,409,False,5.661095091513498,1.1440640426994986,1.1682710867409338,1.1682710867409338,155
3,E,263,False,6.373714618390073,1.0469259859178128,1.0733260540520326,1.0733260540520326,182
3,E,68,False,10.535496523027124,0.3640593901528389,0.4341820331098229,0.4341820331098229,261
3,E,79,False,6.8073501492628194,1.322670727724115,1.3436638911182968,1.3436638911182968,107
3,E,100,False,6.167602569193611,1.17643359418405,1.1999878332057055,1.1999878332057055,144
3,E,265,False,7.543687703931948,0.3560871710689077,0.42751944016240934,0.42751944016240934,262
3,E,34,False,6.410855988957145,1.493242847502932,1.5118693726428836,1.5118693726428836,34
3,E,218,False,7.40619339243218,1.3734997126980821,1.39372746944969,1.39372746944969,94
3,E,314,False,7.557437734131046,0.971043303728417,0.9994497966544997,0.9994497966544997,193
3,E,188,False,7.427735753270463,1.1747903297520936,1.1983768677657105,1.1983768677657105,145
3,E,121,False,8.952962285796781,1.0597401821376282,1.0858287396979396,1.0858287396979396,177
3,E,157,False,9.139469464267341,0.7887831401791126,0.8235008442908507,0.8235008442908507,207
3,E,52,False,5.879892877234058,1.355664917663283,1.3761548485907817,1.3761548485907817,98
3,E,244,False,9.69205869969559,0.2855981198161856,0.37086531835622305,0.37086531835622305,290
3,E,231,False,8.767061937760692,0.8688296983337226,0.9004664585777694,0.9004664585777694,202
3,E,273,False,9.746659510459654,0.2682474810512105,0.3576751450789416,0.3576751450789416,299
3,E,84,False,6.520780485991576,1.27045567122794,1.2922973384140966,1.2922973384140966,122
3,E,208,False,6.252189014989655,1.4754560914685448,1.4943043452284266,1.4943043452284266,41
3,E,367,False,5.5976514943512266,0.2587491702382296,0.35060794545459845,0.35060794545459845,307
3,E,114,False,6.30529544938976,1.5188311299141577,1.537147617996801,1.537147617996801,31
3,E,30,True,5.532422486841242,1.6932482380915583,1.709697164446701,1.709697164446701,9
3,E,221,False,7.509523817970351,1.3807949631552785,1.4009173882109927,1.4009173882109927,83
3,E,240,False,8.24434521278537,0.3408030424267189,0.41487529697998443,0.41487529697998443,268
3,E,524,False,7.0631216377613,1.4111701337071296,1.4308654529982616,1.4308654529982616,72
3,E,371,False,11.62642838979934,0.23496228032082303,0.33343975691342415,0.33343975691342415,311
3,E,113,True,5.84507547420119,1.6022897766158688,1.6196627200021159,1.6196627200021159,23
3,E,85,False,6.2795492407232185,1.154514860634657,1.1785072599450475,1.1785072599450475,151
3,E,209,False,6.242900046571987,0.30582684641117747,0.38665858105404605,0.38665858105404605,279
3,E,105,False,6.486772427087241,1.046865984682481,1.0732675287187918,1.0732675287187918,183
3,E,425,True,6.3767766176730944,1.5951036288611575,1.6125539944829617,1.6125539944829617,24
3,E,350,False,7.528820389979066,1.0533305206792734,1.079573982694744,1.079573982694744,179
3,E,80,False,6.094158937214285,1.3226420754109276,1.343635686473178,1.343635686473178,108
3,E,419,False,4.494526298038576,1.2963795366075073,1.3177916000838743,1.3177916000838743,117
3,E,183,False,6.595927646483978,0.6293314879462372,0.6723339349144495,0.6723339349144495,224
3,E,230,False,8.42167408358175,0.36454164379698345,0.43458647974727554,0.43458647974727554,260
3,E,109,False,9.743218632861433,0.3913172424017268,0.4572788892107465,0.4572788892107465,250
3,E,48,False,8.913587689174847,1.092292683642518,1.117621628752726,1.117621628752726,169
3,E,303,False,6.095117911723015,1.2574547876401687,1.2795184020857628,1.2795184020857628,126
3,E,54,False,4.858953716637835,1.2765875724106688,1.2983260870637572,1.2983260870637572,120
3,E,162,False,9.454283211889795,0.565615320170087,0.6131031632017832,0.6131031632017832,232
3,E,378,False,4.780911201753824,1.349797945238332,1.3703756022662346,1.3703756022662346,102
3,E,466,False,9.905868455935568,0.3423287698179232,0.41612952906754286,0.41612952906754286,267
3,E,525,False,6.741056651821,1.3094658205611143,1.3306673263948112,1.3306673263948112,115
3,E,300,False,4.742894292941815,0.6233128378665992,0.6667036014348774,0.6667036014348774,226
3,E,235,False,9.26604771301701,1.0826245407140451,1.108174487376974,1.108174487376974,172
3,E,422,False,6.4173678188579,1.0362366749992715,1.0629022744027168,1.0629022744027168,187
3,E,220,False,7.509523817970351,1.3807949631552785,1.4009173882109927,1.4009173882109927,84
3,E,224,False,5.512022325929621,0.2883442206454106,0.3729841657450509,0.3729841657450509,288
3,E,123,False,8.36083632186203,1.4435781196199513,1.4628371699414795,1.4628371699414795,57
3,E,450,False,7.647254536323058,0.6443119597444711,0.6863765000250834,0.6863765000250834,218
3,E,145,False,8.269901681860906,1.2290811463967368,1.2516450226581173,1.2516450226581173,136
3,E,380,False,8.963695472828897,0.5826815114731234,0.6288819779016775,0.6288819779016775,230
3,E,516,False,8.341762377949495,1.2232455102406663,1.245915076014762,1.245915076014762,138
3,E,62,False,7.491688551395579,0.38550804733829747,0.45231764599616203,0.45231764599616203,251
3,E,20,False,8.25371659409621,0.36789094443365294,0.4373997545875026,0.4373997545875026,259
3,E,173,False,6.281108042464059,1.480183575558152,1.4989723865598852,1.4989723865598852,39
3,E,153,False,9.514789939851052,0.6359831988329278,0.6785642397847721,0.6785642397847721,219
3,E,155,True,6.214026889421621,1.5212092969874726,1.5394974905981638,1.5394974905981638,30
3,E,242,False,9.180230432266764,1.066128127015032,1.092064092226048,1.092064092226048,175
3,E,325,False,6.277179403633863,1.3972194634387947,1.4171086857856443,1.4171086857856443,80
3,E,95,False,6.251821462824699,1.164815790671677,1.1886002795368198,1.1886002795368198,149
3,E,426,False,6.429041796589392,1.513070389540044,1.5314557786693621,1.5314557786693621,32
3,E,104,False,8.363036136085643,1.3716609373521613,1.3919154160274008,1.3919154160274008,96
3,E,505,False,7.094291917166782,1.336846281880779,1.3576202634372343,1.3576202634372343,103
3,E,539,False,6.6033200932907,1.3511596263957681,1.3717168564681539,1.3717168564681539,101
3,E,225,False,7.039273324793109,1.2610384978302818,1.28304048701784,1.28304048701784,125
3,E,375,False,9.179672295779474,0.6080759244644072,0.6524807493176835,0.6524807493176835,227
3,E,253,False,9.343350275552401,0.27816383800682615,0.3651710819487356,0.3651710819487356,293
3,E,172,False,5.858754771783435,1.23832813959581,1.2607265284873408,1.2607265284873408,131
3,E,318,True,6.957479475420784,1.6120003300500232,1.6292697328552772,1.6292697328552772,22
3,E,106,False,7.209425137848102,1.40817466870154,1.4279113053301364,1.4279113053301364,75
3,E,75,False,9.346508338424627,0.5443242900174331,0.5935180966237719,0.5935180966237719,235
3,E,18,False,8.132223892535352,0.42338833262810827,0.4850077097557646,0.4850077097557646,245
3,E,507,True,6.8464793343269434,1.6271581758803355,1.6442683867456502,1.6442683867456502,17
3,E,379,False,8.91302554838268,0.4108790206488131,0.4741269533851141,0.4741269533851141,247
3,E,317,False,5.110319997394413,1.4303849024551372,1.449819218898865,1.449819218898865,66
3,E,276,False,7.969934436462093,1.148695702435041,1.172807151713211,1.172807151713211,152
3,E,161,False,8.90148368795391,0.8492382198646717,0.8815783302667091,0.8815783302667091,204
3,E,334,False,9.532574576779997,0.7436978354752234,0.7804237751423612,0.7804237751423612,210
3,E,296,False,5.010960122078757,1.4434295055083497,1.4626905126133147,1.4626905126133147,58
3,E,141,False,7.869065999370392,0.49715953070042196,0.5505836878106598,0.5505836878106598,238
3,E,465,False,8.408839310161248,0.3555231933360361,0.4270498089412696,0.4270498089412696,263
3,E,43,False,7.329097052742758,1.3925665211097769,1.4125212614444813,1.4125212614444813,81
3,E,403,False,4.956678271169984,0.9125290444415486,0.9427004058906139,0.9427004058906139,195
3,E,489,False,8.247512233039506,0.5191960217339674,0.5705605202792257,0.5705605202792257,237
3,E,61,False,7.566743462662377,1.0549944537254294,1.0811975285341433,1.0811975285341433,178
3,E,351,False,7.522272614528143,1.052797313279172,1.0790537434089023,1.0790537434089023,180
3,E,468,False,9.258816798137957,1.0729292662503187,1.0987046958547915,1.0987046958547915,173
3,E,268,False,9.679017308927753,0.35220645351484314,0.4242925691246851,0.4242925691246851,264
3,E,459,False,9.723172336330038,0.3446558553895288,0.41804599863078484,0.41804599863078484,266
3,E,345,False,7.621196222110304,0.303738976679571,0.38500930413598494,0.38500930413598494,281
3,E,176,False,6.331954170592711,1.4932134992331507,1.5118403859564782,1.5118403859564782,36
3,E,33,True,5.901384684254689,1.7193509378430183,1.7355524900672377,1.7355524900672377,8
3,E,137,False,7.231147620599109,1.3216693026186759,1.3426781236772496,1.3426781236772496,110
3,E,328,False,6.338752584565844,1.4013167698831832,1.4211486508711046,1.4211486508711046,79
3,E,343,False,7.572483478915113,1.4041142029088256,1.423907122366908,1.423907122366908,76
3,E,97,False,6.136580539121055,1.1672400165014396,1.1909760931434363,1.1909760931434363,148
3,E,520,True,6.819595987007829,1.6167174878604973,1.6339370348550397,1.6339370348550397,20
3,E,90,False,6.928106083832135,1.2729611155888934,1.29476051844279,1.29476051844279,121
3,E,423,False,9.85481026509933,0.26025045647893896,0.3517173558618034,0.3517173558618034,306
3,E,64,False,10.052844405647036,1.2034745767069748,1.2265096229124965,1.2265096229124965,141
3,E,307,True,4.244346474975616,1.629821352976625,1.6469038954764417,1.6469038954764417,16
3,E,207,False,6.071688105883522,1.4223777181763615,1.4419199601508799,1.4419199601508799,68
3,E,508,False,6.293704162589801,0.9647126417565246,0.993300196054433,0.993300196054433,194
3,E,475,False,9.825942634557796,0.3007107893732555,0.3826248517313124,0.3826248517313124,283
3,E,310,False,6.421363156328532,1.1002891292716488,1.1254381219375347,1.1254381219375347,167
4,E,322,False,6.753571379934594,1.2246369480872867,1.24770888438005,1.24770888438005,106
4,E,65,False,10.173776898065903,1.034172368346639,1.061392619623889,1.061392619623889,158
4,E,542,False,9.123047763944204,0.3317646556318607,0.40879040138791406,0.40879040138791406,241
4,E,384,False,6.409308046707364,0.4890861394953666,0.5442858232462481,0.5442858232462481,209
4,E,6,False,9.851099929888301,0.39617766498694207,0.462599770616967,0.462599770616967,218
4,E,144,False,7.885370016414012,0.308161274104526,0.3898784123263169,0.3898784123263169,248
4,E,297,False,9.666087958648374,0.6001983110360741,0.6459719948348541,0.6459719948348541,199
4,E,478,False,9.934872094328892,0.28983190200894055,0.3755586997560899,0.3755586997560899,258
4,E,530,False,7.381045950827196,1.3984655891839686,1.4187134346555084,1.4187134346555084,59
4,E,385,False,8.471459065686632,0.3709118363445073,0.4411546167511107,0.4411546167511107,228
4,E,252,False,9.397602309961247,0.6429135895332654,0.6858423209068633,0.6858423209068633,189
4,E,111,False,5.881884256813044,1.1469665485802476,1.1715690628821034,1.1715690628821034,126
4,E,326,False,6.283416262393207,1.3472224136942832,1.3682287957431005,1.3682287957431005,72
4,E,427,True,6.259395459021053,1.490896748622749,1.5099055998949897,1.5099055998949897,20
4,E,420,True,5.959350691026218,1.4667827121976877,1.4861000404893239,1.4861000404893239,30
4,E,108,False,9.01044285400339,0.4341189189489768,0.49548061650259645,0.49548061650259645,214
4,E,156,False,9.187338655923167,0.5600686105701594,0.6088666964831906,0.6088666964831906,203
4,E,388,False,8.561348628885437,0.293709656718585,0.3785593321926087,0.3785593321926087,255
4,E,19,False,9.739633071095433,0.3276093349156427,0.4054253098466283,0.4054253098466283,243
4,E,356,False,7.877202530428093,1.0811959806152447,1.1072608337871097,1.1072608337871097,145
4,E,55,True,5.762527591805142,1.533462825458251,1.551950399530464,1.551950399530464,7
4,E,127,False,7.0450858537061025,1.042501806810686,1.0695100853867203,1.0695100853867203,156
4,E,291,True,6.510548787705866,1.4992622231276764,1.5181663345095318,1.5181663345095318,17
4,E,76,True,4.757733962009366,1.481775542912558,1.500899918420336,1.500899918420336,22
4,E,496,False,5.801744546164595,1.3263951111188181,1.3477261577710313,1.3477261577710313,78
4,E,47,False,9.391539581906715,1.108892459321604,1.1343210708968956,1.1343210708968956,138
4,E,451,False,6.745781074437553,1.123137185967716,1.1482503838640092,1.1482503838640092,134
4,E,213,True,5.470180204704737,1.5342892837050077,1.5527670178208934,1.5527670178208934,6
4,E,464,False,9.690320903222005,0.28708782688211354,0.3734450774669003,0.3734450774669003,259
4,E,319,False,5.237340198218039,1.1928726510812895,1.2165471496156934,1.2165471496156934,113
4,E,292,True,6.52073322878414,1.5008243250473325,1.5197090051039859,1.5197090051039859,15
4,E,138,False,6.846367430049488,1.3431848082709315,1.3642533616268584,1.3642533616268584,76
4,E,495,False,8.824518648800813,0.869903184105264,0.9020938727520776,0.9020938727520776,172
4,E,404,False,4.801681772460449,1.1457640397435431,1.1703918319562079,1.1703918319562079,127
4,E,238,False,9.583101233919974,1.2834586604878246,1.3054914548634802,1.3054914548634802,91
4,E,429,True,5.549776578055757,1.4738366643421579,1.493062730999466,1.493062730999466,29
4,E,283,False,5.304068435762036,0.6495234915608943,0.6920423192477609,0.6920423192477609,188
4,E,216,False,7.768503139834909,1.4189630840334329,1.4389225272369726,1.4389225272369726,47
4,E,270,False,9.625255032497485,0.35059744815256855,0.4242173690355662,0.4242173690355662,235
4,E,474,False,9.739388338230574,0.2310201224531806,0.33228316616802506,0.33228316616802506,283
4,E,89,False,6.1064510864451025,1.2090180442273752,1.2323824231170095,1.2323824231170095,109
4,E,484,False,8.230986570598471,0.31263842142242404,0.3934267251850972,0.3934267251850972,247
4,E,382,False,5.7686672494133235,0.7586682061950378,0.7953736559828727,0.7953736559828727,180
4,E,239,False,9.874830756512614,0.283406841899442,0.3706227780045097,0.3706227780045097,261
4,E,226,False,9.071619222092846,1.2250937110230606,1.2481572041728635,1.2481572041728635,105
4,E,87,False,5.896983808461772,0.741243863880156,0.7787710005388926,0.7787710005388926,182
4,E,24,False,10.65810197009823,0.23606130190406072,0.33580759937351756,0.33580759937351756,282
4,E,35,False,9.655873110476154,1.3770309188099095,1.397589337716494,1.397589337716494,63
4,E,490,False,8.181459237700933,0.23036129288559637,0.33182545230932525,0.33182545230932525,284
4,E,538,False,8.25134638061321,0.37466278562706345,0.4443129623071959,0.4443129623071959,227
4,E,124,False,7.363397314779815,0.37833533385644036,0.4474141597945118,0.4474141597945118,226
4,E,278,False,9.564729575089864,1.4526051356264948,1.4721085169201462,1.4721085169201462,40
4,E,10,False,8.114686988515057,0.4366736114506569,0.49772045213927474,0.49772045213927474,212
4,E,169,False,5.841964661213922,0.5539611493728267,0.6032534795215259,0.6032534795215259,204
4,E,15,False,9.636753231388848,0.19413437132344863,0.307782325141512,0.307782325141512,289
4,E,304,False,6.636645790584594,1.3825401324199387,1.403017827146935,1.403017827146935,62
4,E,215,False,7.768503139834909,1.4189630840334329,1.4389225272369726,1.4389225272369726,48
4,E,506,False,5.606003671644931,1.1738560123971842,1.1979064000920034,1.1979064000920034,116
4,E,330,False,6.610324483563237,1.2650410290449705,1.2873890673403758,1.2873890673403758,94
4,E,57,True,6.226395231182822,1.5372382723840834,1.5556809800286069,1.5556809800286069,4
4,E,412,False,4.9940114692980275,0.739448795928546,0.777062627682313,0.777062627682313,183
4,E,236,False,9.276753935016664,1.133877977106261,1.158758418526895,1.158758418526895,131
4,E,25,False,10.655037867770778,0.3006059077975335,0.3839345222080765,0.3839345222080765,253
4,E,338,False,9.733809183581997,0.20501935476066813,0.3147614038710043,0.3147614038710043,288
4,E,461,False,9.182699918688666,1.238375807684187,1.2611964345802076,1.2611964345802076,102
4,E,120,False,9.220728962812728,1.2944276919003324,1.3162768915007155,1.3162768915007155,88
4,E,44,False,5.791716366294556,0.6310117174895484,0.674698149656181,0.674698149656181,196
4,E,143,False,7.820519080854233,0.4405735489665329,0.5011455453152615,0.5011455453152615,211
4,E,217,False,7.652144894593071,1.4152134148062017,1.4352250050036737,1.4352250050036737,51
4,E,256,False,6.392890907683439,0.7842017776966222,0.8197647428884138,0.8197647428884138,179
4,E,36,False,7.107975670707788,1.3977124244851757,1.417971024774693,1.417971024774693,60
4,E,152,True,7.555448408153764,1.4814873346976902,1.500615383237834,1.500615383237834,23
4,E,259,False,9.460093677451969,1.2849452024109989,1.3069529366964243,1.3069529366964243,89
4,E,246,False,9.583242482590693,0.2779655502537449,0.3664787206213097,0.3664787206213097,265
4,E,11,False,9.693969582795098,0.30444976856068057,0.38695150486464935,0.38695150486464935,252
4,E,374,False,9.237365170404106,0.6353797204489994,0.6787850872685798,0.6787850872685798,194
4,E,232,False,9.766618731490567,1.2998167104115983,1.3215768181250735,1.3215768181250735,87
4,E,49,False,9.415837276918037,1.282333864166922,1.304385657974525,1.304385657974525,92
4,E,401,False,5.666437055400897,0.8757151302909029,0.9076997273111729,0.9076997273111729,171
4,E,29,False,5.056275415827866,1.2347798878447025,1.2576657652039913,1.2576657652039913,103
4,E,455,False,6.418020799220916,0.28330470958591286,0.37054468558316045,0.37054468558316045,262
4,E,4,False,6.799357038311773,1.3458045457377226,1.3668327186853126,1.3668327186853126,74
4,E,491,False,9.695132110016603,0.22489313843533157,0.3280529366667185,0.3280529366667185,285
4,E,535,False,10.070390034000322,0.6322782596657704,0.6758828324394252,0.6758828324394252,195
4,E,37,True,7.8474561169318875,1.571893184295863,1.5899339572372662,1.5899339572372662,1
4,E,387,False,8.216745444217352,0.395508500843513,0.4620268171652463,0.4620268171652463,219
4,E,271,False,9.693294128110937,0.24889927540512494,0.3449531197678331,0.3449531197678331,280
4,E,327,False,5.738492185878928,0.26241252375599516,0.35482691296511815,0.35482691296511815,274
4,E,509,False,6.36382831021272,0.9278909458370624,0.958135383391493,0.958135383391493,168
4,E,17,False,9.707952042461752,0.2621297982361124,0.35461787414577645,0.35461787414577645,276
4,E,348,False,7.669124165828725,0.8278153872794985,0.8615800142511842,0.8615800142511842,176
4,E,534,False,5.789837716203813,0.3431704199638881,0.41810015866841777,0.41810015866841777,238
4,E,160,False,7.3995653077559504,1.4077304736563565,1.4278469427782219,1.4278469427782219,56
4,E,233,False,9.627358761908242,1.1203162584106277,1.1454913026293796,1.1454913026293796,135
4,E,428,False,10.067833634698676,0.5270580249360179,0.5786466686932716,0.5786466686932716,207
4,E,341,False,9.663113683338649,0.2770900645769823,0.3658151301240027,0.3658151301240027,266
4,E,527,False,9.850288257770597,1.253277216784676,1.2758313319760997,1.2758313319760997,99
4,E,399,False,5.861134590700119,1.0237065644512,1.0511978575134386,1.0511978575134386,160
4,E,467,False,9.84163476329587,0.37881495907839113,0.44781980612957256,0.44781980612957256,224
4,E,16,False,8.312436600471159,0.25809886333009985,0.35164872926352847,0.35164872926352847,279
4,E,462,False,9.734404061106487,0.7906644661797165,0.8259492137048263,0.8259492137048263,178
4,E,309,False,6.82465296639354,1.4413124853083972,1.4609666272185118,1.4609666272185118,42
4,E,248,False,10.363251567375237,1.2614009868027223,1.28381239090735,1.28381239090735,96
4,E,405,False,4.801681772460449,1.1457640397435431,1.1703918319562079,1.1703918319562079,128
4,E,148,False,7.808984981244811,0.2802655956417421,0.36822630221208436,0.36822630221208436,263
4,E,12,False,9.64195084431016,0.2591212443578651,0.35239980819792344,0.35239980819792344,278
4,E,463,False,9.044004088041152,1.1351029423146066,1.1599571092034575,1.1599571092034575,130
4,E,243,False,9.29281830766692,1.1560765684106096,1.1804892365322166,1.1804892365322166,122
4,E,453,False,5.107799554832646,1.417100930988452,1.4370862375475948,1.4370862375475948,50
4,E,501,False,4.324612656158456,1.3192749235265424,1.340719258229078,1.340719258229078,81
4,E,45,False,9.842281024538064,0.26700646116511045,0.35823770857390264,0.35823770857390264,271
4,E,199,False,8.463826684938756,1.4149083067188508,1.4349241519893554,1.4349241519893554,53
4,E,73,False,5.276302362085277,0.9082385478453457,0.9391161085470673,0.9391161085470673,170
4,E,376,False,9.517542666028536,1.4562337357692448,1.4756891606069402,1.4756891606069402,38
4,E,110,False,5.898389099103219,1.1330784539710772,1.1579760741888632,1.1579760741888632,132
4,E,214,False,7.768503139834909,1.4189630840334329,1.4389225272369726,1.4389225272369726,49
4,E,470,False,8.199966084263318,0.34047983116765407,0.41589460320172345,0.41589460320172345,240
4,E,135,False,6.015546367476243,1.458051653526472,1.4774831403070712,1.4774831403070712,35
4,E,1,False,9.679693859344733,0.38341792972444894,0.4517201726451313,0.4517201726451313,222
4,E,287,False,8.05703045558446,1.3550153169289607,1.3759027271767639,1.3759027271767639,70
4,E,372,False,9.358278014588807,1.1147837097575752,1.1400809291805676,1.1400809291805676,137
4,E,518,False,9.861598536509003,0.267920814509809,0.35891972415564494,0.35891972415564494,270
4,E,441,False,6.831916297090685,1.3465873711335754,1.367603507467277,1.367603507467277,73
4,E,476,False,9.261985085560175,1.0743011178579025,1.1005292805605418,1.1005292805605418,146
4,E,364,False,5.508582799372577,0.6169656098633447,0.6615802062444233,0.6615802062444233,197
4,E,421,False,6.079534152067578,0.3055644158762609,0.38782910900313466,0.38782910900313466,251
4,E,290,True,6.493857451904489,1.506092310858094,1.5249117529766234,1.5249117529766234,14
4,E,21,False,9.777717794153997,0.32541322588930693,0.403652787831386,0.403652787831386,244
4,E,74,False,5.287375956405498,0.9150146278523569,0.9456709653595968,0.9456709653595968,169
4,E,285,True,5.841301238490393,1.477962556524933,1.4971356398236202,1.4971356398236202,27
4,E,498,False,8.87904698581443,1.1582432058171175,1.182611148840513,1.182611148840513,121
4,E,13,False,9.607440714995617,0.20856802409237302,0.31708425727897854,0.31708425727897854,287
4,E,46,False,8.292086216632354,0.31817461819031495,0.3978402860456913,0.3978402860456913,246
4,E,519,False,7.1257855741477565,1.456787171342732,1.476235302426115,1.476235302426115,37
4,E,437,False,5.862523567567751,0.9394698125184915,0.9693530492931326,0.9693530492931326,165
4,E,66,False,9.833335496236572,1.0532916808994026,1.0800301711490534,1.0800301711490534,155
4,E,264,False,6.041196323931173,1.0042006272655946,1.0322115603600737,1.0322115603600737,162
4,E,170,False,5.816593468644164,1.4084560772966925,1.4285623287817553,1.4285623287817553,55
4,E,417,False,7.845442972283472,1.055625324151248,1.082306163028647,1.082306163028647,152
4,E,354,False,7.862008406417733,1.0545489426853953,1.0812563424365425,1.0812563424365425,154
4,E,23,False,10.598387341585564,0.26592271679968793,0.35743068817673146,0.35743068817673146,272
4,E,339,False,9.654972551210506,0.22131775483160732,0.32561227578834956,0.32561227578834956,286
4,E,67,False,10.388112952950273,0.38244221074782375,0.45089228214957017,0.45089228214957017,223
4,E,321,False,5.403040373477606,1.1502445051562775,1.1747783736443969,1.1747783736443969,124
4,E,7,False,8.178884202473085,0.44427138903683294,0.5043995169080575,0.5043995169080575,210
4,E,483,False,9.645758937854273,1.008533248698564,1.0364270930802826,1.0364270930802826,161
4,E,289,True,6.462164062292631,1.518151481755721,1.5368232582497754,1.5368232582497754,11
4,E,349,True,7.879758670351918,1.5185184988780225,1.5371858173217472,1.5371858173217472,10
4,E,118,False,5.737722693575759,0.3225874610217374,0.4013782200728083,0.4013782200728083,245
4,E,94,False,5.812219113857476,1.1364112748643553,1.1612374396217142,1.1612374396217142,129
4,E,101,False,7.943050624967851,1.4002637058243959,1.4204859208698393,1.4204859208698393,58
4,E,178,True,6.723830582184656,1.5567625051170826,1.574976603914731,1.574976603914731,2
4,E,146,False,7.724669255748459,0.85788627263135,0.8905114610771024,0.8905114610771024,175
4,E,96,False,6.20810406258915,1.1986125364870435,1.2221758540260352,1.2221758540260352,111
4,E,150,False,7.850263042755687,1.309165003300487,1.3307722612855772,1.3307722612855772,85
4,E,486,False,9.801377469674685,0.27444289802602273,0.36381411437337985,0.36381411437337985,267
4,E,98,False,5.557060502961735,1.164272150178817,1.1885164892513567,1.1885164892513567,119
4,E,132,False,4.532333475591454,0.6839431062456399,0.7244445997599123,0.7244445997599123,186
4,E,295,True,5.368378858335403,1.493751520113372,1.512724498836908,1.512724498836908,19
4,E,88,False,6.211480047418633,1.4091635708178125,1.4292598696039753,1.4292598696039753,54
4,E,323,True,4.800415726993927,1.5178117777258309,1.536487682392414,1.536487682392414,12
4,E,298,False,5.534945881401946,1.3636302256961585,1.3843876617380413,1.3843876617380413,68
4,E,494,False,10.685728352585787,0.27098119347401256,0.36120992892909937,0.36120992892909937,268
4,E,222,False,7.631059278248853,1.4270661839989913,1.4469138533630148,1.4469138533630148,44
4,E,122,True,6.649256902255406,1.5331985305417677,1.551689253554268,1.551689253554268,8
4,E,241,False,9.546162896529877,1.086981563112136,1.1129109236978794,1.1129109236978794,142
4,E,408,False,5.403975354661462,1.3002991878661108,1.3220513543375052,1.3220513543375052,86
4,E,229,False,9.198271449491322,1.1538272610362537,1.1782865330006906,1.1782865330006906,123
4,E,456,False,6.814556656595999,0.5786566601470877,0.6260074567231184,0.6260074567231184,201
4,E,332,False,6.991649616187782,1.4570077489704545,1.4764529745644852,1.4764529745644852,36
4,E,130,False,4.450880800848374,0.9373505196692847,0.9672992309852432,0.9672992309852432,166
4,E,288,True,6.519429912332034,1.4946549311880752,1.513616585818613,1.513616585818613,18
4,E,125,False,5.743955977670341,1.4601959969198195,1.47959932243869,1.47959932243869,32
4,E,336,False,9.563497715020748,0.26219017894930163,0.35466250926455645,0.35466250926455645,275
4,E,352,False,7.710506037658869,1.0598206081584516,1.0863984200180496,1.0863984200180496,151
4,E,83,True,5.849197929124945,1.4813733721636861,1.500502873471416,1.500502873471416,24
4,E,410,False,5.850980077510635,1.1282524341519578,1.1532542480780994,1.1532542480780994,133
4,E,223,True,4.877957935022248,1.4765483955392003,1.4957396063184767,1.4957396063184767,28
4,E,329,False,6.36912477729658,1.3541262769848628,1.3750271922988468,1.3750271922988468,71
4,E,99,False,5.870002017990612,1.2406622778063672,1.2634416065303722,1.2634416065303722,101
4,E,368,False,6.168271377530746,1.4609482016856148,1.4803416678418522,1.4803416678418522,31
4,E,86,False,5.927636326793833,0.7164037416738656,0.7551662907099862,0.7551662907099862,184
4,E,262,False,5.982733301810402,0.378700084727877,0.44772263703465565,0.44772263703465565,225
4,E,147,False,6.75713601829545,1.2260779805916013,1.2491233005720228,1.2491233005720228,104
4,E,305,False,5.8253544521900915,1.3163263521865054,1.3378179513674484,1.3378179513674484,83
4,E,293,True,6.439876235410241,1.4994706069056831,1.5183721238597812,1.5183721238597812,16
4,E,266,False,7.4979800399186285,0.32805329710261155,0.4057841437023619,0.4057841437023619,242
4,E,517,False,9.77871674716767,0.29340297045276603,0.3783214355688446,0.3783214355688446,256
4,E,523,False,8.3019736905936,0.43658559709155387,0.4976432347858789,0.4976432347858789,213
4,E,413,False,9.397961597955133,0.6882394093523395,0.7285020865625725,0.7285020865625725,185
4,E,280,False,8.708313447241816,0.6363786145861648,0.6797201973186991,0.6797201973186991,193
4,E,306,False,8.907607691080756,0.41936401168388143,0.4826054080053014,0.4826054080053014,216
4,E,409,False,5.078361285454934,1.1494257752221604,1.1739767537244632,1.1739767537244632,125
4,E,263,False,6.377989805145264,1.040058222983598,1.0671283487641796,1.0671283487641796,157
4,E,68,False,10.456460630494753,0.36612066323551085,0.43713401330527357,0.43713401330527357,231
4,E,79,False,6.576569626747352,1.3638458930168824,1.384600095854172,1.384600095854172,67
4,E,100,False,5.477043811236847,1.1828694876815982,1.2067402497756057,1.2067402497756057,115
4,E,265,False,7.455690550048951,0.3572174510175046,0.4297046809749785,0.4297046809749785,233
4,E,34,True,4.088043514284998,1.5119720238952865,1.53071917953045,1.53071917953045,13
4,E,218,False,7.652144894593071,1.4152134148062017,1.4352250050036737,1.4352250050036737,52
4,E,314,False,7.551576353527258,0.9885097488702291,1.0169529630970393,1.0169529630970393,164
4,E,188,False,7.494098124576463,1.1959976376023853,1.2196114769429038,1.2196114769429038,112
4,E,121,False,9.229162023429915,1.0838828540371033,1.1098846096851607,1.1098846096851607,143
4,E,157,False,9.108875716627693,0.8029664622835385,0.8377332183293832,0.8377332183293832,177
4,E,52,False,6.620644238782587,1.3197849092771772,1.341221090013176,1.341221090013176,79
4,E,244,False,9.686149919124546,0.28554115805474545,0.37225738204045045,0.37225738204045045,260
4,E,231,False,8.892343634640174,0.8611803096677515,0.893685252927343,0.893685252927343,174
4,E,273,False,9.768522413754747,0.26923367983147284,0.3599007917412253,0.3599007917412253,269
4,E,84,False,5.884731232815581,1.309448692030218,1.331051344839865,1.331051344839865,84
4,E,208,True,5.479203441827236,1.5328709125980893,1.5513655404931697,1.5513655404931697,9
4,E,367,False,5.599066399367141,0.2607214554983508,0.3535781142796359,0.3535781142796359,277
4,E,114,True,6.601120248833417,1.480874082087545,1.500009950813325,1.500009950813325,25
4,E,221,False,7.810960634645541,1.4244902275151936,1.4443732944868002,1.4443732944868002,45
4,E,240,False,8.076714568838836,0.3414847708369786,0.4167177153109147,0.4167177153109147,239
4,E,524,False,5.296295239820649,1.4059752893000474,1.4261165168606373,1.4261165168606373,57
4,E,371,False,11.644030413418466,0.23752613664408068,0.3368389394494456,0.3368389394494456,281
4,E,85,False,5.767526121680166,1.1613916674654359,1.1856949062885065,1.1856949062885065,120
4,E,209,False,6.269365576338236,0.30798087849189115,0.38973584266397904,0.38973584266397904,249
4,E,105,False,6.243251528326677,1.0552027459953046,1.0818940062207556,1.0818940062207556,153
4,E,350,False,7.672820361092157,1.0694187998401417,1.095763831759332,1.095763831759332,148
4,E,80,False,5.967495565544322,1.388984144449185,1.4093682127363307,1.4093682127363307,61
4,E,419,False,4.282778438747219,1.3196683438062542,1.341106387720492,1.341106387720492,80
4,E,183,False,6.652385669203139,0.6427278917237917,0.6856682494764322,0.6856682494764322,190
4,E,230,False,8.409790118298062,0.3687830964145927,0.43936633660477403,0.43936633660477403,230
4,E,109,False,9.646634805618453,0.3934192336937543,0.4602396103993502,0.4602396103993502,220
4,E,48,False,9.345595486015434,1.115629701557291,1.1409081630601012,1.1409081630601012,136
4,E,303,False,6.850957125950166,1.2840473745785896,1.3060702376604918,1.3060702376604918,90
4,E,54,False,3.726795938654201,1.255988955551102,1.2784952334704702,1.2784952334704702,98
4,E,162,False,9.582079070371734,0.571534870141168,0.6194303135362739,0.6194303135362739,202
4,E,378,False,4.456234335591781,1.3711150497388824,1.3917608577484935,1.3917608577484935,64
4,E,466,False,9.850625339215956,0.343245467614882,0.4181617588667378,0.4181617588667378,237
4,E,525,False,5.873192209564758,1.3178222937802722,1.339289887785562,1.339289887785562,82
4,E,300,False,4.71914861728712,0.6390787245247362,0.6822487974929149,0.6822487974929149,192
4,E,235,False,9.484352664720902,1.102855273092557,1.128419939086696,1.128419939086696,140
4,E,422,False,6.480423742294851,1.033215477023882,1.0604602903937765,1.0604602903937765,159
4,E,220,False,7.810960634645541,1.4244902275151936,1.4443732944868002,1.4443732944868002,46
4,E,224,False,5.490166855166121,0.29186010184502253,0.37712613883069906,0.37712613883069906,257
4,E,123,False,8.072445850155963,1.366740668758434,1.3874515707507113,1.3874515707507113,65
4,E,450,False,7.699861712917228,0.6653209459271873,0.7068902083278648,0.7068902083278648,187
4,E,145,False,8.32349520166438,1.271312959571406,1.2935526455133446,1.2935526455133446,93
4,E,380,False,9.066469673134641,0.5857717796003258,0.632590217531458,0.632590217531458,200
4,E,516,False,8.385434935038123,1.264509427943708,1.2868666981855146,1.2868666981855146,95
4,E,62,False,7.396789413393794,0.38652855893044735,0.4543634364792276,0.4543634364792276,221
4,E,20,False,8.278632176919224,0.3698395137576806,0.44025341733697243,0.44025341733697243,229
4,E,173,True,6.375823062045677,1.5350757079772572,1.5535440884513843,1.5535440884513843,5
4,E,153,False,9.696116650074664,0.641694985485325,0.6847001240962179,0.6847001240962179,191
4,E,242,False,9.475723736714647,1.0816538120237567,1.1077078922739012,1.1077078922739012,144
4,E,325,False,6.046585012544583,1.4539342487313702,1.473420036912224,1.473420036912224,39
4,E,95,False,5.586144110119557,1.173710825867348,1.1977641288244432,1.1977641288244432,117
4,E,426,False,6.915513384155685,1.0666217431002207,1.093034193607189,1.093034193607189,150
4,E,104,False,7.272536240865542,1.1993999948733842,1.2229481400462732,1.2229481400462732,110
4,E,505,False,6.470992981157337,1.3611904782080417,1.381984559792403,1.381984559792403,69
4,E,539,False,5.023284489608136,1.3436877651292514,1.3647485540195332,1.3647485540195332,75
4,E,225,False,7.1741363229985495,1.2163245202895774,1.2395511865986153,1.2395511865986153,108
4,E,375,False,9.26296746643214,0.6131778991218926,0.6580493458031113,0.6580493458031113,198
4,E,253,False,9.391815319793958,0.2795969330276038,0.36771762331822927,0.36771762331822927,264
4,E,172,False,5.768374144760992,1.258940136671821,1.2813945814087198,1.2813945814087198,97
4,E,106,False,7.091116605391749,1.4600424999545665,1.4794478386255951,1.4794478386255951,34
4,E,75,False,9.431807069483904,0.5472241275989359,0.5970729028910802,0.5970729028910802,205
4,E,18,False,8.096349093067243,0.4256483913880419,0.48807618117625085,0.48807618117625085,215
4,E,379,False,8.957348415778558,0.4135562943509579,0.47756739224706385,0.47756739224706385,217
4,E,317,True,4.76060742538127,1.4786019368009795,1.4977668353425284,1.4977668353425284,26
4,E,276,False,8.264908400980651,1.1834836596793743,1.207342278837468,1.207342278837468,114
4,E,161,False,9.088009000938424,0.8642530460849449,0.8966466044141753,0.8966466044141753,173
4,E,334,False,9.767075843737873,0.7560894233033284,0.7929142586506591,0.7929142586506591,181
4,E,296,True,5.367423834137569,1.4891639732737512,1.5081946641056752,1.5081946641056752,21
4,E,141,False,7.868895916116278,0.49835247808622674,0.5526273590359492,0.5526273590359492,208
4,E,465,False,8.3942190282939,0.36003798861991493,0.4320522639563862,0.4320522639563862,232
4,E,43,False,6.7410859658401385,1.3640802406121295,1.3848309313301785,1.3848309313301785,66
4,E,403,False,4.75611407132999,0.9368296120219732,0.9667944598008439,0.9667944598008439,167
4,E,489,False,8.35688977978359,0.5309460535810566,0.5821902759009833,0.5821902759009833,206
4,E,61,False,7.699593188314308,1.0710791975984006,1.0973843688828442,1.0973843688828442,147
4,E,351,False,7.691392767471514,1.0688823896027702,1.0952403244691518,1.0952403244691518,149
4,E,468,False,9.183676510684469,1.0986985822504967,1.1243577634274673,1.1243577634274673,141
4,E,268,False,9.71592810516684,0.35538767845785,0.42818478200424753,0.42818478200424753,234
4,E,459,False,9.660005214621341,0.34349533824627576,0.4183668879551633,0.4183668879551633,236
4,E,345,False,7.589363337107791,0.3059989473353605,0.38817156169754824,0.38817156169754824,250
4,E,176,True,6.723830582184656,1.5567625051170826,1.574976603914731,1.574976603914731,3
4,E,137,False,6.861604911743081,1.33521457622041,1.3564069338114626,1.3564069338114626,77
4,E,328,False,6.134831894104388,1.4601878156890868,1.4795912484964324,1.4795912484964324,33
4,E,343,False,7.826274619766237,1.4491458333437996,1.4686951527931384,1.4686951527931384,41
4,E,97,False,5.2589422205054746,1.172460261134404,1.1965387037115514,1.1965387037115514,118
4,E,90,False,6.118929754331261,1.2230251911798085,1.2461269693738162,1.2461269693738162,107
4,E,423,False,9.854650061155027,0.2627235154944489,0.35505696885729016,0.35505696885729016,273
4,E,64,False,10.34009004818237,1.2500394943373,1.272650990233936,1.272650990233936,100
4,E,207,False,5.470292347253036,1.433450075421956,1.453210557444301,1.453210557444301,43
4,E,508,False,6.309495790228813,0.9968739981797492,1.0250851544077904,1.0250851544077904,163
4,E,475,False,9.908447992508332,0.29788343115763827,0.38180668419844643,0.38180668419844643,254
4,E,310,False,6.000006426592168,1.1070139270534434,1.132484719645546,1.132484719645546,139
5,E,322,False,6.97119864654247,1.181658188607172,1.203644222978422,1.203644222978422,69
5,E,65,False,10.210778398756402,1.0092698086633518,1.0349245805788483,1.0349245805788483,117
5,E,542,False,9.132171603328766,0.3182707575657334,0.3920964370259086,0.3920964370259086,211
5,E,384,False,6.423220744865862,0.46736359342995326,0.520453714820737,0.520453714820737,179
5,E,6,False,9.83604668162771,0.37949771976685964,0.44324018332636805,0.44324018332636805,188
5,E,144,False,7.898899753335815,0.2950416350768018,0.3734874927433837,0.3734874927433837,219
5,E,297,False,9.7470488372504,0.5846590076742386,0.6279088278258013,0.6279088278258013,169
5,E,478,False,9.929362061660884,0.27745998589236415,0.3597601764764095,0.3597601764764095,228
5,E,530,False,7.8987501451294655,1.2945550414877238,1.314654363796138,1.314654363796138,36
5,E,385,False,8.520536056492222,0.35602835047319376,0.423319651265577,0.423319651265577,198
5,E,252,False,9.33904886531834,0.6320491356763625,0.6722569826459099,0.6722569826459099,159
5,E,111,False,5.774853749908933,1.1025908452288073,1.126121624332524,1.126121624332524,93
5,E,326,False,6.173798111151461,1.277429121706513,1.2977937054057627,1.2977937054057627,43
5,E,108,False,9.016982615982112,0.41662403347237775,0.4754144781911247,0.4754144781911247,183
5,E,156,False,9.204108797757343,0.5366846300821307,0.5835012707555485,0.5835012707555485,173
5,E,388,False,8.572598160709243,0.2819905338380492,0.36326574567555137,0.36326574567555137,225
5,E,19,False,9.735579586561503,0.31520519971101585,0.3896121901735209,0.3896121901735209,212
5,E,356,False,7.837216866004935,0.9140733261928293,0.942323398024356,0.942323398024356,129
5,E,127,False,7.105111597800658,1.0085413074020386,1.0342141507169393,1.0342141507169393,119
5,E,496,False,6.034843804733216,1.2728705866060017,1.2933069515987508,1.2933069515987508,44
5,E,47,False,9.08505565553866,1.0671329643877943,1.0914284697084038,1.0914284697084038,105
5,E,451,False,6.798744008689021,1.079289118878743,1.103316973012289,1.103316973012289,100
5,E,464,False,9.688968618800743,0.275802119673236,0.3584831237634436,0.3584831237634436,229
5,E,319,False,5.359734031704956,1.147242897296625,1.1698758935051619,1.1698758935051619,76
5,E,138,False,7.241454296686482,1.182965492948409,1.204927673478213,1.204927673478213,68
5,E,495,False,8.787385199978887,0.8452250014336676,0.8756989459029226,0.8756989459029226,143
5,E,404,False,4.985960436367441,1.0900012917226878,1.113798077195357,1.113798077195357,97
5,E,238,False,9.542509737298424,1.2479746082814367,1.2688120285220155,1.2688120285220155,50
5,E,283,False,5.50207208049448,0.6154282740003634,0.656654628587976,0.656654628587976,162
5,E,216,True,8.096012795995614,1.367255721900696,1.3863013921500402,1.3863013921500402,16
5,E,270,False,9.635029597531082,0.33638500596544,0.4069376033808077,0.4069376033808077,205
5,E,474,False,9.730040092352683,0.22192692768914932,0.3188963813537108,0.3188963813537108,253
5,E,89,False,6.4496377597497,1.1301022665944265,1.1530717556894743,1.1530717556894743,81
5,E,484,False,8.223685253719744,0.30046580221911634,0.37778702877431297,0.37778702877431297,217
5,E,382,False,5.738018831817331,0.7280703784384188,0.7632364094868698,0.7632364094868698,150
5,E,239,False,9.865201148998885,0.27148049905042854,0.3551689769273439,0.3551689769273439,232
5,E,226,False,9.02504605469183,1.1809168536133707,1.2029164376443817,1.2029164376443817,70
5,E,87,False,5.942154695039023,0.7062045807751133,0.7424070653722928,0.7424070653722928,153
5,E,24,False,10.666679727463121,0.2260280418214642,0.32176391422375505,0.32176391422375505,252
5,E,35,True,9.709054187656456,1.3333067782556247,1.3528304793097101,1.3528304793097101,27
5,E,490,False,8.17561695723996,0.22077303457335984,0.31809444132470527,0.31809444132470527,254
5,E,538,False,8.308685622511783,0.3591471694248679,0.4259460413160817,0.4259460413160817,197
5,E,124,False,7.393111495023199,0.36031461489312283,0.4269308638556433,0.4269308638556433,196
5,E,278,True,9.539037064437267,1.4016980793875042,1.4202819602337997,1.4202819602337997,6
5,E,10,False,8.123275452325764,0.4196615170094789,0.4780785810571768,0.4780785810571768,182
5,E,169,False,5.881393168916541,0.5291899024861735,0.5766153776134246,0.5766153776134246,174
5,E,15,False,9.633265984729402,0.18615029108400782,0.295119080504137,0.295119080504137,259
5,E,304,False,6.493353909411078,1.2819326559016797,1.3022268139898212,1.3022268139898212,39
5,E,215,True,8.096012795995614,1.367255721900696,1.3863013921500402,1.3863013921500402,17
5,E,506,False,5.634542599637397,1.1286007321793483,1.1516001708417325,1.1516001708417325,82
5,E,330,False,6.861628648926712,1.219936633207391,1.2412448307438508,1.2412448307438508,58
5,E,412,False,5.122593534814038,0.7220843046281544,0.7575282726058954,0.7575282726058954,152
5,E,236,False,9.31635474875986,1.1061542921587015,1.129610843993658,1.129610843993658,92
5,E,25,False,10.667942760327026,0.28773085168744095,0.36773955976985473,0.36773955976985473,223
5,E,338,False,9.741559281193116,0.19687682449845434,0.3019997099858568,0.3019997099858568,258
5,E,461,False,9.140970530409936,1.1945989621715956,1.216351109354696,1.216351109354696,64
5,E,120,False,9.202385278484531,1.2374845962368177,1.2584957158172394,1.2584957158172394,54
5,E,44,False,5.986719807225322,0.602720385382286,0.6447598031533276,0.6447598031533276,166
5,E,143,False,7.854897201993602,0.4209547189934762,0.47921416532675964,0.47921416532675964,181
5,E,217,True,7.9754538620492585,1.364051034825178,1.3831408339046987,1.3831408339046987,19
5,E,256,False,6.390421769667304,0.7506145626963528,0.7847710255474417,0.7847710255474417,149
5,E,36,True,6.878036454288166,1.3425401264344528,1.361931471070987,1.361931471070987,26
5,E,259,False,9.312559121410697,1.240160266590837,1.2611268087062466,1.2611268087062466,52
5,E,246,False,9.580626403845862,0.2665157673292257,0.35138866663857043,0.35138866663857043,235
5,E,11,False,9.660145433383665,0.29214222875339435,0.37120132358054303,0.37120132358054303,222
5,E,374,False,9.243382792505553,0.6101282024808906,0.6516899295443417,0.6516899295443417,164
5,E,232,False,9.734759875905151,1.264482865390625,1.2850526283671935,1.2850526283671935,47
5,E,49,False,9.267014749230842,1.2385980835793107,1.2595906293130668,1.2595906293130668,53
5,E,401,False,5.6649760491772625,0.8565133760157888,0.88659940452321,0.88659940452321,140
5,E,29,False,5.320345844485413,1.1891912628064512,1.2110405444666783,1.2110405444666783,65
5,E,455,False,6.413595402081585,0.2717164284134771,0.35534934680778946,0.35534934680778946,231
5,E,4,False,7.190615600960981,1.18476963746113,1.2066989826202408,1.2066989826202408,67
5,E,491,False,9.690901554039835,0.21473395718969912,0.313933134882723,0.313933134882723,255
5,E,535,False,9.984483453798072,0.6056624448040839,0.6475108785595857,0.6475108785595857,165
5,E,387,False,8.27528470316037,0.3792742904260484,0.4430489004445547,0.4430489004445547,189
5,E,271,False,9.696872370880284,0.2376820659236783,0.3300547004190278,0.3300547004190278,250
5,E,327,False,5.740435111308831,0.25115082526884186,0.33988244709041204,0.33988244709041204,244
5,E,509,False,6.434344144894655,0.893232640456896,0.9221214078333422,0.9221214078333422,134
5,E,17,False,9.693156075464655,0.2521392016586362,0.34061344339294775,0.34061344339294775,243
5,E,348,False,7.739445054361849,0.7806435523638803,0.8135402243615523,0.8135402243615523,146
5,E,534,False,5.780291702584559,0.32922086496220954,0.4010358072958222,0.4010358072958222,208
5,E,160,True,7.436035039738594,1.368547450499663,1.387575390772002,1.387575390772002,15
5,E,233,False,9.748844027618722,1.0900952018544154,1.113889981063195,1.113889981063195,96
5,E,428,False,10.031167081317376,0.5032296560313756,0.5528864508345299,0.5528864508345299,177
5,E,341,False,9.650067851607853,0.2658080697937072,0.35085220645508663,0.35085220645508663,236
5,E,527,False,9.725868833870354,1.2163800052245863,1.237749432606257,1.237749432606257,60
5,E,399,False,5.812725473852689,0.9776325048391202,1.0040959393030922,1.0040959393030922,123
5,E,467,False,9.82423780999164,0.3639710654507401,0.430021252140279,0.430021252140279,194
5,E,16,False,8.320437262986083,0.2474550033691735,0.33716067312096776,0.33716067312096776,249
5,E,462,False,9.68277161944988,0.7556499713066517,0.789588639699616,0.789588639699616,148
5,E,309,True,7.209958088595322,1.357067585102704,1.3762542538874971,1.3762542538874971,22
5,E,248,False,10.317135429879311,1.227138881990219,1.2483241472066262,1.2483241472066262,57
5,E,405,False,4.985960436367441,1.0900012917226878,1.113798077195357,1.113798077195357,98
5,E,148,False,7.800357327312091,0.2687480601108737,0.35308477823364776,0.35308477823364776,233
5,E,12,False,9.645127533592177,0.24751478925649686,0.33720455469586186,0.33720455469586186,248
5,E,463,False,9.072818186046174,1.10831020222633,1.1317220706365654,1.1317220706365654,90
5,E,243,False,9.335946628336721,1.1270331715879396,1.1500639593807453,1.1500639593807453,86
5,E,453,False,5.034025187316015,1.297475358976157,1.3175301317075272,1.3175301317075272,33
5,E,501,False,4.56040832544779,1.2808070280811619,1.3011187432317792,1.3011187432317792,42
5,E,45,False,9.848538614832247,0.2554312426812408,0.3430575178372125,0.3430575178372125,241
5,E,199,True,8.334788181212657,1.3520110858661385,1.3712685065704242,1.3712685065704242,23
5,E,73,False,5.1249387884083735,0.8502170915871,0.8805182812604028,0.8805182812604028,141
5,E,376,True,9.502394430355828,1.404841510995352,1.4233843514043036,1.4233843514043036,4
5,E,110,False,5.78678216651517,1.0903764768867705,1.1141652490339806,1.1141652490339806,95
5,E,214,True,8.096012795995614,1.367255721900696,1.3863013921500402,1.3863013921500402,18
5,E,470,False,8.189216162476104,0.3257564919419838,0.3981967263166464,0.3981967263166464,210
5,E,135,True,5.953691957391059,1.397823782899796,1.4164584952787151,1.4164584952787151,8
5,E,1,False,9.680771830356981,0.3669862288953809,0.4325762742058322,0.4325762742058322,192
5,E,287,False,8.065970515144754,1.30099156266044,1.3209929549095256,1.3209929549095256,32
5,E,372,False,9.06597587999109,1.0727917852196505,1.096961966178277,1.096961966178277,104
5,E,518,False,9.86966379326826,0.25634073685677905,0.3437352384891937,0.3437352384891937,240
5,E,441,False,7.2678730088347185,1.2299306567434434,1.2510686476785775,1.2510686476785775,56
5,E,476,False,9.458519912798064,0.9891268094808567,1.015290690413699,1.015290690413699,121
5,E,364,False,5.505628728417137,0.5935774979858394,0.6362213348529547,0.6362213348529547,167
5,E,421,False,6.108261466083595,0.2929290466185775,0.371820880478511,0.371820880478511,220
5,E,21,False,9.780050731456036,0.3124478458978287,0.38738481799515545,0.38738481799515545,214
5,E,74,False,5.137099431640755,0.857087207437365,0.8871537758245338,0.8871537758245338,139
5,E,498,False,8.790659886761835,1.1270628441331194,1.1500930377288539,1.1500930377288539,85
5,E,13,False,9.61429983849298,0.19931125074266437,0.3035923508251676,0.3035923508251676,257
5,E,46,False,8.283261954886221,0.3027761765168053,0.37962712478573246,0.37962712478573246,216
5,E,519,True,7.627787501892172,1.3881653629535486,1.4069280065841692,1.4069280065841692,10
5,E,437,False,5.956540549863764,0.9152575082755343,0.94347212320327,0.94347212320327,128
5,E,66,False,9.761468526067572,1.0306441188083073,1.055779636307264,1.055779636307264,113
5,E,264,False,6.011499900400524,0.9609967362514731,0.9879059003229659,0.9879059003229659,125
5,E,170,False,4.903101470257314,1.0584334212125708,1.0829241192007377,1.0829241192007377,108
5,E,417,False,7.823625455133515,0.8972919049543113,0.926054049990325,0.926054049990325,132
5,E,354,False,7.80557466133982,0.8970130470030695,0.9257838556059818,0.9257838556059818,133
5,E,23,False,10.605544006854085,0.25449135653060656,0.3423582792276751,0.3423582792276751,242
5,E,339,False,9.657630833551025,0.21267815863636594,0.31253054245609607,0.31253054245609607,256
5,E,67,False,10.417701324272358,0.3668327732763089,0.43244609416265317,0.43244609416265317,193
5,E,321,False,5.449066627975529,1.106681325309844,1.130126938266892,1.130126938266892,91
5,E,7,False,8.18082149218364,0.4267011296651496,0.4842697542325571,0.4842697542325571,180
5,E,483,False,9.653578033447777,0.9862673357036288,1.012505110250255,1.012505110250255,122
5,E,118,False,5.759539961396198,0.3075800795054673,0.38346948524691765,0.38346948524691765,215
5,E,94,False,5.782115353854468,1.0932747158562133,1.1170017659509006,1.1170017659509006,94
5,E,101,True,7.947963037535597,1.345832300805656,1.3651768833007658,1.3651768833007658,25
5,E,146,False,7.809470791377086,0.811086458688337,0.8427956954532538,0.8427956954532538,145
5,E,96,False,6.078548115652866,1.1638179711745062,1.1861347355320517,1.1861347355320517,73
5,E,150,False,7.878983776554165,1.2586190950571543,1.2792831458474845,1.2792831458474845,48
5,E,486,False,9.823358415239918,0.26308221533199294,0.34879161806289943,0.34879161806289943,237
5,E,98,False,5.578231697114938,1.1201857139180529,1.1433544395650213,1.1433544395650213,88
5,E,132,False,4.504875095860561,0.6721522085440198,0.7100929039622561,0.7100929039622561,156
5,E,88,True,6.761451544829354,1.346057171922507,1.3653985685106615,1.3653985685106615,24
5,E,298,False,5.110018064862642,1.2924623849178,1.3125937517885546,1.3125937517885546,37
5,E,494,False,10.702036447516306,0.25977519335897925,0.3463040454450994,0.3463040454450994,238
5,E,222,True,7.938667145060023,1.373456300755971,1.3924171612319431,1.3924171612319431,12
5,E,241,False,9.601386216017607,1.0608280699296677,1.0852647302652245,1.0852647302652245,107
5,E,408,False,5.52040241099473,1.1952260736659202,1.2169670118691787,1.2169670118691787,63
5,E,229,False,9.216875070976037,1.1252308659058832,1.1482978021376904,1.1482978021376904,87
5,E,456,False,6.743899378815179,0.5542556295479871,0.5997021291379429,0.5997021291379429,172
5,E,332,True,7.53439004260839,1.4027988257388735,1.4213683147943423,1.4213683147943423,5
5,E,130,False,4.405311187264935,0.9057421943403562,0.9342442204345874,0.9342442204345874,130
5,E,125,False,4.68179886085696,1.1890056015843313,1.21085823340549,1.21085823340549,66
5,E,336,False,9.571317522469283,0.2507517599405743,0.33958767044791516,0.33958767044791516,246
5,E,352,False,7.692603886625987,0.8890076531473224,0.9180293830599631,0.9180293830599631,135
5,E,410,False,5.913916353768441,1.075700118220264,1.09980638529972,1.09980638529972,101
5,E,329,False,6.25533614728803,1.284431738066054,1.3046870239863393,1.3046870239863393,38
5,E,99,False,5.769499505781031,1.2026155474334745,1.2242252634771356,1.2242252634771356,62
5,E,368,True,6.315163872645538,1.4112449381288152,1.4297047304255344,1.4297047304255344,1
5,E,86,False,5.9690465107572,0.6827511987818096,0.7201336960904859,0.7201336960904859,154
5,E,262,False,6.012373983770255,0.3625678006301374,0.42883417641405575,0.42883417641405575,195
5,E,147,False,6.898051048629048,1.1630028851794585,1.185334995578335,1.185334995578335,74
5,E,305,False,4.897182018517831,1.0160178176533754,1.0415063833678957,1.0415063833678957,114
5,E,266,False,7.5102756831805895,0.31289072782838956,0.38774211580369466,0.38774211580369466,213
5,E,517,False,9.806249818935965,0.28039403371902355,0.36202783726140636,0.36202783726140636,226
5,E,523,False,8.243976117221244,0.40839287238379995,0.4682179823766246,0.4682179823766246,185
5,E,413,False,9.329801314417383,0.6747673803430618,0.7125688446613314,0.7125688446613314,155
5,E,280,False,8.806612621683453,0.6131119312341032,0.6544842099153791,0.6544842099153791,163
5,E,306,False,8.902049547109883,0.4018725107368669,0.46254173400126786,0.46254173400126786,186
5,E,409,False,5.262234888612551,1.0891847794629597,1.1129990227402369,1.1129990227402369,99
5,E,263,False,6.247526577763004,1.00918417800074,1.034841072790395,1.034841072790395,118
5,E,68,False,10.484578684836773,0.3512812266219822,0.41933499852026523,0.41933499852026523,201
5,E,79,False,7.120635418851388,1.3085237808625412,1.3284117681990573,1.3284117681990573,31
5,E,100,False,5.497716295546683,1.1374867959074693,1.1603101101303854,1.1603101101303854,80
5,E,265,False,7.4702897091329765,0.3404904963386479,0.41033781071683517,0.41033781071683517,203
5,E,218,True,7.9754538620492585,1.364051034825178,1.3831408339046987,1.3831408339046987,20
5,E,314,False,7.533072758939422,0.9593470773135708,0.9863012499013863,0.9863012499013863,126
5,E,188,False,7.628873758810591,1.046751194488519,1.0715089378862352,1.0715089378862352,110
5,E,121,False,9.155737855781318,1.0446949808750146,1.0695003243909715,1.0695003243909715,111
5,E,157,False,9.25669908191545,0.774662807784624,0.8078030741286542,0.8078030741286542,147
5,E,52,False,6.594355357379995,1.2579643409969692,1.2786389732942156,1.2786389732942156,49
5,E,244,False,9.65987636377295,0.27368951230381844,0.3568603227483386,0.3568603227483386,230
5,E,231,False,8.904250291347811,0.8345629832987103,0.8654124530531033,0.8654124530531033,144
5,E,273,False,9.761836703652426,0.25854312742516206,0.34538078919611326,0.34538078919611326,239
5,E,84,False,5.716028861816382,1.26579011593266,1.2863389749205936,1.2863389749205936,46
5,E,367,False,5.583317287351018,0.24985810836826575,0.3389283333159305,0.3389283333159305,247
5,E,221,True,8.145190801169871,1.3722762240049193,1.3912531673912358,1.3912531673912358,13
5,E,240,False,8.07532940923522,0.3282171583415088,0.40021224848412806,0.40021224848412806,209
5,E,524,True,5.298227110477006,1.3589071533696033,1.3780682103169006,1.3780682103169006,21
5,E,371,False,11.639964955175968,0.2277443982349917,0.3229719054877141,0.3229719054877141,251
5,E,85,False,5.748914820803494,1.1168216023411026,1.1400586968497257,1.1400586968497257,89
5,E,209,False,6.279423263329499,0.2951774095788879,0.3735947589737427,0.3735947589737427,218
5,E,105,False,6.166383263549847,1.0157748315004875,1.0412693451344808,1.0412693451344808,115
5,E,350,False,7.691015905058068,0.8846616826877042,0.9138214451536946,0.9138214451536946,138
5,E,80,False,6.533089726266301,1.2949910301531433,1.3150836889658566,1.3150836889658566,35
5,E,419,False,4.518032830494899,1.2812572377200404,1.3015619270772079,1.3015619270772079,40
5,E,183,False,6.686281377627669,0.633318126174685,0.6734502132662523,0.6734502132662523,158
5,E,230,False,8.420835250486777,0.3534240573046322,0.4211316956589879,0.4211316956589879,200
5,E,109,False,9.723469565341725,0.3750691884785737,0.43945447654213543,0.43945447654213543,190
5,E,48,False,9.049119713301788,1.073135207459684,1.0972978238821425,1.0972978238821425,102
5,E,303,False,6.57031937420725,1.1411192125748364,1.1638712979167245,1.1638712979167245,79
5,E,54,False,3.5900853587372072,1.2043104390515595,1.2258902782939045,1.2258902782939045,61
5,E,162,False,9.658108392305806,0.5582591625753885,0.6034042040011989,0.6034042040011989,171
5,E,378,True,4.819564919776894,1.3290216068163245,1.348607345446254,1.348607345446254,28
5,E,466,False,9.859308431383202,0.32968882978488906,0.4014200608986501,0.4014200608986501,206
5,E,525,False,5.958510197991223,1.2699704714974436,1.2904527652271454,1.2904527652271454,45
5,E,300,False,4.662307613862111,0.6271268197091552,0.667631177226967,0.667631177226967,160
5,E,235,False,9.581309015153924,1.0730140200273997,1.0971793053016936,1.0971793053016936,103
5,E,422,False,6.351266180312639,1.0030027833080022,1.0288138432829068,1.0288138432829068,120
5,E,220,True,8.145190801169871,1.3722762240049193,1.3912531673912358,1.3912531673912358,14
5,E,224,False,5.472216465433,0.2780961469654974,0.3602510343690937,0.3602510343690937,227
5,E,123,True,8.073262243770229,1.312086812223688,1.3319215981499308,1.3319215981499308,30
5,E,450,False,7.7142365829154835,0.6535039405124896,0.6924671407888594,0.6924671407888594,157
5,E,145,False,8.313774455444188,1.2409420122856922,1.2618955656719812,1.2618955656719812,51
5,E,380,False,9.077298916496655,0.5624611926933938,0.607293943731552,0.607293943731552,170
5,E,516,False,8.372326120233863,1.2361152504307469,1.257149256514283,1.257149256514283,55
5,E,62,False,7.420152204538152,0.368161492752255,0.4335737832855155,0.4335737832855155,191
5,E,20,False,8.261868109604869,0.35495755329825934,0.4224194662304675,0.4224194662304675,199
5,E,153,False,9.786224022923253,0.6237648088987964,0.6644741361614449,0.6644741361614449,161
5,E,242,False,9.530801535572607,1.0555980037624135,1.0801529921053492,1.0801529921053492,109
5,E,325,True,6.0598414425756655,1.401449550021607,1.4200366833510714,1.4200366833510714,7
5,E,95,False,5.584389411251633,1.1285963664389238,1.15159589229299,1.15159589229299,83
5,E,426,False,7.068925102503119,1.0387042765120889,1.0636493382931465,1.0636493382931465,112
5,E,104,False,7.333216294884027,1.1530177734128926,1.1755395895557796,1.1755395895557796,75
5,E,505,False,6.901757934766054,1.2972591499952872,1.317317214285702,1.317317214285702,34
5,E,539,False,5.235575292871571,1.281142004614757,1.3014484917949172,1.3014484917949172,41
5,E,225,False,7.421598645699592,1.165516483607619,1.187801336237679,1.187801336237679,72
5,E,375,False,9.27263476895425,0.5889187160045346,0.6318770409402261,0.6318770409402261,168
5,E,253,False,9.35937075607575,0.2680686769297956,0.3525679457322199,0.3525679457322199,234
5,E,172,False,4.876509883938675,0.9557435554068724,0.9827965631343629,0.9827965631343629,127
5,E,106,True,7.609831149195161,1.4058155141340132,1.4243456745421128,1.4243456745421128,3
5,E,75,False,9.428417444121816,0.5241437093781788,0.5719877349101667,0.5719877349101667,175
5,E,18,False,8.11220391967015,0.40871732390915483,0.4685010049833484,0.4685010049833484,184
5,E,379,False,8.957000164844827,0.3966295477856362,0.45799381980937764,0.45799381980937764,187
5,E,276,False,8.41239298596675,1.1446464772155784,1.1673298156943392,1.1673298156943392,78
5,E,161,False,9.03487520339294,0.8469656787829648,0.8773791665199457,0.8773791665199457,142
5,E,334,False,9.727526452919594,0.7231529540436035,0.7585469898094227,0.7585469898094227,151
5,E,141,False,7.851159257835288,0.47815054884546815,0.5301615679848634,0.5301615679848634,178
5,E,465,False,8.40509254985228,0.34437054391586686,0.41356306934233916,0.41356306934233916,202
5,E,43,True,6.96061607292452,1.3164189437589082,1.3361894238072183,1.3361894238072183,29
5,E,403,False,4.67230918847,0.9017823443496199,0.9304056843053158,0.9304056843053158,131
5,E,489,False,8.367033012400896,0.5080524900245988,0.557279708429386,0.557279708429386,176
5,E,61,False,7.727755310882148,0.8878076378207778,0.916867352772393,0.916867352772393,137
5,E,351,False,7.688497115631862,0.88798899835991,0.9170429662863037,0.9170429662863037,136
5,E,468,False,9.37024353612367,1.0137417010674676,1.039286090203323,1.039286090203323,116
5,E,268,False,9.710055573983718,0.34014796053622776,0.4100536255953623,0.4100536255953623,204
5,E,459,False,9.679955693198186,0.32946961674412795,0.40124003933365,0.40124003933365,207
5,E,345,False,7.594483799068218,0.2926313445419092,0.37158638916859155,0.37158638916859155,221
5,E,137,False,7.2461168314349305,1.1713349318175257,1.193511149216007,1.193511149216007,71
5,E,328,True,6.144767233146591,1.407670767312104,1.4261768228210672,1.4261768228210672,2
5,E,343,True,8.186889040039876,1.3951960945071318,1.4138654401798283,1.4138654401798283,9
5,E,97,False,5.308139618112612,1.127504713366817,1.1505260620565423,1.1505260620565423,84
5,E,90,False,6.471914611801109,1.1447181267824644,1.1674000730646288,1.1674000730646288,77
5,E,423,False,9.875731855690514,0.2510605762019359,0.3398157643926992,0.3398157643926992,245
5,E,64,False,10.296541618725094,1.217105102823238,1.238462018846485,1.238462018846485,59
5,E,207,True,5.473065900556319,1.3866452170696841,1.4054281549866496,1.4054281549866496,11
5,E,508,False,6.3527840232910355,0.9620265776419515,0.9889077191004387,0.9889077191004387,124
5,E,475,False,9.913254610399573,0.2861235326331382,0.3664833103067764,0.3664833103067764,224
5,E,310,False,5.963938125967681,1.065705503755726,1.0900328259012166,1.0900328259012166,106
6,E,322,True,6.751098079183948,1.185803952520815,1.210625393761181,1.210625393761181,22
6,E,65,False,10.256238189029851,0.9835175808745092,1.0133063022081101,1.0133063022081101,84
6,E,542,False,9.158857658258917,0.33520838524949004,0.4145449212654734,0.4145449212654734,180
6,E,384,False,6.372060536796838,0.4887381763944247,0.5462122621021747,0.5462122621021747,147
6,E,6,False,9.829392789298694,0.39543789429814274,0.4646008592893217,0.4646008592893217,157
6,E,144,False,7.84515784385234,0.31042151879422597,0.394771262297474,0.394771262297474,188
6,E,297,False,9.62077034584022,0.5772141444843988,0.6266250863142039,0.6266250863142039,139
6,E,478,False,9.895253925016501,0.2924656896826655,0.3808136156270994,0.3808136156270994,197
6,E,530,True,7.625335027540886,1.2871621427251003,1.3100645830912683,1.3100645830912683,2
6,E,385,False,8.469905696273134,0.3713139529152097,0.4442486711684634,0.4442486711684634,168
6,E,252,False,9.333040467482613,0.618523750263168,0.6648717619549207,0.6648717619549207,133
6,E,111,False,6.0302715575381125,1.0942719970584927,1.121121774720217,1.121121774720217,51
6,E,326,False,6.650889566540299,1.018277001954558,1.047077305128418,1.047077305128418,69
6,E,108,False,9.042169028148695,0.4362785498925567,0.49982177153639384,0.49982177153639384,151
6,E,156,False,9.161212269722238,0.5623792920853711,0.6129871926654504,0.6129871926654504,140
6,E,388,False,8.559072642871143,0.29536003173608516,0.38304096197739507,0.38304096197739507,195
6,E,19,False,9.699578699327777,0.3293118108484791,0.4097915311103092,0.4097915311103092,182
6,E,356,False,7.745631870584518,0.9032622985872278,0.935609753184793,0.935609753184793,95
6,E,127,False,6.982831654759224,1.001163169237324,1.0304419060008914,1.0304419060008914,73
6,E,496,True,6.258255358715596,1.2759404804812642,1.2990407768565952,1.2990407768565952,4
6,E,47,False,8.904551668312827,0.9898670898192318,1.0194702966308642,1.0194702966308642,80
6,E,451,False,6.88587913792411,1.0552470246673156,1.0830646856373118,1.0830646856373118,61
6,E,464,False,9.626666919644594,0.28581772991847076,0.37573209197668345,0.37573209197668345,199
6,E,319,False,5.506557118923811,1.146276213471373,1.1719351465741166,1.1719351465741166,36
6,E,138,True,7.16310439344393,1.167151483317445,1.1923612771368999,1.1923612771368999,28
6,E,495,False,8.745445962195086,0.8686803691046813,0.9022684821455709,0.9022684821455709,106
6,E,404,False,5.26470644325493,1.0785958041414458,1.1058262697715946,1.1058262697715946,56
6,E,238,True,9.49355847222422,1.219676401421012,1.2438220750528335,1.2438220750528335,15
6,E,283,False,5.585169924344552,0.6408163113851406,0.6856590808431582,0.6856590808431582,125
6,E,270,False,9.595455105373151,0.3511146752832431,0.427509468204722,0.427509468204722,174
6,E,474,False,9.725024383330407,0.2346227951482404,0.33842382630157736,0.33842382630157736,223
6,E,89,False,6.621518108607561,1.1377664078103764,1.1636130065219943,1.1636130065219943,39
6,E,484,False,8.22970229488976,0.3157970335105214,0.3990120256075904,0.3990120256075904,186
6,E,382,False,5.814442905738349,0.7563822116632506,0.7947306967306708,0.7947306967306708,118
6,E,239,False,9.83042812884534,0.28579863536037553,0.37571756703577214,0.37571756703577214,200
6,E,226,True,9.064586256588827,1.178853787320603,1.2038185420093663,1.2038185420093663,24
6,E,87,False,5.95958650487037,0.7320949964758142,0.7716514200533485,0.7716514200533485,120
6,E,24,False,10.68553817058643,0.23753158069973548,0.34044688577683,0.34044688577683,222
6,E,490,False,8.14310004105023,0.23274131765131176,0.33712216057016453,0.33712216057016453,224
6,E,538,False,8.27576281112358,0.3734202173072319,0.4460106376525198,0.4460106376525198,166
6,E,124,False,7.4041197512622166,0.37879905285425836,0.4505236427189035,0.4505236427189035,164
6,E,10,False,8.131320565034196,0.44012034849931764,0.5031786475682248,0.5031786475682248,149
6,E,169,False,5.961169736761644,0.5492056289380496,0.6009239994064687,0.6009239994064687,141
6,E,15,False,9.673462712899282,0.19628190716670207,0.31306455769764946,0.31306455769764946,229
6,E,304,True,6.444116754754054,1.2963147188427644,1.319058255155481,1.319058255155481,1
6,E,506,False,5.766658156544592,1.1292843108279271,1.1553206848695878,1.1553206848695878,43
6,E,330,True,6.642072317090327,1.223814640577168,1.2478802445332844,1.2478802445332844,13
6,E,412,False,5.1476148836251765,0.7029629851092469,0.7440697471602581,0.7440697471602581,122
6,E,236,False,9.314358255389841,1.0942511584426333,1.1211014351781343,1.1211014351781343,52
6,E,25,False,10.63729379719321,0.3014772104835946,0.38777743442134,0.38777743442134,192
6,E,338,False,9.731275846188911,0.2071199799807266,0.31997111793510924,0.31997111793510924,228
6,E,461,True,9.169773412654433,1.1922766883135996,1.2169661177294424,1.2169661177294424,19
6,E,120,False,8.615716691390517,0.9070362133721565,0.9392537051158899,0.9392537051158899,94
6,E,44,False,6.082694378616065,0.6259366180646293,0.6717733844382439,0.6717733844382439,130
6,E,143,False,7.7769542051066445,0.4381966737278694,0.501496914319117,0.501496914319117,150
6,E,256,False,6.418314956217837,0.7778954890670329,0.8152326184079396,0.8152326184079396,116
6,E,259,False,9.04735249648191,0.9985418888078224,1.0278952932615852,1.0278952932615852,75
6,E,246,False,9.583104726954405,0.28221488387873156,0.37299875453962705,0.37299875453962705,204
6,E,11,False,9.66608303784988,0.3068291619360083,0.39195275840307614,0.39195275840307614,191
6,E,374,False,9.200896468573955,0.6318131220674182,0.6772522804849057,0.6772522804849057,127
6,E,232,True,9.679260936816558,1.2342281225457654,1.258094546800149,1.258094546800149,11
6,E,49,False,9.035928661118458,1.0032450730895233,1.0324647727084106,1.0324647727084106,72
6,E,401,False,5.645895059959452,0.830802870209085,0.8658615589995209,0.8658615589995209,112
6,E,29,True,5.302274493746387,1.1788248679389788,1.203790222371314,1.203790222371314,25
6,E,455,False,6.460432241261345,0.2860170232721791,0.37588371580437646,0.37588371580437646,198
6,E,4,True,7.117564904637673,1.169178675335335,1.1943456807241009,1.1943456807241009,27
6,E,491,False,9.722175778474957,0.22541348021196927,0.33210550622761265,0.33210550622761265,225
6,E,535,False,9.879485185920046,0.6298532621759131,0.6754242830096253,0.6754242830096253,128
6,E,387,False,8.274749755648863,0.39427493241614747,0.4636114240796754,0.4636114240796754,158
6,E,271,False,9.713769337137196,0.24966964782104967,0.3490240152890829,0.3490240152890829,219
6,E,327,False,5.750342743287503,0.26511829389887376,0.36023678319305014,0.36023678319305014,213
6,E,509,False,6.452355800381078,0.8593906808990294,0.8933281438651333,0.8933281438651333,107
6,E,17,False,9.632097371049857,0.26398565738808494,0.35940403101808194,0.35940403101808194,215
6,E,348,False,7.696962215799927,0.8065435550134269,0.8426122099394975,0.8426122099394975,113
6,E,534,False,5.770026172859984,0.34707920277644644,0.42420137105549366,0.42420137105549366,175
6,E,233,False,9.772675115091726,1.0806667597072472,1.107846323161109,1.107846323161109,54
6,E,428,False,9.855255954008335,0.522508813420259,0.5766266472400265,0.5766266472400265,145
6,E,341,False,9.660770040262763,0.27987365498298633,0.37123051189114653,0.37123051189114653,205
6,E,527,False,9.020894912975919,1.0236980500821997,1.0523500025882668,1.0523500025882668,67
6,E,399,False,5.9345131546159235,0.961240467068823,0.9916985760482446,0.9916985760482446,87
6,E,467,False,9.786177886632574,0.37765864581423925,0.44956521547343054,0.44956521547343054,165
6,E,16,False,8.333386979877556,0.26010273220935043,0.35656172187742763,0.35656172187742763,217
6,E,462,False,9.653433693031328,0.7757495471429632,0.8131852126655646,0.8131852126655646,117
6,E,248,True,10.294829297052104,1.1918416585739071,1.2165399168616,1.2165399168616,20
6,E,405,False,5.26470644325493,1.0785958041414458,1.1058262697715946,1.1058262697715946,57
6,E,148,False,7.804864416154497,0.28468398155260943,0.3748703770079379,0.3748703770079379,202
6,E,12,False,9.632276643820914,0.25985350835540505,0.3563799601689741,0.3563799601689741,218
6,E,463,False,9.116563900581461,1.0993489896295214,1.126077719877663,1.126077719877663,49
6,E,243,False,9.314493089696228,1.1162318345235018,1.1425656824047927,1.1425656824047927,46
6,E,453,True,4.93775691605668,1.2679851596623866,1.29122778599652,1.29122778599652,5
6,E,501,False,4.848936479894018,0.9945594203924079,1.0240269873869094,1.0240269873869094,77
6,E,45,False,9.79790372564768,0.27017515772764067,0.3639745129244389,0.3639745129244389,210
6,E,73,False,4.807955633173562,0.8521873519365387,0.8864006503867408,0.8864006503867408,110
6,E,110,False,6.036763186291576,1.0824675374131945,1.1096029919564983,1.1096029919564983,53
6,E,470,False,8.204058041978676,0.34132279915258884,0.41950456901777067,0.41950456901777067,179
6,E,1,False,9.635019198872424,0.38336842888677064,0.45437229500987175,0.45437229500987175,162
6,E,287,False,7.26259117333428,0.24296722214007946,0.34426138505486453,0.34426138505486453,220
6,E,372,False,8.835878146031117,0.9890316175372322,1.0186591042609598,1.0186591042609598,81
6,E,518,False,9.814698136588772,0.2709690027389809,0.36456416534100666,0.36456416534100666,208
6,E,441,True,7.666531522345923,1.2212170394071178,1.2453328420722363,1.2453328420722363,14
6,E,476,False,9.586243560227384,0.9750735274709149,1.0051125380672554,1.0051125380672554,86
6,E,364,False,5.55051202139445,0.6116294698384673,0.65846293637555,0.65846293637555,135
6,E,421,False,6.126108919030508,0.30842467050277156,0.3932030106448452,0.3932030106448452,190
6,E,21,False,9.756887170110488,0.32769638610744356,0.4084944940550677,0.4084944940550677,183
6,E,74,False,4.8199551356755155,0.8584070448196238,0.8923819164468689,0.8923819164468689,109
6,E,498,False,8.057019196046529,0.9783861064640909,1.008326436987244,1.008326436987244,85
6,E,13,False,9.614425537401948,0.20985168331839113,0.321746109839714,0.321746109839714,227
6,E,46,False,8.287841288945778,0.31983889867500925,0.40221853675715874,0.40221853675715874,185
6,E,437,False,6.051830780509487,0.8905190844085779,0.9233130941892456,0.9233130941892456,97
6,E,66,False,9.65740581280151,0.9864382412931199,1.0161413455277226,1.0161413455277226,83
6,E,264,False,6.147511715652593,0.9434622802263728,0.9744762205489541,0.9744762205489541,90
6,E,170,False,5.083497379552533,1.0357850348590376,1.0641115865562996,1.0641115865562996,64
6,E,417,False,7.77292827903452,0.8878297479314711,0.9207195509586437,0.9207195509586437,98
6,E,354,False,7.71633441202019,0.8837347680520488,0.9167714930501686,0.9167714930501686,99
6,E,23,False,10.625857684213395,0.26624318743639713,0.36106545813982194,0.36106545813982194,211
6,E,339,False,9.65176412261007,0.22396536051586907,0.331124316407645,0.331124316407645,226
6,E,67,False,10.39174586086372,0.3844324038965182,0.4552703629395205,0.4552703629395205,161
6,E,321,False,5.600904720076695,1.110090109011434,1.1365662674610946,1.1365662674610946,48
6,E,7,False,8.173448486699442,0.4465337099781053,0.5087977833601849,0.5087977833601849,148
6,E,483,False,9.761738114028827,0.9521108583963332,0.982851930293485,0.982851930293485,89
6,E,118,False,5.749476571275808,0.32451054449431055,0.40594325181411867,0.40594325181411867,184
6,E,94,False,5.880899341518477,1.0968793781129278,1.1236668546926312,1.1236668546926312,50
6,E,146,False,7.760297183879183,0.8366239563366069,0.8714484921793966,0.8714484921793966,111
6,E,96,False,6.278377603652855,1.1546957624785161,1.1801716545025425,1.1801716545025425,34
6,E,150,False,7.103596100406187,0.4073033034545396,0.47474078317583773,0.47474078317583773,156
6,E,486,False,9.779156415682888,0.2781896499039736,0.3699625812418364,0.3699625812418364,206
6,E,98,False,5.679972210839891,1.123482985365005,1.1496507507108806,1.1496507507108806,44
6,E,132,False,4.466251990442634,0.6537249410776654,0.6977385819864228,0.6977385819864228,124
6,E,298,True,4.7490373663257515,1.2612401035166871,1.284604775378097,1.284604775378097,7
6,E,494,False,10.669199523109185,0.2726204157887679,0.3657932767428451,0.3657932767428451,207
6,E,241,False,9.643782607203047,1.046970807719637,1.0750026522862797,1.0750026522862797,62
6,E,408,True,5.2388295105850915,1.165931320541366,1.1911669381009364,1.1911669381009364,30
6,E,229,False,9.282050142198013,1.1156791903628516,1.1420257816766377,1.1420257816766377,47
6,E,456,False,6.704807513637081,0.5778427500635568,0.627204172504011,0.627204172504011,138
6,E,130,False,4.398392348049076,0.8796678115328332,0.9128517343207445,0.9128517343207445,103
6,E,125,True,4.798433295800084,1.1859370534834237,1.2107557660529114,1.2107557660529114,21
6,E,336,False,9.563652103384715,0.2634450042205826,0.3590071036263904,0.3590071036263904,216
6,E,352,False,7.626807275082682,0.8815663820390283,0.9146814287755103,0.9146814287755103,101
6,E,410,False,5.932097851226944,1.0660628041389173,1.0936053824730192,1.0936053824730192,59
6,E,329,False,6.73004794338792,1.0222999742414531,1.0509900415986362,1.0509900415986362,68
6,E,99,True,6.002198586225687,1.196102735990556,1.2207147845625206,1.2207147845625206,17
6,E,86,False,5.95867545268951,0.7090678616783697,0.7498400247189814,0.7498400247189814,121
6,E,262,False,6.021546646252488,0.37921227846508265,0.45087113718235106,0.45087113718235106,163
6,E,147,False,6.8667952152941485,1.1355813104726853,1.1614765356649648,1.1614765356649648,40
6,E,305,False,5.085800158768542,1.0163019572472427,1.0451566861050086,1.0451566861050086,71
6,E,266,False,7.509507899174395,0.3296054461304791,0.41002753605617653,0.41002753605617653,181
6,E,517,False,9.755682582684466,0.29577362183400535,0.38335996866943767,0.38335996866943767,194
6,E,523,False,8.257105092152578,0.4297902132730145,0.4941684506630206,0.4941684506630206,152
6,E,413,False,9.307274959757915,0.6655311168140113,0.7088120326667234,0.7088120326667234,123
6,E,280,False,8.801175052012274,0.6269806552670002,0.6727462911710952,0.6727462911710952,129
6,E,306,False,8.859322753322491,0.4217755739695123,0.48721398276603123,0.48721398276603123,154
6,E,409,False,5.4781118333666186,1.080045548565953,1.1072403610700603,1.1072403610700603,55
6,E,263,False,6.3100954414735995,0.9971701108894636,1.0265627405359754,1.0265627405359754,76
6,E,68,False,10.445004718492342,0.36819273780938977,0.4416432071038805,0.4416432071038805,170
6,E,79,True,6.865618758508954,1.2672363988641342,1.2904925109474934,1.2904925109474934,6
6,E,100,False,5.622552350765087,1.140403815073645,1.1661919617455574,1.1661919617455574,38
6,E,265,False,7.479527980609884,0.3584002182096825,0.4335130293522618,0.4335130293522618,172
6,E,314,False,7.460059074329189,0.9348810580895934,0.9661704937432859,0.9661704937432859,91
6,E,188,False,7.614627290440435,1.0240646185821571,1.0527065940884224,1.0527065940884224,66
6,E,121,False,8.630364476425964,0.913797901363139,0.9457850890879513,0.9457850890879513,93
6,E,157,False,9.203310461636928,0.7811502088508858,0.8183388534056106,0.8183388534056106,115
6,E,52,True,6.25331657536572,1.2345866218737132,1.2584462472092217,1.2584462472092217,10
6,E,244,False,9.630559119520193,0.28523558942382976,0.37528945053036944,0.37528945053036944,201
6,E,231,False,8.883787188130281,0.8586384290059242,0.8926044935867109,0.8926044935867109,108
6,E,273,False,9.71420487991614,0.27021474420416713,0.3640038985927905,0.3640038985927905,209
6,E,84,True,5.91719110361613,1.232748837678571,1.2566433571237683,1.2566433571237683,12
6,E,367,False,5.588291460728453,0.2648898094246026,0.36006866198327964,0.36006866198327964,214
6,E,240,False,8.087385174346089,0.34288288158592906,0.42077488124898477,0.42077488124898477,177
6,E,371,False,11.630217661723387,0.24230033663707443,0.34379104604376565,0.34379104604376565,221
6,E,85,False,5.897817525359398,1.120211132371514,1.146453580087086,1.146453580087086,45
6,E,209,False,6.296097088161663,0.3110344237528171,0.3952533908326075,0.3952533908326075,187
6,E,105,False,6.294515268479823,1.0174922460750258,1.0463141502570956,1.0463141502570956,70
6,E,350,False,7.66241179766033,0.8786405228751222,0.9118618308952815,0.9118618308952815,104
6,E,80,True,6.431499986878171,1.2594800690612151,1.2828767963323175,1.2828767963323175,8
6,E,419,False,4.805022855259577,0.9941265276289594,1.0236065568083468,1.0236065568083468,79
6,E,183,False,6.620124924679336,0.6185693093120147,0.6649141453061214,0.6649141453061214,132
6,E,230,False,8.44268347062641,0.3700272860476629,0.4431738063392578,0.4431738063392578,169
6,E,109,False,9.69016284999795,0.39148949255864357,0.46124489481104425,0.46124489481104425,159
6,E,48,False,8.857537173907469,0.9945228758259291,1.0239914944698043,1.0239914944698043,78
6,E,303,True,6.4651275923906635,1.173183972665727,1.1982668583938905,1.1982668583938905,26
6,E,54,False,3.1080010505761013,1.1606617481449848,1.1860094956670453,1.1860094956670453,31
6,E,162,False,9.54620044202895,0.5464290269403482,0.5983874260781243,0.5983874260781243,143
6,E,466,False,9.807801803249458,0.34248491193970976,0.42045064527454085,0.42045064527454085,178
6,E,525,False,6.922801895665788,0.8943201582659904,0.9269797061890477,0.9269797061890477,96
6,E,300,False,4.650468542147953,0.6150629362669164,0.6616534181689897,0.6616534181689897,134
6,E,235,False,9.624454041277836,1.0621066616135009,1.089749233011523,1.089749233011523,60
6,E,422,False,6.4182594439915714,0.989010271328024,1.0186383789145974,1.0186383789145974,82
6,E,224,False,5.467667906097837,0.2942278536182054,0.3821686277681661,0.3821686277681661,196
6,E,450,False,7.6646818301768285,0.6404668930321301,0.6853325260599098,0.6853325260599098,126
6,E,145,True,8.526393000960809,1.19898936833344,1.2235433525552124,1.2235433525552124,16
6,E,380,False,9.032143783731845,0.5829162817256058,0.6318814934038129,0.6318814934038129,137
6,E,516,True,8.554469599677851,1.1933875514660373,1.2180544643814295,1.2180544643814295,18
6,E,62,False,7.442314014796078,0.3868733376838446,0.45733336814195513,0.45733336814195513,160
6,E,20,False,8.280923968292607,0.37340140822113765,0.4459948899561022,0.4459948899561022,167
6,E,153,False,9.64850463262669,0.6213457810989277,0.667497872577032,0.667497872577032,131
6,E,242,False,9.578786011080703,1.0415122180686318,1.0696871180825114,1.0696871180825114,63
6,E,95,False,5.676476734093002,1.1324986164411588,1.158462751428187,1.158462751428187,41
6,E,426,False,7.108951385157377,1.0297557762537854,1.0582437285112838,1.0582437285112838,65
6,E,104,False,7.10731792776288,1.1584650747324365,1.1838598563935923,1.1838598563935923,32
6,E,505,True,7.16280367362268,1.2863285142254142,1.309245537214005,1.309245537214005,3
6,E,539,True,5.365620359666601,1.2382994877132465,1.2620889237594615,1.2620889237594615,9
6,E,225,True,7.482239487613766,1.166831258210897,1.1920478242685786,1.1920478242685786,29
6,E,375,False,9.214241955846537,0.6105807175667602,0.6574888918223386,0.6574888918223386,136
6,E,253,False,9.356716872486437,0.28307796653441525,0.3736521983645842,0.3736521983645842,203
6,E,172,False,5.0485511871029765,0.9545984173898431,0.9852618782276213,0.9852618782276213,88
6,E,75,False,9.400236315978795,0.548331914911764,0.6001255861202961,0.6001255861202961,142
6,E,18,False,8.092181274596259,0.42734319592503145,0.49204170281475823,0.49204170281475823,153
6,E,379,False,8.918959765938563,0.41498762706266523,0.48134972818162963,0.48134972818162963,155
6,E,276,False,8.595604458979427,1.1457875233093362,1.1714571604530701,1.1714571604530701,37
6,E,161,False,8.878196613019774,0.8059716371567541,0.8420647897320999,0.8420647897320999,114
6,E,334,False,9.672949817128243,0.7439281352606135,0.7828869015622631,0.7828869015622631,119
6,E,141,False,7.742056193822204,0.497480906682557,0.5540488089682406,0.5540488089682406,146
6,E,465,False,8.38121216585626,0.359589009810705,0.4344963592276353,0.4344963592276353,171
6,E,403,False,4.788131725263936,0.876507367558378,0.9098065704255738,0.9098065704255738,105
6,E,489,False,8.332695181077836,0.5278449498286327,0.5814663543705851,0.5814663543705851,144
6,E,61,False,7.69268937254227,0.8816085161491716,0.914722037534994,0.914722037534994,100
6,E,351,False,7.655504529813703,0.8805685665515601,0.913719776848513,0.913719776848513,102
6,E,468,False,9.457873789091416,0.999045867279108,1.0283848866707894,1.0283848866707894,74
6,E,268,False,9.621358832492238,0.3551355144536523,0.4308179010111898,0.4308179010111898,173
6,E,459,False,9.695739568753298,0.34517015969508896,0.42264082783063,0.42264082783063,176
6,E,345,False,7.592587769529747,0.3087139001535218,0.3934299205111701,0.3934299205111701,189
6,E,137,False,7.1346129225509145,1.1566753479273302,1.1821085782229301,1.1821085782229301,33
6,E,97,False,5.441147776555682,1.1319252104589965,1.1579022032443287,1.1579022032443287,42
6,E,90,False,6.667492010102876,1.1521436164165046,1.1776747186955867,1.1776747186955867,35
6,E,423,False,9.846889937495856,0.2656039602817767,0.36059436202302253,0.36059436202302253,212
6,E,64,True,10.272419622712906,1.1808915228099603,1.2058140896713117,1.2058140896713117,23
6,E,508,False,6.498951303510045,0.9255383987755867,0.9571333020084005,0.9571333020084005,92
6,E,475,False,9.916424754322412,0.30101678221099254,0.3874195831112402,0.3874195831112402,193
6,E,310,False,6.092921454637638,1.0685585385962437,1.0960384028912342,1.0960384028912342,58
7,E,65,False,9.302741071571836,1.0380284253906795,1.0625280683413698,1.0625280683413698,62
7,E,542,False,8.974475818930477,0.3067829788429122,0.3815477430177246,0.3815477430177246,152
7,E,384,False,6.4881198204368244,0.45383940687450247,0.5073786468963678,0.5073786468963678,115
7,E,6,False,9.780884058106434,0.37031021031389366,0.4342724213634905,0.4342724213634905,127
7,E,144,False,7.844353625267065,0.29402988928873436,0.3713710541888453,0.3713710541888453,157
7,E,297,False,9.731768887977669,0.67033434418978,0.7076800245128665,0.7076800245128665,96
7,E,478,False,9.779454052373657,0.27626938591065775,0.35747399581737527,0.35747399581737527,165
7,E,385,False,8.528863199818321,0.3562567858085553,0.42235267434791,0.42235267434791,134
7,E,252,False,9.231222946846312,0.8109438183824796,0.8420764577322805,0.8420764577322805,83
7,E,111,True,6.11760517197324,1.2319022764733072,1.2526157043859483,1.2526157043859483,8
7,E,326,True,6.665594003957987,1.2830394910911755,1.3029402211128842,1.3029402211128842,6
7,E,108,False,8.792356613406668,0.39734632830754635,0.45754452101809423,0.45754452101809423,122
7,E,156,False,9.232621781011753,0.5237946052762673,0.5708096640831422,0.5708096640831422,109
7,E,388,False,8.556709786444864,0.28099241579671397,0.36113656949893935,0.36113656949893935,162
7,E,19,False,9.661132463618076,0.31761823748673046,0.390312988354687,0.390312988354687,149
7,E,356,False,7.805541485923723,0.9531063818504746,0.9797319323255171,0.9797319323255171,66
7,E,127,False,8.124572082206607,0.7764752277043474,0.80893551246852,0.80893551246852,88
7,E,47,False,8.66190532156019,1.080497288340973,1.1040549235461,1.1040549235461,48
7,E,451,True,6.065437713867683,1.2182576769018993,1.2391991976371681,1.2391991976371681,12
7,E,464,False,9.624742008196531,0.26959253650727283,0.3523393532301127,0.3523393532301127,169
7,E,319,False,5.724715432922284,1.1090879648805623,1.1320507930022823,1.1320507930022823,40
7,E,495,False,8.580850057033304,0.9114700465573902,0.9392765992323666,0.9392765992323666,74
7,E,404,True,4.918262286814677,1.1701557079100857,1.191942643271371,1.191942643271371,19
7,E,283,False,5.494967162308104,0.6265532843633213,0.6663571881811239,0.6663571881811239,101
7,E,270,False,9.576737652619542,0.3299820371503832,0.4004385457671449,0.4004385457671449,145
7,E,474,False,9.78201717455672,0.22565651017152097,0.31997460004972056,0.31997460004972056,190
7,E,89,False,5.745621390134696,1.1319591921270589,1.1544671917101552,1.1544671917101552,31
7,E,484,False,8.273936262985567,0.3000164502219156,0.37612864089025183,0.37612864089025183,154
7,E,382,False,5.886006682941966,0.6946526131508078,0.7307565511519105,0.7307565511519105,93
7,E,239,False,9.733399454938223,0.27100997141393046,0.35342508216023416,0.35342508216023416,168
7,E,87,False,6.135176289956286,0.6820542431636107,0.7187912594847511,0.7187912594847511,95
7,E,24,False,10.732064787120601,0.22208759919187204,0.31746777129182496,0.31746777129182496,192
7,E,490,False,8.237020235636734,0.21874779483367005,0.315140416066842,0.315140416066842,193
7,E,538,False,8.447153579364768,0.359042234057698,0.424704850374153,0.424704850374153,130
7,E,124,False,7.395194832660286,0.3607408053946979,0.4261417754351293,0.4261417754351293,129
7,E,10,False,8.192892566613931,0.4162317491387496,0.47403771272472817,0.47403771272472817,118
7,E,169,False,6.1062284630595185,0.5216325421522209,0.5688263294946686,0.5688263294946686,110
7,E,15,False,9.684529153454001,0.18455447516458326,0.29244356446580194,0.29244356446580194,199
7,E,506,False,6.171933145447214,1.0557289539464576,1.0798270733293691,1.0798270733293691,53
7,E,412,False,5.20067748596457,0.9361711299509169,0.9632649005583902,0.9632649005583902,71
7,E,236,False,8.093544932906566,1.082466587222206,1.1059822767778325,1.1059822767778325,47
7,E,25,False,10.716308773027938,0.27974072246737974,0.3601635127282613,0.3601635127282613,163
7,E,338,False,9.694625427590651,0.19884607779213984,0.30166644948934346,0.30166644948934346,196
7,E,120,True,8.572898345777281,1.1468847271921883,1.1691054107995948,1.1691054107995948,26
7,E,44,False,5.902485465144171,0.6127339048386805,0.653380227917134,0.653380227917134,103
7,E,143,False,7.775682752961714,0.42003609484498927,0.4773816136664856,0.4773816136664856,117
7,E,256,False,6.120349590311691,0.7500800175821165,0.7836344280786655,0.7836344280786655,90
7,E,259,True,8.651290194332448,1.2137514922045092,1.2347694395808724,1.2347694395808724,15
7,E,246,False,9.581012228062107,0.26185671539744365,0.34645609172437236,0.34645609172437236,174
7,E,11,False,9.699926603105498,0.29313340060454884,0.3706616713988321,0.3706616713988321,158
7,E,374,False,9.058238330067207,0.614019562693203,0.6545860581040059,0.6545860581040059,102
7,E,49,True,8.636068092039553,1.2158167241762328,1.2367995758734778,1.2367995758734778,14
7,E,401,False,5.607488968493797,1.085620681628415,1.1090694966833834,1.1090694966833834,45
7,E,455,False,6.468805119653848,0.2688008945264453,0.35173399749300044,0.35173399749300044,170
7,E,491,False,9.675812074102666,0.2128609054727051,0.31108302617283506,0.31108302617283506,195
7,E,535,False,9.867461823533652,0.5939896594171301,0.6358353557240012,0.6358353557240012,105
7,E,387,False,8.420623298740377,0.37918883173249146,0.44186768857299424,0.44186768857299424,125
7,E,271,False,9.660485205417958,0.23456392746631638,0.326317514336286,0.326317514336286,188
7,E,327,False,5.709041324021886,0.2494272448586588,0.3371599539861907,0.3371599539861907,182
7,E,509,False,6.6023818455856205,1.1168193023051742,1.1396263589859639,1.1396263589859639,37
7,E,17,False,9.594688700221862,0.2543544446344694,0.3408211665954716,0.3408211665954716,177
7,E,348,False,7.678511242596027,0.7821259083856392,0.8143609891579103,0.8143609891579103,87
7,E,534,False,5.783779434704433,0.3191215599586516,0.3915372959561224,0.3915372959561224,148
7,E,233,False,8.397852209456175,1.1097784145759184,1.132727245877324,1.132727245877324,38
7,E,428,False,9.850619358227998,0.4931677955618062,0.5428419278882946,0.5428419278882946,113
7,E,341,False,9.673572399330377,0.2632304061048284,0.3474955119023867,0.3474955119023867,173
7,E,527,True,8.719167129911774,1.2182308491957565,1.2391728233085177,1.2391728233085177,13
7,E,399,True,5.638564952873301,1.1517907188482268,1.1739185423695733,1.1739185423695733,24
7,E,467,False,9.784474221675554,0.35543849485713824,0.42166267053237805,0.42166267053237805,135
7,E,16,False,8.242683578939804,0.24820120612853053,0.3362539558396989,0.3362539558396989,185
7,E,462,False,9.560570382777481,0.7144909038573113,0.7496400041279991,0.7496400041279991,91
7,E,405,True,4.918262286814677,1.1701557079100857,1.191942643271371,1.191942643271371,20
7,E,148,False,7.829329174376522,0.26440509224325853,0.3483861893048502,0.3483861893048502,172
7,E,12,False,9.641065710796843,0.24529699112454695,0.3341159947517403,0.3341159947517403,187
7,E,463,False,6.736624914013356,0.7729187560461044,0.8055223693616748,0.8055223693616748,89
7,E,243,False,8.053484427601706,1.0950785452510934,1.118329068013275,1.118329068013275,42
7,E,501,True,5.049368275896655,1.286924073336596,1.3067656464062123,1.3067656464062123,4
7,E,45,False,9.818579626175431,0.2535664008396338,0.3402334547468175,0.3402334547468175,178
7,E,73,False,5.107685522049085,0.851338474508882,0.8810448809642442,0.8810448809642442,78
7,E,110,True,6.116507005153272,1.2201165884534166,1.2410267416592573,1.2410267416592573,10
7,E,470,False,8.261622036413435,0.3347881830974311,0.4044082239963326,0.4044082239963326,142
7,E,1,False,9.702353012200652,0.3521662281865205,0.4189080285328861,0.4189080285328861,137
7,E,287,False,7.225965188559199,0.22815955706414506,0.3217447242363047,0.3217447242363047,189
7,E,372,False,8.633149302233791,1.087326946154363,1.1107397408608202,1.1107397408608202,43
7,E,518,False,9.826407527499109,0.25439031293895015,0.3408479359059783,0.3408479359059783,176
7,E,476,False,8.650782365455996,1.070357430870766,1.094133407731642,1.094133407731642,50
7,E,364,False,5.415592960013563,0.6026876535590285,0.6439683935153002,0.6439683935153002,104
7,E,421,False,6.093420438034863,0.28815521488271467,0.3667373882743514,0.3667373882743514,161
7,E,21,False,9.747609577950644,0.30611276174266994,0.3810090641912781,0.3810090641912781,153
7,E,74,False,5.110150639482365,0.8585729845937348,0.8880374169866844,0.8880374169866844,76
7,E,498,True,8.091006244952494,1.189129947375496,1.210575448222637,1.210575448222637,16
7,E,13,False,9.648409463910621,0.19637707404644805,0.3000447288409397,0.3000447288409397,197
7,E,46,False,8.346161407069978,0.2954101663878264,0.37246483122500595,0.37246483122500595,156
7,E,437,True,6.068626767385739,1.1434260073066405,1.1657126225101084,1.1657126225101084,29
7,E,66,False,9.32360930731225,1.1274760689547068,1.150071810870846,1.150071810870846,33
7,E,264,False,5.770658806440664,1.1282485914118567,1.1508291654789722,1.1508291654789722,32
7,E,170,True,5.234317008006544,1.269923027902275,1.2900261163599251,1.2900261163599251,7
7,E,417,False,7.850865224818558,0.934779206206407,0.9619121833359161,0.9619121833359161,72
7,E,354,False,7.791054498361621,0.9364527297089046,0.9635385820367794,0.9635385820367794,70
7,E,23,False,10.703643080375844,0.24941725329554668,0.33715256240414926,0.33715256240414926,183
7,E,339,False,9.625928521727737,0.21322951200336937,0.31133536401023243,0.31133536401023243,194
7,E,67,False,10.539691359533135,0.35794787855706534,0.4237800937487419,0.4237800937487419,131
7,E,321,False,6.013709070305009,1.0487053132482442,1.072961191343511,1.072961191343511,57
7,E,7,False,8.211342774183557,0.42365332558960495,0.4805673983712594,0.4805673983712594,116
7,E,483,True,9.350876026539186,1.227711323594108,1.2484942843983649,1.2484942843983649,9
7,E,118,False,5.72113133870212,0.3073286873755278,0.3819866570682199,0.3819866570682199,151
7,E,94,False,6.407668645696443,1.027056072482883,1.0518113234407365,1.0518113234407365,63
7,E,146,False,7.694074932679873,0.8098013195303309,0.8409762548415108,0.8409762548415108,84
7,E,96,False,6.787940007106293,0.35224732491492855,0.41897620696635285,0.41897620696635285,136
7,E,150,False,7.093893863588591,0.38329781376957966,0.44539880796285064,0.44539880796285064,124
7,E,486,False,9.814140687101077,0.26123298984063786,0.34598491162949246,0.34598491162949246,175
7,E,98,False,6.127690981319195,1.0415570349093377,1.0659755818325858,1.0659755818325858,59
7,E,132,False,4.627640889362583,0.8781470185276296,0.9069757826111752,0.9069757826111752,75
7,E,494,False,10.724897425950084,0.25281673191324766,0.33967511541101125,0.33967511541101125,179
7,E,241,False,8.369312681649083,1.0641059708068634,1.0880185665699855,1.0880185665699855,51
7,E,229,False,6.867608471901429,0.8060113051016885,0.8373273601441171,0.8373273601441171,85
7,E,456,False,6.637730450827856,0.5423216074981823,0.5878567938312879,0.5878567938312879,108
7,E,130,True,4.726190831063211,1.140640203646998,1.1629802054506577,1.1629802054506577,30
7,E,336,False,9.607621450218312,0.245475582959442,0.3342471330071011,0.3342471330071011,186
7,E,352,False,7.689296142491381,0.9337920842687137,0.960952933674224,0.960952933674224,73
7,E,410,True,5.849021486276159,1.1612582206816304,1.1832090006397242,1.1832090006397242,21
7,E,329,True,6.712196795575346,1.287020614644302,1.3068607219645045,1.3068607219645045,3
7,E,86,False,6.154618306089582,0.6599580076648734,0.6978591949492233,0.6978591949492233,97
7,E,262,False,5.984522866854403,0.3571425842379598,0.4231001176676238,0.4231001176676238,133
7,E,147,True,6.4635128379511,1.3630846450701792,1.3818330701355666,1.3818330701355666,1
7,E,305,False,5.002948981723122,1.1181224358768425,1.1409034427616356,1.1409034427616356,36
7,E,266,False,7.482037078713058,0.3122847440984265,0.3859852918063182,0.3859852918063182,150
7,E,517,False,9.78400002277288,0.2783719179188996,0.35910139066847885,0.35910139066847885,164
7,E,523,False,8.215192883683894,0.39913113015124874,0.45909535300414656,0.45909535300414656,121
7,E,413,False,9.188372717848782,0.8386619114986594,0.8688018680302052,0.8688018680302052,79
7,E,280,False,8.81938493241003,0.6362749313263928,0.6755062341152707,0.6755062341152707,100
7,E,306,False,8.98250836743522,0.4033107374800305,0.4627336545582944,0.4627336545582944,120
7,E,409,False,5.025100233232353,1.1236127321192297,1.1462846312651274,1.1462846312651274,34
7,E,263,True,5.908128687781069,1.1498932657272283,1.1720569127218263,1.1720569127218263,25
7,E,68,False,10.562619617508153,0.3429449948073154,0.4111862759839857,0.4111862759839857,139
7,E,100,False,6.081473986058768,1.055206160485209,1.0793159524532776,1.0793159524532776,54
7,E,265,False,7.4497050483513405,0.34056244958702814,0.4092012538628223,0.4092012538628223,140
7,E,314,True,6.969117426539123,1.1529666849509617,1.175072364027424,1.175072364027424,22
7,E,188,True,7.739063568427904,1.1722249555069533,1.1939741330562683,1.1939741330562683,18
7,E,121,False,8.584716436790933,1.0384843382510474,1.0629734732752765,1.0629734732752765,61
7,E,157,False,9.479301615358894,0.817989561809152,0.8488638332046651,0.8488638332046651,82
7,E,244,False,9.652884923313787,0.2710977024428978,0.353492359696793,0.353492359696793,167
7,E,231,False,8.615911196605781,0.8548371552808998,0.8844260546495281,0.8844260546495281,77
7,E,273,False,9.702208040369857,0.2503023959977869,0.3378078944258435,0.3378078944258435,180
7,E,367,False,5.605651844221278,0.24854286083107932,0.33650622247483947,0.33650622247483947,184
7,E,240,False,8.2282972799243,0.33135269526699157,0.40156878956772607,0.40156878956772607,144
7,E,371,False,11.632404636696371,0.22541844881785844,0.3198067559662215,0.3198067559662215,191
7,E,85,False,6.360227617316657,1.0479777420477154,1.0722500790028493,1.0722500790028493,58
7,E,209,False,6.273210785219395,0.2921656928477177,0.3698968453114676,0.3698968453114676,159
7,E,105,False,6.809883007320031,0.9879997616580529,1.013709235003094,1.013709235003094,65
7,E,350,False,7.7019947366417645,0.9382520977726675,0.9652874613652661,0.9652874613652661,69
7,E,419,True,5.026534935463702,1.2867964389711444,1.3066399501940107,1.3066399501940107,5
7,E,183,False,6.688541022805725,0.8364803289607976,0.8666961548504487,0.8666961548504487,80
7,E,230,False,8.42079092359047,0.34794010826416216,0.4153615329241091,0.4153615329241091,138
7,E,109,False,9.725489078526214,0.3719158543705094,0.43564238410229883,0.43564238410229883,126
7,E,48,False,8.643959178431317,1.0862736494830207,1.1097086670182175,1.1097086670182175,44
7,E,54,True,2.9612702040793923,1.2979705651691116,1.317645806785576,1.317645806785576,2
7,E,162,False,9.706303172283823,0.6527526076128637,0.6910490943772244,0.6910490943772244,99
7,E,466,False,9.736678827713662,0.32614204581358863,0.39728015070182127,0.39728015070182127,146
7,E,525,False,6.8261618001451145,1.1091642306417593,1.1321255118710623,1.1321255118710623,39
7,E,300,False,4.898892277793632,0.8019636605579793,0.8334318190168544,0.8334318190168544,86
7,E,235,False,8.349496331412157,1.1206890911618264,1.1434189622108377,1.1434189622108377,35
7,E,422,True,6.040211172051988,1.1525713923255338,1.1746845101989762,1.1746845101989762,23
7,E,224,False,5.501435054694966,0.27583806590251037,0.3571407603383105,0.3571407603383105,166
7,E,450,False,7.47049706194347,0.8218738095883025,0.8526074377938408,0.8526074377938408,81
7,E,380,False,8.777641238814812,0.572017716897488,0.6153593686121985,0.6153593686121985,107
7,E,62,False,7.414208627028992,0.3686898091524,0.4328915100426688,0.4328915100426688,128
7,E,20,False,8.401092322468365,0.357459290284588,0.42336748612163194,0.42336748612163194,132
7,E,153,False,9.763396693606932,0.6982503200896518,0.7341773584083686,0.7341773584083686,92
7,E,242,False,8.327646202743361,1.0628340778757968,1.0867746598022445,1.0867746598022445,52
7,E,95,False,6.18133117350861,1.050186661475682,1.0744090971485805,1.0744090971485805,56
7,E,426,False,6.416153255592093,1.1053778389577584,1.1284161692182157,1.1284161692182157,41
7,E,104,False,8.58017047275429,0.6549502216089179,0.6931252966670308,0.6931252966670308,98
7,E,375,False,9.08230792485664,0.5932540537995405,0.635148216122644,0.635148216122644,106
7,E,253,False,9.298720648312587,0.26694960541384094,0.35032124675045656,0.35032124675045656,171
7,E,172,False,4.90352216015938,1.0725984566077802,1.0963258335055237,1.0963258335055237,49
7,E,75,False,9.600933264731555,0.5141140592736363,0.5619396320219858,0.5619396320219858,111
7,E,18,False,8.08881791046011,0.41080879833453854,0.4692832331154145,0.4692832331154145,119
7,E,379,False,8.978726289139125,0.39555432257371015,0.4559891514070654,0.4559891514070654,123
7,E,276,True,7.269697441265334,1.2200888100058336,1.240999431263222,1.240999431263222,11
7,E,161,False,8.755524831906122,1.0406078629807325,1.0650481719582057,1.0650481719582057,60
7,E,334,False,9.580490772934914,0.6840334465071191,0.720669577569774,0.720669577569774,94
7,E,141,False,7.771713017860765,0.4758057921001978,0.5271186165278984,0.5271186165278984,114
7,E,465,False,8.32321299160806,0.33792677499475154,0.40701030619941597,0.40701030619941597,141
7,E,403,True,4.78397091632003,1.1447136883370967,1.1669757119839765,1.1669757119839765,28
7,E,489,False,8.274615933045059,0.4937141128556462,0.5433383009939817,0.5433383009939817,112
7,E,61,False,7.710505307272523,0.9395318908973024,0.9665314573811083,0.9665314573811083,67
7,E,351,False,7.705021498984807,0.9393164818963047,0.9663220670440263,0.9663220670440263,68
7,E,468,False,8.423563613588218,1.0825556203260938,1.1060694169869278,1.1060694169869278,46
7,E,268,False,9.59559553394615,0.32554933586452267,0.3967937174099669,0.3967937174099669,147
7,E,459,False,9.68883546164288,0.3316870757587353,0.4018447465372291,0.4018447465372291,143
7,E,345,False,7.540924147324766,0.2897282424239976,0.36797464389858114,0.36797464389858114,160
7,E,137,False,7.021604597220527,0.19578997879886545,0.29966080806847106,0.29966080806847106,198
7,E,97,False,5.873685256708141,1.0548858790318325,1.0790028275565133,1.0790028275565133,55
7,E,90,True,5.783129643490972,1.1455783468583673,1.1678238877865699,1.1678238877865699,27
7,E,423,False,9.851241040150482,0.2497392968782023,0.3373908719859026,0.3373908719859026,181
7,E,508,True,6.57547948859915,1.184545759211389,1.206072775482423,1.206072775482423,17
7,E,475,False,10.010407320660105,0.2977135850506074,0.3742943531739079,0.3742943531739079,155
7,E,310,False,6.566374641409558,1.0098849432768915,1.0350509565966108,1.0350509565966108,64
8,X,65,False,9.265224425898216,0.9866932937179662,1.0152291878272874,9.265224425898216,53
8,X,542,False,8.9584801442938,0.31674232876221015,0.39680265974178275,8.9584801442938,61
8,X,384,False,6.488649343045932,0.46471328850222127,0.5225754380555919,6.488649343045932,133
8,X,6,True,9.742442246608373,0.38286565831212055,0.4513454998814306,9.742442246608373,19
8,X,144,False,7.842500491493753,0.305690455718995,0.38803775933036705,7.842500491493753,108
8,X,297,True,9.682083174705792,0.6616645561334159,0.7035102222368026,9.682083174705792,30
8,X,478,True,9.767786230735254,0.2864773074346019,0.3730896616410383,9.767786230735254,16
8,X,385,False,8.549751733768353,0.3689138774323901,0.4395726298470431,8.549751733768353,72
8,X,252,False,9.224961552381062,0.7764654882207255,0.8124194128320018,9.224961552381062,54
8,X,108,False,8.78886817059328,0.4078519099455482,0.4727259548561688,8.78886817059328,67
8,X,156,False,9.191336848498775,0.542066628329691,0.5924211993988436,9.191336848498775,55
8,X,388,False,8.570524466328992,0.2924487662359405,0.3776942266190586,8.570524466328992,71
8,X,19,False,9.630151151528183,0.3283684239779008,0.40614341040348717,9.630151151528183,41
8,X,356,False,8.502473624673064,0.7816973844622976,0.8174212187260875,8.502473624673064,76
8,X,127,False,8.099936554557829,0.7728026680311695,0.8089194098700679,8.099936554557829,104
8,X,47,False,8.963090452614553,0.8407770930069104,0.874089679651691,8.963090452614553,60
8,X,464,False,9.616686864488914,0.27903592612153805,0.36740671743307773,9.616686864488914,42
8,X,319,False,5.870605537386265,0.9801912938976661,1.008911106382136,5.870605537386265,151
8,X,495,False,8.629735674108177,0.9229697999930687,0.9534148622964141,8.629735674108177,69
8,X,283,False,5.525999355534204,0.6190806129883956,0.6636169477390799,5.525999355534204,157
8,X,270,False,9.542161563885987,0.34152299613424125,0.4168508184434258,9.542161563885987,49
8,X,474,True,9.773176936704765,0.23481218409597443,0.3350573230782559,9.773176936704765,15
8,X,89,False,5.85826301382288,0.2500873002532262,0.345933961467203,5.85826301382288,152
8,X,484,False,8.265824519933433,0.3113572320833108,0.3925174823100566,8.265824519933433,92
8,X,382,False,5.890204663349178,0.7149029594469146,0.7537989714601645,5.890204663349178,150
8,X,239,True,9.719161734639236,0.28095332807172235,0.36886504375316165,9.719161734639236,21
8,X,87,False,6.1333734980994485,0.6906759411553456,0.7308624382462594,6.1333734980994485,145
8,X,24,True,10.735192422607176,0.23127390879841406,0.33258723493144193,10.735192422607176,3
8,X,490,False,8.23660716509721,0.2278875458324211,0.33024139881905906,8.23660716509721,95
8,X,538,False,8.425768187532336,0.3708389205637795,0.4411894751162522,8.425768187532336,81
8,X,124,False,7.406112422460809,0.3742810587339462,0.4440866569437193,7.406112422460809,118
8,X,10,False,8.16860751921158,0.43036661716598873,0.4922825135218005,8.16860751921158,102
8,X,169,False,6.142772602020059,0.5261958211504886,0.5779348493945334,6.142772602020059,144
8,X,15,True,9.688994835129998,0.1925515552727187,0.30692466402423224,9.688994835129998,29
8,X,506,False,6.331005453722792,0.935609712555123,0.9656563478670478,6.331005453722792,137
8,X,412,False,4.695715284731798,0.8166623134183637,0.8509194921414591,4.695715284731798,168
8,X,236,False,8.004926324489935,1.0333536356792024,1.0606348968046782,8.004926324489935,105
8,X,25,True,10.72891667614648,0.2904129646365307,0.3761201111047159,10.72891667614648,4
8,X,338,True,9.703120764024597,0.20645170795084805,0.3158305806350412,9.703120764024597,28
8,X,44,False,5.934890686034561,0.5961501348349951,0.6422784685883748,5.934890686034561,149
8,X,143,False,7.756515099430532,0.4342070229497301,0.49564340682320435,7.756515099430532,110
8,X,256,False,6.1564693133875235,0.7695736005018528,0.8058350789943499,6.1564693133875235,141
8,X,246,False,9.572191657350839,0.27403428826247733,0.36362266031143814,9.572191657350839,47
8,X,11,True,9.705787787463851,0.3039845595485888,0.38669530691798487,9.705787787463851,25
8,X,374,False,9.04122578689607,0.6289103035245285,0.6727962676975546,9.04122578689607,58
8,X,401,False,5.36265385535139,1.0183128908369303,1.045986515970981,5.36265385535139,160
8,X,455,False,6.48699370747159,0.28094472136337695,0.36885848832633705,6.48699370747159,134
8,X,491,False,9.673217016016595,0.22103870457938787,0.32555300163042405,9.673217016016595,33
8,X,535,True,9.895011824028677,0.6125550796040808,0.65753355313414,9.895011824028677,9
8,X,387,False,8.394338499532154,0.39148032168331254,0.45867580077186854,8.394338499532154,84
8,X,271,False,9.649023784444548,0.2432030235262389,0.34099026173887914,9.649023784444548,37
8,X,327,False,5.70785941454204,0.26085721596605593,0.35379815583183377,5.70785941454204,154
8,X,509,False,7.3867072500329005,0.5604602760659206,0.6092966182380574,7.3867072500329005,119
8,X,17,False,9.59161053138865,0.26349663116111083,0.3557486789598796,9.59161053138865,44
8,X,348,False,7.547179032523094,0.7817761334981271,0.8174965265098847,7.547179032523094,114
8,X,534,False,5.78690715349425,0.3331963766725968,0.41005667093243586,5.78690715349425,153
8,X,233,False,8.254979145473836,1.0589645443247062,1.0856023922621383,8.254979145473836,94
8,X,428,True,9.853174553885655,0.5093995751773219,0.5626851474308532,9.853174553885655,10
8,X,341,False,9.676574024766952,0.27454344346983073,0.3640065250798633,9.676574024766952,32
8,X,467,True,9.766941509315163,0.367658842107504,0.438519865146695,9.766941509315163,17
8,X,16,False,8.233602123111561,0.25803640290896074,0.35172351808578356,8.233602123111561,97
8,X,462,False,9.56155568566876,0.7263207208020691,0.7646361470757723,9.56155568566876,48
8,X,148,False,7.826667492933243,0.2743977559855786,0.36389665626159046,7.826667492933243,109
8,X,12,False,9.645045482197272,0.25424672915520385,0.34895278654076484,9.645045482197272,38
8,X,463,False,6.674709665515944,0.7695852993317497,0.8058462514003424,6.674709665515944,129
8,X,243,False,7.964057902546906,1.0469173561874066,1.0738540862868073,7.964057902546906,106
8,X,45,True,9.80473101454069,0.26550529747314466,0.35723901093630306,9.80473101454069,13
8,X,73,False,5.092890506045805,0.8596453385039056,0.8922537508802859,5.092890506045805,164
8,X,470,False,8.272066771205367,0.34532909578339654,0.4199747996523402,8.272066771205367,91
8,X,1,True,9.70861625395218,0.3645435827213836,0.4359113116813869,9.70861625395218,24
8,X,287,False,7.241930825373549,0.2383240091802668,0.337527748933626,7.241930825373549,120
8,X,372,False,8.912526971550314,0.8447782906490023,0.877939068671793,8.912526971550314,64
8,X,518,True,9.811906297665944,0.26635513001827715,0.3578710706881716,9.811906297665944,12
8,X,476,False,8.627198942679097,1.039836545638943,1.0669520559025951,8.627198942679097,70
8,X,364,False,5.479227464627981,0.615420894924918,0.6602041546814379,5.479227464627981,159
8,X,421,False,6.059140547577778,0.29702020919949645,0.3812448722558215,6.059140547577778,146
8,X,21,True,9.729423954178024,0.31783667986563285,0.39767675694771726,9.729423954178024,20
8,X,74,False,5.097988860393794,0.8662631427824787,0.8986314486438932,5.097988860393794,163
8,X,13,False,9.664834344671704,0.20370350167176404,0.31404102366057746,9.664834344671704,34
8,X,46,False,8.339183635880627,0.3089222179350365,0.390588766712955,8.339183635880627,87
8,X,66,False,9.308024117321654,1.0740797064261756,1.1003517000054956,9.308024117321654,52
8,X,264,False,4.995024046568032,0.3209474180432089,0.40016733137157423,4.995024046568032,165
8,X,417,False,8.512693536493906,0.7770410440012688,0.8129695148103813,8.512693536493906,74
8,X,354,False,8.483750857505475,0.7706746371595383,0.8068866365911825,8.483750857505475,77
8,X,23,True,10.705309818161634,0.25902948250305946,0.3524527213035073,10.705309818161634,5
8,X,339,False,9.637966583274695,0.2215273449298361,0.3258849682021366,9.637966583274695,40
8,X,67,True,10.531933913849025,0.3706862777088348,0.44106117991734023,10.531933913849025,7
8,X,321,False,6.14832889450325,0.9213251407540884,0.9518228106816867,6.14832889450325,143
8,X,7,False,8.19476585894846,0.43849880949832937,0.49940750282699714,8.19476585894846,100
8,X,118,False,5.6938492750294065,0.3191087612177034,0.3986941803366864,5.6938492750294065,155
8,X,94,False,6.554005481584696,0.92865582027451,0.9589203723345167,6.554005481584696,131
8,X,146,False,7.571057619653505,0.8089553420257282,0.8435255736137511,7.571057619653505,112
8,X,96,False,6.802336110067724,0.3628579636543642,0.4345026464083238,6.802336110067724,126
8,X,150,False,7.100076275433754,0.39717991304706746,0.4635499231760491,7.100076275433754,121
8,X,486,True,9.799890455779472,0.2733169850658716,0.36308239047624286,9.799890455779472,14
8,X,98,False,6.278798048445616,0.9306366882711095,0.9608388488735575,6.278798048445616,139
8,X,132,False,4.441030510445005,0.8015330259367739,0.8364100905750755,4.441030510445005,169
8,X,494,True,10.737671632023517,0.26267595377381464,0.3551412460408228,10.737671632023517,2
8,X,241,False,8.321008386184214,1.0161730643988311,1.0439034173515076,8.321008386184214,89
8,X,229,False,6.822882124321263,0.80315226703234,0.837961939462427,6.822882124321263,125
8,X,456,False,6.645342068399383,0.5603731967060006,0.6092165194205974,6.645342068399383,130
8,X,336,False,9.643431054431911,0.25427762054097497,0.3489752946218758,9.643431054431911,39
8,X,352,False,8.38271878030232,0.7539140631946,0.7908938377753593,8.38271878030232,86
8,X,86,False,6.155390032757286,0.6681491186292404,0.7096124947275632,6.155390032757286,142
8,X,262,False,5.974796212187464,0.35396231880330215,0.42710182753186093,5.974796212187464,148
8,X,305,False,5.331071635814982,0.8648413383194337,0.8972609366369373,5.331071635814982,161
8,X,266,False,7.497129812230944,0.3252487849482397,0.4036253461550096,7.497129812230944,115
8,X,517,True,9.76216668034479,0.2906345701770193,0.3762912453544804,9.76216668034479,18
8,X,523,False,8.216177554101781,0.4152003286024094,0.47908032814966817,8.216177554101781,99
8,X,413,False,9.180929871231143,0.8081193623788441,0.8427238882338832,9.180929871231143,56
8,X,280,False,8.796656477982854,0.6486550143307789,0.6912886340486931,8.796656477982854,66
8,X,306,False,8.942619964994124,0.4171382626390758,0.48076083254149515,8.942619964994124,62
8,X,409,False,4.910913053288754,0.48749603137655645,0.5429355657500599,4.910913053288754,166
8,X,68,True,10.5496098911459,0.35546042310459586,0.4283442077840475,10.5496098911459,6
8,X,100,False,6.227892109801212,0.9345614156829858,0.9646407039057763,6.227892109801212,140
8,X,265,False,7.466183815585919,0.35393921721693833,0.4270826821970004,7.466183815585919,116
8,X,121,False,8.232456809927246,0.8180741688527979,0.8522745999339891,8.232456809927246,98
8,X,157,False,9.40666347481268,0.819958340269669,0.854083325985372,9.40666347481268,50
8,X,244,False,9.658031946278978,0.2810004058402201,0.36890090272431353,9.658031946278978,36
8,X,231,False,8.505059782419245,0.8539935039056201,0.8868097612574206,8.505059782419245,75
8,X,273,True,9.709185126537802,0.2591122616842308,0.35251356300653497,9.709185126537802,23
8,X,367,False,5.599099660038954,0.26052554593295735,0.3535536847949834,5.599099660038954,156
8,X,240,False,8.234629736423479,0.34180095592690435,0.41707857943197063,8.234629736423479,96
8,X,371,True,11.622008346623517,0.23728497131843074,0.3367949013302213,11.622008346623517,1
8,X,85,False,6.505366537725148,0.9275877189744415,0.9578860184492999,6.505366537725148,132
8,X,209,False,6.2876753589261005,0.30164898492421865,0.38486199871415794,6.2876753589261005,138
8,X,105,False,6.933891911682569,0.9156472816696992,0.9463279518103407,6.933891911682569,124
8,X,350,False,8.44659080836227,0.7423305031528296,0.7798597462746606,8.44659080836227,79
8,X,183,False,6.696739718749913,0.7975194288051386,0.8325646444992242,6.696739718749913,128
8,X,230,False,8.416743095104062,0.3605284253180145,0.43255912128948587,8.416743095104062,82
8,X,109,False,9.679153041833409,0.3847543684430444,0.45294875205088153,9.679153041833409,31
8,X,48,False,8.92648742582215,0.8495376282127728,0.8825195916793169,8.92648742582215,63
8,X,162,False,9.660425009075446,0.6413540959355785,0.6844426377146504,9.660425009075446,35
8,X,466,True,9.70406579497043,0.3364100779519022,0.41267225312110567,9.70406579497043,27
8,X,525,False,6.939875838342878,1.0384347757584713,1.0655859568580057,6.939875838342878,123
8,X,300,False,4.83787304327528,0.7703655577028401,0.8065914334055705,4.83787304327528,167
8,X,235,False,8.194074235450735,1.0701929269540877,1.096558046275254,8.194074235450735,101
8,X,224,False,5.500720794345467,0.2884511772965689,0.3746074340322434,5.500720794345467,158
8,X,450,False,7.634654732688223,0.763528435701988,0.8000639474904303,7.634654732688223,111
8,X,380,False,8.861418983716508,0.5868224514279006,0.6336302055996823,8.861418983716508,65
8,X,62,False,7.430738080839649,0.38260971883667094,0.45112841286791217,7.430738080839649,117
8,X,20,False,8.387522050880147,0.3707398925600438,0.44110624103936436,8.387522050880147,85
8,X,153,True,9.704264460060042,0.6921587893852489,0.7322639125832286,9.704264460060042,26
8,X,242,False,8.27350338283658,1.014395048784883,1.0421727126286364,8.27350338283658,90
8,X,95,False,6.337580244332437,0.9500066168264374,0.9796117700203782,6.337580244332437,136
8,X,426,False,6.390959364228256,1.0803194915341918,1.106443334173576,6.390959364228256,135
8,X,104,False,8.530386728455147,0.6750685160255783,0.7161313771071768,8.530386728455147,73
8,X,375,False,9.052791489078084,0.6076663922999996,0.6529816936785763,9.052791489078084,57
8,X,253,False,9.326196950262888,0.278765796028186,0.36720160264311646,9.326196950262888,51
8,X,172,False,5.251220948277935,0.8065992497016355,0.841266305974325,5.251220948277935,162
8,X,75,False,9.590547795498164,0.5314665647739865,0.582737811902666,9.590547795498164,45
8,X,18,False,8.112670617785643,0.42370515915144286,0.486469639175966,8.112670617785643,103
8,X,379,False,8.973436205265365,0.40949559281308534,0.4741447969574117,8.973436205265365,59
8,X,161,False,8.699978024119766,0.9999252046128657,1.0280938978364411,8.699978024119766,68
8,X,334,False,9.588242419349989,0.6963030163621154,0.7361824084718579,9.588242419349989,46
8,X,141,False,7.851740663876021,0.48609671459753856,0.5416794844656441,7.851740663876021,107
8,X,465,False,8.336985960367507,0.3500139186319024,0.42383533498813547,8.336985960367507,88
8,X,489,False,8.264953097905337,0.5094665390814247,0.5627457706567415,8.264953097905337,93
8,X,61,False,8.449035811920716,0.7481212015606398,0.7853737837316576,8.449035811920716,78
8,X,351,False,8.441530631573986,0.7504890410317553,0.7876296392703925,8.441530631573986,80
8,X,468,False,8.400121039580036,1.0496904126481388,1.076557759878152,8.400121039580036,83
8,X,268,False,9.604826434865432,0.33621155043360185,0.4125104296783433,9.604826434865432,43
8,X,459,True,9.713149472514015,0.34254407240961254,0.4176877894928303,9.713149472514015,22
8,X,345,False,7.5473184913153695,0.30220210603838427,0.3852956797609854,7.5473184913153695,113
8,X,137,False,7.02568675220737,0.20459512407746505,0.31462010861468837,7.02568675220737,122
8,X,97,False,6.027123941886896,0.9312989347056914,0.961480292950615,6.027123941886896,147
8,X,423,True,9.851856977043475,0.26158410749083505,0.3543344369945176,9.851856977043475,11
8,X,475,True,9.991398999713745,0.3072745657456636,0.38928692079574306,9.991398999713745,8
8,X,310,False,6.709519520182231,0.9151440514137604,0.9458410452007442,6.709519520182231,127
9,X,65,True,9.254281221405178,1.019487308196033,1.0406875483854139,9.254281221405178,23
9,X,542,True,9.017289545799724,0.2832070527483431,0.35196936872127466,9.017289545799724,29
9,X,384,False,6.472947145895269,0.42038389268112386,0.46946652598176203,6.472947145895269,104
9,X,144,False,7.8476128269474055,0.2710865483887154,0.3422924458835706,7.8476128269474055,78
9,X,385,False,8.556309999464744,0.33095444662601803,0.39141671851516974,8.556309999464744,42
9,X,252,True,9.199022650540158,0.7981998990355599,0.8251056178526648,9.199022650540158,25
9,X,108,False,8.861127248976727,0.3674175940210123,0.4226959784382142,8.861127248976727,35
9,X,156,True,9.206592435700866,0.48712549834804264,0.5300636310222375,9.206592435700866,24
9,X,388,False,8.577372977344183,0.25947744889718255,0.3331737508835889,8.577372977344183,40
9,X,19,True,9.603884099970156,0.18932779970067104,0.2819950665014323,9.603884099970156,15
9,X,356,False,8.429041762062909,0.7479636446430599,0.7766117533873533,8.429041762062909,47
9,X,127,False,8.129262387846635,0.6865327279621039,0.717637365495093,8.129262387846635,74
9,X,47,False,8.930138306024094,0.8171973493698198,0.843497308596008,8.930138306024094,32
9,X,464,True,9.605202674387408,0.16460849058605193,0.2660303685007938,9.605202674387408,14
9,X,319,False,5.9520648108054095,0.9348414571353398,0.9579168814519218,5.9520648108054095,120
9,X,495,False,8.612593149146665,0.8602036104666505,0.8852267806904119,8.612593149146665,39
9,X,283,False,5.546472741764418,0.5604066214134856,0.5981068325272063,5.546472741764418,127
9,X,270,True,9.600664067224507,0.25587275138058324,0.33037413138852073,9.600664067224507,16
9,X,89,False,5.860969794494783,0.22000201543835599,0.30344206792827594,5.860969794494783,122
9,X,484,False,8.273666514940212,0.27593697331176975,0.34614652249027456,8.273666514940212,62
9,X,382,False,5.890470179947159,0.6493331522374518,0.6821361626437024,5.890470179947159,121
9,X,87,False,6.131108268323129,0.6365768233354574,0.6700046669983067,6.131108268323129,115
9,X,490,False,8.245644166810644,0.2012822362626092,0.2901564068334984,8.245644166810644,64
9,X,538,False,8.446850544153255,0.33254366830185556,0.3927613691789256,8.446850544153255,45
9,X,124,False,7.420431757305554,0.33499820207563963,0.3948417368839835,7.420431757305554,88
9,X,10,False,8.188884449569878,0.38368850260430315,0.4369131135848204,8.188884449569878,71
9,X,169,False,6.159375248898081,0.4759032594389341,0.5197692893354235,6.159375248898081,112
9,X,506,False,6.398660486474096,0.8985384585296599,0.9225223917328549,6.398660486474096,105
9,X,412,False,4.700608687495368,0.847786952433926,0.8731660314675861,4.700608687495368,138
9,X,236,False,8.008526613312556,1.0548884275686676,1.0753909969913016,8.008526613312556,75
9,X,44,False,5.9565435526032084,0.538508361465564,0.5776395564363441,5.9565435526032084,119
9,X,143,False,7.770312727547655,0.38884160374673216,0.44144534723562384,7.770312727547655,80
9,X,256,False,6.134842633280205,0.703747417804032,0.7341230345504033,6.134842633280205,114
9,X,246,True,9.562429971089148,0.24168294455847344,0.31951032453131145,9.562429971089148,19
9,X,374,True,9.035754229657865,0.5725871219492971,0.609534423977702,9.035754229657865,28
9,X,401,False,5.383615180828402,1.0543042769995747,1.074817989378316,5.383615180828402,130
9,X,455,False,6.477638677710125,0.2483629753553687,0.32459262055539906,6.477638677710125,103
9,X,491,True,9.652808987492536,0.15086744140032285,0.2577541205613009,9.652808987492536,7
9,X,387,False,8.41494369267083,0.35153559090152586,0.4089663475912593,8.41494369267083,48
9,X,271,True,9.631443745528173,0.1830577268242026,0.2778242846507378,9.631443745528173,10
9,X,327,False,5.7069931459093866,0.23006857450770832,0.3108178739513845,5.7069931459093866,124
9,X,509,False,7.409338379635846,0.5758036061385817,0.6125569317490781,7.409338379635846,89
9,X,17,True,9.564876778079139,0.15050068560045768,0.25753962444225476,9.564876778079139,18
9,X,348,False,7.5593408386009475,0.7159745221851925,0.7458523434366648,7.5593408386009475,83
9,X,534,False,5.785856899924447,0.2961328727092367,0.3624512106348588,5.785856899924447,123
9,X,233,False,8.203539650498605,1.0792096480407831,1.0992586893975236,8.203539650498605,70
9,X,341,True,9.678411717076905,0.21791435441063298,0.30193189240266216,9.678411717076905,4
9,X,16,False,8.227161130982552,0.2296539377985846,0.31051108343833067,8.227161130982552,66
9,X,462,True,9.770481357644986,0.620314136228786,0.6545730130374415,9.770481357644986,3
9,X,148,False,7.837673888257589,0.2428888701452553,0.32042347765431994,7.837673888257589,79
9,X,12,True,9.633813587862843,0.1903063866482439,0.28265300739733995,9.633813587862843,8
9,X,463,False,6.54008763088048,0.7123000578883621,0.7423257871443062,6.54008763088048,102
9,X,243,False,7.966280254862773,1.0652569595843984,1.0855637207159452,7.966280254862773,76
9,X,73,False,5.195748687115745,0.7979215650479563,0.8248363630201022,5.195748687115745,134
9,X,470,False,8.283695309131303,0.3108168892676823,0.3745441768946468,8.283695309131303,61
9,X,287,False,7.224868313903728,0.21084453443513218,0.29686970120377293,7.224868313903728,90
9,X,372,False,8.882019749307721,0.8247653447679251,0.8508314026420299,8.882019749307721,34
9,X,476,False,8.481407410303943,1.0121844602750185,1.0335345100256113,8.481407410303943,44
9,X,364,False,5.405777785614692,0.5640685298371938,0.6015392822952986,5.405777785614692,129
9,X,421,False,6.060011799693044,0.2643412583088638,0.33697552230980105,6.060011799693044,117
9,X,74,False,5.2013848035653725,0.8044223798492888,0.831126685285729,5.2013848035653725,133
9,X,13,True,9.656914066119548,0.15506312898024424,0.26023215743023315,9.656914066119548,6
9,X,46,False,8.356484313835256,0.2738301462932241,0.3444693757224556,8.356484313835256,52
9,X,66,True,9.329157644849554,1.1072154767023954,1.126766308353672,9.329157644849554,21
9,X,264,False,4.992076980642152,0.28928131836233206,0.3568751643713789,4.992076980642152,135
9,X,417,False,8.444786500384442,0.7408118871718049,0.7697262201371996,8.444786500384442,46
9,X,354,False,8.407615169660833,0.7371391909134388,0.7661921355457578,8.407615169660833,49
9,X,339,True,9.607124660587912,0.12911592353882936,0.2456565152869645,9.607124660587912,13
9,X,321,False,6.2121653115350295,0.8820419744030636,0.9064624903439218,6.2121653115350295,111
9,X,7,False,8.211869401147498,0.39292590103416936,0.44504714974389364,8.211869401147498,68
9,X,118,False,5.697688159638229,0.28369336343434204,0.3523607898849409,5.697688159638229,125
9,X,94,False,6.606371913280115,0.8890272547668641,0.9132610040453695,6.606371913280115,100
9,X,146,False,7.579052176342068,0.741966201633206,0.7708372371374239,7.579052176342068,82
9,X,96,False,6.781769643687085,0.32552925087525975,0.38684039986415275,6.781769643687085,95
9,X,150,False,7.07639353406859,0.3559410212002277,0.41275926684292713,7.07639353406859,91
9,X,98,False,6.332269655579509,0.8944117533060839,0.918503449227989,6.332269655579509,108
9,X,132,False,4.462286106163187,0.8319231110774219,0.8577716855529718,4.462286106163187,139
9,X,241,False,8.289481608173421,1.0404073422796196,1.0611897283996823,8.289481608173421,60
9,X,229,False,6.667198653111352,0.7392227007370723,0.7681968517747654,6.667198653111352,98
9,X,456,False,6.630804955673712,0.5037661092584939,0.5453957229655277,6.630804955673712,99
9,X,336,True,9.611865176460833,0.17076641486108263,0.2698839940347652,9.611865176460833,12
9,X,352,False,8.302455597553903,0.7242435739312169,0.7537937092947326,8.302455597553903,57
9,X,86,False,6.151814875226673,0.615752094535944,0.650251369638736,6.151814875226673,113
9,X,262,False,5.979732763434515,0.31779672100131223,0.38035635615937285,5.979732763434515,118
9,X,305,False,5.331267435406653,0.8317336809043969,0.8575879650172494,5.331267435406653,131
9,X,266,False,7.505254957890236,0.28932681786758463,0.35691204704945484,7.505254957890236,85
9,X,523,False,8.224735395664293,0.37151182461354243,0.426259589474927,8.224735395664293,67
9,X,413,True,9.166860660100104,0.8224827657102745,0.8486189378525982,9.166860660100104,26
9,X,280,False,8.812654205039948,0.5959228414338601,0.6315063220065618,8.812654205039948,37
9,X,306,False,8.955183946730283,0.37379096868196204,0.4282474635766677,8.955183946730283,31
9,X,409,False,4.884724890882781,0.489615981545612,0.5323532766655268,4.884724890882781,137
9,X,100,False,6.2887266011981255,0.8994337197088856,0.9233943999943968,6.2887266011981255,110
9,X,265,False,7.476566679224348,0.31592652780270064,0.3787951593686492,7.476566679224348,86
9,X,121,False,8.211867512609441,0.8071476773040015,0.8337646998817438,8.211867512609441,69
9,X,157,True,9.441572047252558,0.5476885311015,0.586207240565799,9.441572047252558,20
9,X,244,True,9.633101747448762,0.18816621079214552,0.2812165085401708,9.633101747448762,9
9,X,231,False,8.500444345463366,0.802940038581474,0.8296920557344566,8.500444345463366,43
9,X,367,False,5.601777800344712,0.2297129740933966,0.3105547492125717,5.601777800344712,126
9,X,240,False,8.2327984544961,0.3074096366460381,0.3717215173950776,8.2327984544961,65
9,X,85,False,6.5591598016152615,0.8902602918292138,0.9144613655040255,6.5591598016152615,101
9,X,209,False,6.290754370960549,0.2669443418757672,0.3390213613493054,6.290754370960549,109
9,X,105,False,6.980260072749113,0.8663640531058558,0.8912142695814829,6.980260072749113,94
9,X,350,False,8.352109532416442,0.7189499834244292,0.7487090759818774,8.352109532416442,55
9,X,183,False,6.722002860877442,0.8260323336591712,0.8520596329143084,6.722002860877442,97
9,X,230,False,8.397930166183015,0.31959040474708234,0.3818562931235437,8.397930166183015,50
9,X,109,True,9.780342069872027,0.23826926471644913,0.3169360255637833,9.780342069872027,2
9,X,48,False,8.896762208329141,0.8260449102555465,0.8520718253473375,8.896762208329141,33
9,X,162,True,9.6647688141658,0.23746649705190725,0.3163329559400242,9.6647688141658,5
9,X,525,False,6.990144264753519,1.0255678175955891,1.0466449017118602,6.990144264753519,93
9,X,300,False,4.925254345782639,0.7883923940030729,0.8156217068675565,4.925254345782639,136
9,X,235,False,8.162202093183636,1.087475689981255,1.1073750846447,8.162202093183636,72
9,X,224,False,5.501413401078972,0.25556227987542357,0.3301337315191741,5.501413401078972,128
9,X,450,False,7.626918846366781,0.7858308553032414,0.8131459493462866,7.626918846366781,81
9,X,380,False,8.849825897138553,0.5326501733233019,0.5721821466395061,8.849825897138553,36
9,X,62,False,7.442388101090455,0.3423917753932736,0.4011338051680608,7.442388101090455,87
9,X,20,False,8.382238601066966,0.32789186214047855,0.38883065086178636,8.382238601066966,51
9,X,242,False,8.24641777626994,1.03885932334416,1.059672069788921,8.24641777626994,63
9,X,95,False,6.392209270731084,0.9107862180902475,0.9344558506718151,6.392209270731084,106
9,X,426,False,6.361125619949626,1.041643242382379,1.0624014524616037,6.361125619949626,107
9,X,104,False,8.565753731788956,0.6128146221257642,0.6474704339835087,8.565753731788956,41
9,X,375,True,9.05137891260755,0.5528754167975176,0.5910561972356594,9.05137891260755,27
9,X,253,True,9.311898531697965,0.24614427898078262,0.32289813853074334,9.311898531697965,22
9,X,172,False,5.245181908143714,0.7779834543307328,0.8055646820734069,5.245181908143714,132
9,X,75,True,9.613422071185397,0.4747782247698381,0.5187393994167483,9.613422071185397,11
9,X,18,False,8.142288303092634,0.376578843950286,0.4306829779577824,8.142288303092634,73
9,X,379,True,8.969925129529443,0.36669364355543516,0.422066854912359,8.969925129529443,30
9,X,161,False,8.659709201567818,0.9167292882967077,0.9402493232183887,8.659709201567818,38
9,X,334,True,9.784535301609207,0.5895314771868558,0.6254786682100086,9.784535301609207,1
9,X,141,False,7.876257894118339,0.4376177862392975,0.4849593061532413,7.876257894118339,77
9,X,465,False,8.332066590269438,0.310885450690526,0.37460107480185,8.332066590269438,56
9,X,489,False,8.289662189830082,0.4563679046780376,0.5019440867386249,8.289662189830082,59
9,X,61,False,8.35233635102606,0.723919110542059,0.7534819708524256,8.35233635102606,54
9,X,351,False,8.352509384962483,0.7243002931483749,0.7538482051755987,8.352509384962483,53
9,X,468,False,8.300093152546093,1.0306007985259014,1.0515770098827169,8.300093152546093,58
9,X,268,True,9.585319522845888,0.20874139816130974,0.29537971003098407,9.585319522845888,17
9,X,345,False,7.55531786840602,0.26800691649427744,0.3398586604463985,7.55531786840602,84
9,X,137,False,7.030614724421619,0.18083988078830193,0.2763679870664782,7.030614724421619,92
9,X,97,False,6.087885427706492,0.8936059839268542,0.917718832922988,6.087885427706492,116
9,X,310,False,6.753306022325068,0.8743965975803717,0.8990248114772919,6.753306022325068,96
10,X,384,False,6.455895442643033,0.3851880962923222,0.4273928134078363,6.455895442643033,74
10,X,144,False,7.849502183455148,0.24384626980503452,0.30619560859880407,7.849502183455148,48
10,X,385,True,8.571260622911884,0.29925837259882476,0.35192374315732006,8.571260622911884,14
10,X,108,True,9.078819467341425,0.24543440498220817,0.3074618587342711,9.078819467341425,1
10,X,388,True,8.587489416812474,0.23311977347027318,0.2977239933397942,8.587489416812474,13
10,X,356,True,8.391899155244298,0.7078548758411963,0.7316783942959624,8.391899155244298,23
10,X,127,False,8.063864084025024,0.6286259059769415,0.6553360032019397,8.063864084025024,46
10,X,47,True,8.886145577548838,0.7897064913338502,0.8111295148631832,8.886145577548838,3
10,X,319,False,5.991641921108903,0.8903167024892692,0.9093726288814329,5.991641921108903,88
10,X,495,True,8.609326605067945,0.8075583885918514,0.828519944486812,8.609326605067945,11
10,X,283,False,5.574367925073578,0.514387178014069,0.5467073406610157,5.574367925073578,97
10,X,89,False,5.863729383204819,0.19619194939562726,0.26978885898980093,5.863729383204819,92
10,X,484,False,8.272064658620458,0.2501087614074668,0.31120594460925627,8.272064658620458,36
10,X,382,False,5.912017765902066,0.598566796605812,0.6265596200093858,5.912017765902066,91
10,X,87,False,6.136384337081796,0.5910611866645934,0.6193933110784452,6.136384337081796,84
10,X,490,False,8.256220215329924,0.18091327299563303,0.25889063284204544,8.256220215329924,37
10,X,538,True,8.469029374436438,0.3013656442617806,0.35371739986701306,8.469029374436438,18
10,X,124,False,7.423950382032066,0.30435245356813373,0.3562655798983468,7.423950382032066,59
10,X,10,False,8.186209466240399,0.3508218601827601,0.3966997920461447,8.186209466240399,43
10,X,169,False,6.159809456132538,0.4365844720489622,0.47423701738859797,6.159809456132538,82
10,X,506,False,6.395986084287617,0.8590116114238816,0.8787466620069838,6.395986084287617,75
10,X,412,False,4.699848671017222,0.8647983106459357,0.88440424327534,4.699848671017222,108
10,X,236,True,8.423038416759965,0.6444530763059769,0.6705330081268183,8.423038416759965,21
10,X,44,False,5.987974938671614,0.4933168191544498,0.5269309551431065,5.987974938671614,89
10,X,143,False,7.777874485464643,0.3537173345326631,0.3992626956982761,7.777874485464643,50
10,X,256,False,6.124471842660446,0.6513063034351121,0.6771223289197252,6.124471842660446,85
10,X,401,False,5.394515099026558,1.07363677338833,1.0894910135467233,5.394515099026558,99
10,X,455,False,6.471251304796716,0.22280456457626222,0.28971817585954135,6.471251304796716,73
10,X,387,True,8.439508090958313,0.31865054749214966,0.3685551774760586,8.439508090958313,20
10,X,327,False,5.708205527872761,0.20561947727886112,0.276720286325008,5.708205527872761,94
10,X,509,False,7.425038330276374,0.5831316831303393,0.6118311101094686,7.425038330276374,58
10,X,348,False,7.558672208598377,0.6635028293381761,0.6888619251832163,7.558672208598377,54
10,X,534,False,5.785984501007086,0.2673819472173293,0.3252504467715502,5.785984501007086,93
10,X,233,True,8.500542741549708,0.8927205401397396,0.9117262254727296,8.500542741549708,16
10,X,16,False,8.215794833632222,0.20742082397912173,0.27806140625325937,8.215794833632222,42
10,X,148,False,7.844893045613397,0.2178690166816805,0.28593995148842827,7.844893045613397,49
10,X,463,False,6.564844372070819,0.6334873859852245,0.6600007694160326,6.564844372070819,71
10,X,243,True,8.381808476842574,0.6693048227984568,0.6944520813192484,8.381808476842574,25
10,X,73,False,5.248553736315738,0.7469362886617879,0.7695508863923217,5.248553736315738,103
10,X,470,False,8.278019200963447,0.28399298736899864,0.33903799831601555,8.278019200963447,35
10,X,287,False,7.218342168354033,0.18951472430902924,0.26497278757881854,7.218342168354033,60
10,X,372,True,8.833849985286411,0.7984238249025685,0.8196190283292657,8.833849985286411,5
10,X,476,True,8.467479517048286,0.9794984675398855,0.9968510396946709,8.467479517048286,19
10,X,364,False,5.364907124295133,0.5219754242978356,0.5538529506992518,5.364907124295133,100
10,X,421,False,6.054450887156821,0.23838031848235672,0.30186076867839606,6.054450887156821,87
10,X,74,False,5.25571388229306,0.7532942718848393,0.7757235380481068,5.25571388229306,102
10,X,46,True,8.369756465498858,0.24649545245840868,0.30830951251954253,8.369756465498858,28
10,X,264,False,4.988243206456653,0.2633958970097188,0.32198159262435594,4.988243206456653,106
10,X,417,True,8.408649659334948,0.6993968424036837,0.7234989223154417,8.408649659334948,22
10,X,354,True,8.372220397749551,0.6965681902846552,0.720764865364428,8.372220397749551,27
10,X,321,False,6.220484864270083,0.8409704624792841,0.8611190778225641,6.220484864270083,81
10,X,7,False,8.218289105722157,0.3574238365243754,0.4025500544567915,8.218289105722157,41
10,X,118,False,5.702512802262892,0.2559558639759924,0.3159242816420717,5.702512802262892,95
10,X,94,False,6.583129564505667,0.8474869577681167,0.8674842309889096,6.583129564505667,70
10,X,146,False,7.573088651372271,0.6884119088491474,0.7128854772491084,7.573088651372271,52
10,X,96,False,6.756091653127543,0.29568203375877716,0.348887678938493,6.756091653127543,65
10,X,150,False,7.072241178800276,0.32453706766517276,0.3736563337026033,7.072241178800276,61
10,X,98,False,6.319857565958784,0.8548820578808218,0.8747102836447684,6.319857565958784,78
10,X,132,False,4.489158799732078,0.8482546278271121,0.8682342201603637,4.489158799732078,109
10,X,241,True,8.685552907955776,0.6014348808435421,0.629300137710654,8.685552907955776,8
10,X,229,False,6.677988607297403,0.6550953325817362,0.680767685923574,6.677988607297403,68
10,X,456,False,6.628341625132181,0.45733541429171815,0.4934069604218609,6.628341625132181,69
10,X,352,False,8.254767472809773,0.6895052785156681,0.7139413677104945,8.254767472809773,38
10,X,86,False,6.152670483632764,0.5717205265086617,0.600965146958377,6.152670483632764,83
10,X,262,False,5.977575356683564,0.28878370350561267,0.34306089086017943,5.977575356683564,90
10,X,305,False,5.327414204462393,0.7955004031099087,0.8167714727972504,5.327414204462393,101
10,X,266,False,7.510054003626795,0.26123969674683056,0.3202201220781391,7.510054003626795,55
10,X,523,False,8.231381824745739,0.3378100022734517,0.38524063267437375,8.231381824745739,40
10,X,280,True,8.832149924556909,0.5500423726620832,0.580380357309839,8.832149924556909,6
10,X,306,True,8.923871003700675,0.26646997878390555,0.32450115103102084,8.923871003700675,2
10,X,409,False,4.8691707465948655,0.4840164690164889,0.5182342035282428,4.8691707465948655,107
10,X,100,False,6.283543572036435,0.8605250494385408,0.8802261687421963,6.283543572036435,80
10,X,265,False,7.479343323378373,0.2863020850079874,0.34097453175755393,7.479343323378373,56
10,X,121,False,8.160731011890036,0.7851132988153124,0.8066583163917821,8.160731011890036,44
10,X,231,True,8.538401546748233,0.756327809033721,0.7786697002870415,8.538401546748233,15
10,X,367,False,5.600829186616204,0.2053062056698265,0.27648758654576777,5.600829186616204,96
10,X,240,False,8.232347565613768,0.28028818033078945,0.335940785646083,8.232347565613768,39
10,X,85,False,6.545847196579392,0.8501839418879825,0.8701192346291114,6.545847196579392,72
10,X,209,False,6.2894365251134134,0.23984306761147867,0.30301723467262826,6.2894365251134134,79
10,X,105,False,6.9617435669618715,0.8194578665566444,0.8401225758714793,6.9617435669618715,64
10,X,350,False,8.298927276477459,0.6873187198351035,0.7118298743823048,8.298927276477459,33
10,X,183,False,6.7368516705165025,0.8415664931003574,0.861701171948023,6.7368516705165025,66
10,X,230,True,8.383454340930896,0.29000282086797263,0.3440877555780556,8.383454340930896,24
10,X,48,True,8.85197829581249,0.7978004959993925,0.8190118307107896,8.85197829581249,4
10,X,525,False,7.02817108835799,1.0021126825224826,1.019080259793,7.02817108835799,63
10,X,300,False,5.0050156961998,0.7954642827577794,0.8167362931636567,5.0050156961998,105
10,X,235,True,8.469740909284175,0.896713603783515,0.9156364096287243,8.469740909284175,17
10,X,224,False,5.502361293390809,0.22974375139612066,0.2950880186197414,5.502361293390809,98
10,X,450,False,7.615421207103029,0.7970441255065802,0.8182750670965794,7.615421207103029,51
10,X,380,True,8.795127471761987,0.44143170122032116,0.4787031379358498,8.795127471761987,7
10,X,62,False,7.445696357117294,0.311082287674799,0.362031679735833,7.445696357117294,57
10,X,20,True,8.37413621975029,0.29847677895334007,0.3512593557497414,8.37413621975029,26
10,X,242,True,8.644620883997138,0.6028298756618462,0.6306334961115206,8.644620883997138,10
10,X,95,False,6.3715996423257355,0.8694906831214033,0.8889931357790605,6.3715996423257355,76
10,X,426,False,6.334580473950579,1.000370958334441,1.0173675843599155,6.334580473950579,77
10,X,104,True,8.608536052461933,0.5622801568237757,0.5919913193494751,8.608536052461933,12
10,X,172,False,5.239261172829234,0.7448168094760409,0.7674938612819202,5.239261172829234,104
10,X,18,False,8.14805338363266,0.34493092288790483,0.39149979436988736,8.14805338363266,45
10,X,161,True,8.65797282861339,0.9223404534723281,0.9407479256096727,8.65797282861339,9
10,X,141,False,7.884751621414467,0.3987332725704506,0.4396395911222095,7.884751621414467,47
10,X,465,True,8.334487979591657,0.28327899689308317,0.33844015351035667,8.334487979591657,29
10,X,489,False,8.297105028167122,0.415961345775706,0.4553225105426908,8.297105028167122,34
10,X,61,False,8.299938096812145,0.6909159507623582,0.7153038504336571,8.299938096812145,31
10,X,351,True,8.304027648363807,0.6912283855896139,0.7156056375352183,8.304027648363807,30
10,X,468,False,8.299266379502544,0.9988938663714544,1.0159152049762201,8.299266379502544,32
10,X,345,False,7.562764749511865,0.24125109699942493,0.3041329301979453,7.562764749511865,53
10,X,137,False,7.035659383172237,0.16223456347015036,0.24620073316648058,7.035659383172237,62
10,X,97,False,6.087384349624093,0.8537039470161745,0.8735589142000427,6.087384349624093,86
10,X,310,False,6.733650977567446,0.8325898414981617,0.8529364522596606,6.733650977567446,67
