round,phase,row_index,selected,predicted_mean_pK,latent_sd_pK,observation_sd_pK,acquisition_score,acquisition_rank
1,T,269,False,6.3496928293094115,1.6370072579604338,1.637021123231841,7.575308126578068,206
1,T,196,False,6.3434602033545175,1.6374981481918212,1.637512009306724,8.544044508921768,91
1,T,491,False,6.433657636331878,1.625120830544772,1.6251347972284114,7.205865634545428,260
1,T,264,True,6.71524740641046,1.5715943062211457,1.5716087485881545,9.370718496017272,29
1,T,45,False,6.402855246105526,1.4900881553726417,1.4901033877130614,7.183847640521209,265
1,T,14,False,6.234763706943641,1.6333349901708607,1.6333488866156385,8.84332054529457,70
1,T,382,False,6.357115913123063,1.6412812054830244,1.6412950346491366,3.8321663711557834,606
1,T,82,False,5.638093682946744,0.4099835245748053,0.410038883174365,6.4330247873834825,367
1,T,132,False,7.271211050619351,1.029218147984591,1.0292402010380919,7.781561160960271,177
1,T,10,False,6.451125921925908,1.6070146087534247,1.6070287327982107,5.402601505567837,515
1,T,577,False,6.20550083758198,1.6335766748061953,1.6335905691950374,5.937062408607781,451
1,T,862,False,7.930056247937913,0.828910503074002,0.8289378851268023,9.032142718444542,54
1,T,636,False,4.4197149511400085,0.8210804871347681,0.8211081303004913,4.137254034380064,589
1,T,391,False,6.494209251676913,1.6029984913354562,1.6030126507660036,9.02806360454946,55
1,T,133,False,7.370045630909983,0.8283863467363692,0.8284137461144212,7.334244407689627,239
1,T,250,False,7.170746209344461,0.8339027990273528,0.8339300171583669,9.214195492261545,36
1,T,679,False,6.1940296425184105,1.6353024317477762,1.6353163114738052,6.803349506838984,317
1,T,59,False,6.2346930640248575,1.6190098031225064,1.619023822523584,5.70118590808924,477
1,T,488,False,7.785588512335211,0.7260277082419073,0.7260589703509603,8.36678117400948,109
1,T,297,False,6.320479518793211,1.6395645049198013,1.6395783485655737,5.56385542640363,489
1,T,692,False,6.766946475683154,1.6061199756302997,1.6061341075423232,7.004560470753291,294
1,T,7,False,6.148620925619487,1.5638941988557213,1.5639087123315987,4.830909249847319,560
1,T,746,False,6.0345166353518085,1.5813176219304288,1.581331975494016,7.631155066376633,196
1,T,283,False,6.623338738871474,1.5626908716288939,1.5627053962805568,4.751518620002931,565
1,T,27,False,9.277143624596398,0.8564796740374688,0.8565061747187988,9.019439096070473,56
1,T,737,False,6.9648173979544055,1.4917319417683605,1.4917471573239562,7.167316278451702,268
1,T,197,False,6.254602482313926,1.6409052611898447,1.6409190935243008,5.73588182767157,473
1,T,853,False,6.302383928156776,0.6385092080315675,0.6385447549179306,5.244686264073762,534
1,T,516,False,5.629694162033642,1.546761998540438,1.5467766727685384,8.18275129447098,129
1,T,538,False,7.163959321659193,1.513829106000145,1.5138440994584939,8.332170165398217,114
1,T,170,False,7.403019689369753,0.6696256504330369,0.6696595455975882,6.41139031477307,370
1,T,716,True,9.170858364482863,1.093045396626559,1.0930661619401691,9.611153748137971,18
1,T,392,False,6.4966325067818325,1.60382020486079,1.60383435703685,8.95433430265544,60
1,T,593,False,6.374963258151394,1.5993108518890946,1.5993250439677114,8.371906717163377,108
1,T,829,False,6.237765293573293,1.6173325467737143,1.6173465807135,5.323515133492458,523
1,T,562,False,6.665677670795635,1.598023026200031,1.5980372297157552,8.040728545443196,142
1,T,215,False,6.25857106534423,1.5974537230021035,1.5974679315796552,8.081524352012279,138
1,T,725,False,6.456117701413302,1.5346845453838065,1.5346993350920568,8.383785187237955,105
1,T,747,False,6.049020900084529,1.580450762998516,1.580465124434795,7.45120464641744,223
1,T,822,False,6.122495731911775,1.6322440366381172,1.632257942370873,7.772552802199295,179
1,T,819,False,6.612366892838397,0.2998975998155769,0.29997327492169107,6.99939072765974,296
1,T,745,False,6.0583884777818335,1.5764184152132112,1.57643281338452,7.508989816013299,214
1,T,648,False,6.999523175102263,1.4474089005048671,1.4474245819913414,8.034271780057441,143
1,T,22,False,6.313245829230427,1.6455866952987503,1.645600488282731,5.956172088676647,448
1,T,419,False,6.2923059112000495,0.21585841111693382,0.21596353613984876,6.192891816066158,406
1,T,563,False,6.673492419257564,1.5983829411208241,1.5983971414383085,7.983275450036825,154
1,T,38,False,9.039444984587242,0.7651675529046965,0.7651972159582535,7.985361230697318,153
1,T,683,False,6.3177566993996805,1.6398114740270253,1.6398253155878482,6.093669405156536,426
1,T,77,False,6.389676411404063,1.5832251975853828,1.583239533854993,7.8518452967299766,171
1,T,776,False,7.288543934039994,0.7578034336260652,0.757833384925443,7.990367238264174,152
1,T,752,False,6.329841555088213,1.6255529068676806,1.62556686983897,7.322285333475444,243
1,T,19,False,6.040464868931601,1.584338081805259,1.5843524080047557,6.659431445792386,331
1,T,547,False,7.9127232721681455,0.8252852355198432,0.8253127378510183,8.6394476174508,82
1,T,166,False,7.368367016162112,0.7621775460573689,0.7622073254739378,6.46284409597922,355
1,T,446,True,6.304443004131487,1.6457027954912173,1.6457165875021458,9.801483127930782,12
1,T,398,False,7.599792680287553,0.6872021582969214,0.6872351865701054,7.763892961605863,183
1,T,652,False,6.026357846473718,1.6180240098958507,1.618038037838279,6.224454922864633,400
1,T,2,False,6.292903287538582,1.5518119980278173,1.551826624502617,6.190124816893091,407
1,T,735,False,6.518918958706903,1.6109657533141424,1.6109798427178108,8.534974384425672,92
1,T,854,False,6.273559547950743,0.40091052184469933,0.4009671330893465,6.406275550981751,373
1,T,797,False,6.271732455585258,0.5287822614790557,0.528825184108137,6.106684709738728,424
1,T,408,False,9.325323091770517,0.8378701564525672,0.8378972457085355,9.363664496648575,32
1,T,501,False,6.344280663110438,0.9617119103766937,0.9617355113816326,7.212627933336986,258
1,T,824,False,6.32449426589299,1.6403106924771689,1.6403245298254336,7.968214037111897,159
1,T,300,False,6.324946727206498,1.6396200343256726,1.6396338775026027,4.617949898467983,570
1,T,849,False,6.382548769375073,1.6069994756014423,1.6070135997792336,4.800197201913084,563
1,T,165,False,7.391681819141411,0.7701833871137783,0.7702128569935409,6.1455107323518465,419
1,T,762,False,7.24883478369097,1.30642711142682,1.3064444851439825,7.472337754345956,220
1,T,469,False,6.344296112985991,1.372548558521867,1.3725650952842112,6.043623150144572,433
1,T,806,False,6.528139632510689,1.4711448426389075,1.4711602711177176,3.477098545033902,619
1,T,738,False,7.012178979608196,1.4770216227091237,1.4770369898016749,7.647588043204926,194
1,T,773,False,5.919989849064424,1.4961575743811935,1.4961727449296478,4.612929909239133,571
1,T,451,False,6.2134253112845865,1.6191153853258262,1.619129403812709,7.024671180246404,288
1,T,222,False,6.069252789317323,1.6386623286103092,1.6386761798777272,6.30503774338977,388
1,T,309,False,6.1434977453039465,1.6416951430462312,1.641708968725482,7.005681207107939,293
1,T,139,False,6.5881197475724855,1.6154047600812411,1.6154188107686605,7.3978746484948115,228
1,T,236,False,6.32818263274627,1.5497230474057098,1.5497376935960938,7.9824673588533095,157
1,T,846,False,5.925874592983303,1.5928756208583248,1.5928898702725478,7.223053115684101,257
1,T,592,False,6.41580631690173,1.6321445338683065,1.63215844044881,8.416937537863346,103
1,T,355,False,7.806413823832379,0.9748536375647404,0.9748769204188326,8.851328197130933,68
1,T,860,True,7.8018957289890345,1.056800938051459,1.0568224155261583,10.197483534933024,3
1,T,830,False,6.463347985788466,1.6176922667058313,1.6177062975249714,7.646906637177931,195
1,T,255,False,5.74673901558993,1.4965113189221018,1.4965264858845864,5.433764462781753,506
1,T,589,False,6.363786866470089,1.5917066062381182,1.5917208661176017,8.356265338014378,111
1,T,654,False,6.937882728029282,1.5260609340123492,1.5260758072948881,7.905104143076868,166
1,T,711,True,9.11748391679475,1.1274034044303773,1.1274235369253673,10.245554265481587,2
1,T,163,False,7.322094625269349,1.00721581948906,1.0072383542742596,6.287863317531727,391
1,T,606,False,6.133064782121592,1.6297738154468662,1.6297877422561309,4.477348185524619,580
1,T,16,False,5.865467337864007,1.514567790596598,1.5145827767424138,4.506143980933361,577
1,T,700,False,5.391283774000639,1.1954585306132626,1.1954775170232694,6.977958504695769,298
1,T,524,False,6.584178662542224,1.5391290853096844,1.539143832310134,3.6610480150582263,612
1,T,434,False,6.216073804988698,1.6041734982324842,1.6041876472917833,4.953922976708941,553
1,T,781,False,4.248868972896392,0.6521490392735408,0.6521838427295658,3.9415570255506065,599
1,T,284,False,6.317797307953252,1.639825059302587,1.6398389007487393,2.886665806726665,628
1,T,581,True,9.289184744825377,0.728620294281684,0.7286514451582652,9.43918838123196,26
1,T,571,False,6.6608584570914795,1.561430474476831,1.5614450108527813,7.896793791740464,168
1,T,527,False,9.25266694134123,0.9440307347506217,0.9440547777782279,9.047724221620818,50
1,T,135,False,7.363839193350183,0.9563901689728521,0.9564139013000705,7.310978865931488,244
1,T,653,False,5.8460372045255955,1.536892141053681,1.5369069095181622,6.154772183213318,417
1,T,834,False,6.525196572572868,1.6040841789917515,1.6040983288388968,7.272364217408079,252
1,T,443,False,8.170332432684074,0.6190976815140382,0.6191343428918784,8.868541696720126,67
1,T,523,False,6.335130603966018,1.6415844526573495,1.6415982792688444,5.036743458781504,545
1,T,718,False,6.290647931133618,1.6455109996791906,1.6455247932976609,5.77045502797738,470
1,T,350,False,7.181379255127121,1.5050996877775251,1.5051147681954702,9.04154912772118,52
1,T,187,False,6.889032016281119,1.5066225801824413,1.5066376453572696,5.5580399300157515,491
1,T,835,False,6.919372830795072,1.5274732034803873,1.5274880630115368,5.38537529737692,517
1,T,199,False,6.085977480257022,1.596061572296497,1.5960757932672454,5.810373152734288,465
1,T,575,False,6.176416502089984,1.6355737686247687,1.6355876460482113,7.145290713235424,271
1,T,787,False,6.274557950299778,1.6400187673918796,1.6400326072031863,7.4258870130795485,226
1,T,684,False,6.271290217289069,1.6423386516804994,1.642352471942555,3.76545423273296,608
1,T,534,False,6.273663593361048,1.6432398152352694,1.6432536279182661,7.0597225791323694,281
1,T,53,False,6.256793784440968,1.5860798391035786,1.5860941495708678,4.082346170925669,591
1,T,670,False,4.71027107075766,0.21092959311366355,0.21103717336809694,4.612754069666561,573
1,T,285,False,6.0925248421124945,1.6301960781058848,1.630210001307779,5.39714111554831,516
1,T,231,False,6.3559476587602415,1.627605689925239,1.6276196352861787,3.6585520372254576,613
1,T,761,False,6.148903092139084,1.6176814572026978,1.6176954881155923,8.448840264091775,101
1,T,410,True,9.186419528718863,0.9148630197151028,0.9148878292634224,9.532079062578331,21
1,T,277,False,5.638512973926156,1.5967951302121262,1.5968093446499059,5.0898716616549615,541
1,T,807,False,6.511988953301775,1.5052902699955182,1.5053053485041767,5.250620919459732,533
1,T,544,False,7.890433498382027,0.8723355165105426,0.8723615355217215,9.112200778109425,47
1,T,357,False,7.52314595738876,1.208381639167389,1.2084004225292897,9.046347890124538,51
1,T,409,True,9.437566952958413,0.6835014964471738,0.6835347035356922,9.770188068193407,13
1,T,777,False,6.205685400352526,1.6446883257675604,1.6447021262855477,5.987789893695723,443
1,T,98,False,5.640713979194284,0.5084464509970537,0.5084910902106347,5.962509142550373,445
1,T,624,False,7.080984427024462,1.537335188006553,1.537349952214929,7.854714861080375,170
1,T,449,False,6.334200906355274,1.6443400564457364,1.644353859886633,6.445475940541742,362
1,T,200,False,6.408197037917423,1.6002098083601437,1.6002239924660886,5.490343710065387,502
1,T,615,False,7.121090953836807,1.4234600993777855,1.423476044692258,5.3494146383366115,522
1,T,416,False,7.0552557543971925,1.4393009528541107,1.439316722677414,7.4216821339920465,227
1,T,531,False,8.83011606684693,1.2254624832783712,1.2254810048364244,8.665477347364732,81
1,T,680,False,6.1996588204889775,1.634349936658606,1.634363824473636,6.729979094428293,325
1,T,168,False,7.4163356964139755,0.6479986039253264,0.6480336302857072,7.052691821511542,284
1,T,512,False,6.625763928835074,1.4928478011948707,1.492863005377406,7.304767714773466,246
1,T,727,False,5.45806390385158,0.367631322779132,0.3676930578355198,5.417854538508422,509
1,T,219,False,6.056148575098041,1.6382857270409483,1.6382995814924048,7.30133556654668,249
1,T,232,False,5.866058254898105,1.5775500202529993,1.5775644080963347,6.697287371789214,328
1,T,267,False,6.313071659978598,1.6401082457007181,1.6401220847569817,7.6244923167013186,198
1,T,272,False,5.973178391397579,1.620842887457717,1.6208568910037584,6.805692419651123,316
1,T,734,False,6.148735298435321,1.5120699214104658,1.5120849323124521,5.370158895587134,521
1,T,742,False,6.032152470693919,1.5795116950368073,1.5795260650113214,7.595036605714349,201
1,T,246,False,6.223733659652192,1.6272333486467752,1.6272472971986456,7.4614704759871024,221
1,T,810,False,6.529855130047626,1.482352241667746,1.4823675534999718,4.222585288799626,588
1,T,639,False,6.291265155601141,1.6396674264638886,1.639681269240706,7.203107765706688,261
1,T,378,False,9.199675851610108,1.027487588197612,1.027509678393467,9.22352434335189,34
1,T,559,False,6.500886547876881,1.0594169599235177,1.0594383843648902,8.312264045681708,118
1,T,223,False,6.074399668531816,1.6386939106858878,1.6387077616863566,6.4031219357752,374
1,T,270,False,6.808721962585107,1.4488917007370097,1.4489073661751757,7.769010911240556,182
1,T,63,False,6.590027979011145,1.6293569717626715,1.6293709021348466,8.080240403765337,140
1,T,642,False,5.400829196441771,1.547329789593734,1.5473444584371927,7.017079372914748,289
1,T,47,False,5.459597932762142,0.2911705831775401,0.2912485258332638,5.7704349990923145,471
1,T,249,False,7.377306735713239,0.400962470911881,0.40101907482295845,7.07706929178621,278
1,T,582,False,7.561636255392299,1.1352480269765322,1.1352680203573997,8.825271715533741,71
1,T,552,False,6.25956199717735,1.5870366415560875,1.5870509433958715,4.008227628840199,594
1,T,340,False,6.446015449662969,1.5962326607943318,1.596246880240852,4.126370187875606,590
1,T,498,False,6.216690657220332,1.0715456369748013,1.0715668189207024,5.2934403498030855,526
1,T,107,False,6.616943009694399,1.6019863303180182,1.602000498694645,7.851737892433542,172
1,T,550,False,6.251059654512901,1.5814896436250763,1.5815039956274126,3.509437123665423,618
1,T,515,False,6.59924745943702,1.4904058239539248,1.490421053047721,7.198084269567925,262
1,T,124,False,6.181752201629915,1.530197107347077,1.530211940427032,5.592540097757694,483
1,T,308,False,7.712448544150785,0.9441120241969326,0.9441360651544513,8.701356747410474,78
1,T,588,False,7.652776395313932,0.8711217230399582,0.8711477783041212,7.431519703816531,225
1,T,260,False,6.054945525995648,1.6217596078552168,1.6217736034856427,4.372095668411857,582
1,T,122,False,6.961126626571584,1.1338938408362893,1.1339138580944201,6.408089288954301,372
1,T,42,False,7.027419538297325,1.4472359342058436,1.447251617566469,7.369660501366457,232
1,T,480,False,6.523429099791977,1.5504618621964827,1.5504765014078368,6.848658513065454,311
1,T,103,False,5.760143822991144,0.6083190047485946,0.6083563156822005,5.431575551051304,507
1,T,140,False,9.114314467798238,0.6249108866035552,0.6249472069605096,9.041285933522891,53
1,T,247,False,6.595557410909994,1.6041912653730752,1.6042054142756683,6.852942074158693,310
1,T,521,False,4.875681736223627,1.1328963528077896,1.1329163876903239,6.15651261394935,415
1,T,142,False,7.0248883228206225,1.3836275102785056,1.3836439146296262,8.087093572426792,137
1,T,220,False,6.056148575098041,1.6382857270409483,1.6382995814924048,7.301366213591721,248
1,T,336,False,6.044852315266705,1.6216643576338228,1.6216783540862902,3.869012538456672,604
1,T,192,False,4.710558275128831,0.1667244849201619,0.1668605680320963,4.820954388025436,561
1,T,83,False,5.755970701947504,0.5212920660639162,0.521335605376505,5.537023280695216,493
1,T,164,False,7.31551223106009,0.7023461468791635,0.7023784630298028,6.037545372408266,434
1,T,116,False,6.255402552524505,1.6430293413185486,1.6430431557709506,8.378821226391082,107
1,T,513,False,6.57025292890001,1.4953912788188413,1.4954064571411847,7.509258767336719,213
1,T,115,False,6.155150143235207,1.5960931943772292,1.5961074150662318,5.808212668268409,467
1,T,551,False,6.274917170937442,1.5820836771651436,1.5820980237787046,3.8838074515989156,603
1,T,526,False,8.805642446654815,1.2105542975787456,1.2105730472294807,9.09787581629834,48
1,T,743,False,6.042231477605531,1.5798282544314535,1.5798426215265982,7.579545798228276,205
1,T,131,False,6.424423764997394,1.6111030907744128,1.6111171789770495,7.658569208735659,193
1,T,30,True,9.329394177587659,0.9382504198806584,0.9382746110272474,9.707097349611772,16
1,T,203,False,6.548502334721452,0.9340951316904573,0.9341194304476882,7.348735609129409,234
1,T,386,True,7.120837465121311,1.522816867059203,1.5228317720260853,9.518124434145294,23
1,T,741,False,5.944564860825225,1.5941817045322146,1.5941959422722596,6.337096019049155,383
1,T,314,False,6.466754113024138,1.6126428113974605,1.6126568861490673,7.380032601364072,231
1,T,159,False,6.19615308695451,1.63573615445117,1.635750030496959,6.639927448715252,339
1,T,651,False,6.3300197240770215,1.6134475091631073,1.613461576895073,8.35965355218537,110
1,T,377,False,8.926898326389344,1.227362035067332,1.2273805279605519,9.122484972622551,45
1,T,335,False,6.306312677349229,1.5583239576891705,1.5583385230430968,6.766447589050683,321
1,T,374,False,6.164262831657939,1.570644801118549,1.570659252216351,6.578429248298174,343
1,T,279,False,5.954933229620183,1.5923836930449715,1.5923979468611615,5.689015620276732,478
1,T,385,False,8.513403532100323,0.234914352224388,0.2350109533045308,8.223724996804998,124
1,T,218,False,6.097448529796075,1.6389042938297427,1.6389181430521989,6.933808990714376,303
1,T,401,False,7.254296011919034,1.5443711230501007,1.5443858199954859,6.555857038656698,346
1,T,454,False,6.346358001966729,1.6126891522221782,1.6127032265693488,6.646649178930236,335
1,T,486,False,6.389737889338133,1.5841894658448012,1.584203793388255,8.080486062987173,139
1,T,407,False,6.162758442210236,1.6034417321213994,1.6034558876378775,4.35782534587352,583
1,T,463,False,6.177416472541286,1.6403035264236834,1.6403173638323993,4.722668204146791,567
1,T,62,False,6.531127630304807,1.557853536129848,1.5578681058820005,3.0068842792824326,625
1,T,816,False,6.302784635692981,1.645703399030449,1.6457171910363195,8.006282476208272,146
1,T,832,False,6.129281362868831,1.4659105303300128,1.4659260138985595,5.2871765829658175,527
1,T,360,False,6.506596907960062,1.4792991700354814,1.479314513468912,7.079151526404487,277
1,T,239,False,4.732193288615536,0.3278378730628754,0.3279071001160093,5.372971497931966,520
1,T,566,False,6.313037191125748,1.6424703802124527,1.6424841993661123,8.057325539732718,141
1,T,234,False,6.152578007540116,1.5642279677845097,1.5642424781635862,6.649294067564003,334
1,T,793,False,6.2534899994163595,0.7183049028441428,0.7183365010508891,6.23806962308323,397
1,T,586,False,6.185076735558813,1.5479676678315433,1.5479823306304008,5.9128114519117165,454
1,T,259,False,6.064966441817992,1.5914455225693216,1.5914597847881804,2.7698065897410085,631
1,T,216,False,6.0545329944481825,1.6379213646715463,1.6379352222049566,7.163227945099633,269
1,T,447,False,6.3751743722289325,1.6010069887447143,1.60102116578811,9.208152163050945,37
1,T,354,False,7.848960164071375,0.8896572775158258,0.8896827899476147,8.882696968949787,64
1,T,775,False,7.292324204885757,0.7086211002631735,0.7086531302621129,7.994778599728502,150
1,T,613,False,6.613432359252525,1.6333741383862013,1.6333880344979161,4.942363723550823,554
1,T,281,False,6.280691851773883,1.6423453260479624,1.642359146253854,7.493871170571949,215
1,T,356,False,7.874274918874589,0.8885205519016667,0.888546096971757,8.884120669158522,63
1,T,319,False,4.754761354764985,0.48828821425877905,0.48833469616250685,5.584628057856468,485
1,T,324,False,4.040005842106107,0.36298321924590304,0.36304574470198636,3.9447261828017672,597
1,T,167,False,7.41727938470238,0.6372767011588385,0.6373123167898076,6.910614308472899,305
1,T,369,False,7.145245319681239,0.6449828310209117,0.6450180211465805,7.145944158614306,270
1,T,387,False,7.122826417167665,1.5194244747136623,1.5194394129582756,7.368999658816755,233
1,T,494,False,6.2738790105942055,1.5876981451901369,1.5877124410712102,5.259441264776132,531
1,T,529,True,9.094926907347359,1.1345614162167756,1.1345814216969694,10.153596279679185,4
1,T,221,False,6.070529923481186,1.6386681639673424,1.638682015185436,6.714884560837003,326
1,T,719,False,9.220755343937892,0.99092868540577,0.9909515905694424,9.196432402565742,39
1,T,299,False,6.32368569046043,1.6394701973841637,1.6394840418262597,4.998773957521308,551
1,T,706,False,9.128134920850423,1.0982273667583629,1.0982480340929859,8.74775963411867,76
1,T,576,False,6.17822093597093,1.633255927210528,1.633269824328002,6.087289787447918,427
1,T,801,False,6.199214670986682,0.47675312644175644,0.4768007328686586,6.008349320332873,439
1,T,162,False,7.290094352684259,1.0032314257843382,1.003254050065773,6.786838175756968,319
1,T,341,False,6.460490300291958,1.589447714761665,1.5894619949068238,3.947065362275062,596
1,T,353,False,7.8361528625155135,0.8935539842793377,0.8935793854569272,8.924800696475659,61
1,T,373,False,6.636459925523216,1.617232920279336,1.6172469550836477,3.336958699672764,620
1,T,136,False,7.352830992768722,0.9343333607932004,0.9343576533550829,7.545838452245531,210
1,T,638,False,6.288011026448345,1.6399395262176049,1.6399533666976396,7.848679361824092,174
1,T,714,True,9.184825155753405,1.0843035386499544,1.0843244713741886,9.860449331709763,9
1,T,237,False,6.43042154503966,1.5021476423577125,1.5021627524116468,5.847907546613657,457
1,T,453,False,6.3372355345330735,1.6265101414236596,1.6265240961775247,6.43983361838685,365
1,T,442,False,5.761160980813138,1.564763425671944,1.5647779310856536,6.4327072109158765,368
1,T,473,False,4.765391809391166,0.5605928415061509,0.5606333286917938,4.9714865002710384,552
1,T,565,False,6.225665854731349,1.636202875361664,1.6362167474493952,8.246353165698999,121
1,T,154,False,6.3300431862354225,1.6103719597355466,1.6103860543343653,5.529991312378317,496
1,T,800,False,6.246138753955062,0.40829094325329507,0.40834653131227394,6.550964923562816,347
1,T,794,False,6.208863061305441,0.6930690211363554,0.6931017698368735,6.053474462319794,432
1,T,331,False,6.351411345813698,1.6213855173699665,1.6213995162294745,6.187252032001181,408
1,T,21,False,6.318824392651329,1.5995615037066913,1.5995756935614245,5.567661829660613,487
1,T,780,False,6.350461757845621,1.619316520938581,1.61933053768424,6.270351640234339,392
1,T,792,False,6.2563869409455934,0.7239838963824324,0.724015246740833,6.373218001917793,377
1,T,15,False,6.151505785955234,1.5619798224543306,1.561994353717888,6.063105501791082,430
1,T,567,False,7.591125279091024,0.6402452740273721,0.640280724531424,6.875602904842935,306
1,T,186,False,5.349405064362783,0.6221607119353749,0.6221971928320098,5.40296251873494,514
1,T,327,False,6.47433555973558,1.599544331985206,1.5995585219922714,8.186594125086,128
1,T,758,False,6.484687505745259,1.5222276583603749,1.5222425690964665,6.438333094035433,366
1,T,458,False,5.910962204727545,1.5521875681991864,1.5522021911349706,7.583520202803897,203
1,T,549,False,6.246437708237334,1.560707261222391,1.5607218043342626,7.310179504097268,245
1,T,707,False,9.36247358883439,0.8198938375319564,0.8199215207048652,8.873254040406998,65
1,T,258,False,6.08031699341464,1.5905036618916781,1.5905179325562282,3.1575039876202062,624
1,T,134,False,7.3791546486062085,0.795865400889199,0.7958939198314221,7.092376483377354,275
1,T,678,False,6.140610509948895,1.6335151522153166,1.6335290471274544,6.077030118790987,428
1,T,723,False,6.594954086084153,1.5627514116459367,1.562765935734929,3.813951529082523,607
1,T,205,False,6.555085385608174,0.775528605316416,0.7755578720870068,5.509428278443995,497
1,T,304,False,6.0849886117963825,1.617355224955992,1.6173692586989985,7.323088159772958,242
1,T,698,False,6.226142821707589,1.6449596500478882,1.6449734482895981,7.325150416153545,241
1,T,546,False,7.862717800740106,0.9123956555400315,0.912420532178241,8.720483444652078,77
1,T,635,False,6.4375449263783615,1.6385234207888215,1.6385372732304877,4.933018573161307,555
1,T,759,False,6.503862629203562,1.5156857818052256,1.5157007568971583,6.379501757892471,375
1,T,57,True,6.285687082953823,1.6401084861471442,1.6401223252013788,9.442936297021394,25
1,T,208,False,6.4628526940609,1.6101923121110933,1.6102064082824192,6.207592954340333,403
1,T,388,True,7.120837465121311,1.522816867059203,1.5228317720260853,9.518073872006523,24
1,T,206,False,6.5224744054354,1.0839497799335454,1.0839707194892683,8.591255044882502,87
1,T,770,False,6.431127505394169,1.5728125168714688,1.5728269480523485,6.345977555118556,382
1,T,585,False,6.413405486233581,1.560737005536436,1.5607515483711498,6.858156153263145,309
1,T,509,False,6.788550705046446,1.4493640836917434,1.449379744024218,7.921883081705429,162
1,T,455,False,6.377519898538218,1.6114038602879004,1.6114179458609885,6.58905582373795,341
1,T,643,False,5.391634274908973,1.539264008714602,1.5392787544224231,7.744602350224396,188
1,T,708,True,9.147379407735688,1.0998174985387952,1.0998381359928529,10.262094380255233,1
1,T,55,False,6.420434314469183,1.5606683205840983,1.5606828640588357,7.745397340434823,186
1,T,657,False,6.019251999389293,1.5104596176840646,1.5104746445890416,3.3044512296373583,621
1,T,348,False,6.980428442300286,1.5729276445097495,1.5729420746343743,9.172921050532713,41
1,T,35,False,9.422773238502245,0.7231909592566523,0.7232223439874197,9.17212510476509,42
1,T,366,False,6.2365404592999765,0.7494794298887318,0.7495097138252705,6.4563581773524525,357
1,T,757,False,6.208964324793674,1.642523522925331,1.6425373416318854,7.769076658069723,181
1,T,441,False,6.193039082730617,1.6446661715603477,1.644679972264231,6.751669257676339,322
1,T,464,False,7.190973320048708,1.5665976765301375,1.5666121649603406,6.350634617821999,380
1,T,65,False,6.58603813633619,1.6271681884177744,1.6271821375282125,8.146713508916143,133
1,T,754,False,6.339259062662842,1.6246833881472362,1.6246973585913418,7.583437637915261,204
1,T,6,False,5.631352459424321,0.5020869094108371,0.5021321139837869,5.563614766046541,490
1,T,156,False,6.091714804815079,1.5968072829202231,1.596821497249823,4.633231653183816,569
1,T,836,False,6.079874131697032,1.5818101901946477,1.5818245392886432,7.337545651914089,238
1,T,105,False,5.7143899823045,0.6776204026750519,0.6776538979549959,6.410719158025671,371
1,T,243,False,6.25185163373537,1.640813741052112,1.6408275741580918,6.544076144195152,348
1,T,111,True,8.088466565639518,1.035778477000886,1.0358003903795243,9.367354512296277,30
1,T,472,False,5.4996759984181045,0.5187550579729457,0.5187988101996909,6.259849698065299,396
1,T,570,False,6.672485946459381,1.5594511582936212,1.5594657131195344,8.430751377181908,102
1,T,70,False,5.348545323868091,0.34062145869235105,0.3406880881595445,4.804286688849389,562
1,T,394,False,6.287134107626087,1.6007974104425124,1.600811589341967,7.998043260966169,148
1,T,838,False,6.3316701167993825,0.68496479197823,0.6849979281296261,5.665848729509718,480
1,T,828,False,6.255463935651006,1.6198270095491918,1.6198410218775106,5.599968156263098,482
1,T,731,False,8.89136473583827,0.8371966826896384,0.8372237937365588,7.628544783326569,197
1,T,495,False,6.283478539094973,1.3223160693953353,1.3223332343525325,5.261460067329346,530
1,T,364,False,6.28762349169605,1.580426141736887,1.580440503396899,8.515982846466517,93
1,T,240,False,4.7092647950297195,0.16147531694389508,0.16161581999987473,4.882053386411689,557
1,T,522,False,5.975295575162947,1.5548969579563765,1.5549115554121058,5.706796487268777,476
1,T,276,False,5.681524300458155,1.591311336929565,1.5913256003510596,5.058406813027936,543
1,T,702,False,5.058819910481892,0.7386065530567544,0.7386372827785507,5.198410605446814,535
1,T,282,False,6.324683739150968,1.62513782294831,1.6251517894859153,7.387650601957326,229
1,T,766,False,6.706867094465896,1.5941806915385996,1.5941949292876918,7.754687681089936,184
1,T,362,False,5.841706348828771,1.537697638664204,1.5377123993925423,3.513076870281182,617
1,T,841,False,6.321642137714067,1.6111059580370262,1.6111200462145905,7.9965650223796,149
1,T,245,False,6.597793068489603,1.610902473194054,1.6109165631511835,7.9925573707235085,151
1,T,771,False,6.2501375614771915,1.6374158814865638,1.6374297432978677,6.417317108525664,369
1,T,848,False,6.330717536256635,1.6072873760526045,1.6073014977004678,6.858464992728182,308
1,T,244,False,6.060314197181438,1.5657289947571091,1.565743491225561,3.5734210887611777,616
1,T,418,False,7.575328869975694,0.8932004192517752,0.893225830483897,7.982958451402049,155
1,T,217,False,6.048646247274323,1.6376609551219645,1.6376748148588858,7.979986334012606,158
1,T,18,False,6.040464868931601,1.584338081805259,1.5843524080047557,6.6593846301408375,332
1,T,564,False,6.76842100233906,1.5749166991441963,1.5749311110443376,8.559241728865524,88
1,T,126,False,6.3228410328359255,1.626026184603627,1.6260401435108327,6.216432830559274,402
1,T,554,False,8.734503493329404,0.6932147237984655,0.693247465616055,8.469948864498875,97
1,T,460,False,5.881476602670504,1.540232450072273,1.5402471865086258,7.00705580763632,292
1,T,525,False,8.24332176549727,1.4150166085121871,1.4150326489722536,8.181930536159216,130
1,T,322,False,7.111791889351276,1.4169940631284204,1.417010081203832,6.529162714561901,351
1,T,291,False,6.323814154288233,1.6438321216179101,1.643845929323956,4.456163351905605,581
1,T,847,False,6.301171487828254,1.4603239157225538,1.4603394585244052,4.497732564795219,578
1,T,724,False,6.544904291952212,1.56554254234286,1.5655570405377908,3.941820299963969,598
1,T,330,False,7.033577591264131,1.5885497871356327,1.5885640753525696,8.450617126970686,100
1,T,169,False,7.407758825181954,0.6579889328269247,0.6580234274057543,6.4406541079151935,364
1,T,288,False,6.240876814923766,1.6155108616390355,1.6155249114036587,5.5735456706153474,486
1,T,755,False,6.429038231444828,1.5868241089668804,1.5868384127221757,7.967648638398753,160
1,T,471,False,6.260651779236,1.1521984153515386,1.152218114607949,5.013873884549989,548
1,T,346,False,7.07787856648823,1.5680219687113692,1.5680364439813184,6.8329478500989795,313
1,T,25,False,6.128346834515071,1.5889831296677501,1.588997413988084,5.284934922510431,528
1,T,474,False,5.998344549710543,1.6350445652540817,1.635058447169094,6.224250321969047,401
1,T,626,False,6.302909101022817,1.6455350532105455,1.6455488466273898,6.746160398225013,323
1,T,44,False,6.287115400276799,1.641380199569348,1.6413940279014096,7.779479779686483,178
1,T,143,False,7.0570477778021905,1.3700670328753242,1.3700835995894174,7.711251501598223,189
1,T,36,False,9.062061828318058,0.751210269132321,0.7512404832954324,8.75290392399804,75
1,T,152,False,6.7787100412780275,1.5027471261217131,1.502762230147926,8.315347621641783,116
1,T,833,False,6.255037653625783,1.5791512292181131,1.5791656024727674,5.813570326587042,464
1,T,195,False,6.350328653274112,1.634156747097919,1.6341706365547486,7.477187535224445,218
1,T,11,False,6.493026670877448,1.6079411599856173,1.6079552758917124,6.162646275914621,412
1,T,427,False,6.986638830029816,1.5699494253234856,1.569963882822036,6.6459952691181705,336
1,T,545,False,7.908191473399991,0.8568858225469851,0.8569123106678558,8.382124504761107,106
1,T,802,False,6.207840317334285,0.4544223408522495,0.45447228645731363,5.960410259729392,446
1,T,444,False,8.285119244579793,0.4964307972092991,0.4964765167759305,8.608225289384636,86
1,T,406,False,7.091572886356845,1.5691065510504716,1.56912101631506,7.744675652219343,187
1,T,50,False,4.751017673493151,0.5495247070884578,0.5495660096774144,5.468965793342008,504
1,T,647,False,6.041606692276358,1.5808169168962942,1.5808312750061613,7.553544775928614,209
1,T,478,False,6.5267128672702235,1.4367045933798075,1.4367203917014397,5.72299998081405,474
1,T,393,False,6.190616329214,1.6241411884482486,1.6241551635561764,7.899979599126198,167
1,T,49,False,4.717131359479619,0.4861421057268951,0.48618879280859634,5.174139611056567,538
1,T,151,False,6.711711528800599,1.5328716805411402,1.5328864877404065,5.9454315183673545,449
1,T,837,False,6.291702109885587,1.6298327694577173,1.629846695763228,4.301873281270413,584
1,T,420,False,6.091351456237217,1.52422280354939,1.52423769476813,3.984069649076695,595
1,T,709,True,8.959006533152138,1.1860094307196165,1.1860285683945262,9.628868729629792,17
1,T,29,False,9.195027742680097,1.0163584153954757,1.016380747474736,9.016825602271766,57
1,T,404,False,7.0758967723019515,1.5730758879186042,1.5730903166833765,7.2782585180559956,251
1,T,591,False,6.41666974223318,1.6273495471097013,1.6273634946656048,8.290189224731341,119
1,T,4,False,6.160843963950332,1.6432069168833916,1.6432207298429269,7.247340652092287,254
1,T,506,False,7.071784985515561,1.0683437066973964,1.0683649521263945,5.972739407799832,444
1,T,641,False,6.296648545613676,1.6408217342150375,1.6408355672536306,6.806390350942475,315
1,T,37,False,9.014502429699291,0.7828902137499685,0.7829192053319243,8.211044679697254,125
1,T,772,False,6.11377719122308,1.5362247458902656,1.5362395207706745,6.17032582853937,411
1,T,271,False,6.794318310993851,1.4616870846847487,1.4617026129915416,7.574780931141705,207
1,T,689,False,6.8561293322130155,1.6142235225006982,1.6142375834698752,7.339038646641602,237
1,T,640,False,6.288011026448345,1.6399395262176049,1.6399533666976396,7.848695578212289,173
1,T,696,False,6.2954529141848115,1.5905220158066962,1.5905362863065706,6.593689055071849,340
1,T,17,False,5.791273841124682,1.503347564373141,1.5033626623668543,5.536834454483057,494
1,T,656,False,6.035760363206803,1.5127799732693217,1.5127949771257274,3.71885388859328,610
1,T,499,False,6.272731983652933,1.1520369710625955,1.1520566730795756,5.818012140184162,463
1,T,295,False,6.523539940203831,1.569828642912567,1.569843101523465,5.251440918638459,532
1,T,729,False,6.406880078686063,1.5979752124103042,1.5979894163510149,3.0029642028163415,626
1,T,605,False,6.25260554499577,1.6441739573756529,1.644187762211,6.316095819807002,386
1,T,372,False,6.624933787604789,1.616285349766202,1.6162993927985478,4.022999635444414,593
1,T,380,False,6.335323982556779,1.5684938900997751,1.5685083610145105,5.768996258588644,472
1,T,257,False,6.079490793599858,1.5902018445716686,1.5902161179447396,3.7203820906851353,609
1,T,160,False,6.916415848040184,1.2183465176055794,1.2183651473403787,8.210354394273127,126
1,T,23,False,6.1714342839325775,1.5136019062239212,1.5136169019328467,6.365771655192711,379
1,T,614,False,7.0077805376989355,1.5019484570340598,1.5019635690918383,6.160971074151275,414
1,T,528,True,9.05788272165626,1.1584829707291393,1.1585025631225476,10.099283156961695,7
1,T,560,False,7.215914247037743,0.27616047158192514,0.2762426494161461,7.183305528004388,266
1,T,248,False,7.377306735713239,0.400962470911881,0.40101907482295845,7.077055520108685,279
1,T,337,False,6.0649944464352785,1.6197327819631475,1.6197467951066233,3.229473439455402,623
1,T,744,False,6.040966658272009,1.576826611502452,1.5768410059465112,7.435242448566386,224
1,T,148,False,7.265296285025193,1.547654529249312,1.547669195014881,6.644275244009415,338
1,T,12,False,5.969402942516,1.6276554094676383,1.6276693544025966,5.270735496378983,529
1,T,622,False,6.418914937964981,1.5315683799457764,1.531583199745228,6.860629685904656,307
1,T,713,True,9.021216428353206,1.1742868351640958,1.174306163882234,10.144483404974581,5
1,T,715,True,9.377042188344106,0.9100100145891697,0.9100349564410597,9.956584766348474,8
1,T,817,False,6.302020011175122,1.6457029864507777,1.645716778460106,8.178778096240801,131
1,T,72,True,6.21993267800562,1.6442661372365288,1.644279941297964,9.53315730121742,20
1,T,73,False,6.213561881238763,1.6356097709510784,1.6356236480690598,4.525310166849152,576
1,T,426,False,6.460437857601129,1.5724860946882337,1.572500528864761,3.2828052870842943,622
1,T,110,False,9.256746848118276,0.38065796399243623,0.3807175867266541,9.116775313435879,46
1,T,214,False,6.255257826858258,1.5996967669983346,1.599710955653247,8.453098013483526,99
1,T,604,False,8.400566219476822,0.6295153747128286,0.6295514294256932,6.585007889821268,342
1,T,1,False,5.858709037740023,1.5714697970670943,1.571484240578376,6.96567220018966,299
1,T,363,False,6.324752880016137,1.6408940211830463,1.640907853612252,4.832589753638342,559
1,T,88,False,5.629193867766195,0.44034214479216965,0.4403936872529722,6.376689076746487,376
1,T,555,False,7.995602425433405,0.9363095886680203,0.9363338299579792,7.458831976772725,222
1,T,750,False,6.044451663407329,1.576921005667143,1.5769353992495616,7.6189290341018125,199
1,T,91,False,5.6805136259373725,0.4196526598219843,0.4197067430811264,5.316022613931042,525
1,T,482,False,6.211333520047345,1.612564470924495,1.6125785463598656,8.290106082034551,120
1,T,86,False,5.625307653132185,0.3433800728384366,0.3434461671275872,5.988993193119644,442
1,T,533,False,6.275837424487179,1.643341956034422,1.643355767858908,6.444420881954833,363
1,T,74,False,6.216192127150573,1.6344999779418998,1.6345138644820887,4.249682718240246,586
1,T,179,False,6.258807579091982,1.6395084888018703,1.6395223329206263,6.3013936353553195,389
1,T,184,False,5.950071247815729,1.576821340411974,1.576835734904151,6.155977703623739,416
1,T,815,False,5.999398186464289,1.5912919628200304,1.5913062264151818,3.675688588930552,611
1,T,795,False,6.227920699015197,0.7188972875997248,0.718928859770104,6.128224586106527,421
1,T,365,False,6.237097163062129,0.7138896991259881,0.7139214927499342,5.844444368792882,459
1,T,150,False,6.3767642874491175,1.631757650652595,1.6317715605302652,6.180808446288723,410
1,T,13,False,6.072439681132266,1.4695851972457885,1.4696006420984047,7.680514904860265,191
1,T,558,False,6.506833766690645,1.0703674965650256,1.0703887018251736,8.500745688754249,95
1,T,266,False,6.634010058512297,1.5761871789022714,1.5762015791858608,8.514050521828837,94
1,T,503,False,5.47165131450045,0.503124191184135,0.503169302568023,5.840889327105007,460
1,T,212,False,5.939039850076321,1.6019098679273363,1.6019240369802423,5.837472501549499,461
1,T,619,False,4.474723585081814,1.4519289989515176,1.4519446316194211,7.016690827619426,290
1,T,823,False,6.100684781679557,1.6321535955865578,1.6321675020898527,8.006411147687654,145
1,T,856,False,6.340611900912633,1.6037525660175738,1.6037667187905018,7.04626492740014,285
1,T,490,False,6.13932536869136,1.6292668779052852,1.629280809047764,8.625023570318614,84
1,T,483,False,6.222369446561911,1.612882483201242,1.612896555861381,8.353732283698585,112
1,T,66,False,6.264607837544488,1.5825878356936138,1.5826021777368742,6.022086826719341,437
1,T,484,False,6.241279526614733,1.6160865630575663,1.6161006078172602,7.769865291609335,180
1,T,661,False,6.30251814772596,1.645703183524864,1.6457169755325407,8.345970832103497,113
1,T,316,False,4.826655953771568,0.48907566353970383,0.4891220706111125,5.496038282780333,500
1,T,68,False,5.944202730069988,1.5177583771671965,1.5177733318098925,8.24075669728722,122
1,T,467,False,6.320810217129208,1.2679002263076191,1.2679181279416318,6.098423764598419,425
1,T,289,False,6.260070989792684,1.6200268617436204,1.6200408723433442,5.847026813197783,458
1,T,535,False,7.184655038410756,0.7153789992925617,0.7154107267304058,8.764333448268232,74
1,T,60,False,6.1370991823539764,1.5792790276078683,1.5792933996994207,4.738295790619388,566
1,T,428,False,6.338849869768028,1.5666925088034298,1.566706996356653,6.233123519722085,399
1,T,851,False,5.909696363357191,1.5638551625580526,1.5638696763962059,5.480707982451533,503
1,T,339,False,6.44936608420792,1.595926213537988,1.5959404357148796,3.919172466457914,601
1,T,579,False,8.999105791460545,0.795618061104128,0.7956465889119317,8.391321584124874,104
1,T,402,False,7.230921407748477,1.5344558538541082,1.5344706457665591,6.670766867393127,330
1,T,321,False,7.092208340768137,1.428549760838246,1.4285656493431131,6.454954395055277,358
1,T,519,False,4.451571664876489,0.4997792702006876,0.49982468347854975,4.226031206997083,587
1,T,20,False,6.325756324781686,1.6388912660643746,1.6389051153969194,4.785068889882219,564
1,T,128,False,8.498467344614916,0.4323837330559363,0.43243622408800086,8.893427686716365,62
1,T,349,False,7.136137535254244,1.5221743156684282,1.5221892269270427,8.55458072562344,89
1,T,630,False,5.9385511061458125,1.594413732460089,1.5944279681281976,6.309940189672467,387
1,T,675,False,6.24176748225978,1.5596317290185087,1.5596462821593118,4.482067927657005,579
1,T,94,False,5.77321215649355,0.30550637110001655,0.30558065723275346,5.405451092000038,513
1,T,101,False,5.6962129266221595,0.4217566470691517,0.42181046056151045,5.5033462921176,498
1,T,201,False,7.115110982120242,1.253044196364581,1.25306231023643,7.040933234337343,286
1,T,686,False,6.014216688006324,1.6082670899690152,1.6082812030144185,6.9199567558153525,304
1,T,178,True,6.719082246884764,1.5897986652508014,1.5898129422436245,9.543252327360303,19
1,T,658,False,6.252882862389455,1.5339815922501285,1.533996388735756,6.942989566788662,301
1,T,440,False,6.533338837340672,1.5587567061529668,1.5587712674632372,4.670447486655081,568
1,T,608,False,6.87278894466277,1.5341183256991462,1.5341331208659996,5.937882668527607,450
1,T,662,False,6.303078017365865,1.6457036656985422,1.6457174577021778,8.313679400254529,117
1,T,785,False,6.6644010171589345,1.5870800554231932,1.5870943568717601,9.364403582929395,31
1,T,396,False,6.136336977167172,1.6048217353497434,1.6048358786938501,4.28018885636992,585
1,T,610,False,6.7486943396829,1.563767930181593,1.5637824448293707,7.060074139788542,280
1,T,376,False,9.415484477627484,0.8318715182569267,0.8318988028475488,9.205785869724739,38
1,T,644,False,5.19115416041119,1.543768153626336,1.543782856312042,6.68532258508411,329
1,T,405,False,7.089673939832735,1.5724407287316329,1.572455163324592,7.188170894415401,263
1,T,600,False,6.176197093644055,1.639706788904513,1.6397206313490262,5.848682904533288,456
1,T,323,False,4.8358545820976,0.7132373510689791,0.7132691737710208,5.429544811598187,508
1,T,763,False,7.291860815433001,1.2558592491920892,1.2558773224616402,7.747937393214936,185
1,T,634,False,6.217641223153575,1.6379298048626711,1.6379436623246748,7.561730022614425,208
1,T,812,False,6.308250153144673,1.6266069902080311,1.6266209441310322,5.100160162649745,540
1,T,229,False,6.343115624566112,1.6288919737381955,1.6289059080870247,3.884174487734312,602
1,T,760,False,6.53715552040904,1.502453471251789,1.5024685782300575,4.532470043301344,575
1,T,332,False,6.349748237331423,1.6199670656242389,1.6199810767411167,6.328304511073162,384
1,T,796,False,6.265385781848591,0.5696443441282749,0.5696841880282734,6.1965454694128725,405
1,T,130,False,6.411293677248687,1.6158741075571088,1.615888154163395,7.340397786892062,236
1,T,456,False,6.521531164622808,1.5619667204539738,1.5619812518394205,6.938233346131392,302
1,T,705,False,9.257706623171508,0.99506934805816,0.9950921579115134,9.13590096562504,44
1,T,125,False,6.322606901596852,1.625807153815879,1.6258211146036299,6.371539503769618,378
1,T,477,False,6.011325441001755,1.6125167766705912,1.6125308525222746,9.01366965130829,58
1,T,352,False,7.8542281904759434,0.8664614203017639,0.8664876157011423,8.624506075229379,85
1,T,844,False,6.104808030690867,1.5533021929253368,1.553316805368036,6.316897502166082,385
1,T,505,False,7.221380551252925,0.9226395299612327,0.9226641304067178,7.671873614257617,192
1,T,198,False,6.42631799321577,1.6195923599283573,1.6196063742867914,5.083521047148886,542
1,T,329,False,6.479461926419492,1.6029004018058528,1.602914562102879,8.546586161010662,90
1,T,99,False,5.640827268876254,0.40717604285393727,0.40723178309936947,5.721675284025381,475
1,T,368,False,6.20338314709711,0.7069632951842106,0.7069954002890103,6.266793342409253,394
1,T,598,False,6.263868271472567,1.580636224587983,1.5806505843391996,5.59080136768691,484
1,T,400,True,5.5468043550859845,1.5375241669825903,1.5375389293762967,9.52450038273852,22
1,T,262,False,6.530397983757806,1.5940500010875476,1.5940642400039313,8.118148015806419,134
1,T,659,False,6.2889955822384245,1.5433474349428473,1.543362141636488,7.016412914149995,291
1,T,293,False,6.468561873497105,1.6162404520636067,1.6162544954860518,7.383398095345946,230
1,T,804,False,6.7986080346452695,0.6037137264851863,0.6037513220182055,6.5313908103606755,350
1,T,424,False,8.772659702466768,0.9958832052954186,0.9959059965084945,8.326312729466324,115
1,T,769,False,6.4169062202056635,1.5727021283606621,1.572716560554462,6.2608903039068915,395
1,T,726,False,6.122700386381193,1.5473634498101378,1.5473781183345043,2.813575843531633,630
1,T,193,True,6.338195708767086,1.6360525540592439,1.6360664274215382,10.132571174806024,6
1,T,517,False,4.833569523942049,1.0770722872478162,1.0770933605075017,5.495106712329234,501
1,T,280,False,6.283690800537411,1.642486519845749,1.6425003388636181,7.284517647198788,250
1,T,306,False,7.181351790068806,1.5712581922024074,1.571272637658811,6.958298744758252,300
1,T,112,True,8.067262209593123,1.0475717572615053,1.0475934239503695,9.829004112677953,10
1,T,717,False,6.291810803529517,1.6455064327733977,1.6455202264301503,5.809478757416118,466
1,T,0,False,5.849651724262172,1.5696281980096338,1.5696426584669108,7.304372329321385,247
1,T,580,True,9.580686606243361,0.40732980648218087,0.4073855256890105,9.731139559959962,15
1,T,79,False,5.513610492142453,0.2690478971496883,0.26913224677241815,5.789570305894178,468
1,T,100,False,5.658761853507362,0.38417998936173214,0.3842390655803769,5.530572622968829,495
1,T,34,False,9.213355327624301,0.9512685678503604,0.9512924279485128,8.987729028112552,59
1,T,730,False,8.700973777377158,1.0181588503521304,1.0181811429418992,7.595629139677939,200
1,T,825,False,6.407782277331146,1.6343983745507975,1.6344122619542443,8.688688093959412,79
1,T,371,False,6.134418063006136,1.5620219439442296,1.5620364748159403,9.173029454077167,40
1,T,492,False,6.278757092712517,1.5883592933548623,1.5883735832853862,6.0057499184585685,440
1,T,188,False,6.772976962855497,1.529739992278828,1.529754829791143,6.795456923575331,318
1,T,121,False,6.9931043696085196,1.5272442822891574,1.5272591440476053,7.921181551674886,163
1,T,157,False,4.893842272241941,0.5886742613217061,0.5887128172842484,3.8589171392815427,605
1,T,52,False,6.585742337136219,1.4786446521519792,1.478660002377067,9.336608492958657,33
1,T,273,False,5.869353519625539,1.323271180116768,1.3232883326848026,5.88353712287422,455
1,T,596,False,6.258200616891133,1.6430553299443449,1.6430691441782421,5.460169401494742,505
1,T,720,False,6.098583531722029,1.5152443048015816,1.5152592842565686,6.709926066978279,327
1,T,367,False,6.235682497024174,0.7498666167405736,0.7498968850409067,6.068726930383031,429
1,T,805,False,6.739747834386145,0.9755589133009134,0.975582179323177,5.195968664894046,536
1,T,344,False,6.063710823996592,1.6199328931950634,1.6199469046075026,3.65188623073516,614
1,T,590,False,6.372102411566268,1.5930639001159221,1.5930781478460663,7.842684042369366,175
1,T,114,False,8.417682495326957,0.6416330124972894,0.6416683863324165,9.221639621664075,35
1,T,542,False,7.899185177376526,0.8372519271832128,0.8372790364413196,9.140160407975591,43
1,T,784,False,7.095593958647188,1.4184397463425844,1.4184557480924513,8.775990519547223,73
1,T,733,False,6.37521449008121,1.5567468418717794,1.5567614219814991,4.033079434812262,592
1,T,826,False,6.227052875222001,0.25616237311752565,0.25625096427780125,5.959962928330902,447
1,T,315,False,6.5642550284176036,1.6086555734813475,1.6086696831185399,7.916165397896821,164
1,T,625,False,6.647894645510117,0.47750023537476277,0.4775477673228662,7.100374807319588,273
1,T,597,False,6.268253642519218,1.644163771340451,1.644177576261322,5.4077594905009985,512
1,T,721,False,6.480949516224917,1.582797425841434,1.5828117659855736,7.080134226931687,276
1,T,617,False,7.158526941023818,1.401391799555539,1.4014079959646342,5.000505085890676,550
1,T,425,False,6.292492162826415,1.5778411898795845,1.577855575067859,7.178294163175613,267
1,T,80,False,5.572081070862863,0.8571574929107201,0.8571839726366165,5.409384523549282,511
1,T,583,False,7.573260731428111,1.1211849094309454,1.1212051535859873,8.850273334803024,69
1,T,695,False,6.262778150471638,1.5905776402668936,1.5905919102677153,6.739814954501141,324
1,T,510,False,6.529168257519162,1.614859210721225,1.6148732661553593,7.09682669433466,274
1,T,511,False,6.770254464080315,1.5966299012626604,1.5966441171714232,7.982548688248164,156
1,T,230,False,6.3516559712622636,1.6284811480623669,1.6284950859264589,3.6296908398427195,615
1,T,621,False,6.913734862453933,1.5753239891735416,1.5753383973476114,6.29670385712412,390
1,T,48,False,4.722502746741526,0.35231993741774154,0.3523843549224935,5.827866212193619,462
1,T,303,False,6.68243530795837,0.4093210910656566,0.4093765392438606,7.241813088084422,255
1,T,609,False,6.698776475703835,1.5557776786936592,1.5557922678858933,6.654806777770795,333
1,T,190,False,6.157807322025538,1.6188903289298457,1.6189043493655468,7.858902522046577,169
1,T,54,False,6.1911737002006495,1.629237758184853,1.6292516895763238,5.027066283420324,546
1,T,674,False,5.913015343706591,1.5750008220625311,1.5750152331929204,6.000898239008009,441
1,T,827,False,6.226428050658779,0.38711318058113825,0.3871718092420282,6.0327112164531655,435
1,T,235,False,6.172606329537526,1.5675037467805666,1.5675182268360437,6.453232121855195,361
1,T,422,False,6.575126999198602,1.5391619662449572,1.5391767129303713,8.171838663272705,132
1,T,732,False,8.95591652721227,0.7571270750220113,0.757157053076498,8.470483723513247,96
1,T,224,False,6.071206490782145,1.6387151720797013,1.6387290229004627,6.497209774168463,354
1,T,603,False,6.253523002277252,1.643805567348703,1.6438193752777988,6.23473343328963,398
1,T,123,False,6.725656958468006,1.4961981738310262,1.4962133439678307,7.233604511043896,256
1,T,145,False,6.280211570945655,1.2568859175332487,1.2569039760401337,6.519770331944778,352
1,T,814,False,6.287925150798851,0.11104455660115622,0.11124877007341669,6.270063134092118,393
1,T,574,False,6.145326531020923,1.632506007969767,1.6325199114710625,8.002974943209864,147
1,T,532,False,8.807858563763522,1.247238833176508,1.247257031359454,9.067811456718061,49
1,T,204,False,6.557166886903217,0.7581897340908781,0.7582196701305611,6.460995519456107,356
1,T,173,False,6.003296498129623,0.43400953374013385,0.434061828164409,6.161702711552311,413
1,T,153,False,6.900366217028453,1.5241682307559963,1.5241831225079105,5.5451557258405195,492
1,T,155,False,5.8235330561776575,1.5938102263629268,1.593824467421411,7.594020561733533,202
1,T,117,False,6.1851798493447765,1.6274308838700797,1.6274448307289098,6.348248016831117,381
1,T,242,False,6.388501060877087,1.6361636510579467,1.6361775234782352,5.501125883720759,499
1,T,325,False,5.970045323155418,1.3992348174945588,1.3992510388708423,6.837721188046648,312
1,T,191,False,6.16615497646865,1.6205513054402576,1.6205653115059027,8.108595913958057,135
1,T,607,False,6.839724342091107,1.5475850548810015,1.5475997213049415,5.927105478399296,452
1,T,397,False,6.326229153897629,1.6354568076618128,1.6354706860777017,6.115951023629474,423
1,T,616,False,7.138028150663958,1.413818277211397,1.413834331266964,5.156933383394642,539
1,T,106,False,5.66341750240838,0.8701911868230311,0.8702172699484744,4.87432304716892,558
1,T,602,False,6.650089279401601,1.560045413345252,1.5600599626269684,8.457974616460785,98
1,T,225,False,6.074033219762616,1.6388312813835875,1.6388451312230425,6.453858979599202,360
1,T,251,False,7.255132994122006,0.7923020131765972,0.7923306603784744,7.911581530964302,165
1,T,375,False,6.138580051280305,1.5728091539637874,1.572823585175523,6.56709703166189,344
1,T,253,False,7.243535876834404,0.8446191055358312,0.8446459783413688,7.484489835198157,216
1,T,172,False,7.395246455906451,0.74807702449648,0.7481073652034229,7.0041419115425025,295
1,T,318,False,4.802506674295547,0.6257574838346582,0.6257937550560753,5.417415952451769,510
1,T,857,False,6.458108511586419,1.608042639701266,1.6080567547165479,5.320460338440622,524
1,T,587,False,7.519129787828652,1.1141566649979688,1.1141770368534332,7.544903048605708,211
1,T,530,True,9.074398663375582,1.1199494601574072,1.1199697266439697,9.437050526697522,27
1,T,507,False,7.374272327924067,0.5181311589135876,0.5181749638194014,6.4545873018343904,359
1,T,379,False,6.286098720848295,1.274440562133512,1.2744583718989342,6.055462499166918,431
1,T,788,False,7.644709783590076,0.4972840701467959,0.49732971127197295,7.536602122886479,212
1,T,161,False,7.314984545505288,1.0083452835707047,1.008367793114886,7.187965216874373,264
1,T,436,False,6.272752867041831,1.5872644409862766,1.587278740773522,2.8647036763767275,629
1,T,808,False,6.534821402597988,1.4552042516017554,1.4552198490853283,4.612760692100804,572
1,T,334,False,6.369973740661981,1.5646487745502906,1.5646632810268881,5.685095220464664,479
1,T,722,False,6.480856856780916,1.5828878796814903,1.5829022190061723,7.127808076241459,272
1,T,296,False,6.320479518793211,1.6395645049198013,1.6395783485655737,5.5639034821149655,488
1,T,141,False,6.252617990775485,1.642617903072937,1.6426317209855146,6.133280933157255,420
1,T,465,False,7.434829291318722,1.1566042963251715,1.1566239205419995,8.199181012515714,127
1,T,43,False,7.0598053490663855,1.4520447566793573,1.45206038810103,7.827468445846498,176
1,T,557,False,7.055647203233573,0.9763528624347595,0.9763761095380452,6.020578297995506,438
1,T,672,False,5.908340570528408,1.5811186216540536,1.58113297702417,5.9226501949215296,453
1,T,861,True,7.763673892555895,1.0952656089314048,1.0952863321524564,9.748459725810577,14
1,T,403,False,7.24024754470754,1.5396373501993699,1.5396520923315884,6.783564026137005,320
1,T,489,False,6.375121636797653,1.6416262201044687,1.6416400463641798,6.501045329689741,353
1,T,61,False,6.162718431022707,1.5788510416071646,1.5788654175945869,5.010696188181704,549
1,T,351,True,7.872101609075732,0.8562604230703188,0.8562869305371079,9.380754899950551,28
1,T,712,False,7.81399983561718,1.5186547803109967,1.5186697261266329,7.211641432600302,259
1,T,468,False,6.366908019453447,1.3542308588196528,1.3542476192600506,6.98587025137186,297
1,T,361,False,6.4455906470686815,1.6245342499596003,1.6245482216862328,6.181979441961004,409
1,T,268,False,6.347635339160865,1.6381802381679895,1.6381940935115813,7.325349780550319,240
1,T,459,False,5.9096039962840345,1.5531926522469566,1.553207265720205,7.474440709604767,219
1,T,345,False,6.313982220157782,1.6398203423953481,1.6398341838813146,5.6397968941297805,481
1,T,312,False,6.469338686408891,1.609664587757566,1.6096786885502443,8.010660810836846,144
1,T,58,False,4.838967297770109,0.20044071737128136,0.2005539241012612,4.896126831849567,556
1,T,663,False,6.30248678298987,1.645703497450677,1.6457172894557228,8.811074433689942,72
1,T,502,False,5.435425824476896,0.325628850937743,0.3256985475176937,5.379161098604941,519
1,T,779,False,6.352071210018838,1.6207798018482347,1.6207938059393314,6.2056346817410555,404
1,T,41,False,7.071942138822571,1.4222892632214288,1.4223052216620227,7.706753444220646,190
1,T,176,False,6.001923626948896,0.07764136071998269,0.07793315203782672,6.025093403827245,436
1,T,553,False,7.113495589133351,1.4150273736868204,1.4150434140248564,7.347984803278498,235
1,T,782,False,7.1929926459607625,0.29168311718954026,0.2917609229240743,7.054498014148816,282
1,T,33,False,9.358634440616596,0.8135599272188941,0.8135878259097249,8.870903459350224,66
1,T,137,False,6.671606300841513,1.5613010321076979,1.5613155696888001,8.67992401430986,80
1,T,756,False,7.456785504453812,0.653532116460443,0.6535668462654501,6.807398636589017,314
1,T,790,False,6.367182288774655,1.6244550464489749,1.6244690188568207,6.56013061468504,345
1,T,328,False,6.486554763208284,1.5998671289623323,1.599881316106378,8.099265740844897,136
1,T,595,False,7.135835562407004,1.240320993925377,1.240339293606445,7.483041825525978,217
1,T,690,False,5.6851161496718285,1.5909821397690818,1.5909964061418576,5.175324389032361,537
1,T,573,False,6.156723122034682,1.6338301774934776,1.633844069726505,7.944543957815475,161
1,T,343,False,6.062737443856199,1.6207863972166476,1.620800401250759,3.93787417265705,600
1,T,97,False,5.651931152403871,0.46952567995388017,0.46957401911546814,6.1238224977206395,422
1,T,520,False,4.83846435334682,1.1154575326626055,1.1154778807604604,6.537335969677086,349
1,T,90,False,5.645369779989395,0.39910028908401424,0.3991571570685465,5.776090910758101,469
1,T,423,False,6.207828443657247,1.6374776149642567,1.63749147625297,7.053162107558598,283
1,T,64,False,6.5923055979939225,1.628773218079921,1.6287871534447105,8.631242331143927,83
1,T,736,False,6.221616565832958,1.5929830161104812,1.59299726456405,6.645161388812984,337
1,T,307,False,7.188926845691434,1.5744130463701707,1.5744274628806185,7.258164414787323,253
1,T,439,True,6.675819273770311,1.6285294887404074,1.6285434261907763,9.805350167057714,11
1,T,685,False,5.772053988955675,1.496571300521695,1.4965864668763038,5.382777455240403,518
1,T,618,False,4.136775136517253,1.443908505268626,1.4439242247705308,6.152087385277602,418
1,T,102,False,5.695214210854129,0.3887494589635626,0.38880784088873926,5.038427649792463,544
1,T,207,False,6.624511914760962,1.0168881828331335,1.0169105032783234,8.229740020737463,123
1,T,508,False,7.328644070791277,0.7925789622488816,0.7926075994409937,7.0360659339043155,287
1,T,739,False,6.070414631358229,1.6160034405764352,1.6160174860585441,5.014944830183675,547
1,T,475,False,6.280887369218021,1.512511756935921,1.5125267634529602,4.533084033612031,574
1,T,310,False,6.071685395464194,1.5942577099619288,1.5942719470232027,2.911661076475341,627
2,T,269,False,6.371310967757354,1.726565796806352,1.7265836826322971,8.24848597156856,110
2,T,196,False,4.1750465700143575,0.13387878973055112,0.13410925684034408,4.0679619561809535,565
2,T,491,False,6.392941387541336,1.678481222694242,1.6784996209018666,2.718708578671362,595
2,T,45,False,6.41261631659997,1.7234226045186027,1.723440522964525,4.831047087003769,500
2,T,14,False,6.373616188155735,1.7265778271721237,1.7265957128734464,5.971798060162604,371
2,T,382,False,6.301501510214935,1.7237893419261519,1.7238072565599518,2.518467383365157,598
2,T,82,False,5.929040696418847,1.6595052010591547,1.6595238096432776,8.920596475968162,54
2,T,132,False,6.323603576840131,1.7254257582434878,1.7254436558869914,5.899800703882007,384
2,T,10,False,6.34421525838476,1.7233497127387007,1.7233676319425042,7.402785899124361,194
2,T,577,False,6.810734573293692,0.45306616355489304,0.4531343189264099,6.776427364383011,258
2,T,862,False,6.746432484169738,1.6245203521200886,1.6245393614446306,8.476171753268195,88
2,T,636,False,6.119236285363545,0.48295071329594924,0.4830146518519065,6.205272261500892,348
2,T,391,False,6.298878033416325,0.8010550499734809,0.8010935997238826,5.277862532028184,454
2,T,133,False,7.493657052716836,0.08007006303697461,0.08045481604787463,7.568359454769665,165
2,T,250,False,7.429147387838572,0.08047102680868783,0.08085387180708671,7.502486015936138,177
2,T,679,False,6.370130332905776,1.7265457731661757,1.7265636591995501,4.788897378088017,502
2,T,59,False,7.367952189877534,0.5184372703573307,0.5184968328988252,8.51135859366533,85
2,T,488,False,7.919973273969736,0.06715566849246803,0.06761395004895454,8.002053999851608,122
2,T,297,False,6.298797218199302,1.7239475715481576,1.7239654845377104,8.585507014180026,76
2,T,692,False,6.469128795886079,1.7240019206110422,1.7240198330358947,5.677094409473073,413
2,T,7,False,6.121528533118192,1.7159803329144299,1.7159983290725167,6.462927683073185,287
2,T,746,False,6.208664072587174,1.6775203818087716,1.6775387905543047,4.33589893497707,548
2,T,283,False,6.663606706971614,0.2932633783015306,0.29336866138594103,6.790393549562987,253
2,T,27,True,9.721429576888852,0.04989446775998305,0.05050960644871671,9.769740213925704,16
2,T,737,False,4.77898759195989,0.5933340530626837,0.5933860977090244,4.917880306251391,487
2,T,197,False,6.386946129403382,1.726413641830703,1.7264315292329733,5.870304394279615,387
2,T,853,False,6.3010050182324475,0.05809311679852206,0.05862228799628161,6.291563965819244,320
2,T,516,False,6.796484501092743,1.7099861360520374,1.7100041952933125,6.242915941496977,336
2,T,538,False,6.2484919952422056,0.594958024442996,0.5950099270429569,6.418702356799432,298
2,T,170,False,6.500306825746158,1.71527465739246,1.7152926609542096,6.785339555060319,256
2,T,392,False,6.263907003287941,1.531469835812352,1.5314900001089347,6.645913645906034,265
2,T,593,False,6.53488198961868,1.714594078560971,1.714612089268852,8.294980061735064,104
2,T,829,False,5.915747879085937,1.383448714501635,1.383471036229808,6.029195969907178,364
2,T,562,False,6.321018360660192,1.710267054566649,1.7102851108416495,7.674396343288506,155
2,T,215,False,6.375720862767726,1.7264590656667904,1.7264769525984407,8.327736842976877,98
2,T,725,False,5.904786684272498,1.6827044450900235,1.6827227971226502,6.381191346972962,307
2,T,747,False,6.208691336249667,1.6774892478369505,1.6775076569241436,4.350879975466352,545
2,T,822,False,6.16144504436118,1.7177200311202159,1.7177380090520753,7.449778963913452,185
2,T,819,False,6.602156697149265,0.025582302107401027,0.02676222359346458,6.59906033690421,271
2,T,745,False,6.137714079915951,1.6959691589595107,1.6959873674566042,6.287951318845481,321
2,T,648,False,6.247873124908981,0.34154983688614204,0.3416402398832762,6.627781166248172,267
2,T,22,False,6.424824900425488,1.7260208367412548,1.7260387282142695,6.440388458381926,291
2,T,419,False,6.284005234415799,0.018861672644730376,0.020433431564698755,6.311424774732385,316
2,T,563,False,6.323394113329835,1.710274452069373,1.7102925082662748,7.659125856760996,156
2,T,38,False,9.315679000603595,0.06250191688427831,0.06299406356762112,9.294613079813105,38
2,T,683,False,6.298773713113986,1.7239498996466467,1.723967812612009,8.582770968712417,78
2,T,77,False,6.207726331235711,1.6596142336425714,1.6596328410041699,6.156169760584476,354
2,T,776,False,7.430665640628793,0.07102403726462422,0.07145751395003178,7.589906548056798,161
2,T,752,False,5.474166490606001,0.5891725390633127,0.5892249512850444,4.602481482576163,518
2,T,19,False,6.149911421262224,1.6830221815795507,1.683040530147549,7.8760116413501775,131
2,T,547,False,6.486144097388571,1.703373865545273,1.7033919948893732,7.174691252529447,209
2,T,166,False,6.336300725251296,1.7236703544507868,1.723688270321247,5.242007289004042,457
2,T,398,False,7.721204835201928,0.06278676950852781,0.06327670073470372,7.719160300226791,147
2,T,652,False,6.255678624040129,1.1127245160721901,1.1127522685210047,4.5828250338159044,521
2,T,2,False,6.380655649471737,1.720233970772981,1.7202519224322725,4.723932858666356,508
2,T,735,False,6.350519960126305,1.725278775945065,1.7252966751133132,6.4684505367615195,285
2,T,854,False,6.301161292491157,0.03361802516068954,0.034524397840614285,6.275950552786175,328
2,T,797,False,5.420531881703267,0.5779329732280294,0.5779864046625512,4.569880678208784,523
2,T,408,True,9.70865297977398,0.028561241793691867,0.029622744021275075,9.702698447461374,28
2,T,501,False,6.347856380511757,0.09419920878135686,0.09452646912683196,6.440165333999051,292
2,T,824,False,5.922220496871965,1.391542270154494,1.3915644620560252,6.27786459721013,326
2,T,300,False,6.803611457277873,1.6998386709742048,1.6998568380219268,5.1889540270581485,463
2,T,849,False,5.869688781901923,1.7077022367782875,1.70772032017193,5.548639155618131,425
2,T,165,False,7.493926230765717,0.07296752568787788,0.07338952401782815,7.549071560883773,171
2,T,762,False,7.913914277365437,0.16379496745834812,0.16398339487653493,7.967799442059022,126
2,T,469,False,6.429644296741009,0.17919456390230568,0.17936681455244105,6.466127407018892,286
2,T,806,False,6.820477116507425,0.22100686167602235,0.22114654719989804,6.529855026463265,277
2,T,738,False,4.786078652491523,0.5968906607953621,0.5969423953576058,4.884374585339271,490
2,T,773,False,6.361033066906922,1.7088248927361707,1.7088429642495933,8.655247087721433,73
2,T,451,False,4.913355363205344,0.8079540169970495,0.8079922375940383,5.6582349187445855,416
2,T,222,False,6.283038857442661,1.7236759814541034,1.7236938972660774,2.814185887903965,594
2,T,309,False,6.3882751244830365,1.7265177073226854,1.7265355936468076,8.333059611090903,97
2,T,139,False,6.374935155780589,1.7265769900343089,1.7265948757443033,6.987550308860344,232
2,T,236,False,6.15756966924684,0.28585629489638603,0.28596430504949716,6.431276112706931,294
2,T,846,False,8.321435987073068,0.2732945672918167,0.2734075400236314,7.744335220021293,145
2,T,592,False,6.466078955355469,1.7226078379060383,1.7226257648270178,2.4080868205841366,599
2,T,355,False,6.453593984280663,1.7202404559609996,1.7202584075526153,5.550035024441297,424
2,T,830,False,6.37364748592366,1.7265778271448202,1.726595712846143,8.674060804009883,68
2,T,255,False,4.186045664663654,1.0767774471071465,1.0768061260176485,4.2345551760573406,558
2,T,589,False,6.534567413882454,1.7146184095653956,1.7146364200177011,8.354868699635352,96
2,T,654,False,6.431545817882719,1.7258425464705263,1.7258604397918222,6.205468339861039,347
2,T,163,False,6.336807604378308,1.7236672292448085,1.7236851451477522,5.241044468590684,458
2,T,606,False,5.079171667919787,0.3968257256509051,0.39690353861980077,5.679011783394565,412
2,T,16,False,6.3762579789796705,1.7265683944781276,1.7265862802771632,4.031011079580638,566
2,T,700,False,6.193465550054038,1.720333483920586,1.7203514345414699,8.373390970540099,95
2,T,524,False,6.458272786412653,1.5901425565778167,1.5901619768660007,6.914863988511312,237
2,T,434,False,6.628777820018653,1.7185998656736592,1.7186178344018403,7.4417437464995455,188
2,T,781,False,6.1180009432751845,0.48050972581501694,0.4805739891352579,6.161413481445795,353
2,T,284,False,6.286120966825211,1.7215442571827808,1.721562195179008,8.382785136576878,93
2,T,571,False,6.3789331861817375,1.7264736251484463,1.7264915119292563,4.4715842149910685,531
2,T,527,True,9.695263145434538,0.018783434502772343,0.020361233810164737,9.700025904254288,29
2,T,135,False,6.410518591054158,1.7241149675759015,1.7241328788262824,5.455068170055841,436
2,T,653,False,6.200737943939452,1.7170152724758387,1.7170332577867649,6.912268016227102,238
2,T,834,False,6.374599362843313,1.7264339627877194,1.7264518499794488,5.761274689645838,400
2,T,443,False,8.407895014234732,0.055797646079372994,0.056348378313410455,8.497382264870572,86
2,T,523,False,6.371493818801538,1.7265679428779732,1.726585828681687,4.335656618259881,549
2,T,718,False,4.350789800478315,1.1935114261611879,1.1935373001326204,3.47341096094427,582
2,T,350,False,5.370805989746388,0.22518147670162383,0.22531857420123227,5.291876246249034,452
2,T,187,False,6.414751651226557,1.726468876091717,1.7264867629217284,4.1710900414761225,562
2,T,835,False,6.414587414192863,1.7264683624691763,1.726486249304509,4.3020985830959315,552
2,T,199,False,6.799818121613249,0.6251652762755732,0.6252146712060315,5.741730533805852,403
2,T,575,False,7.4186489309126245,0.6352331583210313,0.6352817704460476,7.451484786076029,184
2,T,787,False,6.434292964800477,1.725258822078451,1.725276721453714,5.4235521898302705,441
2,T,684,False,5.940806260699735,1.4067035563900554,1.406725509113623,5.755686721727343,402
2,T,534,False,5.493125459099651,0.6760236401553901,0.6760693192857494,5.147184454956493,468
2,T,53,False,5.457112017153599,0.5007224375855579,0.5007841071082181,5.83988350260885,391
2,T,670,False,5.804983695402472,1.6246536371377864,1.6246726449028404,7.180089357740261,208
2,T,285,False,6.375273826736159,1.7265771062162394,1.7265949919250303,5.329203577650721,446
2,T,231,False,5.316825586959649,0.6991151478975424,0.6991593183605256,5.323209850174487,447
2,T,761,False,6.281860705515131,1.7219165347202032,1.7219344688382845,5.6604831922931,415
2,T,277,False,6.357224141088486,1.7262962383574139,1.726314126976174,7.688438224530669,149
2,T,807,False,6.5328518211913025,1.715176457634057,1.7151944622265618,8.26617558687363,109
2,T,544,False,6.613100836221062,1.6818989866777634,1.6819173474990499,7.0348685035336675,223
2,T,357,False,6.458639997694939,1.714152377537312,1.7141703928861247,6.934120686314202,236
2,T,777,False,6.164995674912006,1.7216331398037177,1.721651076873871,6.005324682616084,368
2,T,98,False,5.058284243276509,0.6990062388023859,0.6990504161469403,3.7044342098266325,579
2,T,624,False,6.390946605084517,1.7263225844582577,1.726340472804015,6.202119099275044,349
2,T,449,False,6.242954069770141,1.721131461161324,1.7211494034597539,7.892712261666117,129
2,T,200,False,6.538060659339861,1.7146499211196704,1.7146679312409865,8.900780287063258,55
2,T,615,False,6.3808709954350755,1.7261114992140179,1.7261293897473087,5.947103106276185,376
2,T,416,False,6.401301235674752,1.7181688155777484,1.718186788813834,6.507391565698239,280
2,T,531,True,9.708472823543614,0.07780503073383435,0.0782009286264886,9.722525872273282,21
2,T,680,False,6.364106040503919,1.7264704841812972,1.7264883709946486,4.699430538195944,511
2,T,168,False,6.591246950097996,1.6978014436649989,1.6978196325115062,7.378795509332846,195
2,T,512,False,6.267178589980341,1.7217707677414658,1.7217887033778532,4.076212621869333,564
2,T,727,False,5.429776401381975,0.03132344170308786,0.032294278605954345,5.441628160049491,437
2,T,219,False,6.335990516737144,1.7244065252361842,1.7244244334582142,3.3343407444812927,588
2,T,232,False,6.420974461778123,1.7257700308261472,1.7257879248993004,5.428192358738901,439
2,T,267,False,6.369669456932886,1.7241804936304759,1.7241984042001615,3.011767545289774,591
2,T,272,False,6.196530162254477,1.7229820238999407,1.7229999469277089,8.9677325179424,53
2,T,734,False,6.280231236371691,0.39131752676752507,0.3913964348151436,7.0955423195698675,216
2,T,742,False,6.137949450970909,1.6960463404763626,1.6960645481448557,6.267965212346729,329
2,T,246,False,5.472949779882635,0.5550865726104365,0.5551422029741151,6.797889988779569,251
2,T,810,False,6.8202266217935685,0.22637979442205833,0.22651616664848814,6.590669553634021,272
2,T,639,False,6.565689191837674,1.6151836742877945,1.6152027934957185,6.267739364010403,330
2,T,378,False,9.704280604664605,0.031611481811280276,0.032573735015456254,9.693889844490947,31
2,T,559,False,6.625827429254687,0.11456190252707216,0.11483114534469575,6.698215948512953,261
2,T,223,False,6.386133808198748,1.725705216232059,1.7257231109772766,6.84071745371175,243
2,T,270,False,7.1786275252032485,0.2129071370093957,0.21305213310382476,7.073269602192007,217
2,T,63,False,6.386862027929993,1.7264410039893572,1.726458891108135,5.842523414939845,390
2,T,642,False,8.340883507919408,0.13754913226558477,0.13777345977207509,8.14769448274897,112
2,T,47,False,5.429775436571419,0.024822411253536066,0.026036791872116872,5.46100521824079,435
2,T,249,False,7.431477947825122,0.03425523708391492,0.0351451802986907,7.427711259571119,191
2,T,582,False,6.411544768083342,1.723459563578061,1.7234774816397318,4.447812086454665,534
2,T,552,False,5.456935173646251,0.5005665798671732,0.5006282685890515,5.823094333221902,394
2,T,340,False,7.46386160489734,0.41117696819925337,0.4112520657797138,7.825512532797832,135
2,T,498,False,6.391837694191557,0.09968496796267952,0.09999427617755277,6.335852740147192,313
2,T,107,False,6.329626715716262,1.710306723168572,1.7103247790247822,7.687879133932487,150
2,T,550,False,5.456694018324919,0.49595365710678163,0.4960159195309596,5.916713380954336,382
2,T,515,False,6.262443421273646,1.7231408479886212,1.7231587693644184,6.781030658703168,257
2,T,124,False,8.297858269905527,0.3692849092961139,0.36936852419283284,8.450316813519468,89
2,T,308,False,6.410246037628547,1.7234554605426917,1.72347337864702,4.626167218319907,517
2,T,588,False,6.402573694186135,1.7234479255985784,1.723465843781244,4.592129960408381,519
2,T,260,False,6.223263454983439,1.7226751409690295,1.722693067189631,7.016088430171621,226
2,T,122,False,7.191675049237722,0.12579197419289725,0.12603722942804949,7.261982132819949,203
2,T,42,False,4.788012244504245,0.55457485973335,0.5546305414226816,5.082880316146531,474
2,T,480,False,6.366346270681455,1.7255082274145224,1.7255261242026327,8.883604843713893,58
2,T,103,False,6.371348642258197,1.7264997113484415,1.7265175978589977,6.225990627304247,344
2,T,140,True,9.738540163502735,0.06422878497283421,0.06470779898620281,9.742968606037724,18
2,T,247,False,6.348642278565097,1.7256273898777927,1.7256452854300608,6.473798027183046,284
2,T,521,False,6.808339238009786,1.7098910620314525,1.7099091222768537,5.762387432612455,399
2,T,142,False,6.376404606866439,1.7263466294135337,1.7263645175101405,6.421638689281806,297
2,T,220,False,6.335990516737144,1.7244065252361842,1.7244244334582142,3.334378893295334,587
2,T,336,True,6.0387865553501054,1.7081599497115125,1.7081780282596393,10.896568787418245,3
2,T,192,False,4.697263401178818,0.015313336415859162,0.01721222538597306,4.688721307055361,512
2,T,83,False,6.2786472486366165,1.7095219416842267,1.709540005829159,8.681639736633969,67
2,T,164,False,7.49404002281051,0.06494773390033988,0.0654214840044279,7.478498563358739,181
2,T,116,False,6.447763102610761,1.7234655585440637,1.7234834765434084,6.390461838315817,304
2,T,513,False,6.267301246997425,1.721775270238766,1.7217932058282517,4.123248581924674,563
2,T,115,False,6.366196646165907,1.7265644616999258,1.7265823475397015,6.769536675810471,259
2,T,551,False,5.455835929121541,0.4911475159216778,0.4912103875393791,5.858180498727233,389
2,T,526,True,9.7198760612965,0.09286670299593625,0.09319864245732172,9.72570764842859,20
2,T,743,False,6.137846727087637,1.6960543826734418,1.6960725902556004,6.262173584776241,332
2,T,131,False,6.347390805586077,1.7256302178999443,1.7256481134228847,6.216846965529785,345
2,T,203,False,6.287798451644662,1.7136251119294326,1.7136431328213328,7.007076766248488,229
2,T,741,False,6.333257295558477,1.7250611927936768,1.725079094219536,6.400930545192492,302
2,T,314,False,6.373408017922586,1.7265724643636182,1.726590350120494,7.424555541269164,192
2,T,159,False,6.37011444498292,1.7265457791795442,1.7265636652128562,4.838474569114679,498
2,T,651,False,6.268030217533571,1.7252245064268146,1.7252424061581022,4.749966954187506,505
2,T,377,False,9.673654536813146,0.03351373286887807,0.034422851731934934,9.656067227205389,34
2,T,335,False,6.788305545275835,1.7143717474505238,1.7143897604941285,6.300383229164906,318
2,T,374,False,6.352629753281537,1.6848776178513407,1.6848959462135815,5.720157210439101,407
2,T,279,False,6.310546970274521,1.7255367021884966,1.7255545986812777,6.973725302538384,234
2,T,385,False,8.552506253365536,0.019797875681461137,0.021300664591764443,8.561002697244763,81
2,T,218,False,6.338912576274739,1.724464312436902,1.7244822200588295,3.5322572904046696,581
2,T,401,False,6.492942046257978,1.723896678871538,1.7239145923899104,5.185647357023864,464
2,T,454,False,5.450508886125411,0.4606141642017873,0.4606812028874885,5.796396968207625,397
2,T,486,False,6.377511893814092,1.7265709657191066,1.7265888514915069,8.816279843929197,60
2,T,407,False,6.314152330277507,1.7248446404045585,1.7248625440778993,7.194772735017279,206
2,T,463,False,6.379326201794591,1.7265665269819521,1.7265844128003334,5.86779957332501,388
2,T,62,False,7.47010997488637,0.3707937778322553,0.3708770525520124,7.684629206675151,153
2,T,816,False,6.450723414068771,1.6364558629334147,1.6364747336148209,7.063369612434845,218
2,T,832,True,6.376854771798805,1.719521041000324,1.7195390001024666,10.136407322333188,9
2,T,360,False,7.161535868459042,0.22735842032667208,0.22749420591301212,7.022616326437894,225
2,T,239,False,6.15854650643636,1.7131628122122151,1.7131808379670308,5.877462419888394,386
2,T,566,False,6.373641775924038,1.7265778271929502,1.7265957128942724,8.59671479521258,74
2,T,234,False,6.3359415764831875,1.7254500531631791,1.7254679505546806,5.714584297280235,409
2,T,793,False,6.548164206441021,1.6675711912967817,1.6675897098727612,8.271755409868195,108
2,T,586,False,6.157541899946146,0.28070156469139385,0.28081155754482223,6.100307376153784,360
2,T,259,False,6.26473663923672,1.7233908618210665,1.723408780597021,7.6228763767896766,158
2,T,216,False,6.336329514566795,1.7244088012327525,1.7244267094311463,3.3762516019551576,584
2,T,447,False,6.696457015580819,1.611629031693957,1.6116481930711037,8.059923770880232,118
2,T,354,False,6.554833586705987,1.6803785262796114,1.6803969037141764,7.317292657952025,199
2,T,775,False,7.430530741627207,0.06515877444881679,0.0656310011977879,7.452657676153305,183
2,T,613,False,6.361215267244716,1.7262744757852353,1.7262923646295087,6.836570925407595,244
2,T,281,False,5.9279976133425,1.4031677522523696,1.4031897602931398,6.687474306735726,262
2,T,356,False,6.5668580584157885,1.6674557713466398,1.667474291204446,7.377307035157855,196
2,T,319,False,4.658110804231712,0.04244518677237634,0.04316661106334581,4.686568958933055,513
2,T,324,False,6.116511290237887,0.47437578563328486,0.4744408798003693,6.108632585564451,357
2,T,167,False,6.653987349791735,1.6770196507639201,1.6770380650059475,5.65780968822588,417
2,T,369,False,7.193337103789685,0.05810449244444457,0.05863356097644738,7.269499178421744,202
2,T,387,False,6.390999054156895,1.7263219141158666,1.72633980246857,6.2444567189755,335
2,T,494,False,5.351441699091181,1.4516145713896789,1.4516358449354276,7.746803255231814,142
2,T,221,False,6.3362903792302525,1.724411687308013,1.7244295954764348,3.357326237180506,586
2,T,719,False,9.712916143381085,0.02241590183238172,0.023753633101301186,9.668979923910728,32
2,T,299,False,5.930341604364314,1.4125021589407951,1.4125240215454602,6.0154198883339784,365
2,T,706,True,9.684582082501219,0.031009770996856784,0.031990128599768984,9.747027778051033,17
2,T,576,False,6.810193984919313,0.4661113988356105,0.4661776469920472,6.670246606329334,264
2,T,801,False,6.450148815707894,1.7140410819445977,1.7140590984631652,6.819642642245103,246
2,T,162,False,7.492830418991448,0.10475153984530834,0.1050459305757033,7.5652060745212655,166
2,T,341,False,7.464143588688201,0.4100497877049553,0.41012509168231975,7.764807105309632,140
2,T,353,False,6.449874680937648,1.7221895448316125,1.7222074761067172,5.23766913162417,459
2,T,373,False,6.373742251826808,1.726572466255863,1.7265903520127193,8.294709067056761,105
2,T,136,False,6.4103206803219805,1.7241170783143578,1.724134989542811,5.477046856133957,428
2,T,638,False,6.563216630068521,1.6148984945727394,1.6149176171569408,6.284432362382436,323
2,T,237,False,6.3831912949446945,1.7143803241692515,1.7143983371227411,7.830339983233021,134
2,T,453,False,5.476138705412037,0.5998442656291115,0.5998957454747287,4.479603547697909,529
2,T,442,False,6.309751026695387,1.7255532568017324,1.7255711531228197,6.229927104191194,342
2,T,473,False,6.355795128844072,1.7265100739673886,1.72652796037059,3.759056970664194,576
2,T,565,False,6.375089076061665,1.726566510294177,1.7265843961127312,4.765333878235959,503
2,T,154,True,6.358343606982586,1.7259418906909942,1.7259597829823718,10.119135150712589,11
2,T,800,False,6.233742794164656,0.49518417915953067,0.49524653832253124,7.561209912372781,168
2,T,794,False,6.443889414908578,1.7223839964031433,1.722401925653886,5.7576171291127505,401
2,T,331,False,6.179269374728266,1.7190189913337066,1.7190369556808562,5.132251568903278,470
2,T,21,False,6.350419787917126,1.7256553431289183,1.7256732383913058,6.617322026656408,269
2,T,780,False,5.678494016412984,0.6093971397855283,0.6094478127037088,5.463015948243928,434
2,T,792,False,6.538100158954116,1.6809167211466138,1.6809350926971676,7.544294721573293,172
2,T,15,False,6.335933860174107,1.7254508095435752,1.7254687069272312,5.7314724933153895,406
2,T,567,False,7.601102151333207,0.05798247264654898,0.058512644486128446,7.562373674749528,167
2,T,186,False,6.278472791619532,1.7228877781837957,1.7229057021919825,6.486613343001981,282
2,T,327,True,6.47453028786978,1.7228373563923731,1.7228552809251312,10.834987039915717,4
2,T,758,False,6.118847711798204,1.7156732197803606,1.7156912191598062,6.067779650190622,363
2,T,458,False,5.976863572324495,1.7010328377917348,1.7010509920858794,2.583218816081939,597
2,T,549,False,6.273211049027763,1.7214404121627156,1.721458351241032,6.531173196856889,276
2,T,707,True,9.701245215060034,0.04363580833837776,0.044337864178328384,9.715616578319946,24
2,T,258,False,6.262350056045376,1.72323879015289,1.7232567105101169,6.173992319208535,352
2,T,134,False,6.292049765024934,1.719118932540569,1.71913689584337,6.23950957777406,337
2,T,678,False,6.37797024695741,1.7265654654054967,1.726583351234875,4.853713084959181,496
2,T,723,False,6.613459878883469,0.2921233737474421,0.2922290675482848,6.7681341202463665,260
2,T,205,False,5.870511607990033,1.6032438340784547,1.6032630956711802,1.9902689927016928,601
2,T,304,False,6.32341661788661,1.72477131187494,1.724789216309446,6.385185247688662,306
2,T,698,False,6.033972349593977,1.6450370726003871,1.645055844845458,6.371292630116727,308
2,T,546,False,6.444685015947725,1.7206202687265824,1.7206382163555733,4.305412760052782,551
2,T,635,False,6.433863759550204,1.7239465849167388,1.7239644979165432,4.931962049186874,486
2,T,759,False,6.118902026248445,1.7156731692300493,1.715691168610025,6.070675386916571,362
2,T,208,False,6.344068663960222,1.7233510102993368,1.7233689294896486,7.48601446468232,179
2,T,206,False,4.116545224516688,1.017278878430904,1.0173092346637722,3.7231389953363894,578
2,T,770,False,6.380783365061442,1.7264697404636824,1.7264876272847387,5.736144579237808,404
2,T,585,False,6.379004808627382,1.7265698309629522,1.7265877167471075,4.300238365318989,554
2,T,509,False,6.132769938880459,1.7171759146354233,1.7171938982638375,6.94709921717856,235
2,T,455,False,5.450076422856508,0.45494885702536214,0.4550167303948676,5.834998371112137,392
2,T,643,False,8.341643293305944,0.12749436191356645,0.127736348586844,8.123811695319864,116
2,T,55,False,6.378981629617215,1.7265698363509143,1.7265877221350137,4.347898527827791,546
2,T,657,False,6.2492296604416895,1.716249095703966,1.7162670890439031,4.875984941076853,492
2,T,348,False,8.137047219476521,0.2971692695601106,0.2972731693265336,8.326719971089775,99
2,T,35,True,9.701299678841291,0.021865338866491925,0.023234790171180363,9.715885437151428,23
2,T,366,False,6.446981594989857,1.720367758508528,1.7203857087717884,6.117833060366253,356
2,T,757,False,5.5076315808394485,1.4208519615212036,1.4208736956496886,4.754877566655939,504
2,T,441,False,6.416894563670148,1.7257824162262805,1.7258003101710149,5.112091264542814,472
2,T,464,False,5.679176690589482,1.536164806197501,1.5361849088668844,5.995752538712172,369
2,T,65,False,6.388037684929428,1.7265568793914097,1.7265747653097316,5.712462309230648,410
2,T,754,False,5.4740292684114324,0.5806271903773828,0.5806803739029637,4.538728995222697,525
2,T,6,False,5.640898285322729,0.05476775439762721,0.05532873893656959,5.673495123545089,414
2,T,156,False,6.374314773003006,1.7265735808719729,1.7265914666172826,5.206628437779768,461
2,T,836,False,6.444925557480536,1.7248276859184044,1.7248455897677304,9.289124464466836,39
2,T,105,False,4.176614278307248,1.071523587724003,1.0715524072482276,4.739476455493468,506
2,T,243,False,6.371181621314063,1.7265654757339475,1.7265833615632187,7.9463798053450025,128
2,T,472,False,5.429975879063536,0.045264096897411656,0.045941276631048564,5.37563579207411,443
2,T,570,False,5.308135290257011,0.6651473429928381,0.6651937690034269,5.4721412390563895,430
2,T,70,False,6.088820334963649,1.659138124849229,1.6591567375503642,7.029508610110402,224
2,T,394,False,6.202190695071895,1.7014018913559108,1.701420041712223,6.425714023430739,296
2,T,838,False,6.301009585891867,0.0633363484641355,0.06382206097677084,6.305718354630686,317
2,T,828,False,6.423077306932498,1.7236718157097657,1.723689731565038,4.180453563717823,560
2,T,731,False,9.278458100930068,0.0682024300275796,0.06865372453275312,9.22824890149958,44
2,T,495,False,6.385772589337245,0.1645613451577636,0.16474889605300808,6.437004313923495,293
2,T,364,False,6.255612413152332,1.7242086988464107,1.7242266091231118,3.673718312542559,580
2,T,240,False,4.721327483223394,0.015289256634570196,0.0171908056527321,4.704966491332992,510
2,T,522,False,5.752740344232634,1.6321352972361578,1.6321542178711892,7.112557775857313,215
2,T,276,False,6.357141187443338,1.7262952994885887,1.7263131881170777,7.588523565482339,162
2,T,702,False,6.1951680448406155,1.7212215646756184,1.721239506034804,8.7031004785606,65
2,T,282,False,5.472981302460651,0.5822169723335585,0.582270010651251,4.670855900352798,515
2,T,766,False,6.37349299951309,1.726572407822423,1.7265902935798842,8.305734225964274,103
2,T,362,False,6.020491309190486,1.7174352287031778,1.7174532096162878,3.465378335822152,583
2,T,841,False,6.089161185944885,1.7131973445053985,1.7132153698968795,5.922780229171959,381
2,T,245,False,6.374950929268279,1.7265769903124808,1.7265948760224723,7.007909676427213,228
2,T,771,False,6.373810735928496,1.7265775362721982,1.726595421976534,6.011129723329966,366
2,T,848,False,6.37683089143226,1.726555709102788,1.7265735950332333,5.073049067751775,478
2,T,244,False,6.336650208820237,1.7254560500648228,1.7254739473941219,5.634585564322039,418
2,T,418,False,6.413383145734199,1.7234529183663412,1.7234708364970992,4.517046985247704,526
2,T,217,False,6.336409804869353,1.724408784346743,1.724426692545312,3.324502716398867,589
2,T,18,False,6.149911421262224,1.6830221815795507,1.683040530147549,7.876052473103896,130
2,T,564,False,6.397107136332249,1.7264761785588205,1.7264940653131768,6.334031377058955,314
2,T,126,False,5.512557058470548,1.4668955605864444,1.4669166125239606,3.8826415514527595,571
2,T,554,False,9.42436623421555,0.42651561040732694,0.42658800774481104,9.133234906200167,49
2,T,460,False,5.976478345195959,1.7009628654300173,1.7009810204709654,2.633602148421962,596
2,T,525,False,9.571994434557428,0.12631083183976974,0.1265550815676986,9.667195787018873,33
2,T,322,False,7.137652219298542,1.481933084595168,1.4819539229167353,8.13862891902646,114
2,T,291,False,6.203831656121816,1.7233547799780866,1.7233726991292022,8.668613612677474,69
2,T,847,False,6.398118346267275,1.7264382120044053,1.7264560991521098,6.855542004264073,242
2,T,724,False,6.61792912174283,0.2981916249597361,0.2982951686277875,6.804888393798489,249
2,T,330,False,6.511031703011999,1.724832494104419,1.7248503979038365,7.99153959461017,124
2,T,169,False,6.530823282251369,1.7076168695599347,1.7076349538575928,8.519872172040435,84
2,T,288,False,6.4120858062997454,1.7263917487125355,1.7264096363416415,4.427605423291024,539
2,T,755,False,9.363436967540956,0.3931828140411762,0.3932613478183311,9.172483189809643,47
2,T,471,False,6.383890297199933,0.11482048242112732,0.11508912031105574,6.442437317144995,290
2,T,346,False,6.522496616239091,1.7228735962693424,1.7228915204250699,5.939967380932789,377
2,T,25,False,6.374317299195069,1.7265735606746337,1.7265914464201526,5.245360735367606,456
2,T,474,False,6.7793593270074,1.710230349697262,1.7102484063597811,6.804854073397318,250
2,T,626,False,6.591415642165673,1.719820963953803,1.719838919924055,6.478186789943612,283
2,T,44,False,6.1558939803936426,1.7138257487204465,1.7138437675026714,7.516475996934819,176
2,T,143,False,6.32013678635356,1.7215068089719883,1.7215247473584194,7.817038887342132,136
2,T,36,False,9.295838251791709,0.055188517763436716,0.055745268171185865,9.24866538254224,43
2,T,152,False,6.395449888209146,1.7264379261079275,1.726455813258594,6.897034600859287,239
2,T,833,False,6.384645857959166,1.7264440131922387,1.7264619002798396,8.423119807672595,90
2,T,195,False,4.172062150391312,0.09932446593850575,0.09963489330812596,4.022617352660131,568
2,T,11,False,7.464944096677082,0.4132596397493132,0.41333435893509307,7.154972660684459,213
2,T,427,False,6.605142782569048,1.702466911440871,1.702485050442902,5.1689703398942335,466
2,T,545,False,6.588585686419342,1.7044482609506486,1.704466378867076,8.660447952720512,72
2,T,802,False,6.714967538306907,1.624943644920388,1.6249626492931177,8.290644155938999,106
2,T,444,False,8.408341344340535,0.04323497937047563,0.04394343946162738,8.421643435174653,91
2,T,406,False,6.510623270808224,1.724390840666948,1.7244087490518643,8.668410351554577,70
2,T,50,False,6.355795384556383,1.7265100698279783,1.7265279562312228,3.7862390199836877,574
2,T,647,False,6.20867606065119,1.677503700974574,1.6775221099031585,4.343286018501446,547
2,T,478,False,6.364870815489891,1.725490291842597,1.725508188816733,8.783990198479302,63
2,T,393,False,6.2030640302220865,1.7017731288235642,1.7017912752204647,6.361181577126564,309
2,T,49,False,6.320075109484894,1.7260990492641792,1.726116939926509,6.817006579618623,247
2,T,151,False,4.918390208359606,0.5822313673249452,0.5822844043314466,4.950599223996457,485
2,T,837,False,6.691459644671937,1.6148976441782514,1.6149167667725226,7.948006773835015,127
2,T,420,False,6.250406235179986,1.7161863841107754,1.7162043781082048,4.867533272288757,494
2,T,29,True,9.712415887761134,0.02643027297344494,0.027573932617656685,9.698472571620393,30
2,T,404,False,6.510650150644015,1.724828759143172,1.724846662981358,8.065741041723975,117
2,T,591,False,6.534239291337936,1.714774711301437,1.714792720112107,8.88563978198696,57
2,T,4,False,6.389284273068186,1.7209190782035684,1.7209370227162792,7.149861518880439,214
2,T,506,False,7.492365592346105,0.11723476423154512,0.11749788242763454,7.5437280488886955,173
2,T,641,False,6.564374203781121,1.6149552060808512,1.6149743279935431,6.328806135816673,315
2,T,37,False,9.317501202830194,0.06147078447014125,0.06197112048306708,9.315931245602659,37
2,T,772,False,6.251502202813518,1.7171779707170265,1.7171959543239081,7.404062295512507,193
2,T,271,False,6.478973644314261,1.7240003093269285,1.724018221768522,9.540365849327546,35
2,T,689,False,6.374909720242271,1.7265757760973752,1.7265936618199447,5.808143197995129,395
2,T,640,False,6.563216630068521,1.6148984945727394,1.6149176171569408,6.284373825810984,324
2,T,696,False,4.523306104086755,0.6084813456779078,0.6085320948549466,4.393860589340179,543
2,T,17,False,4.190502156024801,1.0802061412594872,1.080234729142358,4.2100479335941285,559
2,T,656,False,6.249414498084928,1.7162404326271634,1.7162584260579248,4.878429094316254,491
2,T,499,False,6.387612337429641,0.1145909057572095,0.11486008058855751,6.452128390900515,289
2,T,295,False,7.47363805018562,0.34092336594530553,0.34101393502029936,7.745511746667946,144
2,T,729,False,6.374424842299958,1.7265768454723585,1.7265947311838503,6.835662548663224,245
2,T,605,False,5.108321600306802,0.5410758230838892,0.5411328938037869,5.89225128568345,385
2,T,372,False,6.373728540054222,1.726572459049568,1.7265903448064985,8.31603508182753,101
2,T,380,False,6.410639221500707,1.725231575823678,1.7252494754816194,4.89187706627919,488
2,T,257,False,6.249180285696191,1.7223713819566748,1.722389311338728,6.2144685574017435,346
2,T,160,False,6.288021624885483,1.0486335062503613,1.0486629548436803,4.4879932378143605,527
2,T,23,False,6.258424943554559,1.721823572958226,1.7218415080445657,3.885581995755432,570
2,T,614,False,6.35675079088437,1.726231029298122,1.7262489185926246,8.011297645333235,121
2,T,560,False,7.193404027929931,0.023578000932689542,0.024853260521190496,7.1716418946700475,210
2,T,248,False,7.431477947825122,0.03425523708391492,0.0351451802986907,7.427733621468522,190
2,T,337,False,6.223225371450349,1.722669453318729,1.7226873795985158,6.995642303792059,231
2,T,744,False,6.137788870154352,1.696063956759314,1.696082164238694,6.276649180015542,327
2,T,148,False,6.526110333470813,1.722852605779049,1.7228705301531544,5.959037543352528,373
2,T,12,False,6.374713651474038,1.7265774325217547,1.7265953182271654,5.5971812779862375,420
2,T,622,False,6.26463505292849,1.7218530187233585,1.7218709535029897,4.17530332340794,561
2,T,817,False,6.2927685506067474,0.9943464586061518,0.9943775149173214,5.4658866253299845,433
2,T,73,False,5.916069039633618,1.3851821134165998,1.3852044072121017,6.342864114885278,311
2,T,426,False,7.468586446701953,0.38016527665125766,0.3802464990001611,7.631628171964788,157
2,T,110,False,9.297148030181964,0.026391582088584546,0.027536848688452964,9.263416461871563,42
2,T,214,False,6.375739677517519,1.7264590615498283,1.7264769484815214,8.308570025080288,102
2,T,604,False,8.551772200118396,0.05359211134572296,0.054165273275823364,8.535809334289866,83
2,T,1,False,6.421083359078589,1.725768110076909,1.7257860041699777,5.336749663176703,445
2,T,363,False,4.687209041218111,0.5348488997233882,0.5349066348119746,5.131978163009599,471
2,T,88,False,5.057412885025153,0.6973560135081615,0.6974002953874822,3.781216150610419,575
2,T,555,False,9.410149515582072,0.42344787674991397,0.4235207984911279,9.159896722035354,48
2,T,750,False,6.13772598692042,1.6960121526427936,1.696030360678309,6.262448428699837,331
2,T,91,False,6.078588797227557,1.7171358606303484,1.7171538446782453,6.252542568644316,334
2,T,482,False,6.264343603370525,1.7236378478507939,1.7236557640591315,6.256866366593546,333
2,T,86,False,5.511650606385286,0.08292087134502167,0.0832924566522677,5.5283701619518855,426
2,T,533,False,5.493509783839095,0.6755957206479948,0.6756414287093677,5.147455797728436,467
2,T,74,False,7.135794735780752,0.6422468821461041,0.6422949634373167,6.188691102759487,351
2,T,179,False,6.235857224986299,1.722405571617588,1.7224235006437476,7.062334334059095,219
2,T,184,False,6.2953694312713235,1.7258357937124975,1.725853687103805,6.629019587755831,266
2,T,815,True,6.544694105560437,1.706842389750586,1.706860482253908,10.03951393456537,12
2,T,795,False,6.474739692635348,1.7032441493928079,1.7032622801175932,7.532591369688098,174
2,T,365,False,6.594484691483599,1.6834506156059352,1.683468959504319,7.4495645774921915,186
2,T,150,False,4.635112211475015,0.7246504728994628,0.7246930869712829,5.580603225665561,421
2,T,13,False,6.797209406098853,0.662026808688892,0.6620734535180753,6.105288556663913,358
2,T,558,False,6.491963183700572,1.613510861576947,1.6135300006065378,8.85104320037145,59
2,T,266,False,7.966168034758107,0.04550647052150693,0.046180096252357854,8.058709131322278,119
2,T,503,False,5.4298355962319675,0.043790325707963595,0.04448994331488628,5.376211490110181,442
2,T,212,False,6.347690345034899,1.725639328247099,1.7256572236755627,6.685791956988863,263
2,T,619,False,9.196650367027678,0.6450122765764625,0.6450601517416057,9.48723978224463,36
2,T,823,False,5.982481499304639,1.5272705473678623,1.5272907671062121,4.240983379580811,557
2,T,856,False,5.303141694191547,0.6495535125066325,0.649601052985797,5.0731664700162895,477
2,T,490,False,7.121865766907034,0.7149973744358905,0.7150405638009422,6.1937810333462435,350
2,T,483,False,6.264614620516482,1.72363926785038,1.7236571840439578,6.284086490702721,325
2,T,66,False,6.3846797991530915,1.7264441334670793,1.726462020553434,8.41357037508511,92
2,T,484,False,6.265134841509974,1.7236525289265872,1.7236704449823266,6.238142147098849,339
2,T,661,False,6.396258050731477,1.7208141694333317,1.7208321150400114,7.319740019183012,197
2,T,316,False,4.721763434849715,0.04246219604078815,0.04318333617448497,4.71740883174802,509
2,T,68,False,6.385773850226253,1.715880790531322,1.7158987877333987,8.496819397850105,87
2,T,467,False,6.357314281565843,0.1494916085492448,0.14969804092636915,6.497019948545289,281
2,T,289,False,6.375283039253603,1.7265771051296714,1.7265949908384737,5.080584668395294,475
2,T,535,False,7.3087431205605435,0.06609768841755075,0.0665632544629233,7.292581546399862,201
2,T,60,False,6.986591760531962,1.6962228950386993,1.6962411008120333,6.40170886040923,301
2,T,428,False,6.410608918239908,1.7252339297942465,1.7252518294277654,4.811930188848848,501
2,T,851,False,6.250460568640115,1.717173271717093,1.7171912553731858,7.1631741666813005,212
2,T,339,False,7.464046609367398,0.410254212467721,0.41032947892889954,7.789950430413845,137
2,T,579,False,7.307600649706215,1.6666160196407513,1.6666345488299867,5.970287418746519,372
2,T,402,False,6.52480695314525,1.7228504222489878,1.7228683466458101,5.987619120292636,370
2,T,321,False,6.445960135924709,1.722894899455458,1.72291282338956,6.238836791210102,338
2,T,519,False,4.342224051343381,0.04332679831218144,0.04403378115193727,4.36352343163024,544
2,T,20,False,6.409342147315783,1.7241654289835107,1.7241833397096857,6.573253644607417,274
2,T,128,False,8.553570942833712,0.024513479199049015,0.025742437588434898,8.568791264355028,79
2,T,349,False,6.270966511188792,0.7535536719402549,0.7535946516033626,7.872678572456439,132
2,T,630,False,6.333178061004474,1.7250614715197432,1.72507937294271,6.405870099852108,300
2,T,675,False,8.318357754089394,1.4459247853495452,1.445946142606522,7.216626757760735,204
2,T,94,False,6.278578846770598,1.7095090457327569,1.7095271100139573,8.688334437213378,66
2,T,101,False,6.225760608649128,1.7230252305807812,1.7230431531591153,6.008076389744382,367
2,T,201,False,7.490538364021365,0.1546069152835627,0.1548065266196842,7.686686223455552,151
2,T,686,False,5.946901713934734,1.6754298248731587,1.675448256588384,5.623214676191542,419
2,T,658,False,6.403729437673906,1.7256053525779893,1.725623248358795,6.626006799751328,268
2,T,440,True,6.375149520154644,1.7265002465850505,1.7265181330900616,9.86224490647374,15
2,T,608,False,6.356829166578006,1.7262371538609427,1.726255043091976,7.755596554197805,141
2,T,662,False,6.375656129618033,1.726571525310935,1.7265894110775384,4.569833961670294,524
2,T,785,False,7.457005443547619,0.4669353379837603,0.4670014692573897,7.552115249929289,170
2,T,396,False,6.314057859534465,1.7248408312278296,1.7248587349407087,7.20766793797942,205
2,T,610,False,6.314187163776382,1.7247816320324674,1.7247995363598443,7.440260029527937,189
2,T,376,True,9.70047593072084,0.018291513568799662,0.01990833742907326,9.721453022577176,22
2,T,644,False,6.368340776163747,1.7254613658685793,1.7254792631427407,4.585673310718875,520
2,T,405,False,6.510532337374467,1.7248229387517462,1.7248408426503479,8.053495152687159,120
2,T,600,False,6.3756084959889066,1.726569495830152,1.7265873816177788,4.301124728280881,553
2,T,323,False,6.355802573831302,1.7265101094207478,1.726527995823582,3.8078219475788426,572
2,T,763,False,7.9149868524794345,0.15125822439111936,0.15146224901442099,8.000275929145124,123
2,T,634,False,6.364153597716144,1.7264714756059034,1.7264893624089832,4.668446700340931,516
2,T,812,False,6.349886625074484,1.726368785052931,1.7263866729199706,3.36092642993475,585
2,T,229,False,5.31672763902693,0.6991405095845554,0.6991846784453333,5.311285208850569,449
2,T,760,True,6.356099597672658,1.725930526772659,1.7259484191818422,9.921358051096279,14
2,T,332,False,5.6793578302258,0.6164679187578149,0.6165180105140029,5.473400622856976,429
2,T,796,False,5.414938205549913,0.5702694651513522,0.5703236145510386,4.477633866680413,530
2,T,130,False,6.373318186877945,1.726575446222912,1.7265933319488986,6.80800336147785,248
2,T,456,False,4.78928728287997,0.49027865697293527,0.49034163999576597,5.203720814112132,462
2,T,705,True,9.69610240846458,0.03012287063384933,0.031131170324545775,9.706230387502387,27
2,T,125,False,4.8232084688627985,0.9690467577374019,0.9690786248349116,3.9806825358077966,569
2,T,477,False,6.268295386882017,1.7232174167035157,1.7232353372830103,5.929783500270661,379
2,T,352,False,6.535835617481138,1.6995503524215487,1.6995685225511687,6.985908685415725,233
2,T,844,False,6.416485728818387,1.7264749700309923,1.7264928567978692,4.241083416747554,556
2,T,505,False,7.493475350612,0.0941678475434164,0.0944952165006905,7.485438962414119,180
2,T,198,False,6.373647195978573,1.7265778271486567,1.7265957128499796,8.545078790593639,82
2,T,329,False,6.275914936788043,1.266313019774664,1.2663374062552921,5.007221342776317,483
2,T,99,False,5.55293792374644,1.3073619663698752,1.307385587170464,2.8862885833667646,593
2,T,368,False,7.230800182417074,0.5526536983263092,0.5527095735594775,7.773315315725028,138
2,T,598,True,6.384226028920485,1.7264192507071823,1.7264371380513397,11.007387682299267,1
2,T,262,False,6.374363612660473,1.7264346076744288,1.7264524948594766,8.379398935299488,94
2,T,659,False,6.4035591224669055,1.7256109718245214,1.7256288675470521,6.462677360687793,288
2,T,293,False,6.3734073415047625,1.7265724819863466,1.7265903677430396,7.449458494610888,187
2,T,804,False,6.823693750858512,0.05370022913930269,0.05427224926392742,6.874031497579773,241
2,T,424,False,9.263092692883964,0.0857965942303331,0.08615577758964679,9.181739008132105,46
2,T,769,False,6.380747635883891,1.7264697482962446,1.7264876351172196,5.732439233838061,405
2,T,726,False,6.4176849770412705,1.5899053123953324,1.5899247355813582,6.349846376295184,310
2,T,517,False,6.808085395074089,1.7098553278749267,1.709873388497764,5.949535667643516,375
2,T,280,False,7.111552528605523,0.7672822023304418,0.7673224488072828,6.400510055969482,303
2,T,306,False,6.516777953556705,1.7228813016897295,1.7228992257652938,6.341584878449282,312
2,T,717,False,6.335384959074981,0.8966869572630087,0.8967213958393906,5.3163347220435355,448
2,T,0,False,6.421116893235179,1.725768908132023,1.725786802216817,5.308779710885418,450
2,T,79,False,5.046466672969701,0.6740262945320956,0.674072109014473,3.7473395756209316,577
2,T,100,False,6.062093128372293,1.681411036949489,1.681429403099074,4.8632590283160875,495
2,T,34,True,9.711418244349238,0.03056850333780853,0.031562570029480624,9.708541557793186,26
2,T,730,False,9.27504707363794,0.09187422024419935,0.09220973254506222,9.278831264675551,40
2,T,825,False,6.533316700058915,1.7149236759788744,1.7149416832252482,8.97397662645036,52
2,T,371,False,6.7288557850695305,1.5731455516707638,1.5731651817822767,6.233524021689177,340
2,T,492,False,5.3527852108046226,1.4521379477831142,1.4521592136616104,7.7658498958195,139
2,T,188,False,8.280878729090123,0.43072843021875773,0.4308001195789847,8.79567858839494,62
2,T,121,False,5.4233887514130465,0.5826812439556098,0.582734240017016,5.18390323141394,465
2,T,157,False,2.4700743070282423,0.5852732307962765,0.58532599217638,2.0651816306794357,600
2,T,52,False,6.381364318550093,1.7213155066004437,1.7213334469804782,8.145324491011813,113
2,T,273,False,7.441031410780665,0.5379667616180942,0.538024162130672,7.746667047836314,143
2,T,596,False,6.4709047514134985,1.7243565731079729,1.7243744818487727,9.207762496171505,45
2,T,720,True,6.356462892578284,1.7259245402473158,1.72594243271856,10.124728021897074,10
2,T,367,False,6.438492950817691,1.720713323592181,1.720731270250588,4.873032298272351,493
2,T,805,False,6.822807524797388,0.09943403309137011,0.0997441194625926,6.997508823234078,230
2,T,344,True,6.0386231280049465,1.708124354839298,1.708142433764152,10.899896142872223,2
2,T,590,False,6.534482849103247,1.7146681625891127,1.7146861725188303,8.32568523110155,100
2,T,114,False,8.554044640012297,0.018466703194397936,0.020069418462482766,8.568195048787528,80
2,T,542,False,6.389239205897327,1.7260667603878308,1.726084651384831,2.9068927043869017,592
2,T,784,False,6.413391872268288,1.723457037472493,1.7234749555604265,4.427521572794044,540
2,T,733,False,6.372297642173848,1.7264000810925477,1.726417968635321,7.054256673079579,221
2,T,826,False,6.4296075585585,1.5862416876379977,1.5862611556837654,6.526719528831261,279
2,T,315,False,6.400876106915541,1.7264915392675593,1.7265094258627776,5.22938426507185,460
2,T,625,False,6.492560382035101,1.6130508428549921,1.613069987342692,8.744577763557684,64
2,T,597,False,6.470064819047533,1.7243908703076958,1.7244087786923044,9.108582127950857,50
2,T,721,False,4.4677565292300905,0.5400483159065262,0.5401054951988801,4.446573387499597,535
2,T,617,False,7.138429991565214,1.4817277777238105,1.4817486189326765,8.21047478339512,111
2,T,425,False,6.343451230326977,1.7256132484993438,1.7256311441982641,6.228349658209138,343
2,T,80,False,5.510245660703737,0.08916604017198915,0.08951170398615502,5.47888002051086,427
2,T,583,False,6.412804310038437,1.7234581939759128,1.723476112051823,4.441260035940501,536
2,T,695,False,4.5253410446538,0.6107111884393717,0.6107617523352146,4.399302540094273,542
2,T,510,False,6.374950937951853,1.7265769893476501,1.7265948750576516,7.050949410622975,222
2,T,511,False,6.28424252285105,1.724402528272892,1.7244204365364308,7.059209787459012,220
2,T,230,False,5.31700082875659,0.699894267004596,0.6999383883003225,5.306332658890476,451
2,T,621,False,5.2873005953588645,0.587176193234174,0.5872287836367767,5.2822922831097525,453
2,T,48,False,6.15855151753441,1.7131635414423885,1.7131815671895312,5.932046029089342,378
2,T,303,False,6.388470548062699,1.7244232057749072,1.7244411138237108,5.800527481413141,396
2,T,609,False,6.336306304163634,1.7254020096461875,1.7254199075360335,5.470033018163051,432
2,T,190,True,6.3653529763974035,1.7239772771106547,1.723995189791555,10.258288083859078,8
2,T,54,False,6.375713657280346,1.7265629242423197,1.7265808100980222,5.684752842444511,411
2,T,674,True,6.034552581504101,1.7076216316446573,1.7076397158918837,10.434381393242191,6
2,T,827,False,6.3951504414650255,1.7179023233440203,1.7179202993682026,6.792286238270121,252
2,T,235,False,6.3360175575515845,1.725453782456535,1.7254716798093546,5.716751887468641,408
2,T,422,False,6.1771397137092885,1.7226034560646948,1.722621383031275,8.898748428605902,56
2,T,732,False,9.263097134303631,0.06095148256314627,0.06145604654708746,9.264054094269214,41
2,T,224,False,6.364782317578074,1.7261206865045107,1.72613857694258,8.595548834420043,75
2,T,603,False,6.218272899521402,1.7096017144039233,1.7096197777059627,5.0926790637771555,473
2,T,123,False,8.288171363550829,0.40536268920322727,0.4054388637373389,8.666858702601163,71
2,T,145,False,6.376057953318671,1.7265684573273152,1.7265863431256998,4.433545843566026,538
2,T,814,False,6.283998630678204,0.011657937566192184,0.014059514175443337,6.298445327012366,319
2,T,574,False,7.420784439121738,0.6277458116981849,0.6277950035920684,7.618658443582696,159
2,T,532,True,9.71084067720053,0.08037437657685109,0.08075767976279238,9.732266289580982,19
2,T,204,False,6.390917927558942,1.7077944009539832,1.707812483371733,5.907960833210644,383
2,T,173,False,6.000136407111321,1.6926330548822213,1.692651299267062,5.575362079595607,423
2,T,153,False,6.366459487653889,1.725407360231942,1.725425258066286,4.479688531880124,528
2,T,155,False,6.163392157652842,1.7137737781132816,1.7137917974419248,5.27636752517154,455
2,T,117,False,6.257430021841133,1.713935954076366,1.7139539717000032,7.678866563863346,154
2,T,242,False,6.396939922733981,1.726206943473351,1.726224833017461,6.789584122198515,254
2,T,325,False,6.415754170919797,1.7264709030458985,1.7264887898549102,4.257427846184402,555
2,T,191,True,6.365304233210628,1.7239809115405893,1.723998824183727,10.264411243991407,7
2,T,607,False,6.3567928985290365,1.7262373335546994,1.7262552227838706,7.727190713849606,146
2,T,397,False,6.467090507252554,1.7229023317467906,1.7229202556035725,7.170991307360734,211
2,T,616,False,6.446207417250448,1.722892489464824,1.7229104134239979,6.232057685856252,341
2,T,106,False,4.195156679486953,1.0862338842089327,1.086262313455722,4.678473958514546,514
2,T,602,False,5.308085765304368,0.6650853415478027,0.665131771886075,5.438598938975258,438
2,T,225,False,6.381622700963207,1.726376519767652,1.726394407554549,6.145185299987022,355
2,T,251,False,7.430466822842152,0.07539650780081938,0.07580498545024117,7.585789587388519,163
2,T,375,False,5.8346758330147805,1.6494803853689224,1.6494991070465483,3.162445539831144,590
2,T,253,False,7.430210158139298,0.08185165489256632,0.08222807208735976,7.5522562594391,169
2,T,172,False,6.318654699077321,1.7214929143955022,1.721510852926717,7.686041822764653,152
2,T,318,False,6.320085682239142,1.7260992667619355,1.726117157422011,6.786236287209163,255
2,T,857,False,6.344230841582046,1.7233482069373185,1.723366126156779,7.462822529055411,182
2,T,587,False,6.413472259955644,1.7234658077483982,1.723483725745152,4.449067374092929,533
2,T,507,False,7.494507422582522,0.04564257805905138,0.04631422419115811,7.488255930588305,178
2,T,379,False,6.376061808933612,1.726568455285526,1.726586341083932,4.420316093116101,541
2,T,788,False,7.720434720054639,0.043240116449773276,0.043948493730072376,7.689416028105404,148
2,T,161,False,7.492865015655311,0.10585159307515205,0.10614293281749772,7.606023864346081,160
2,T,436,False,6.375585096178284,1.7265750040749999,1.7265928898055667,3.7909650299434006,573
2,T,808,False,6.8211337721993806,0.21396356036641115,0.21410784104096497,6.575295964494005,273
2,T,334,False,6.389674277907531,1.7264383857599006,1.726456272905805,6.10054469785728,359
2,T,722,False,4.468204314401147,0.5416625188823537,0.5417195277932377,4.456510354872832,532
2,T,296,False,6.298797218199302,1.7239475715481576,1.7239654845377104,8.58542080064074,77
2,T,141,False,6.4706211432823935,1.7243580552135467,1.724375963938954,9.089913076339426,51
2,T,465,False,6.418866196389537,1.723465364951057,1.7234832829524143,4.439522003535926,537
2,T,43,False,4.78765587447324,0.5669490767471028,0.5670035432472575,4.9943153352568475,484
2,T,557,False,7.220341647482726,0.09955860518534494,0.09986830476684608,7.311695120689485,200
2,T,672,True,6.035128329586483,1.7076930398863643,1.707711123377395,10.450816877848442,5
2,T,403,False,6.526736921339576,1.7228542417132815,1.7228721660703672,5.926119461342675,380
2,T,489,False,6.305998890825835,1.7186495729872142,1.7186675411957035,6.610641488787002,270
2,T,61,False,6.984638342148621,1.6961395460112325,1.6961577526791964,6.409396555959665,299
2,T,712,False,6.373637513738633,1.7265778280851936,1.7265957137865064,7.986017112535597,125
2,T,468,False,6.402980406596305,0.17478420176216414,0.17496079451176816,6.528425762892393,278
2,T,361,False,5.32028786681703,0.7102796207138509,0.7103230969298155,5.077010183395001,476
2,T,268,False,6.3713200159116266,1.726565835490476,1.7265837213160204,8.276852191382192,107
2,T,459,False,5.803236773187627,1.6952256457128236,1.6952438621959414,5.9524886290745265,374
2,T,345,False,6.374283916143004,1.7265769902520016,1.7265948759619938,7.3185079355777924,198
2,T,312,True,6.3575601377569315,1.7259457180382862,1.7259636102899873,9.980442919274294,13
2,T,58,False,4.841756568335621,0.017701287432272117,0.019367447103636866,4.83761033844184,499
2,T,663,False,6.375677235719125,1.7265713554049686,1.7265892411733321,4.314644025675435,550
2,T,502,False,5.429601694805754,0.027708038312642805,0.028801003761798626,5.426239602490421,440
2,T,779,False,6.179194560350739,1.7190037280684145,1.7190216925750703,5.135528970729011,469
2,T,41,False,4.7906933594253065,0.5589998789408908,0.5590551199000711,5.049183008371104,481
2,T,176,False,6.2072442739800024,0.6712407718296914,0.6712867764205341,5.577645958444051,422
2,T,553,False,6.356576899403338,1.7262321842774184,1.726250073559952,7.8423931944576974,133
2,T,782,False,7.193786419484692,0.024841362289558532,0.026054859641789628,7.193449713243016,207
2,T,33,True,9.722519904918341,0.03427088653628962,0.035160433651129704,9.713366560909762,25
2,T,137,False,6.641592454825521,1.6721295107658385,1.6721479788596925,5.355364767287067,444
2,T,756,False,7.494266410249341,0.05937348833750149,0.05989134785522599,7.528864223269509,175
2,T,790,False,6.3488902011527015,1.7256418923732577,1.725659787775131,6.082540055481807,361
2,T,328,False,6.538131526781844,1.714484036868657,1.714502048732517,8.811720583101907,61
2,T,595,False,6.41084857641271,1.7241183719889572,1.7241362832039713,5.471787291872436,431
2,T,690,False,6.357125198607546,1.7262951556044306,1.7263130442344103,7.585735771792681,164
2,T,573,False,6.809477632512156,0.47766352548364105,0.477728171670892,6.535375237586903,275
2,T,343,False,6.223235802394905,1.722673257834549,1.722691184074746,7.008082446065037,227
2,T,97,False,5.993608021857999,1.6817467487804076,1.6817651112637648,5.016954819095995,482
2,T,520,False,6.81212673936383,1.7098686369698162,1.7098866974520766,5.770294168293443,398
2,T,90,False,6.062134499195104,1.6814454091608124,1.6814637749349595,4.887930805338019,489
2,T,423,False,6.37480614351305,1.72656658318772,1.726584469005519,4.724707570876179,507
2,T,64,False,6.3868739152626715,1.726440742942086,1.7264586300635687,5.827999453859553,393
2,T,736,False,6.412483038816851,1.7260385229171482,1.7260564142068366,4.575200599155848,522
2,T,307,False,6.5158161449773555,1.7228888332071086,1.7229067572043195,6.385594118305782,305
2,T,685,False,6.404621663226133,1.7264527354769477,1.7264706224741815,6.429226751559964,295
2,T,618,False,4.9300989864875255,0.6230835491263305,0.6231331090725453,5.072008375468627,479
2,T,102,False,6.079127667061497,1.717168561102542,1.7171865448079677,6.287064360629,322
2,T,207,False,6.262299424415592,1.7058913372747257,1.7059094398647028,4.023404666344282,567
2,T,508,False,6.332206654317003,1.7253937766181484,1.7254116745933967,6.878107399841952,240
2,T,739,False,4.269601914347934,0.4923486610460761,0.49241137930029216,4.853050561795602,497
2,T,475,False,6.249556656505352,1.7162861836616154,1.716304176612731,5.06352875378163,480
2,T,310,False,6.341981138658042,1.7251823524071301,1.7252002525757848,8.13075564271272,115
3,T,269,False,6.271094476802963,1.6597233056278715,1.6597434439146177,6.822953112216737,252
3,T,196,False,4.322438869227707,0.5767115323932611,0.576769485989533,3.7042131746292455,541
3,T,491,False,6.3341434455925665,1.607325314036365,1.6073461088127057,8.225337910514574,90
3,T,45,False,6.409100843863614,1.6003408941339583,1.600361779664437,7.564613493437809,134
3,T,14,False,6.267758929137188,1.6605347305670566,1.660554859013292,4.064938207465023,526
3,T,382,False,6.316787890603939,1.6476783342326846,1.6476986197339127,5.5008108002441505,420
3,T,82,False,5.8378234055162315,1.3979090730375554,1.3979329829623321,1.625614931471107,571
3,T,132,False,6.237122363707983,1.621582276733746,1.6216028886846021,8.008971073474747,110
3,T,10,False,6.3307651370319125,1.6158723620817446,1.615893046866928,7.074314736665861,207
3,T,577,False,6.6472736652490125,1.3651616211857764,1.3651861046508729,8.625843976471955,62
3,T,862,False,7.219065693030194,1.3069389824287614,1.3069645565833732,7.401835817051886,157
3,T,636,False,5.643545894959349,1.3294555750511146,1.3294807160721573,6.127828259870662,351
3,T,391,False,6.29942925832368,1.5047039768670532,1.504726189834141,4.971184228084852,459
3,T,133,False,7.469801852426039,0.36226120291664254,0.36235345660260987,8.223869101789267,91
3,T,250,False,7.3779731649668205,0.36366212631565953,0.36375402470580764,7.374625115322061,162
3,T,679,False,6.2416842690520005,1.6579138168452066,1.6579339771111177,5.159423095481447,446
3,T,59,True,6.655317880307791,1.4374093580217502,1.4374326109079851,9.31250461944731,30
3,T,488,False,7.913122322245647,0.3069799032139489,0.30708876461129614,8.093363290247776,101
3,T,297,False,6.2744538126684315,1.6384210542129054,1.6384414543282817,4.5551455783569175,492
3,T,692,False,6.8077565952098595,1.615199714038862,1.6152204074380896,7.327394483317481,170
3,T,7,False,5.759360820022827,1.627916354693334,1.6279368864459332,6.089182319856484,360
3,T,746,False,6.172623357623678,1.5661218640324983,1.5661432058958957,6.811194939602112,253
3,T,283,False,6.73904216236771,1.1236413786975068,1.123671124615419,6.113268873632069,354
3,T,737,False,5.981173443057264,1.460951408303797,1.4609742864944937,7.505318549890624,142
3,T,197,False,6.383005589806693,1.6573234763635962,1.6573436438105291,5.324105772913997,439
3,T,853,False,6.31051229561166,0.26643567294867276,0.26656109279648954,6.294477988166753,323
3,T,516,False,6.584430845707712,1.611816329218102,1.6118370660545573,6.180016249619224,346
3,T,538,False,6.718517011651665,1.401132748357027,1.4011566032716554,6.537198647945108,296
3,T,170,False,6.6728806536406715,1.5214533504540284,1.521475318886585,6.673094647312812,273
3,T,392,False,6.363804545780842,1.5704481436851871,1.5704694267566934,7.1987505670931835,187
3,T,593,False,6.672918108877719,1.5922537801283867,1.592274771735828,4.7772481527363055,470
3,T,829,False,6.050350021445329,1.4841948935122342,1.4842174134206347,7.369444660631339,163
3,T,562,False,6.625975825103113,1.591151105871541,1.5911721120260607,9.24766051609497,33
3,T,215,False,6.276917693492602,1.6512455068035574,1.651265748482716,4.482795440560539,499
3,T,725,False,6.133437877398423,1.4919879568024519,1.49201035908495,8.611137534344572,64
3,T,747,False,6.17504747124544,1.5654998461699068,1.5655211965129212,6.869313674023034,242
3,T,822,False,6.115991322994575,1.6272162575906113,1.6272367981767255,6.907754624333313,235
3,T,819,False,6.605977594526332,0.11649849796966777,0.1167850521361158,6.357001108975701,320
3,T,745,False,6.080461659645735,1.5819263221871078,1.5819474508344693,4.794374346333814,469
3,T,648,False,6.577062292596437,1.1534476016710173,1.1534765789446566,6.670992866179438,275
3,T,22,False,6.412041500261578,1.6580320149970258,1.6580521738257648,4.578316991811996,488
3,T,419,False,6.292600473799448,0.08274255577439069,0.08314552849867968,6.208655945964938,339
3,T,563,False,6.634973260979562,1.5910885345468797,1.5911095415274787,9.173070212336356,37
3,T,38,False,9.351887102083467,0.2845676892999533,0.28468512108426275,9.202236679735686,35
3,T,683,False,6.2745782668168255,1.6386785329607758,1.6386989298708068,4.484358071590687,498
3,T,77,False,6.735159510162529,1.533533697938387,1.5335554933180053,8.276002742843197,88
3,T,776,False,7.405536810953293,0.3237805611659216,0.32388377570073756,7.06229192058975,210
3,T,752,False,5.854955241693717,1.508626355470588,1.5086485106855458,6.706063931582731,267
3,T,19,False,6.064393445066967,1.5696186800759213,1.5696399743942953,4.477617281205228,500
3,T,547,False,6.7692642041016,1.5046412608551825,1.5046634747481313,6.708543950471678,266
3,T,166,False,6.260840350905645,1.6000992374709704,1.600120126155667,8.259793532939197,89
3,T,398,False,7.707017628751487,0.28770664338439017,0.2878227944773646,7.292389922844572,173
3,T,652,False,5.813392939228137,1.5144955429726517,1.514517612329838,5.950123558248198,380
3,T,2,False,6.473111878775751,1.6107142409586892,1.6107349919835892,4.693759709077776,478
3,T,735,False,6.319972955655633,1.6345753331978146,1.634595781308637,6.65989511792966,278
3,T,854,False,6.294179675232568,0.15735134431727577,0.15756361868052052,6.446988128121994,307
3,T,797,False,5.9666637314239495,1.4861466585895342,1.4861691489228555,4.243336622451066,513
3,T,501,False,6.3455031076216954,0.4266034025187371,0.42668174487996346,6.037755123246899,366
3,T,824,False,6.133133780523602,1.5378813116917607,1.537903045456383,6.731125675456673,261
3,T,300,False,6.637258238254215,1.6378690835145069,1.6378894905047463,7.269761159574692,175
3,T,849,False,5.6128964761456785,1.6055954823036513,1.6056162994835166,6.945856424361804,230
3,T,165,False,7.472108955628327,0.331826267285421,0.33192697997273773,8.47572457977681,74
3,T,762,False,7.774508570658915,0.6848356603656497,0.6848844647688412,7.651979220785632,129
3,T,469,False,6.478762557077104,0.7542154647887933,0.7542597799828797,7.284576724100268,174
3,T,806,False,6.734320616225,0.8704956601469688,0.8705340560299485,6.674920877272602,272
3,T,738,False,5.99823390848419,1.4617897987156097,1.4618126637850244,7.583826668018151,132
3,T,773,False,5.757649090171977,1.5733145596434703,1.5733358039399514,2.1453671998469415,569
3,T,451,False,5.953993042045896,1.624747738757992,1.6247683105515245,4.9109506766419475,463
3,T,222,False,6.183274937862773,1.6494743970094856,1.6494946604227165,7.295073518877855,171
3,T,309,False,6.285070163986658,1.6570244438085555,1.6570446148949336,5.316985892651054,440
3,T,139,False,6.318671816752475,1.6599329966365766,1.6599531323793848,6.842143459779156,247
3,T,236,False,6.166516418144236,1.0473804559304158,1.0474123676175742,6.500287439278461,300
3,T,846,False,7.888785997765566,1.014209592980923,1.0142425483422473,7.258204539731503,178
3,T,592,False,6.518208579822259,1.6320162087305976,1.6320366889051976,6.061551651908437,362
3,T,355,False,6.681178264872164,1.5698416625310638,1.5698629538248048,8.038724340724773,108
3,T,830,False,6.272539602209048,1.6605260172967118,1.6605461458485657,4.0809775936361845,524
3,T,255,False,5.946809209803374,1.6007523278987348,1.6007732080611747,3.795879681389093,539
3,T,589,False,6.660931794130176,1.591771085747076,1.5917920837200037,4.664283925220749,481
3,T,654,False,6.539286935898347,1.6482972871878905,1.6483175650717934,5.813077819045216,390
3,T,163,False,6.2717366171423015,1.599711782244915,1.5997326759888506,8.280155637792593,86
3,T,606,False,5.491634573487893,1.27986669665221,1.279892811751315,6.404048580550512,316
3,T,16,False,6.332114342867826,1.6569864858219825,1.6570066573704312,6.726523164454137,263
3,T,700,False,6.209647281882746,1.6390133486574623,1.6390337414008886,3.9472762697126247,531
3,T,524,False,6.741098637878728,1.3863161460106177,1.386340255876233,7.14033152330848,197
3,T,434,False,6.742701082673082,1.5890504311798481,1.589071465103476,7.393294633818492,160
3,T,781,False,5.6276823339812285,1.3244807025050072,1.3245059379562645,5.993168791235865,374
3,T,284,False,6.085769832701771,1.6325682549112097,1.6325887281606104,7.8625552406277235,117
3,T,571,False,6.433364867651364,1.6548362402760832,1.6548564380345292,8.610247634771682,65
3,T,135,True,6.4387801466673595,1.6110478181039576,1.6110685648322882,9.869732544397301,18
3,T,653,False,5.928337325820157,1.5947574257129427,1.5947783843656205,5.443229606809977,427
3,T,834,False,6.333797851286631,1.6506853196098044,1.650705568158225,5.526614939666402,415
3,T,443,False,8.383732795243597,0.25698686180683583,0.2571168907609384,8.594437820866768,69
3,T,523,False,6.265984228831527,1.6595088368875042,1.6595289777768159,6.657879458900583,279
3,T,718,False,6.137890937078242,1.6550370389071896,1.6550572342151568,7.571919281680604,133
3,T,350,False,5.408119912624416,0.652697956326857,0.6527491635892783,4.581410040454596,487
3,T,187,False,6.490281984992336,1.6528916880060742,1.6529119095259783,5.532562738626194,414
3,T,835,False,6.51674353033828,1.6528146919285318,1.6528349143904404,4.773502632403645,472
3,T,199,True,6.584180194934362,1.5267954137926163,1.52681730536152,10.088480293097358,12
3,T,575,False,6.688666778182784,1.52491664354311,1.5249385620830864,7.699225578345958,127
3,T,787,False,6.450708165611332,1.651347284996263,1.6513675254278726,7.081460331927162,206
3,T,684,False,6.227456899963564,1.5568684118040488,1.556889880513875,6.838167182747085,248
3,T,534,False,5.919179196070731,1.5707899213318586,1.5708111997725867,6.4052193314784995,315
3,T,53,False,5.74712098126485,1.4069093601279516,1.4069331170986377,3.493876836120731,546
3,T,670,False,5.266220117139768,1.2741104065219617,1.2741366396037772,7.040941733047468,212
3,T,285,False,6.2975221273312565,1.6600490677263275,1.6600692020612562,5.390750021980328,431
3,T,231,False,6.068908622936258,1.5827111196427863,1.5827322378135125,8.422788451079239,77
3,T,761,False,6.0963795434002455,1.6239915807797636,1.62401216215175,5.833667440021262,389
3,T,277,False,6.112903204310626,1.650446162195965,1.6504664136784597,5.6691092586311775,403
3,T,807,False,6.549737023933966,1.5966271967288177,1.5966481308376526,4.858810527322036,466
3,T,544,False,6.975423360689067,1.4134911606489018,1.4135148069991434,6.180025047016196,345
3,T,357,False,6.706869812056596,1.5520631252838504,1.552084660461252,8.60152274788457,67
3,T,777,False,5.980068739015985,1.650081094470833,1.650101350433757,5.663869607633339,404
3,T,98,False,5.8552773860436576,1.3713435909680016,1.3713679640644447,5.425812132613649,429
3,T,624,False,6.563964289920314,1.6438725143186337,1.6438928467833642,7.491400781509961,144
3,T,449,False,6.224889010323824,1.6434661453546726,1.6434864828468145,7.222928774884908,185
3,T,200,False,6.624745114070892,1.6038601806506654,1.6038810203534526,4.688226978304776,479
3,T,615,False,6.460608411706302,1.639998768089587,1.64001914857986,7.2602127822094165,177
3,T,416,True,6.616306564966535,1.586493840912631,1.5865149087313866,9.473559500293824,25
3,T,680,False,6.215663101050935,1.6559230405652916,1.6559432250678907,7.943301966371844,112
3,T,168,False,6.8699256690931225,1.445928906291528,1.4459520221717803,8.037394370452105,109
3,T,512,False,6.098815016209215,1.5955572501456834,1.5955781982922999,6.4952987750216,302
3,T,727,False,5.433808555242964,0.14429774364983766,0.1445291915001287,5.491063436021923,421
3,T,219,False,6.2707355525415664,1.648374603480658,1.6483948804134472,6.182537996584735,344
3,T,232,False,6.287655323813234,1.6331370823226632,1.6331575484412482,6.693757196153061,268
3,T,267,False,6.3546816085181455,1.6435348366962401,1.6435551733383895,8.842621132862384,50
3,T,272,False,6.080165703612053,1.6384415936794683,1.6384619935391125,9.193708524344235,36
3,T,734,False,5.994472876932967,1.2466496143884502,1.246676425311764,7.635064870777117,131
3,T,742,False,6.083230289164355,1.584129789987598,1.5841508892461595,4.3722321486119435,508
3,T,246,False,5.931130966772178,1.474261880041299,1.4742845516779153,4.5102916038838625,496
3,T,810,False,6.737528351031584,0.8865661425518429,0.8866038424756014,6.668457372758273,276
3,T,639,False,6.429113559152155,1.612606500997438,1.6126272276730436,8.370480109085555,81
3,T,378,True,9.716595520815218,0.09749961132046572,0.09784182429252068,9.770589972060712,21
3,T,559,False,6.593280701591994,0.5020562101417477,0.5021227803188593,6.582929908635852,289
3,T,223,False,6.3577874967125005,1.6517346439594163,1.6517548796443697,7.0395615348732585,213
3,T,270,False,7.120465668004179,0.8424943230519256,0.8425339950102719,5.902677397811269,384
3,T,63,True,6.412234832198523,1.6562480423059953,1.6562682228478844,9.519108979476366,23
3,T,642,False,8.19913356122779,0.5907952853168912,0.5908518575124508,9.152375759347212,39
3,T,47,False,5.432262497486771,0.11277605247083033,0.11307204068269962,5.541065843121181,413
3,T,249,False,7.423754280592012,0.15826521959697484,0.15847626985553792,7.257742422344848,179
3,T,582,False,6.854039372587101,1.6120426760159956,1.6120634099408306,7.512145813825259,141
3,T,552,False,5.7434857573737546,1.4064425144874793,1.4064662793437708,3.5351087853034278,545
3,T,340,False,7.049290785882161,1.3003787548874017,1.3004044580574754,7.256803487544751,181
3,T,498,False,6.369800149134221,0.4773015531449091,0.47737157540828623,6.450361008163576,306
3,T,107,True,6.629480387673863,1.5935228528039413,1.5935438276940042,9.978749949954274,14
3,T,550,False,5.749421088167722,1.4016606964973481,1.4016845424269606,3.9109383430646583,533
3,T,515,False,6.037240725942423,1.6044247035729517,1.6044455359433054,6.023789621308827,369
3,T,124,False,7.585753240542729,1.2205872866040202,1.2206146699891047,7.42342630550857,152
3,T,308,False,6.849570716501453,1.6104744759112046,1.6104952300254465,7.4873119795240735,145
3,T,588,False,6.811329989381787,1.6103208296382656,1.610341585732704,7.445153872557693,150
3,T,260,False,6.126276444246309,1.5832286987177855,1.5832498099847854,5.13732670849881,447
3,T,122,False,7.1536003014605845,0.5461596140699029,0.5462208092101872,6.974407284337201,222
3,T,42,False,5.912287556359293,1.424711758127634,1.4247352182494757,6.961072512643595,226
3,T,480,False,6.258291868568627,1.6297612926335798,1.6297818011439211,5.19338081381183,443
3,T,103,False,6.245435152651564,1.6507884058976434,1.6508086531816246,6.902857586216324,237
3,T,247,False,6.201304584232032,1.635203785774207,1.6352242260263714,3.8239338388412856,538
3,T,521,False,6.608444111133871,1.6045876662157887,1.604608496470425,7.343664147530375,168
3,T,142,False,6.3668079607334,1.6432360440541771,1.64325638439413,6.726834448897037,262
3,T,220,False,6.2707355525415664,1.648374603480658,1.6483948804134472,6.182559057334345,343
3,T,192,False,4.702427386439238,0.06366709225489456,0.06418992919017637,4.737461018360395,476
3,T,83,False,6.031456056737651,1.5003099497427412,1.5003322277650086,8.219688973686322,93
3,T,164,False,7.464228659782407,0.2969877021770005,0.2971002248696917,8.209413633184242,96
3,T,116,False,6.4492160578861855,1.6521358634340755,1.652156094204874,7.404735523503252,156
3,T,513,False,6.081859662317261,1.5958339185359072,1.5958548630508087,6.651684120899372,280
3,T,115,False,6.254197288442933,1.657555388417888,1.6575755530431855,5.079983035835075,451
3,T,551,False,5.739969130872749,1.3959828448711011,1.3960067877871007,3.568295972182747,543
3,T,743,False,6.081184276523629,1.5843025420772632,1.5843236390351956,4.381715525294435,505
3,T,131,False,6.08125519712466,1.6359813762714215,1.6360018068083486,3.1060038888549775,554
3,T,203,False,6.239347757197604,1.594372350997305,1.594393314711875,4.879143104633081,465
3,T,741,False,5.963476495943693,1.6343814456389734,1.634401896175536,4.53479815638138,495
3,T,314,False,6.268325433561253,1.6570567554605335,1.657076926153592,2.8715998476742066,556
3,T,159,False,6.239397704617143,1.657882200762644,1.65790236141301,5.0706314950158795,453
3,T,651,False,6.100605202508466,1.6420065484382351,1.642026904008364,5.332925537086995,438
3,T,377,True,9.75829584573737,0.16014559880263893,0.16035417421789303,9.623385435400913,22
3,T,335,False,6.881865654923763,1.5926101637897598,1.5926311506999016,6.775299582872783,255
3,T,374,False,6.35791915479863,1.530724119501752,1.5307459548852844,2.7863390560398527,559
3,T,279,False,6.077740776123265,1.643961802279175,1.6439821336396088,5.784333306963626,395
3,T,385,False,8.545961273212486,0.08900645410661609,0.08938119067163827,8.564446621651493,72
3,T,218,False,6.27676858715076,1.650078055926691,1.650098311926915,6.023940723437702,368
3,T,401,False,7.155410530695076,1.5840894614391405,1.5841105612348505,8.878296318987735,49
3,T,454,False,5.668710829303944,1.360979792860224,1.3610043515533317,5.966057857860897,379
3,T,486,False,6.359899034708567,1.6587296325589465,1.6587497829095215,5.967580950324102,378
3,T,407,False,6.070231019401708,1.6448639577946016,1.6448842780040691,7.143295683278836,196
3,T,463,False,6.344730041326026,1.6585382815736076,1.658558434248966,7.68801463668908,128
3,T,62,False,7.085240219633729,1.2279373686562642,1.227964588135878,6.571811292041875,291
3,T,816,False,6.312844728171473,1.6568309150730127,1.6568510885154777,5.478236290177527,423
3,T,360,False,6.952519617446257,0.8819022202064218,0.881940119496932,7.185430509131189,188
3,T,239,False,5.563991646520267,1.5157499358066144,1.5157719869000754,4.614275384527134,484
3,T,566,False,6.271184120622251,1.6605334973863204,1.6605536258475038,8.336379547493987,82
3,T,234,False,6.188124962692251,1.6444160754025345,1.6444364011464598,2.793600422250517,558
3,T,793,False,6.423217869922332,1.4198426206678403,1.419866161241322,5.6271827511695625,407
3,T,586,False,6.1588338887111265,1.0345154891311616,1.0345477976514827,7.107230189091144,198
3,T,259,False,5.88975951527017,1.615702802459114,1.61572348941503,5.03429809068491,456
3,T,216,False,6.2722062010813815,1.6483130655410194,1.6483333432308163,6.249074081995232,333
3,T,447,False,6.674813948945922,1.5731272528455937,1.5731484996715253,7.338824881819193,169
3,T,354,False,6.888861922231692,1.4297823473587523,1.4298057242828308,6.235885030999091,335
3,T,775,False,7.40713894888384,0.29826950272186975,0.2983815420350228,6.931021893537437,231
3,T,613,False,6.3103987224757825,1.6473413917892767,1.6473616814395915,5.546193974419813,412
3,T,281,False,6.17482545959083,1.5724180692906553,1.5724393256990867,8.647335256647413,61
3,T,356,False,6.9166522569279,1.4056495941518299,1.4056733724135386,6.02558788466129,367
3,T,319,False,4.669760364763238,0.19649429372365662,0.19666432274107382,5.062469849939455,454
3,T,324,False,5.612922243748967,1.3152836386327642,1.3153090505384242,5.740524691861335,397
3,T,167,False,6.886139083348902,1.3865204175387322,1.3865445238523815,7.993450010227411,111
3,T,369,False,7.190476486914604,0.26723517751394094,0.26736022231093787,7.4075142437369115,155
3,T,387,False,6.567023572297759,1.6432375813106985,1.643257921631623,7.396948468439792,159
3,T,494,False,5.8686360135288425,1.4547963240000865,1.454819298984383,6.140121268260668,348
3,T,221,False,6.2766209578410805,1.6486139002866467,1.6486341742762691,6.138438572169819,349
3,T,719,True,9.71228210118165,0.08865232813398082,0.08902855528886003,9.824716655375468,19
3,T,299,False,6.2204920339300145,1.5853186342079146,1.5853397176441693,4.205037557067994,516
3,T,576,False,6.644303838909132,1.3821541938178343,1.3821783762819742,8.651889507975618,60
3,T,801,False,6.377715787148638,1.542512969841001,1.5425346383472078,6.102753347452449,356
3,T,162,False,7.445949647755961,0.4638124236026051,0.4638844820225926,8.599955518373175,68
3,T,341,False,7.035142775046192,1.2976580100150772,1.2976837670748358,6.9163994838502445,234
3,T,353,False,6.684781026746411,1.5816940720817705,1.5817152038315432,8.332470290839511,83
3,T,373,False,6.3039799102434975,1.657982351368072,1.6580025108006464,2.6864564669681954,561
3,T,136,True,6.437732315418887,1.611538617053955,1.6115593574638885,9.927279811702757,15
3,T,638,False,6.423419271201517,1.6125273603078825,1.6125480880007126,8.586976678411531,71
3,T,237,False,6.4010054097350855,1.5643264613289114,1.5643478276863751,6.5906229109864825,287
3,T,453,False,5.863473055151102,1.51741129240638,1.5174333193572782,6.542022246149492,295
3,T,442,False,6.019197083827937,1.6445854538203417,1.6446057774709129,6.390607791719191,318
3,T,473,False,6.0446170199429226,1.648542191265625,1.6485624661371236,4.05206165808713,527
3,T,565,False,6.274812911315114,1.6588452808830925,1.6588654298288792,7.865703584669495,116
3,T,800,False,6.230366746798202,0.31991019667233594,0.3200146595207464,6.218328053404425,337
3,T,794,False,6.393193160667568,1.6036719449789707,1.6036927871278468,7.557780921909236,135
3,T,331,False,6.1803419046669035,1.6353130979237878,1.6353335368096449,5.8931594828447444,387
3,T,21,False,6.066858627369371,1.642004946976396,1.6420253025663776,7.827811189198643,119
3,T,780,False,6.04749896753748,1.5222123871397755,1.5222343446181408,4.549499297303347,493
3,T,792,False,6.42317956811965,1.4543446767427337,1.454367658861807,6.86665446742891,243
3,T,15,False,6.186743529342151,1.6445873863700695,1.6446077099967589,2.607300224619503,563
3,T,567,False,7.579695521838926,0.26670331003827646,0.26682860408625536,7.818033834849679,120
3,T,186,False,6.006217738937673,1.5835667064373475,1.5835878131982688,4.0187968004601125,529
3,T,758,False,5.777179736580925,1.6232622616381258,1.6232828522570457,6.002128708473024,373
3,T,458,False,5.527744936194375,1.5810793836065387,1.5811005235717555,6.588778096661114,288
3,T,549,False,6.104296213026489,1.620981550739008,1.6210021703284316,7.237428410423303,183
3,T,258,False,5.908477243048601,1.6163225988084098,1.616343277831791,4.759040256032755,474
3,T,134,False,5.85469458236703,1.5438454497658252,1.5438670995703903,4.831562216894688,467
3,T,678,False,6.321996239194869,1.6586304880020224,1.6586506395570688,4.291764651763351,511
3,T,723,False,6.698537385315534,1.1054849249672016,1.105515159417991,6.270467648179447,330
3,T,205,False,5.864269324646969,1.5463007665319732,1.546322381960054,3.275145200750208,552
3,T,304,False,6.16577077414418,1.6439344748938123,1.6439548065922132,3.618713849417715,542
3,T,698,False,6.132523087946486,1.644799699376313,1.6448200203796328,4.219844486694141,515
3,T,546,False,6.658078626455097,1.5749278064740957,1.5749490290096861,8.277444102074343,87
3,T,635,False,6.3324026572726,1.6408406893814982,1.6408610594145978,8.213469514928967,95
3,T,759,False,5.779756768862358,1.6228710042082783,1.622891599791321,6.057574545168774,365
3,T,208,False,6.330914162987201,1.616437422314799,1.6164580998692661,6.951273108571558,228
3,T,206,False,5.985702200045219,1.6185363326077413,1.6185569833479956,6.098926423814178,359
3,T,770,True,6.317342840533002,1.6511471374945188,1.6511673803795877,10.554462220094178,2
3,T,585,False,6.360804509129898,1.6574659458603604,1.657486111573797,7.085697877233113,204
3,T,509,False,5.995660136380814,1.620888658266917,1.620909279038026,7.922949381328589,113
3,T,455,False,5.6721426660878045,1.353761373967053,1.3537860636076922,5.9252218759313156,382
3,T,643,False,8.214132202742567,0.5529631093681119,0.5530235516642099,9.040647210700541,43
3,T,55,False,6.358161728580325,1.6574878560445594,1.6575080214914306,7.090615157616423,202
3,T,657,False,5.8135097352017535,1.6185933003452175,1.618613950358661,5.283821494998643,441
3,T,348,False,7.636216255965167,1.0691870531099967,1.0692183139617866,6.391636059349813,317
3,T,366,False,6.397007035610429,1.5851171626408942,1.5851382487568602,7.466168072386243,148
3,T,757,False,5.922744554181823,1.6393062562004017,1.6393266453001438,7.176150684724616,191
3,T,441,False,6.354820796600907,1.6565680517513277,1.6565882283948645,8.619693168230176,63
3,T,464,False,6.350344703836372,1.5193918191411793,1.5194138173803702,5.9015129311283125,385
3,T,65,False,6.44272040733387,1.6573883608494155,1.6574085275068302,7.251746604866097,182
3,T,754,False,5.866691971473417,1.5027425561004972,1.5027647980601297,6.2572352829235225,332
3,T,6,False,5.63954569877885,0.25214350183819867,0.2522760271854547,6.057899980672932,364
3,T,156,False,6.284505098155754,1.660209950081684,1.6602300824655223,5.905978660712654,383
3,T,836,False,6.446353340663801,1.629165018286636,1.6291855343029968,6.464269369042604,304
3,T,105,False,5.760366226875778,1.537379635466193,1.5374013763228558,4.589538630168075,486
3,T,243,False,6.257801833794936,1.6595080164481866,1.6595281573474556,5.6039934187620055,408
3,T,472,False,5.434849201548345,0.20936090299634097,0.20952049082772284,5.5175521882886285,416
3,T,570,False,6.12651493507194,1.5635636756035591,1.5635850523844739,7.353065881355693,166
3,T,70,False,5.72969954256711,1.3447353535309199,1.3447602088882518,6.636771625992063,281
3,T,394,False,6.141838318338084,1.5884522629382711,1.588473304782602,6.7567043890223095,257
3,T,838,False,6.312197698988539,0.28939955964419983,0.2895150315536369,6.119102249482739,352
3,T,828,False,6.386123768417314,1.6487693729687598,1.6487896450466457,7.522151727519721,139
3,T,731,False,9.379266265022816,0.3201809652812976,0.32028533981702956,9.05288508684949,42
3,T,495,False,6.4070296921214345,0.6944048601789674,0.6944529920832784,7.4675928712368,147
3,T,364,False,5.946670553871718,1.6339013326890504,1.633921789234816,6.430802667188245,313
3,T,240,False,4.722164641620751,0.06375049432683033,0.06427265281721167,4.765982691293218,473
3,T,522,False,5.956427397683469,1.5426510233642037,1.5426726899312995,8.185855452550301,97
3,T,276,False,6.1125944035428805,1.6501258484640178,1.650146103877575,5.510146240915319,417
3,T,702,False,6.207858114459703,1.6366728136667779,1.6366932355726207,4.418188917988304,504
3,T,282,False,5.8489201968149995,1.5029372858570638,1.5029595249349343,6.752511267263935,260
3,T,766,False,6.288801755894288,1.6573224809112426,1.6573426483702887,3.2394089107487116,553
3,T,362,False,5.432929116833483,1.6076571449763337,1.6076779354605522,3.4391026775351756,548
3,T,841,False,5.871081006500503,1.6154824790462907,1.615503168823508,4.5428206885515,494
3,T,245,False,6.31927213987175,1.6599243144465898,1.6599444502947163,7.431580246463222,151
3,T,771,False,6.284053909908128,1.6603455570468952,1.6603656877864623,6.5076498750199745,299
3,T,848,False,6.305639547941562,1.6578597397217059,1.6578799006452094,6.753871918888336,259
3,T,244,False,6.211852541427638,1.6431724895682658,1.6431928306949306,2.1374724884449003,570
3,T,418,False,6.821802683611113,1.611068883912441,1.6110896303694977,7.496170821263826,143
3,T,217,False,6.26963171820059,1.648257976765538,1.6482782551330561,6.099125019382001,358
3,T,18,False,6.064393445066967,1.5696186800759213,1.5696399743942953,4.477614959312706,501
3,T,564,False,6.450055111571474,1.6548862466033363,1.6549064437514662,8.799263829297047,53
3,T,126,False,5.878333234539747,1.5554132820414242,1.555434770835512,5.968830812842951,377
3,T,554,True,8.143249324125707,1.3424846314965413,1.3425095285239697,10.449942358936447,3
3,T,460,False,5.52066960067667,1.5797576953283905,1.5797788529799082,6.525917256185888,298
3,T,525,True,9.179852647954146,0.5355025173063501,0.5355649301575715,9.809045052582155,20
3,T,322,False,7.350671432585003,1.221612165742151,1.2216395261542887,7.39925639578658,158
3,T,291,False,6.184506386867101,1.6524789687567645,1.6524991953270858,7.0997854871702675,201
3,T,847,False,6.431076506149452,1.6557326130700125,1.6557527998940236,4.136376318325485,518
3,T,724,False,6.675626669663296,1.1193341990161854,1.1193640593928553,6.277204616584891,327
3,T,330,False,6.982868043138682,1.6203146076318307,1.6203352357084444,6.948470304345624,229
3,T,169,False,6.733878828536115,1.483054803113077,1.4830773403332727,7.055844620660999,211
3,T,288,False,6.423449588213634,1.650596757401311,1.6506170070361474,5.799579753004368,393
3,T,755,False,7.786060429910448,1.3242142120702138,1.3242394525998626,9.242842897651652,34
3,T,471,False,6.382926620189882,0.5293798162800645,0.5294429509002471,6.266696733884895,331
3,T,346,True,7.1530146835088075,1.5726632168396462,1.5726844699346627,10.03100512575233,13
3,T,25,False,6.285860746999666,1.6601905076273131,1.6602106402469183,6.601686490413172,286
3,T,474,True,6.1364353734422465,1.6178330076646976,1.6178536673823898,9.897148001087537,17
3,T,626,False,6.384342338786436,1.6563072001278656,1.656327379948981,3.4747543188698256,547
3,T,44,False,6.090287854405948,1.628039063014278,1.6280595932193807,6.972993373286566,223
3,T,143,False,6.22289889576888,1.578365960490978,1.5783871367981477,5.897480117762884,386
3,T,36,False,9.316745427749332,0.27419343388105427,0.2743153068217862,9.006818700726823,46
3,T,152,False,6.454983391203717,1.6554187286048823,1.6554389192564767,6.277126591461085,328
3,T,833,False,4.946250155081028,1.354700400321765,1.354725072848804,8.153289577122937,100
3,T,195,False,4.266308704163171,0.4417487550277324,0.44182441188983457,3.5580541696139685,544
3,T,11,False,7.06581896238891,1.3032251199644054,1.303250766997467,5.784768846320892,394
3,T,427,True,6.85347703597891,1.5470331431372877,1.5470547483326123,9.399743348358115,26
3,T,545,False,6.943003744556078,1.4701918545376358,1.470214588936615,6.2172578073049465,338
3,T,802,False,6.528565621867744,1.341353626393625,1.3413785444133863,6.10765567589659,355
3,T,444,False,8.396103071370298,0.2000831357563345,0.20025011757133723,8.217216417551283,94
3,T,406,False,6.987978101558941,1.6116204133388679,1.6116411526961545,6.892754679764448,239
3,T,50,False,6.044198708770522,1.6485262669445657,1.6485465420119119,4.098304507193122,523
3,T,647,False,6.173835257162262,1.5657843401867881,1.5658056866506207,6.830179402884395,250
3,T,478,False,6.22579527603928,1.6235646718109586,1.623585258594655,4.0998403006472515,522
3,T,393,False,6.14454279429531,1.601041836680883,1.6010627130677118,6.496655674372312,301
3,T,49,False,5.8553747262392735,1.6264944621254496,1.6265150118268206,6.19368572907819,341
3,T,151,False,5.521721083270279,1.4326812158165136,1.4327045454408005,5.508374586333952,418
3,T,837,False,6.569900573982316,1.5968026255213599,1.5968235573303504,7.851274424348027,118
3,T,420,False,5.843854793434752,1.6193174238785932,1.6193380646579176,5.388246126182961,432
3,T,404,False,7.009892545326848,1.6181971156905868,1.6182177707597272,6.966137662166504,224
3,T,591,False,6.631292257179698,1.6068817726897002,1.606902573205868,4.380616660316555,506
3,T,4,False,6.181404854958917,1.6387782375796367,1.6387986332487183,6.83378199198123,249
3,T,506,False,7.404457077115035,0.5121957333410635,0.5122609858519742,8.318155205391285,84
3,T,641,False,6.42707733857483,1.6140207003768976,1.6140414088920945,8.054578159151722,105
3,T,37,False,9.317875023755784,0.2921795377116503,0.2922939113814043,9.166726799180722,38
3,T,772,False,6.1290437444907475,1.61054385900803,1.6105646122281851,7.448211815828284,149
3,T,271,False,6.715688222460335,1.6136753872359662,1.6136961001825565,6.926452481387197,233
3,T,689,False,6.305887222308412,1.6598894820928844,1.6599096183635513,3.732330400377124,540
3,T,640,False,6.423419271201517,1.6125273603078825,1.6125480880007126,8.587114412907262,70
3,T,696,False,5.984782834487736,1.4670817256813198,1.4671045082751693,6.18427476168616,342
3,T,17,False,5.951523903436296,1.6027363267796664,1.60275718109526,3.8636741963352987,536
3,T,656,False,5.823170668503682,1.6189575695180312,1.6189782148852334,5.357460475729855,436
3,T,499,False,6.371662815271804,0.5305017171879658,0.5305647183074154,6.4365227788636865,312
3,T,295,False,7.165354093555382,1.170755600688045,1.1707841495833773,7.348194957563016,167
3,T,729,False,6.28921860623035,1.6599444665330887,1.6599646021367644,7.010402890373419,216
3,T,605,False,5.689138055868061,1.4723965697391455,1.4724192700969547,7.71347721270182,126
3,T,372,False,6.30265896693758,1.6579375481352991,1.6579577081126449,2.7046772047756114,560
3,T,380,False,6.499464993163309,1.6485551948167907,1.6485754695283663,6.714132879117219,265
3,T,257,False,5.918305387797371,1.6091395875892702,1.6091603589202081,4.273278669796622,512
3,T,160,False,6.203632408634498,1.4980818725197327,1.4981041836753128,6.44515992518762,308
3,T,23,False,5.872068467348861,1.6005479301474943,1.6005688129763977,8.086108070798776,102
3,T,614,False,6.315463018751687,1.6441022247581578,1.644122554382115,4.936679594508274,462
3,T,560,False,7.191584866321743,0.1065640786617156,0.1068772718320734,7.176216773361658,190
3,T,248,False,7.423754280592012,0.15826521959697484,0.15847626985553792,7.257611839400582,180
3,T,337,False,6.1260853480340804,1.5830085015017197,1.5830296157052672,5.190017250153138,444
3,T,744,False,6.080939612228277,1.584359644284477,1.58438074048206,4.488284923051843,497
3,T,148,True,7.245307669199102,1.5644973138494391,1.5645186778736,10.116558288725182,11
3,T,12,False,6.302295813635885,1.660297270629167,1.660317401954189,3.9886467618327996,530
3,T,622,False,5.996028289816167,1.600666441053608,1.6006873223363987,6.975342920529483,221
3,T,817,False,6.27236346546997,1.6520535197144277,1.6520737514935815,6.635211452486088,282
3,T,73,False,6.075416638587142,1.5001353653486575,1.5001576459635824,8.760507709707225,54
3,T,426,False,7.057828809563566,1.245044524454676,1.2450713699414249,7.002874737838563,218
3,T,110,False,9.362655283615283,0.13412658643808179,0.13437555418594122,9.250081122728336,32
3,T,214,False,6.2773696756696395,1.651317125842318,1.6513373666435884,4.68642471656585,480
3,T,604,False,8.528236112488898,0.25124616252960785,0.2513791609483585,8.654603358858884,58
3,T,1,False,6.290812652862699,1.6324015961295022,1.6324220714690774,6.866248440950399,244
3,T,363,False,5.60692168478445,1.4750718526850604,1.4750945118727081,6.018678173822497,371
3,T,88,False,5.853585977483768,1.3741311395483502,1.3741554632026516,5.429943306627091,428
3,T,555,True,8.081786934835524,1.3427799324926093,1.3428048240448436,10.275233553299291,8
3,T,750,False,6.080194585790779,1.5830620769280903,1.5830831904170815,4.331036919673089,509
3,T,91,False,5.945042545291578,1.5644880886055492,1.5645094527556844,5.646678688219185,405
3,T,482,False,6.0977217568660835,1.6321873631462565,1.6322078411732912,2.4778938513605695,565
3,T,86,False,5.5250503683984045,0.37321883850052934,0.37330838429498314,5.028813011751775,457
3,T,533,False,5.9233698371253976,1.5708514710819041,1.5708727486889027,6.137974962389801,350
3,T,74,False,6.615384451304477,1.5451806775442574,1.5452023086409679,9.129082074475292,40
3,T,179,False,6.099234971491993,1.631818396004863,1.6318388786620848,7.157426167163346,194
3,T,184,False,5.9647400222589155,1.6431448328215474,1.6431651742905815,8.174938955755055,99
3,T,795,False,6.380682883374911,1.5049912887244834,1.5050134974510454,6.75455786345965,258
3,T,365,False,6.484034537150168,1.4749661137486876,1.4749887745607262,6.545554905665111,293
3,T,150,False,6.232219516127944,1.5379628568686794,1.5379845894809598,6.017975607863478,372
3,T,13,False,6.5874359349968215,1.5401450186852277,1.5401667205059868,8.99887418727481,47
3,T,558,False,6.595138582398954,1.2904404078465972,1.2904663089660802,7.7545125900415,124
3,T,266,False,7.911566874528069,0.2099107429715018,0.21006991309584172,8.223277387193834,92
3,T,503,False,5.432497453077996,0.20259946990258068,0.2027643794606274,5.47899578962073,422
3,T,212,False,6.01483080735333,1.637841656818013,1.6378620641499761,7.020309709893515,215
3,T,619,False,7.064352218304532,1.5501963875068994,1.5502179486164802,6.6813499877771845,270
3,T,823,False,6.14874409024944,1.5442044453305415,1.544226090102046,3.3835980060760655,550
3,T,856,False,6.05920532146825,1.5550687409613166,1.5550902345163966,6.873578788757107,241
3,T,490,False,6.569570491101042,1.5777458010627907,1.577766985693551,6.195764405773586,340
3,T,483,False,6.104743487233416,1.632409778635966,1.632430253872909,2.5706511083319197,564
3,T,66,False,4.9479503950495385,1.3550935044690473,1.3551181698388706,8.305294449399243,85
3,T,484,False,6.112515308192484,1.6334969934024617,1.6335174550117695,2.4704837131800077,566
3,T,661,False,6.2849252476038835,1.659156754734153,1.65917689989742,7.54542384335563,136
3,T,316,False,4.732598325764997,0.19657733443077247,0.1967472916844203,4.7758244856719285,471
3,T,68,False,5.988548374747916,1.6008262508832265,1.6008471300814744,6.558410120327681,292
3,T,467,False,6.3959472247606275,0.6385069594816554,0.638559304747613,7.181434550957565,189
3,T,289,False,6.307755566542329,1.660023109260081,1.6600432439098547,5.691197265101177,401
3,T,535,False,7.271231819437127,0.3021056138030058,0.302216230974674,6.880703711458295,240
3,T,60,False,6.805476139679483,1.5660749937283627,1.5660963362304816,4.565556643333851,489
3,T,428,False,6.503390044996266,1.6486311705836205,1.6486514443608646,6.6762894284499605,271
3,T,851,False,6.085679052888098,1.6098355195860883,1.6098562819376945,6.671739112864041,274
3,T,339,False,7.0514385376573845,1.2989252696549334,1.2989510015860444,7.15923450535941,193
3,T,579,True,7.520660292818569,1.5427245793364133,1.5427462448704776,12.042638259844779,1
3,T,402,True,7.263024534007738,1.5607813564997302,1.5608027713873345,10.152504739062202,10
3,T,321,True,6.643633803450139,1.600979627120284,1.6010005043183,10.416103667227164,4
3,T,519,False,4.379277453247658,0.20002593092359536,0.2001929604534024,4.329034690846152,510
3,T,20,False,6.299789351072258,1.6373748684601404,1.637395281609822,9.00898254551533,45
3,T,128,False,8.567038275881252,0.12588516827363766,0.12615040215761766,8.54787734574854,73
3,T,349,False,6.724119450664115,1.4028949852059267,1.4029188101558778,6.242982353052355,334
3,T,630,False,5.961386479338165,1.634411114318875,1.6344315644842136,4.5576894340955905,490
3,T,675,False,7.129980459921441,1.4671982233438483,1.467221004128755,7.2160003920809705,186
3,T,94,False,6.034820434641497,1.4973264817488958,1.4973488041601306,7.81517466147272,121
3,T,101,False,6.049764659455951,1.5823458116409779,1.582366934687082,6.270791121589763,329
3,T,201,False,7.402933196428982,0.6522476786315378,0.6522989212419996,8.92652671228795,48
3,T,686,False,6.1400869565985845,1.6116645887398438,1.6116853275286762,5.217048517927241,442
3,T,658,False,6.346614891697227,1.6355629362259705,1.6355833719897512,5.576841896890816,410
3,T,608,False,6.320659832248277,1.6469601958021294,1.6469804901485128,5.553713800106651,411
3,T,662,False,6.276428301038963,1.6604822044024354,1.6605023334853877,6.149427272731664,347
3,T,785,False,7.083169743559108,1.3446640920046595,1.3446889486791962,5.8109279353387215,392
3,T,396,False,6.064819451492175,1.644715998992412,1.644736321029865,7.068281397672752,209
3,T,610,False,6.159473922721469,1.6381607284729744,1.638181131830163,4.033800369999682,528
3,T,644,False,6.389480400131786,1.6407058665077718,1.6407262382147318,6.92889216730244,232
3,T,405,False,6.999465830844013,1.6176213847412544,1.617642047161689,6.368480775615933,319
3,T,600,False,6.280155994009187,1.6595374085923642,1.6595575491349213,8.60343541181075,66
3,T,323,False,6.046096128667382,1.6486806112649992,1.6487008844342803,3.8599434358494387,537
3,T,763,False,7.792647099835627,0.6404187774040293,0.6404709664183993,8.049665210020128,106
3,T,634,False,6.217770276903312,1.656297777216915,1.6563179571528348,8.042617029629465,107
3,T,812,False,6.210546177080949,1.654580435802371,1.6546006366834296,6.292194704057757,326
3,T,229,False,6.065535067109037,1.5828400308171175,1.5828611472679404,8.372130795479276,80
3,T,332,False,6.052807104934502,1.5272631815507804,1.527285066414865,4.644154945865405,483
3,T,796,False,5.964458601308931,1.4894277967466325,1.489450237535573,4.3802639232726985,507
3,T,130,False,6.270577800876288,1.659681573475737,1.6597017122688478,4.9822960554561755,458
3,T,456,False,5.471961689964136,1.4178991805960977,1.417922753434873,4.5991228045237085,485
3,T,125,False,5.781045993125702,1.508584958673878,1.5086071144967839,3.885389319277966,535
3,T,477,False,6.04810972620677,1.619903676049532,1.6199243093589384,8.42550100057866,76
3,T,352,False,6.8863239291838685,1.4795147388087737,1.4795373299534014,8.687592293785999,57
3,T,844,False,6.410199564459603,1.6548504543188902,1.6548706519038532,6.117172934591568,353
3,T,505,False,7.431937396171948,0.4202151934319746,0.4202947265483097,7.08779617671214,203
3,T,198,False,6.272213977587401,1.6605265175985406,1.6605466461443301,4.238053464479329,514
3,T,329,False,6.336785457063737,1.5329820790996094,1.5330038823218315,5.989744484048271,376
3,T,99,False,5.577503654423696,0.9260277808301055,0.9260638742777825,5.112518391920288,449
3,T,368,False,6.5871139486202726,1.3164157221214838,1.3164411121739834,6.686121609328655,269
3,T,262,False,6.320186151662818,1.6511738779215326,1.651194120478776,5.780756167818703,396
3,T,659,False,6.35552726593344,1.6368739152087992,1.6368943346056979,5.365470593090871,434
3,T,293,False,6.26683328608205,1.6571366535282046,1.6571568232487546,3.0376837534817667,555
3,T,804,False,6.821792986821435,0.24765282876508937,0.24778775588918286,6.800725893908391,254
3,T,424,False,9.24902022459022,0.3983054568990546,0.398389364025712,8.840662816367859,51
3,T,769,True,6.311097686041314,1.651128742831816,1.6511489859424013,10.359169281479012,5
3,T,726,False,6.354507629106715,1.3848905903159892,1.3849147249989855,6.953642973779365,227
3,T,517,False,6.612054114132639,1.6002459801865825,1.6002668669558096,7.770444067810822,122
3,T,280,True,6.547496812987625,1.606191541347269,1.6062123508019612,9.38783901914221,27
3,T,306,True,7.128169486119699,1.5775991473174258,1.5776203339174846,10.351604057758554,6
3,T,717,False,6.314237614399677,1.6372413369157954,1.6372617517303298,5.172119518104168,445
3,T,0,False,6.2919385001034085,1.6325439627370373,1.6325644362910752,6.827684090484344,251
3,T,79,False,5.819895324608453,1.354119352265609,1.3541440353793532,5.690257209358693,402
3,T,100,False,5.748984898993261,1.3876047664676736,1.387628853943681,7.2935724245935125,172
3,T,730,False,9.38171448471438,0.4112780043289593,0.411359265384965,9.030229059707965,44
3,T,825,False,6.603829836097557,1.6143903505357398,1.6144110543093277,4.4592367810002855,503
3,T,371,False,6.443939612498229,1.5388918741809956,1.5389135936736487,5.70863522634042,399
3,T,492,False,5.880850243300621,1.4572656468769374,1.457288582930953,6.440197529629166,310
3,T,188,False,7.436869717245661,1.3258317497698673,1.3258569595062186,6.628421150162488,283
3,T,121,False,6.0045471038110145,1.4890969043222926,1.4891193500977287,5.104959105827251,450
3,T,157,False,4.7348938292478735,1.4951074390029213,1.4951297945446478,5.8653176355564725,388
3,T,52,False,6.297097039938794,1.591568550232976,1.5915895508779716,5.036447320392254,455
3,T,273,False,6.678807325218187,1.460098112166234,1.4601210037269676,4.661339897629384,482
3,T,596,False,6.426877789953698,1.6524352231134882,1.6524554502192699,5.412376802380299,430
3,T,367,False,6.379760058649779,1.5863869029981237,1.5864079722370361,7.526729917102585,137
3,T,805,False,6.80498812293073,0.44268511173197883,0.44276060859385535,6.305122290012367,322
3,T,590,False,6.656450234279655,1.5932757410626155,1.5932967192057708,4.960325715840267,460
3,T,114,False,8.576686238976901,0.11597625347964037,0.11626409482045777,8.69568407595087,55
3,T,542,False,6.413397084840708,1.6306433746311484,1.6306638720477333,7.23320857202417,184
3,T,784,False,6.770680029065525,1.617031257090249,1.6170519270512367,7.105823917367429,199
3,T,733,False,6.252928457134528,1.650925547633169,1.650945793235237,3.9066916011875565,534
3,T,826,False,6.506389757320454,1.2002537012616488,1.2002815485399807,6.438584256498124,311
3,T,315,False,6.4239182809724555,1.6498105025165175,1.6498307618016617,4.823598486543713,468
3,T,625,False,6.620366486840345,1.253139246895329,1.253165918975871,8.071862948471502,103
3,T,597,False,6.412842363875134,1.653590826426178,1.6536110393965255,6.294143513940348,325
3,T,721,False,5.307105000248663,1.4551324952103848,1.4551554648869816,2.3682551821262443,567
3,T,617,False,7.363084688181865,1.2144212113280413,1.214448733745774,7.003225876229074,217
3,T,425,False,6.0264873717276135,1.629655947936206,1.6296764577722478,3.9205361880960075,532
3,T,80,False,5.510940782075008,0.4002421308814116,0.4003256320868545,5.508247941564867,419
3,T,583,False,6.856974662080069,1.611874831340511,1.6118955674243436,7.525110902802744,138
3,T,695,False,5.991699813400204,1.467694534867899,1.4677173079494379,6.080491864130661,361
3,T,510,False,6.318392574167923,1.659924138774773,1.6599442746250304,7.416088571564806,153
3,T,511,False,6.295834001067764,1.6303372814582955,1.6303577827231888,4.9560417982106255,461
3,T,230,False,6.068183924080234,1.5831573891775335,1.5831785013954272,8.42560562856282,75
3,T,621,False,6.069944137970163,1.5102058445108948,1.5102279765545703,6.7224896826136815,264
3,T,48,False,5.564211594777228,1.5159423832944583,1.515964431588594,4.726296973581457,477
3,T,303,False,6.399603114027112,1.6028107928789601,1.6028316462256813,7.3642884218774185,165
3,T,609,False,6.223061788684808,1.638763173455026,1.63878356931159,2.6830827836388256,562
3,T,54,False,6.278084014228359,1.658334428132633,1.6583545832852618,8.410753179350674,79
3,T,827,False,6.384711086118673,1.5445451202039768,1.5445667602014372,9.096402021728924,41
3,T,235,False,6.191790401752391,1.6448695860493132,1.6448899061892517,2.8507670773445617,557
3,T,422,False,5.813809208759043,1.620237916990991,1.6202585460439802,4.115959497698992,520
3,T,732,False,9.308603302753962,0.28127151457662586,0.2813903219470699,9.26696379212097,31
3,T,224,False,6.274005323807479,1.6536094709285054,1.6536296836709536,5.696882573454056,400
3,T,603,False,6.133785034705815,1.6426996043101565,1.6427199512923654,6.773302937831842,256
3,T,123,False,7.4935655532486605,1.2838365506097178,1.2838625849578704,7.100447440376549,200
3,T,145,False,6.329018999930603,1.6571228948943424,1.6571430647823537,6.542516025058556,294
3,T,814,False,6.2883147692995855,0.04242642770625975,0.043207061241897556,6.235619822419387,336
3,T,574,False,6.686453601012734,1.5187853348494642,1.5188073418729071,8.055431126120107,104
3,T,204,False,6.555826645936348,1.5693477088133372,1.5693690068084427,6.660985152398846,277
3,T,173,False,5.898985793381449,1.5978640363297274,1.597884954234558,5.633902353952359,406
3,T,153,False,6.366242836414734,1.6366181555272103,1.636638578115075,6.418278755293624,314
3,T,155,False,5.727394430524036,1.62315326104572,1.6231738530473565,6.294445298980961,324
3,T,117,False,6.157378737496517,1.6295316840657705,1.6295521954658196,6.019701815494549,370
3,T,242,False,6.354491695080406,1.6529270138310133,1.6529472349187548,6.487828802918175,303
3,T,325,False,6.4620281915091935,1.65287305871767,1.6528932804654852,6.899996302893562,238
3,T,607,False,6.318324749585021,1.6471743443416642,1.6471946360496192,5.381692757335182,433
3,T,397,False,6.465190675647735,1.6428193602012453,1.6428397057002475,5.722436492678607,398
3,T,616,True,6.649877533826312,1.6002321156982988,1.6002530026484876,10.246590870875519,9
3,T,106,False,5.774178153107089,1.5400103477910227,1.5400320515095371,4.066385168696043,525
3,T,602,False,6.125168790899468,1.563500537858984,1.5635219155031306,7.472211965314902,146
3,T,225,False,6.320240171044769,1.6551137672311358,1.6551339616028935,5.336420072576506,437
3,T,251,False,7.400804155898883,0.34253717016856355,0.34263473455027016,7.069071410703436,208
3,T,375,False,5.640645793525088,1.5646774637256882,1.5646988252901255,3.4246290337705774,549
3,T,253,False,7.393791042415798,0.3697518016493747,0.3698421868800329,6.858266886382153,245
3,T,172,False,6.212560284117583,1.5695734156360142,1.56959471056848,5.81219323244887,391
3,T,318,False,5.85799356815883,1.626839602513332,1.6268601478550586,6.100303860487786,357
3,T,857,False,6.329861039483443,1.6159172592856257,1.615937943496103,6.995806294046136,219
3,T,587,False,6.829855670330418,1.6129183602815933,1.6129390829497283,7.518386832992016,140
3,T,507,False,7.475130658459913,0.21080247156163892,0.21096096887752053,7.918892920529472,115
3,T,379,False,6.3305305403221706,1.6571164197048993,1.6571365896717236,6.530910722004455,297
3,T,788,False,7.700547130139221,0.1999196100590121,0.200086728343971,7.718750399857409,125
3,T,161,False,7.448487271865348,0.4682340790694607,0.46830545712736743,8.654310716762751,59
3,T,436,False,6.303777003527604,1.659463203020581,1.6594833444637438,8.825980497722515,52
3,T,808,False,6.74418870278183,0.8489673884710515,0.8490067579593249,7.262421792671117,176
3,T,334,False,6.428691219125862,1.6550936038594586,1.655113798477234,8.691373278525427,56
3,T,722,False,5.309740186290309,1.4567064426520113,1.45672938751064,2.317144101195603,568
3,T,296,False,6.2744538126684315,1.6384210542129054,1.6384414543282817,4.555197620815376,491
3,T,141,False,6.424875896778375,1.6523803589176302,1.652400586695007,5.991119076022719,375
3,T,465,False,6.8194667939909825,1.6136432000222467,1.6136639133819914,7.369215947406647,164
3,T,43,False,5.92787312484439,1.4354334821494223,1.4354567670427636,7.407641797468773,154
3,T,557,False,7.187891966791239,0.4432363175127558,0.4433117205032088,6.6022727458277535,285
3,T,403,True,7.263953256633031,1.5631588462169494,1.5631802285339818,9.925666601276454,16
3,T,489,False,6.29756576396395,1.6334213399807231,1.6334418025377175,6.57213712025982,290
3,T,61,False,6.8143647675618935,1.5646432813176607,1.564664643348773,4.896144484994668,464
3,T,712,False,6.270829856159017,1.6605440126329514,1.6605641409666745,6.851323011271487,246
3,T,468,False,6.456714237367515,0.7310907924404878,0.7311365092542617,6.906053888247762,236
3,T,361,True,6.105918257040119,1.587539272771496,1.5875603267167826,9.35046973467238,29
3,T,268,False,6.271922234769752,1.6597521096916226,1.6597722476288843,6.9848438475563235,220
3,T,459,False,5.386050970995066,1.5683518788497315,1.5683731903678821,4.12395231051274,519
3,T,345,False,6.2766266151844725,1.6602821779957244,1.6603023095037461,7.649422275795976,130
3,T,58,False,4.835451729678761,0.07662598299723053,0.07706094759045248,4.741414602735255,475
3,T,663,False,6.276452555556242,1.660467091677027,1.6604872209431818,6.6098335023916475,284
3,T,502,False,5.430199175248273,0.1269162627542606,0.12717934629787622,5.467843268170919,424
3,T,779,False,6.177543122683486,1.6347843951110486,1.634804840606928,5.949577297688623,381
3,T,41,False,5.915429941547336,1.4274473168603836,1.4274707320240072,7.145915315099336,195
3,T,176,False,6.073867123861519,0.6315444585849811,0.6315973808864659,7.082371299986679,205
3,T,553,False,6.322978468031512,1.644149263165329,1.6441695922076716,5.4654151134378335,425
3,T,782,False,7.198193317673427,0.11288709785012742,0.11318279566378825,7.388158776807249,161
3,T,137,False,6.636140087309768,1.5948031916159369,1.594824149667174,6.4406409733503835,309
3,T,756,False,7.474869044836628,0.2728219706211804,0.2729444559372306,7.921764039224066,114
3,T,790,False,6.114252909262955,1.6394515780125283,1.639471965304993,3.3324744792446435,551
3,T,328,False,6.942057689439954,1.5799009291192783,1.5799220848526694,6.962782043025863,225
3,T,595,True,6.455306992858244,1.611731090281167,1.6117518282143084,9.353656939836007,28
3,T,690,False,6.1124766380329145,1.6500817015276255,1.6501019574830975,5.584535803495709,409
3,T,573,False,6.622987237119297,1.3972135689824177,1.3972374908088574,8.417441011753915,78
3,T,343,False,6.127240011681682,1.5830956639684346,1.5831167770094867,5.077349613425754,452
3,T,97,False,5.901363434959649,1.4543722507040786,1.4543952323874325,4.459567831213416,502
3,T,520,False,6.601981637296299,1.6061220264615677,1.6061428368169064,7.165537485770086,192
3,T,90,False,5.7481044724704216,1.3924579970587374,1.3924820005824412,7.030957492077182,214
3,T,423,False,6.269362045903435,1.6589578088206067,1.6589779563996971,7.761779029622579,123
3,T,64,True,6.411618597114638,1.656149742402708,1.656169924142388,9.516492127703495,24
3,T,736,False,6.470988676810301,1.6495822934954534,1.6496025555833038,6.061105087091821,363
3,T,307,True,7.1393308935136215,1.5765295564423052,1.5765507574161444,10.344575771944044,7
3,T,685,False,6.370378366625314,1.6498146227057535,1.6498348819403033,5.443300738011414,426
3,T,618,False,5.0260584932686205,1.4485289506446593,1.4485520250336072,5.13477499832641,448
3,T,102,False,5.9478410615891555,1.5635005560786714,1.5635219337225692,5.364866375211383,435
3,T,207,False,6.325744732224894,1.6043750979982332,1.6043959310126934,6.341542980769238,321
3,T,508,False,6.118480888008882,1.6202554893262915,1.620276118155553,8.18119776268658,98
3,T,739,False,5.379642834607739,1.3853775425569934,1.3854016687569353,4.14796106359663,517
3,T,475,False,5.857464659603358,1.618894072894176,1.6189147190711255,6.452636606121628,305
3,T,310,False,6.300324813054239,1.6326436647190465,1.6326641370228248,4.103015508971914,521
4,T,269,False,6.345212026817429,1.7373857830803863,1.737404152062716,4.598068171743407,476
4,T,196,False,4.45117531772944,0.8081297167959115,0.8081692072354387,3.623189823464317,524
4,T,491,False,6.478286494363564,1.6681126241098967,1.6681317559083044,4.600978579597861,475
4,T,45,False,6.332264266804869,1.5619141787770463,1.5619346113777275,6.987143312917233,239
4,T,14,False,6.2975202378132895,1.742163024311311,1.742181342923994,5.692412774696602,385
4,T,382,False,6.471857373729027,1.7170802634099689,1.717098849614362,8.591931844983154,50
4,T,82,False,5.74489916120203,1.1856697847726436,1.1856967010486805,6.095733983298814,342
4,T,132,False,6.346083633116262,1.5318044258504195,1.5318252600769615,4.6195438971624645,472
4,T,10,False,6.71413163033565,1.618315733960619,1.6183354544529431,3.738589169131427,523
4,T,577,False,6.7241280293626975,1.5840999398225895,1.58412008626267,6.359878626085411,303
4,T,862,False,7.401074575374365,1.047995062080223,1.048025514240683,7.808609320755095,120
4,T,636,False,4.99076348595707,1.3177633241233218,1.31778754234492,4.531709859814059,479
4,T,391,False,6.692445785906276,1.6233781548096409,1.6233978138053753,6.263382859569759,320
4,T,133,False,7.379761113994255,0.5184260534351607,0.5184876095291703,7.183617100981044,211
4,T,250,False,7.333424257025611,0.5200645635007641,0.5201259256796931,7.04621259270845,233
4,T,679,False,6.174556347378529,1.725689165388186,1.7257076588730467,6.878956195647386,251
4,T,488,False,7.976614579974357,0.4394376112760595,0.4395102303233982,7.823334455403609,115
4,T,297,False,6.319877459456648,1.7051612017556255,1.7051799178760012,8.530178253293952,53
4,T,692,False,7.294791563227418,1.6283314163438969,1.6283510155391678,7.437464373062732,170
4,T,7,False,5.532289287236232,1.6522899335772503,1.652309248583821,7.372778947020283,184
4,T,746,False,6.2710483256145135,1.6282142154530246,1.628233816059053,8.302956691417798,75
4,T,283,False,6.791925806093646,1.406183465777881,1.4062061611947267,6.01246616690534,353
4,T,737,False,7.495118496849187,1.4595106767990578,1.4595325429894879,7.421562019515027,175
4,T,197,False,6.573308528734507,1.7301410990656731,1.7301595449643057,5.648629094559535,391
4,T,853,False,6.318313458349879,0.38671648077966014,0.3867989980099775,5.9893484655160485,358
4,T,516,False,6.309429108467064,1.5956710584730218,1.5956910588216413,4.6491220496600665,470
4,T,538,False,6.769661828122878,1.4398920867285512,1.4399142508421878,7.796891480307974,124
4,T,170,False,6.9033156023382745,1.3187873436760076,1.3188115430928473,4.375516730789873,488
4,T,392,False,6.743696981399217,1.648904228078882,1.648923582744613,5.223348724346582,427
4,T,593,True,6.68237481795192,1.608855303850544,1.6088751403023616,9.316746556841462,25
4,T,829,False,6.267456791635542,1.5912656064202926,1.591285662139598,6.051125461986034,348
4,T,562,True,8.81526156901801,0.6295809886770745,0.6296316777756022,9.838786097089105,7
4,T,215,False,6.486812751183916,1.6899450238727092,1.6899639085101934,7.296252991813738,198
4,T,725,False,6.244566597682468,1.5722562510941789,1.5722765492939337,8.512580873459576,59
4,T,747,False,6.281974322026538,1.626894369778343,1.626913986285504,8.324844301680741,73
4,T,822,False,6.121798898150032,1.691533169933508,1.6915520368407884,5.433020661216694,411
4,T,819,False,6.61350473098369,0.17243101922046242,0.17261600373176525,6.851272038806652,255
4,T,745,False,6.225118077776196,1.6327755630861212,1.632795108936243,7.487698038552286,162
4,T,648,False,8.078638333525257,1.2117653013482186,1.2117916379916376,7.011527962801021,235
4,T,22,True,6.464313165604831,1.7392369975693203,1.7392553470002214,9.609916013686762,16
4,T,419,False,6.291457690364621,0.12283422885933698,0.12309376968143147,6.215304004031779,330
4,T,563,True,8.85331173953692,0.6192881881171182,0.6193397196178365,9.697695440895744,14
4,T,38,True,9.2669834377885,0.42747974771302794,0.4275543977784714,9.969750486941198,5
4,T,683,False,6.320771856802081,1.7057857227662387,1.7058044320343575,8.52641326769703,56
4,T,77,False,6.55705260286653,1.5741141799926464,1.5741344542347198,7.13814831490492,224
4,T,776,False,7.3926423834797275,0.4672573693903238,0.46732566546733,7.54462320407147,157
4,T,752,False,6.157379411425049,1.6806407140684796,1.6806597032533166,7.624850734678827,145
4,T,19,False,6.0681759155041135,1.6461165766697385,1.6461359641116575,6.3439671554534875,309
4,T,547,False,7.073914563492536,1.3077751570453728,1.3077995602308354,5.461334294343014,409
4,T,166,False,6.408873246331513,1.3564590962273684,1.3564826235867846,5.026024845979345,443
4,T,398,False,7.73720656161381,0.41758260191202523,0.41765902094236423,7.554358808281955,154
4,T,652,False,5.672073274733659,1.6256408444646493,1.62566047609784,2.2264806943718316,539
4,T,2,False,6.719716249195159,1.6310525661921629,1.6310721326897095,6.0084552289669295,354
4,T,735,False,6.739878015733295,1.6535935681576357,1.6536128679371176,3.7555473405783983,522
4,T,854,False,6.272225118082258,0.23187068832297592,0.23200828532250298,6.554832225238738,283
4,T,797,False,6.485846633242901,1.5641100035218694,1.5641304074379794,4.714617286597114,466
4,T,501,False,6.330594859217179,0.6132749071039574,0.6133269438385085,6.767601159192219,269
4,T,824,False,6.434546995667389,1.6532937075158602,1.6533130107957343,7.552234102081627,156
4,T,300,False,6.535963932818888,1.712959149323127,1.71297778024256,5.304684731980296,421
4,T,849,False,5.916088399357825,1.6384516323629195,1.6384711105013823,6.928152220857724,246
4,T,165,False,7.368480402375792,0.47190554212094415,0.47197316559247254,7.561215738632854,152
4,T,762,False,7.773924908425148,0.9265564344323219,0.9265908776492757,6.707867285116615,274
4,T,469,False,6.41607374839507,1.0203702911053187,1.0204015676807197,6.224767416693423,329
4,T,806,False,6.767965364688265,1.155196747566233,1.1552243738523353,7.34188687290452,193
4,T,738,False,7.528766758575222,1.4555044412159441,1.455526367591551,7.561134829841015,153
4,T,773,False,5.774629539928766,1.542106948181056,1.5421276432199795,6.372734925417587,302
4,T,451,False,6.162211109244581,1.73601217918546,1.7360305627019263,6.409831006596135,296
4,T,222,False,6.114682556183443,1.7191482062802226,1.7191667701277338,7.848412061429476,113
4,T,309,False,6.311605697409724,1.7282785333224386,1.7282969991000035,4.690407988041384,467
4,T,139,False,6.585473053245887,1.732629248197463,1.7326476676070712,4.874137803005589,457
4,T,236,False,6.068227881740665,1.3367522733212531,1.3367761475222601,4.9964700515213005,447
4,T,846,False,7.598098145177219,1.3042078625264648,1.3042323324587408,7.3546183440955994,190
4,T,592,True,6.551322478730431,1.6841501215220949,1.6841690711379913,9.929092182626242,6
4,T,355,False,6.938383271412178,1.4147168892479849,1.4147394477706532,6.37515243840726,301
4,T,830,False,6.33389907276292,1.7415493887581601,1.741567713825345,6.261999331238736,321
4,T,255,False,6.198324872730679,1.6094094226365134,1.6094292522587357,4.935815576321412,455
4,T,589,True,6.6710935437149885,1.604280985788492,1.6043008787996762,9.5753427785513,18
4,T,654,False,6.852987959363922,1.6897733927555536,1.6897922793111382,4.056113429498056,508
4,T,163,False,6.402546737351292,1.356083060385983,1.3561065942693187,5.467645111486102,406
4,T,606,False,5.766555017141592,1.5494954507076766,1.5495160470671814,6.80036820474196,263
4,T,16,False,6.578373724391808,1.7041811114475274,1.7041998383315988,7.419593441541741,176
4,T,700,False,6.311763054248729,1.6919703098488874,1.6919891718817404,6.293425586679827,312
4,T,524,False,7.353885978506983,1.4118229597906424,1.4118455645526273,7.292367533967127,200
4,T,434,False,6.9050655168160135,1.6059835424994822,1.6060034144216828,8.35031438906339,70
4,T,781,False,4.9283698585743,1.301181506957049,1.3012060338016935,4.211372742919724,498
4,T,284,False,6.223610481252708,1.6980057572677216,1.698024552257489,5.919345323898979,365
4,T,571,False,6.948024542806246,1.6963546615655687,1.6963734748486703,5.6594799937171825,389
4,T,653,False,6.026918748523658,1.5995667526673683,1.59958670430638,2.001372143046459,541
4,T,834,False,6.426709411915715,1.6965515309333064,1.696570342033322,7.111447229072193,226
4,T,443,False,8.38941978407638,0.3748511248410575,0.3749362534478673,8.389707545417608,65
4,T,523,False,6.325812777516051,1.735387944364894,1.7354063344940085,2.690614736258593,536
4,T,718,False,6.270536896842389,1.7390218588988158,1.7390402105997464,6.282695555992147,314
4,T,350,False,5.407030085929878,0.8968368547045831,0.896872439263983,5.6290778095248495,394
4,T,187,False,7.034078427337041,1.6883456991653263,1.688364601691522,5.218462212599052,429
4,T,835,False,7.146102234407579,1.6888107498195322,1.688829647140566,5.748531855404588,382
4,T,575,True,6.522302123110057,1.659571328683469,1.6595905589461313,9.512062612437479,19
4,T,787,False,6.637072608439075,1.7196082886372022,1.719626847517997,8.96781618481231,35
4,T,684,False,6.461607340855893,1.669896596570961,1.6699157079308513,4.953101077838285,450
4,T,534,False,6.083041518107535,1.7178469240246808,1.7178655019342972,3.9197794122361187,515
4,T,53,False,5.959588104024006,1.5957191681493605,1.595739167894993,7.346100579914456,191
4,T,670,False,4.989913496533634,0.9953508492674611,0.9953829119953654,4.938203470463577,454
4,T,285,False,6.427534406487875,1.7360076230555146,1.7360260066202278,5.144264220553347,434
4,T,231,False,6.566878519475847,1.6241474680238934,1.6241671177078243,6.229712571631221,328
4,T,761,False,6.009317965522147,1.6615760109024718,1.6615952179641973,4.306291238813451,492
4,T,277,False,5.8640652310125345,1.6945817114178494,1.6946005443840637,4.6029336835269525,474
4,T,807,False,6.675238185054933,1.5749680639516217,1.574988327201963,8.937816260944654,37
4,T,544,False,7.166845156836453,1.1698832417027176,1.1699105211817598,6.3781668464572014,300
4,T,357,False,7.009271211157353,1.417698494110947,1.4177210051908535,5.460833105402656,410
4,T,777,False,6.048005656448762,1.728712012049503,1.7287304731967787,8.687535901411604,47
4,T,98,False,5.765274082310658,1.2143500680717056,1.2143763486583035,6.785756350179977,265
4,T,624,False,7.528887897578464,1.6403235236223688,1.6403429795331892,3.1376951599391427,531
4,T,449,False,6.3582092737306,1.7190992710330226,1.7191178354089598,6.9306579012466845,245
4,T,200,True,6.996388505387289,1.6308603772795693,1.6308799460829044,9.416588986936706,21
4,T,615,False,8.689374101106475,1.3830473527015297,1.3830704277691817,7.782950556239452,125
4,T,680,False,6.143407253621139,1.7207573734444896,1.7207759199321961,6.914803984264455,247
4,T,168,False,6.98811233077169,1.2152129451520972,1.2152392070782407,8.8813137624364,42
4,T,512,False,6.490198899738262,1.5655279186981144,1.5655483041344227,5.36805205807974,418
4,T,727,False,5.438893639945757,0.2136103109561371,0.2137596624756292,5.5272469955621375,400
4,T,219,False,6.172940778717653,1.7175142525066063,1.717532834014606,7.396998715421168,180
4,T,232,False,6.177441504700503,1.6530599195662257,1.6530792255760804,6.895670319880721,249
4,T,267,False,6.464546107968064,1.7098040741953278,1.7098227394937346,6.517131838331744,285
4,T,272,False,5.9973931024557245,1.691933857299277,1.6919527197385063,6.82264991291106,258
4,T,734,False,6.076337954293102,1.4486612923344355,1.4486833222837192,3.877121591278537,516
4,T,742,False,6.222705344966382,1.6365859515408332,1.636605451883786,7.527803899524409,158
4,T,246,False,6.180244971125687,1.652515706607289,1.6525350189750005,7.056932844876439,232
4,T,810,False,6.777121147514347,1.1743310659498039,1.1743582421091614,7.749568262764989,128
4,T,639,False,6.377566122004793,1.6931407613985205,1.693159610392381,7.953302965632614,104
4,T,559,False,6.6233615686588205,0.703211012955869,0.703256394992137,5.483771403749991,404
4,T,223,False,6.278744411981924,1.7208752282098112,1.7208937734273684,6.717545150619301,273
4,T,270,False,7.262703979553552,1.124525527711345,1.1245539074803823,8.923835320252541,39
4,T,642,False,8.006922994497252,0.8261082702482703,0.8261469012999483,8.645550293043907,48
4,T,47,False,5.434870207930799,0.1673840937458916,0.1675746496163747,5.265650498601245,425
4,T,249,False,7.414480125931059,0.2339792577831934,0.23411561551441074,7.150892465478792,220
4,T,582,False,8.210741260961976,1.530029138709484,1.5300499971095727,6.885338389473423,250
4,T,552,False,5.953505228757808,1.5950965146043632,1.595116522156894,7.410483427370907,178
4,T,340,False,7.009375235991398,1.5320237310135711,1.532044562257789,8.171378641394256,81
4,T,498,False,6.322281082535334,0.6877675176382261,0.6878139186387295,7.141677300730036,223
4,T,550,False,5.961346123068756,1.5925465322539405,1.592566571842122,7.194070597705634,209
4,T,515,False,6.493766492245695,1.5753929270157017,1.575413184801377,5.658919068474747,390
4,T,124,False,7.380065550117755,1.4556636991281653,1.455685623104938,7.821535749019768,116
4,T,308,False,8.16932375832808,1.5256203717460841,1.5256412904223513,7.503468636876006,160
4,T,588,False,7.9840513756214095,1.5331814611261247,1.533202276640547,8.872514249829765,43
4,T,260,False,6.434914443533612,1.4516447289173473,1.4516667135911177,6.1863833712958005,333
4,T,122,False,7.110117118307259,0.7683611993331598,0.768402733594571,8.055594385909291,92
4,T,42,False,7.648054157038635,1.4158643551391124,1.4158868953798576,8.081384258148137,88
4,T,480,False,6.584593809471727,1.6397379602276998,1.6397574230862977,6.469147854963455,288
4,T,103,False,6.1584398488098,1.6551027727014016,1.6551220548825953,4.3931587497186815,486
4,T,247,False,6.618843826540904,1.6622144040542262,1.662233603739337,7.060687276915022,231
4,T,521,False,6.2252084949204605,1.5864065350852414,1.5864266522332757,4.966640508786371,448
4,T,142,False,6.545307348347154,1.626326876385843,1.6263464997379404,7.011100709858087,236
4,T,220,False,6.172940778717653,1.7175142525066063,1.717532834014606,7.396916366655687,181
4,T,192,False,4.702197476054167,0.09444039518679086,0.09477772205510403,4.592893079547027,478
4,T,83,False,5.926477824340836,1.2988629632255215,1.2988875338511412,6.238384582102702,325
4,T,164,False,7.365461230969765,0.4270607060337666,0.4271354293347445,7.625187790436785,144
4,T,116,False,6.533932617489514,1.728394363609132,1.728412828149205,7.21299837081943,208
4,T,513,False,6.418159270157891,1.5665411927469994,1.5665615649977211,5.196224548862453,431
4,T,115,False,6.385723621033652,1.7146939059484807,1.7147125180192084,6.829563271549039,257
4,T,551,False,5.956130771354452,1.5895115265198383,1.589531604371031,7.564980147272272,150
4,T,743,False,6.2210040445089785,1.6367415824920797,1.6367610809808482,7.553946167086786,155
4,T,131,False,6.3105933394814855,1.6679587384499337,1.6679778720134184,5.46734169982215,407
4,T,203,False,6.530204056236566,1.5815879487266256,1.5816081271643152,7.514864324229766,159
4,T,741,False,5.732459405465049,1.6615017589432788,1.6615209668633517,5.061010571302374,441
4,T,314,False,6.280379668387487,1.691868913521954,1.6918877766852254,7.369727092682626,185
4,T,159,False,6.164107246319943,1.7252014066759678,1.725219905389355,6.858858627942724,254
4,T,651,False,6.112354049559211,1.6898844756237825,1.6899033609378922,7.480958921655342,163
4,T,335,True,6.9149167620287155,1.6145279864436455,1.6145477532004713,9.83866687226109,8
4,T,374,False,6.56307303756015,1.548015645300828,1.5480362613488923,7.443238002592736,168
4,T,279,False,5.96948350420548,1.6851959885525636,1.6852149264080738,7.564063102605411,151
4,T,385,False,8.536412937803982,0.1327984168985208,0.13303852030773136,8.539388658689129,52
4,T,218,False,6.187930872035465,1.720672631848772,1.720691179249867,6.801966430584841,262
4,T,401,False,9.396174900612703,1.0171624603719578,1.0171938355814254,7.641407153065362,141
4,T,454,False,5.892714064932915,1.5646721514303876,1.5646925480159721,5.958616813008641,363
4,T,486,False,6.774450168657792,1.7196369607986974,1.7196555193700565,5.933798825490946,364
4,T,407,False,6.0854594611231105,1.6808205661538274,1.6808395533067964,2.464781675349259,538
4,T,463,False,6.415248659195519,1.7300841438378376,1.7301025903437117,4.804066279657078,459
4,T,62,False,7.196461363200326,1.4666996744632543,1.4667214334786047,7.742932580972531,129
4,T,816,False,6.3552227200038205,1.742027881589691,1.742046201623477,4.738428610387621,465
4,T,360,False,7.027790602917136,1.1701605392157388,1.1701878122304068,6.577087848118175,280
4,T,239,False,5.140238416221303,1.2980614381551403,1.2980860239523064,6.1466676101811135,337
4,T,566,False,6.307880163033363,1.7423167569746105,1.7423350739709746,4.3480637699163935,490
4,T,234,False,6.145929107579538,1.6694076523526258,1.6694267693098799,5.148672982146352,433
4,T,793,False,6.367406209478544,1.2090558176847221,1.2090822133470451,7.240226405857337,206
4,T,586,False,6.062549713471447,1.324078473280064,1.3241025759957505,4.943495430918471,451
4,T,259,False,6.190168390562233,1.598353332382256,1.5983732991677444,6.5111567326167625,286
4,T,216,False,6.1750996693193505,1.7170827772675012,1.717101363444684,7.187019361552609,210
4,T,447,False,6.8840356923636925,1.6217901095563432,1.6218097878017919,7.452572536210483,167
4,T,354,False,7.163826878320738,1.1988352008999923,1.1988618215923978,8.54210483254057,51
4,T,775,False,7.395076347569691,0.4329718161054566,0.43304551942789415,7.287492344279882,201
4,T,613,False,6.608340125968038,1.6866248384293847,1.6866437602415827,5.220009970561594,428
4,T,281,False,7.00100212029993,1.4847886064322613,1.4848101003650178,6.242762161041046,323
4,T,356,False,7.161677712422591,1.1648714763692887,1.164898873213329,7.424271170610323,174
4,T,319,False,4.692961134089687,0.28944442437603546,0.2895546635046513,4.262289020710507,494
4,T,324,False,4.872633065034922,1.2820127087029387,1.2820376022686555,4.012661087837063,510
4,T,167,False,7.00190073388651,1.1401239349251313,1.1401519264308955,5.91824738665386,366
4,T,369,False,7.185343912592549,0.39023346948660437,0.3903152431848773,7.8603732558098525,112
4,T,387,False,7.5416446645076025,1.6354917238691438,1.6355112372586684,3.5443805172466365,526
4,T,494,False,6.1446845147166105,1.5485136194995932,1.5485342289179946,7.4008036175766465,179
4,T,221,False,6.18872701498293,1.718167083138565,1.7181856575864558,7.802827737572162,121
4,T,299,False,6.3406725082754285,1.6926077740079237,1.6926266289371013,3.586487147286714,525
4,T,576,False,6.745846992496007,1.5866949054106123,1.5867150189025467,6.64024626633386,275
4,T,801,False,6.372647396155084,1.3649387569257834,1.3649621381243584,5.894113523474902,369
4,T,162,False,7.293123129555687,0.64839409934822,0.6484433178193039,7.308999403438893,196
4,T,341,False,7.046639732412402,1.526572717057387,1.5265936226838137,8.173645755428312,80
4,T,353,False,7.025015625370394,1.4381777316074988,1.43819992214108,4.766122453115251,461
4,T,373,False,6.569870503530418,1.7169244730318602,1.7169430609227112,7.162573120077004,214
4,T,638,False,6.359461932480576,1.693855052392584,1.6938738934379978,8.525254532605842,57
4,T,237,False,6.409105468438778,1.5265973053287694,1.5266182106184825,6.157864341180466,335
4,T,453,False,6.16742944357494,1.686251754378128,1.6862706803767396,7.735033211162327,130
4,T,442,False,5.866844479121174,1.6850227413403842,1.6850416811429862,3.181694178864583,529
4,T,473,False,5.665231472673993,1.622051114586594,1.622070789665645,6.00269673947099,355
4,T,565,False,6.285001409434875,1.7308036234902229,1.7308220623281305,7.817169494240574,118
4,T,800,False,6.23446323936313,0.29758392489072905,0.29769114986557527,6.413915967841472,295
4,T,794,False,6.403088961932792,1.5007822025703537,1.500803467448966,5.961802751416389,361
4,T,331,False,6.217146848682604,1.6943144684944473,1.694333304431138,8.342815755333906,71
4,T,21,False,6.025327978491303,1.689534728034249,1.6895536172577303,2.67100505301153,537
4,T,780,False,6.149167942701485,1.6583060193453982,1.658325264280834,6.025144148087697,351
4,T,792,False,6.382475134221597,1.2539454211197207,1.2539708718714446,7.149937487539512,221
4,T,15,False,6.146314898349962,1.6706358186806902,1.6706549215842923,5.082623765435084,438
4,T,567,False,7.567021893093558,0.3894058607461462,0.38948780820247036,7.477827786829851,165
4,T,186,False,5.816831730817847,1.4384106780450365,1.4384328649849805,6.812125239555498,261
4,T,758,False,5.662059439112756,1.6411798822570713,1.641199328016025,7.473345064920101,166
4,T,458,False,5.405880967883505,1.6025720312075125,1.60259194543199,3.8512756956955525,518
4,T,549,False,6.2630502426183146,1.6586515419406271,1.6586707828670937,5.268926646711288,423
4,T,258,False,6.203894581025134,1.6008152205060397,1.6008351565850614,6.630772669322083,276
4,T,134,False,6.030843804794866,1.4618409861154682,1.4618628174496955,4.284662840399194,493
4,T,678,False,6.351889521665981,1.729072342877771,1.7290908001778686,8.068318787776922,90
4,T,723,False,6.72412039928718,1.3890075752609519,1.3890305513152783,5.734264067317536,383
4,T,205,False,6.1761662093218765,1.562453350002041,1.562473775551935,5.672954385438641,388
4,T,304,False,6.117092410599313,1.7057488062402313,1.7057675159132595,7.099553874549319,229
4,T,698,False,6.252583069186984,1.7310512489595316,1.7310696851598064,6.963136019818981,241
4,T,546,True,6.928130224990591,1.427119025756966,1.4271413882416937,9.194993902019274,27
4,T,635,False,6.506726308848682,1.7052506612057186,1.7052693763442355,5.414387385188709,414
4,T,759,False,5.673620286569297,1.639176546116284,1.6391960156407859,7.47964575066929,164
4,T,208,False,6.740420568896984,1.622440114922194,1.622459785283956,4.213870819121065,497
4,T,206,False,6.452732615755033,1.6293563669497488,1.6293759538162462,6.080037349734519,345
4,T,585,False,6.5045141678630145,1.7053769161889913,1.7053956299419766,8.024299210275998,94
4,T,509,False,6.336294273027159,1.6420953206977937,1.6421147556162168,6.570226576355599,281
4,T,455,False,5.913015405915596,1.5599397449985726,1.5599602034606936,5.864188735729254,370
4,T,643,False,8.037594540092154,0.777538054059931,0.7775790981412899,8.528046966614939,55
4,T,55,False,6.502405595558875,1.7056249827416419,1.7056436937729238,7.835515825250008,114
4,T,657,False,5.609245911927546,1.629569727012503,1.6295893113145166,8.130131742577099,84
4,T,348,False,7.146310393462833,1.3362625068385237,1.3362863897897383,6.354255541642447,305
4,T,366,False,6.436447122330198,1.4607822685469591,1.4608041157034428,7.79764922667437,123
4,T,757,False,6.06436166560195,1.72018945115817,1.7202080037689522,5.989995270188101,357
4,T,441,False,6.338655284992352,1.7354465643468335,1.735464953854772,6.128506978904946,338
4,T,464,False,6.718600188483543,1.4962277904781018,1.4962491200845867,4.939681728752227,452
4,T,65,False,6.638053676386051,1.713362566579693,1.713381193112458,7.281199438073505,202
4,T,754,False,6.177516027004845,1.67884919243086,1.678868201879072,6.270585285745349,317
4,T,6,False,5.626769431986327,0.3664865110001219,0.36657358210864,5.780058736892506,377
4,T,156,False,6.30936269928732,1.7391787324838786,1.7391970825295067,6.467223535548608,289
4,T,836,False,6.555616443835933,1.647478503767079,1.6474978751820988,5.8150181476704725,375
4,T,105,False,5.732344665784679,1.349165898796798,1.349189553336035,4.503849698690877,483
4,T,243,False,6.269889312813555,1.7363121703338371,1.7363305506741271,5.358473799172038,419
4,T,472,False,5.446677329581313,0.30793421291087525,0.30803783507218324,5.374946195874314,417
4,T,570,False,7.0061457382986,1.6179815030202884,1.6180012275862798,7.9801372732210965,99
4,T,70,False,5.533222293884963,1.0709099042676729,1.0709397048450084,4.001452489073995,511
4,T,394,False,6.434765792830361,1.644122059968455,1.6441414709293822,8.763156731912138,46
4,T,838,False,6.344476226323222,0.4189523968874963,0.41902856610581524,6.077960934198987,346
4,T,828,True,6.699720717723655,1.6790776756339696,1.6790966824954694,9.659959361705372,15
4,T,731,True,9.303271037943663,0.4824987316031002,0.48256487061691283,9.82183368649119,9
4,T,495,False,6.324076670090753,0.9522423624264151,0.952275876600031,6.450012546343481,292
4,T,364,False,6.059382104176641,1.661412891994888,1.6614321009423572,8.617877850916088,49
4,T,240,False,4.721861709351383,0.0948172821415856,0.09515327292129455,4.750489078019234,463
4,T,522,False,6.153590553197124,1.6164699207768587,1.6164896637873256,3.40336274617425,528
4,T,276,False,5.8749456859944145,1.6921541520655685,1.6921730120491998,4.260647598637601,495
4,T,702,False,6.260548157783841,1.682054594206562,1.6820735674298908,7.14610117814023,222
4,T,282,False,6.150212720518014,1.677798756190613,1.6778177775401253,7.104050521002352,228
4,T,766,False,6.532306241198531,1.704524322595993,1.7045430457093906,7.1285926677732006,225
4,T,362,False,5.195282756642459,1.6379980590251129,1.638017542557147,7.634203748011807,142
4,T,841,True,5.935796793161816,1.6576762803448448,1.6576955325912046,10.322693847492376,2
4,T,245,False,6.586834574705396,1.7322730874879049,1.7322915106845602,5.595589909242927,395
4,T,771,False,6.360784786427241,1.7390941845715404,1.7391125355092663,5.205828223368289,430
4,T,848,False,6.389826911404173,1.7209733665047957,1.7209919106648257,5.418874492523014,413
4,T,244,False,6.214081521642925,1.6636269697540624,1.6636461531371391,4.74595729628672,464
4,T,418,False,8.12403524858761,1.5319438885743821,1.5319647209042762,7.969989065995779,102
4,T,217,False,6.1655536994687505,1.716813799318587,1.7168323884076857,6.987727567693006,238
4,T,18,False,6.0681759155041135,1.6461165766697385,1.6461359641116575,6.34401164165449,308
4,T,564,False,6.8631743719159575,1.7034917533929637,1.7035104878552263,5.75006946674612,380
4,T,126,False,6.0770719171149095,1.6593917147763115,1.6594109471204488,8.368039322142412,69
4,T,460,False,5.399198516912254,1.5985161805861035,1.598536145337509,4.1173497207267955,506
4,T,322,False,8.622876835831358,1.074761453314126,1.0747911471001284,8.91040609732343,40
4,T,291,False,6.3224700914229395,1.7278565742724799,1.7278750445595155,8.01997632788529,95
4,T,847,False,6.696861875305537,1.70725965611904,1.7072783492350099,8.120166534803028,85
4,T,724,False,6.645319687968752,1.3996393737516586,1.3996621752804683,6.054059298543636,347
4,T,330,False,8.820382753957686,1.3875267078066507,1.3875497083822546,9.108483443918992,31
4,T,169,False,6.928896278676576,1.2584184313168993,1.2584437916065234,3.1440361430777988,530
4,T,288,False,6.6776752709751275,1.701635377634108,1.70165413253425,8.987135418005774,34
4,T,755,False,7.673461866747676,1.4678568977322015,1.467878639593519,7.381348409872496,183
4,T,471,False,6.317387745692342,0.7556573711936859,0.7556996036748129,6.7217906053129886,271
4,T,25,False,6.326229544253986,1.7387985871024276,1.7388169411597978,6.038058335658818,350
4,T,626,False,6.232300702647786,1.7374650561926446,1.7374834243368846,4.137566405292665,503
4,T,44,False,6.230224539654332,1.7087144113058732,1.7087330885071823,7.3141647253738435,194
4,T,143,False,6.4809908033982015,1.4569267278929883,1.4569486328638657,4.2020746247899075,499
4,T,36,True,9.23306557410454,0.4186802464442255,0.4187564651650345,10.046230557545089,3
4,T,152,False,6.9652568261279155,1.6963353843026918,1.6963541977995864,6.207895948764052,331
4,T,833,False,4.450768392668747,1.0843231787776197,1.0843526107264736,3.8688302331095477,517
4,T,195,False,4.348823963610947,0.6311603162579035,0.6312108785292709,3.5301401704601227,527
4,T,11,True,7.235884591132371,1.5360955273459023,1.536116303372568,9.401383179238058,22
4,T,545,False,7.263356748449712,1.2488683800062996,1.2488939342211878,5.404232899224655,416
4,T,802,False,6.396130656207571,1.098874986788094,1.0989040289959133,6.721036299240516,272
4,T,444,False,8.38353155662089,0.29398715791676644,0.29409569424745935,9.005816323797657,33
4,T,406,True,8.879582352003656,1.2738090106874553,1.2738340645717836,9.17055836123481,28
4,T,50,False,5.662621426030215,1.6217624031060014,1.6217820816876323,5.849160678510039,372
4,T,647,False,6.2765304814133085,1.6275027794019916,1.627522388575999,8.318620899005644,74
4,T,478,False,6.506867672022605,1.6059693367223864,1.605989208820364,7.1552701305518305,217
4,T,393,False,6.393588012297876,1.6687531422960022,1.6687722667511282,8.039294237798186,93
4,T,49,False,5.3903008406636985,1.5248742944038194,1.5248952233148558,6.018493114004598,352
4,T,151,False,6.248469688056346,1.5103814518418142,1.5104025815731064,5.185585905369852,432
4,T,837,False,6.594507715670308,1.667296732120124,1.6673158732805737,4.173969230314197,502
4,T,420,False,5.657874973795913,1.6361084015210596,1.6361279075557371,7.660342743997028,136
4,T,404,True,8.80303575324438,1.3843242717403672,1.3843473255236256,9.425974007414524,20
4,T,591,False,6.602400833749352,1.6512389888783745,1.651258316177997,8.927452210242151,38
4,T,4,False,6.041150900600667,1.7150885890850265,1.7151071968727156,6.3890972110686794,299
4,T,506,False,7.249285935965686,0.7074387416402019,0.70748385248597,7.6190936164400345,146
4,T,641,False,6.385804539409089,1.6973159547226682,1.6973347573507827,8.018785411597754,96
4,T,37,True,9.227465474143571,0.44082916035044306,0.44090155020162264,9.806275307824427,10
4,T,772,False,6.1946187067520375,1.6488973265280162,1.6489166812747564,7.020036862262158,234
4,T,271,False,7.08275931268174,1.5879545363985303,1.587974633935816,8.375248365569393,67
4,T,689,False,6.463804858193216,1.7326294040604526,1.7326478234684035,8.275055342878929,76
4,T,640,False,6.359461932480576,1.693855052392584,1.6938738934379978,8.52520840179315,58
4,T,696,False,6.362650573876051,1.5913757586173285,1.5913958129484302,6.337952832345773,310
4,T,17,False,6.213844316806757,1.615119561658243,1.6151393211751217,4.830704388492773,458
4,T,656,False,5.625094426898565,1.6316358972486507,1.6316554567510038,8.013981950263785,98
4,T,499,False,6.2859126949900785,0.7566162784250153,0.7566584573852576,6.95628828478336,244
4,T,295,False,7.1103193536809375,1.4287813685813495,1.4288037050484268,8.100635484446213,87
4,T,729,False,6.3688315230233865,1.7326017497103445,1.7326201694122878,4.4236987049519545,485
4,T,605,False,5.970146455697896,1.6766327532241783,1.67665178780181,8.165241299773864,82
4,T,372,False,6.557514937705303,1.716280619895281,1.7162992147592002,7.151630784874204,218
4,T,380,False,6.810958259367592,1.698117945907175,1.6981367396552376,8.161118168996104,83
4,T,257,False,6.19347107492921,1.5880766418347891,1.5880967378268172,6.903704565979805,248
4,T,160,False,6.440369851189192,1.6068664518916194,1.6068863128951218,5.553999512074675,396
4,T,23,False,5.529363494551463,1.577797545846634,1.5778177727591292,4.200652032007062,500
4,T,614,False,7.033987239715297,1.648009529035559,1.6480288942087522,6.33555273711275,311
4,T,560,False,7.194064764831898,0.15814292648169262,0.15834460379536575,7.3616094590997845,187
4,T,248,False,7.414480125931059,0.2339792577831934,0.23411561551441074,7.150938314521015,219
4,T,337,False,6.436364638237362,1.4517431398050336,1.4517651229885276,6.459626135538866,291
4,T,744,False,6.222821081626149,1.6360966359019853,1.6361161420769341,7.64972244724651,140
4,T,12,False,6.356585798932651,1.738096906656541,1.7381152681234793,5.507526256879352,403
4,T,622,False,5.7863853674532,1.5797219166739644,1.5797421189469443,5.465128019828254,408
4,T,817,False,6.349457270866574,1.741625291666061,1.7416436159346176,3.8373006168789847,519
4,T,73,False,6.335287433981032,1.6311107411301695,1.631130306929869,3.9785026889345425,512
4,T,426,False,7.076992703956195,1.4829889760401294,1.483010496055732,8.016859277409562,97
4,T,110,True,9.333070124162282,0.2065495287218568,0.2067039819890717,9.348110693953538,24
4,T,214,False,6.483684750460476,1.6907017282572958,1.6907206044427106,7.1610312018452795,216
4,T,604,False,8.489627082433167,0.37009941037507343,0.370185631696983,8.813053185573182,45
4,T,1,False,6.194300914997005,1.6493953646604893,1.6494147135630948,7.176589577851852,212
4,T,363,False,6.178992976859059,1.66431300072681,1.6643321762025742,5.53842924744877,399
4,T,88,False,5.767838548219016,1.2306720164794014,1.2306979485236795,6.770289979648755,268
4,T,750,False,6.223390752268283,1.6341621843653704,1.634181713630622,7.6068873637424685,147
4,T,91,False,5.8367604351535345,1.3798104240521516,1.379833553251223,6.047238944752038,349
4,T,482,False,6.229962428369057,1.6717432031059918,1.6717622933557266,4.629829159420606,471
4,T,86,False,5.511637862100093,0.525751147187353,0.5258118457430709,5.644752773481838,392
4,T,533,False,6.0880920745503095,1.7181434217374452,1.7181619964411312,4.051676841527318,509
4,T,74,False,6.918558473326222,1.5942328909224552,1.5942529093132891,5.482969329593866,405
4,T,179,False,6.059490210759123,1.686188452237608,1.686207378946723,6.770898147078087,266
4,T,184,False,5.8712660966569405,1.675416575395831,1.6754356237904253,5.792907600522506,376
4,T,795,False,6.362682559204515,1.3198911553996182,1.3199153345790995,6.461351786200481,290
4,T,365,False,6.444056832595792,1.2861030068272408,1.2861278212234535,6.272278234835251,316
4,T,150,False,6.626620015407337,1.6624890899706177,1.662508286483484,8.191299810098675,79
4,T,13,False,7.097734702782596,1.496620182759311,1.4966415067735597,8.370778427791258,68
4,T,558,False,6.748666068462768,1.1205109667299644,1.1205394481753137,4.526635736169747,480
4,T,266,False,7.875284067979289,0.3065381342862266,0.30664222821815984,7.490833436271462,161
4,T,503,False,5.43492385857612,0.29816689394387663,0.2982739093502083,5.223985913626851,426
4,T,212,False,5.832830595765413,1.6705561313869435,1.6705752352017638,5.017056601522214,444
4,T,619,False,6.384126494313396,1.5685977637288404,1.5686181092700786,7.944998420427783,106
4,T,823,False,6.11549803827447,1.6614163887580067,1.6614355976650474,6.197771584159914,332
4,T,856,False,6.69097594221075,1.6105432561541166,1.6105630718163204,7.161356183936822,215
4,T,490,False,6.545682515808608,1.6685905974049489,1.6686097237230526,2.9936481641483463,532
4,T,483,False,6.242641912838426,1.6725832613877385,1.6726023420494667,4.680153123880958,468
4,T,66,False,4.4655874651013505,1.0863409502806174,1.0863703275639998,3.8285402203469046,520
4,T,484,False,6.27475410969768,1.676599096813006,1.6766181317727378,4.761827665839032,462
4,T,661,False,6.384094166152698,1.7418276706943279,1.7418459928338514,5.039785169720351,442
4,T,316,False,4.750657265876031,0.28967694918912346,0.28978709986201134,4.616575101990826,473
4,T,68,False,5.7981640401262196,1.588115655114589,1.5881357506129499,7.3095893371218175,195
4,T,467,False,6.333934429050653,0.8848398228719254,0.8848758898822691,6.181468950931153,334
4,T,289,False,6.492757443933994,1.7349590027492607,1.7349773974250002,5.681031761174105,386
4,T,535,False,7.260586362790676,0.437484184912269,0.4375571281595921,7.428852793401051,171
4,T,60,False,6.5448872745236635,1.5629958219455977,1.5630162404064494,5.102659299985177,437
4,T,428,False,6.811539549007345,1.6974860983505318,1.6975048990940287,7.250860364005865,205
4,T,851,False,6.069810947100574,1.6500615614506426,1.6500809025414027,6.5494103093396205,284
4,T,339,False,7.035630447924557,1.5314534618861768,1.531474300887244,8.0676004437419,91
4,T,519,False,4.419431553854138,0.2946126062932553,0.29472091229130987,4.22562884749841,496
4,T,20,False,6.365477427389798,1.6979747423842326,1.6979935377173019,6.838793338199064,256
4,T,128,False,8.582665708284832,0.19440988828122716,0.19457397826131978,8.485422107502345,60
4,T,349,False,6.762755965408295,1.4382104864756926,1.438232676503898,7.264138273464356,203
4,T,630,False,5.721864628961976,1.6614213921107217,1.6614406009599159,5.072305270443724,440
4,T,675,False,6.690158497831556,1.5114171765905562,1.511438291842537,7.890747649328995,111
4,T,94,False,5.934603368066919,1.2803693438545567,1.2803942693707533,6.484752939350898,287
4,T,101,False,5.925468378222671,1.4196471452771975,1.4196696254581957,4.523888641343537,481
4,T,201,False,7.26775103632411,0.8777927986940768,0.8778291552426916,7.9753228466353985,100
4,T,686,False,6.226085840965759,1.6881604952280367,1.6881793998279588,5.642483469893819,393
4,T,658,False,6.581008600236551,1.6480825325279786,1.648101896843382,7.714148300400794,132
4,T,608,False,7.015212518547842,1.663251888652284,1.663271076361369,6.960714389995262,242
4,T,662,False,6.3140365611692655,1.7427987814354773,1.7428170933657674,4.352919689332732,489
4,T,785,False,7.398807356455391,1.5384496348360617,1.5384703790720602,6.10997879981333,339
4,T,396,False,6.060337605723301,1.6818113575784608,1.6818303335458136,2.7791454626678225,535
4,T,610,False,6.411940265217629,1.6608419607493845,1.6608611763000474,5.122769893043594,436
4,T,644,False,6.542783322494946,1.658226602080616,1.6582458479377367,7.1090934656105595,227
4,T,405,False,8.615404952857421,1.3484685147811584,1.3484921815535382,8.966659775135655,36
4,T,600,False,6.270383834835769,1.7362554791441063,1.7362738600845338,7.813918778279011,119
4,T,323,False,5.677161779306992,1.6248254302702032,1.6248450717553562,5.420459764717527,412
4,T,763,False,7.737814511999676,0.8752219369409419,0.8752584002782101,6.6114968594517505,277
4,T,634,False,6.15577851540125,1.723288218702884,1.7233067379532514,5.992741303881669,356
4,T,812,False,6.192937466640965,1.718997451988531,1.7190160174640545,2.074268953887433,540
4,T,229,False,6.547675521978764,1.6278054363458547,1.6278250418739835,6.151327256132541,336
4,T,332,False,6.156141342502272,1.6605452106570462,1.6605644296416118,5.975729715921218,360
4,T,796,False,6.477638218493862,1.5675639112500384,1.567584270209559,4.780698792145633,460
4,T,130,False,6.3320288729911,1.732194668706275,1.7322130927369646,7.5705814179167925,149
4,T,456,False,5.878941516393911,1.6441634027605645,1.6441828132334055,7.631584891327432,143
4,T,125,False,6.074455536678707,1.6442511915416995,1.6442706009782015,7.387943664109738,182
4,T,477,False,6.030348923669475,1.6500115473144792,1.6500308889914876,7.069286471078157,230
4,T,352,False,7.204839784417097,1.26307616709427,1.263101433866841,6.288805924666339,313
4,T,844,False,6.512153527321414,1.6998691920629592,1.6998879664494642,6.431469952196438,293
4,T,505,False,7.40555020553428,0.594090188352852,0.5941439053394763,7.717464536012051,131
4,T,198,False,6.3288377362369825,1.7416047849086296,1.7416231093929455,6.389153245370014,298
4,T,329,False,6.722086153785718,1.6332112450803034,1.633230785716358,5.768623968421517,378
4,T,99,False,5.539044100348278,0.7476507124597044,0.747693397186588,5.983982333068084,359
4,T,368,False,6.442771354036469,1.1899509586032273,1.1899777780427907,6.274676295962291,315
4,T,262,False,6.3939898155091495,1.6972110341763962,1.6972298379668647,5.0734815158796,439
4,T,659,False,6.621984229744191,1.6521625217633695,1.6521818382594615,7.30572079825688,197
4,T,293,False,6.2711658290204735,1.6933231671078646,1.6933420140713236,7.345779872918715,192
4,T,804,False,6.838272877706547,0.3627633424598693,0.36285130699444057,7.819560680079473,117
4,T,424,True,9.141794879940559,0.5971607970324748,0.597214237830427,9.727362853644925,13
4,T,726,False,6.461214040300023,1.418850811300984,1.4188733040988464,6.351304106347784,307
4,T,517,False,6.277495403732893,1.5686610958299423,1.5686814405497735,4.964381986018086,449
4,T,717,False,6.3813719924281305,1.7358925529132618,1.7359109376965856,7.900076153640161,109
4,T,0,False,6.210328193988818,1.649615942321726,1.649635288637132,6.979794937651357,240
4,T,79,False,5.751444495822138,1.1734164294596376,1.1734436268013568,6.584104773838311,279
4,T,100,False,5.571374609651904,1.1309253237247892,1.1309535428995021,4.377313890570085,487
4,T,730,True,9.229007283075426,0.6096830163652374,0.6097353596431254,9.74404250264382,12
4,T,825,False,6.548123843524925,1.6698644094863637,1.6698835212146264,8.330203861992516,72
4,T,371,False,6.416636437815671,1.6427444792263846,1.6427639064648587,5.540616001680322,398
4,T,492,False,6.156581549498326,1.5510513879851837,1.5510719636837236,7.441119509306436,169
4,T,188,False,7.296116818741766,1.5310347609875483,1.5310556056874998,7.361628396667769,186
4,T,121,False,6.65689347899048,1.6496769522621009,1.6496962978620313,4.089408240292915,507
4,T,157,False,5.453598571101899,1.5967150084671713,1.5967349957395047,4.888477464450249,456
4,T,52,False,6.49004331068093,1.556728163173363,1.5567486638414147,7.427514606860603,172
4,T,273,False,6.373350618031586,1.6011333517443747,1.6011532838623206,7.418815871057733,177
4,T,596,False,6.507377252855124,1.7301091499186778,1.7301275961579388,7.972133921312725,101
4,T,367,False,6.403907355177572,1.4627000428586685,1.4627218613713504,8.388464464213484,66
4,T,805,False,6.793488201948181,0.6327853938396553,0.6328358262707042,7.779936454876111,126
4,T,590,True,6.697490164849965,1.606486600183545,1.6065064658830983,9.778284088338074,11
4,T,114,False,8.597470541283093,0.18825432999407946,0.18842378065530124,8.422634859027477,64
4,T,542,False,6.623296176005697,1.5654810323701904,1.5655014184170368,8.239511786404517,78
4,T,784,False,7.765743658504408,1.589271350343114,1.5892914312285027,6.816772204617014,260
4,T,733,False,6.396308420933621,1.6924516980265054,1.6924705546944439,6.819805733421591,259
4,T,826,False,6.515423408344749,0.9166637475076024,0.9166985624236567,8.119058862529858,86
4,T,315,False,6.574664598080986,1.6614854529831156,1.6615046610916944,5.5164720374334415,401
4,T,625,False,6.783289354384098,0.981027855970217,0.9810603867981003,5.413396027663718,415
4,T,597,False,6.469757148789492,1.7327433849247935,1.7327618031211183,7.690085426103104,134
4,T,721,False,5.885381202718955,1.6068816309131215,1.606901491729014,3.9689110967482386,513
4,T,617,True,8.638042714845392,1.066876119521054,1.0669060327691562,9.116620238176107,30
4,T,425,False,6.147253234501449,1.6388745905755384,1.6388940636871732,7.1709132900403,213
4,T,80,False,5.514485519235393,0.5728014790933221,0.5728571923319239,5.836268397786955,374
4,T,583,False,8.240584907049977,1.5290768102585262,1.5290976816493138,7.008303548843985,237
4,T,695,False,6.36577624338011,1.5922350389488062,1.592255082457338,6.255849143817829,322
4,T,510,False,6.573605966621786,1.7324010359045927,1.732419457740597,5.960835200511434,362
4,T,511,False,6.612867533067792,1.6519224823028396,1.6519418016057628,6.355972438918559,304
4,T,230,False,6.5603765588752125,1.6263710086362282,1.6263906314558443,6.23319447037706,326
4,T,621,False,7.017285006713165,1.6029114719582453,1.6029313819656368,6.58876724243556,278
4,T,48,False,5.140191223028154,1.299256837267856,1.2992814004449493,6.420907183318388,294
4,T,303,False,6.616017539981684,1.4778771118260907,1.4778987062767006,5.851919562004453,371
4,T,609,False,6.466220819876096,1.656614721131024,1.656633985714086,4.511886287813074,482
4,T,54,True,6.238504134233303,1.7277780207939306,1.7277964919207092,10.884091319500161,1
4,T,827,False,7.258664960634138,1.1968684502167277,1.1968951146525366,7.706036476974188,133
4,T,235,False,6.158331479313951,1.6724490357410493,1.6724681179341157,5.335677458513981,420
4,T,422,False,6.001124877315355,1.6283555681610913,1.6283751670656696,5.552574814151996,397
4,T,732,True,9.266096224624878,0.43063549188598316,0.4307095950020152,9.598770790417333,17
4,T,224,True,6.1903860383425044,1.7228773073389114,1.7228958310061275,10.014769667006599,4
4,T,603,False,6.17121639249909,1.7314376275550962,1.7314560596412887,5.001533947871946,446
4,T,123,False,7.351064278843724,1.4948639640462995,1.4948853131123918,7.259894033861166,204
4,T,145,False,6.475915663559152,1.700448177031475,1.700466945025567,6.798641580602736,264
4,T,814,False,6.287752416579443,0.06273448005525098,0.06324115228804741,6.239818580589022,324
4,T,574,False,6.534208026566919,1.6521771252982234,1.6521964416235797,8.852198086141332,44
4,T,204,False,6.811513927924413,1.5318331243497443,1.5318539581859676,7.7687037231563565,127
4,T,173,False,5.979209578963624,1.5013219984584787,1.501343255691475,6.7310202860365065,270
4,T,153,False,6.91586499269212,1.6533851280714384,1.6534044302839896,7.426825239480101,173
4,T,155,False,5.478173573093246,1.6670669640004498,1.6670861077990526,6.231504159852921,327
4,T,117,False,6.151228426685083,1.698818073581057,1.6988368595838068,5.007258499714336,445
4,T,242,False,6.521576582146734,1.7160499801001128,1.7160685774631839,4.187681850219627,501
4,T,325,False,6.699640318281221,1.6773124405027904,1.6773314673672417,7.3610179678700876,188
4,T,607,False,7.040134015590473,1.6625378165055857,1.6625570124558369,7.920398865003703,107
4,T,397,True,6.685892637304188,1.7085065969466897,1.7085252764197771,9.240665996563457,26
4,T,106,False,5.746927918747248,1.3670534134307981,1.3670767584622723,5.266605256026,424
4,T,602,False,6.989084734174671,1.6162688055299084,1.6162885509970037,7.9582497150968585,103
4,T,225,True,6.248172132067636,1.7250484035012468,1.72506690385536,9.39327685923655,23
4,T,251,False,7.382193267595764,0.4927448109442949,0.4928095748536611,7.293154024200646,199
4,T,375,False,5.8463374657660285,1.5995932110839441,1.599613162392946,4.665556758465858,469
4,T,253,False,7.368561651614874,0.5296830553038953,0.5297433033375567,6.860244995477953,253
4,T,172,False,6.416937316729912,1.3954335004950822,1.3954563707471745,2.874825169666509,534
4,T,318,False,5.409417923048032,1.5292801871597417,1.5293010557749092,6.0975482146867535,341
4,T,857,False,6.743412401327485,1.6200372591477916,1.62005695868448,3.9653031781363977,514
4,T,587,True,8.047457537631445,1.5436388749987506,1.5436595494999297,9.166006501717344,29
4,T,507,False,7.440363251809908,0.3070730946338186,0.3071770072822955,7.674362743878178,135
4,T,379,False,6.49149376735761,1.7005435648376344,1.7005623317789935,6.351367716318648,306
4,T,788,False,7.666309149481672,0.2929300293482096,0.2930389572204697,7.653248968065798,138
4,T,161,False,7.313310246592898,0.653298932005688,0.6533477809824487,7.5901551903871765,148
4,T,436,False,6.373659965090971,1.7285881464938404,1.7286066089639738,5.678275921085099,387
4,T,808,False,6.810492577195103,1.1273957793442773,1.1274240868627066,7.2341114970746325,207
4,T,334,False,6.791310485071163,1.6827460571532673,1.682765022580332,6.270299172100138,318
4,T,722,False,5.877138831077248,1.6078845499964203,1.6079043984242685,3.810933346777394,521
4,T,296,False,6.319877459456648,1.7051612017556255,1.7051799178760012,8.530037555074292,54
4,T,141,False,6.501133816308412,1.7296295072362704,1.729647958590794,8.06841570372537,89
4,T,465,False,8.092369015422427,1.5473474182854836,1.5473680432365369,8.476187351359775,61
4,T,43,False,7.690979383306554,1.4144622920442378,1.4144848546272797,7.912458166920417,108
4,T,557,False,7.158023062661827,0.6337182647432184,0.6337686229406384,7.94866488375596,105
4,T,489,False,6.601903088927159,1.7003657054517831,1.700384474356155,8.897403825551065,41
4,T,61,False,6.5575499260261445,1.5619130619104447,1.5619334945257362,5.133628616935713,435
4,T,712,False,6.301239155018763,1.742900997395198,1.7429193082515593,5.756513548202577,379
4,T,468,False,6.411881315667875,0.9935915937110911,0.9936237132075015,6.562497429891481,282
4,T,268,False,6.347639485878044,1.7376644754259092,1.737682841462192,4.134993216880072,504
4,T,459,False,5.304606600268814,1.5948334550574512,1.594853465910083,2.9427953064542423,533
4,T,345,False,6.323114278807456,1.7401051109773449,1.7401234512540755,6.091123888142475,344
4,T,58,False,4.827378124622999,0.1136972797956912,0.1139776284533812,4.938292462822781,453
4,T,663,False,6.315984974388333,1.7427580402761915,1.7427763526345625,4.124972268466843,505
4,T,502,False,5.426266255131004,0.1881932382630799,0.18836274388228072,5.509535288743955,402
4,T,779,False,6.211513708566157,1.6935241473934215,1.6935429921202274,8.431761493013555,63
4,T,41,False,7.6854047489892,1.4090222364567078,1.4090448861496143,8.475852589413424,62
4,T,176,False,6.064010322641614,0.4339118404271071,0.4339853841061431,5.2843317303043795,422
4,T,553,False,7.069624700036127,1.6399208315190092,1.6399402922072852,6.861583177036094,252
4,T,782,False,7.220195566900527,0.1673234110989134,0.16751403599905682,6.960408423886945,243
4,T,137,False,7.29215340118779,1.6465121668480602,1.6465315496320174,9.095393584989925,32
4,T,756,False,7.444133338852629,0.3944931003308873,0.39457399124067066,7.658512474915867,137
4,T,790,False,6.382964709327962,1.6821190679582028,1.6821380404543174,5.837134858401749,373
4,T,328,False,7.562671742681284,1.5004059423146727,1.500427212525852,7.651861581859909,139
4,T,690,False,5.877628466771716,1.691877951626776,1.69189681468928,4.321431267044801,491
4,T,573,False,6.7491151888292436,1.5900250698010097,1.590045141167578,6.390036169724385,297
4,T,343,False,6.44109693091238,1.450985234035979,1.4510072287019669,6.263843685211116,319
4,T,97,False,5.769430404440205,1.2458097189421409,1.2458353358954037,5.905210116427444,367
4,T,520,False,6.206322976691212,1.5827805564091173,1.5828007196427705,6.092786192819405,343
4,T,90,False,5.572719797134693,1.1531414735178345,1.1531691490418046,4.593169734515354,477
4,T,423,False,6.259117899693988,1.731893029029245,1.7319114562687696,7.8020986753043795,122
4,T,736,False,6.58760504003348,1.7013154370242103,1.7013341954512633,5.904245913199267,368
4,T,685,False,6.508249688934143,1.6763249177344866,1.6763439558075337,7.891369774645897,110
4,T,618,False,4.544375962304956,1.4648368684900943,1.4648586551755713,7.360593494572366,189
4,T,102,False,5.838418823986138,1.3715052260265412,1.3715284952829203,5.72292660447422,384
4,T,207,False,6.7181122192352065,1.5962711305178476,1.596291123348008,6.108056631418598,340
4,T,508,False,6.166586653162318,1.5798628609181402,1.5798830613888384,5.749074839842965,381
4,T,739,False,5.798973384265494,1.5841202094452167,1.5841403556275164,4.478980962222071,484
4,T,475,False,5.716556994277027,1.6282305391050942,1.6282501395146212,8.255994546296378,77
4,T,310,False,6.683592849741321,1.6309755888121849,1.6309951562332032,6.770629788442428,267
5,T,269,True,6.408385341727364,1.6641165275944207,1.6641339086461746,11.891316760255913,2
5,T,196,False,4.462537628572137,0.7894129549371935,0.7894495942843683,4.694125799356667,439
5,T,491,False,6.4469864786926285,1.6105019877259257,1.6105199473965668,8.16149509495929,70
5,T,45,False,6.320028366696406,1.5267776712163472,1.52679661573436,6.3470104235504206,268
5,T,14,False,6.412384654570062,1.6673029090521048,1.6673202568872882,6.439478311132261,254
5,T,382,False,6.604043272872979,1.6451090302444487,1.6451266121137644,6.397401782035599,258
5,T,82,False,5.772476714445508,1.1903530286482358,1.1903773272811902,3.700739098439308,493
5,T,132,False,6.3279562285675235,1.507857144541112,1.5078763267711175,8.439339789575182,54
5,T,10,False,6.911508471056877,1.512201555926871,1.5122206830488505,6.195608474179442,287
5,T,577,False,6.670536777858217,1.430891305508318,1.4309115195120836,5.9442394105153555,317
5,T,862,False,7.53209089350644,1.042681238275001,1.0427089781639802,6.847395977417363,211
5,T,636,False,5.059475477846224,1.310531778835797,1.3105538492681637,5.580908593030251,360
5,T,391,False,6.663255396227547,1.5770329971755421,1.5770513379955502,6.823493749741898,214
5,T,133,False,7.4053231329658455,0.5071996439841159,0.5072566681185138,7.501010418443084,128
5,T,250,False,7.336347339867401,0.509748147823288,0.5098048868953247,7.464019005177707,133
5,T,679,False,6.260306966904556,1.6569403464585768,1.6569578027865859,4.514353135005944,452
5,T,488,False,7.977315869901354,0.4312308815431227,0.43129795001778165,8.049127270432361,80
5,T,297,False,6.3849834327596655,1.6402004052430113,1.640218039728993,7.231928708652335,166
5,T,692,False,7.151757369893531,1.5736283947277871,1.5736467752283658,8.478003871062603,52
5,T,7,False,5.823971451961307,1.593540510099796,1.5935586609291166,4.163837957924194,473
5,T,746,False,6.3258403927708855,1.5777932694645196,1.5778116014469599,7.238894186322046,165
5,T,283,False,6.754195158532257,1.3687742440685333,1.3687953754007451,4.325825215816923,461
5,T,737,True,7.446192443768418,1.4281464692835881,1.4281667221372512,9.795960813782605,12
5,T,197,False,6.635348062282078,1.6586432999458562,1.6586607383513852,6.632952033086264,238
5,T,853,False,6.324151382723118,0.37969447728483613,0.3797706473303158,6.580633779940647,243
5,T,516,False,6.38148962131852,1.5464379799368984,1.546456683610762,6.684852706475237,230
5,T,538,False,6.938870059360064,1.3966769326984487,1.396697641877092,8.585838769760912,47
5,T,170,False,6.8233752572646,1.3192817058555157,1.319303629911675,7.920316715621345,89
5,T,392,False,6.721772685921761,1.5986316366665407,1.598649729691975,6.158079733267758,295
5,T,829,False,6.434048684743669,1.5247295860327272,1.52474855599755,8.75520186086903,38
5,T,215,False,6.488580099492347,1.6237679902881046,1.6237858032318648,8.701860109015481,39
5,T,725,False,6.351889705116281,1.523716811501614,1.5237357940751168,3.1777272626412576,505
5,T,747,False,6.3340218221439235,1.5767150092297488,1.5767333537486448,7.145717439976854,175
5,T,822,False,6.211386014789616,1.6297056456849082,1.6297233937298516,5.403925946969023,380
5,T,819,False,6.612752625559947,0.16945047998751334,0.16962108849161645,6.357760869318175,265
5,T,745,False,6.288666315397042,1.5826234868519067,1.5826417628851985,7.139679752339416,177
5,T,648,True,7.935402958012441,1.204232250233701,1.2042562688215517,9.344055260140118,19
5,T,419,False,6.291331649124712,0.12069114554703943,0.12093056316142241,6.610494296582313,241
5,T,683,False,6.385590658932837,1.640658230871962,1.6406758604370937,7.268915938396612,160
5,T,77,False,6.659378722118344,1.5312862341349576,1.5313051228753538,7.359200515333532,146
5,T,776,False,7.389077773902066,0.4579855708810423,0.4580487218935518,8.009934940836617,83
5,T,752,False,6.204381445034525,1.6170995726365953,1.6171174590346062,6.718054475801946,227
5,T,19,False,6.153675008602126,1.5916629573237386,1.5916811295638431,5.542508677059124,363
5,T,547,False,7.307214126970476,1.2492441044664588,1.2492672576503743,7.520045103151369,124
5,T,166,False,6.334927455974251,1.3560067086162135,1.3560280389082147,7.278019870132143,159
5,T,398,False,7.728018378937096,0.4093015465349899,0.40937220776332217,7.492211645571224,130
5,T,652,False,5.761406908087751,1.5741020855622212,1.5741204605316634,5.798231280713937,335
5,T,2,True,6.8089199643534535,1.5817197675146009,1.5817380539898271,8.988892683645512,29
5,T,735,False,6.841521489145145,1.5765217115391232,1.5765400583072187,6.120263347121387,299
5,T,854,False,6.2753964796185295,0.2278907185117741,0.22801760475212166,6.086230420810486,303
5,T,797,False,6.4495326972067275,1.5306055529688805,1.5306244501092534,7.6199401440495365,115
5,T,501,False,6.325945813840713,0.6005749042811395,0.6006230632812746,5.94990421048637,316
5,T,824,False,6.512854952150408,1.59393618622775,1.5939543325513896,7.206710999754379,170
5,T,300,False,6.602700730374421,1.6462764755063664,1.6462940449077574,6.904817512253904,200
5,T,849,False,6.038891501984411,1.5866115457708818,1.5866297758666161,5.849847963110571,330
5,T,165,False,7.369248033104642,0.4628478060938699,0.4629102937924266,7.364706685204066,145
5,T,762,False,7.831351775669959,0.9040282246088497,0.9040602188917013,6.463982798247082,251
5,T,469,False,6.392466324090973,0.99754556246005,0.9975745574526346,4.405251024860959,457
5,T,806,False,7.093587905274017,1.1171276000896138,1.117153491412466,7.035508544977989,188
5,T,738,True,7.4686210293939,1.4238080864870377,1.4238284010508295,9.816565705896892,10
5,T,773,False,5.958784093380229,1.5004701097048292,1.5004893863705615,5.678089766709589,347
5,T,451,False,6.276330851371821,1.66280929004122,1.662826684757154,4.4167197374548195,456
5,T,222,False,6.689257331442779,1.3701203257223444,1.370141436294292,5.28991850059427,388
5,T,309,False,6.402945634787809,1.6582594832525246,1.6582769256942618,8.5203944232222,50
5,T,139,True,6.5805484905859055,1.6614545056031622,1.6614719145029597,9.230567384544482,22
5,T,236,False,6.0969684072264325,1.2978791456618934,1.2979014312485864,7.389983447477357,141
5,T,846,False,7.637562537285995,1.2662738696071965,1.266296711416035,7.593738422355186,118
5,T,355,False,7.158226910654861,1.3608175223067585,1.3608387771922827,8.846762175076211,32
5,T,830,False,6.428847698106491,1.667020514926133,1.667037865700018,6.1432799888088025,297
5,T,255,False,6.217664930863436,1.5673054162234805,1.5673238708756208,7.663272537075379,111
5,T,654,False,6.85619875974999,1.6305301734599889,1.6305479125301847,3.0983605714568236,506
5,T,163,False,6.329605883611971,1.3556168704151053,1.3556382068410164,7.193276326210662,172
5,T,606,False,5.853581274854514,1.4949548466829343,1.494974194464198,7.6888312851078116,109
5,T,16,False,6.585162081080614,1.6117024743436756,1.611720420637093,6.7934010603634265,218
5,T,700,False,6.391505011659035,1.632716972743305,1.6327346880547202,3.936133069875211,483
5,T,524,False,7.3201733760133365,1.3789926790483777,1.3790136537982878,5.049788161377489,406
5,T,434,True,6.947467105769625,1.557233469314061,1.557252043326638,9.136403865369282,28
5,T,781,False,5.004523113397009,1.2965035406941416,1.2965258499256882,5.275330982280293,390
5,T,284,False,6.2897674711735725,1.6345318799072401,1.6345495755486215,5.424628560049332,375
5,T,571,False,6.877785184067763,1.636585400620666,1.636603074058517,5.0890846255786615,405
5,T,653,False,6.0881934654061824,1.5570110935051165,1.5570296701704436,7.556334726885762,120
5,T,834,False,6.482542661792597,1.6354230827870153,1.6354407687854875,8.824666516885738,33
5,T,443,False,8.380990965411232,0.3679301621170986,0.36800876713550806,7.709883906274951,108
5,T,523,False,6.398808044352176,1.6630647118450224,1.663082103889417,8.338517598095969,62
5,T,718,False,6.38356755735106,1.6651357170189083,1.6651530874322504,5.327461833327788,386
5,T,350,False,5.43711320790619,0.8762234354750146,0.8762564449798467,5.790491818272695,336
5,T,187,False,6.965652744197672,1.6300272338395034,1.6300449783829725,7.448191957887912,137
5,T,835,False,7.047738687265726,1.6306512598285174,1.6306689975814874,6.851672850354187,209
5,T,787,False,6.664821764466677,1.6515407102311945,1.6515582236312594,6.03727734845555,310
5,T,684,False,6.595661579495649,1.605109168040947,1.605127188051521,7.112541789550246,181
5,T,534,False,6.176384055913347,1.6476874434560516,1.6477049978123577,5.743268586337996,341
5,T,53,False,5.991037720445682,1.5454157380250328,1.5454344540706149,5.248852845526857,392
5,T,670,False,5.03720612962201,1.011892444055415,1.0119210279609387,5.939735632930362,318
5,T,285,False,6.477000561289787,1.6636404482322142,1.6636578342578032,6.739383708339941,225
5,T,231,False,6.600770751766208,1.565652500350964,1.565670974486117,6.7111221744293434,228
5,T,761,False,6.148541733618514,1.6066622587245474,1.6066802613161544,7.070222057177045,185
5,T,277,False,6.032548843489973,1.6338917515040015,1.6339094540781307,5.1415693905996465,402
5,T,807,False,7.690548043545484,1.3447651069644364,1.344786615564772,7.927679822652434,88
5,T,544,False,7.322186829786441,1.1538725170695026,1.1538975839048247,8.432045585119894,55
5,T,357,False,7.188505520195979,1.3713466987198555,1.371367790413253,8.608721982954076,46
5,T,777,True,6.230504739389252,1.6571769404277734,1.6571943942635814,10.370364010605702,8
5,T,98,False,5.810466296235892,1.218255509715034,1.2182792518319105,4.909237879053036,423
5,T,624,False,7.396497894162027,1.5918805755674412,1.5918987453233355,6.7479091348125415,224
5,T,449,False,6.437164309604697,1.650959851074602,1.6509773706363615,6.295856825574839,273
5,T,615,True,8.652615035850031,1.3729613257148194,1.3729823926043905,9.230481080852028,23
5,T,680,False,6.232153552486193,1.6532806752977163,1.653298170266318,4.292120079156639,463
5,T,168,False,6.963749320308141,1.2217370398450613,1.221760714306388,6.864088053250564,206
5,T,512,False,6.466259122645968,1.529997358487808,1.530016263139955,7.512251911979178,125
5,T,727,False,5.441125365489357,0.20970470061819496,0.2098425837489829,5.423103456339744,376
5,T,219,False,6.731553809817199,1.390778874625622,1.39079967162708,5.590846372386021,357
5,T,232,False,6.327992254636674,1.6010611987650862,1.60107926433521,7.797686557324135,100
5,T,267,False,6.55266755044089,1.6431981743096502,1.6432157766244972,7.939216113153808,87
5,T,272,False,6.148937473465718,1.6296080254758067,1.6296257745839193,8.24198450580067,65
5,T,734,False,6.12624553422158,1.4137645185871182,1.413784977466145,5.493468296718531,367
5,T,742,False,6.289726221250867,1.585745084876543,1.5857633249331997,7.6543242643562746,112
5,T,246,False,6.258392609905371,1.5935872618094653,1.5936054121062941,7.762897814811439,104
5,T,810,False,7.098753532979294,1.1357427996056793,1.1357682665707949,7.299124537285348,155
5,T,639,False,6.438121902338166,1.6291295393661944,1.6291472936872806,5.641459285692139,350
5,T,559,False,6.647957667840909,0.6896047497560581,0.6896466917046711,6.8497394606864,210
5,T,223,False,6.786369263734025,1.4347566344991542,1.4347767940458271,6.2230627213165635,285
5,T,270,False,7.224427539480299,1.0954094492885351,1.0954358539338094,6.248982172905463,280
5,T,642,True,8.046223374622782,0.8066423547141585,0.8066782115018877,9.267938569463775,21
5,T,47,False,5.436859117998947,0.16436980507390228,0.1645456815389415,5.2416517571136705,393
5,T,249,False,7.414854474108775,0.22962412246702582,0.229750051385922,7.385603209710138,142
5,T,582,False,7.9615388153605835,0.8496762550544805,0.8497102958635306,6.794618914519153,217
5,T,552,False,5.9853219204876975,1.544892774412942,1.5449114967940394,5.4449543041616355,372
5,T,340,False,7.207847952759286,1.4480011660638075,1.4480211412183275,5.460971826186901,371
5,T,498,False,6.320254015144667,0.6744615554447198,0.6745044390261585,6.390623425286401,260
5,T,550,False,5.992931272028978,1.542583144370971,1.5426018947837818,5.62619379507671,352
5,T,515,False,6.47797970648015,1.539054663054952,1.5390734564549784,6.3775531681718345,262
5,T,124,False,7.360078621036408,1.4169596763619894,1.4169800891081554,6.438417590976644,255
5,T,308,False,7.935723984425187,0.5578115653515047,0.557863416019529,7.451310354413954,136
5,T,588,False,7.76619625940486,0.7381730597932228,0.7382122423108214,7.765807475223877,102
5,T,260,False,6.448577634412975,1.4380594056538747,1.4380795189010438,8.10252748834708,77
5,T,122,False,7.104306773631265,0.7510949894948864,0.7511334979465405,6.874516902236838,204
5,T,42,True,7.540973856731986,1.3909638001804583,1.3909845944170425,10.9070280005042,4
5,T,480,False,6.671041487757526,1.587557617180565,1.5875758364125838,6.685722503574943,229
5,T,103,False,6.225482443458732,1.6071894538414542,1.6072074505278633,4.729280385449329,436
5,T,247,False,6.644136824543048,1.605465838531244,1.605483854538535,2.9469880437913742,507
5,T,521,False,6.360091165280142,1.543104506825995,1.543123250903757,6.350866781251907,267
5,T,142,False,6.474118618351295,1.5835368525528517,1.5835551180448613,6.154654998527194,296
5,T,220,False,6.731553809817199,1.390778874625622,1.39079967162708,5.590803414142621,358
5,T,192,False,4.702776814536241,0.09288047626763181,0.09319136958315526,4.764806120241339,432
5,T,83,False,5.957256627753054,1.2985037745953556,1.2985260494620308,4.735024238518814,434
5,T,164,False,7.398428805102072,0.413766807830229,0.4138367066308882,7.509330665371036,126
5,T,116,False,6.644673380749635,1.656925224645366,1.6569426811326875,4.247555009052062,467
5,T,513,False,6.40530747827136,1.5308003824019003,1.5308192771372087,7.350253481588939,148
5,T,115,False,6.416423806724319,1.6497944531587636,1.6498119850960307,6.422361786906164,256
5,T,551,False,5.987596529777561,1.5397387513463558,1.5397575363967917,5.3765155849121555,383
5,T,743,False,6.288242234724118,1.5858957083696086,1.5859139466939007,7.582440175480766,119
5,T,131,False,6.355120941790722,1.6086266257124289,1.6086446063205,4.767981685028648,431
5,T,203,False,6.511891790687257,1.5431363834652787,1.543155127155848,6.945326617729779,193
5,T,741,False,5.942022736608199,1.6055832050760912,1.6056012197664449,4.225009647799549,468
5,T,314,False,6.334747931407776,1.6347289201560702,1.63474661366455,6.172988133077804,293
5,T,159,False,6.252391311892276,1.6566180654983313,1.6566355252222849,4.945512459072553,418
5,T,651,False,6.955083402609373,1.4284497121852453,1.4284699607395293,8.162902192399466,69
5,T,374,False,6.57941908799161,1.512283666503553,1.5123027925870243,5.9173046232142115,322
5,T,279,False,6.128702041846228,1.6264628002332062,1.626480583663858,7.1128889747332975,180
5,T,385,False,8.537300039116701,0.13044005692325952,0.13066161235506513,8.520282009961528,51
5,T,218,False,6.65013667704877,1.5172227157058893,1.5172417795285746,4.833633920631692,429
5,T,401,False,9.123982420646316,1.0249622701421248,1.0249904895695279,8.16894718570404,68
5,T,454,False,5.91592676523559,1.5165599385211366,1.5165790106751165,3.6457190075020125,496
5,T,486,True,6.786739287729127,1.6507723379643213,1.6507898595161268,9.658551344715521,15
5,T,407,False,6.178259629091777,1.6232059009044693,1.6232237200164898,4.73004127762307,435
5,T,463,False,6.511162761874706,1.658506543652503,1.6585239834959438,6.681017761511267,231
5,T,62,False,7.413807437381433,1.3641787042006155,1.364199906717323,4.25222307088174,466
5,T,816,False,6.454873176265223,1.6671079363602723,1.66712528622431,7.2504504896141935,164
5,T,360,False,7.031699784826253,1.1382306844204175,1.1382560957224233,6.140502495817877,298
5,T,239,False,5.237369418960363,1.3000235999389833,1.3000458487651103,6.336471740989393,269
5,T,566,False,6.419222384181208,1.6674291393947458,1.66744648591665,8.815817386394157,34
5,T,234,False,6.208474254637448,1.6153556942659513,1.6153735999732433,4.20888366502219,470
5,T,793,False,6.422102699501657,1.2117717140456106,1.2117955831963243,4.266641301947475,464
5,T,586,False,6.095675516602427,1.28601433426282,1.286036825453504,5.106740556383902,404
5,T,259,False,6.247193663835999,1.559930327709678,1.5599488696112787,4.635631935257514,443
5,T,216,False,6.734522637653532,1.389141437303429,1.3891622588187884,5.305493304608133,387
5,T,447,False,6.988893680177785,1.566347406706892,1.5663658726461351,4.551396548937994,448
5,T,354,False,7.632450532041392,0.9441902379063728,0.944220871327665,7.415123246334619,139
5,T,775,False,7.394241398552143,0.4244495758598403,0.424517715697096,7.789068253310379,101
5,T,613,False,6.6594202595089005,1.627375261158851,1.6273930346185337,6.602919788260481,242
5,T,281,False,6.984739335510503,1.4652968503209933,1.4653165897012514,6.936107039398154,195
5,T,356,False,7.385916412245121,1.1155956014720898,1.1156215283495368,7.221992056219064,169
5,T,319,False,4.690046340737771,0.28397849145978304,0.28408032685291,5.1577471618001,399
5,T,324,False,4.960133649735802,1.2800469714611633,1.2800695675001332,4.359923107154073,459
5,T,167,False,6.981006946736557,1.150346856642179,1.1503720003023477,6.385601419167135,261
5,T,369,False,7.183580203073873,0.3826379730623036,0.38271355727529477,7.079327919388235,184
5,T,387,False,7.412062310970096,1.5881964652633203,1.5882146771667824,6.542936851961032,248
5,T,494,False,6.168390675482276,1.5068549950619774,1.5068741900491607,6.778069089532909,219
5,T,221,False,6.751768929751572,1.3827890030706609,1.382809920237136,5.616626148489404,355
5,T,299,False,6.413535167962323,1.6290914226682607,1.6291091774047495,3.6104643734245627,497
5,T,576,False,6.69236300132756,1.4096119700927192,1.409632489240284,5.629117548881959,351
5,T,801,False,6.429122959811184,1.3583885392572854,1.358409832148834,7.140006287970167,176
5,T,162,False,7.2964706919353395,0.636136255013302,0.6361817220224351,7.148448768311764,174
5,T,341,False,7.258265086051469,1.4337270553819517,1.4337472294052687,4.741689618892035,433
5,T,353,False,7.171777242212843,1.4032716052828866,1.4032922171402118,8.148832486560847,71
5,T,373,False,6.5730048285431515,1.6512051342304506,1.6512226511897425,4.11933237367848,476
5,T,638,False,6.42531684645491,1.6296374069050505,1.6296551556931604,5.224206559226699,395
5,T,237,False,6.37672158912355,1.4941087937954893,1.4941281525324706,8.182090776285984,67
5,T,453,False,6.2177461430065275,1.6218253051115166,1.6218431393920762,6.860190746573307,208
5,T,442,False,6.019788892139666,1.6267893948227814,1.626807174683267,4.533544322006882,449
5,T,473,False,5.8031833315199375,1.5822042540991015,1.5822225349748928,6.052808003462965,308
5,T,565,False,6.3769695478093364,1.6549153190070738,1.6549327966951912,4.589234145911606,447
5,T,800,False,6.236409794239081,0.2988073738164549,0.29890415711423074,6.555964168893675,246
5,T,794,False,6.464027212677765,1.4787686921103775,1.4787882516638136,6.32527697274565,271
5,T,331,False,6.288977672334791,1.633545031980388,1.6335627383118434,6.9083073830449315,199
5,T,21,False,6.15902082289272,1.6284449939800552,1.6284627557644,4.69345080393078,440
5,T,780,False,6.205357334623842,1.6028858979671665,1.6029039429719711,8.691791786179298,40
5,T,792,False,6.504576128243454,1.2451239607744853,1.2451471905713896,4.93459519078836,419
5,T,15,False,6.211203920718842,1.6163277153180005,1.616345610257345,4.429881998098251,454
5,T,567,False,7.565930299114099,0.38193831894682123,0.38201404159141306,7.907627969445069,91
5,T,186,False,5.897278198318501,1.4268299643469005,1.4268502358871653,5.916867721016087,323
5,T,758,False,5.846363370867222,1.588738845304649,1.588757050990815,5.690023109288358,344
5,T,458,False,5.660654062303045,1.5548563558018516,1.554874958210626,4.88124516233622,427
5,T,549,False,6.27067190120952,1.6050457107611789,1.6050637314841862,5.899071314004782,325
5,T,258,False,6.264427316801971,1.5618348293203226,1.561853348612194,4.98491339873673,413
5,T,134,False,6.019845175370762,1.443662357159726,1.4436823923471043,8.612621660215808,45
5,T,678,False,6.4639609166441545,1.6572614395154517,1.657278892461347,5.433192642045834,373
5,T,723,False,6.6877433278655625,1.351644041919472,1.3516654410576197,5.147744997680109,400
5,T,205,False,6.217046210480863,1.5289569351984724,1.5289758527146817,5.8632459082064186,329
5,T,304,False,6.213444621309245,1.6417918084905379,1.6418094258834406,3.9228667237485513,485
5,T,698,False,6.3781385337110095,1.6591464904429205,1.6591639235597373,4.716238793643127,438
5,T,635,False,6.59940516552318,1.6391636398779792,1.6391812855175925,6.9305643600289315,196
5,T,759,False,5.855789101861973,1.5871928560276658,1.5872110794466943,5.755580438573404,339
5,T,208,False,6.940450171100873,1.511838143993766,1.5118572757134177,6.1927866639108595,288
5,T,206,False,6.47662967471484,1.5864137667086982,1.5864319990771625,6.760204436945424,222
5,T,585,False,6.519031058012406,1.6441842886137663,1.6442018803715799,6.798716252305051,216
5,T,509,False,6.425846451072751,1.5932963574643704,1.5933145110750457,5.005983628995487,412
5,T,455,False,5.928893541987234,1.5121590043220434,1.5121781319822463,3.439963850339834,502
5,T,643,True,8.073990274787844,0.7596981502747753,0.7597362226615216,9.167458421619195,26
5,T,55,False,6.517841876991911,1.644354852500939,1.644372442434033,6.293665684474861,274
5,T,657,False,5.833982946440942,1.577883413180511,1.5779017441156662,4.08256745342846,479
5,T,348,False,7.213780782782127,1.300239413323745,1.300261658457081,8.12853935372435,75
5,T,366,False,6.495819177892548,1.4430546295080464,1.4430746731329211,5.386628742860632,382
5,T,757,False,6.232579819231289,1.6508910064449651,1.650908526737309,3.8945188176361922,487
5,T,441,False,6.488657776073833,1.6614150049563527,1.6614324142700478,4.811589601819967,430
5,T,464,False,6.5690122733159235,1.471942405751382,1.471962056013078,7.509205930376639,127
5,T,65,False,6.613130721282701,1.6487498724997565,1.6487674155444256,4.946278891905412,417
5,T,754,False,6.224348560870903,1.6153480635202988,1.6153659693121745,7.03218260479746,189
5,T,6,False,5.633633298006474,0.35995684737378,0.36003719316808486,5.5907105369445755,359
5,T,156,False,6.406700457007594,1.6657135116222292,1.6657308760102696,3.958825549379827,482
5,T,836,False,6.617007004589855,1.5966953956832777,1.5967135106490646,3.7133062349668386,492
5,T,105,False,5.775536973253136,1.3468912790216407,1.346912753669529,4.901746066229031,424
5,T,243,True,6.343211406022467,1.6632097235885692,1.6632271141166042,9.202640125677577,24
5,T,472,False,5.448209581075153,0.30211118609274806,0.3022069113297199,5.253926567521279,391
5,T,570,False,6.974406826757903,1.564471867493676,1.5644903555702196,6.751746608273306,223
5,T,70,False,5.585553791319357,1.0852856812768297,1.0853123322240443,6.777045763999793,220
5,T,394,False,6.419146019478147,1.591111500526487,1.5911296790647615,7.117519747392992,179
5,T,838,False,6.341936369367533,0.4111263182716816,0.4111966659260629,6.663976888788051,235
5,T,495,False,6.305928562447539,0.9309574212967597,0.9309884901332534,5.617605874887649,354
5,T,364,False,6.2644278096487325,1.6023031134512555,1.602321165019257,5.670975552918994,348
5,T,240,False,4.722545797706552,0.0931076818268972,0.09341781900826439,4.683498462308289,441
5,T,522,False,6.184772387531788,1.5672476767449464,1.5672661320769723,7.065501669485807,186
5,T,276,False,6.038637683415329,1.6321520518341956,1.6321697732771727,5.031369125710672,409
5,T,702,False,6.332124748716433,1.6255248585198003,1.6255426522115313,5.037141975764326,407
5,T,282,False,6.197449986226964,1.6146014379831615,1.6146193520549588,6.9364221746430115,194
5,T,766,False,6.50334492562097,1.6430454684324205,1.6430630723832222,5.3931870424132615,381
5,T,362,False,5.452527771098136,1.5864056810859468,1.586423913547337,5.419940778267229,377
5,T,245,True,6.586224817340565,1.6612387946608855,1.6612562058211953,9.828581753133076,9
5,T,771,True,6.435687175029379,1.6655784051247846,1.665595770921355,9.757178997946054,13
5,T,848,True,6.444297220137023,1.6535937281167037,1.6536112197732515,8.971160794329663,30
5,T,244,False,6.2657205908273905,1.6112343698744374,1.6112523213816505,4.119969715571539,475
5,T,418,False,7.891447927234745,0.4586488605817756,0.4587119202789951,7.268131616065863,161
5,T,217,False,6.725756084736826,1.39326106865021,1.3932818286008783,5.404808512211686,379
5,T,18,False,6.153675008602126,1.5916629573237386,1.5916811295638431,5.542586536177176,362
5,T,564,False,6.859382452591722,1.6419660389541848,1.6419836544777104,6.178931163500129,292
5,T,126,False,6.140290533486177,1.6021047240196944,1.6021227778230054,5.624038762355569,353
5,T,460,False,5.651162275489888,1.5519006033499643,1.5519192411884921,5.033873252642877,408
5,T,322,True,9.349712244684133,0.3227571941896859,0.3228467978690214,9.684236064467589,14
5,T,291,False,6.407688258146909,1.657627684943505,1.6576451340332905,7.261260127338422,163
5,T,847,False,6.7133651713987135,1.6440597944552127,1.6440773875451236,5.644767845432776,349
5,T,724,False,6.622379191135763,1.3620592976374917,1.3620805331454595,4.956999198313276,415
5,T,330,False,6.290791423968056,0.551360370105085,0.5514128273947737,6.885882284167909,203
5,T,169,False,6.842982607044045,1.2638072312921398,1.2638301176817184,6.67962875019693,232
5,T,288,False,6.6065662965809535,1.638341818661797,1.63835947315268,8.182278379659769,66
5,T,755,False,7.652669220447057,1.4282993340181527,1.428319584704271,8.45711421161575,53
5,T,471,False,6.321482943837919,0.7402775108570767,0.7403165819930224,5.543887841786449,361
5,T,25,False,6.416531607585432,1.6655114443889754,1.6655288108837183,3.5008332182805075,501
5,T,626,False,6.361702091892234,1.6641191046447712,1.664136485669609,8.052199573084174,79
5,T,44,False,6.301662330195853,1.6426193347419626,1.6426369432595902,6.109036849522455,300
5,T,143,False,6.445521621808843,1.4416318869086246,1.441651950314223,7.901529584896159,92
5,T,152,False,6.909612446641349,1.6346213265764709,1.6346390212495552,6.865457905413584,205
5,T,833,False,4.53723993940128,1.097472926985074,1.0974992819853084,5.685713133016825,346
5,T,195,False,4.352762547854774,0.6177411333754739,0.6177879542020038,4.189438455736557,471
5,T,545,False,7.2391144036372665,1.2518816629653944,1.2519047673693409,6.274550977798697,277
5,T,802,False,6.418477291253067,1.110272662099597,1.1102987132744089,5.688383947901434,345
5,T,444,False,8.383725824637658,0.2886208052723707,0.2887210032698589,8.418688375841763,56
5,T,50,False,5.801610404197161,1.5819928005176662,1.5820110838369024,5.950159242816944,315
5,T,647,False,6.329939045182209,1.5772126125537271,1.577230951285079,7.1936063915056145,171
5,T,478,False,6.57589319708687,1.5616860254514746,1.5617045465079193,5.282246132369786,389
5,T,393,True,6.407965876563341,1.6107200433516087,1.6107380005909373,9.809916709657099,11
5,T,49,False,5.52149757111141,1.5033815799225068,1.5034008192572514,5.93051844630789,321
5,T,151,False,6.171154791789271,1.4773304868494042,1.4773500654441314,5.932718595139894,320
5,T,837,False,6.717956988602878,1.6076332053678684,1.6076511970867464,7.091365512640978,183
5,T,420,False,5.894431557493261,1.582027845872034,1.5820461287862595,3.93452006413547,484
5,T,591,True,7.554443405475198,1.120966736100782,1.1209925387519413,9.1919800890317,25
5,T,4,False,6.203975618018706,1.6472511387530298,1.6472686977588795,5.9011726961433295,324
5,T,506,False,7.2651694155119,0.6899214656466166,0.6899633883424958,6.8624484649442685,207
5,T,641,False,6.445343414094554,1.632421185459282,1.6324389039805962,5.412164966137516,378
5,T,772,False,6.241785392580054,1.5971470834693338,1.597165193312101,7.06037325794531,187
5,T,271,False,7.042454640583118,1.5483109069375278,1.5483295879866121,8.03026118744405,81
5,T,689,False,6.507947141069784,1.6619325516730559,1.661949955565328,6.188298921821991,289
5,T,640,False,6.42531684645491,1.6296374069050505,1.6296551556931604,5.224324603057519,394
5,T,696,False,6.392742835488427,1.5442030992822877,1.5442218300251116,4.106894669638425,478
5,T,17,False,6.233851190257569,1.5718410094748745,1.5718594108762,7.8740096145614045,93
5,T,656,False,5.855534010992113,1.5790289103269186,1.5790472279641599,3.839810765054504,489
5,T,499,False,6.276868755168579,0.7412876672007396,0.7413266850970607,6.026762713601438,311
5,T,295,False,7.270340339339556,1.3608652527052825,1.3608865068453337,4.898584058615242,426
5,T,729,False,6.465975723085631,1.6616208933815968,1.661638300538158,5.938203418543788,319
5,T,605,False,6.0920847920002785,1.6104901865165815,1.6105081463188242,5.99081595869367,313
5,T,372,False,6.563467054472163,1.6507751002130604,1.6507926217355473,4.151267776020543,474
5,T,380,False,6.9821840559860044,1.6049980584939068,1.605016079751942,5.838521358874106,333
5,T,257,False,6.2533653908284625,1.5513247038900535,1.5513433486474373,6.531626902781555,250
5,T,160,False,6.459853753072336,1.5637777422556902,1.563796238538572,8.002041446380407,84
5,T,23,False,5.638955330029992,1.5415148633039162,1.541533626710742,6.243617922007885,282
5,T,614,False,7.084597592453692,1.5943475298625989,1.594365671504518,7.297018909115135,156
5,T,560,False,7.194568754087965,0.1553387839505647,0.15552487354864603,7.305614813218822,153
5,T,248,False,7.414854474108775,0.22962412246702582,0.229750051385922,7.38548245678919,143
5,T,337,False,6.448532701018614,1.438142256276477,1.4381623683649485,8.354143520108593,61
5,T,744,False,6.2887256020185305,1.585454139660055,1.585472383063889,7.4417690933086,138
5,T,12,False,6.481016728167518,1.6632797325704274,1.6632971223664863,6.232437748140858,284
5,T,622,False,5.888118099830846,1.5433267274598277,1.543345468838699,8.964651121031824,31
5,T,817,False,6.449510333219032,1.6668113543957637,1.6668287073468953,7.027961510681706,190
5,T,73,False,6.43304967719396,1.5700200347058644,1.5700384574496529,6.9579179979731975,192
5,T,426,False,7.319381110534462,1.376031469008329,1.3760524888950647,3.5425731899380994,499
5,T,214,False,6.483464081540292,1.62419343386277,1.6242112421406332,8.794671316939624,35
5,T,604,False,8.501186305553606,0.3630395996421736,0.3631192633301513,8.018359300744837,82
5,T,1,False,6.338557362631402,1.5984306813229288,1.5984487766229996,7.798500755894835,99
5,T,363,False,6.195629396763733,1.601771238314245,1.601789295876281,4.98322188629256,414
5,T,88,False,5.812236598020753,1.232630864958277,1.2326543301919124,4.869822772456325,428
5,T,750,False,6.289199914705476,1.5838119036954645,1.5838301660154517,7.485328676903469,132
5,T,91,False,5.86261127485508,1.3765681242245584,1.3765891359168143,2.6111275945072796,509
5,T,482,False,6.356953854184491,1.6138040130985685,1.6138219360221022,5.888184890409029,327
5,T,86,False,5.516752751659619,0.517323737531363,0.5173796458177502,5.202701732385989,397
5,T,533,False,6.181734944115201,1.6479045036005655,1.6479220556446559,6.103266520134014,301
5,T,74,False,7.076690885624425,1.4993161886465856,1.4993354801480572,8.660755775634437,43
5,T,179,False,6.125114832824234,1.6261034462038173,1.6261212335644022,7.764470351138771,103
5,T,184,False,6.040849891043774,1.6183308270940622,1.6183486998839383,7.367667789751443,144
5,T,795,False,6.426135891000591,1.3153172454788675,1.3153392356145992,4.929388013645548,420
5,T,365,False,6.474526283902724,1.285388341411486,1.2854108435553409,6.245175663982212,281
5,T,150,False,6.671575608154135,1.6037505311443645,1.6037685664206396,6.291851811277885,275
5,T,13,False,7.0943672711101495,1.4496792638708234,1.4496992159031246,8.148233991479815,72
5,T,558,False,6.762037699153093,1.1208828983629275,1.1209087029439817,7.630082399368154,114
5,T,266,False,7.886751081789352,0.3013197945697976,0.301415771141238,7.300431360648579,154
5,T,503,False,5.440650606029621,0.2925642454542267,0.2926630933535746,5.430991119391781,374
5,T,212,False,5.955942448327695,1.615028272480588,1.6150461818179425,6.406119168133616,257
5,T,619,True,6.522011425341198,1.531624814534798,1.5316436990997078,12.262510186359137,1
5,T,823,False,6.202376453260879,1.602577247237436,1.6025952957176057,5.210102627990599,396
5,T,856,False,6.697395438482539,1.5558769232910132,1.5558955134978028,8.260728307983118,63
5,T,490,False,6.637014302213987,1.5998498131970118,1.5998678924459968,6.299115310966047,272
5,T,483,False,6.377146610482351,1.6140358233299126,1.614053743679358,6.356912593171581,266
5,T,66,False,4.551641980953717,1.0992126717785446,1.0992389850672186,5.839469170045501,332
5,T,484,False,6.405874318802507,1.6171289218500489,1.6171468079234437,6.817620075575279,215
5,T,661,False,6.483597095433923,1.666940080378903,1.666957431990003,8.368350720902823,59
5,T,316,False,4.750364713350068,0.2841616906630681,0.2842634604263716,5.178682587062949,398
5,T,68,False,5.843665400093055,1.5491031237071566,1.549121795202802,7.712912345719575,107
5,T,467,False,6.313978687400563,0.8658143585236149,0.8658477648632817,5.340865626010175,385
5,T,289,False,6.517486784885714,1.6630014604357461,1.6630188531416312,8.407245897845947,57
5,T,535,False,7.257650333616205,0.4292442444406052,0.4293116232743625,7.261280069877043,162
5,T,60,False,6.646550069754301,1.5201683557951557,1.5201873826782109,7.488117321678869,131
5,T,428,False,6.993778133386805,1.6020942853161761,1.6021123392371182,5.749519507333938,340
5,T,851,False,6.134838640973696,1.597955044616956,1.5979731453030928,6.909655651176457,198
5,T,339,False,7.240336596151447,1.4427188693956723,1.4427389176851815,5.503016469320888,365
5,T,519,False,4.414139579372046,0.28923431893928636,0.28933430447383,3.7483170946828075,490
5,T,20,False,6.426596313394194,1.6342927195281045,1.6343104177590162,6.072877923589582,305
5,T,128,False,8.578976083647943,0.19144120007509685,0.19159222734567125,8.620665707935192,44
5,T,349,False,6.9309958085340675,1.3957966596285916,1.3958173818674908,8.662916274175616,42
5,T,630,False,5.932121457530529,1.605612503165708,1.605630517527346,4.165079201992913,472
5,T,675,False,6.761300022799251,1.4729548941523494,1.472974530906913,5.8311637607596785,334
5,T,94,False,5.9648640806878435,1.2827690221996058,1.2827915702903627,4.626103138300762,444
5,T,101,False,5.953605011845843,1.4118635227734646,1.4118840091988363,1.4910336777776312,511
5,T,201,False,7.327283777038526,0.8599922589710145,0.8600258914609202,7.523639176506512,122
5,T,686,False,6.360044284825595,1.6253143431937287,1.6253321391901236,5.136030636520419,403
5,T,658,False,6.585424366097809,1.598027638460922,1.5980457383248057,6.53280219839538,249
5,T,608,False,7.101268087100211,1.605043613381684,1.6050616341282395,7.848998784813881,94
5,T,662,False,6.422456601232298,1.6676347727209668,1.6676521171039218,8.390490450111937,58
5,T,785,False,7.585554047821409,1.4628050789220075,1.462824851926266,6.362566485195575,264
5,T,396,False,6.16043365462874,1.6239442970591107,1.6239621080689939,4.52028598662362,451
5,T,610,False,6.394900192831153,1.6079227148933755,1.6079407033728468,6.066275475980629,307
5,T,644,False,6.654061875400468,1.6060988661276985,1.6061168750342425,6.1808860159540755,291
5,T,405,False,6.062855874482917,0.435251129197865,0.4353175782817628,6.392704415414795,259
5,T,600,False,6.395532213262298,1.6530894510072194,1.6531069479995637,3.18095165972408,504
5,T,323,False,5.813736116208517,1.584277143536309,1.5842954004934335,6.274685829347569,276
5,T,763,False,7.765922603398706,0.8564960136425365,0.8565297834159873,6.206379607655292,286
5,T,634,False,6.246460924902485,1.6549701333961169,1.6549876105053605,4.259243381263623,465
5,T,812,False,6.351357070630607,1.6496820482400651,1.6496995813718989,6.6769836731605,234
5,T,229,False,6.585223956875749,1.568877125328261,1.5688955614926539,6.554646888611673,247
5,T,332,False,6.211587023966473,1.604858628478882,1.6048766513025852,8.684023337695344,41
5,T,796,False,6.445666992116378,1.533487988757286,1.5335068503779004,7.522766421621217,123
5,T,130,False,6.442400990153663,1.6612204623979747,1.6612378737504219,3.652554828070182,495
5,T,456,False,5.951565971388672,1.5820312112642552,1.5820494941395888,4.922466754181402,421
5,T,125,False,6.142414066745953,1.5885263201317223,1.588544528253556,5.468822116324534,370
5,T,477,False,6.1164903868944345,1.5978554276103285,1.5978735294249253,3.3257261098533206,503
5,T,352,False,7.356920444849586,1.236742305151761,1.2367656923787842,7.97570105998461,85
5,T,844,False,6.5786416764082905,1.6389169679715652,1.6389346162669793,3.8897453598067844,488
5,T,505,False,7.441101438161639,0.5756646742248631,0.5757149169888687,7.338056126031982,150
5,T,198,False,6.426371932187743,1.667046777767555,1.667064128268097,6.5616947449575225,245
5,T,329,False,6.697464803831749,1.5853977694817079,1.5854160135341941,6.439767491450745,253
5,T,99,False,5.553344291429552,0.7583542674383992,0.7583924072899947,5.492422852739962,368
5,T,368,False,6.429773786988582,1.193505478863461,1.1935297133168412,4.921920315240334,422
5,T,262,False,6.449183476638087,1.6361029443126698,1.6361206229620324,7.333700328054126,151
5,T,659,False,6.610464755145136,1.601368737022306,1.601386799123028,7.354704765726603,147
5,T,293,False,6.32825813461218,1.6357129340940435,1.6357306169585586,6.183026930463459,290
5,T,804,False,6.967473003547235,0.3534466810827638,0.3535285064340683,6.573768071345571,244
5,T,726,False,6.556661632652385,1.3855747611349045,1.3855956362471447,6.64499614648219,236
5,T,517,False,6.386650658192408,1.529067251275147,1.5290861674265503,6.26786348574352,278
5,T,717,False,6.460425869825366,1.662458748582607,1.6624761469663045,4.899802645939843,425
5,T,0,False,6.352866859233975,1.5986311304179763,1.59864922344914,7.821924890164722,97
5,T,79,False,5.7917568647512265,1.182495077917852,1.182519538017461,4.494683224172903,453
5,T,100,False,5.590092339224823,1.144481292154318,1.1445065646750565,4.645741866637632,442
5,T,825,True,7.361787639091244,1.1992001865606243,1.1992243059328471,9.448754357698764,17
5,T,371,False,6.465907414665457,1.5892122551197212,1.5892304553826646,7.646390071893902,113
5,T,492,False,6.1796701505310745,1.5090171392659941,1.5090363067506383,7.003214871642151,191
5,T,188,False,7.26483926703204,1.4886858881899419,1.4887053174449798,7.4630323577984505,134
5,T,121,False,6.634666091036454,1.594760527847879,1.594778664791678,7.909770145839656,90
5,T,157,False,5.564919017590524,1.5558630661845554,1.5558816565569145,8.117933539170318,76
5,T,52,False,6.479368148987135,1.522992051571792,1.5230110431785906,6.76525582602862,221
5,T,273,False,6.488070047976945,1.5147634899045301,1.5147825846770333,4.30967096661818,462
5,T,596,False,6.5684307148960235,1.658927974490162,1.6589454099032654,4.0605782438579805,480
5,T,367,False,6.646205325194817,1.408634744743148,1.4086552781254453,6.037762063718324,309
5,T,805,False,6.899729043162017,0.6178340969939434,0.6178809107760197,6.630201011361521,240
5,T,114,False,8.594966744251215,0.18602765315824116,0.18618307182084248,8.550322628846002,48
5,T,542,False,6.672946360771622,1.5339867336160844,1.5340055891042983,7.500019239400804,129
5,T,784,False,7.6062769098791145,1.102553681999956,1.1025799155547602,7.137047070251073,178
5,T,733,False,6.501014911884074,1.6316595779014786,1.6316773046931532,7.971525753025974,86
5,T,826,False,6.530287300847072,0.9335410323501037,0.9335720152052435,6.236407325588937,283
5,T,315,True,6.5754522337838015,1.6117670347010373,1.6117849802756126,9.424938971935534,18
5,T,625,False,6.76524883305683,0.9960020909799686,0.9960311309038247,7.614443739787276,116
5,T,597,False,6.5412782840575145,1.6607991582179544,1.6608165739871903,4.622355023411385,446
5,T,721,False,6.070625755243512,1.5521480649229382,1.5521666997900398,4.399567738411671,458
5,T,425,False,6.206728164377152,1.5856113541424375,1.585629595737446,5.893526295379189,326
5,T,80,False,5.524775492563486,0.5614027253083677,0.5614542443305105,5.352504791108336,384
5,T,583,False,7.984361912719721,0.8404710390166505,0.840505452640737,6.9300402197362585,197
5,T,695,False,6.399075241248664,1.5448654489667755,1.5448841716790287,4.002601274394115,481
5,T,510,False,6.577337992363996,1.6613419584465767,1.6613593685257229,8.75606501415876,37
5,T,511,False,6.546560391150101,1.6012136045462624,1.6012316683968988,8.05828566654105,78
5,T,230,False,6.594786366150258,1.5676027096044447,1.5676211607567303,6.634850153552247,237
5,T,621,False,6.937164595662387,1.5508432111967614,1.550861861742742,7.8298816075181445,96
5,T,48,False,5.237464991211188,1.3010598532745385,1.301082084380477,6.166652617555,294
5,T,303,True,6.620257451963423,1.4604632791672882,1.4604830838764107,9.1453721818881,27
5,T,609,False,6.438140994034214,1.6049174626027627,1.6049354847657809,5.841114591671911,331
5,T,827,False,7.341224179958068,1.1920722804888615,1.19209654407812,5.736270104207598,342
5,T,235,False,6.222648432736566,1.6176421999406332,1.6176600803388372,4.420718487397902,455
5,T,422,False,6.071383127680716,1.580900083120021,1.5809183790765327,3.6796459528927636,494
5,T,603,False,6.280455877200232,1.6594127822256945,1.6594302125449876,7.6693375146654645,110
5,T,123,False,7.31334138735285,1.455986709073542,1.4560065746733033,6.25269953821296,279
5,T,145,False,6.5244516389009455,1.6264166243879745,1.626434408323513,5.76475159117824,337
5,T,814,False,6.287619316007756,0.06163555139579152,0.06210305700161127,6.462031105466704,252
5,T,574,False,6.679253716561236,0.7905147903316759,0.7905513786125578,6.096939186062009,302
5,T,204,False,6.78974127319444,1.5031071555523061,1.503126398399558,8.35459860951204,60
5,T,173,False,6.2496292902259745,1.4630556298614048,1.4630753994795462,3.576428602414799,498
5,T,153,False,6.894020169803685,1.6023458994213138,1.6023639505073064,3.745262772492826,491
5,T,155,False,5.769858231533837,1.6069136446598233,1.6069316444351325,2.3875780598897425,510
5,T,117,True,6.205173181367439,1.6360701690005741,1.6360878480040886,9.5045790506632,16
5,T,242,False,6.594206192672303,1.6492293291724405,1.6492468671171276,4.217966809781974,469
5,T,325,False,6.719999978056862,1.622969036963969,1.6229868586765683,6.725959426397503,226
5,T,607,False,7.136585764945214,1.6025370632886173,1.6025551122213513,8.132323128984158,74
5,T,106,False,5.789402818405311,1.3617782417436342,1.3617994816343064,5.46976334554393,369
5,T,602,False,6.959921768128323,1.5629038597321179,1.562922366356894,6.845101988311185,212
5,T,251,False,7.3787631941979,0.4829101882000787,0.48297008019184534,7.812252399277545,98
5,T,375,False,5.919675336046078,1.5564809776797075,1.5564995606719136,3.914158381358765,486
5,T,253,False,7.3635637471347755,0.519013278509251,0.519069004817282,7.282039793629298,158
5,T,172,False,6.352732138226423,1.3907693077628007,1.3907901049073157,5.989829136859834,314
5,T,318,False,5.536379873763092,1.5068539194902224,1.5068731144911065,5.99447784243504,312
5,T,857,False,6.9464874137089385,1.5103199698405991,1.5103391207912182,6.678208818315433,233
5,T,507,False,7.480662694198043,0.29469353324625,0.29479166716554384,7.759219187610276,105
5,T,379,False,6.538201030164381,1.6277828090491873,1.6278005780589786,6.080515514954107,304
5,T,788,False,7.668065786296563,0.2877371422517097,0.2878376478577164,7.717492737792589,106
5,T,161,False,7.32614803307103,0.6411531124253028,0.6411982236919681,7.096985586902458,182
5,T,436,False,6.506223725354731,1.6558831398560376,1.6559006073290061,8.756789458357634,36
5,T,808,False,7.0745354314925954,1.0916542270948455,1.0916807225682457,7.545274054999663,121
5,T,334,False,6.930468088440461,1.598091754524505,1.5981098536622234,4.720723879515485,437
5,T,722,False,6.0600816721691935,1.5533554850919709,1.5533741054744006,4.355017096077184,460
5,T,296,False,6.3849834327596655,1.6402004052430113,1.640218039728993,7.231804649314303,167
5,T,141,False,6.559880388040473,1.658653778883731,1.6586712171790896,5.1457680424658925,401
5,T,465,False,7.862078469712478,0.42559487016093217,0.4256628266602368,7.223294870680291,168
5,T,43,True,7.58356463479106,1.3927412916306972,1.3927620593289527,10.826404922233191,5
5,T,557,False,7.159850614102906,0.6199937218401489,0.6200403725680144,7.402844191426463,140
5,T,489,False,6.7335770859102695,1.6334742200932164,1.6334919271922417,7.344499363567766,149
5,T,61,False,6.652868437311369,1.5189924689339267,1.5190115105459432,7.28225203793585,157
5,T,712,True,6.412686147310451,1.667701667021665,1.667719010708915,10.47934206999042,7
5,T,468,False,6.3862720985585675,0.9712026336387115,0.9712324150685311,4.114463046300192,477
5,T,268,True,6.411335416373259,1.6642879241407538,1.6643053034025401,11.871528007837703,3
5,T,459,False,5.5224367111273,1.5485102054917097,1.548528884136508,5.023030085754641,410
5,T,345,False,6.41131277599029,1.6661543995253647,1.6661717593185914,6.071519989180434,306
5,T,58,False,4.831480297987277,0.11176358736639526,0.11202208690293171,4.948177076056199,416
5,T,663,False,6.424019516591944,1.6676065029803526,1.6676238476573315,7.597464046750778,117
5,T,502,False,5.430986050903934,0.18476512754850757,0.18492160731266205,5.536113412692763,364
5,T,779,False,6.2841095187303555,1.6329350648365468,1.6329527777819601,6.894916923026616,202
5,T,41,True,7.573090713149302,1.3853545203024864,1.3853753987333595,10.728144544970778,6
5,T,176,False,6.0428380073541454,0.44923597341810106,0.4493003542241992,6.330605111309516,270
5,T,553,False,7.131550749621476,1.5884301813657469,1.5884483905896036,7.8301889343428,95
5,T,782,False,7.2191164442479945,0.1643004316024542,0.16447638224935168,7.455517247650389,135
5,T,137,False,7.257305898829743,1.58351617129037,1.5835344370209303,8.251312986210506,64
5,T,756,False,7.449780625625743,0.3870742291730065,0.3871489472838061,7.314444684313741,152
5,T,790,False,6.417010572112425,1.620320930835574,1.6203387816740495,5.887013287259778,328
5,T,328,False,7.545069026819003,1.4285784346188957,1.4285986813487042,8.529326902084954,49
5,T,690,False,6.038927312473103,1.6319736908478966,1.631991414227657,5.017772913206296,411
5,T,573,False,6.771375715117832,1.4115015823938197,1.41152207407229,6.3627840285335395,263
5,T,343,False,6.452591850557956,1.4375307801206476,1.4375509007639902,8.144319486378112,73
5,T,97,False,5.806010128664487,1.2483998904619589,1.24842305930262,3.5085508874809634,500
5,T,520,False,6.3134119762053995,1.5402034564223535,1.5402222358050952,5.708069883289845,343
5,T,90,False,5.5904940327262995,1.16384237508728,1.16386722719642,4.623242292772389,445
5,T,423,False,6.358582436630983,1.6565702721583049,1.6565877323859797,4.520486110836246,450
5,T,736,False,6.650700635781162,1.6390641701056752,1.6390818168161367,6.6317121126232115,239
5,T,685,False,6.541761592615332,1.6187673548984132,1.6187852228686446,5.608852784941149,356
5,T,618,False,4.709149116015788,1.440918416587136,1.4409384899269855,6.902115009121172,201
5,T,102,False,5.864981087947086,1.369725145070676,1.36974626173316,2.7953314201244543,508
5,T,207,False,6.6759742547373495,1.554369198229233,1.5543878064681511,7.172468768788749,173
5,T,508,False,6.159719302966153,1.5454795774906287,1.545498292763112,6.843683219250622,213
5,T,739,False,5.845354746394911,1.5333178114407706,1.5333366751547413,5.499789112052344,366
5,T,475,False,5.919311866641655,1.5769513651429563,1.5769697069123794,5.759727073507217,338
5,T,310,True,6.6881301624705225,1.586161823516355,1.5861800587807837,9.301646522200267,20
6,T,196,False,4.392526417706089,0.7579257332893662,0.7579658455885775,5.2294112011113265,370
6,T,491,False,6.405484021557964,1.6152230071163913,1.6152418297625597,7.944150723061446,86
6,T,45,False,6.24722092208752,1.5086890703400895,1.5087092221035263,6.769622113717637,212
6,T,14,False,6.149763631169843,1.7029076257968692,1.7029254792543667,5.014420322607068,392
6,T,382,False,6.566838336728128,1.6637603289456948,1.6637786024799306,5.560640569048522,327
6,T,82,False,5.747599392790166,1.15041447593117,1.150440903449009,5.453442531308667,341
6,T,132,False,6.152473618501826,1.4854682449862018,1.4854887117575046,7.946334206501266,85
6,T,10,False,6.8319161702603,1.4908682043740618,1.4908885970152577,7.4179046508352435,139
6,T,577,False,6.6042688326607815,1.4016125016250351,1.4016341928649476,6.947415987636755,193
6,T,862,False,7.534226319278266,0.9960354721668945,0.996065995660585,6.68465529169647,225
6,T,636,False,5.036792114669612,1.254423460118085,1.254447696474912,4.792287168499754,408
6,T,391,False,6.640407164812639,1.554539400612639,1.5545589580178962,5.648512677127622,319
6,T,133,False,7.385685547334808,0.48107349285258727,0.48113668683854516,7.464787987150876,133
6,T,250,False,7.343322074687363,0.48471527797242253,0.4847779972280784,7.1832795715787885,171
6,T,679,False,6.0110527052302345,1.6831986760269637,1.6832167385323578,6.061226298159295,288
6,T,488,False,7.989084502186273,0.40870719278534623,0.40878157410903704,8.328144620900032,56
6,T,297,True,6.27055708541696,1.6578680110810582,1.6578863495615277,9.127054304949098,20
6,T,692,False,7.249000517456542,1.563247494620148,1.5632669430819401,4.532079792424199,427
6,T,7,False,5.513829085513725,1.5919204711786397,1.5919395693474694,6.377052336198503,252
6,T,746,False,6.188467464905711,1.5676471310373348,1.5676665249172639,2.6303486235896982,478
6,T,283,False,6.771828815378374,1.3388081534318796,1.3388308622048803,7.4180819151865816,138
6,T,197,False,6.355199497234008,1.684955859819143,1.6849739034879594,8.184898671125305,69
6,T,853,False,6.309311905346876,0.35971062657556446,0.3597951372211263,6.51040832713384,241
6,T,516,False,6.377544817291306,1.5360009883064372,1.5360207817522964,4.166204799852943,444
6,T,538,False,6.907898160971902,1.369875212687758,1.3698974064625842,7.842106161923041,93
6,T,170,False,6.7723246056158874,1.2808451867972372,1.280868923207302,6.391395731515372,250
6,T,392,False,6.689796324237735,1.5807685134738907,1.5807877463742683,4.3039418013269195,439
6,T,829,False,6.45355785612508,1.5031443332207937,1.50316455931823,5.6790706960558195,316
6,T,215,False,6.243137633279449,1.6240815807278632,1.6241003007068555,6.7428870378210535,214
6,T,725,False,6.366424039390339,1.5061017453616254,1.5061219317432166,4.724535322365624,412
6,T,747,False,6.200694265085303,1.5661422197784722,1.566161632293814,2.4935606014538205,481
6,T,822,False,6.057720291076229,1.6434699577183525,1.6434884568561312,4.134304129383462,446
6,T,819,False,6.613323435731515,0.16004690944726455,0.16023675957845887,6.847573067706447,204
6,T,745,False,6.140389074344157,1.574543406030358,1.57456271496891,5.7348975810963285,312
6,T,419,False,6.292932234519569,0.1139342832340352,0.11420081782823313,6.224325438476458,269
6,T,683,True,6.270290917136144,1.658516888012032,1.658535219317847,9.455226692296424,13
6,T,77,False,6.6061554883712255,1.5160534439288353,1.5160734978044654,5.075498645514923,386
6,T,776,False,7.400508554532674,0.43542242669065706,0.43549224512241846,7.979385369469493,83
6,T,752,False,5.952215489094044,1.6007838245664896,1.6008028169922432,5.693503606186263,314
6,T,19,True,5.982456362279641,1.5916479679396591,1.5916670693782133,9.787202203655408,8
6,T,547,False,7.294058181640935,1.2114368495959185,1.2114619459378275,7.193319771389577,169
6,T,166,False,6.223686900652243,1.316145120916464,1.3161682207107106,5.86000430916227,307
6,T,398,False,7.7532914390128775,0.38390868504174086,0.3839878700519881,7.694330256378147,108
6,T,652,False,5.489840552424846,1.5669252550132966,1.566944657827796,5.0547846721747725,388
6,T,735,False,6.768351213067225,1.5700913569730348,1.5701107206620843,6.3793612774558035,251
6,T,854,False,6.276518212711045,0.21499876606982474,0.21514012946944872,6.161651293427795,278
6,T,797,False,6.311525613077803,1.5132536491035902,1.51327374008205,4.3755363630873685,434
6,T,501,False,6.325416911701405,0.5726437252515456,0.572696815048374,6.096238167586183,284
6,T,824,True,6.475941586760847,1.594678211029372,1.5946972761713811,9.143486308356561,18
6,T,300,False,6.515572846536715,1.6629178618414104,1.6629361446332784,4.949590906489859,396
6,T,849,False,5.802253029679534,1.5839985650088682,1.5840177586904565,4.549747979944935,426
6,T,165,False,7.35633384469783,0.4370931035002142,0.43716265511138175,7.409646724579428,142
6,T,762,False,7.838395651155255,0.8446423366941691,0.8446783309833218,8.287673973023878,61
6,T,469,False,6.3907906959515275,0.9601444576795897,0.9601761221304231,8.174010194579749,72
6,T,806,False,7.143826638912431,1.0836628765710192,1.0836909319334365,8.153442000311053,76
6,T,773,False,5.689540708792713,1.468580066578859,1.4686007687078713,6.299654823757306,263
6,T,451,False,6.004021105713076,1.6948821972208852,1.694900135215311,4.0973468709271765,449
6,T,222,False,6.62716497202252,1.340120686221409,1.340143372753499,6.438636336971625,247
6,T,309,False,6.145019127825841,1.6854359119263593,1.685453950455966,8.228411076683473,64
6,T,236,False,5.962490651253016,1.2709893724454928,1.2710132929147404,6.347700298927499,258
6,T,846,False,7.993852232065881,1.1587202261588103,1.1587464642475112,7.532280733127424,122
6,T,355,False,7.141328775374487,1.3311368580874583,1.3311596977280877,4.5622547915046,424
6,T,830,False,6.166344526821435,1.702252542598501,1.7022704029265283,4.314164936342236,437
6,T,255,False,6.1977579296334495,1.5583964416980882,1.5584159506992499,7.673849853297478,109
6,T,654,False,6.832106783064983,1.6412488546271062,1.6412673787994971,6.302766847847163,262
6,T,163,False,6.2184016504869,1.315624513135572,1.3156476220705127,5.786665068970165,309
6,T,606,False,5.721981226690631,1.4882690355557526,1.488289463810933,8.40435046255829,50
6,T,16,True,6.568958960382101,1.616221884321519,1.616240695334821,9.049027653143227,25
6,T,700,False,6.284374116003148,1.645271179525786,1.6452896584111734,3.9891800590360087,451
6,T,524,True,7.567820618137866,1.3238354976524944,1.3238584632585961,9.59438774608562,12
6,T,781,False,4.969058408286889,1.2401419273680234,1.2401664428263892,4.768623162720711,409
6,T,284,False,6.162939293014832,1.6491795493861177,1.6491979844791171,5.479148887571183,339
6,T,571,True,6.842441120190992,1.6497712381475693,1.6497896666289156,8.731656623613064,29
6,T,653,False,5.837571570402284,1.5393461389438334,1.5393658893771396,6.194330194419262,274
6,T,834,False,6.393364367161632,1.6497265894047897,1.6497450183848847,7.151425775743865,176
6,T,443,False,8.380544307444312,0.3487734612140488,0.3488606213716468,8.388367750374405,54
6,T,523,False,5.925637505375111,1.6105619913648466,1.6105808684836922,5.14804602415363,376
6,T,718,False,6.157644141876281,1.698336491047633,1.6983543925578581,5.999719656763691,295
6,T,350,False,5.375957274626778,0.8427190414198225,0.842755117853418,6.051529312704388,289
6,T,187,False,7.030873666703802,1.640582220675276,1.6406007523746917,6.484946300811668,243
6,T,835,False,7.127500312876349,1.6410195097093705,1.6410380364706258,5.879896342441802,305
6,T,787,True,6.6035694857768625,1.6706782929968909,1.67069649086469,12.047734557084457,1
6,T,684,False,6.567835433561779,1.6082964591268594,1.60831536283671,3.304850260289891,466
6,T,534,True,5.928078595099263,1.669826982874958,1.6698451900202813,9.826450204545516,6
6,T,53,False,5.847967122673342,1.5325935195513647,1.5326133570041152,3.7367033939715606,458
6,T,670,False,4.933371012652536,0.9657876732062401,0.9658191526438619,4.39163544831889,433
6,T,285,False,6.255149024586929,1.695332400295347,1.6953503335263087,4.465445982066516,430
6,T,231,False,6.558101624329769,1.5644031839629977,1.564422618057585,4.243780287206293,443
6,T,761,False,5.932715182815214,1.6092871229625254,1.6093060150355454,8.184968729466616,68
6,T,277,False,5.693038790334558,1.6449333105763164,1.6449517932572202,5.1058399076440235,383
6,T,807,False,7.804869524302556,1.3095268857438838,1.30955010228042,7.985310297169441,82
6,T,544,False,7.314788876562075,1.1120738668164594,1.112101205445213,5.904992503562421,302
6,T,357,False,7.172939990286443,1.3420324956221534,1.3420551498364026,5.533854847692998,331
6,T,98,False,5.730201955512263,1.1770248274449888,1.1770506574988562,5.629430855681612,322
6,T,624,False,7.529936785676476,1.5912488919460623,1.591267998175089,6.854711518574134,202
6,T,449,False,6.319373253145377,1.6737132625827102,1.6737314274523987,6.466059151497518,245
6,T,680,False,5.977753342093737,1.6775242938584938,1.6775424174613358,3.5975038880660253,461
6,T,168,False,6.9404810834093045,1.1793278705830619,1.1793536501959718,8.173674262443756,73
6,T,512,False,6.45946373097257,1.5106060843832936,1.510626210573751,6.635801772345891,232
6,T,727,False,5.44240106899533,0.1982025978896054,0.1983559318668654,5.319492162456838,360
6,T,219,False,6.691437728127702,1.3618938404288794,1.3619161642680895,5.3724301041096965,354
6,T,232,False,6.1766196426563305,1.6019945812425145,1.6020135593143285,7.346510191861851,149
6,T,267,False,6.471292303351355,1.659848228331727,1.6598665449344285,5.128956627225166,380
6,T,272,False,6.0121592126919845,1.6423917186955426,1.6424102299779682,5.541584839539382,329
6,T,734,False,6.168570130562309,1.3813244494761687,1.3813464592987612,4.933651027625058,401
6,T,742,False,6.130576195610953,1.57844673793523,1.5784659991254018,5.573238559223029,325
6,T,246,False,6.118045776555706,1.5986961321139144,1.5987151493410494,5.134319280744546,379
6,T,810,False,7.146874174242929,1.1031302203364826,1.1031577806081052,8.232047462556517,63
6,T,639,False,6.360888813797887,1.6421558866621113,1.642174400602935,8.547502644038799,39
6,T,559,False,6.613807296538345,0.6560602162429239,0.6561065563102505,6.583752212641443,236
6,T,223,False,6.741930616475285,1.4113458829679775,1.4113674246160155,6.303553486846071,261
6,T,270,False,7.206734680986598,1.0613599183171762,1.0613885632070974,5.761559009072261,311
6,T,47,False,5.430095926829698,0.1554411547924998,0.15563662326011132,5.236055868302281,368
6,T,249,False,7.413527938048666,0.21752186906949658,0.21766159381037148,7.531578351508163,124
6,T,582,False,8.071147327948658,0.8052196798957165,0.805257436344393,8.390730539130413,53
6,T,552,False,5.842528455046111,1.5320282937152412,1.532048138486718,3.6396654670331943,459
6,T,340,False,7.164362122740313,1.4239813521104563,1.4240027026150293,8.183029142898482,70
6,T,498,False,6.3276907552220445,0.641560613602085,0.6416080009024729,7.515381958619528,125
6,T,550,False,5.857414291787468,1.5297690777588622,1.5297889518374042,3.740405838646992,457
6,T,515,False,6.411635069304579,1.5230142077844429,1.523034170007311,7.758297462769904,99
6,T,124,False,7.236460209525391,1.3804874158330471,1.3805094390006858,6.717951501550581,219
6,T,308,False,7.99666949367676,0.5264390307102524,0.5264967796214276,7.7488035135443765,100
6,T,588,False,7.866894859053927,0.6984079092827722,0.6984514397188375,7.628294560334118,114
6,T,260,False,6.215996875863304,1.409276239589373,1.40929781287269,6.27108187544747,264
6,T,122,False,7.0939134866751115,0.719772177142781,0.7198144155860194,6.557885584107844,237
6,T,480,False,6.690054700566902,1.5824895445354767,1.5825087565194338,5.240034400754638,366
6,T,103,False,6.072502179089384,1.6141483805050711,1.6141672156823554,6.723562471837126,218
6,T,247,False,6.623363655630696,1.6078460903211687,1.6078649993260166,6.650556970153324,229
6,T,521,False,6.429413503497655,1.5278622627621845,1.5278821616438116,2.5841486264445255,479
6,T,142,False,6.272907506608232,1.58117028107615,1.5811895090896015,4.163123870444559,445
6,T,220,False,6.691437728127702,1.3618938404288794,1.3619161642680895,5.372333739581468,355
6,T,192,False,4.705060751955777,0.08752176490540768,0.08786845411603295,4.723655598180612,413
6,T,83,False,5.876101405098588,1.2627905664322405,1.262814642204802,7.466507518848008,132
6,T,164,False,7.388293454136573,0.39053869427249566,0.39061653526271745,7.332130174468783,152
6,T,116,True,6.527432146064202,1.683983930365742,1.6840019844485445,8.93781574611324,27
6,T,513,False,6.389454532705916,1.511526863170846,1.511546977101169,6.870019082487983,201
6,T,115,False,6.1315776754156595,1.6692717650441988,1.6692899782453494,5.44671791832885,342
6,T,551,False,5.8546954288682365,1.5255682846525098,1.525588213455448,3.767489749690421,455
6,T,743,False,6.128442818184224,1.5786433261857284,1.578662584977336,5.637500583910984,321
6,T,131,False,6.248403055592332,1.6126755353687008,1.6126943877478181,6.247735273380322,267
6,T,203,False,6.534382984103781,1.5247865579059618,1.5248064969258541,7.0431451864582275,186
6,T,741,False,5.721318876458369,1.608386773123012,1.6084056757713954,3.2770219449060014,468
6,T,314,False,6.153777172889654,1.6478447476068356,1.647863197632625,4.620677815793605,417
6,T,159,False,6.00061556199729,1.6827089140117617,1.6827269817742943,5.89064427727551,303
6,T,651,False,6.938567025873887,1.4047306191150641,1.4047522622071036,7.721323095567624,104
6,T,374,True,6.4192064654420085,1.4816198083707819,1.4816403283028095,9.27489668466539,17
6,T,279,False,6.05470431854636,1.6293860522445027,1.6294047112812426,6.349524360518264,257
6,T,385,False,8.537292908866759,0.12325617532431714,0.1235025937062163,8.468087904741806,44
6,T,218,False,6.6169675506194,1.5034047215998174,1.5034249441941585,6.222561534945154,270
6,T,401,False,9.202821565589067,0.9801835989606267,0.9802146160754749,8.218510995127339,65
6,T,454,False,5.742006012602352,1.4998996292481264,1.499919899099699,6.8502198420551,203
6,T,407,False,6.007878255129531,1.6300990278603664,1.630117678736077,5.355659394849193,357
6,T,463,False,6.214351021432633,1.6839059467997837,1.683924001718682,7.7004203033891425,106
6,T,62,False,7.406513082894003,1.3305852532929368,1.33060810240176,7.5150778970934615,126
6,T,816,True,6.21813244197266,1.7024882123452818,1.7025060702009898,9.363305554598615,14
6,T,360,False,6.968644276831712,1.1040688511794894,1.1040963880211643,6.946743806884329,194
6,T,239,False,5.098486519436852,1.2655894681844213,1.2656134907134602,5.106146921033081,382
6,T,566,False,6.157664265655134,1.7031909763576907,1.7032088268450372,6.691489542883813,223
6,T,234,False,6.052686468681225,1.6181213825338463,1.6181401714653247,7.378239632984242,143
6,T,793,False,6.359508356970196,1.1729409596267772,1.172966879612024,6.012035533644937,293
6,T,586,False,5.977554025129178,1.2582400451528297,1.258264207995594,6.922408076945362,197
6,T,259,False,5.92133581939542,1.5432652357791112,1.543284936057156,8.512603204591404,40
6,T,216,False,6.699554195197844,1.3600364809640952,1.3600588352897764,5.168743795761472,374
6,T,447,False,6.961650950645167,1.5560041345522393,1.5560236735474968,6.443909312976582,246
6,T,354,False,7.6444130043533365,0.8952634108603857,0.8952973699961124,7.953099000222997,84
6,T,775,False,7.3988856094827895,0.4033714036131805,0.40344676866899226,7.49990340757598,127
6,T,613,False,6.570334293105441,1.6392257934554264,1.6392443404892867,5.9245994140498315,301
6,T,281,False,6.982420684453435,1.4404655256442025,1.4404866318248195,7.142534144447128,178
6,T,356,False,7.386173932522998,1.0719152495139759,1.07194361234031,5.460252553150352,340
6,T,319,False,4.685944962469601,0.26926989361637627,0.2693827787828289,4.451754160877317,431
6,T,324,False,4.9129381351365815,1.2238120901430185,1.2238369327148155,4.619586495596905,418
6,T,167,False,6.942814206975441,1.106062920819178,1.1060904080171905,8.269041610357236,62
6,T,369,False,7.184187858281401,0.3632382777666801,0.3633219678625114,7.272593169686834,162
6,T,387,False,7.547142872049294,1.5864734324320873,1.586492596172271,7.069662125812163,183
6,T,494,False,6.071325852533654,1.4889921204023273,1.4890125387372677,6.736028235711337,216
6,T,221,False,6.716865281381624,1.3535067236222775,1.3535291857907226,5.362935675909812,356
6,T,299,False,6.250467493903803,1.638650158452812,1.6386687120019132,5.942764772795492,300
6,T,576,False,6.6371899703294215,1.3767353064287864,1.376757389616685,6.738261212511656,215
6,T,801,False,6.343711494295751,1.3290136142203592,1.3290364903491725,7.868869123913617,91
6,T,162,False,7.2818924800228455,0.6037531899892506,0.6038035444735151,7.199945960729289,167
6,T,341,False,7.231347843959177,1.4073686487195387,1.4073902512435008,7.741109836059739,101
6,T,353,False,7.140223314788715,1.3782374377551956,1.3782594968751678,5.146572764496039,377
6,T,373,False,6.474294724414156,1.674093947623063,1.6741121083621475,6.354566849257767,255
6,T,638,True,6.349442583170713,1.6428513700638738,1.6428698761671088,9.07532248597647,24
6,T,237,False,6.270051212459542,1.4738471235864339,1.4738677517337126,5.436526864273134,346
6,T,453,False,5.94316073018166,1.6034011159496995,1.6034200773737761,5.766480297317088,310
6,T,442,False,5.736003476853053,1.6351724889866548,1.6351910819948217,5.8626614738871226,306
6,T,473,False,5.581352468748365,1.5832264057894345,1.5832456088319067,4.574427743296344,423
6,T,565,False,6.223790248265651,1.680250065788024,1.6802681599903162,5.520789111333505,333
6,T,800,False,6.23647782204552,0.28136116023359387,0.28146919615577476,6.122480407329147,282
6,T,794,False,6.348061016052024,1.4622712154335635,1.4622920068789733,5.979855109653422,299
6,T,331,False,6.127494235932954,1.6475995515172839,1.647618004288779,5.208969214580657,372
6,T,21,False,6.004560238662444,1.6402602585944877,1.6402787939313974,7.737193656042789,102
6,T,780,False,6.088803643613343,1.605246793054534,1.6052657326774438,2.7804932483165326,476
6,T,792,False,6.449628499954265,1.2052195636567393,1.2052447894587741,5.889036553493468,304
6,T,15,False,6.051595859149394,1.6196789272747247,1.619697698138263,7.422776067546301,136
6,T,567,False,7.566891693797252,0.36269636060887506,0.36278017572010063,6.907813176228118,198
6,T,186,False,5.757446523589617,1.400081774748752,1.4001034897036,5.002319285159104,393
6,T,758,False,5.5753164286503365,1.5853058224203578,1.5853250002748556,7.1521131068447685,175
6,T,458,False,5.363462604164985,1.539375118871427,1.5393948689329209,4.746820886942951,410
6,T,549,False,6.12051024015341,1.5811258359678009,1.5811450645217413,8.450324224525444,47
6,T,258,False,5.946038743861355,1.546055934012873,1.5460755987315113,8.210105095705485,66
6,T,134,False,5.893076324683005,1.4098471700347524,1.4098687345819056,7.803260984246442,94
6,T,678,False,6.28705205148476,1.6833309188946541,1.6833489799810688,6.029857826623144,292
6,T,723,False,6.696134162969953,1.3219578849836153,1.3219808832078237,7.48853353597938,130
6,T,205,False,6.0172078736490935,1.5025432010558,1.502563435245113,7.122160839670671,179
6,T,304,False,5.992080519407427,1.6552112822883596,1.6552296502030346,5.505024385275967,334
6,T,698,False,5.813361364088263,1.6797356695150696,1.6797537692584064,4.949103319310359,397
6,T,635,False,6.559426715672742,1.6555380168074547,1.6555563810971055,7.20721256173101,166
6,T,759,False,5.589452800535304,1.583247789081279,1.5832669918643987,7.254034111942724,163
6,T,208,False,6.876474391848323,1.4904964192726307,1.4905168170004381,6.960283026897106,191
6,T,206,False,6.4015997294870335,1.5820248886277877,1.5820441062544204,6.431160141857452,248
6,T,585,False,6.365295419823877,1.6623921398300103,1.6624104284036434,7.179235040455039,173
6,T,509,True,6.52139022153736,1.5833737773041163,1.5833929785592993,10.14131162813566,5
6,T,455,False,5.7624655746721825,1.4946054426370536,1.494625784287454,7.180522167065731,172
6,T,55,False,6.365018551793878,1.6627160811953459,1.6627343662059169,7.210784221367872,165
6,T,657,False,5.637450566217991,1.5715304633772151,1.5715498093344635,6.209616860122354,272
6,T,348,False,7.187211701117874,1.272941332891789,1.2729652166814724,6.992389944726014,190
6,T,366,False,6.401148140617046,1.4213639899101396,1.42138537972988,2.9534606707003626,472
6,T,757,False,5.911133162464416,1.6682311272471375,1.6682493518095065,6.331089219534343,260
6,T,441,True,6.034290150255663,1.6875056817429785,1.6875236981480939,9.686391185711958,10
6,T,464,True,6.631457939531738,1.4394937303431246,1.4395148507722137,9.360046050271363,15
6,T,65,False,6.463898123466338,1.6701950494025057,1.6702132525355027,7.097255999099556,181
6,T,754,False,5.992391290211435,1.5965628249995811,1.5965818676369927,4.864608886063359,406
6,T,6,False,5.626073144727913,0.341284782643504,0.341373854828702,5.639460139490627,320
6,T,156,False,6.16004481565575,1.699236899209845,1.6992547912343436,3.0394042069790923,471
6,T,836,False,6.555895241755781,1.5902416222710951,1.5902607406019895,6.137755171901812,280
6,T,105,False,5.69256614152067,1.3122851495063337,1.3123083172453964,6.703342560461431,222
6,T,472,False,5.431003278341028,0.28614627967007683,0.2862525096232516,5.053844267722826,389
6,T,570,False,6.993500211828178,1.5588755807548944,1.5588950837598063,5.399120506081543,351
6,T,70,False,5.486080083660238,1.0419531965615283,1.0419823749571633,6.257817179419392,266
6,T,394,False,6.164734586720798,0.9876079938921014,0.9876387778414562,7.352825464883832,147
6,T,838,False,6.329714302876258,0.389858535899877,0.38993651266658735,6.527424909957705,240
6,T,495,False,6.2955011187571674,0.8947075433713876,0.8947415236045811,7.307230297034317,158
6,T,364,False,6.076894640930808,1.604022899472205,1.604041853546161,6.93690043120769,196
6,T,240,False,4.721880573563743,0.08804315178977316,0.08838779595431132,4.59672731991699,420
6,T,522,False,6.058030413835791,1.5586723859491527,1.558691891496523,6.712513569222406,220
6,T,276,False,5.7247003650976245,1.642676452200262,1.6426949602740686,5.353341205857604,358
6,T,702,False,6.230469394941771,1.6347467991406621,1.6347653969904137,5.372825745671834,353
6,T,282,False,5.942005566809171,1.59623934604951,1.5962583925458782,5.600259950238869,324
6,T,766,False,6.373441518224995,1.6608572053412407,1.6608755108166595,3.9616689507698823,452
6,T,362,False,5.169614008980402,1.582811940866601,1.5828311489373972,4.0989051172317605,448
6,T,244,False,6.0679529791241205,1.6088856763403239,1.6089045731272085,6.937382342467274,195
6,T,418,False,7.948708065275258,0.4312090162983325,0.43127951682587423,7.7590838731166505,98
6,T,217,False,6.691818251501319,1.364360365247189,1.3643826487294635,5.439039493168365,344
6,T,18,True,5.982456362279641,1.5916479679396591,1.5916670693782133,9.787238023688534,7
6,T,564,False,6.866220142666085,1.658157004274734,1.6581753395591023,4.980368208382183,395
6,T,126,False,5.953990689646179,1.6050529826588007,1.6050719245686458,7.292329819945294,159
6,T,460,False,5.3675732398113,1.5361411881096143,1.536160979748998,4.882566580425158,404
6,T,291,False,6.270535872939689,1.6845722764503845,1.6845903242277676,7.322983952150948,157
6,T,847,False,6.7329727910782715,1.6609124005353073,1.660930705402408,4.996328221533694,394
6,T,724,False,6.623515566864145,1.3327331735228634,1.3327559858071942,7.2831270991788735,160
6,T,330,False,6.268411462184722,0.522192224443262,0.5222504429539395,6.882114860712675,199
6,T,169,False,6.79032647603638,1.2212365124059659,1.221261407369475,6.412475339598464,249
6,T,288,False,6.474315953688004,1.654249066457296,1.6542674450557926,5.534312943806426,330
6,T,755,False,7.944311739128889,1.3778864696778281,1.3779085344164947,7.357334818507272,146
6,T,471,False,6.319447853008091,0.7059982829654794,0.706041345423049,7.327773276468015,154
6,T,25,False,6.173651084806019,1.6988122076439935,1.6988301041413303,2.836475610980405,475
6,T,626,False,6.130498131882263,1.6948741450473237,1.6948920831269703,5.241533346283624,365
6,T,44,False,6.15043062149853,1.6625739360141554,1.6625922225880236,7.6115817507684245,116
6,T,143,False,6.341526705073201,1.4085614608505663,1.408583045081143,6.704643096117533,221
6,T,152,False,6.883909212988664,1.6469352473904437,1.646953707604924,8.50707627492713,41
6,T,833,False,4.402339766649044,1.0560074511119684,1.0560362411871007,4.8815685909055775,405
6,T,195,False,4.312296490246137,0.5899300227200378,0.5899815570024611,4.862203631397218,407
6,T,545,False,7.2426994432109355,1.2099239072028458,1.20994903492568,8.357074060511831,55
6,T,802,False,6.373045964344486,1.0681404180526528,1.0681688811111656,6.781504531317091,211
6,T,444,False,8.388213176288158,0.27329712143248897,0.2734083438373243,8.304823445240604,57
6,T,50,False,5.579882604820036,1.5829472169855874,1.5829664234149126,4.612626735416468,419
6,T,647,False,6.194624855132274,1.5668376172168657,1.5668570211166075,2.547982345879053,480
6,T,478,False,6.598565583806043,1.5503384031032523,1.5503580135031154,5.231368260890838,369
6,T,49,False,5.338982131694914,1.4876956417414193,1.4877160778700342,5.560674372511949,326
6,T,151,False,6.404690745312194,1.4165050931837653,1.4165265563737701,4.553364325550268,425
6,T,837,False,6.590356994368976,1.611077547096021,1.6110964181741314,5.237402606105236,367
6,T,420,False,5.718108807295933,1.5766864463865602,1.5767057290806243,6.374073836787573,253
6,T,4,False,5.9912028741054915,1.6685454078425679,1.6685636289722683,8.289917611482593,60
6,T,506,False,7.248410811439851,0.654298759627907,0.6543452244398223,7.249139758646855,164
6,T,641,False,6.362157537688153,1.6469385779200858,1.6469570380972356,8.700435147256925,33
6,T,772,False,6.076368737478665,1.5980535155394324,1.5980725404137708,5.9873213859904455,297
6,T,271,False,7.049481987043583,1.5396632947955902,1.5396830411605489,6.683820890366023,226
6,T,689,False,6.344665290417541,1.6868395543469497,1.6868575778666082,4.925797012808101,402
6,T,640,True,6.349442583170713,1.6428513700638738,1.6428698761671088,9.075372802459647,23
6,T,696,False,6.31582690315901,1.5175027225684186,1.5175227572920107,3.2153806209017235,469
6,T,17,False,6.223294555059542,1.5641914419377276,1.5642108786630438,7.7744888557328675,96
6,T,656,False,5.667945640495519,1.5730811446030908,1.5731004714900934,6.351128845083377,256
6,T,499,False,6.274595005327187,0.7068911311025444,0.7069341391728218,6.363471493320032,254
6,T,295,False,7.245736363766697,1.3298905867770485,1.329913447820867,8.402612343104748,51
6,T,729,False,6.232461691992466,1.6916990505069085,1.6917170222535918,7.058218976103812,185
6,T,605,False,5.900232842978332,1.6242825493109996,1.6243012669738406,4.108883098208921,447
6,T,372,False,6.460664937520731,1.6734467857162811,1.6734649534784818,6.472954143392672,244
6,T,380,False,6.886617729260593,1.6089089308194073,1.6089278273331693,5.077475569084367,385
6,T,257,False,5.946469584881511,1.5311976424059794,1.5312174979428017,6.530915373306079,239
6,T,160,False,6.428892629591695,1.5460762891607598,1.546095953620502,8.164930526329126,75
6,T,23,False,5.413772050475422,1.5244387063508682,1.5244586499204538,5.426339999202595,348
6,T,614,False,7.068574739925,1.5932003765786689,1.593219459405074,7.9229725920783665,88
6,T,560,False,7.19125267067424,0.14673401214920814,0.146941063756827,7.035764869735995,187
6,T,248,False,7.413527938048666,0.21752186906949658,0.21766159381037148,7.531748089817857,123
6,T,337,False,6.218833387351774,1.4093343932014377,1.4093559655945862,6.594492830084538,235
6,T,744,False,6.130763672385677,1.5777992404628067,1.5778185095572919,5.689485365481785,315
6,T,12,False,6.172807355319904,1.6926128732475336,1.6926308352915753,7.414155090390263,141
6,T,622,False,5.682251989865813,1.5282273066399763,1.5282472007684686,3.4673323519182917,465
6,T,817,True,6.22641295752683,1.7016800545334252,1.7016979208700542,9.300458966381283,16
6,T,73,False,6.360400733463965,1.5639896861450107,1.5640091253776474,5.498702725515136,335
6,T,426,False,7.31174525688422,1.3440332609607342,1.344055881451857,7.869146722183324,90
6,T,214,False,6.242235210646259,1.6253721970800301,1.6253909021947146,6.647826808877864,231
6,T,604,False,8.498938764438613,0.34435193222385696,0.34444021124556246,8.465077879473249,45
6,T,1,False,6.1947402130275755,1.5983740182293067,1.5983930392888615,7.28173437959432,161
6,T,363,False,6.106478176267972,1.6062050144957947,1.6062239428199359,6.1809391880769455,275
6,T,88,False,5.733056363748632,1.1918460572128287,1.1918715660633694,5.437860994607664,345
6,T,750,False,6.131073096738061,1.575717946453617,1.5757372409994592,5.603142498476446,323
6,T,91,False,5.808326862609257,1.3434462299562444,1.3434688603314295,7.722828597501343,103
6,T,482,False,6.173418787191433,1.6172420394987508,1.6172608386462164,8.574152478017806,38
6,T,86,False,5.505541364114895,0.4915679439449463,0.49162978897829795,5.127723147520158,381
6,T,533,True,5.937949804031156,1.6702647613717965,1.670282963745056,9.784646537278574,9
6,T,74,False,7.034842306012217,1.4807445460802946,1.4807650781414052,7.491495988634098,128
6,T,179,False,5.889664995645724,1.6068953109956343,1.606914231188566,8.014044584645669,80
6,T,184,False,5.480450112865617,1.6188100835189294,1.6188288644570024,3.6052359297280447,460
6,T,795,False,6.34220565049201,1.2822077198864317,1.2822314310735585,5.294530590956397,361
6,T,365,False,6.408408877322895,1.2498370272428436,1.2498613525362772,5.251686050436725,364
6,T,150,True,6.729561713497347,1.6066716791176967,1.6066906019440903,9.13111054642418,19
6,T,13,False,6.904732310534579,1.4223846742847963,1.4224060487557166,6.036189295709652,291
6,T,558,False,6.708285461840762,1.0764463561894835,1.0764745996307576,5.548879359835342,328
6,T,266,False,7.879136110665538,0.2843474512631965,0.28445435299263716,7.763263083328197,97
6,T,503,False,5.4262521273894535,0.27658846836202455,0.27669836777154033,5.287401520006659,362
6,T,212,False,5.764771834085199,1.6212656539478028,1.6212844064405791,5.416718825932812,350
6,T,823,False,6.076495871542708,1.608196265283582,1.6082151701711576,4.084224608158456,450
6,T,856,True,6.665362137629886,1.550161717374807,1.550181330009814,9.116169165272009,22
6,T,490,False,6.510942669565586,1.6019826795914442,1.6020016578042509,7.1875471388250505,170
6,T,483,False,6.212632898914597,1.617710483636087,1.6177292773399037,8.406849850416748,49
6,T,66,False,4.417000663102943,1.0578390995217815,1.0578678397482537,5.018631698043046,391
6,T,484,False,6.242081709911206,1.621999141584848,1.6220178855976182,8.615959992582738,37
6,T,661,False,6.229957144137147,1.7022988346327392,1.702316694475081,8.626921951111814,36
6,T,316,False,4.74524589233374,0.26951650179190884,0.26962928371141726,4.482244190285431,429
6,T,68,False,5.6455949540478745,1.5335261659158417,1.5335459913041818,6.788978501339403,210
6,T,467,False,6.311122078346066,0.8298583380617135,0.8298949735642054,7.88306760252591,89
6,T,289,False,6.317003701791935,1.6941032539377736,1.6941212001799448,6.170414618598824,277
6,T,535,False,7.24792143229874,0.40706396014825935,0.4071386416789342,7.420022669043721,137
6,T,60,False,6.660538404484723,1.5009557219344551,1.5009759775240794,8.203251807145556,67
6,T,428,False,6.904283475354783,1.60527900459973,1.6052979438426016,5.200411840053368,373
6,T,851,False,5.962319494547144,1.5962154746700712,1.596234521451276,3.9446555946487245,453
6,T,339,False,7.193650191098115,1.418025667051711,1.418047107226708,8.040048189560402,79
6,T,519,False,4.414451707124924,0.27383759644638883,0.27394859941988975,4.5045806380464475,428
6,T,20,False,6.275065115010642,1.6499761020760646,1.6499945282693238,6.996574720980454,189
6,T,128,False,8.579908456082574,0.17952759090753806,0.17969686083415112,8.453422942027998,46
6,T,349,False,6.897770635183802,1.368777874546478,1.368800086113585,7.649437285491451,112
6,T,630,False,5.708626387551926,1.608428526823063,1.6084474289807524,3.296278194483492,467
6,T,675,False,6.6675974750038165,1.444666703756696,1.4446877485601592,6.262712589555468,265
6,T,94,False,5.880462184504928,1.246316096636827,1.2463404906495819,7.32407017239143,156
6,T,101,False,5.907399516078562,1.3829556552385158,1.3829776391007833,7.145677887188669,177
6,T,201,False,7.306923592981861,0.8200255402924916,0.8200626150658112,6.8814734946889535,200
6,T,686,False,6.301149237688958,1.634812457574361,1.6348310546771816,6.802203825796703,208
6,T,658,False,6.399187580668537,1.5985323955374144,1.598551414712448,3.554160662460313,464
6,T,608,True,7.0758708721751145,1.6071891590376817,1.607208075771409,8.730117045598453,30
6,T,662,False,6.153594239124391,1.703793940957122,1.703811785127332,6.497834250998319,242
6,T,785,False,7.765330702854281,1.4386637265444249,1.4386848591582784,7.5771814234698756,118
6,T,396,False,5.986530595540291,1.6313941968543544,1.6314128329232451,5.444775966445443,343
6,T,610,True,6.377423905382009,1.6092903832813952,1.6093092753161413,9.619012907829202,11
6,T,644,False,6.832633938602903,1.5569979435917576,1.5570174701157165,6.811635610566771,207
6,T,405,False,6.034180956909378,0.4096261934891933,0.4097004079678589,6.617758140741003,234
6,T,600,True,6.185929651563978,1.678755873808367,1.6787739841153952,10.94347456394026,2
6,T,323,False,5.5919096059819875,1.585609976436278,1.5856291506120965,4.936577121945041,400
6,T,763,True,7.767853823975531,0.8005253561271035,0.8005633339711542,8.970986711716806,26
6,T,634,False,5.98578617974719,1.6803745827589671,1.6803926756204803,3.1557630386241673,470
6,T,812,False,6.22873955801683,1.6690833451118199,1.6691015603690047,4.646701452959932,415
6,T,229,False,6.533253625325221,1.5684259017912265,1.5684452860416287,4.314191147486017,436
6,T,332,False,6.092488718765118,1.6077422368752974,1.607761147101574,2.950449595223328,473
6,T,796,False,6.305757810624337,1.5168098516347184,1.5168298955099482,4.285624936473342,440
6,T,130,False,6.2146536114633175,1.6910998367744117,1.6911178148890238,3.7592169951953687,456
6,T,456,False,5.763024409629171,1.5894667505217748,1.5894858781728243,5.030671670912161,390
6,T,125,False,5.997941994103577,1.5873028472614432,1.5873220009881008,8.1702017674539,74
6,T,477,False,6.002034372764746,1.598677375731866,1.598696393182117,7.851499061933031,92
6,T,352,False,7.344086629887527,1.1984899932406536,1.1985153606836108,6.109155673086345,283
6,T,844,False,6.644898617814065,1.6509867231205446,1.6510051380346755,7.653151694104338,110
6,T,505,False,7.446133545642462,0.5459907512370855,0.5460464323965691,7.5653060796489155,119
6,T,198,False,6.162609287290671,1.702317682548016,1.7023355421926172,4.944838950829691,399
6,T,329,False,6.677783228449161,1.563371064292816,1.5633905112174107,5.164707983429348,375
6,T,99,False,5.5304131127591,0.719352435501278,0.719394698589171,5.52357392314496,332
6,T,368,False,6.370899854845481,1.1513767994820154,1.1514032049121772,5.986973084467099,298
6,T,262,False,6.366483772884623,1.6509296233582818,1.6509480389093116,4.584024009612216,421
6,T,659,False,6.411513040048555,1.6029911782345825,1.6030101445076632,3.886863854510087,454
6,T,293,False,6.144076840236426,1.6493217158177111,1.6493401493216802,4.742646842073314,411
6,T,804,False,6.995522087483218,0.33469991248882847,0.33479073660514175,7.327693156343534,155
6,T,726,False,6.5855904389935995,1.34964333065571,1.3496658571216886,7.485509791393709,131
6,T,517,False,6.4636068483521365,1.5106042826613182,1.51062440887578,3.575584452360384,462
6,T,717,False,6.293672858072198,1.6924323601989841,1.692450324158818,6.174612936325323,276
6,T,0,False,6.208987841781658,1.5985985234075129,1.5986175417958057,7.370941542058889,144
6,T,79,False,5.720401080159098,1.1395518101414188,1.139578489571108,6.066346416403403,287
6,T,100,False,5.583798739200942,1.097326342836271,1.097354048873475,5.322834462727977,359
6,T,371,False,6.346465332390174,1.5898181006162093,1.589837224040095,6.812028490094358,206
6,T,492,False,6.084533821215348,1.4918686076697356,1.4918889866364116,6.0752037225586095,286
6,T,188,False,7.186536429505573,1.4642618896048942,1.4642826527845911,4.656211518858088,414
6,T,121,False,6.555759801750573,1.5956255985375296,1.5956446523599275,4.946339841254647,398
6,T,157,False,5.418382730460445,1.5449851522390885,1.545004830586566,7.563973843971516,120
6,T,52,False,6.3598533098271215,1.5016945724432047,1.5017148180669868,8.491169987185536,43
6,T,273,False,6.465272241407396,1.4969536253475344,1.496973935089623,7.616250740835012,115
6,T,596,False,6.441918530638801,1.6870825422834055,1.6871005632071914,4.6459451634659645,416
6,T,367,False,6.577298601905679,1.3770750022466869,1.3770970799872086,6.001798790720377,294
6,T,805,False,6.90566528706635,0.5898062490370237,0.5898577941332195,6.53095649014723,238
6,T,114,False,8.594735153461723,0.17261722289082496,0.172793262412412,8.702707892367103,32
6,T,542,True,6.458022398778969,1.523771496900872,1.5237914492029767,8.802733023994826,28
6,T,784,False,7.673885937756544,1.0652944396640613,1.065322978760784,8.670573720557204,34
6,T,733,False,6.34386046472175,1.645242846177281,1.6452613253808965,7.6507880007283,111
6,T,826,False,6.441916489120739,0.8851813999607735,0.8852157458682594,6.731643976389258,217
6,T,625,False,6.748704080371728,0.9507811050104148,0.950813081284334,5.493381185646433,336
6,T,597,False,6.397837024377782,1.6903204783747634,1.6903384647784814,5.07962695280714,384
6,T,721,False,5.996832274619395,1.54024430081944,1.5402640397358336,4.308041110206202,438
6,T,425,False,6.138758680994525,1.5822381255966609,1.5822573406333809,6.092923923991269,285
6,T,80,False,5.504710683905297,0.5348654169996769,0.5349222562193708,6.132708688590354,281
6,T,583,False,8.096937291818005,0.79576966319868,0.7958078679957397,8.294707089326153,59
6,T,695,False,6.323137687989032,1.518263088832657,1.5182831135227266,3.554163428957727,463
6,T,510,False,4.004090659182053,0.45791375826442576,0.45798014793704206,4.4008368767134245,432
6,T,511,False,6.477542314081084,1.6021576851933312,1.6021766613331494,4.282672626336809,441
6,T,230,False,6.5474211141942735,1.56686579260966,1.5668851961604853,4.253163556003935,442
6,T,621,False,6.973956519103542,1.541149461253598,1.5411691885769194,6.64831786328072,230
6,T,48,False,5.097850482259546,1.266658715523351,1.2666827177742062,5.056745288870951,387
6,T,609,False,6.4522375286292935,1.6035802419874532,1.6035992012934912,8.728589382157491,31
6,T,827,False,6.895660961978521,1.0884091913620775,1.0884371243843327,6.796037387119691,209
6,T,235,False,6.059839652725037,1.6215089507181215,1.621527700397242,7.339441692032522,151
6,T,422,False,5.654052533851052,1.5699236574816353,1.5699430232390916,5.433174096121926,347
6,T,603,False,6.036066330717565,1.6827985825376717,1.6828166493374677,7.163248257252324,174
6,T,123,False,7.237126334391964,1.4248314029577565,1.4248527407248628,5.653680111695532,318
6,T,145,False,6.395752008732186,1.6366905812744688,1.6367091570371148,6.635573981054058,233
6,T,814,False,6.288497749406639,0.058192298886112125,0.058712430934466854,6.236770763819725,268
6,T,574,False,6.687321356178819,0.7570475504038127,0.7570877092312338,7.197624380974353,168
6,T,204,False,6.653000323103622,1.4724634606314844,1.4724841081626079,4.577264827784155,422
6,T,173,False,6.100151846918174,1.439370346440418,1.4393914686799394,5.21760935934592,371
6,T,153,False,6.826586511717876,1.590095966931554,1.5901150870136973,6.666774557097957,228
6,T,155,False,5.356138149598122,1.6038273649678987,1.603846321352659,5.424398110532341,349
6,T,242,False,6.538999032354559,1.6577048933327285,1.65772323361768,7.0703681418426205,182
6,T,325,False,6.85461068499656,1.6271745429728925,1.6271932273690257,7.698152432969526,107
6,T,607,False,7.119858389321409,1.6035647202411818,1.6035836797307348,8.181701948762619,71
6,T,106,False,5.730530149338772,1.328272971914748,1.328295860799024,7.002439520534487,188
6,T,602,False,6.973480948175247,1.557057297286255,1.557076823065889,5.26226263120118,363
6,T,251,False,7.389005237847378,0.4592993796929302,0.4593655691090642,8.072730253715807,78
6,T,375,True,5.621959940364536,1.5354672003873204,1.5354870007140602,10.31452808701929,3
6,T,253,False,7.372294995178972,0.4939762091063833,0.4940377526664306,7.49128178260809,129
6,T,172,False,6.229706098215395,1.3532112421545615,1.353233709227669,7.058774027765738,184
6,T,318,False,5.354810532783067,1.4915963001242394,1.4916166828112725,5.858060251158374,308
6,T,857,False,6.8769845824233515,1.4884886568407527,1.488509082081857,7.331897674125521,153
6,T,507,False,7.4701651648360565,0.2772461240786849,0.2773557628989119,7.602386898846129,117
6,T,379,False,6.417954402507816,1.6387345067428636,1.638753059336995,6.685466472897691,224
6,T,788,False,7.6710886677589984,0.27040864521066516,0.27052105519025926,7.5587738774922775,121
6,T,161,False,7.310167402186187,0.6084614429050953,0.6085114077802769,7.414290875091412,140
6,T,436,False,6.238645596194887,1.681425947219214,1.6814440287677181,8.39650842461184,52
6,T,808,False,7.12775795628533,1.057109249987311,1.0571380100560752,7.3517520516801635,148
6,T,334,False,6.849687474982149,1.6002064307254786,1.6002254300040855,8.099511224169056,77
6,T,722,False,5.98784182330405,1.5416549784255273,1.541674699280233,4.359915813939084,435
6,T,296,True,6.27055708541696,1.6578680110810582,1.6578863495615277,9.127015416283502,21
6,T,141,False,6.4334847644696485,1.6864857342469617,1.6865037615478649,6.144682419600105,279
6,T,465,False,7.880129594443921,0.40040078001509355,0.4004767041080908,8.2949094281917,58
6,T,557,False,7.148712089258856,0.5926012865201397,0.5926525885220688,6.668210222130321,227
6,T,489,True,6.743378363414797,1.6475800631901525,1.647598516179913,10.303949931552907,4
6,T,61,False,6.669860306772763,1.499308330348033,1.4993286081935442,8.432586940479908,48
6,T,468,False,6.3830525637811135,0.9345432313718762,0.9345757632207098,7.7147655122976495,105
6,T,459,False,5.196243162285338,1.5325209016230725,1.532540740015801,5.48602977521339,337
6,T,345,False,6.16102464381542,1.700527188711626,1.7005450671605413,7.4580383752508626,135
6,T,58,False,4.825180914919777,0.10547917451859322,0.10576701826991144,4.888084481779903,403
6,T,663,False,6.156043073007786,1.7037137691523565,1.7037316141622523,7.342283231063505,150
6,T,502,False,5.428750179009068,0.17459173412183981,0.17476578475278032,5.480739475596949,338
6,T,779,False,6.124051686393849,1.6467324994850328,1.6467509619723342,5.142752074396265,378
6,T,176,False,6.04911964712104,0.4206773858965615,0.4207496511006854,5.722923307420842,313
6,T,553,False,7.116717043962818,1.5845184462880106,1.584537633672219,8.661785898687114,35
6,T,782,False,7.225941918165579,0.15525885819558902,0.15545455588300378,7.115068235057678,180
6,T,137,False,7.17958092693759,1.5755571584167907,1.5755764549316469,6.8238465016378544,205
6,T,756,False,7.455039021187852,0.3662358260621213,0.3663188313313804,7.641562521946353,113
6,T,790,False,6.289348249365674,1.629055682914528,1.6290743457352408,6.7565421156195935,213
6,T,328,False,7.607595459117198,1.393346428154651,1.393368248076548,7.928636677437738,87
6,T,690,False,5.725397971067777,1.6423862875071764,1.642404798850816,5.38126826021932,352
6,T,573,False,6.731196055220967,1.3788145290739544,1.3788365789614137,6.958254877023185,192
6,T,343,False,6.220462611399976,1.408598517586011,1.4086201012487687,6.209156146929112,273
6,T,97,False,5.767038978862139,1.2108665923590916,1.2108917005198698,6.218202409063981,271
6,T,520,False,6.361177259825224,1.5251576302056677,1.525177564374441,2.8434903628529162,474
6,T,90,False,5.585264571913816,1.1175992082220403,1.1176264116936012,5.666161203392131,317
6,T,423,False,6.188755438109938,1.682958497529259,1.6829765626123632,5.988106528230786,296
6,T,736,False,6.509559694237838,1.653717046391838,1.6537354309028782,7.99630158535437,81
6,T,685,False,6.354471720841368,1.62481897090383,1.6248376823872486,6.331415869150496,259
6,T,618,False,4.913681974501788,1.3900269314585265,1.390048803487342,2.707457473706917,477
6,T,102,False,5.807847178895811,1.3359394953643164,1.3359622528989539,7.464725154392209,134
6,T,207,False,6.67304694233947,1.54005396148647,1.540073702842417,7.795797151911362,95
6,T,508,False,6.092943312532758,1.5302325719909518,1.5302524400498851,8.495325052081926,42
6,T,739,False,5.702726308178301,1.5237335272542847,1.523753480053571,7.363703646538241,145
6,T,475,False,5.749798123759813,1.570740613139968,1.5707599688252518,6.044277335958646,290
7,T,196,False,4.3302497086662,0.655737418444424,0.6646559156196181,4.564584574148241,379
7,T,491,False,6.283498691930468,1.5572199795683177,1.5609964730859411,7.775987631960412,69
7,T,45,False,6.064168508310271,1.4578042129702347,1.4618375585453265,6.920857193150842,143
7,T,14,False,5.895357650784438,1.6819720351165446,1.685469030013333,6.967983992271696,135
7,T,382,False,6.347055298233707,1.6086318976199283,1.612287972497558,6.488147530035376,199
7,T,82,False,5.726909714445995,1.1323701142311282,1.1375579105363443,6.251393007025232,223
7,T,132,False,5.970899097563819,1.4540552551438748,1.4580989710000876,6.622676109429364,180
7,T,10,True,6.836004323928741,1.4443991743629543,1.4484698475012794,8.352082044045247,30
7,T,577,False,6.647287303166984,1.3047929362866675,1.3092977242795385,4.75169117034694,366
7,T,862,False,7.498217389582393,0.9856202901737874,0.9915761597690094,6.9318125866858225,140
7,T,636,False,5.069115457567645,1.189276538611419,1.1942171534153883,3.725574846199173,417
7,T,391,False,6.724479471489069,1.4342387442033846,1.43833817289054,6.316021343688004,209
7,T,133,False,7.375046865726062,0.4169339190399564,0.43082457806630786,7.686542504245507,75
7,T,250,False,7.333190939459969,0.4182449189072189,0.43209343481670875,7.368641337381139,97
7,T,679,False,5.679639574402882,1.649489766926205,1.6530554786256453,5.889903107653185,271
7,T,488,True,8.019895490024576,0.3442132825004323,0.36091371277594547,8.411071126442616,28
7,T,692,False,7.1656946189984385,1.5056356536836715,1.509541203764724,3.5101348461540924,422
7,T,7,False,5.558287249089276,1.5187898172676138,1.5226616279580263,1.2889357806442039,451
7,T,746,False,5.750076729904616,1.455488359171527,1.4595281045268773,6.0227885044001095,256
7,T,283,False,6.839176527684503,1.2026253620459655,1.2075113604667183,7.305622465949545,102
7,T,197,False,6.11198968805701,1.6434962912746152,1.647074978151696,5.861976267132553,275
7,T,853,False,6.320626718576534,0.3130041809604021,0.3312816649298409,6.164186409699001,232
7,T,516,True,6.479571579801954,1.436162836153931,1.440256788274125,8.781720473637538,8
7,T,538,False,7.0252364637203,1.2925585857961748,1.2971058638119723,6.850286645266105,153
7,T,170,False,6.742620708888621,1.264968815937373,1.269614913867191,7.52745012169677,83
7,T,392,False,6.743122673445295,1.4874831872797067,1.4914362730803452,5.69969801832495,289
7,T,829,False,6.471340179074807,1.2483546788678255,1.2530623801196759,4.487065225834327,385
7,T,215,False,6.069347217970447,1.5860912493561703,1.5897991620026137,1.3165143763126368,450
7,T,725,False,6.039167006167729,1.402494825757756,1.4066867670157681,5.971723731459289,262
7,T,747,False,5.770678574972623,1.4553273526553223,1.4593675437006075,6.093344728700537,240
7,T,822,False,5.832849206433855,1.5921628319099606,1.5958566375259216,6.897686519886893,146
7,T,819,False,6.61644461043983,0.171046052850865,0.20256523990027542,6.721100946737744,168
7,T,745,False,5.693619444866485,1.4732517455188197,1.477242914992062,7.122783546372832,123
7,T,419,False,6.297198105129549,0.14326458840619413,0.17972386183028521,6.249552749690953,224
7,T,77,False,6.648332292486166,1.438688581492988,1.4427753666937557,7.31996747444482,101
7,T,776,False,7.399474157067984,0.3794190035044388,0.39463236618439773,7.052183095155207,132
7,T,752,False,4.974026647280402,1.4219011745568213,1.4260360705206805,4.316480088200917,397
7,T,547,False,7.204274065007838,1.2051314405291411,1.210007319470357,4.913838699540324,349
7,T,166,False,6.14073264714938,1.2977195295953257,1.3022487864126073,3.0427680815794327,437
7,T,398,False,7.759012206617406,0.3384047448210688,0.35537824291507764,7.520347845285387,85
7,T,652,False,5.397211528509275,1.482373397481352,1.4863400733951844,4.755778401449902,365
7,T,735,False,6.759004674273408,1.525015029903069,1.5288710755489665,7.253909553148913,108
7,T,854,False,6.267964935944929,0.19394669863775654,0.2222414140804544,6.307585215289525,211
7,T,797,False,6.1163074696836635,1.453523849125265,1.4575690392554042,6.5267813735781415,189
7,T,501,False,6.328934671354626,0.49201427986411506,0.5038392360765475,6.285707205868913,216
7,T,300,False,6.34669678470876,1.5776125380951267,1.581340331672769,4.462925922060347,387
7,T,849,False,5.78694855816331,1.5067369800337898,1.510639682790486,4.008035603897445,405
7,T,165,False,7.35089346733511,0.382071539904645,0.39718331513937233,7.9860712165811,50
7,T,762,False,7.9654865574918166,0.3731405875752789,0.3885998228460992,7.6831256634163685,76
7,T,469,False,6.469532624013212,0.8334021566713372,0.8404374331051845,6.083687800080493,241
7,T,806,False,7.174754904962728,0.9524150624902242,0.9585772663057752,7.407376845635433,94
7,T,773,False,5.708904810445112,1.4037883252431207,1.4079764153951162,6.081595279603064,243
7,T,451,False,5.733560276466745,1.6616105345075094,1.6651502912969527,5.911088028046037,266
7,T,222,False,6.4322595915296885,1.3262706876126191,1.3307027696072646,7.134078138682641,120
7,T,309,False,6.038041822199135,1.6544013616995266,1.6579565102297595,4.993487847036015,343
7,T,236,False,5.882584272587722,1.1394409298548762,1.144596678681421,6.716963462556198,169
7,T,846,False,8.083520046739727,1.0271787740361742,1.0328950372861965,6.793774698824459,160
7,T,355,False,7.071185030211365,1.324247975420598,1.3286868045651496,7.855701441053313,60
7,T,830,False,5.923880893612388,1.6812872059941923,1.6847856223447994,6.376017246884929,204
7,T,255,False,6.104816291764781,1.5024750967014413,1.5063888410460298,6.26299961934243,220
7,T,654,False,6.8798689930913115,1.5968374073756417,1.600520424678847,6.308459057493747,210
7,T,163,False,6.138104266791884,1.2990581872024982,1.303582792904937,3.3697711039238394,426
7,T,606,False,5.560870891641676,1.3726510183966691,1.3769338192249503,6.067171213793642,245
7,T,700,False,6.172881751534141,1.6016702973062962,1.6053422269077813,4.650946841941803,371
7,T,781,False,5.0060508075128425,1.179255123880263,1.1842375485593464,3.46533680746555,424
7,T,284,False,6.056695847408376,1.5949271420334075,1.5986145603662092,6.54204917297686,186
7,T,653,False,5.929565545779602,1.465753953573545,1.469765483550513,6.508352754171218,196
7,T,834,False,6.289616486276532,1.6122996129395901,1.6159473896464414,6.684385001447587,174
7,T,443,True,8.386486305784178,0.31061833764723673,0.3290283816067058,8.577055320176575,21
7,T,523,False,5.748699569433221,1.5508212038910083,1.5546132415034781,4.910022077064807,351
7,T,718,False,5.940355570052108,1.6693461607431133,1.6728695491901835,7.016714426400505,133
7,T,350,False,5.370359828565188,0.7363865789834348,0.7443393835656701,5.557433166672558,305
7,T,187,False,6.828946412200408,1.6052116039283548,1.608875451241095,5.768976820039571,281
7,T,835,False,6.9535647516367565,1.6063226268212187,1.6099839457764216,6.150182736130159,236
7,T,684,False,6.62686505614106,1.4620144251425178,1.466036187665503,2.001838800551292,445
7,T,53,False,5.202444293551893,1.3968224500831496,1.401031363416354,5.271721258258851,324
7,T,670,False,4.920493968370832,0.9624804956099986,0.9685786641515823,3.2541874294026476,430
7,T,285,False,6.102335752987878,1.6711904132755384,1.674709921641375,5.660039111211531,294
7,T,231,False,6.076049752091007,1.3992620383652656,1.4034636355211036,6.556530084604692,185
7,T,761,False,5.760074195115238,1.5477736935092266,1.5515731792407308,4.238740862605873,400
7,T,277,False,5.3592759831017265,1.5990128590799104,1.6026908771571968,5.896636429853701,270
7,T,807,False,7.88726765623116,1.1813129799592672,1.186286761639124,7.681314454393053,77
7,T,544,False,7.269688378335379,1.1064395611750029,1.111748364852914,6.893638105967841,147
7,T,357,False,7.151056411702452,1.3204611319785016,1.3249126481719242,6.5787691113387545,183
7,T,98,False,5.71254073998669,1.1492264465996167,1.154338490124962,7.416288759423719,93
7,T,624,True,7.459325305729127,1.563012833971414,1.566775364683574,8.684249908859695,15
7,T,449,True,6.312238956812931,1.6292996838100033,1.632909484289736,8.935772694948636,6
7,T,680,False,5.624753001541552,1.6405580856101327,1.6441431678782656,6.798365747276977,159
7,T,168,False,6.9412202055256635,1.164546472623302,1.1695915573906006,6.8114040949521,157
7,T,512,False,6.3170377543601965,1.4530889861541292,1.4571353835187828,6.734408265479526,166
7,T,727,False,5.434405000965128,0.1963544269901427,0.22434568241582567,5.2322440129053165,328
7,T,219,False,6.52111920841728,1.3409781959609548,1.3453618272653243,5.760559384623368,283
7,T,232,False,6.216122460361682,1.553707927356405,1.5574929366613932,6.944913149927791,138
7,T,267,False,6.274026541849507,1.6029002036928055,1.6065693222573474,4.722025780358088,368
7,T,272,False,5.900990344775515,1.597247517024778,1.6009295908508323,6.022999594224419,255
7,T,734,False,6.080059699545725,1.266640070025809,1.2712800601028011,4.32515435500811,395
7,T,742,False,5.697816832667439,1.480939394326965,1.4849099009332227,7.244944094486435,111
7,T,246,False,5.656266137555841,1.477262579116877,1.4812429415457284,5.569284045590928,302
7,T,810,False,7.180838518795814,0.971229349063725,0.9772729264144906,7.131561761074898,121
7,T,639,False,4.733932260594232,0.37753186016371043,0.3928183163482409,4.594556254486797,377
7,T,559,False,6.654108997502919,0.5649148692341316,0.5752431952677156,6.71387107446457,171
7,T,223,False,6.618366064412766,1.3949977510026492,1.3992121531499233,4.270609061614779,398
7,T,270,False,7.300578340131315,0.9303275104784311,0.9366350415038883,6.298654654448555,214
7,T,47,False,5.436264709722658,0.16822973125340607,0.2001928237914348,5.289184669420388,323
7,T,249,False,7.394863516929668,0.21031827716874565,0.23666368950733563,7.0690915320855945,129
7,T,582,False,8.085438178691886,0.6979890273755788,0.7063742680454191,8.11577606250408,41
7,T,552,False,5.205804824160816,1.398109763217529,1.4023148128092247,5.103776050641531,336
7,T,340,False,7.3271641778219925,1.2993924463229085,1.303915892142215,8.330593387579007,31
7,T,498,False,6.3572363653543285,0.5454445897871258,0.5561346282583394,6.499539216263223,198
7,T,550,False,5.178916499995054,1.3885656949366545,1.3927995596549094,5.571134784236149,301
7,T,515,False,6.290656028825251,1.4693935025925544,1.4733951234075706,4.911256066198186,350
7,T,124,False,7.386627646008896,1.2589562276283603,1.2636244328534596,7.828570976369128,61
7,T,308,False,8.011523158823746,0.456094033670393,0.46882586508182844,8.032803988876756,46
7,T,588,False,7.873483913709678,0.6036521831078336,0.6133285272925505,7.242793089420386,112
7,T,260,False,6.1163132021452835,1.3925531652166587,1.3967749432800298,4.434279069257534,391
7,T,122,False,7.0754050016913235,0.6217507480229412,0.631149678671456,6.326148526016631,208
7,T,480,False,6.671870490519915,1.5316047435225604,1.5354442401470667,4.957308203562693,346
7,T,103,False,5.956398055684267,1.5925829247178975,1.5962757582332094,6.4836538149705385,200
7,T,247,False,6.594285907226422,1.5558972887808107,1.5596769849733223,5.992296697390905,261
7,T,521,False,6.575549190084428,1.440619136495735,1.4447004605307332,6.625323120584963,178
7,T,142,False,6.1670441214722835,1.5534343730679703,1.5572200472794695,7.994561850382074,48
7,T,220,False,6.52111920841728,1.3409781959609548,1.3453618272653243,5.760645747061683,282
7,T,192,False,4.719420202340688,0.12970440634758781,0.1691128535800145,4.7631236710864675,363
7,T,83,False,5.819667197657792,1.2503058795308208,1.255006261581724,5.855010267109869,276
7,T,164,False,7.389825373456127,0.3413799088634301,0.35821245985531985,7.708248844214898,73
7,T,513,False,6.239371563003381,1.4540596528240415,1.4581033564842951,6.163108045010349,233
7,T,115,False,5.96733783946904,1.6413637192534245,1.6449470456830608,2.8597641119046093,440
7,T,551,False,5.202936985828202,1.3869121033044458,1.3911510006150867,5.1183334733367225,334
7,T,743,False,5.694473708088319,1.481056290169382,1.4850264842319438,7.255064895789253,107
7,T,131,False,6.16393101770322,1.561725112394224,1.5654907380443828,6.778529356954813,162
7,T,203,False,6.232823174156261,1.4242634385014785,1.428391496219454,3.2498921014859747,431
7,T,741,False,5.492786677431537,1.5588051395623919,1.5625778020137504,5.671467838875896,291
7,T,314,False,6.08283665683604,1.6277092576564574,1.6313225774446116,1.7456493669490758,448
7,T,159,False,5.668534896572131,1.6488321216006414,1.6523992524332816,6.059341747188883,247
7,T,651,False,6.730281399355341,1.3918988248891426,1.3961225816337803,4.817285555828995,360
7,T,279,False,5.7927008886902085,1.573785011987431,1.577521850300741,6.083631197724642,242
7,T,385,True,8.53625085332133,0.14354904666706647,0.17995069607817268,8.483022398661964,25
7,T,218,False,6.431571642688646,1.448087081876835,1.4521474170753335,4.624659181584187,374
7,T,401,True,9.160844226006853,0.972513857926455,0.9785495021096235,8.80298316452146,7
7,T,454,False,5.196738413500953,1.3713718442311575,1.3756586274835634,3.944845876070406,409
7,T,407,False,5.090258388684738,1.4723182160743713,1.4763119093214736,4.871882572475992,354
7,T,463,False,6.050293880269811,1.6506228143702901,1.6541860837099593,3.5980917031307076,420
7,T,62,True,7.571655010368988,1.1961170575362219,1.2010295331710645,9.04317433037828,4
7,T,360,False,7.002059507353982,0.968298413919094,0.974360170890738,6.72803207925714,167
7,T,239,False,5.050495437821633,1.2637890454473888,1.2684394647017323,5.883313923792083,272
7,T,566,False,5.9146228671473615,1.6822856371056458,1.685781981464965,5.751497637176755,284
7,T,234,False,5.428649351387422,1.4994951897273714,1.5034166914849392,4.9068106351454,352
7,T,793,False,6.3300961008202865,1.1577406227606506,1.1628152363166793,7.121683406961471,124
7,T,586,False,5.923651311358567,1.1268712086493435,1.1320842040691266,7.26132992752853,106
7,T,259,False,5.8842744384866394,1.4948621058582165,1.4987957298280699,2.7852023950513267,441
7,T,216,False,6.527572864216972,1.339618403166764,1.3440064695986644,5.58489168999279,300
7,T,447,False,7.036992792105678,1.4605495567396007,1.4645753418353866,6.526954945964331,188
7,T,354,False,7.614180090917925,0.8840687309162981,0.8907039043385568,8.213020188165602,35
7,T,775,False,7.400813054807779,0.35383126357876143,0.37009794285531794,7.24505202932242,110
7,T,613,False,6.151516359001999,1.4388724068952137,1.4429586714609743,8.00738570415932,47
7,T,281,False,6.886325106467262,1.2870502700995854,1.2916169408858846,5.423765450818599,314
7,T,356,False,7.33949686268625,1.0671074016215811,1.0726108944139798,6.510547226467717,194
7,T,319,False,4.683945779859029,0.24895533765757577,0.2715781367639759,4.744864604727814,367
7,T,324,False,4.943575906542113,1.1670178130372135,1.1720522599978878,3.185998801331147,433
7,T,167,True,6.914188261255694,1.092885701046438,1.0982600237520073,8.99793613408154,5
7,T,369,False,7.176441406624992,0.321929726427485,0.3397273509414139,6.869168108597073,152
7,T,387,True,7.4774954928179564,1.5588629574304587,1.562635480292455,8.589512965660138,20
7,T,494,False,5.657562489342949,1.3738423093903624,1.3781214080374196,7.994248605895053,49
7,T,221,False,6.55239109122973,1.3363800054221366,1.3407786704419433,5.663868756813176,292
7,T,299,False,6.066397264371432,1.5020267043438758,1.505941614001725,5.246428108991853,326
7,T,576,False,6.682623610896291,1.2879677747715506,1.292531203905722,4.460602362819582,388
7,T,801,False,6.304226792335122,1.321061291894676,1.3255107925484522,6.20020655369422,229
7,T,162,False,7.252609983365599,0.5237672984523888,0.5348907431879046,8.193261843364235,37
7,T,341,True,7.40433732596635,1.2801009514603179,1.2846923250917344,8.690446304605143,12
7,T,353,True,7.012206392340686,1.3688880969677426,1.3731826339711566,8.63302872389691,17
7,T,373,False,6.357599712106931,1.6465552125557281,1.6501272654599808,4.614525158761658,376
7,T,237,False,6.122134166135087,1.417103307267888,1.4212521618944267,6.236946344658534,226
7,T,453,False,5.081681962544312,1.4513149355235198,1.4553662653413517,4.456585543077349,390
7,T,442,False,5.342460654365068,1.578461157927794,1.5821869520719567,5.537779722482697,308
7,T,473,False,5.490859870006615,1.5693377066115375,1.5730851094625349,3.1836076469429995,434
7,T,565,False,5.90963593645785,1.5845534438298203,1.588264946592016,3.577282521128198,421
7,T,800,False,6.239813135898349,0.2754304525918339,0.2960369207293876,6.023834669608975,254
7,T,794,False,6.258034994666416,1.448668059115992,1.4527267704984619,7.262720749044034,105
7,T,331,False,5.9465031304878,1.6011644855840572,1.6048375725024804,6.591024827821565,182
7,T,21,False,5.857357291845311,1.5929730416789933,1.5966649729157394,6.922292641634028,142
7,T,780,False,5.911618916752622,1.5302905943668188,1.5341333799339438,7.42229690514524,92
7,T,792,False,6.454174891687589,1.1808699542230827,1.1858455940833195,6.050072856632315,250
7,T,15,False,5.430123370289401,1.502722142358133,1.5066352449592475,4.840137449535754,357
7,T,567,False,7.572739427882533,0.32190389485549814,0.3397028727331208,8.054580801649182,44
7,T,186,False,5.772911979906958,1.3860932693126076,1.3903346631130609,7.8263967522496936,62
7,T,758,False,5.5634201927917,1.5139740414341267,1.517858136439759,3.9752746754627193,408
7,T,458,False,5.385040063207273,1.4495462633143046,1.453602522599785,5.603817285911516,298
7,T,549,False,5.575017100272843,1.4961986853419793,1.5001288045494836,5.0238178888761436,340
7,T,258,False,5.918643619002499,1.4977741396752444,1.5017001357461195,2.9332304869071573,439
7,T,134,False,5.807321079363593,1.3459800004177853,1.3503473944673114,6.920262527923677,144
7,T,678,False,6.167069585327085,1.6530297125477127,1.6565878047316323,5.187161554403113,330
7,T,723,False,6.764411217981543,1.1861755591961007,1.191129036441551,7.890846904208152,57
7,T,205,False,6.491384331715862,1.2487769331785967,1.253483048572631,6.081432192454001,244
7,T,304,False,5.502295409820536,1.567775596973138,1.571526724775775,5.378157293598154,318
7,T,698,False,5.300748971326013,1.618120774068054,1.6217554574258704,6.371674973549327,205
7,T,635,False,6.316619147266833,1.6076709383975154,1.6113291936745708,6.96538448591539,136
7,T,759,False,5.583289750121313,1.5111548746726022,1.515046197139468,3.830763943250187,414
7,T,208,True,6.860394937662563,1.4452692291648421,1.4493374586309193,8.698054182992008,11
7,T,206,False,6.302309318836995,1.5376864545694113,1.5415108033310183,6.5361757681892625,187
7,T,585,False,6.219862312088071,1.6353057723564202,1.6389023440468389,7.628443987856166,80
7,T,455,False,5.230112091387314,1.3663419795231049,1.3706444941074662,3.911687848723654,410
7,T,55,False,6.213002117877029,1.6357058910293902,1.6393015848733408,7.557183444359131,81
7,T,657,False,5.560598014218201,1.5019070471281541,1.5058222678766597,6.1577811568404766,234
7,T,348,True,7.344104341116865,1.153537763966112,1.1586307855032734,8.684979824481795,14
7,T,366,False,6.338304917421512,1.4064762939358322,1.4106564038147165,5.5918428594930205,299
7,T,757,False,5.628445698104097,1.6193498559791493,1.6229817867985108,6.2535240622704125,222
7,T,65,False,6.358987290015516,1.640649347298217,1.644234230579713,7.785412371707119,67
7,T,754,False,5.135030429767076,1.4435037786082634,1.4475769696552683,4.581439755265159,378
7,T,6,False,5.627963802402828,0.3046674770182861,0.32341644326268126,5.016663769042691,341
7,T,156,False,5.962485685339584,1.676290383373263,1.6797992063367801,6.048958456369467,251
7,T,836,False,6.524472103035383,1.5377489483374092,1.5415731420639123,5.994087176005928,260
7,T,105,False,5.6039819152435095,1.2982224357084016,1.3027499440785444,7.924707591076495,55
7,T,472,False,5.44845622256714,0.2610078122381425,0.28266765338350386,5.0104203295049725,342
7,T,570,False,6.545423018649607,1.3241389962930568,1.3285781895409765,4.378195546306342,392
7,T,70,False,5.4850353764603295,1.0410959487881346,1.046736212616656,4.8901773130955295,353
7,T,394,False,6.116955704176954,0.8617393386288958,0.8685451122196027,5.1969213190596495,329
7,T,838,False,6.343095086610137,0.33605937681499515,0.3531456200567666,6.272336630875973,217
7,T,495,False,6.339977191494123,0.7735835101052214,0.7811577121981901,5.770026459999321,280
7,T,364,False,6.1823450144249215,1.5321053518174226,1.5359435970398077,4.079364123855343,402
7,T,240,False,4.72563419239424,0.13032437977120598,0.16958882092503844,4.64101179238813,372
7,T,522,False,5.582699546476844,1.442091267742705,1.446168437188337,6.804475226421731,158
7,T,276,False,5.387329925136755,1.5963909283720015,1.6000749733710655,6.117089625973399,237
7,T,702,False,6.118362765761495,1.5897777742912538,1.5934771086684765,4.217344034083142,401
7,T,282,False,4.977548205394008,1.4195455377764106,1.4236872753666494,4.377626323826963,393
7,T,766,False,6.253702801399146,1.6356229718061732,1.6392188475368543,3.296515694033786,427
7,T,362,False,4.979251824274971,1.5204632436955547,1.524330803877296,3.2953851704771013,428
7,T,244,False,5.5469153024628906,1.4917981418333124,1.4957398236983994,6.509521413464016,195
7,T,418,False,7.959937033767484,0.37669081492339207,0.39201006908961467,7.806669541253693,65
7,T,217,False,6.519479909079832,1.3422086354854978,1.3465882612706221,5.898596971326885,268
7,T,564,False,6.886196341528169,1.6199542814511148,1.6235848601818732,5.133123763077434,333
7,T,126,False,5.450264853081007,1.5183581883968134,1.5222310969401618,5.112517460390653,335
7,T,460,False,5.386645140901299,1.4475501205238832,1.4516119576693711,5.607691714125088,297
7,T,291,False,6.196992850530712,1.6489832079440827,1.652550012647591,3.8574676459927324,413
7,T,847,False,6.685171242467199,1.6199181182349587,1.62354877783388,7.954659113438165,51
7,T,724,False,6.670528495273603,1.1979502362603653,1.2028552251938969,7.689077806140301,74
7,T,330,False,6.231566494332156,0.4529163029921822,0.4657350123579947,5.958344110319144,263
7,T,169,False,6.766793751744694,1.2032422192411212,1.2081257229213744,7.544705246684419,82
7,T,288,False,6.425095639800697,1.6156774580282125,1.6193176256066941,6.241053331481267,225
7,T,755,False,8.212259015473887,1.2523104404563519,1.2570033267640852,6.196618938612222,230
7,T,471,False,6.352015041773527,0.6015075368654997,0.61121783443057,7.343341586528659,99
7,T,25,False,5.979100122604291,1.6757785919782788,1.679288484314919,5.651192697566579,295
7,T,626,True,5.944854857428856,1.6652493411578921,1.6687813794643052,9.37563158685502,3
7,T,44,False,5.959670565318252,1.6131081110280485,1.616754063574443,5.444879636953978,313
7,T,143,False,6.280677004613977,1.3661660617741298,1.3704691286429733,5.510578636668404,309
7,T,152,False,6.934950222058962,1.5893252793304853,1.593025664494744,8.169533054557224,38
7,T,833,False,4.397514301693561,1.0563903817885247,1.0619494163825791,4.869369364184815,355
7,T,195,False,4.276925232678881,0.5098073101367615,0.5212287575420943,3.9988015269483688,407
7,T,545,False,6.968129374664192,1.1789107255799027,1.1838945996613583,6.816143255421734,156
7,T,802,False,6.350669565026901,1.0596617607290693,1.0652037229429057,7.800109844860751,66
7,T,444,True,8.389184230184453,0.25178870928617203,0.27417782248750844,8.736757537830703,10
7,T,50,False,5.489534832083609,1.569127821632171,1.572875724537739,3.2188808970331215,432
7,T,647,False,5.760403641040237,1.455331270180036,1.4593714503798656,6.058809109302766,248
7,T,478,False,6.481087024220691,1.500164247657763,1.5040840050245123,3.706943246570722,418
7,T,49,False,5.2695023085402335,1.4786129332539826,1.482589670342385,5.324506256660927,321
7,T,151,False,6.394535969310391,1.3054648033406282,1.3099672808819236,6.028507104098485,253
7,T,837,False,6.757372012391317,1.539551398112023,1.543371125701359,6.390305254917589,203
7,T,420,False,5.6298141572176394,1.5061436693444428,1.5100479055070861,6.165331138850349,231
7,T,4,False,5.6640145608009975,1.6207389199836268,1.6243677449917824,5.404645225934908,316
7,T,506,False,7.279363153254538,0.5635132869511099,0.5738668389011855,7.934898052274696,53
7,T,641,False,4.759445038793036,0.5157472767874974,0.5270400153059678,4.769744398797776,361
7,T,772,False,5.568098960328669,1.497183619866182,1.5011111603794036,6.574839960311787,184
7,T,271,False,7.197322392745888,1.4822847674170778,1.4862516798768288,4.496089278564952,383
7,T,689,True,6.115146365786751,1.6559391832907793,1.6594910373297376,8.601319518848221,18
7,T,696,False,6.068969542088915,1.4083085086262366,1.4124831962501536,3.9994442206113345,406
7,T,17,False,6.118837700872104,1.50834314370561,1.5122417013770377,6.44730140673048,202
7,T,656,False,5.589981252662488,1.503680157614117,1.5075907735928908,6.257547989537839,221
7,T,499,False,6.295593459209114,0.6025151861476912,0.6122095015258928,6.825711883270623,155
7,T,295,False,7.369496590100439,1.197145218505686,1.2020534923251218,8.24991901594369,34
7,T,729,False,6.0492711874864336,1.6678179963867141,1.6713446063847481,5.662339336437551,293
7,T,605,False,5.68747843364532,1.5434180027258846,1.5472281846445126,7.509681404416314,86
7,T,372,False,6.347311292975282,1.645978571016498,1.649551872620412,4.654245411259293,369
7,T,380,False,6.8899949663671896,1.5722007415875987,1.5759413364933959,7.5236216602643395,84
7,T,257,False,5.911230701908349,1.4818625785978388,1.4858306182296255,3.172119615924436,435
7,T,160,False,6.4161157754196285,1.4587663450501873,1.4627970377571449,5.028594502902526,339
7,T,23,False,5.274889627085603,1.4672174207858835,1.471224960391026,3.4944246741564458,423
7,T,614,False,6.3227430252159,0.9580327048073083,0.9641590054033631,7.758285556514221,71
7,T,560,False,7.190113076208602,0.16255685062967468,0.19544987568845779,7.169653282962738,118
7,T,248,False,7.394863516929668,0.21031827716874565,0.23666368950733563,7.069030781938734,130
7,T,337,False,6.1280350796026495,1.3922048635045914,1.3964276945785032,4.5256007807370935,382
7,T,744,False,5.694360478225392,1.4795229651481514,1.4834972627614698,7.179799188211747,117
7,T,12,False,5.903119917129469,1.6650555453319047,1.6685879938620325,6.599963357359511,181
7,T,622,False,5.540206592564644,1.4720746142520365,1.4760689665951512,3.879088257592766,412
7,T,73,False,6.34066824917598,1.3725495702205803,1.3768326866154417,4.616753892957554,375
7,T,426,True,7.473539618960681,1.2087901628125128,1.213651342821445,8.736818021706844,9
7,T,214,False,6.064012800914841,1.5875070257343562,1.591211639278678,1.529139811003998,449
7,T,604,True,8.504773344339009,0.3020379970548548,0.3209406111493273,8.432715424573733,26
7,T,1,False,6.2437159392173465,1.550062911676925,1.5538567998294892,6.928897102350598,141
7,T,363,False,5.835867879154844,1.4973325753214966,1.5012597261429819,4.527484511523859,380
7,T,88,False,5.708435079503739,1.159747350779515,1.1648132218772669,7.4355236054092675,90
7,T,750,False,5.7001234111479135,1.4781219583362164,1.4821000127979511,7.203633825088726,116
7,T,91,False,5.745118875284817,1.3325055197160731,1.3369169324583325,7.9544965872494195,52
7,T,482,False,5.765058634387028,1.5381821174442372,1.5420052369059036,5.879340688621349,273
7,T,86,False,5.494616088142963,0.4293737360588566,0.4428743946506005,6.3380517733653505,206
7,T,74,False,7.150840368790087,1.363316260106097,1.3676282935394655,6.7918758519956555,161
7,T,179,False,5.718545043644829,1.5443208092035035,1.5481287691787655,5.994714727833559,259
7,T,184,False,5.218275785648041,1.5737089859616404,1.5774460043742893,2.6734202392579625,443
7,T,795,False,6.285467578104597,1.2684638970395448,1.2730972399281777,5.471336037771168,311
7,T,365,False,6.369970263733565,1.2344896701438788,1.2392500433374767,6.007168471784171,258
7,T,13,False,7.046047410729862,1.3144698871603577,1.3189416243607444,6.908352909704197,145
7,T,558,False,6.741486677211025,1.0351372731759672,1.040809828229044,6.840490391783758,154
7,T,266,False,7.868594786843793,0.2597036495255868,0.2814638694342563,7.9012283546704065,56
7,T,503,False,5.425480791917149,0.25366753025504357,0.2759042227398643,4.960328852951481,345
7,T,212,False,5.564010040364575,1.5732988009661968,1.5770367913722456,7.120831955695363,125
7,T,823,False,5.882452279105427,1.5319710324725189,1.5358096133814603,4.358434191447881,394
7,T,490,True,6.556168791487957,1.5147384757568456,1.5186206156108137,9.682105877114758,2
7,T,483,False,5.795079423039344,1.5372733384364365,1.5410987123761741,5.89688617573088,269
7,T,66,False,4.412739036446784,1.0577412263841501,1.063293198611108,4.861627439534946,356
7,T,484,False,5.8353194652455,1.5433231701586587,1.5471335856249024,5.910023672799442,267
7,T,661,False,5.970114303515816,1.378296553288939,1.382561865895398,7.9305833028910975,54
7,T,316,False,4.741443611831396,0.2492274234459917,0.2718275792069725,4.944510474208537,348
7,T,68,False,5.442468541906856,1.4764393130975715,1.4804218890167844,4.760445200722973,364
7,T,467,False,6.346188279643117,0.714132379599397,0.7223302429029899,6.152512094979845,235
7,T,289,False,6.149329201651432,1.6699492843997004,1.673471403008449,5.5595769664448795,304
7,T,535,False,7.264107492120042,0.35656022779215896,0.37270782157501275,7.056005996044458,131
7,T,60,False,6.703996905210721,1.4095502038438934,1.41372122477395,7.105027315038261,126
7,T,428,False,6.91858099730959,1.56959226798463,1.5733390645176042,7.300078563309467,103
7,T,851,False,5.4362896572157515,1.4835653985931614,1.4875288958950952,5.557106958647814,306
7,T,339,True,7.35973855662032,1.2925873487293613,1.2971345259128657,8.38790251650967,29
7,T,519,False,4.435814887591247,0.2516932040680829,0.2740901187457382,4.317887242432953,396
7,T,20,True,6.0347278135485,1.5646712248905845,1.5684297772678881,8.41806883493596,27
7,T,128,True,8.574707358287924,0.17182738147021248,0.20322542469608756,8.589909497056537,19
7,T,349,False,7.014328102297474,1.2922501469686303,1.2967985065384837,6.737224551945856,165
7,T,630,False,5.482148698815655,1.5588972876438125,1.5626697276274442,5.637710004745665,296
7,T,675,False,6.6966953327283365,1.3421623889555825,1.3465421651574643,7.436083637868267,89
7,T,94,False,5.836762315641907,1.239112605755365,1.2438552865835504,5.872891900789078,274
7,T,101,False,5.873553197315599,1.3717735152617174,1.3760590472045466,5.937120117429999,265
7,T,201,True,7.3299961941616045,0.7130782794377224,0.7212881233084721,8.660738821506106,16
7,T,686,False,6.2512313394096015,1.5783525319478717,1.582078581906175,1.9018044524722786,446
7,T,658,False,6.4376268920605595,1.5561734003507475,1.5599524275372,6.686867925334359,173
7,T,662,False,5.768420313906896,1.6616149749457767,1.6651547222958138,8.19518663995676,36
7,T,785,False,7.901046721348095,1.3134677337367313,1.3179428712154029,7.399729452119041,96
7,T,396,False,5.068063437125181,1.4764024807130274,1.4803851557198136,5.081587196114681,338
7,T,644,False,6.653747573135692,1.5099757152071074,1.5138700686436768,7.664833597382572,78
7,T,405,False,6.016809446036077,0.3629606806570723,0.3788355578916009,5.352400066472547,320
7,T,323,False,5.49911909205502,1.5707984141367257,1.574542340514998,3.4320160036678273,425
7,T,634,False,5.646733692979838,1.6448476604010174,1.648423413491417,6.960223043291142,137
7,T,812,False,5.916609430297531,1.6255183628572303,1.6291365419160069,4.653887118011496,370
7,T,229,False,6.047175539658787,1.4045492190028164,1.4087350470622275,6.513570357369551,193
7,T,332,False,5.914117505005507,1.534004330644919,1.537837836267973,7.502711678549219,87
7,T,796,False,6.109226536605552,1.457541085784278,1.4615751574822309,6.656464856498754,175
7,T,130,False,6.048821241520047,1.6657865612055935,1.669317462831187,5.361238348776096,319
7,T,456,False,5.493107209329116,1.4994357126058129,1.5033573695092253,8.251856042435467,33
7,T,125,False,5.491643239398426,1.4739207363451257,1.4779100991765883,5.945667629836847,264
7,T,477,False,5.644788921401715,1.5311705815061454,1.5350111640929074,5.144010770893089,332
7,T,352,False,7.283940785019119,1.190708822348801,1.1956435187125232,7.7293625988321475,72
7,T,844,False,6.471561894097674,1.6198967725579105,1.623527479891711,2.569536811737089,444
7,T,505,False,7.492517928019657,0.468346138647458,0.4807536061289392,7.2319616455031435,113
7,T,198,False,5.9177901578749115,1.681342875451941,1.6848411762100892,6.1099633951841845,238
7,T,329,False,6.7422435510779835,1.45585763161274,1.4598963551379434,6.29930077111317,213
7,T,99,False,5.504325037584199,0.6976544811364522,0.7060436950145278,6.772546253439164,164
7,T,368,False,6.349780216876413,1.1208290960073495,1.1260700629519673,6.629428273755528,177
7,T,262,False,6.257397951367649,1.6147326882076534,1.61837498083303,4.838505063265398,358
7,T,659,False,6.439081802114941,1.5608730367473351,1.5646407130919362,7.076478625399715,128
7,T,293,False,6.072803293166482,1.6289632091224644,1.6325737535849807,1.8562678123692118,447
7,T,804,False,6.995934738194983,0.2992252539900337,0.3182949525917673,6.8727269886547795,151
7,T,726,False,6.788221986921618,1.154737149744938,1.1598249045528632,6.040555997097069,252
7,T,517,False,6.568466226569825,1.4230262784196794,1.4271579146306683,6.876384689355949,150
7,T,717,False,6.125932634841983,1.6531170329060616,1.6566749375493481,4.243198153959931,399
7,T,0,False,6.258011631068668,1.550252188788948,1.5540456148597823,7.253752685876842,109
7,T,79,False,5.7030911960589075,1.120157826549872,1.1254019195829232,6.270654931292659,219
7,T,100,False,5.499609708636738,1.0821087490000167,1.0875363299137994,5.546868310825921,307
7,T,371,False,6.29436003949601,1.5155328455444612,1.5194129557641949,6.334004111537547,207
7,T,492,False,5.6715767938021955,1.3771512426477672,1.3814200915529948,8.085212217784294,42
7,T,188,True,7.261804043397015,1.353194762700721,1.357538946041938,8.5084028619522,24
7,T,121,False,6.301126434214708,1.517893988113668,1.5217680780498752,6.0585526113714945,249
7,T,157,False,5.240992706512998,1.476085323795551,1.480068852231075,5.09740388055914,337
7,T,52,False,6.243714810789124,1.4456413068513454,1.4497084921786383,6.886293128146543,148
7,T,273,False,6.51830197235325,1.3936314726028023,1.3978499939725473,5.700896120457841,288
7,T,596,False,6.100589256638713,1.5809486309824468,1.5846685767141557,7.641976380924617,79
7,T,367,False,6.605404067718791,1.3263651405358083,1.3307969079647615,5.561955400699302,303
7,T,805,False,6.902941657627645,0.5100971667273,0.5215122661292005,7.3362412602247264,100
7,T,114,True,8.587675593376176,0.15569579631377437,0.18978173044256802,8.526876158240102,23
7,T,784,False,7.64110613369793,0.9356992800398933,0.9419708418455265,6.517798598492017,191
7,T,733,False,6.311525066185015,1.611697904566175,1.6153470400514542,2.983236612902432,438
7,T,826,False,6.633889794983302,0.7645719818832105,0.772234575566787,7.357599999465209,98
7,T,625,False,6.745291786983525,0.944026316316731,0.9502429216355847,6.270785634114113,218
7,T,597,False,6.033778402506576,1.5875067802454699,1.5912113943613317,7.138745848008189,119
7,T,721,False,5.811088580796291,1.4479805696511046,1.4520412026892118,6.228229928386069,227
7,T,425,False,6.087096901663876,1.531317232919512,1.5351574486209114,7.003959086498954,134
7,T,80,False,5.497264819869418,0.46322877780783944,0.4757697182559436,5.449436722461594,312
7,T,583,False,8.105214247488721,0.6896587248109275,0.6981440259200317,8.0798153261849,43
7,T,695,False,6.0826004191718015,1.409141240199361,1.4133134680779733,4.079010974102395,403
7,T,510,False,3.9756384903242097,0.3934860837221548,0.4081754797914665,3.890760672063978,411
7,T,511,False,6.263767765969862,1.5542754033172779,1.558059034047517,4.834415687580842,359
7,T,230,False,6.062929142041577,1.4029728683390585,1.4071633855084207,6.523080426491152,190
7,T,621,False,6.2859734629203965,1.2916098581463549,1.2961604645570866,6.880522983372563,149
7,T,48,False,5.049265398683157,1.2645122825672261,1.2691600517599708,5.83785741801688,278
7,T,609,False,4.85390630624703,1.0881610841899099,1.093558626396114,4.954530234596176,347
7,T,827,False,6.998533633181064,0.999466920315601,1.0053407626397863,7.447413566430758,88
7,T,235,False,5.451197004974491,1.5067781110114196,1.5106807075100737,4.976952541026316,344
7,T,422,False,5.4997743279066444,1.4965763900588498,1.5005055199837067,3.7368433640045886,416
7,T,603,False,5.608246259640564,1.6368397406272173,1.6404329491681673,5.7704035491403385,279
7,T,123,False,7.33052294982945,1.310029208771485,1.3145160524141342,8.327247405804062,32
7,T,145,False,6.182803676337482,1.3700078750195164,1.3742989128408296,5.421242720861214,315
7,T,814,False,6.290132329505473,0.11820228262902575,0.16046091062532122,6.307313945917631,212
7,T,574,False,6.722469625133007,0.6518037359469433,0.6607753282428058,6.941793618189816,139
7,T,204,False,6.739719391912691,1.3159460648412165,1.3204128027973216,5.721982507769577,286
7,T,173,False,6.086714562506648,1.4047447495735377,1.408929996726032,7.424381500926159,91
7,T,153,False,6.659247764944676,1.5301602306690154,1.534003342806348,6.777998143666647,163
7,T,155,False,5.326401723361386,1.535061843357001,1.5388927146330211,3.788245177127897,415
7,T,242,False,6.459542124819551,1.6168873792614449,1.6205248290090897,3.653340221550085,419
7,T,325,False,6.718353984938126,1.5979237840796945,1.601604303174653,5.392664244003268,317
7,T,607,False,6.214199666288852,0.42734045994811964,0.4409033827593815,6.0633386699926275,246
7,T,106,False,5.6549286111438875,1.309123649352202,1.3136135860721077,8.141271597192588,40
7,T,602,False,6.5374907750944935,1.3238618996675982,1.3283020189744112,4.48329911488832,386
7,T,251,False,7.37739651927271,0.3986543042325692,0.41315999141149795,7.1262921149783205,122
7,T,253,False,7.355910057377464,0.42730704581812445,0.44087099658041456,7.296809181588206,104
7,T,172,False,6.116950984425065,1.3278064340571911,1.332233406931259,4.487219491640889,384
7,T,318,False,5.282986828371702,1.4811780796946798,1.4851479481815992,5.289422649547644,322
7,T,857,True,6.88222435018681,1.4431839369323145,1.4472580281482117,8.688235577950508,13
7,T,507,False,7.496253269988806,0.25102425367492726,0.2734759590038025,7.8162834721095305,64
7,T,379,False,6.203128692577281,1.3730377640676303,1.377319362303396,5.674514157010236,290
7,T,788,False,7.67711086458126,0.2487554426318209,0.27139490499813806,7.8204229306021436,63
7,T,161,False,7.288904066528671,0.527698859222239,0.538741134724691,8.143799914075696,39
7,T,436,False,6.062572810240386,1.657841935718481,1.6613897219035623,3.1427206435014576,436
7,T,808,False,7.157287550569784,0.9255650508455362,0.9319048167955218,6.649973328468157,176
7,T,334,False,6.880957850196503,1.5414513350308632,1.5452663661933583,7.8624383293832025,59
7,T,722,False,5.797725637311883,1.4498002546795514,1.453855805329018,6.514022069884043,192
7,T,141,False,6.071241836684148,1.5761034377483347,1.5798347922178808,6.5013086482826985,197
7,T,465,False,7.885274116778234,0.35060152667064426,0.3670113822809611,8.045136222281629,45
7,T,557,False,7.155826522462216,0.5125673717399669,0.5239286542959954,7.216859950505348,115
7,T,61,False,6.713323922501522,1.4077440837150397,1.411920440200046,7.077550644023783,127
7,T,468,False,6.446292509836205,0.8103139680374587,0.8175479502858575,5.848574381773646,277
7,T,459,False,5.104245902706749,1.4483919171007715,1.4524514001311175,3.2651455059653536,429
7,T,345,True,5.943719778529456,1.6782599299384928,1.6817646436577116,9.862585535975,1
7,T,58,False,4.82933291077882,0.13886270988073035,0.17623500337735157,4.764621716941546,362
7,T,663,True,5.798444002339441,1.6613094808938385,1.6648498777750953,8.544322794038512,22
7,T,502,False,5.4144860209748416,0.18001843156983557,0.2101964793350707,5.244816236200812,327
7,T,779,False,5.943926160282739,1.599988608490858,1.6036643886800344,6.625066445447773,179
7,T,176,False,6.051626024456163,0.4308565958110691,0.4443121992179578,5.713098451798761,287
7,T,553,False,6.248879076832749,0.5738295386585639,0.584000225733771,7.403082806032028,95
7,T,782,False,7.230048064477184,0.16773657541110198,0.19977858481488836,7.2250068736530535,114
7,T,137,False,7.109983630327766,1.5076864659626807,1.5115867172832105,5.732327227227971,285
7,T,756,False,7.430261050474913,0.3238253408664862,0.3415241947612075,7.882465016626415,58
7,T,790,False,6.206305052126954,1.5789864062519734,1.5827109639313546,6.010866288438899,257
7,T,328,False,7.508999600733159,1.3150510198495076,1.3195207876449788,7.782628132293023,68
7,T,690,False,5.388572383986984,1.5961019943111225,1.599786704677826,6.221390679429685,228
7,T,573,False,6.802460745514578,1.291166792963898,1.2957189554346547,4.639385113374788,373
7,T,343,False,6.124318347195196,1.3916583493822017,1.3958828337740918,4.526032613202966,381
7,T,97,False,5.741821182805327,1.196986088901898,1.2018950125716712,5.253716209945862,325
7,T,520,False,6.481855718084446,1.4364653265663125,1.4405584190331395,6.700001262019343,172
7,T,90,False,5.491623294603512,1.0970136133274073,1.1023678115972226,5.47277718787101,310
7,T,423,False,5.87308106505092,1.5962945831119266,1.5999788499516094,2.7515144924279413,442
7,T,736,False,6.050170513352095,1.5910440498298313,1.5947404468185116,6.475374679503096,201
7,T,685,False,6.28436290178211,1.5908923617737152,1.5945891103886118,6.29491273798699,215
7,T,618,False,4.914956096652952,1.3043801544756588,1.3088863631385037,4.459642686165662,389
7,T,102,False,5.7545134582137605,1.3272523506947265,1.3316811655365082,7.769901627983144,70
7,T,207,False,6.331669117237596,1.4478806124665597,1.4519415250541376,4.06298528063963,404
7,T,508,False,6.003538311483798,1.4911860071431267,1.4951293028094448,6.095039943933738,239
7,T,739,False,5.333046059970524,1.4050763422922905,1.4092606046751883,5.167562553875434,331
7,T,475,False,5.663228453454264,1.5048457673510776,1.508753362128631,6.716174260323339,170
8,T,196,False,4.306624851661861,0.6224275423313796,0.6307287096644919,3.456965120746039,404
8,T,491,False,6.370453393639459,1.5248033702289931,1.528210711127248,4.93070882203388,321
8,T,45,False,6.0267543101816585,1.417698686148045,1.4213628053555665,4.772312016075149,333
8,T,14,False,5.837339611867058,1.6780596470773208,1.6811563992953231,2.820772448355864,416
8,T,382,False,6.411981927471591,1.5830091044716041,1.5862914248593616,7.335293140409375,97
8,T,82,False,5.718025419815019,1.0954199957960533,1.1001580008944982,6.267410295778201,219
8,T,132,False,6.013291052633557,1.415136101749427,1.4188068389378865,7.318016921505055,98
8,T,577,False,6.699510325735559,1.2559377456033674,1.2600723314848328,6.283966431790564,216
8,T,862,False,7.497213861494827,0.9217952327835438,0.9274206763517951,8.085196933988783,34
8,T,636,False,4.995253690167033,1.1416067099885625,1.146153802957205,6.62516362920763,167
8,T,391,True,6.818768421117175,1.3881732686882349,1.3919151136628023,8.549558196914054,17
8,T,133,False,7.108951994444726,0.2901904015909542,0.3075924721410989,7.301837557304053,102
8,T,250,False,7.338982477407658,0.394473212861633,0.4074454262937954,7.313766297301582,100
8,T,679,False,5.615580800747802,1.635670319369507,1.6388471720720934,6.7690332239696716,150
8,T,692,False,7.351082431097903,1.465309977505039,1.4688553332163692,7.180403482408396,117
8,T,7,False,5.495887592367775,1.48540853178204,1.4889060299539487,3.915164381110346,388
8,T,746,False,5.721823183289003,1.418237293886235,1.4219000251466711,8.170557815501756,31
8,T,283,False,6.846642242797666,1.152904785735362,1.1574074929400857,7.275920719687017,105
8,T,197,False,6.087949501975832,1.6271174092024792,1.6303109283422414,4.582484001804752,346
8,T,853,False,6.317697197201564,0.29437556145436505,0.3115439470185965,5.967998681010832,256
8,T,538,False,6.729031389757306,1.146967759403076,1.1514936825065372,6.55166208686449,180
8,T,170,False,6.660089498334295,1.212831087966566,1.217112117958127,6.2638677222590236,221
8,T,392,True,6.846596360537824,1.4468639360956261,1.4504543802948375,9.790800258282752,1
8,T,829,False,6.491677826270334,1.1975312628560475,1.2018667918117854,5.4704438381896825,291
8,T,215,False,5.994010216574438,1.5596598582351786,1.5629912133894197,6.196605464186557,230
8,T,725,False,6.028947903404303,1.3560140255301087,1.359844365056797,7.247438801285533,109
8,T,747,True,5.74482078894904,1.4180682092520975,1.4217313761163899,8.228858340016313,25
8,T,822,False,5.757877487576879,1.5667121025358024,1.5700284940008278,5.0004343433899185,318
8,T,819,False,6.617212355465524,0.16079316263679716,0.19041297459232376,6.720047766260119,154
8,T,745,False,5.6507955973895925,1.4377136794847454,1.4413269177809447,6.631212455393504,165
8,T,419,False,6.2980079042467825,0.13463722383140425,0.16890779077171386,6.356681171752232,205
8,T,77,False,6.71150343619672,1.396652794834172,1.4003719823891285,7.584437437327455,84
8,T,776,False,7.406853576700934,0.3580338328442049,0.3722779676578584,7.602769509569704,81
8,T,752,False,4.898877565112895,1.3784987860968538,1.3822668204846895,7.984633993891062,50
8,T,547,False,7.309124548977681,1.1341920724915728,1.1387687724226911,6.990030363292925,131
8,T,166,False,6.661683061629407,1.1429810126726598,1.1475226599386055,8.040996341568166,41
8,T,398,True,7.779379521293031,0.31778759665868445,0.33375382594429703,8.331097018156871,22
8,T,652,False,5.388959025036134,1.443611101209855,1.4472096155286847,4.681895841765376,342
8,T,735,False,7.556759387726963,1.2399272031234037,1.2441149982167161,7.378915917012787,95
8,T,854,False,6.268852490309179,0.1819749958138024,0.20860862600522256,6.552745751308108,179
8,T,797,True,6.1067987969882,1.412660990718096,1.4163381426901507,9.413593640284798,2
8,T,501,False,6.3228803997464045,0.46496543198733703,0.4760204960771378,5.687876786442135,280
8,T,300,False,6.018130699101585,1.5278273506512277,1.531227962499478,6.192282538919659,231
8,T,849,False,5.769022546655001,1.4667598917712863,1.4703017512916416,4.115306178155416,381
8,T,165,False,7.118954708562761,0.2874391511700762,0.3049982383026619,7.064447585226946,126
8,T,762,False,7.962636882267908,0.3507950100005243,0.36532150057671303,7.87181642088396,59
8,T,469,False,6.4712356560786555,0.7917899935469452,0.7983320447178762,6.144869971233256,238
8,T,806,False,7.238751427996187,0.9088884066581877,0.9145932404626729,5.560437093596736,286
8,T,773,False,5.604213441752833,1.3578132303398893,1.3616385086462555,5.015554370172667,316
8,T,451,False,5.661725702080394,1.650682886481777,1.6538309017146116,6.307696699632924,212
8,T,222,False,6.402741744227341,1.2910483330488,1.2950708312715713,4.729733690891841,338
8,T,309,False,6.036540874860222,1.6407453236144196,1.6439123689251018,2.91535782222245,415
8,T,236,False,5.891306877375109,1.0932410773918229,1.0979884849301411,6.5979116934348605,173
8,T,846,False,8.15498663078773,0.9819705549578162,0.9872531744930045,7.19003107612695,115
8,T,355,False,7.142809713418758,1.2651639877287533,1.269268519891703,7.665802323247624,76
8,T,830,False,5.88579630083937,1.6770856824214988,1.6801842297574208,6.080111851088028,245
8,T,255,False,6.023801149884942,1.4655611096805157,1.469105859341095,7.599364805071492,82
8,T,654,True,7.001265672651498,1.570491873374179,1.57380029993538,8.858335861139599,10
8,T,163,True,6.618688370895634,1.1411140636671928,1.145663111931866,8.211772498608834,29
8,T,606,False,5.515979280361036,1.3329258504885428,1.3368223452063324,2.4581361683302,420
8,T,700,True,6.1956493557842505,1.573745688574577,1.5770472890973888,8.215198820464453,28
8,T,781,False,4.934588702007856,1.1318728802540583,1.13645891997774,6.53697850233093,183
8,T,284,False,5.966117251104464,1.5607750067754116,1.5641039867979172,4.565125075603396,348
8,T,653,False,5.901697043702611,1.4175928366051316,1.4212572287015945,3.7197917632909765,398
8,T,834,False,6.287031429378445,1.5908569297430581,1.5941230914373778,6.971903742794929,133
8,T,523,False,5.7739443729354,1.5127636517796652,1.5161980496914318,5.320050148533015,300
8,T,718,False,5.841228026013196,1.6587001208707328,1.661832949101364,4.321056190701059,363
8,T,350,False,5.107788385905144,0.6011126899407309,0.6097041296810566,6.3299011387531845,207
8,T,187,False,6.970634217419722,1.5837009817408394,1.5869818711344033,4.575922307113628,347
8,T,835,False,7.082613350685678,1.5850884339090403,1.5883664574192464,3.461449293271416,403
8,T,684,False,6.671427960569454,1.4207497667234514,1.4244060374019392,4.193400763364341,376
8,T,53,False,5.144121564793082,1.353503539317373,1.3573409633128328,4.731576105565132,336
8,T,670,False,4.890434524114497,0.9259455451943415,0.9315459260860947,4.536288639300258,351
8,T,285,False,6.087511791774887,1.6626096507351216,1.665735126140983,5.887121854319792,266
8,T,231,False,6.110313876829716,1.3575081174495094,1.3613342531074668,7.987193541958782,46
8,T,761,False,5.737278094612136,1.5150207433904583,1.5184500362691327,5.801611276800976,275
8,T,277,False,5.312230857789625,1.5745187394363307,1.5778187223437694,5.913300431630378,263
8,T,807,False,7.943412615631968,1.1314608568285087,1.1360485598236796,6.624791819044809,168
8,T,544,False,7.295563916868187,1.0570905810782925,1.0619996027997354,8.075939248340482,35
8,T,357,True,7.293731221024497,1.2215105368325314,1.2257612538073033,8.412737225458848,18
8,T,98,False,5.691904698622819,1.108478120929852,1.1131605474155688,5.07035323034061,312
8,T,680,False,5.556295830258062,1.6253602755469956,1.6285572403414497,7.72407730485795,71
8,T,168,False,6.502351083033229,0.8684203088536261,0.8743892111478622,6.480701586221479,190
8,T,512,False,6.462150434637121,1.4076626871175457,1.411352861776722,6.4798089178289455,192
8,T,727,False,5.435774615714099,0.18469864868681074,0.21098874512420648,5.410073459074232,295
8,T,219,False,6.506682024894221,1.3046193126043946,1.3086000957369355,4.181809313415846,378
8,T,232,False,6.1376242355398976,1.5221973161450657,1.5256104774881414,7.9203419115751075,53
8,T,267,False,6.334519106240796,1.5767917454662963,1.5800869812491345,6.248422012757278,223
8,T,272,False,5.813299627181344,1.5731829263142947,1.5764857054185937,2.507546658323974,419
8,T,734,False,6.0492130679229525,1.2182386340433276,1.2225007276963504,6.024137776046702,249
8,T,742,False,5.650914353907808,1.4459011095770764,1.4494939387312296,6.549268100245594,181
8,T,246,False,5.622654057828646,1.441153767053833,1.4447584019606208,6.6048656359579745,170
8,T,810,False,7.238159935649691,0.927463518211333,0.9330547879708335,6.038587230393297,247
8,T,639,False,4.7313308100829055,0.3564609093701166,0.3707654779659561,4.730958268271574,337
8,T,559,False,6.627733839033407,0.5320634675815772,0.541751043632853,5.9869987999483065,254
8,T,223,False,6.620327827254231,1.3615935131886738,1.3654082008322013,6.250228813670433,222
8,T,270,False,7.364069896732926,0.8871154863948014,0.8929594312978829,6.688955141834446,158
8,T,47,False,5.436072575045837,0.15828282915186337,0.18829793877435674,5.432389936244156,294
8,T,249,False,7.393757694733563,0.19805215103802198,0.22277188842657167,7.508247793356447,90
8,T,582,True,8.098154040079315,0.6596800371358768,0.6675180979853244,8.957204829552543,7
8,T,552,False,5.148495001717356,1.3548033005508036,1.358637053419972,4.8549203412199295,329
8,T,340,False,6.563839373317563,0.18640305340555416,0.21248237117762805,6.811868589947476,147
8,T,498,False,6.357907392925066,0.5143876800452644,0.5244018927546913,5.8846476427140155,268
8,T,550,False,5.124367331065731,1.3447346630362458,1.348597039042263,4.9970208276921895,319
8,T,515,True,6.417543215492522,1.429885867847212,1.4335188365736697,8.346219704492595,21
8,T,124,True,8.15679094776272,0.7928796273014225,0.7994127614267839,8.566433710655923,14
8,T,308,False,8.018334414252175,0.42900610372285525,0.44096360028217596,7.802253373938814,67
8,T,588,False,7.864125817039428,0.5692798397149597,0.5783443573237692,8.048496746478838,39
8,T,260,False,6.153435864546923,1.3581676930654534,1.3619919758313883,6.774826551673466,149
8,T,122,False,7.087187078905163,0.5886594692524842,0.597430021410851,6.436999676689748,197
8,T,480,False,6.713691663697014,1.4909385950045175,1.4944231508566768,7.381177641829432,94
8,T,103,False,6.004757591382908,1.5712900288695968,1.5745967784062598,5.994541543639473,252
8,T,247,False,6.383251742144246,1.516222384286923,1.5196489655032421,6.051291414947389,246
8,T,521,False,6.579936134679605,0.9905392631048785,0.9957764264606334,6.237249091489419,226
8,T,142,False,6.118483826340384,1.5176831899434216,1.5211064804211416,6.13619476342323,239
8,T,220,False,6.506682024894221,1.3046193126043946,1.3086000957369355,4.181846894677628,377
8,T,192,False,4.719422414499396,0.12183516572495431,0.1588913696510308,4.811983574842024,332
8,T,83,False,5.89459539025826,1.2123772582884924,1.2166598851599717,4.642760399548258,344
8,T,164,False,7.220625439897841,0.28199243602224944,0.2998706282984645,7.017715662306019,130
8,T,513,False,6.383993905438694,1.4084361010276152,1.4121242545966781,6.527046971024811,184
8,T,115,False,5.969521410257734,1.625342455426955,1.6285394552038575,5.964708468759215,258
8,T,551,False,5.149472831977024,1.3430291805287233,1.3468964472052065,4.92837010135914,322
8,T,743,False,5.647728831036982,1.4460050924146763,1.4495976638472932,6.579037072204061,175
8,T,131,False,6.030673753005076,1.525462990526685,1.5288688613510872,4.335740288808893,362
8,T,203,False,6.254111081485107,1.3827738841189736,1.3865303005501994,6.492660791703993,188
8,T,741,False,5.431908288426821,1.5287225698268645,1.5321211946972098,2.9336812948451443,414
8,T,314,False,6.069001437311899,1.6113456430598714,1.6145703580675521,5.379998920358011,297
8,T,159,False,5.604262173548486,1.6348894884621252,1.638067855501201,6.866307330030487,142
8,T,651,False,6.7407083315518435,1.359423831181455,1.3632445901328267,7.643437798489248,78
8,T,279,False,5.737899683091328,1.545885576262079,1.5492465506295288,4.537820384868872,350
8,T,218,False,6.423958760677218,1.4123191722606294,1.415997211888958,4.349782614342034,361
8,T,454,False,5.167676581917593,1.3278582204702531,1.3317695421553912,6.380035701463742,203
8,T,407,True,5.005808246142509,1.4335590914596967,1.4371827748929864,8.572664339508432,13
8,T,463,False,6.024564605163311,1.6353875297767375,1.6385649307523986,4.311709200445336,364
8,T,360,False,7.020919030018266,0.9237562245097244,0.9293697983379995,5.037520897728271,315
8,T,239,False,5.016486405974619,1.2300129939458087,1.2342344287119387,3.303218902766919,409
8,T,566,False,5.868590482653312,1.6785161126577353,1.681612024277297,5.990197102564989,253
8,T,234,False,5.409178430171206,1.4624635799053451,1.466015819250226,6.809851738368849,148
8,T,793,False,6.368030535744147,1.1139887178788528,1.118648078398083,7.898327359871219,55
8,T,586,False,5.913206965768904,1.0817007701858197,1.0864986037556372,5.57023373623273,285
8,T,259,False,5.842042654233573,1.4579652636383236,1.4615284361647978,7.069901999706275,125
8,T,216,False,6.514566546393758,1.3032644340550823,1.3072493430158103,4.257862977866958,370
8,T,447,False,6.954670823611906,1.374204794329802,1.377984570487408,7.478620059601583,91
8,T,354,True,7.727332772556926,0.8103564700313988,0.8167498198739335,8.361164566663712,20
8,T,775,False,7.404048600618524,0.33383901006576,0.3490718326992885,7.530728974198781,87
8,T,613,False,6.150683387706487,1.3982337617811675,1.4019487552428826,3.9468643110460575,385
8,T,281,False,6.864412307462969,1.238051431976957,1.2422455505907628,5.805613521814692,274
8,T,356,False,7.456266500519817,0.9543689450114741,0.9598034918381301,7.83778963440103,63
8,T,319,False,4.682405632851823,0.23462577490463532,0.2558357168027053,5.347538766121925,298
8,T,324,False,4.883142337896697,1.1199164815788194,1.1245512818249934,6.105183492311381,244
8,T,369,False,7.173292156310744,0.30332319453638973,0.3200119061630582,7.232394629709548,111
8,T,494,False,5.611410818282343,1.3297533579573733,1.333659121642882,4.138095863064698,380
8,T,221,False,6.540539200144351,1.3004419416746178,1.3044354730720886,4.285840251830372,367
8,T,299,False,5.395445672020315,1.3999683944815633,1.4036787970506783,7.3896199392576465,93
8,T,576,False,6.738871889440184,1.238727225752269,1.2429190639628416,6.374876991989812,204
8,T,801,False,6.352144391991522,1.2807565212666798,1.2848112415874484,8.100559340649783,33
8,T,162,False,6.917876722640973,0.36775437600809313,0.38163587464421544,7.0320814589915255,129
8,T,373,False,6.409929694540247,1.6306424877035635,1.6338291166601298,4.693774468829954,340
8,T,237,False,6.1294856076556075,1.3773649897385551,1.3811361173685395,5.923058792232478,262
8,T,453,False,5.000947722450491,1.4098728306660069,1.4135572356266768,7.8603719356443555,61
8,T,442,False,5.283417005844113,1.5511344688496589,1.554484094545797,5.062010942504339,314
8,T,473,False,5.45665261263693,1.5476319529902833,1.5509891429854923,3.4779618222912996,402
8,T,565,False,5.887268551986278,1.5575778829842608,1.560913681567333,7.588068707238506,83
8,T,800,False,6.2368623118014845,0.2606149366952321,0.2798621177848357,6.341023016872825,206
8,T,794,False,6.396291572395402,1.3222019070802296,1.326129911746564,7.811571141916789,64
8,T,331,False,5.866493430609469,1.5762440145991161,1.5795403930580223,7.201263160390715,113
8,T,21,False,5.670736532324733,1.5635395194719575,1.5668626259800036,3.6989014853712057,399
8,T,780,True,5.873812783163532,1.4936259586587928,1.4971042596031017,8.289522224936473,24
8,T,792,False,6.484464639522324,1.139830951445559,1.1443851002244139,7.6454954196753695,77
8,T,15,False,5.408870976428685,1.4660163951322691,1.4695600465918248,6.765304107672692,151
8,T,567,False,7.571781073640564,0.30359591651604023,0.32027041740936346,7.810991331632146,65
8,T,186,False,5.722936430890514,1.3520637388937828,1.355905237755865,6.011595057168178,250
8,T,758,False,5.547754627581705,1.4789646289506018,1.4824773298196987,4.96676024145837,320
8,T,458,False,5.390933221720745,1.4076722299846331,1.4113623796928496,5.298126691213578,303
8,T,549,False,5.581416474377008,1.4581755747202316,1.4617382345868328,4.9034050011094745,325
8,T,258,False,5.892576702663926,1.46116174699098,1.4647171435509607,7.247791932752577,108
8,T,134,False,5.571990904505165,1.2816400883876224,1.2856920221828345,7.878365310327736,58
8,T,678,False,6.154704344426449,1.6394343301908954,1.6426039031826338,5.825164772833432,272
8,T,723,False,6.766624020785513,1.1372278861242482,1.141792417526487,7.26496123281329,107
8,T,205,False,6.585874036261824,1.1971360517748733,1.201473006855121,4.2524614495785436,371
8,T,304,False,5.485492453601708,1.5375607441717198,1.540939876101675,4.460901429733137,352
8,T,698,False,5.188722918391408,1.5962912754614853,1.5995463406406232,5.709733997991478,279
8,T,635,False,6.399753514049162,1.5798751321298499,1.583163950090029,8.067678583746144,37
8,T,759,False,5.5698752105762726,1.4759090304833757,1.479428986469013,5.070061235833319,313
8,T,206,False,6.250126010638291,1.503848350462886,1.5073030620722219,7.686246250667782,74
8,T,585,False,6.236769590031469,1.6181825031358386,1.6213936206847865,3.916813207248353,387
8,T,455,False,5.20500576310938,1.3227132634852121,1.3266397540937984,6.570676899558286,176
8,T,55,False,6.227073981701114,1.6187024211315075,1.6219125093294513,4.196842925211808,375
8,T,657,False,5.48189314327689,1.4655470645377786,1.4690918480876725,6.541481449297274,182
8,T,366,False,6.371505148760689,1.3722163468017217,1.3760015850907354,7.783721663784927,68
8,T,757,False,5.566516158061581,1.5981137888519206,1.6013651494462449,3.8623962632264943,393
8,T,65,True,6.313815393456274,1.6238261790959962,1.6270261582592505,8.952942340674198,8
8,T,754,False,5.06527444642604,1.401741753142645,1.4054474740258953,7.176880947438413,119
8,T,6,False,5.622727625816589,0.28705820643596586,0.3046392516150652,5.795781111780107,276
8,T,156,False,5.928351839828692,1.66980793596044,1.6729199630403178,4.417586756803742,357
8,T,836,False,6.538773453770321,1.5060864448996154,1.509536034433334,5.620118436374483,281
8,T,105,False,5.544656048069672,1.2615379996647875,1.265654291005481,4.433836249140275,355
8,T,472,False,5.44569179899929,0.24575795262886665,0.26608200056126624,5.522242831505695,288
8,T,570,True,6.518819848117912,1.2757878766699973,1.2798583382548607,8.224719466242632,27
8,T,70,False,5.5078272207450585,1.0053549051962603,1.0105152869425256,5.305107181852701,301
8,T,394,False,6.12605914135637,0.8201128160266968,0.8264306932547896,5.910624522782968,264
8,T,838,False,6.34321699040842,0.3161622951921455,0.33220664750049594,6.029371107234926,248
8,T,495,False,6.325338953158071,0.7344200602855655,0.7414684650692888,6.170235949360731,235
8,T,364,False,6.17084634952205,1.4993925491447846,1.5028575036154452,6.15999478831961,237
8,T,240,False,4.724842843681401,0.12257020465912488,0.15945568291074852,4.563108008161236,349
8,T,522,False,5.544802621129904,1.4025716053581956,1.4062751394728625,5.790656767388281,277
8,T,276,False,5.3476731696605375,1.5715124718884705,1.574818754347104,6.110359256504821,243
8,T,702,False,6.174473483096014,1.5589737720219716,1.562306590139966,7.895908853943618,56
8,T,282,True,4.902287529532197,1.3759912891847645,1.3797661713691578,8.22615662855154,26
8,T,766,False,6.278969025031396,1.6193032366824485,1.6225121361865391,4.83619714826397,330
8,T,362,False,4.870355144316667,1.4863059641392022,1.4898013554759966,3.018845700170912,410
8,T,244,False,5.493016192410696,1.4539547122768819,1.4575276893062799,6.9435298101361305,137
8,T,418,False,7.958644311995361,0.3537197923193044,0.36813088870776006,7.986445547747864,48
8,T,217,False,6.507185197539414,1.3056933073370487,1.3096708260349674,4.083395387577462,382
8,T,564,False,6.948111090059422,1.5985595971603106,1.6018100528513635,7.995072416249861,44
8,T,126,False,5.356937218294949,1.4808797756996392,1.4843879445140233,5.812065322354836,273
8,T,460,False,5.393091352025713,1.4054181036979494,1.4091141564629508,5.469707038174167,292
8,T,291,False,5.7333052988218345,1.4906599338938598,1.4941451396229215,4.435291877267718,354
8,T,847,False,6.75864222298213,1.5988081001739967,1.6020580516711427,6.971084619564637,134
8,T,724,False,6.665899562536007,1.1489424384752243,1.1534606134028798,7.552053824205749,86
8,T,330,False,6.219830596048103,0.42627726124100956,0.4383092095695564,7.176365337554008,120
8,T,169,False,6.6856525083205725,1.140311813355499,1.1448640493178481,6.496435379987499,187
8,T,288,False,6.429410038611558,1.5930225932084037,1.59628432373897,6.1807629164638955,232
8,T,755,False,8.207635341483538,1.196344116190091,1.2006839318009561,7.807544658484475,66
8,T,471,False,6.355803609729748,0.568281214819726,0.5773614109544706,5.8739894078012,269
8,T,25,False,5.948839209701415,1.6691162787296467,1.6722295929873556,3.895580087398799,390
8,T,44,False,5.889529239426642,1.5906591006258803,1.5939256676979285,3.848828503878458,394
8,T,143,False,6.144220347317715,1.2819592008545981,1.2860101291973223,5.95503639195112,259
8,T,152,False,7.081080761329746,1.5614042948906122,1.5647319360980663,7.985596289387449,49
8,T,833,False,4.353815236652773,1.0218614291452437,1.026938868734217,3.7565663032122245,397
8,T,195,False,4.263042299695057,0.4824211337593238,0.4930849927142224,4.149050235220952,379
8,T,545,False,6.987304981243418,1.1377513586003731,1.1423137982793292,5.5363041985407895,287
8,T,802,False,6.342960981154516,1.0213329255973322,1.0264129795806165,7.184605322330897,116
8,T,50,False,5.454833999922658,1.547398394884135,1.550756090503065,3.4082725806635215,405
8,T,647,True,5.73335327406368,1.4180709227339783,1.4217340826068527,8.193045584737416,30
8,T,478,False,6.476285164142158,1.4614193716395432,1.464974142961462,7.5216324154368515,88
8,T,49,False,5.230411273436735,1.4501769485059854,1.4537592103647992,4.260234025928265,369
8,T,151,False,6.4502469974521155,1.2525289543779357,1.256674755574185,6.866464382974091,141
8,T,837,False,6.7479178822792605,1.4813730819816637,1.4848800853140316,6.405147540545184,202
8,T,420,False,5.5649561093910105,1.4702776993601496,1.4738111049174951,6.8525758093126505,144
8,T,4,False,5.563419082528263,1.6000619720059353,1.6033093818729671,6.458579445560607,195
8,T,506,False,6.904760448936715,0.43290029290697785,0.4447531038017617,6.6141109025797995,169
8,T,641,False,4.751445172679606,0.4883307093970793,0.49886826064864875,4.583112041231641,345
8,T,772,False,5.536569017426948,1.4644093864959682,1.467956917283287,5.88672943423746,267
8,T,271,False,7.326807330364768,1.4474050757246606,1.4509941808897318,8.06669162996501,38
8,T,696,False,5.980484260955187,1.3625561901536858,1.366368190155377,6.430954181978266,199
8,T,17,False,6.0382786909963695,1.4717508726536717,1.4752807498571916,7.677767619987545,75
8,T,656,False,5.51593201399617,1.4674372991571414,1.4709775275985555,6.70195010674237,156
8,T,499,False,6.291600484433793,0.5691025223202069,0.5781698199089736,6.278038672514473,217
8,T,295,False,6.505305014513442,0.4645128248730729,0.47557841016378727,7.163702349138156,122
8,T,729,False,6.0204849941922935,1.6585661316938995,1.6616992125364984,6.637030907784442,164
8,T,605,False,5.655787853502911,1.514227816350872,1.5176589009237496,4.454179162006312,353
8,T,372,False,6.398303372500925,1.6299627982738705,1.6331507534514809,4.679206429414261,343
8,T,380,True,6.929017419702846,1.5452195308213996,1.5485819507453453,8.930548467541138,9
8,T,257,False,5.863953978782753,1.4439604816601728,1.4475581274472646,7.100759287355212,124
8,T,160,False,6.4549113659325,1.4153481603224702,1.419018348954852,7.7002498861400825,72
8,T,23,False,5.3145559729099725,1.4275570961672623,1.4311959762939035,3.935803094162928,386
8,T,614,False,6.32880710155209,0.9144942730895717,0.920164352306683,6.439387438181684,196
8,T,560,False,7.1935396087349055,0.15281666217065631,0.18372694951839244,6.700315356802158,157
8,T,248,False,7.393757694733563,0.19805215103802198,0.22277188842657167,7.508259731572394,89
8,T,337,False,6.158355363607232,1.3577552049904011,1.3615806463154798,6.722900828250086,153
8,T,744,False,5.647529364306529,1.4443493634919045,1.4479460430422892,6.554572726309616,178
8,T,12,False,5.885126523836148,1.6546471587173837,1.657787646109677,6.212873720603959,229
8,T,622,False,5.56877862809756,1.4328574762472666,1.4364829295818446,6.523532791913475,185
8,T,73,False,6.411206969798352,1.3229935596272344,1.3269192208109333,6.43668193976498,198
8,T,214,False,5.994180603271693,1.561379735553338,1.5647074289907892,6.317965728879921,210
8,T,1,False,6.166288031738478,1.51804077789769,1.5214632638031642,7.974863466185328,52
8,T,363,False,5.142034961553403,1.4101621001937106,1.41384575133396,7.303823904581538,101
8,T,88,False,5.689192503143817,1.1185157718637124,1.1231563522725718,5.08133592852943,311
8,T,750,False,5.654398124119607,1.4428506595320207,1.4464510656964307,6.581432360373288,174
8,T,91,False,5.726991908721872,1.2964922654158122,1.3004979254214049,2.970421011204851,412
8,T,482,False,5.775428485691551,1.5029188327565788,1.506375676116934,4.062687063762534,383
8,T,86,False,5.489992794889567,0.40526949804917417,0.41790671900722415,5.842212657280882,271
8,T,74,False,7.446105248075552,1.2485380204830252,1.2526970297458297,7.27409158066375,106
8,T,179,False,5.733053891285976,1.510931676292573,1.514370228896038,6.126876188437138,240
8,T,184,False,5.135640138795541,1.5470524466883688,1.5504108915209611,7.399571259942365,92
8,T,795,True,6.310452491599413,1.230186930127086,1.2344077700654097,8.400670146919058,19
8,T,365,False,6.37664235345317,1.1975279382509798,1.201863479199695,7.281077917346603,104
8,T,13,False,7.104130504356573,1.265866558045298,1.2699688195069212,6.864990198792101,143
8,T,558,False,6.687450154757397,0.9938087235695325,0.9990287477271398,4.826062187854466,331
8,T,266,False,7.86766753120729,0.2438616276872578,0.2643315213905299,8.120907629845414,32
8,T,503,False,5.421723678795364,0.23874984910328814,0.2596230925576465,5.400465776100402,296
8,T,212,False,5.326872091919366,1.5397031076138856,1.5430775480636774,3.4048968173517062,406
8,T,823,False,5.859616407976579,1.498619777223301,1.5020865142950885,6.964507806848483,135
8,T,483,False,5.805415526296594,1.5022004947574368,1.5056589873513329,4.311299241707424,365
8,T,66,False,4.370841960051617,1.0232076226207643,1.0282784149886595,3.565538980631331,400
8,T,484,False,5.84261888561306,1.5088331689550223,1.5122764930663997,4.765983848161605,334
8,T,661,False,5.964061620575434,1.3428384132572022,1.3467062277503115,5.953147615028347,260
8,T,316,False,4.739704352050019,0.2349508068186428,0.2561338348736547,5.013341251919147,317
8,T,68,False,5.349964499961869,1.4369485330081182,1.4405636904547248,5.495352387333511,290
8,T,467,False,6.333187100317112,0.6768475172891515,0.6844890221200349,6.407790308031703,201
8,T,289,False,6.144356999025203,1.661107933525093,1.6642362291941484,6.836819643443802,145
8,T,535,False,7.257652673505594,0.335505105799926,0.35066556112651404,7.289543564512135,103
8,T,60,False,6.645316295784,1.350428288922067,1.3542744268660378,7.989267745546746,45
8,T,428,True,6.9551001520854925,1.5424855602537966,1.5458539269070095,9.030533541441407,5
8,T,851,False,5.384751589976897,1.4497696505626338,1.4533529163402998,2.352756426876205,421
8,T,519,False,4.438495499999996,0.2367868091315688,0.25781903095206804,4.380480138408437,359
8,T,349,False,6.704783021100045,1.1379655586812687,1.1425271429979795,6.654294701619238,163
8,T,630,False,5.420286243777061,1.528813528409793,1.5322119515234025,2.934330823497331,413
8,T,675,True,6.668324795121791,1.291086819799831,1.295109198486056,8.726777430457917,12
8,T,94,False,5.913651206789445,1.2016300291090636,1.205950822628768,4.692696668611447,341
8,T,101,False,5.87299696849252,1.3372653853520826,1.3411492723046186,3.3584487869123034,408
8,T,686,False,6.228240872102864,1.547229235645123,1.5505872975673909,5.198479553880523,307
8,T,658,False,6.370873511632244,1.5264907959115719,1.5298943786239287,6.492615290048358,189
8,T,662,False,5.783877320475919,0.5807317625419349,0.5896202504726374,6.71464974596368,155
8,T,785,False,7.620473244010322,1.2348251329227538,1.2390301726108408,6.217259146144819,228
8,T,396,True,4.984022699010856,1.4380872861636997,1.441699588113983,8.56166363791053,15
8,T,644,False,6.596217227565818,1.478447786874558,1.4819617128173832,6.60053403561584,172
8,T,405,False,5.981468513517381,0.34088582022090624,0.35581709089085845,6.0012838717873676,251
8,T,323,False,5.464716317768626,1.5490613635636417,1.5524154623772601,3.4954047701680846,401
8,T,634,False,5.578032082454354,1.6304806939712686,1.6336676385224085,7.864395171133532,60
8,T,812,False,5.870483769510868,1.6047000539941343,1.6079380967658958,2.708675489459284,417
8,T,229,False,6.07682532643515,1.363114838100031,1.366925280178411,7.7783789629944,70
8,T,332,True,5.873585214579873,1.4977453626826467,1.5012141190315678,8.298797351624344,23
8,T,796,True,6.098844206358427,1.4170277865318437,1.4206936360615154,9.252683052123892,3
8,T,130,False,5.9069782341473465,1.653354480362509,1.6564974184939545,6.169764900520391,236
8,T,456,False,5.454551334170619,1.4673878433046026,1.470928190776316,3.8627730045344113,392
8,T,125,False,5.416003215912925,1.4316934650694797,1.435321858561698,5.895792383863391,265
8,T,477,False,5.6064459259173995,1.4957810463189378,1.499254347423855,5.217964639369886,306
8,T,352,False,7.46760562103514,1.038800125720267,1.043795171927326,6.629138546218134,166
8,T,844,False,6.514677265456871,1.6017840277265611,1.6050279534083753,5.222217068219966,305
8,T,505,False,7.50518525192447,0.41761350319327945,0.4298880061035858,7.179352575289058,118
8,T,198,False,5.878203076626757,1.6771725888134152,1.6802709758873555,6.314902677009418,211
8,T,329,True,6.839270907408755,1.4117842092486335,1.415463638962917,9.146573479472636,4
8,T,99,False,5.497239980715149,0.6672006044281357,0.6749513362396011,6.118949069379582,242
8,T,368,False,6.330010141440218,1.079802556775527,1.0846087872414267,7.636428516460002,79
8,T,262,False,6.275820588127641,1.593711477458474,1.5969718009799752,6.234194161670017,227
8,T,659,False,6.376544508098318,1.531316241847572,1.5347091230225112,6.501990202692307,186
8,T,293,False,6.051705526787771,1.6126820239232789,1.6159040720375812,5.298593157211188,302
8,T,804,False,7.013168381643924,0.28162422125006153,0.2995243925576964,6.673871452649902,160
8,T,726,False,6.6921198524153285,1.1063046450036687,1.1109962319013718,5.587032953368448,283
8,T,517,False,6.577349958054903,1.0370214885198124,1.0420250608282897,6.667169452511353,162
8,T,717,False,6.013164808808682,1.6378275922006227,1.6410002685910938,5.158954488957383,309
8,T,0,False,6.186192398415477,1.5182226112394652,1.5216446881651227,7.854914029113101,62
8,T,79,False,5.685518749236378,1.0797110362727793,1.0845176723279306,4.86816525617732,327
8,T,100,False,5.500368658626338,1.0420136951120242,1.046993409980869,6.747939795182134,152
8,T,371,False,6.211653633924778,1.4793578369406424,1.4828696063579054,5.239896500672555,304
8,T,492,False,5.627033591514258,1.3333259655689333,1.3372212944021948,3.889129682214051,391
8,T,121,False,6.367407657615765,1.4804950197617475,1.4840040981350726,7.997138037445794,43
8,T,157,False,5.303890919470422,1.432191194560894,1.435818330263308,5.5209897347790955,289
8,T,52,False,6.265682809691681,1.4037572480160438,1.4074576622761803,7.608692895516915,80
8,T,273,False,6.472673012291631,1.3417506288553451,1.3456215700471168,6.41356813266319,200
8,T,596,False,6.100528461445595,1.5545905016357409,1.5579326967229419,5.095255647630751,310
8,T,367,False,6.625238988388501,1.2834174163291852,1.2874637564915894,7.782518719351116,69
8,T,805,False,6.919819149964066,0.4824200029827678,0.4930838863928197,7.239431753111052,110
8,T,784,False,7.670244698655944,0.8908442177833188,0.8966638612659298,6.914220209044677,138
8,T,733,False,6.409615694711088,1.5907612247651415,1.5940275825589236,7.164493697388512,121
8,T,826,False,6.57294737400253,0.7270055943362105,0.7341251895545473,6.172478160407312,234
8,T,625,False,6.703874546232871,0.9075775326797361,0.9132905548440708,4.862838318845725,328
8,T,597,False,6.0225864712394905,1.5622590986567628,1.5655849229850785,4.302365434062775,366
8,T,721,False,5.800850413190068,1.4049643362559983,1.4086615796186148,3.835910179118496,395
8,T,425,False,5.932358945312922,1.4895482595861185,1.4930360603074488,4.351477015935209,360
8,T,80,False,5.4826761962214565,0.4374639387360961,0.44919634619713045,4.91342314910523,324
8,T,583,True,8.12202332214988,0.6516201300549094,0.6595539808348749,8.981484002637051,6
8,T,695,False,5.992245928333653,1.3634520010432765,1.3672615034773954,6.473744295164981,193
8,T,510,False,3.9679453029197163,0.3719451649765017,0.3856758554690072,3.8989924506037883,389
8,T,511,False,6.353345144732198,1.5221625850102267,1.5255758240570572,5.9466146465033605,261
8,T,230,False,6.094850336711213,1.3614505043285188,1.3652655915530618,7.88991013740837,57
8,T,621,False,6.307420319426411,1.2430700072507856,1.2472472500145357,7.03542020814606,128
8,T,48,False,5.014686871310923,1.2307092502734231,1.234928304984109,3.368983380652123,407
8,T,609,False,4.85998350976898,1.0494908056505383,1.0544352094307972,6.245080631901487,224
8,T,827,False,6.949836179448369,0.9464781808169541,0.9519577755892981,6.480416981298685,191
8,T,235,False,5.430915683567145,1.4703789546365211,1.4739121174548846,6.953141645950485,136
8,T,422,False,5.405544280763725,1.4598150552102147,1.4633737236812594,6.602081715610469,171
8,T,603,False,5.567167601417763,1.6193804820066637,1.6225892287472168,4.231894819550243,374
8,T,123,True,8.320204388939404,0.43271072642313646,0.4445685914501742,8.557454090029363,16
8,T,145,False,6.189498104804247,1.3252639282356797,1.3291828840400475,6.173938674420265,233
8,T,814,False,6.29052656689402,0.11109406225962244,0.15081296499869729,6.321379123463207,209
8,T,574,False,6.695318702254233,0.6094543161935032,0.6179297883006158,6.817933572458915,146
8,T,204,False,6.7495473230030525,1.2666100322687774,1.2707098935580328,4.242147727515598,372
8,T,173,False,6.0760056282207024,1.3673913524338532,1.3711899104256988,4.232200682736352,373
8,T,153,False,6.8770046358036465,1.4750653216980922,1.4785872862359697,7.919380554014879,54
8,T,155,False,5.266148647227958,1.5023683391218863,1.5058264462208812,6.276866358224973,218
8,T,242,False,6.522202092411294,1.5936528176870641,1.5969132609707617,7.986555233508648,47
8,T,325,False,6.799287157982865,1.5769276862853339,1.5802226385910214,5.59678099398006,282
8,T,607,False,6.216475270747333,0.4036068291334327,0.416294525865399,6.464789015903084,194
8,T,106,False,5.5880470355204,1.2720491403663472,1.27613152740974,3.794428899212158,396
8,T,602,False,6.5149736616072,1.2758018864756886,1.2798723035042516,7.979525418187229,51
8,T,251,False,7.382834906933516,0.3762185888428036,0.3897987767210461,7.572802716296904,85
8,T,253,False,7.360476793972714,0.40343869908408964,0.4161315220708665,7.698005769695927,73
8,T,172,False,6.14430177182067,1.2571938144232815,1.261324282952847,6.2898098204802375,215
8,T,318,False,5.24445501304118,1.4527163040050244,1.4562923194415232,4.416755261859226,358
8,T,507,False,7.375091180193251,0.21439465280826306,0.23741888487466425,6.97529067093953,132
8,T,379,False,6.2114497562332405,1.3283455368121582,1.3322554278032177,6.303134885992132,214
8,T,788,False,7.667805418287455,0.23356644233252125,0.25486455761094834,8.018836639541364,42
8,T,161,False,6.892626384322369,0.3098612824530353,0.326215686480269,7.196534687582648,114
8,T,436,False,6.067313869744774,1.6463190101906504,1.6494753538799773,5.859555864092407,270
8,T,808,False,7.211232316181192,0.8822033456776558,0.8880796151625161,5.433547799115713,293
8,T,334,False,6.950058555295766,1.5089975987121798,1.5124405484717334,5.581145898291544,284
8,T,722,False,5.789216500362467,1.4069181287188242,1.410610251153745,4.01101296229826,384
8,T,141,False,6.069598280124975,1.5490547188638357,1.5524088320338398,4.703733441227643,339
8,T,465,False,7.885775014249247,0.32918532373049286,0.34462390674749016,8.067941499330603,36
8,T,557,False,7.169675493330105,0.4852260375612182,0.4958295748235619,7.31498371731728,99
8,T,61,False,6.652481467510184,1.3491899684333233,1.3530396264202558,8.045032395683364,40
8,T,468,False,6.445547699597689,0.7697985616635605,0.7765259076693063,6.264227204703843,220
8,T,459,False,5.102842200783227,1.4059725252510862,1.409667124360666,4.88965542180921,326
8,T,58,False,4.825816900802053,0.1305087704939352,0.16563574166885622,4.764685653385451,335
8,T,502,False,5.413939546086267,0.1692680955896471,0.19762172938950648,5.338130637425354,299
8,T,779,False,5.865160581795729,1.5748699039878808,1.5781691526034687,7.0386050730564484,127
8,T,176,False,6.054048437548809,0.4101498457181099,0.422641166576261,7.116931698047,123
8,T,553,False,6.24239092930507,0.5428841767714963,0.5523820137651285,6.559042249168971,177
8,T,782,False,7.237073859069933,0.15766702598690527,0.18778059225039442,7.218721890512154,112
8,T,137,True,6.985249937508637,1.4584882150931746,1.4620501131315669,8.843284623224474,11
8,T,756,False,7.252697904335301,0.26064164813787766,0.2798869923493813,7.348152520366707,96
8,T,790,False,6.070644677535876,1.545450844809689,1.5488127625589012,5.165781090774026,308
8,T,328,False,7.610477456169569,1.2638392497895958,1.2679480703290187,4.432883130817238,356
8,T,690,False,5.349350440886967,1.571181764569601,1.5744887414835325,6.123090981833129,241
8,T,573,False,6.862364065124304,1.2432695720644655,1.247446146558525,6.3221586926760525,208
8,T,343,False,6.159086812301875,1.3572665311582506,1.361093345933593,6.892473643468922,139
8,T,97,False,5.748717556654466,1.160520027129759,1.1649933017453835,5.7206155800463305,278
8,T,520,False,6.487452843162689,0.9368600812218885,0.9423956024565464,6.242524363157236,225
8,T,90,False,5.493667959569783,1.0565077523234179,1.0614194696074846,6.872140692717727,140
8,T,423,False,5.843738688266495,1.571051836235014,1.5743590860663785,6.676206746441208,159
8,T,736,False,6.069693244636234,1.5633537179321448,1.5666772185471434,4.9154685424516185,323
8,T,685,False,6.363958914106778,1.5652483902420884,1.5685678764075854,2.5664937139950763,418
8,T,618,False,4.820651936352779,1.2561683359566371,1.2603021653565545,5.972472969847258,255
8,T,102,False,5.7354142269141315,1.291298317065818,1.2953200389862605,3.0126336685741095,411
8,T,207,False,6.351862677370389,1.407545073662241,1.4112355558634415,6.303373022508878,213
8,T,508,False,6.0744639582309965,1.453269058638914,1.4568437172667454,5.964863026235993,257
8,T,739,False,5.304130546094471,1.3629968818955949,1.3668076528171285,4.28530217970137,368
8,T,475,False,5.58009624425887,1.4682341837151887,1.4717724953171805,6.670285364106329,161
9,T,196,False,4.350864512117626,0.6434774734433852,0.6500549778699696,5.416197410960802,287
9,T,491,False,6.391748270769653,1.5371821813093973,1.539947165963677,6.814207664335962,153
9,T,45,False,5.950579796030307,1.4115586082711675,1.4145691640951599,6.60605063563474,173
9,T,14,False,5.8005298901443965,1.7043025497436046,1.7067968234347626,4.8516359482711024,329
9,T,382,False,6.497767418242233,1.5993584244121497,1.6020161001570985,6.390555959305408,186
9,T,82,False,5.746111549060838,1.0713019349594688,1.0752655724388958,4.779067953234123,333
9,T,132,False,6.062394237982295,1.3912786741289078,1.3943330177939328,5.3718624218443365,293
9,T,577,False,6.6978238788471325,1.2695683954153396,1.272914814927505,7.018349548473665,130
9,T,862,True,7.453011518721838,0.8670094116146794,0.8719022509736264,8.09582025853774,25
9,T,636,False,4.790195568532674,1.1342852288629732,1.138029523273088,6.448638941228658,183
9,T,133,False,7.097596305944733,0.29847960480493013,0.3124072500902487,6.921517134082348,142
9,T,250,False,7.26519046092627,0.4066191350521839,0.41695004067037833,7.7037835445014196,69
9,T,679,False,5.4490661249462695,1.6527814459293775,1.655353353043648,6.519749515876303,178
9,T,692,False,7.437044733721935,1.464917207811617,1.4678183270306406,6.675913201019825,167
9,T,7,False,5.264272119930557,1.488816092516267,1.4916707320182458,4.793869835513148,331
9,T,746,False,3.040331614509796,0.09536740549884344,0.1326768911906847,3.0351843151960756,383
9,T,283,True,6.876912675558563,1.1820731264156308,1.1856665178786434,8.076299512170522,26
9,T,197,False,6.205643660790651,1.643970672943973,1.6465563424688217,5.769590327876677,255
9,T,853,False,6.3376920157402,0.30240897016984647,0.31616356631280434,6.252334290201983,207
9,T,538,False,6.481909197813317,1.1112087908994333,1.115030579130736,6.146819931694394,219
9,T,170,False,6.751952697614645,1.17110487857217,1.1747318213277365,5.940469518578933,234
9,T,829,False,6.5672130384382275,1.2163935000283195,1.2198857988908591,6.78224101639578,157
9,T,215,False,5.950557513826791,1.563801040029954,1.5665190417684716,7.722694578376247,68
9,T,725,False,6.156835050933314,1.360426893328216,1.3635503465274412,5.8439547647662575,244
9,T,822,True,5.640218388168676,1.577383504248496,1.58007814202327,9.545576639227242,3
9,T,819,False,6.622819828465441,0.1588856884535695,0.18371956188661212,6.507998365903373,179
9,T,745,False,4.3000296746735955,1.225528148115118,1.2289944903240675,5.083852687659049,320
9,T,419,False,6.29884632397899,0.13002355825650397,0.15941876027032212,6.307403193060722,198
9,T,77,False,6.448772669245325,1.3986685429952757,1.4017067840989326,5.196887528728276,302
9,T,776,False,7.426545957959784,0.3691357640634075,0.38048577862401056,7.89888651245733,53
9,T,752,False,7.725116149524742,0.18727237971079475,0.20875622057076057,7.905877984861839,51
9,T,547,False,7.762974588926767,0.9378269068540279,0.9423521224276186,7.937531238091882,44
9,T,166,False,7.45555436455745,0.2742844954307756,0.28937899000818823,7.93171685414523,45
9,T,652,False,5.302641187263565,1.450097663114274,1.4530283713657908,3.003080223817537,384
9,T,735,False,7.571350666759624,1.2276598841982018,1.2311202243054844,8.013766952636052,31
9,T,854,False,6.263377868228014,0.18528322098245448,0.20697363938936045,5.945970869428473,233
9,T,501,False,6.316332590408076,0.48092545127931746,0.4896912344658204,6.283752663228245,203
9,T,300,False,5.82459578738268,1.5256877136892313,1.5284734917971974,3.6583262840612547,376
9,T,849,False,5.612894622759417,1.4666277553461764,1.4695254976271108,3.683440995974799,375
9,T,165,False,7.111051334828807,0.2944755094591568,0.3085839287708838,7.002072448466086,132
9,T,762,True,7.957946842332964,0.3608904129931157,0.37249175241176224,8.677618629862177,7
9,T,469,False,6.453854210325414,0.8156126314339636,0.8208119029223921,5.09907861752263,316
9,T,806,True,7.264481714640578,0.9376887163629111,0.942214595630299,8.490911398955532,10
9,T,773,False,5.724644718616602,1.3426427587532475,1.3458074873684478,7.415837483924037,95
9,T,451,False,5.545046444007598,1.6782493130315974,1.6807822500596181,6.168402555921183,214
9,T,222,False,6.471199183931247,1.268263135591706,1.2716129900741615,6.099678902617999,223
9,T,309,False,6.0402236937998435,1.6611742392904016,1.6637331723285704,6.229929420565262,210
9,T,236,False,5.858526440467825,1.1238808141774947,1.1276596560579404,6.35736494159595,192
9,T,846,False,8.268436800341236,1.0041121290709543,1.008339914498999,7.617779744077098,79
9,T,355,False,7.225764446682227,1.1985434111440858,1.2020875691152226,7.90649708566871,50
9,T,830,False,5.878918868094695,1.7027932593996795,1.705289740683802,6.760898968329272,159
9,T,255,False,6.049256753503002,1.4649766815893268,1.4678776832641471,5.400935379467784,289
9,T,606,False,5.502049274451766,1.3696383284990963,1.3727408227040683,6.891739265858167,145
9,T,781,False,4.74220557600148,1.122908341337163,1.1266904448290234,6.16091663147828,215
9,T,284,False,5.81378726798199,1.574184680730276,1.5768847847798915,7.4682953197071456,92
9,T,653,False,5.9164986360987335,1.4143861244982545,1.4173906746545344,6.344880096425445,194
9,T,834,False,6.212536688629327,1.6016562330052775,1.6043101022399318,6.140251823806953,221
9,T,523,False,5.668097060935888,1.5309398723726384,1.5337161107078436,7.924549288145218,48
9,T,718,False,5.879735508167428,1.684134558741069,1.6866586576336122,5.829944295560215,247
9,T,350,False,5.123507398532583,0.609046893059339,0.6159921536591825,6.021123337647384,226
9,T,187,True,7.0566510409749625,1.5909129946910232,1.5935847552299198,8.061836038795576,29
9,T,835,True,7.176125620163554,1.59285764887656,1.5955261530319729,8.975870101967708,6
9,T,684,False,6.666243895598454,1.447702103747007,1.4506376517304225,5.931397995417803,235
9,T,53,False,5.1111835164956005,1.3428817512629616,1.3460459179758775,7.978931272772582,37
9,T,670,False,4.804867885877274,0.8937310741900586,0.8984784073072429,5.40427068640919,288
9,T,285,False,6.110470457908555,1.6845309302541578,1.6870544361126534,6.217514571472396,212
9,T,231,False,6.048903463251996,1.3819680833205406,1.3850429591680875,6.65102294989936,170
9,T,761,False,5.576458917219393,1.5246634071546405,1.5274510534026422,4.593750766821672,343
9,T,277,False,4.92780441794835,1.5690270819998462,1.5717360463746437,4.1191942049370756,361
9,T,807,False,7.917817363192382,1.156268265150064,1.1599416004340835,6.367337035222272,189
9,T,544,False,7.336126217631377,1.0077158036816647,1.0119285332543142,6.482397219480969,182
9,T,98,False,5.7328208808527,1.087182174559452,1.091088124811311,6.28518711673359,202
9,T,680,False,5.4081111090070735,1.6414538528669478,1.6440434807255528,5.149641560317455,305
9,T,168,False,6.477989332932422,0.8375345367744909,0.8425985495563738,5.869871843936933,239
9,T,512,False,6.141477646591749,1.1633870051964033,1.1670379339525772,7.22642103425866,120
9,T,727,False,5.455106655764458,0.18485402403922024,0.20658950996586584,5.473527147506773,282
9,T,219,False,6.5963095512325465,1.2834698724472904,1.2867801400800012,5.788908578444951,253
9,T,232,False,6.204819928057587,1.5258159935806106,1.5286015379067333,5.092526474294363,317
9,T,267,False,6.369088820459211,1.5920993219862514,1.5947690950396314,6.323854952695776,195
9,T,272,False,5.831198515547566,1.586919855356754,1.5895983274871504,5.787815816556394,254
9,T,734,False,5.975330028077468,1.2360895829774186,1.239526390428914,6.693732651750592,165
9,T,742,False,4.26790050127088,1.225050257400786,1.2285179480097863,5.136688193916629,308
9,T,246,False,5.398171467116324,1.4460719833258926,1.4490108337705845,4.862346647629217,328
9,T,810,True,7.277956622493656,0.9568559582401656,0.9612916000070683,8.276967935946134,21
9,T,639,False,4.7301862453821135,0.3690038024704647,0.3803577548336641,4.456763522514828,350
9,T,559,False,6.635326889209165,0.547308293264325,0.5550266509820518,6.366265571871119,190
9,T,223,False,6.713266378466317,1.3416448646126762,1.3448119415613509,5.955856001518576,231
9,T,270,False,7.403101452608818,0.9155204974137485,0.9201554198118714,6.98895817632092,134
9,T,47,False,5.449842680017602,0.15614538762042418,0.1813548937844702,5.485898711739668,281
9,T,249,False,7.373319832628395,0.1993616889675974,0.21966633436295377,7.313787146593539,109
9,T,552,False,5.153491823449247,1.3459015849555795,1.34905866877997,7.9293324734527015,46
9,T,340,False,6.569565804966414,0.18899903520652375,0.21030656369557454,6.690916423311971,166
9,T,498,False,6.356967237082026,0.5323338834990056,0.5402662111825769,6.242620655406835,208
9,T,550,False,5.033390088061346,1.334274648428835,1.337459178017907,7.749322940387428,65
9,T,308,False,7.942986459445535,0.3815100824796825,0.39250243114928357,7.677864987355818,73
9,T,588,True,7.763535791960228,0.521700001109634,0.5297915689988244,8.435754906381918,15
9,T,260,False,6.106363135761004,1.3388886989665028,1.3420622800915978,4.5150567122045615,348
9,T,122,False,7.080957515241163,0.6085957211060933,0.6155460723399099,6.994642814927788,133
9,T,480,False,6.7418949726132045,1.4914118459665615,1.4942615265454138,7.875447898149526,54
9,T,103,False,6.038874628498684,1.57292316280134,1.5756254286794862,7.5371808303267445,85
9,T,247,False,6.456970437309083,1.5216988388225656,1.5244919060127504,6.27186998598634,205
9,T,521,False,6.533557915599774,1.0159906350886554,1.0201691947967715,6.616341296320044,172
9,T,142,False,6.211121135229151,1.497559433778928,1.5003974383891445,6.936042110471801,139
9,T,220,False,6.5963095512325465,1.2834698724472904,1.2867801400800012,5.7889732089576755,252
9,T,192,False,4.712936347206748,0.11555166092455513,0.14785263530579126,4.736241223324789,335
9,T,83,False,5.9440173138663805,1.1862762080339533,1.189856906174797,7.765872073260805,63
9,T,164,False,7.195373985005249,0.28923797264022405,0.30358988823982747,7.009751236255263,131
9,T,513,False,6.034571811977322,1.161585798338533,1.1652423706363457,7.310323715254267,111
9,T,115,False,5.9688280609612985,1.637054282957331,1.6396508594128767,3.1735181063103095,380
9,T,551,False,5.151676058603199,1.3319251419312876,1.3351152755972515,7.9459369244552125,43
9,T,743,False,4.264105721771098,1.2247876709358585,1.2282561028958614,5.109911187562105,314
9,T,131,False,6.017869179705111,1.5331566159073862,1.535928847416127,6.27135495195508,206
9,T,203,False,6.322930888780304,1.3810386573401123,1.3841155979513504,5.330419486488867,295
9,T,741,False,5.300716434019655,1.5341736018486736,1.536943998990782,4.78120606431799,332
9,T,314,True,6.086439781650394,1.6188029800379957,1.6214287846230988,8.305144212037817,18
9,T,159,False,5.428447958297462,1.6518195840378862,1.6543929864562226,6.664716789074962,169
9,T,651,False,6.8144387175832435,1.3400436354438288,1.3432144878305763,5.676039738782322,264
9,T,279,False,5.458146161522925,1.5465060693607122,1.5492544135789847,5.797322087922242,250
9,T,218,False,6.493332556769234,1.4118486630095006,1.4148586016511187,7.4375099997065455,93
9,T,454,False,5.320375350039727,1.348143695102316,1.3512955406085563,5.192150681039828,303
9,T,463,True,6.086074834738403,1.6525187199126259,1.6550910352866117,8.466454310024687,11
9,T,360,False,7.034803870222653,0.9528888872671964,0.957342909777766,7.0789306853207705,126
9,T,239,False,4.9815578431362635,1.202424398837427,1.2059571511227054,6.381246459164201,187
9,T,566,False,5.829346950864148,1.7051549350441628,1.707647963700337,6.774582661782107,158
9,T,234,False,5.150351483604663,1.4615278504843288,1.4644356842025485,4.990760875950931,323
9,T,793,True,7.486830035816238,0.8111325721671158,0.8163603769505752,8.066722352153667,28
9,T,586,False,5.8917369514015165,1.1122617553261156,1.1160799379012132,5.792392939594675,251
9,T,259,False,5.53413759976755,1.284450914295648,1.2877586600987663,5.662013667926151,266
9,T,216,False,6.607687816242534,1.2818391614078206,1.285153629393447,5.871716517985854,238
9,T,447,True,7.05886237795457,1.3841939314544476,1.3872638737095997,9.844814720663074,1
9,T,775,False,7.3787868156798755,0.34317937113717206,0.3553593901932927,7.992277935025423,34
9,T,613,False,6.098240364018176,1.424820645738248,1.4278032385263741,6.971582573809684,135
9,T,281,False,6.894431891284388,1.2395546481435646,1.24298187483115,5.765404364704789,256
9,T,356,False,7.559941462324586,0.7164952422877914,0.7224082278362316,7.385970571830643,98
9,T,319,False,4.687575852508234,0.23863435388368984,0.25584090814005894,4.690756058597674,338
9,T,324,False,4.7134506066063935,1.1094197025615344,1.1132476327646816,5.627290405471505,271
9,T,369,False,7.170122939408307,0.31115738738257376,0.32454142285260446,7.267548420295917,117
9,T,494,False,5.294425675123999,1.336433017417863,1.3396124161372416,3.9410536766296946,366
9,T,221,False,6.633442760916497,1.2781684707313143,1.2814924326721835,5.961676402919298,230
9,T,299,False,5.342805770747473,1.3697076122725604,1.3728099498990538,4.733265136977981,336
9,T,576,False,6.74908700625396,1.247363995571481,1.2507698240973413,7.218769011586569,122
9,T,801,False,6.986773661255038,1.089596166506145,1.0934934940315517,7.969729308775543,38
9,T,162,False,6.90041787315165,0.3777293278783537,0.3888285747779821,6.884856030134568,147
9,T,373,False,6.475833583240074,1.644992529643287,1.6475765954900745,6.3184097303676925,196
9,T,237,True,6.094857983181949,1.3733220785597118,1.3764162694781006,8.438863236417117,14
9,T,453,False,7.766800483932456,0.44812535287531163,0.45751999662754256,8.002666451677742,32
9,T,442,False,4.826452549149426,1.5445750223191916,1.5473267964450093,2.953129947503456,385
9,T,473,False,5.445665953758201,1.5429473883668214,1.5457020601307483,5.586971772199173,272
9,T,565,False,5.824835497000512,1.5847520183615358,1.5874341482799863,7.655162219980733,74
9,T,800,False,6.2833402833289735,0.25469724388008147,0.27088540282664486,6.565616348402422,175
9,T,794,False,7.177735120581758,1.2186715367134682,1.2221573261327732,7.856940395180974,58
9,T,331,False,5.152454272393715,1.299339476372139,1.3026094158585946,7.495120020516411,89
9,T,21,False,5.635425868271291,1.5770284608694587,1.5797237042650014,4.457429226755428,349
9,T,792,True,7.5342944113313965,0.8903307347564969,0.8950961024808942,8.289417089403429,19
9,T,15,False,5.151447888386528,1.4657233272002643,1.4686228540110144,5.146101610275673,306
9,T,567,False,7.5784759934841075,0.31141502994368164,0.32478844853114475,7.586304185201893,82
9,T,186,False,5.623566421408277,1.3307879143401238,1.3339807676193014,2.4484511756095664,390
9,T,758,False,5.431063729809541,1.481287240743765,1.4841563613766309,5.462620947663392,284
9,T,458,False,5.173961762131257,1.3996940007109753,1.4027300207277023,2.800203686430288,386
9,T,549,False,5.555368003725778,1.4640653461258408,1.4669681500124747,6.157694407299827,216
9,T,258,False,5.558532633784311,1.2770475830907415,1.2803744549554044,6.124709667981824,222
9,T,134,False,5.667497960555914,1.2517616758236205,1.255155571427384,6.9340729436281965,140
9,T,678,False,6.183274530373824,1.6575887991432705,1.660153258729348,3.0656945855786595,382
9,T,723,False,6.7810003024041965,1.1666731927340315,1.170313869895022,7.99460768664705,33
9,T,205,False,6.613702764824722,1.1826323597142834,1.186224057110552,6.850131574124184,149
9,T,304,False,5.016947575932724,1.5408929765528634,1.5436513144536195,6.937970602020821,137
9,T,698,False,5.067295153715285,1.6119165218612443,1.6145535261717696,4.675288450032855,339
9,T,635,False,6.416632745948597,1.5963545077863168,1.5990171762536316,6.841368053524869,151
9,T,759,False,5.452210234266926,1.4775125122640442,1.4803889486622261,5.574722778632864,275
9,T,206,False,6.215723942948758,1.4991401686638137,1.5019751864547601,7.363884415166906,100
9,T,585,False,6.241711812661836,1.6287008460865158,1.631310718859953,7.9018282524021775,52
9,T,455,False,5.349746986496836,1.3434769195304257,1.3466396877915807,5.396523354501664,290
9,T,55,False,6.232399302362566,1.6293457105065778,1.6319545519929866,7.980072493124905,36
9,T,657,False,5.166811294963188,1.4568992917403538,1.4598163451948292,5.6652718641391715,265
9,T,366,True,7.34465030473967,1.210000834142036,1.2135115302496582,8.607530236134016,8
9,T,757,False,5.6101896720104225,1.6205928872535396,1.623215796387285,4.634838606798555,342
9,T,754,True,7.707470450122293,0.5937371855890097,0.600859435288822,8.457395978840031,12
9,T,6,False,5.616316255136135,0.29375518274450335,0.30789661059144596,5.829075375397792,248
9,T,156,False,5.830719235712433,1.6933484541301345,1.6958588392107876,6.732492115339286,163
9,T,836,False,6.363550613834008,1.5101284234199106,1.5129428510836584,7.297617737470183,113
9,T,105,False,5.562473860769248,1.237079600327558,1.240513664967474,6.845849913779912,150
9,T,472,False,5.513665734550867,0.24914857854619943,0.2656750451510937,5.639865888212805,269
9,T,70,False,5.466741108708352,0.973925555271836,0.9782838047499295,5.020293048996963,322
9,T,394,False,6.261246318289065,0.8440812936550299,0.8491062629157747,6.297325574660842,200
9,T,838,False,6.3557865900350485,0.3256133987509291,0.3384262118550741,6.44039303159163,184
9,T,495,False,6.286072102171811,0.757762429326961,0.7633558244514426,5.57594749094773,274
9,T,364,False,6.132326644018526,1.5045321047535736,1.5073569814939864,7.565223178448626,83
9,T,240,False,4.723770246105913,0.11640569808315769,0.14852104891452664,4.701170291612747,337
9,T,522,False,5.437533313929027,1.4134565930956502,1.416463114941581,4.537354614989541,346
9,T,276,False,4.961291949701074,1.5657659204004943,1.5684805172242502,4.15675329389655,359
9,T,702,False,5.5598251223592445,0.8159484501145778,0.8211455952928358,6.145356284123076,220
9,T,766,False,6.3504620775574185,1.6299339577442469,1.632541859197573,7.2239869535985655,121
9,T,362,False,4.8140402322040945,1.4906502946509048,1.4935014283110926,3.6028465743736575,377
9,T,244,False,5.282692342940463,1.4411985459961514,1.444147313955839,5.44694685391515,285
9,T,418,False,7.8965167420001325,0.3199945412770411,0.333023605577064,7.605771760832275,81
9,T,217,False,6.598322695064578,1.2849783368393723,1.2882847284552135,6.020230006260231,228
9,T,564,False,6.98635406139295,1.5952123291966553,1.5978769009674876,5.08767254474707,319
9,T,126,False,5.120047311315833,1.4931641384672012,1.4960104811895347,4.64348364183057,341
9,T,460,False,5.1444216353442815,1.395356628398506,1.3984020651586904,3.067058176165986,381
9,T,291,False,5.706435145583605,1.4863026962730654,1.4891621538210766,6.860616612098639,148
9,T,847,False,6.9423243133046775,1.6131445941784162,1.6157795942366306,6.73464316358866,162
9,T,724,False,6.66438282925368,1.1777276313293088,1.181334241026217,7.476534525669225,91
9,T,330,False,6.241121031850688,0.43744677418017386,0.4470658739661125,6.936074918451249,138
9,T,169,False,6.76513469172686,1.0962822002445163,1.1001558425956761,6.568907643600907,174
9,T,288,False,6.433673006450955,1.6059776637421237,1.60862440360174,7.195131243931643,124
9,T,755,False,7.720339690262413,1.1981292355985405,1.2016746151185798,7.308746685321823,112
9,T,471,False,6.35532299065046,0.588091176595259,0.5952809819015219,5.8342722163931535,246
9,T,25,False,5.854199818366223,1.692407727081917,1.6949195054960646,7.036981499417781,128
9,T,44,False,5.845808464163429,1.6120259782473911,1.614662803798026,5.1356496917473615,309
9,T,143,False,6.319997936774293,1.2301309150627326,1.2335843236753294,5.57970136370729,273
9,T,152,True,7.45200630780191,1.5713694593453882,1.5740743925202079,8.242491099845497,22
9,T,833,False,4.274669312331201,0.991412014613913,0.9956937270793975,2.498105456895858,389
9,T,195,False,4.281034121111474,0.4984134789484,0.5068769194014373,4.556077361171809,344
9,T,545,False,6.948985722763251,1.1030146962566747,1.1068647774604847,5.336723230772895,294
9,T,802,False,6.901782272552709,0.9239830863387483,0.9285757692641579,7.615809753173965,80
9,T,50,False,5.4430647891832935,1.5426429306283764,1.5453981450882326,5.7281766991304135,260
9,T,478,False,6.508910239161328,1.4546234553107045,1.4575450635107297,7.4026506533054555,96
9,T,49,False,5.200593611092781,1.4337683597736697,1.436732377623795,7.678642345221176,72
9,T,151,True,6.5946376170677325,1.2658512085302929,1.2692074288949176,8.105167606513795,24
9,T,837,False,6.752902381138547,1.4974275945762494,1.5002658485824625,7.316946145307009,107
9,T,420,False,5.280547276910627,1.4636428203008962,1.4665464605128626,5.828677377972781,249
9,T,4,False,5.558469828495387,1.6217767892522792,1.624397786744945,3.4255594954859423,378
9,T,506,False,6.89149170643525,0.44722967211786935,0.45664274334221155,6.752049774491514,161
9,T,641,False,4.749902603521955,0.5062266348336538,0.5145615815813005,4.16452308036407,358
9,T,772,False,5.276600044579686,1.4625676186318783,1.4654733892142047,6.500750668169916,180
9,T,271,True,7.3784856941255965,1.4489095643099559,1.4518426708749508,8.288477650827204,20
9,T,696,False,5.977896796544497,1.3803723245023873,1.3834507471090425,4.129090463617539,360
9,T,17,False,6.0561245344761,1.4714447570395397,1.4743330317277688,5.472153717151809,283
9,T,656,False,5.202774879723149,1.4592097869840508,1.462122230818779,5.862000158460309,242
9,T,499,False,6.295707468697536,0.589017234835725,0.5961958724764602,6.092217378143151,224
9,T,295,False,6.4983191984133555,0.48190110852127,0.4906494612434348,7.328331784879037,105
9,T,729,False,6.0509752804349315,1.6772829770401432,1.67981737117256,6.8305136215940525,152
9,T,605,False,5.634064721311478,1.5493569271383036,1.5521002232767995,5.922209942079442,236
9,T,372,False,6.465796047329863,1.6441327812006825,1.6467181961838935,6.235381584450141,209
9,T,257,False,5.588378288810991,1.3442718614740548,1.347432763805068,5.225701220431396,301
9,T,160,False,6.373989122630203,1.35102519662217,1.354170335420333,6.672889011229769,168
9,T,23,False,4.9223710660504025,1.3583839719541333,1.3615121118397484,5.654774372375739,268
9,T,614,False,6.353146530885519,0.9407950578611843,0.9453060648914049,7.275935214047794,116
9,T,560,False,7.196641828243748,0.15023852826472017,0.17629472708959018,7.244834767182696,118
9,T,248,False,7.373319832628395,0.1993616889675974,0.21966633436295377,7.313923224348495,108
9,T,337,False,6.103208122904166,1.3385322922955893,1.3417067164408656,4.43527894137916,351
9,T,744,False,4.266492009043372,1.2242472267471471,1.22771718552056,5.158316601784196,304
9,T,12,False,6.036917123174506,1.6725199358316412,1.6750615365349182,5.564528115550389,277
9,T,622,False,4.994188940326523,1.3409487856748685,1.344117502760584,5.432465570435384,286
9,T,73,False,6.49799962468752,1.3518670074478856,1.3550101923050415,6.923053249639207,141
9,T,214,False,5.951770249627533,1.5657851337950683,1.568499697366271,7.649727351233308,75
9,T,1,False,6.2247291127515,1.520977864705549,1.5237722534383855,5.128424455996404,310
9,T,363,False,5.142752585786148,1.4219409039403494,1.4249295244759097,7.13374578257072,125
9,T,88,False,5.730481891468678,1.099132618785242,1.1029962507198963,6.080537266361338,225
9,T,750,False,4.282609251880263,1.2229658511780412,1.2264394353461057,5.100235150802487,315
9,T,91,True,5.744719029019826,1.2713332006723956,1.2746749870286,8.072789180201303,27
9,T,482,False,5.503491688253735,1.4926420002911998,1.4954893367917266,3.793886924318191,372
9,T,86,False,5.497842675773381,0.4163726523363317,0.42646735049477785,5.48746814838796,280
9,T,74,False,7.51372422724841,1.2766921138636582,1.2800199096209794,7.3439427324897855,103
9,T,179,False,5.733852701618775,1.5229145842073186,1.5257054257673053,6.53192776962887,177
9,T,184,False,5.035078731372239,1.548580030547627,1.5513247005173783,7.05152034733884,127
9,T,365,False,7.235509790131435,1.0445797130643768,1.048644359337378,7.339888342360818,104
9,T,13,False,7.2042075861629264,1.2821355204170655,1.285449224255701,5.864362961340358,241
9,T,558,False,6.748419995797147,0.9750342967249324,0.9793876123447383,5.953506524386254,232
9,T,266,False,7.839463760238389,0.24727748814333814,0.26392114649440784,7.52976792067082,87
9,T,503,False,5.492404851955838,0.2412119141936606,0.2582467869566122,5.495515813102789,279
9,T,212,False,5.24584735543528,1.548392474120972,1.5511374759636585,5.139777021893756,307
9,T,823,False,5.7607904214720556,1.5189749954319351,1.5217730619812835,7.961669458207103,39
9,T,483,False,5.544291002341351,1.4930255989882317,1.4958722053232396,3.689476772238971,374
9,T,66,False,4.3016231895052375,0.9930602420979509,0.9973348784937207,2.3871566252838834,391
9,T,484,False,5.588005476490165,1.5002534403497745,1.5030863583659384,3.765969750721702,373
9,T,661,False,5.947071693196365,1.3319446266166592,1.3351347137264598,7.9506875357722375,41
9,T,316,False,4.742620915563325,0.23905584085359885,0.2562340931075823,4.645373691613661,340
9,T,68,False,5.222221833633821,1.4277710616904584,1.4307475039381137,5.389364307816905,292
9,T,467,False,6.272433203234549,0.6981411051772282,0.7042082207433576,5.1233372683188705,311
9,T,289,False,6.159432322414703,1.6824932546268632,1.6850198121355544,7.506907291872784,88
9,T,535,False,7.28320802964965,0.3437860667032126,0.3559453259753662,7.543041680382777,84
9,T,60,False,6.409352809850169,1.3607133330730228,1.3638361302690067,5.661483860030816,267
9,T,851,False,5.062322221770481,1.4430171975434951,1.445962256710294,3.867315497212092,369
9,T,519,False,4.438829262760274,0.24089116745265257,0.2579472232475974,4.228484659772812,355
9,T,349,False,6.459173655914288,1.0996371130661418,1.1034989786388036,6.3024351842798065,199
9,T,630,False,5.2847212143697435,1.534259105076427,1.5370293481044408,4.763729391885999,334
9,T,94,False,5.959722942931047,1.1735539666957762,1.1771733636860098,7.729011468456692,66
9,T,101,False,5.889279132379912,1.314369107527252,1.3176017479672788,7.7835404937520405,62
9,T,686,False,6.406898603619957,1.5619397701278546,1.5646610051162837,7.829773414332744,59
9,T,658,False,6.2215670774026455,1.5269176221900493,1.5297011604816668,5.7378415956980895,258
9,T,662,False,5.772608411908324,0.6008179362084075,0.6078572265706594,5.730221460864975,259
9,T,785,True,7.754101999484058,1.254516364377873,1.2579028276923143,8.396383009344584,16
9,T,644,True,6.582973811487667,1.4792092491888398,1.4820823925511883,9.653807122098275,2
9,T,405,False,5.9728290651453415,0.3462590888425606,0.35833444159126576,6.352206142303694,193
9,T,323,False,5.456183607876789,1.5448158358535802,1.5475671817819219,6.148097523284199,218
9,T,634,False,5.445968802460691,1.647684668767755,1.650264519135266,5.116509599430315,312
9,T,812,False,5.869657614842479,1.6184666447030764,1.6210929940755645,7.3108390688065805,110
9,T,229,False,6.003224150595185,1.3877731731005774,1.390835215042418,6.795290884385987,155
9,T,130,False,5.952506047899759,1.6724198972310815,1.6749616497337678,5.323174104349788,297
9,T,456,False,5.451625333750787,1.5017178868424153,1.5045480474504274,4.93482589719504,326
9,T,125,False,5.189595199421997,1.4488522819107572,1.4517855042059253,4.838414648757766,330
9,T,477,False,5.172460444575489,1.4904955243934837,1.4933469535447714,5.861770265086206,243
9,T,352,False,7.50164040554488,0.8894872994088356,0.8942571616901189,7.40253534915053,97
9,T,844,False,6.513937349460543,1.6129201760921568,1.6155555421803356,6.885980143105883,146
9,T,505,False,7.504490456015726,0.4310410638072225,0.44079997063578175,7.681110099633148,71
9,T,198,False,5.862444072243431,1.702940964410152,1.705437229478301,6.894138690270032,144
9,T,99,False,5.521023600274983,0.6503409811452983,0.6568497599767188,5.6945521118359546,263
9,T,368,False,7.033460630984378,0.962384964022735,0.9667952391284749,7.875278045831495,55
9,T,262,False,6.159364694193556,1.6039933528521484,1.6066433616139957,2.5306366019242805,388
9,T,659,False,6.229053573551561,1.5323221314713278,1.5350958699772719,5.868170181620828,240
9,T,293,True,6.063649331202543,1.6205409178314616,1.6231639109438332,8.23849497483757,23
9,T,804,False,7.0262376458888465,0.2881566181298669,0.3025598320935644,7.4308006479597,94
9,T,726,False,6.607489841475597,1.125916873163026,1.1296889043881282,7.873803519398548,57
9,T,517,False,6.45907669232454,1.060773714809484,1.0647765443768737,6.220562305574368,211
9,T,717,False,6.033311171118295,1.6654577715186787,1.6680101331036352,5.054204857542884,321
9,T,0,False,6.249284221364139,1.521074257358421,1.5238684693315614,5.317727690679624,298
9,T,79,False,5.723523403405643,1.0551576878825384,1.0591817415920972,6.150240611660733,217
9,T,100,False,5.508188742299328,1.0118694734944265,1.016064981590416,5.390341887116998,291
9,T,371,False,6.266622359587918,1.4974333238088853,1.5002715669763824,7.794347616324143,61
9,T,492,False,5.320038663366787,1.3415241918430245,1.3446915530055672,3.917968966957601,367
9,T,121,False,6.953503343572132,1.366435880456249,1.3695456293321113,5.761253283853292,257
9,T,157,False,5.324592542984897,1.4382666988472361,1.4412214654373456,4.428251475737238,352
9,T,52,False,5.824719604681422,1.322733514152531,1.3259457624227122,6.793281023510761,156
9,T,273,False,6.456811974606568,1.362107915783394,1.3652275230393744,6.645786835840242,171
9,T,596,False,6.139378709630879,1.582977931416428,1.5856630621843588,7.729004257460741,67
9,T,367,True,7.391526607288391,1.1808613423884347,1.1844584101486468,8.306147148078095,17
9,T,805,False,6.919907393794125,0.4985620582741578,0.5070230185849639,7.033162210537071,129
9,T,784,False,7.411099943202569,0.7703956333077132,0.7758979618764548,7.6469814415701265,76
9,T,733,False,6.453428065908495,1.599332841047237,1.6019905592345638,2.580904620916731,387
9,T,826,False,6.538437283371859,0.714238204375962,0.7201697216730528,6.707645359237923,164
9,T,625,False,6.767397573968892,0.8767905393672323,0.8816290973807104,6.020952448948519,227
9,T,597,True,6.048501540856289,1.5911955520106245,1.593866838905572,8.440007930670623,13
9,T,721,False,5.742457592347138,1.4120689088347058,1.415078379003114,3.86524255823752,370
9,T,425,False,5.9039267090996495,1.4918257219842626,1.4946746134855942,5.112248564925926,313
9,T,80,False,5.471969229852153,0.4512332761782313,0.46056452854620045,6.364027444380799,191
9,T,695,False,5.985517740403523,1.38131118311591,1.3843875180113114,4.0049008330473646,364
9,T,510,False,3.9698909509052616,0.3848666380833434,0.39576576978563877,3.2232545494746834,379
9,T,511,True,6.308639248331784,1.522528207285794,1.5253197557906795,9.159889385983302,5
9,T,230,False,6.028241670430443,1.3860440803275036,1.3891099337472752,6.758939955340359,160
9,T,621,False,7.284585809369248,1.057036698887149,1.0610536264575345,7.532154620865761,86
9,T,48,False,4.978322371650981,1.2032557501262915,1.2067860687116123,6.312899673768683,197
9,T,609,False,4.829055463617089,1.0236631872422874,1.0278105546935596,5.24781069023488,300
9,T,827,False,6.878714808091246,0.9433205759387496,0.947819563215414,7.327539525954777,106
9,T,235,False,5.184930347810307,1.4712608383649812,1.4741494734018228,4.9673857232659255,324
9,T,422,False,5.441036600443436,1.460640411175987,1.4635500080915582,4.245066918070734,354
9,T,603,False,5.754909908399452,1.642776168437047,1.6453637151126037,6.281511859838418,204
9,T,145,False,6.170190080160335,1.3540807950055576,1.3572188529589937,4.0926993300580605,363
9,T,814,False,6.29089992956987,0.10311868208721757,0.1383534532270467,6.294585773159758,201
9,T,574,False,6.687830238827945,0.6309638698652509,0.6376704638759563,6.43839449406902,185
9,T,204,False,6.73668652291989,1.261050184104507,1.264419148168223,7.628008262815454,78
9,T,173,False,5.99622982973249,1.3514141842678378,1.3545584198788732,5.091536241657464,318
9,T,153,False,7.094945404574817,1.4685226332306363,1.4714166438283502,6.967602536065055,136
9,T,155,False,5.214330425208265,1.513833782485584,1.5166413341390423,3.8739416234666715,368
9,T,242,True,6.348257485732126,1.6006096727898507,1.6032652743862685,8.540772219642225,9
9,T,325,False,6.863279770038176,1.581811072477611,1.5844981806355014,7.926274021216356,47
9,T,607,False,6.217015508258462,0.4158844936528036,0.4259907598590524,6.490441803036947,181
9,T,106,False,5.616465635571673,1.249990366535591,1.2533890584556038,7.353904120680852,101
9,T,602,False,7.961186546895739,0.20427018294097182,0.22413059376886066,7.9602052954158795,40
9,T,251,False,7.384629233573925,0.388204437794765,0.39901240701009977,7.816255054028238,60
9,T,253,False,7.310760568119202,0.4162464102938324,0.4263440975397049,7.754400582725938,64
9,T,172,False,6.353066515700055,1.1815646570956615,1.185159590233329,5.324459221966787,296
9,T,318,False,5.220427137392167,1.4369648425341395,1.4399222805775347,7.907355336775875,49
9,T,507,False,7.362493810365562,0.21872653981283005,0.23738052709297258,7.201012269106486,123
9,T,379,False,6.19705287431895,1.3573533637178659,1.3604838732673934,4.375577093622654,353
9,T,788,False,7.6615803954554655,0.21844618081488668,0.2371222244688467,7.874648666688676,56
9,T,161,False,6.885795429071829,0.31817347236790383,0.3312741673343897,6.90323939314237,143
9,T,436,False,6.1011343054139155,1.6606166516445118,1.6631764425771167,5.971763588995933,229
9,T,808,False,7.237350571311477,0.9103559583594237,0.9150170415598546,7.948786243723655,42
9,T,334,False,7.667731142240078,1.3891087236053528,1.3921678280368843,6.799937768695265,154
9,T,722,False,5.724375313294777,1.4136128158391135,1.4166190061300998,4.094581088597744,362
9,T,141,False,6.101002431226118,1.5773591398906746,1.5800538192166407,7.987967586303073,35
9,T,465,False,7.833489931726185,0.31322010413812923,0.32651959981101364,7.696313433034363,70
9,T,557,False,7.16520834791574,0.5017442928668785,0.5101524780386035,7.2446545072227115,119
9,T,61,False,6.409831200288168,1.359061034705104,1.3621876197786236,5.837344424840065,245
9,T,468,False,6.41307827351068,0.7933590316668909,0.7987031792548912,4.965629003238898,325
9,T,459,False,4.912502309794668,1.4053435608234157,1.4083674021264059,3.8030739448469637,371
9,T,58,False,4.821312204050228,0.12534619524906038,0.15562738861736233,4.551440906081227,345
9,T,502,False,5.438433881460753,0.16796540747419259,0.1916261817508649,5.520633850909964,278
9,T,779,False,5.15375038154008,1.2992559033989934,1.3025260526920674,7.6313574950894125,77
9,T,176,False,6.04857029503126,0.3889179984341566,0.3997066736126313,5.69720834203166,262
9,T,553,False,6.253758072306016,0.5595583140523566,0.5671099736819656,6.562803487284102,176
9,T,782,False,7.244955222958569,0.15561712761118054,0.18090026487100122,7.384221653969752,99
9,T,756,False,7.257717629354988,0.26691451197098215,0.2824032084186572,7.279780720860281,115
9,T,790,False,6.0657556099128165,1.5562909243709542,1.5590220193133397,5.913777285930724,237
9,T,328,False,7.711723861112678,1.2544220696311146,1.25780878682018,7.280577271848525,114
9,T,690,False,4.961538919175608,1.5653225545750047,1.5680379189565736,4.212108076466624,357
9,T,573,False,6.877496253393775,1.2515141851066265,1.2549087500482048,7.480488970368879,90
9,T,343,False,6.108054417439772,1.337853984226056,1.3410300140317426,4.531860313112563,347
9,T,97,False,5.776556272816781,1.1354429537460098,1.1391834429256367,5.7217815585186464,261
9,T,520,False,6.411105799495606,0.9616874296068395,0.9661008889801591,6.380931456871046,188
9,T,90,False,5.502057880076269,1.0287805329249242,1.032907353226675,5.570199705681954,276
9,T,423,False,5.777103503454514,1.5981492651897056,1.6008089483916688,7.346142245725269,102
9,T,736,False,6.0176522538593264,1.5737392534669512,1.5764401204381857,6.190270281215742,213
9,T,685,True,6.523252166011151,1.5668805957618033,1.5695932647661648,9.221242130380976,4
9,T,618,False,4.745134905762613,1.2604224466893486,1.2637930841489868,3.948971988694332,365
9,T,102,True,5.752411317952504,1.265007418383161,1.268365871501151,8.052057047637394,30
9,T,207,False,6.417936716827914,1.4056324321395206,1.4086556533471577,5.286361827326141,299
9,T,508,False,6.048377045735427,1.4376248454391305,1.4405809285313782,4.932052055992834,327
9,T,739,False,5.320081811869928,1.3905598946357112,1.3936158136278893,4.224384699496128,356
9,T,475,False,5.276105318751252,1.4596570881589068,1.4625686412736267,5.6363976873274755,270
10,T,196,False,4.341943030653116,0.6322673587804394,0.638920461739229,3.712205736331571,336
10,T,491,False,6.4434862813539056,1.5106182574561269,1.5134149672874464,6.985069428635982,94
10,T,45,False,7.861947454986928,1.1259993858552468,1.1297486270831534,7.561049153216762,64
10,T,14,False,5.792220253745047,1.6937827902173768,1.6962775373995964,3.9100437429984938,327
10,T,382,False,6.675682057640077,1.5763208067997987,1.5790011492712237,7.28409743894961,74
10,T,82,False,5.728483216975066,1.03345268678595,1.0375364086503063,5.775654488032075,205
10,T,132,False,6.140473101069586,1.3558603287861017,1.3589755607169072,6.329917188828673,157
10,T,577,False,6.778748176715319,1.2410776916778312,1.2444802851914731,6.267519471800039,164
10,T,636,False,4.826717627717237,1.1013734709112075,1.1052062549030734,3.869215009318784,328
10,T,133,False,7.128867065066613,0.289252129419663,0.3035195839211799,6.8169061749940045,106
10,T,250,False,7.2589642624395205,0.3991337711961506,0.40959139487925994,7.737702347727685,46
10,T,679,False,5.492420882127892,1.634568196176607,1.637153178967052,6.297820063786674,161
10,T,692,False,7.283954188038734,1.4224033183443228,1.425373124303534,7.570281512173936,61
10,T,7,False,5.21095909558114,1.4612589689310804,1.46414996422204,4.024223041266448,323
10,T,746,False,3.0390299743857048,0.09432534972843318,0.131736916053428,3.0724228809246448,354
10,T,197,False,6.2939541167320305,1.6244938447883155,1.6270948328862092,6.781562872047607,111
10,T,853,False,6.349504180829211,0.2961594110413954,0.31010923913721583,6.294962125719683,162
10,T,538,False,6.245783086855209,1.0228812380184518,1.0270069963442494,4.666247455398548,292
10,T,170,False,6.8125374094731725,1.1337737199460007,1.1374973369155945,6.8199133296629375,105
10,T,829,True,6.509821095986326,1.1904472261303956,1.193994112904846,8.972106610678999,12
10,T,215,False,5.9424125589221966,1.5282774713629068,1.5310419239606987,7.899360088917162,39
10,T,725,False,6.204092913375707,1.3324092046822698,1.3355791373677244,6.345281905040459,153
10,T,819,False,6.628341625831696,0.15652336001097697,0.18154036928188344,6.41620755162073,143
10,T,745,False,4.246674079646926,1.191314298012916,1.1948586109242734,3.1062310655753382,352
10,T,419,False,6.297308659520522,0.1284843647602234,0.1580049854837335,6.403297859762807,145
10,T,77,False,6.363637447741503,1.3699508365908244,1.3730340994038628,6.208885189272189,169
10,T,776,False,7.425469212229855,0.3625078067839137,0.37399098041150675,7.597539008726148,58
10,T,752,False,7.728318469505439,0.18108458976513586,0.2030984295859627,7.688843740810923,49
10,T,547,False,7.628535904011749,0.8694348595405929,0.8742850327177328,7.144637749805875,79
10,T,166,False,7.45994126450434,0.26674014641540406,0.28214827513133567,7.602033046017534,57
10,T,652,False,5.295439237576602,1.4261706643510836,1.4291326416066104,6.9475069698239205,98
10,T,735,False,7.618453217917419,1.195299193290836,1.1988317250271616,7.947041916802381,37
10,T,854,False,6.254061561561957,0.18157067094356533,0.20353194343093464,6.516843917983884,133
10,T,501,False,6.262308938483676,0.4621496214051882,0.4712107978546709,6.439044579635126,142
10,T,300,False,5.66644410208598,1.4920889662708523,1.494920341261399,6.23138490069479,167
10,T,849,False,5.591643588842329,1.4385600033266175,1.4414965232774426,4.586166928887112,300
10,T,165,False,7.1224772722148195,0.2875918337467636,0.30193775233929065,7.133516453057043,81
10,T,469,False,6.33183605297429,0.7645720499660316,0.7700829585435173,6.734347388668517,114
10,T,773,False,5.7256429266550715,1.3061148450463715,1.3093484379264306,5.798221543162374,202
10,T,451,False,5.533438632261129,1.6656257371638112,1.6681625939195395,4.347299018900059,314
10,T,222,False,6.523745483961959,1.2327343512039919,1.236159910403263,5.727004585397479,208
10,T,309,False,6.154587414667208,1.6436087812062246,1.6461795676985205,6.0592505477180545,182
10,T,236,False,6.900558240523614,1.0167106484350144,1.0208613451840676,5.784004016689903,203
10,T,846,True,8.262853379259411,0.9847152470497641,0.9890002331759861,9.843970283016153,4
10,T,355,False,7.325888375797652,1.068881060318361,1.072829932728007,6.327487154424196,158
10,T,830,True,5.91696912134516,1.691749042093657,1.6942467839351747,8.262866104858722,21
10,T,255,False,6.064488780728618,1.4025982800714318,1.4056099312075223,4.838080411479588,287
10,T,606,True,5.540666912990318,1.3522132540361158,1.3553368687676204,8.086763122220287,30
10,T,781,False,4.7888985667956785,1.0896134258969035,1.0934874308123816,3.8403689553095863,330
10,T,284,False,5.835538011851809,1.551208036593776,1.553931696131781,4.534262488643853,303
10,T,653,False,5.904227180042444,1.38100188163248,1.384060526321854,8.086080651559552,31
10,T,834,False,6.33374422405109,1.5772118152149315,1.5798906460585986,5.065946367605351,266
10,T,523,False,5.569607170192116,1.5071497218696086,1.5099528560791278,5.334387978168873,252
10,T,718,False,5.914176499730965,1.6697019023927615,1.6722325754224152,4.8738680237225305,286
10,T,350,False,5.117858968097284,0.5912134649705802,0.5983232442521319,5.311328935843229,255
10,T,684,False,6.605964105559785,1.4253337734641471,1.4282974862497733,7.3898648927960044,67
10,T,53,False,5.091558540884508,1.3113456468766305,1.3145663730037238,3.2374238980790024,344
10,T,670,False,4.728695926540473,0.8607276443135575,0.8656266060695239,4.61644229786949,297
10,T,285,False,6.273152172257244,1.6693362997678292,1.6718675262030855,4.9687160703558835,278
10,T,231,False,5.983966408034858,1.3605144826961215,1.363619082103126,5.459867681347537,242
10,T,761,False,5.6238956707106125,1.4976749248394643,1.500495759388467,5.443638743549525,243
10,T,277,False,4.893866601888819,1.5432023945928988,1.545940158650112,5.037727082407042,270
10,T,807,True,7.5059612586802364,1.0469579399678104,1.0509891871525214,8.72463076487078,14
10,T,544,False,7.184337165998481,0.9326674287702256,0.9371904161581789,8.058332867702267,32
10,T,98,False,5.6858876397347595,1.0464028022657532,1.0504361798983781,4.300616048027295,319
10,T,680,False,5.41822623485169,1.6230927288071115,1.6256959585840127,4.954908889621266,279
10,T,168,False,6.476458964707276,0.806206401812898,0.8114345973484103,7.616370649746685,55
10,T,512,False,6.103333790464246,1.126349388503929,1.130097468554395,5.825149240256873,198
10,T,727,False,5.459306269673962,0.18153087110394775,0.20349643882297988,5.326090903523011,253
10,T,219,False,6.655580243408401,1.247937818218267,1.251321757818206,6.835268368062423,104
10,T,232,False,6.2644752413171005,1.4968022577523037,1.4996247338125197,6.080153364855597,179
10,T,267,False,6.4015974767806165,1.5665789749181631,1.5692759566454586,6.013212252335395,184
10,T,272,True,5.771290809468589,1.5474433566050423,1.5501736307107528,8.348195569738152,19
10,T,734,False,5.975282635691925,1.2104770646952552,1.2139654309753296,4.29964748943713,320
10,T,742,False,4.209680633951052,1.1907222354963898,1.1942683055140484,3.1870939793845903,349
10,T,246,False,5.385094544879756,1.4237140474753254,1.4266811249990132,5.354089375734385,249
10,T,639,False,4.736209675579282,0.3622040170131107,0.37369652579373885,4.65106926910742,293
10,T,559,False,6.627727292730695,0.5348539674602464,0.5427025980754496,6.456503855469739,140
10,T,223,False,6.782042484218439,1.306448536759541,1.3096813057576346,6.682636215876421,117
10,T,270,False,7.428186836364442,0.8391407514398601,0.8441649981946242,7.637016843160621,53
10,T,47,False,5.449202421296856,0.15398581256075985,0.1793571128220851,5.530219209941502,235
10,T,249,False,7.371104337594786,0.19621573207603074,0.21669784716053223,7.567313187654928,63
10,T,552,False,5.134803540390591,1.3138241395002337,1.3170388046612016,3.199555285577964,347
10,T,340,False,6.5537830737313865,0.1847619616452124,0.20638392844614536,6.668536445187344,119
10,T,498,False,6.288446616850697,0.5007501638622763,0.5091248079380667,6.473874072546712,138
10,T,550,False,5.014386333057802,1.3031174746941454,1.3063584869028575,3.270514734970142,342
10,T,308,True,7.97055451236326,0.3346016525233845,0.34700952338697627,8.098880646963474,29
10,T,260,False,6.132093787839187,1.3042554778883069,1.307493669220441,3.089818607754851,353
10,T,122,False,7.0759345891877325,0.5967952324145172,0.6038392939206377,6.461109440363303,139
10,T,480,True,6.8757284657420055,1.459697791271166,1.462591872427779,8.59406729160834,16
10,T,103,False,6.320638559613373,1.4746587844208956,1.477523561206247,4.618569229118856,296
10,T,247,False,6.409882832551093,1.492930194793557,1.4957599773948376,5.50757322621762,238
10,T,521,False,6.513436488769567,0.9952601349348457,0.9994999147775872,4.890903699112059,285
10,T,142,False,6.280541071533618,1.4663364319188432,1.469217436264068,4.331764097801271,316
10,T,220,False,6.655580243408401,1.247937818218267,1.251321757818206,6.835404943189055,103
10,T,192,False,4.7133145010370425,0.11441507305918407,0.1467928894497793,4.731923871800324,291
10,T,83,False,6.108334794823866,1.1228693852711102,1.1266290426884076,6.172789218077312,172
10,T,164,False,7.213613482594859,0.28210298484102975,0.29671440394105403,7.062965739242234,90
10,T,513,False,5.985826737679329,1.124473545732029,1.1282278575274758,5.807942521879499,200
10,T,115,False,6.028309659549863,1.6154300295320625,1.6180455876655135,5.806674872434523,201
10,T,551,False,5.136482884696219,1.2981986263515692,1.3014518880507946,3.580957011719836,338
10,T,743,False,4.205882176999964,1.1904283439978107,1.1939752868645341,3.15583019383026,350
10,T,131,False,6.029054305245686,1.5052640961592376,1.5080707352892846,5.556182387848265,231
10,T,203,False,6.326758964106973,1.3491858720908319,1.352316479563632,7.467634065527992,65
10,T,741,False,5.324271627434814,1.506618028255185,1.5094221498684253,4.637842903746069,294
10,T,159,False,5.46867450098989,1.6335038192085396,1.6360904836893229,6.3318050479137105,156
10,T,651,True,6.863043962157974,1.3058588450253872,1.309093070251659,10.234780856058881,1
10,T,279,False,5.444491896762501,1.5192601971166515,1.5220410276969554,5.081099945350187,265
10,T,218,False,6.531187245547538,1.3820119129943231,1.3850683272344746,6.115685613906746,174
10,T,454,False,5.268583587996145,1.3255439281270511,1.3287302393053186,5.182072941929363,261
10,T,360,False,7.052085437269844,0.9266750247884378,0.931227117848556,7.846379194610199,41
10,T,239,False,4.976788122235281,1.167224732671549,1.170841970553689,5.564780412890237,230
10,T,566,True,5.824125672024087,1.6948399131895922,1.6973331066088297,9.858666755093779,3
10,T,234,False,5.188407321652619,1.4335103014859165,1.4364571444759917,3.763497508721393,333
10,T,586,False,6.616142154867449,1.0528462271036114,1.0568550143592006,5.956983673505401,188
10,T,259,False,5.552378343540362,1.2566845704508756,1.2600450202509346,5.27626504619515,256
10,T,216,False,6.6714977095538766,1.2461926388748468,1.2495813045319344,6.506651617200776,134
10,T,775,False,7.374483118073557,0.33706527449147017,0.34938566472865884,7.40340357339996,66
10,T,613,False,6.081021208302837,1.4027216118782564,1.4057329987875402,7.667911311892943,51
10,T,281,False,6.948606932411378,1.2079325693814624,1.2114282626810298,7.579356356164643,60
10,T,356,False,7.489175470176219,0.6327511572631552,0.6393992262020176,6.3806703582118125,146
10,T,319,False,4.6914080393954505,0.2346386571330697,0.25201714797030567,4.503322984625962,306
10,T,324,False,4.768464925412966,1.075852474691503,1.0797758520867689,3.868275254407174,329
10,T,369,False,7.156165228401217,0.30510850972269565,0.3186668262544455,7.283266013758411,75
10,T,494,False,5.2864333617358845,1.310292038687811,1.3135153482538895,5.565648281488438,229
10,T,221,False,6.696942784776083,1.2424307559275705,1.2458296539754667,6.5060401195831865,135
10,T,299,False,5.29478266022703,1.3285878481374696,1.331766876622342,7.1773341992834645,78
10,T,576,False,6.806155416981986,1.2167612032241062,1.2202316047051278,6.4476259802010985,141
10,T,801,False,7.189633230367581,0.9483765235148034,0.952824943945057,7.90929868813704,38
10,T,162,False,6.924019405477237,0.3686730110549476,0.37996991003262115,6.783070675783147,110
10,T,373,False,7.146803699561721,1.4180163581039986,1.420995332610352,7.795012294446639,44
10,T,453,True,7.769116444956581,0.4385199304283196,0.44805922915696644,8.162211485906147,24
10,T,442,False,4.791855592274172,1.5174771900140116,1.5202612820376298,5.432662885616573,245
10,T,473,False,5.523466116800806,1.5141658348911424,1.5169560043064754,5.727585729164558,207
10,T,565,False,5.855375549709094,1.5653622232873434,1.568061297763889,4.929508196622846,280
10,T,800,False,6.289272059606409,0.24627535918960172,0.2628857089950765,5.852069567916611,196
10,T,794,True,7.4195459490891515,1.0911957397779362,1.095064146960987,9.242205515318505,8
10,T,331,False,5.061419544373991,1.2510207020073474,1.2543963250507526,4.532667218070405,304
10,T,21,False,5.589035199662212,1.5531641755068986,1.55588441072205,5.97111951998076,186
10,T,15,False,5.18827901401511,1.4377238339322034,1.4406620582588379,3.7567155752348453,334
10,T,567,False,7.582544688733564,0.30568051596617585,0.31921453803237754,7.626302802139444,54
10,T,186,False,5.55603092605589,1.2955413215334757,1.2988012393166943,7.099716413553706,86
10,T,758,False,5.451979741684929,1.4531284950605161,1.456035633700878,3.6637799590323668,337
10,T,458,False,5.144205608294473,1.3697107737429863,1.3727945757313753,5.613614272860775,221
10,T,549,False,5.5373236634437495,1.437083821034873,1.440023351244718,6.370160641031081,149
10,T,258,False,5.5746299836059965,1.2500510775189233,1.2534293118704771,5.62496370979545,218
10,T,134,False,5.720451608994345,1.2136151392450119,1.2170945113895495,4.390761845349608,312
10,T,678,False,6.352489708945965,1.6376144021723502,1.640194584082078,4.60589000139734,298
10,T,723,False,6.224802020922069,0.2913441563041238,0.3055139290808824,6.358221715695203,150
10,T,205,False,6.580748193022059,1.1542753632377658,1.1579330540353154,6.803541614765698,107
10,T,304,False,4.962797138422129,1.5171543366264566,1.5199390200249288,5.025133987651616,274
10,T,698,False,5.037569717123752,1.593069495829977,1.5957217056848771,3.9792633885975404,325
10,T,635,False,6.3919625877999335,1.5729752617441066,1.5756612953007438,6.664824545589697,120
10,T,759,False,5.469257017178254,1.4491424726091424,1.4520575916159855,3.7698670510881325,332
10,T,206,False,6.170733384633647,1.4495892836700408,1.452503505944443,5.027054449574058,273
10,T,585,False,6.781138616474328,1.591776291103888,1.5944306521044829,7.303308746086218,73
10,T,455,False,5.300409504674386,1.3208521317271857,1.3240497337102286,5.017717630732941,275
10,T,55,False,6.754995266872811,1.5935134938214197,1.5961649659232673,7.10380845572532,85
10,T,657,False,5.0420418244513385,1.4266363487807334,1.4295973611868131,5.138246576611,262
10,T,757,False,5.632687040381907,1.601599282874,1.6042373908971164,5.504745988078801,239
10,T,6,False,5.609511928292754,0.27134927749792637,0.2865096400621161,5.572846606030732,228
10,T,156,False,5.84680246606785,1.6802280658841267,1.68274290871618,7.020860726157839,93
10,T,836,False,6.353272073847456,1.4773594743506695,1.480219024301324,6.555749732229485,129
10,T,105,False,5.7418027446676145,1.0818153671888526,1.0857171971263184,4.506956111393685,305
10,T,472,False,5.512403745003328,0.24473541791255507,0.26144362342713523,5.664551940653193,214
10,T,70,False,5.467272171432303,0.9398202967053311,0.9443090243925307,4.3792007884252815,313
10,T,394,False,6.285362929003849,0.8286002458005148,0.8336880176604138,6.218200223410543,168
10,T,838,False,6.372425046857442,0.3187252058293124,0.33172744879013893,6.315417102085395,159
10,T,495,False,6.172042067800187,0.7191501571045804,0.7250064081878307,6.0571997404172,183
10,T,364,False,6.094145487024569,1.4773074641746866,1.480167114604334,7.06005543547322,91
10,T,240,False,4.72424640504042,0.11535235339572648,0.14752460433368147,4.557926324110606,301
10,T,522,False,5.4150960706895335,1.3878156166084537,1.390859277264303,5.5832175430831565,226
10,T,276,False,4.934788372099796,1.5395898443755964,1.542334021006588,5.033221649752709,271
10,T,702,False,5.583735666391904,0.7909494370574733,0.7962778129719619,5.842357886137614,197
10,T,766,False,7.335881342781697,1.0254956552748444,1.0296109374115348,6.9825748293317265,95
10,T,362,False,4.8144904915336575,1.4615149991536236,1.464405488995754,4.409762996084642,310
10,T,244,False,5.328074381751181,1.4113270445529877,1.4143201087931077,4.900323935815046,284
10,T,418,True,7.928573164774561,0.2923351014524899,0.3064590592413843,8.09998530830247,28
10,T,217,False,6.661455936304493,1.2494822592078496,1.2528620273298368,6.500777741096886,136
10,T,564,False,7.059957941512134,1.568850294874307,1.571543378713129,6.098802125234373,176
10,T,126,False,5.250136163127952,1.466132720920083,1.469014124779746,6.060697258207696,181
10,T,460,False,5.10654519236923,1.3650550259248748,1.3681493219866891,5.582966197923825,227
10,T,291,False,5.694430334113082,1.4557210241129483,1.458622995668973,5.046798291980944,269
10,T,847,True,8.2871422364813,1.3296220899276208,1.332798651512437,9.69596239497499,5
10,T,724,False,6.120473186252268,0.4194365348073023,0.429399988566644,6.6303042713221565,121
10,T,330,False,6.267401417066318,0.42756299757165095,0.4373413544844945,5.892427601258612,194
10,T,169,False,6.812006570749457,1.0588659683147568,1.062852050995351,7.6427488039468425,52
10,T,288,True,6.508142246245553,1.5820448791812554,1.5847155401501904,9.43920720820519,7
10,T,755,True,7.709553133957791,1.171130555516371,1.174735766678601,9.046415661437212,11
10,T,471,False,6.285493391309861,0.5582932676080229,0.5658168573896682,6.763609258174829,112
10,T,25,False,5.868664636462199,1.6791289633698074,1.6816454498726066,6.26997427273118,163
10,T,44,False,5.787030695779947,1.5829383204038017,1.5856074765378365,5.39951441631115,247
10,T,143,True,6.3053529006221645,1.1928148462022694,1.1963547136073065,8.651046494513345,15
10,T,833,False,4.245622763739831,0.9580211973707712,0.9624250402299406,2.556072378566098,357
10,T,195,False,4.276053629829956,0.48950677412088855,0.49807050239912354,3.9447236440107067,326
10,T,545,False,7.129905928942223,1.0527113715102476,1.0567206703556353,5.618311657721193,219
10,T,802,True,6.888308345445974,0.8114889568146235,0.8166833354991165,8.103867746602074,26
10,T,50,False,5.521713757520196,1.5138189849813504,1.516609792510863,5.816096520693318,199
10,T,478,False,6.57525932551008,1.41868370736815,1.421661283499595,5.588701292075342,225
10,T,49,False,5.2077029421411005,1.400545762091955,1.4035618173645261,5.483830956705347,241
10,T,837,False,6.801708894163185,1.4213484593139243,1.424320464728336,5.40310592277883,246
10,T,420,False,5.155379730108265,1.4335356346978052,1.436482425718573,4.913138523607127,282
10,T,4,False,5.518067404835205,1.603503346696845,1.6061383272675671,4.035367208918598,322
10,T,506,False,6.852616845669447,0.4349793037603135,0.44459457728326357,6.852113959404395,102
10,T,641,False,4.752181942721416,0.4971334920526182,0.5055680491984312,5.193862809751118,259
10,T,772,False,5.282321740526379,1.4362510777719069,1.4391923088492522,2.3001453359229416,359
10,T,696,False,6.01012049598413,1.3520615222637566,1.3551854867272095,3.2241487966334152,345
10,T,17,False,6.056829211107578,1.4093162034240616,1.4123135291724311,4.920960832475689,281
10,T,656,False,5.07753545932613,1.4290033805238167,1.431959498379187,5.032278792149131,272
10,T,499,False,6.235076413611392,0.5644047383875506,0.571847927480896,6.172947242115279,171
10,T,295,False,6.484025331929756,0.47129066630036004,0.4801793785573408,5.897575513628101,193
10,T,729,False,6.175734220087742,1.6612923208797232,1.6638357848248768,6.08203171174223,178
10,T,605,False,5.679060354125158,1.5337149318068681,1.5364696012278352,6.333603741294164,154
10,T,372,False,7.147618549067282,1.4121807384883747,1.4151719971817731,7.703403817742777,48
10,T,257,False,5.575817462444274,1.3133963320742421,1.3166120417784237,5.647400522887189,216
10,T,160,True,6.272849691295101,1.3225812349223658,1.3257746665322305,9.092844446485419,9
10,T,23,False,4.927959923763039,1.3263839509581885,1.3295682490227159,3.373181799136511,341
10,T,614,False,6.358477178395124,0.9216081210563631,0.9261851176988954,6.584060026479205,128
10,T,560,False,7.1884454980375025,0.14790753813089927,0.17416653893851172,7.190691877159683,77
10,T,248,False,7.371104337594786,0.19621573207603074,0.21669784716053223,7.5673995000124945,62
10,T,337,False,6.128495590982185,1.3038722769833058,1.3071114176440763,2.975063780758356,356
10,T,744,False,4.208618012023738,1.1898556956829298,1.1934043405313162,3.147309815070771,351
10,T,12,True,6.286450266851756,1.6531146171520197,1.6556706438454316,8.316384605042737,20
10,T,622,False,4.916638338947223,1.3083348796208514,1.311562999128286,3.265941483268687,343
10,T,73,True,6.4907571793293934,1.3295809022493512,1.3327575620029608,10.14321264594855,2
10,T,214,False,5.947409160645858,1.5306588404691357,1.5334189999332197,8.027249346077012,33
10,T,1,False,6.277138963199354,1.4917039872920346,1.4945360916193464,5.726459896989809,209
10,T,363,False,5.072737598779044,1.3939904382463186,1.3970206460077963,6.5919002068701396,127
10,T,88,False,5.6822827161893725,1.0539360584985493,1.0579407161336283,4.011367889989903,324
10,T,750,False,4.225311172064906,1.1885550029382899,1.192107519672414,3.19756948686566,348
10,T,482,False,5.439095707731883,1.4649776161001948,1.467861287426195,6.871065855125747,100
10,T,86,False,5.498182176271853,0.38939147860378776,0.4001038203505695,5.093141171796229,263
10,T,74,False,7.510054006832622,1.251384456769504,1.2547591012199049,6.90514878609713,99
10,T,179,False,5.785656589563531,1.4980711108758549,1.5008912008172661,6.093441391873722,177
10,T,184,False,5.02714112326394,1.5211742642912454,1.5239516021816075,6.6186385184544445,123
10,T,365,False,7.356042823125507,0.9731102794704318,0.9774461414629957,7.358095511473324,71
10,T,13,False,7.293113299074971,1.2526456160148889,1.25601687200897,6.379162945926478,148
10,T,558,False,6.724599205784131,0.9431562229523771,0.9476291491631474,6.129398947766922,173
10,T,266,True,7.851241910885415,0.2424222919562378,0.25927960021411656,8.20468015730651,23
10,T,503,False,5.492431607046476,0.23654732349654503,0.25379515303341754,5.514065344402409,237
10,T,212,False,5.176862859028138,1.5212763186744644,1.5240534705874356,3.564834412082436,339
10,T,823,False,5.319522396465372,1.2369113050032066,1.2403253282484448,4.744147627150919,290
10,T,483,False,5.479945594765694,1.4653665642531324,1.4682494716773802,6.379339223832043,147
10,T,66,False,4.274092123434487,0.959790615399682,0.9641863766197784,2.3707732695176023,358
10,T,484,False,5.5132520373982254,1.472992625924262,1.4758606368750167,6.5443566159480335,131
10,T,661,True,5.960671981873442,1.3006563674983458,1.3039034971054677,8.147231980381791,25
10,T,316,False,4.744833899605153,0.23514004561485366,0.25248402821095867,4.902876973801967,283
10,T,68,False,5.188736010166439,1.395227650164671,1.3982551767234428,5.05217232449545,268
10,T,467,False,6.197549534114493,0.6733163797608933,0.6795677234126061,6.332413479565175,155
10,T,289,False,6.288072915183498,1.66725902449193,1.6697933998551016,5.435463954368929,244
10,T,535,False,7.27860957193416,0.33675674186921334,0.3490880213416735,7.358890745612228,70
10,T,60,True,6.376237512722628,1.3323364744078081,1.3355065797244523,8.763535069560458,13
10,T,851,False,5.086765808895392,1.4158811363913824,1.418864593905574,3.4955233027003345,340
10,T,519,False,4.437461879532766,0.23662013818719477,0.25386302063436467,4.418840443159031,309
10,T,349,False,6.212867792499519,1.0036095593615106,1.007814214571159,4.402202104713237,311
10,T,630,False,5.306391584068622,1.5067090121624729,1.5095129647609828,4.595587948966804,299
10,T,94,False,6.116749252221606,1.1142492713956407,1.1180379162870966,6.407847754749814,144
10,T,101,False,6.3261612360523225,0.8599008377974592,0.8648044832762195,6.624817844833481,122
10,T,686,False,6.44287461483496,1.536911274496954,1.5396602252203986,5.691037966464953,212
10,T,658,False,6.172787184719927,1.4997971880751348,1.5026140385368287,7.1111996843270635,84
10,T,662,False,5.768280233181622,0.5904892792420139,0.5976076742727036,5.853986448275307,195
10,T,405,False,5.974631330188025,0.3375559747279471,0.3498590852392019,5.5380543885183755,234
10,T,323,False,5.534544850960127,1.5161248852473017,1.518911455982876,6.2355924283635416,166
10,T,634,False,5.45076583027355,1.6300698492066668,1.6326619542154226,5.589304465605856,224
10,T,812,True,6.055491704662872,1.593451330712712,1.59610290608093,8.559432568969587,17
10,T,229,False,5.938128381977103,1.3664294934483876,1.3695206840407683,5.260016888541664,257
10,T,130,False,5.972792057360119,1.6550003036913128,1.6575534225683994,5.349532060190701,250
10,T,456,False,5.468578704836952,1.48504325954081,1.4878880422120042,5.183003820888456,260
10,T,125,False,5.291873070940509,1.423025037812448,1.4259935489654207,6.672993148981854,118
10,T,477,False,5.081723811524138,1.4624821376343475,1.4653707197666423,5.96043176578573,187
10,T,352,False,7.4065988404174945,0.8278167383644953,0.8329092962419785,7.870262399199082,40
10,T,844,False,6.600202582759858,1.3258621777161215,1.329047725910553,4.204092133258293,321
10,T,505,False,7.488704316910286,0.4205859937389647,0.43052284675644004,7.678397445243467,50
10,T,198,True,5.8911083908181485,1.6919438627412937,1.6944413174016404,9.080304759300905,10
10,T,99,False,5.521340561362178,0.6252731216339,0.6319998576642867,5.376454169825937,248
10,T,368,False,7.240683481942846,0.8713833497939003,0.8762227375204981,7.323629900598295,72
10,T,262,True,6.241476866953469,1.5796035497696725,1.5822783313610875,8.101129670121862,27
10,T,659,False,6.182503151569373,1.5055242425882205,1.508330397648576,6.978512888835894,96
10,T,804,False,6.976010457380872,0.26652755320480637,0.2819473001594759,7.09533396909816,88
10,T,726,False,6.58663084619473,1.102645073275388,1.1064734524914561,6.1802302678243946,170
10,T,517,False,6.423636861068899,1.0383305742521929,1.042395186518417,5.5489560218274745,232
10,T,717,False,6.191391940229917,1.6499542106402234,1.6525151256975774,6.351670679600037,151
10,T,0,False,6.303839175347801,1.4918867557334585,1.4947185137619663,5.59485468194186,223
10,T,79,False,5.679141653483686,1.0154442719375507,1.0196001239999233,4.8117220506346445,289
10,T,100,False,5.53877849621515,0.9744318568605042,0.9787618643543927,7.114957597394907,82
10,T,371,False,6.230433658151016,1.472640782670358,1.4755094775140694,5.702189695878655,211
10,T,492,False,5.312971711849256,1.3155153359880623,1.318725878516707,5.61529337521159,220
10,T,121,False,7.2428339212735375,1.3412063563664063,1.344355545905743,7.112225668145738,83
10,T,157,False,5.217438639589888,1.4076161099716744,1.4106170481394535,4.9930777623432006,277
10,T,52,False,5.781238422154326,1.2877981678558408,1.2910776369307684,4.319045866523265,318
10,T,273,False,6.477862859998319,1.3351569481983996,1.3383203726209731,7.596429073379684,59
10,T,596,False,6.583437104631597,0.4535226082691443,0.46275274138693595,6.1017206389336565,175
10,T,805,False,6.970324250762722,0.484871143339812,0.4935153179927987,6.956721493426517,97
10,T,784,False,7.4571216726238125,0.7465940694845564,0.7522366968178217,6.852424383820495,101
10,T,733,False,6.479430313342746,1.5758422588585164,1.5785234139075,7.064312117335979,89
10,T,826,False,6.506785683423628,0.6884102190659858,0.6945257181446596,6.065230673549188,180
10,T,625,False,6.73902645540428,0.8431418747187172,0.8481424198529807,6.301733259843208,160
10,T,721,False,5.70479996630001,1.3837810890406657,1.386833604235363,1.8840124681015844,361
10,T,425,False,5.95975191426156,1.4612454836875493,1.4641365056056546,6.611714011863149,125
10,T,80,False,5.472966931075483,0.4331521096652909,0.4428070613228394,4.624475195728131,295
10,T,695,False,6.016800599426029,1.3530790435897815,1.356200664227722,3.2004591701802347,346
10,T,510,False,3.977303291839548,0.37780433502013855,0.38883603100778324,3.738177707839749,335
10,T,230,False,5.964203404333842,1.3646660325161843,1.3677612086008801,5.346852154579915,251
10,T,621,False,7.3765780174475895,1.0371833580490835,1.0412524485752002,8.026173457208728,34
10,T,48,False,4.9722695940806165,1.1680837916779192,1.171698377497614,5.484347295280474,240
10,T,609,False,4.849452473410322,0.9891967599722911,0.993462416697056,5.063271522927674,267
10,T,827,False,6.8874512915574835,0.9126313294716634,0.9172531204542683,5.637245817194411,217
10,T,235,False,5.220984408793159,1.4434743407335189,1.4464008835056565,3.804291571905188,331
10,T,422,False,5.423150748489155,1.4283376737729858,1.4312951665429117,5.005223271745263,276
10,T,603,False,5.741612354063237,1.6266993858798449,1.6292968530847107,6.616223732626295,124
10,T,145,False,6.148559249310248,1.3317208706525399,1.334892437907053,6.760393417235957,113
10,T,814,False,6.290279183892616,0.10243287757165631,0.13765841004997345,6.348266485051221,152
10,T,574,False,6.655490839903939,0.618130219806422,0.6249338461691863,5.776731772396813,204
10,T,204,True,6.732784257732976,1.221945933228729,1.2254016513715438,8.35296870717853,18
10,T,173,False,5.971605835920427,1.3172661875123504,1.3204724730993824,7.812331945455919,42
10,T,153,False,7.904590565066302,1.2964508825511898,1.2997085189832511,5.6629336168784326,215
10,T,155,False,5.17139083902523,1.4878269338083294,1.4906664041345308,4.825606544021937,288
10,T,325,False,6.753119936598744,1.0138884140300157,1.0180506173831325,5.928313329753314,190
10,T,607,False,6.21219789558471,0.4040219431762174,0.41435621633778263,6.550487662839589,130
10,T,106,False,5.774363117472793,1.1004336150619047,1.104269661182489,4.500521467935588,307
10,T,602,False,7.967897525119982,0.20071003791985387,0.22077559369564806,7.7349652716785195,47
10,T,251,False,7.381482054923973,0.38120021710591934,0.3921363907768275,7.802749011074015,43
10,T,253,False,7.305327292647027,0.40875770595140615,0.418975184974639,8.015628614590419,35
10,T,172,True,6.398244344003377,1.1414832352071493,1.1451817845690948,9.552499871128708,6
10,T,318,False,5.230357141846753,1.4039029626249777,1.406911820945814,5.732763432648551,206
10,T,507,False,7.36871993381346,0.21376132967679498,0.23270421035096922,7.1410074791639,80
10,T,379,False,6.174967387710495,1.3350915482720058,1.3382551272897176,6.8013725513282335,108
10,T,788,False,7.680451255724742,0.21041328923104596,0.22963252325161718,7.791232200349906,45
10,T,161,False,6.9093826358792665,0.31033088427231925,0.3236705133049909,6.697151030713568,116
10,T,436,False,6.104227848606056,1.6422171317276453,1.6447900933522341,7.212439534005802,76
10,T,808,False,6.521915830261468,0.3841422560494985,0.3949969826880645,6.254981721594124,165
10,T,334,False,8.287749782235458,1.309285246893311,1.312511028975511,7.096721157990189,87
10,T,722,False,5.686459639236834,1.3852968085030641,1.3883459911342892,1.9911324600793487,360
10,T,141,False,6.543963562251185,0.503487568491228,0.5118174235751316,6.476390867796839,137
10,T,465,False,7.853248387897439,0.2870289378561593,0.3014016499900285,7.960339585607067,36
10,T,557,False,7.174519678245095,0.4929392207930522,0.5014443327488488,6.5365618495821565,132
10,T,61,True,6.374238706243888,1.3306325049874361,1.3338066601944285,8.258056022075703,22
10,T,468,False,6.311880960287379,0.7541431773860456,0.7597297384253149,6.799228510683595,109
10,T,459,False,4.9038091153862835,1.3753802689325374,1.3784513874703075,5.980445656152085,185
10,T,58,False,4.820747763932916,0.12396051329607354,0.15434880079386015,4.542848993411474,302
10,T,502,False,5.44030384325603,0.16506241335922858,0.1889522261150938,5.315603177683519,254
10,T,779,False,5.062206703510896,1.2507290757488008,1.2541054837505998,4.473438421877046,308
10,T,176,False,6.049404121815409,0.37260572244391993,0.38378687816004364,5.931903398907342,189
10,T,553,False,6.260786865509742,0.5484986779190167,0.5561547834270474,5.519990116872663,236
10,T,782,False,7.2444387643417585,0.15326869717605957,0.1787418165509217,7.3681636640828545,69
10,T,756,False,7.27810404479399,0.2607259488342219,0.2764694627718982,7.369721329416024,68
10,T,790,False,6.086630721190681,1.5303546941201789,1.533115401157246,5.222372659381365,258
10,T,328,False,7.666616998011055,1.2103870928475104,1.2138757176835382,5.905630374882865,192
10,T,690,False,4.9355302708017135,1.5391155797436673,1.5418606004628181,5.0918933899456365,264
10,T,573,False,6.855100581558223,1.212180210217626,1.2156636893043753,6.6027803245672185,126
10,T,343,False,6.132749316164594,1.3031598913586995,1.3064007983371313,3.003064770013135,355
10,T,97,False,5.762090446006366,1.0989603611070144,1.102801531887917,4.345190722373246,315
10,T,520,False,6.3789790497096055,0.9417411771027188,0.9462207924690151,5.9102182279725985,191
10,T,90,False,5.537606623383313,0.9861813045543842,0.990459948156645,7.043751910551883,92
10,T,423,False,5.822924387832747,1.5794887206922894,1.582163696411987,4.324654678403659,317
10,T,736,False,6.3246004003247815,1.5433872726152966,1.5461247093041235,5.539672284881557,233
10,T,618,False,5.401590450869399,1.1717083898293192,1.1753118285145832,5.6720524428286945,213
10,T,207,False,6.476906248612588,1.3733261320677226,1.3764018339387551,6.701490842144083,115
10,T,508,False,6.0303493783541935,1.4041111707191256,1.407119583826517,7.604594656503375,56
10,T,739,False,5.304497418124525,1.3684588836242408,1.3715455003826815,5.726288083446528,210
10,T,475,False,5.177361611845819,1.4296315422848385,1.4325863639395717,5.599954570098331,222
