dataset,representation,kernel,protocol,n_seeds,mae_mean,mae_sd,r2_mean,recall_mean,recall_auc_mean,convergence_fraction
biodolphin_Kd,chemberta,linear,ei,3,0.746353538975966,0.04268397781842032,0.5832368437235421,0.6952380952380953,0.3461904761904762,1.0
biodolphin_Kd,chemberta,linear,greedy,3,0.8112813935123319,0.045978307659895745,0.5478222261615319,0.919047619047619,0.744047619047619,1.0
biodolphin_Kd,chemberta,linear,pi,3,0.7502631298491099,0.021140191236681705,0.5841477694130514,0.7142857142857143,0.45571428571428574,1.0
biodolphin_Kd,chemberta,linear,random,3,0.6719591624364689,0.029797253632771435,0.650616225159762,0.4380952380952381,0.23857142857142857,1.0
biodolphin_Kd,chemberta,linear,thompson,3,0.7687066629779439,0.08266723189163407,0.5679120339963966,0.9238095238095237,0.5795238095238094,1.0
biodolphin_Kd,chemberta,linear,thompson_diverse,3,0.7397324547812913,0.05878797758511085,0.592068495159969,0.9285714285714285,0.5921428571428572,1.0
biodolphin_Kd,chemberta,linear,ucb_alternate,3,0.7455811081076082,0.06672470473394827,0.6045487979667582,0.9047619047619048,0.5938095238095237,1.0
biodolphin_Kd,chemberta,linear,ucb_balanced,3,0.7761608850605425,0.007486038502071015,0.5647288425225533,0.919047619047619,0.7002380952380952,1.0
biodolphin_Kd,chemberta,linear,ucb_exploit_heavy,3,0.7641437649687998,0.07116539964594915,0.5857743817561925,0.9,0.7416666666666666,1.0
biodolphin_Kd,chemberta,linear,ucb_explore_heavy,3,0.7651253589207799,0.07591873402929737,0.5680427438048158,0.8380952380952381,0.2519047619047619,1.0
biodolphin_Kd,chemberta,linear,ucb_gradual,3,0.8117894350589786,0.04323723405438452,0.5333973511553681,0.9,0.5202380952380953,1.0
biodolphin_Kd,chemberta,linear,ucb_sandwich,3,0.7693652153548801,0.02944524199707191,0.5726744846674775,0.9,0.6164285714285714,1.0
biodolphin_Kd,chemberta,linear,uncertainty,3,0.7287941263142295,0.04200806531919333,0.613791173043472,0.19999999999999998,0.12428571428571428,1.0
biodolphin_Kd,chemberta,matern32,ei,3,0.7243430869092182,0.0387338036162867,0.6121780620049174,0.8857142857142857,0.7061904761904761,1.0
biodolphin_Kd,chemberta,matern32,greedy,3,0.7699393264948992,0.09147888414554864,0.5774214687446907,0.942857142857143,0.7561904761904762,1.0
biodolphin_Kd,chemberta,matern32,pi,3,0.7261945190886251,0.06663144748920966,0.6134415864535595,0.8571428571428572,0.6676190476190476,1.0
biodolphin_Kd,chemberta,matern32,random,3,0.6568129163560562,0.04704387785687983,0.6561198850619079,0.4380952380952381,0.23857142857142857,1.0
biodolphin_Kd,chemberta,matern32,thompson,3,0.7054986044466505,0.045870668059643946,0.6242964115467552,0.9666666666666668,0.7107142857142857,1.0
biodolphin_Kd,chemberta,matern32,thompson_diverse,3,0.7094998707936749,0.03549551212235136,0.6144084955270687,0.9619047619047619,0.6938095238095238,1.0
biodolphin_Kd,chemberta,matern32,ucb_alternate,3,0.8006931914897665,0.12608441939091078,0.5257288110701435,0.8523809523809524,0.6007142857142856,1.0
biodolphin_Kd,chemberta,matern32,ucb_balanced,3,0.7740654739292316,0.07415966266136628,0.5712532342222493,0.9571428571428572,0.7811904761904763,1.0
biodolphin_Kd,chemberta,matern32,ucb_exploit_heavy,3,0.7847393084283271,0.09283623150313643,0.5653237411783745,0.9142857142857143,0.7557142857142857,1.0
biodolphin_Kd,chemberta,matern32,ucb_explore_heavy,3,0.7770762137233479,0.1325011319665741,0.5476388474332664,0.8476190476190476,0.2723809523809524,1.0
biodolphin_Kd,chemberta,matern32,ucb_gradual,3,0.7849265367247341,0.06493255809272783,0.566642855607277,0.9523809523809524,0.5433333333333333,1.0
biodolphin_Kd,chemberta,matern32,ucb_sandwich,3,0.7926682722431071,0.0799140952885271,0.5738743960464006,0.8666666666666667,0.5761904761904763,1.0
biodolphin_Kd,chemberta,matern32,uncertainty,3,0.7452666032567992,0.05110847177844149,0.5752446918298745,0.20476190476190478,0.13595238095238094,1.0
biodolphin_Kd,chemberta,rbf,ei,3,0.7205927947585797,0.03834558876506003,0.6179902508916193,0.9142857142857143,0.7142857142857143,1.0
biodolphin_Kd,chemberta,rbf,greedy,3,0.7747138403862804,0.036182785410220686,0.5727194086896179,0.942857142857143,0.7314285714285714,1.0
biodolphin_Kd,chemberta,rbf,pi,3,0.7244998799234702,0.03980143571654991,0.6181058478153042,0.8761904761904762,0.6761904761904761,1.0
biodolphin_Kd,chemberta,rbf,random,3,0.6582587784409731,0.03846887396288968,0.6560454947941478,0.4380952380952381,0.23857142857142857,1.0
biodolphin_Kd,chemberta,rbf,thompson,3,0.7674922284504996,0.06955125917662555,0.5716633301379758,0.938095238095238,0.6726190476190476,1.0
biodolphin_Kd,chemberta,rbf,thompson_diverse,3,0.7127408173864912,0.06880353314917087,0.6242606233527548,0.9619047619047619,0.6957142857142857,1.0
biodolphin_Kd,chemberta,rbf,ucb_alternate,3,0.7847114477434903,0.02001092279847672,0.5646366752797985,0.9476190476190477,0.6140476190476191,1.0
biodolphin_Kd,chemberta,rbf,ucb_balanced,3,0.766102221382203,0.0873988949845817,0.5761584263294427,0.9857142857142858,0.7683333333333334,1.0
biodolphin_Kd,chemberta,rbf,ucb_exploit_heavy,3,0.7917141218817054,0.0811250408608323,0.5532999848102891,0.8761904761904762,0.7209523809523809,1.0
biodolphin_Kd,chemberta,rbf,ucb_explore_heavy,3,0.783576426534545,0.10049913711243871,0.5722781508002587,0.8761904761904762,0.2842857142857143,1.0
biodolphin_Kd,chemberta,rbf,ucb_gradual,3,0.7908930473571751,0.06920453164469627,0.5573402057181515,0.9285714285714285,0.5564285714285714,1.0
biodolphin_Kd,chemberta,rbf,ucb_sandwich,3,0.7898432055101949,0.059081070383099586,0.5546397383357954,0.780952380952381,0.5419047619047619,1.0
biodolphin_Kd,chemberta,rbf,uncertainty,3,0.7115440809721806,0.04582580822465831,0.6181994125624319,0.20952380952380953,0.14428571428571427,1.0
biodolphin_Kd,chemberta,rq,ei,3,0.7469481764566241,0.04966607062183103,0.5973930648899088,0.9142857142857143,0.7261904761904763,1.0
biodolphin_Kd,chemberta,rq,greedy,3,0.7781789493800394,0.0653723190488052,0.5738663489109124,0.9714285714285715,0.7528571428571428,1.0
biodolphin_Kd,chemberta,rq,pi,3,0.7233616928022933,0.04185894675237393,0.6231152561938896,0.8761904761904762,0.6761904761904761,1.0
biodolphin_Kd,chemberta,rq,random,3,0.6581675178211368,0.038622349870209585,0.6562036188521715,0.4380952380952381,0.23857142857142857,1.0
biodolphin_Kd,chemberta,rq,thompson,3,0.7460360739916881,0.04899378957360784,0.6022765943772166,0.9380952380952382,0.6773809523809523,1.0
biodolphin_Kd,chemberta,rq,thompson_diverse,3,0.7086645131142822,0.04893030379423437,0.6230638118036058,0.942857142857143,0.6804761904761905,0.9696969696969697
biodolphin_Kd,chemberta,rq,ucb_alternate,3,0.747940264788479,0.07848824906842514,0.598994683835761,0.9523809523809524,0.6195238095238095,1.0
biodolphin_Kd,chemberta,rq,ucb_balanced,3,0.8075017809572399,0.10036299423019193,0.5247598803837583,0.9714285714285715,0.7661904761904763,1.0
biodolphin_Kd,chemberta,rq,ucb_exploit_heavy,3,0.8013307163908264,0.09298452742600875,0.5502878638790539,0.9095238095238095,0.7473809523809524,1.0
biodolphin_Kd,chemberta,rq,ucb_explore_heavy,3,0.7743293013320703,0.08949761543019549,0.5769192509724714,0.8761904761904762,0.27952380952380956,1.0
biodolphin_Kd,chemberta,rq,ucb_gradual,3,0.8007102454398765,0.06718161851185694,0.5518495996660616,0.938095238095238,0.5573809523809524,1.0
biodolphin_Kd,chemberta,rq,ucb_sandwich,3,0.790902474113794,0.05986888370133207,0.5554098759201281,0.780952380952381,0.5419047619047619,1.0
biodolphin_Kd,chemberta,rq,uncertainty,3,0.7128632778394448,0.04412274582805343,0.6250566198832345,0.19999999999999998,0.13809523809523808,1.0
biodolphin_Kd,chemberta,tanimoto,ei,3,0.7324118889243064,0.03528077295384837,0.600959777078708,0.9142857142857143,0.7114285714285714,1.0
biodolphin_Kd,chemberta,tanimoto,greedy,3,0.7678266779747446,0.06760056986033136,0.5752854784179365,0.919047619047619,0.7549999999999999,1.0
biodolphin_Kd,chemberta,tanimoto,pi,3,0.7417429071327315,0.04025703935057367,0.6042703065767162,0.9,0.7202380952380952,1.0
biodolphin_Kd,chemberta,tanimoto,random,3,0.6494155229975794,0.034022551704256374,0.6645144984443302,0.4380952380952381,0.23857142857142857,1.0
biodolphin_Kd,chemberta,tanimoto,thompson,3,0.7106948505298777,0.013725222441744397,0.6283868470436081,0.9571428571428572,0.7016666666666667,1.0
biodolphin_Kd,chemberta,tanimoto,thompson_diverse,3,0.7070035860357801,0.0458245050100062,0.6180069097328837,0.9238095238095237,0.6828571428571428,1.0
biodolphin_Kd,chemberta,tanimoto,ucb_alternate,3,0.7379932915496278,0.06307491189175567,0.6013947382966144,0.9142857142857143,0.6376190476190476,1.0
biodolphin_Kd,chemberta,tanimoto,ucb_balanced,3,0.7685628624311196,0.036104460580290904,0.5775281881776188,0.919047619047619,0.7583333333333334,1.0
biodolphin_Kd,chemberta,tanimoto,ucb_exploit_heavy,3,0.7804343955773675,0.034576355823898515,0.5579509577864887,0.9333333333333332,0.7533333333333333,1.0
biodolphin_Kd,chemberta,tanimoto,ucb_explore_heavy,3,0.7520002428659912,0.08435022565337531,0.5961878574096621,0.8761904761904762,0.27238095238095233,1.0
biodolphin_Kd,chemberta,tanimoto,ucb_gradual,3,0.776812257611081,0.04238861220566132,0.5679818608673376,0.9666666666666667,0.5607142857142856,1.0
biodolphin_Kd,chemberta,tanimoto,ucb_sandwich,3,0.7445354016303302,0.061598135948682194,0.6048954467201256,0.9571428571428572,0.6292857142857143,1.0
biodolphin_Kd,chemberta,tanimoto,uncertainty,3,0.6724641443060403,0.043353292420904445,0.6488991682849007,0.20476190476190478,0.13499999999999998,1.0
biodolphin_Kd,chemberta_mlm,linear,ei,3,0.7924025100050692,0.11959782157293633,0.5594448660303789,0.7999999999999999,0.63,1.0
biodolphin_Kd,chemberta_mlm,linear,greedy,3,0.8730499985159699,0.049590614266976994,0.47480579141232154,0.942857142857143,0.7390476190476191,1.0
biodolphin_Kd,chemberta_mlm,linear,pi,3,0.7970091199919821,0.10748229140413523,0.5222078567459819,0.9238095238095237,0.7295238095238096,1.0
biodolphin_Kd,chemberta_mlm,linear,random,3,0.7252460454844495,0.052868703297684116,0.5971310216374733,0.4380952380952381,0.23857142857142857,1.0
biodolphin_Kd,chemberta_mlm,linear,thompson,3,0.8026923558418625,0.12813704964460726,0.5242260127785968,0.919047619047619,0.6745238095238094,1.0
biodolphin_Kd,chemberta_mlm,linear,thompson_diverse,3,0.7915347911825673,0.1201145719117712,0.542774575898116,0.942857142857143,0.6666666666666666,1.0
biodolphin_Kd,chemberta_mlm,linear,ucb_alternate,3,0.8200674799549682,0.1143103908852134,0.5325853348511601,0.9142857142857143,0.6161904761904762,1.0
biodolphin_Kd,chemberta_mlm,linear,ucb_balanced,3,0.8683041576695033,0.13627705863852135,0.46686741360888134,0.9761904761904763,0.7826190476190478,1.0
biodolphin_Kd,chemberta_mlm,linear,ucb_exploit_heavy,3,0.8580908840962659,0.06918977871207846,0.5027892423346517,0.9,0.7297619047619048,1.0
biodolphin_Kd,chemberta_mlm,linear,ucb_explore_heavy,3,0.7861870230378697,0.06429526648452294,0.5700727397354379,0.7619047619047619,0.23904761904761906,1.0
biodolphin_Kd,chemberta_mlm,linear,ucb_gradual,3,0.8230601421427863,0.13012774644241132,0.5262703818466793,0.9523809523809524,0.5323809523809524,1.0
biodolphin_Kd,chemberta_mlm,linear,ucb_sandwich,3,0.847000380840937,0.10428024811966582,0.5170394930812005,0.919047619047619,0.5897619047619048,1.0
biodolphin_Kd,chemberta_mlm,linear,uncertainty,3,0.7501212617657735,0.04982715904459917,0.5871242122334551,0.18571428571428572,0.11452380952380953,1.0
biodolphin_Kd,chemberta_mlm,matern32,ei,3,0.768714482727256,0.08741208815228188,0.5677825360073693,0.8714285714285714,0.6292857142857143,1.0
biodolphin_Kd,chemberta_mlm,matern32,greedy,3,0.8437119128246211,0.10649416031053995,0.487223497177432,0.8476190476190476,0.6919047619047619,1.0
biodolphin_Kd,chemberta_mlm,matern32,pi,3,0.7799152576741596,0.08220280648448784,0.555446346691663,0.8857142857142857,0.6857142857142856,1.0
biodolphin_Kd,chemberta_mlm,matern32,random,3,0.6879405681259353,0.05718113779636114,0.6168537626118393,0.4380952380952381,0.23857142857142857,1.0
biodolphin_Kd,chemberta_mlm,matern32,thompson,3,0.7106849081255603,0.07409721320815876,0.6200399918695968,0.919047619047619,0.6702380952380951,1.0
biodolphin_Kd,chemberta_mlm,matern32,thompson_diverse,3,0.7650392428405067,0.04846690823805021,0.5608760663938323,0.8666666666666667,0.6204761904761905,1.0
biodolphin_Kd,chemberta_mlm,matern32,ucb_alternate,3,0.7823180037773548,0.13528135598981494,0.5305001882497125,0.8809523809523809,0.5845238095238096,1.0
biodolphin_Kd,chemberta_mlm,matern32,ucb_balanced,3,0.7950526936301956,0.09304024918391039,0.5358001493806668,0.9571428571428572,0.7211904761904763,1.0
biodolphin_Kd,chemberta_mlm,matern32,ucb_exploit_heavy,3,1.067553797852525,0.35062199268983935,0.30363437912317737,0.8190476190476191,0.6876190476190477,1.0
biodolphin_Kd,chemberta_mlm,matern32,ucb_explore_heavy,3,0.7894790225658394,0.07902268350213064,0.5442051117100691,0.8333333333333334,0.26452380952380955,1.0
biodolphin_Kd,chemberta_mlm,matern32,ucb_gradual,3,0.8358292636528007,0.1483208640962658,0.48452414908785607,0.8238095238095239,0.4888095238095238,1.0
biodolphin_Kd,chemberta_mlm,matern32,ucb_sandwich,3,0.8443473339356652,0.1334119957745811,0.49197001727313056,0.8190476190476191,0.5319047619047619,1.0
biodolphin_Kd,chemberta_mlm,matern32,uncertainty,3,0.7149969646313229,0.0392228576890097,0.6085478497165983,0.21428571428571427,0.13404761904761905,1.0
biodolphin_Kd,chemberta_mlm,rbf,ei,3,0.7588736514140754,0.04332234934529755,0.5624503550570478,0.7095238095238096,0.565,1.0
biodolphin_Kd,chemberta_mlm,rbf,greedy,3,0.8432858650580014,0.09853213093766182,0.48761432922679293,0.8952380952380953,0.6833333333333332,1.0
biodolphin_Kd,chemberta_mlm,rbf,pi,3,0.767518182118974,0.04455750272749477,0.5593417463948308,0.8666666666666667,0.670952380952381,1.0
biodolphin_Kd,chemberta_mlm,rbf,random,3,0.6963951297749054,0.05204890315159867,0.6073079437068566,0.4380952380952381,0.23857142857142857,1.0
biodolphin_Kd,chemberta_mlm,rbf,thompson,3,0.7814196835400918,0.12910398989329536,0.5441670356274272,0.9047619047619048,0.6580952380952381,1.0
biodolphin_Kd,chemberta_mlm,rbf,thompson_diverse,3,0.7370666234240019,0.06719697273505663,0.5738730767454399,0.8904761904761904,0.6321428571428572,1.0
biodolphin_Kd,chemberta_mlm,rbf,ucb_alternate,3,0.8339162700283342,0.09841555634308093,0.4973453022621257,0.861904761904762,0.6007142857142858,1.0
biodolphin_Kd,chemberta_mlm,rbf,ucb_balanced,3,0.8086519142474712,0.08432464057539109,0.5194187049871944,0.9095238095238095,0.685,1.0
biodolphin_Kd,chemberta_mlm,rbf,ucb_exploit_heavy,3,0.8566919364875581,0.08816848053146376,0.47531646663963256,0.8142857142857144,0.6721428571428572,1.0
biodolphin_Kd,chemberta_mlm,rbf,ucb_explore_heavy,3,0.7946348205829747,0.0766480699831705,0.5291361077242634,0.8095238095238096,0.2571428571428572,1.0
biodolphin_Kd,chemberta_mlm,rbf,ucb_gradual,3,0.9009797494892342,0.08485316737376532,0.42732480350414576,0.7904761904761904,0.47142857142857136,1.0
biodolphin_Kd,chemberta_mlm,rbf,ucb_sandwich,3,0.8917278387972876,0.08725098541581637,0.43060992700671347,0.7476190476190476,0.4973809523809524,1.0
biodolphin_Kd,chemberta_mlm,rbf,uncertainty,3,0.7266570288771891,0.03834832938400418,0.6053000681027249,0.26666666666666666,0.1342857142857143,1.0
biodolphin_Kd,chemberta_mlm,rq,ei,3,0.7357447406768349,0.057404185647796105,0.6063413382700443,0.7857142857142857,0.5750000000000001,1.0
biodolphin_Kd,chemberta_mlm,rq,greedy,3,0.8083482093911002,0.09241823174986057,0.5173320183974058,0.938095238095238,0.7111904761904762,1.0
biodolphin_Kd,chemberta_mlm,rq,pi,3,0.761847029670728,0.09321675608464389,0.5475877180955969,0.8285714285714286,0.6523809523809524,1.0
biodolphin_Kd,chemberta_mlm,rq,random,3,0.6856494099294004,0.06360518951250896,0.6200844040228506,0.4380952380952381,0.23857142857142857,1.0
biodolphin_Kd,chemberta_mlm,rq,thompson,3,0.7907293793150423,0.1328722902903587,0.5282920037039619,0.9095238095238095,0.6740476190476191,1.0
biodolphin_Kd,chemberta_mlm,rq,thompson_diverse,3,0.7385729569227477,0.07231456015413741,0.6036422523578665,0.8857142857142857,0.6342857142857143,1.0
biodolphin_Kd,chemberta_mlm,rq,ucb_alternate,3,0.791786481093247,0.09898404799001616,0.54049317138577,0.861904761904762,0.5950000000000001,1.0
biodolphin_Kd,chemberta_mlm,rq,ucb_balanced,3,0.7844655807494303,0.08858704203816753,0.5411158825982173,0.9714285714285715,0.73,1.0
biodolphin_Kd,chemberta_mlm,rq,ucb_exploit_heavy,3,0.8042223193275619,0.1345281738422594,0.5438052152279005,0.8428571428571429,0.6921428571428572,1.0
biodolphin_Kd,chemberta_mlm,rq,ucb_explore_heavy,3,0.7903364846129796,0.09400215520517712,0.5440286134745366,0.8285714285714286,0.2619047619047619,1.0
biodolphin_Kd,chemberta_mlm,rq,ucb_gradual,3,0.8456296743924473,0.16393553012106535,0.4863028169039589,0.8809523809523809,0.5145238095238095,1.0
biodolphin_Kd,chemberta_mlm,rq,ucb_sandwich,3,0.8127709478955972,0.12108146327271085,0.5272501505313948,0.8047619047619047,0.5321428571428571,1.0
biodolphin_Kd,chemberta_mlm,rq,uncertainty,3,0.7028012621194583,0.08117113914133212,0.643336461303862,0.2380952380952381,0.13333333333333333,1.0
biodolphin_Kd,chemberta_mlm,tanimoto,ei,3,0.7606030600375489,0.09129414467740603,0.5763129946421387,0.7999999999999999,0.6561904761904762,1.0
biodolphin_Kd,chemberta_mlm,tanimoto,greedy,3,0.7916085369558088,0.0942315716295926,0.5491775272179218,0.9666666666666667,0.7521428571428571,1.0
biodolphin_Kd,chemberta_mlm,tanimoto,pi,3,0.781824419814004,0.08777940667423323,0.5655480324043857,0.9571428571428572,0.7778571428571429,1.0
biodolphin_Kd,chemberta_mlm,tanimoto,random,3,0.7114159654775344,0.05472941319769752,0.6028379551708888,0.4380952380952381,0.23857142857142857,1.0
biodolphin_Kd,chemberta_mlm,tanimoto,thompson,3,0.7908792649950277,0.08266305908461058,0.539531349728284,0.9285714285714285,0.6388095238095238,1.0
biodolphin_Kd,chemberta_mlm,tanimoto,thompson_diverse,3,0.7672154544684545,0.10737781493773925,0.5714552594778084,0.9285714285714285,0.6588095238095238,1.0
biodolphin_Kd,chemberta_mlm,tanimoto,ucb_alternate,3,0.8559178985471373,0.13817313761989677,0.5027019129512854,0.9047619047619048,0.6123809523809524,1.0
biodolphin_Kd,chemberta_mlm,tanimoto,ucb_balanced,3,0.8007722565619814,0.11296620661003182,0.538076321701063,0.9619047619047619,0.7723809523809524,1.0
biodolphin_Kd,chemberta_mlm,tanimoto,ucb_exploit_heavy,3,0.8295905186827394,0.10680107899970745,0.5230790527819332,0.9333333333333332,0.7466666666666667,1.0
biodolphin_Kd,chemberta_mlm,tanimoto,ucb_explore_heavy,3,0.783103799046418,0.07199771350852477,0.5674366582738178,0.8714285714285714,0.2792857142857143,1.0
biodolphin_Kd,chemberta_mlm,tanimoto,ucb_gradual,3,0.8395872739655661,0.08211066113335257,0.5160640737176282,0.9523809523809524,0.5471428571428572,1.0
biodolphin_Kd,chemberta_mlm,tanimoto,ucb_sandwich,3,0.8459777734827609,0.10989526797224476,0.5059633516619261,0.9047619047619048,0.5957142857142858,1.0
biodolphin_Kd,chemberta_mlm,tanimoto,uncertainty,3,0.6648891880697515,0.017734449701095688,0.6520056361756821,0.24285714285714285,0.14642857142857144,1.0
biodolphin_Kd,ecfp,linear,ei,3,0.6843999478130002,0.053036746616751215,0.6380038991123544,0.7761904761904762,0.46880952380952373,1.0
biodolphin_Kd,ecfp,linear,greedy,3,0.7940661028570614,0.10258484077914659,0.5531567794459129,0.9619047619047619,0.7257142857142856,1.0
biodolphin_Kd,ecfp,linear,pi,3,0.7269992840625722,0.08953550410197493,0.5979601489171441,0.8619047619047618,0.6197619047619047,1.0
biodolphin_Kd,ecfp,linear,random,3,0.6429493795037674,0.05454531349024865,0.6673458203074425,0.4380952380952381,0.23857142857142857,1.0
biodolphin_Kd,ecfp,linear,thompson,3,0.739509255752223,0.05977952138281787,0.5921225205301824,0.919047619047619,0.6354761904761904,1.0
biodolphin_Kd,ecfp,linear,thompson_diverse,3,0.6993003564333798,0.11578413474702333,0.62174273732516,0.9238095238095237,0.6328571428571429,1.0
biodolphin_Kd,ecfp,linear,ucb_alternate,3,0.7624742329130628,0.09041788193456218,0.5734944097893769,0.9666666666666667,0.6288095238095238,1.0
biodolphin_Kd,ecfp,linear,ucb_balanced,3,0.7575007587496492,0.07340247023980521,0.5795918358892937,0.9761904761904763,0.7454761904761904,1.0
biodolphin_Kd,ecfp,linear,ucb_exploit_heavy,3,0.7639519414722821,0.06368551692561748,0.5695789971028667,0.938095238095238,0.7226190476190476,1.0
biodolphin_Kd,ecfp,linear,ucb_explore_heavy,3,0.7721608397925097,0.0784766302517008,0.5696361040646931,0.9238095238095237,0.33285714285714285,1.0
biodolphin_Kd,ecfp,linear,ucb_gradual,3,0.8013047334776346,0.11045974681961374,0.5430112374442824,0.919047619047619,0.5488095238095237,1.0
biodolphin_Kd,ecfp,linear,ucb_sandwich,3,0.7623922941370259,0.07981707009121969,0.5743672124219911,0.9047619047619048,0.611904761904762,1.0
biodolphin_Kd,ecfp,linear,uncertainty,3,0.640753786906935,0.04105036248313345,0.665238868776473,0.33809523809523806,0.2097619047619048,1.0
biodolphin_Kd,ecfp,matern32,ei,3,0.7204335416568733,0.08366338544971166,0.5982156522121516,0.7857142857142857,0.5911904761904762,1.0
biodolphin_Kd,ecfp,matern32,greedy,3,0.8673601967756653,0.07524273051147692,0.4735547391846065,0.8380952380952381,0.6623809523809524,1.0
biodolphin_Kd,ecfp,matern32,pi,3,0.7610321721493652,0.10280298647391035,0.5552551533268282,0.8285714285714286,0.6414285714285713,1.0
biodolphin_Kd,ecfp,matern32,random,3,0.6718982536531648,0.09996950129287524,0.6236187630590845,0.4380952380952381,0.23857142857142857,1.0
biodolphin_Kd,ecfp,matern32,thompson,3,0.7586297136518635,0.13272760574692163,0.5775101198679453,0.9238095238095237,0.6771428571428572,1.0
biodolphin_Kd,ecfp,matern32,thompson_diverse,3,0.7143324552361991,0.11467428747057684,0.6076603091496768,0.9333333333333332,0.689047619047619,1.0
biodolphin_Kd,ecfp,matern32,ucb_alternate,3,0.7412666200621606,0.12681383518247616,0.5875046401680879,0.9047619047619048,0.6157142857142857,1.0
biodolphin_Kd,ecfp,matern32,ucb_balanced,3,0.7521093846457273,0.09913816530206787,0.5793778806645508,0.9095238095238095,0.7026190476190477,1.0
biodolphin_Kd,ecfp,matern32,ucb_exploit_heavy,3,1.0798749051804046,0.33919831715792315,0.2922345489535252,0.7999999999999999,0.6538095238095237,1.0
biodolphin_Kd,ecfp,matern32,ucb_explore_heavy,3,0.7561029002754847,0.1149913788389455,0.570209900987865,0.8619047619047618,0.2926190476190476,1.0
biodolphin_Kd,ecfp,matern32,ucb_gradual,3,0.8028473689301018,0.1258550580606641,0.5463040982714803,0.8666666666666667,0.5304761904761904,1.0
biodolphin_Kd,ecfp,matern32,ucb_sandwich,3,0.7860871935133417,0.14368568891885203,0.5466781283604071,0.8333333333333334,0.5721428571428572,1.0
biodolphin_Kd,ecfp,matern32,uncertainty,3,0.6780828289295995,0.07835043435053093,0.6255915481588161,0.24761904761904763,0.16190476190476188,1.0
biodolphin_Kd,ecfp,rbf,ei,3,0.7233828730543497,0.09275156980385718,0.5989198674013813,0.8333333333333334,0.6464285714285715,1.0
biodolphin_Kd,ecfp,rbf,greedy,3,0.8411012134659854,0.10182479974291421,0.5152734471452485,0.9142857142857143,0.7076190476190476,1.0
biodolphin_Kd,ecfp,rbf,pi,3,0.7235130317990132,0.09110028419635628,0.6143192278739409,0.919047619047619,0.7192857142857143,1.0
biodolphin_Kd,ecfp,rbf,random,3,0.6550992261858503,0.06992834109407443,0.6472623360257631,0.4380952380952381,0.23857142857142857,1.0
biodolphin_Kd,ecfp,rbf,thompson,3,0.7559179863756477,0.08159114984445687,0.5732774534413744,0.919047619047619,0.6935714285714285,1.0
biodolphin_Kd,ecfp,rbf,thompson_diverse,3,0.7101734561249703,0.08889831809094502,0.6175242828105181,0.9714285714285715,0.73,1.0
biodolphin_Kd,ecfp,rbf,ucb_alternate,3,0.8140392494994563,0.18871807274012686,0.5225622309301363,0.861904761904762,0.6073809523809524,1.0
biodolphin_Kd,ecfp,rbf,ucb_balanced,3,0.801268969437026,0.15322333492523355,0.5474348482605261,0.9380952380952382,0.7264285714285714,1.0
biodolphin_Kd,ecfp,rbf,ucb_exploit_heavy,3,0.7967229701271354,0.11618682536967548,0.5528514771090036,0.9047619047619048,0.7042857142857143,1.0
biodolphin_Kd,ecfp,rbf,ucb_explore_heavy,3,0.8137370011392918,0.12986947419544587,0.5245179012892479,0.8380952380952381,0.26952380952380955,1.0
biodolphin_Kd,ecfp,rbf,ucb_gradual,3,0.8340431466488533,0.13020644839521034,0.5250497948651732,0.9238095238095237,0.5342857142857143,1.0
biodolphin_Kd,ecfp,rbf,ucb_sandwich,3,0.8262448356844443,0.1824129336255097,0.5207900027996947,0.8571428571428572,0.5719047619047619,1.0
biodolphin_Kd,ecfp,rbf,uncertainty,3,0.7985798696959442,0.21477772570277323,0.5573472085789163,0.2333333333333333,0.1445238095238095,1.0
biodolphin_Kd,ecfp,rq,ei,3,0.7353333247662235,0.10688860431249592,0.5921240572255809,0.8285714285714286,0.6528571428571429,1.0
biodolphin_Kd,ecfp,rq,greedy,3,0.8270037523049272,0.08745873333962217,0.5250717204487553,0.942857142857143,0.7014285714285714,1.0
biodolphin_Kd,ecfp,rq,pi,3,0.7182041982205027,0.10576809449535618,0.6246973289982982,0.9285714285714285,0.725,1.0
biodolphin_Kd,ecfp,rq,random,3,0.6528567652872582,0.06993953868576964,0.6488456851198827,0.4380952380952381,0.23857142857142857,1.0
biodolphin_Kd,ecfp,rq,thompson,3,0.747762986103563,0.07052329368372791,0.5812863585030815,0.942857142857143,0.7085714285714286,1.0
biodolphin_Kd,ecfp,rq,thompson_diverse,3,0.7088448013215238,0.08779687824500734,0.6241363536668411,0.9666666666666667,0.7235714285714286,1.0
biodolphin_Kd,ecfp,rq,ucb_alternate,3,0.7924348342156028,0.17057718319955362,0.5335473876440001,0.8666666666666667,0.5847619047619047,1.0
biodolphin_Kd,ecfp,rq,ucb_balanced,3,0.806056834376597,0.11169843252549784,0.5501824040810296,0.9142857142857143,0.7466666666666667,1.0
biodolphin_Kd,ecfp,rq,ucb_exploit_heavy,3,0.8356697584401935,0.1277438834997283,0.5117387769093579,0.8904761904761905,0.695,1.0
biodolphin_Kd,ecfp,rq,ucb_explore_heavy,3,0.7627874663534916,0.12522847113844252,0.5717679869407376,0.8523809523809524,0.2692857142857143,1.0
biodolphin_Kd,ecfp,rq,ucb_gradual,3,0.8214066187111252,0.12426466145426077,0.5375743942739376,0.9047619047619048,0.5152380952380953,1.0
biodolphin_Kd,ecfp,rq,ucb_sandwich,3,0.7714838288467156,0.14793523707414452,0.5750612573824286,0.9142857142857143,0.599047619047619,1.0
biodolphin_Kd,ecfp,rq,uncertainty,3,0.7080437950654307,0.1400830563562603,0.6258557985697466,0.2904761904761905,0.14452380952380953,1.0
biodolphin_Kd,ecfp,tanimoto,ei,3,0.7226046856497677,0.09504023152602246,0.6017591879823462,0.8333333333333334,0.6492857142857144,1.0
biodolphin_Kd,ecfp,tanimoto,greedy,3,0.8235652458276971,0.10233240190014026,0.5214352962829122,0.9523809523809524,0.7352380952380951,1.0
biodolphin_Kd,ecfp,tanimoto,pi,3,0.7365044115775009,0.10987429171469519,0.590078031427734,0.8714285714285714,0.7021428571428573,1.0
biodolphin_Kd,ecfp,tanimoto,random,3,0.6456807259126147,0.06971487869831967,0.6557214085975714,0.4380952380952381,0.23857142857142857,1.0
biodolphin_Kd,ecfp,tanimoto,thompson,3,0.757740897235807,0.13017045633076976,0.5671711443837615,0.9380952380952382,0.6945238095238094,1.0
biodolphin_Kd,ecfp,tanimoto,thompson_diverse,3,0.728141868742473,0.11102433337740247,0.5931912672917217,0.9333333333333332,0.6971428571428572,1.0
biodolphin_Kd,ecfp,tanimoto,ucb_alternate,3,0.7727435749739627,0.1042660238250641,0.5618171032461756,0.8714285714285714,0.5888095238095238,1.0
biodolphin_Kd,ecfp,tanimoto,ucb_balanced,3,0.7946921869267426,0.11978761707830779,0.5447697676378745,0.9476190476190477,0.7678571428571429,1.0
biodolphin_Kd,ecfp,tanimoto,ucb_exploit_heavy,3,0.760053552017288,0.07930170896756901,0.5713242566502954,0.9142857142857143,0.7309523809523809,1.0
biodolphin_Kd,ecfp,tanimoto,ucb_explore_heavy,3,0.7598856973825452,0.08097960668274665,0.5748960312920577,0.7857142857142857,0.2445238095238095,1.0
biodolphin_Kd,ecfp,tanimoto,ucb_gradual,3,0.7852591674168932,0.08606633955807041,0.552737643649751,0.9285714285714285,0.5345238095238095,1.0
biodolphin_Kd,ecfp,tanimoto,ucb_sandwich,3,0.7457642113951285,0.11920584195923709,0.5849470471371409,0.8904761904761905,0.5902380952380951,1.0
biodolphin_Kd,ecfp,tanimoto,uncertainty,3,0.6897957468816106,0.08371816259100118,0.6172391034644726,0.27619047619047615,0.13,1.0
biodolphin_Kd,maccs,linear,ei,3,0.7104141091321582,0.04543617394615361,0.6259744366568388,0.7333333333333334,0.42904761904761896,1.0
biodolphin_Kd,maccs,linear,greedy,3,0.8478622189304902,0.11345065035477517,0.5042595922544634,0.9285714285714285,0.7583333333333334,1.0
biodolphin_Kd,maccs,linear,pi,3,0.7478154989383157,0.03897005276735026,0.597850038844899,0.8095238095238096,0.5280952380952381,1.0
biodolphin_Kd,maccs,linear,random,3,0.6792867059248565,0.051621364326482025,0.6522837792606182,0.4380952380952381,0.23857142857142857,1.0
biodolphin_Kd,maccs,linear,thompson,3,0.7668756241388404,0.053299610721254324,0.5735390149054201,0.9285714285714285,0.6373809523809524,1.0
biodolphin_Kd,maccs,linear,thompson_diverse,3,0.7637671530559978,0.07884407450036626,0.5636498824060195,0.9523809523809524,0.6733333333333333,1.0
biodolphin_Kd,maccs,linear,ucb_alternate,3,0.747256869436899,0.040482312266597716,0.613481733547429,0.9619047619047619,0.6314285714285713,1.0
biodolphin_Kd,maccs,linear,ucb_balanced,3,0.7974151355780307,0.10630755852036138,0.5352455838828403,0.9285714285714285,0.7416666666666667,1.0
biodolphin_Kd,maccs,linear,ucb_exploit_heavy,3,0.803634187815845,0.030686533445204184,0.5689291391962362,0.9619047619047619,0.7595238095238096,1.0
biodolphin_Kd,maccs,linear,ucb_explore_heavy,3,0.7608815536572217,0.08621235841704762,0.5843655589064783,0.9095238095238095,0.2697619047619047,1.0
biodolphin_Kd,maccs,linear,ucb_gradual,3,0.7685706859062574,0.03366416972085516,0.5933463395403888,0.9666666666666667,0.5292857142857142,1.0
biodolphin_Kd,maccs,linear,ucb_sandwich,3,0.753328216966843,0.05417528750237775,0.6047217076554978,0.9714285714285714,0.6219047619047618,1.0
biodolphin_Kd,maccs,linear,uncertainty,3,0.7499419818409457,0.07652984563833512,0.6036360875836208,0.2571428571428572,0.13380952380952382,1.0
biodolphin_Kd,maccs,matern32,ei,3,0.734528978019844,0.047481024833557144,0.6058046268722026,0.8761904761904762,0.7014285714285714,1.0
biodolphin_Kd,maccs,matern32,greedy,3,0.7854508686381769,0.10742262035569738,0.563363826630977,0.9142857142857143,0.7171428571428571,1.0
biodolphin_Kd,maccs,matern32,pi,3,0.7570977922854238,0.10719044823696114,0.5900063100987541,0.9047619047619048,0.7166666666666667,1.0
biodolphin_Kd,maccs,matern32,random,3,0.6660017887066075,0.06817142407620923,0.6543672017382582,0.4380952380952381,0.23857142857142857,1.0
biodolphin_Kd,maccs,matern32,thompson,3,0.7532971677448055,0.10760629771906537,0.5648052343836024,0.8523809523809524,0.6602380952380953,1.0
biodolphin_Kd,maccs,matern32,thompson_diverse,3,0.752281024200669,0.11892688966983993,0.5625326805236598,0.9333333333333332,0.71,1.0
biodolphin_Kd,maccs,matern32,ucb_alternate,3,0.7618662922031975,0.1175967826009932,0.5948099388810991,0.9238095238095237,0.649047619047619,1.0
biodolphin_Kd,maccs,matern32,ucb_balanced,3,0.7903656123624428,0.11839971972208653,0.5544914566285367,0.9571428571428572,0.7640476190476191,1.0
biodolphin_Kd,maccs,matern32,ucb_exploit_heavy,3,0.803211319699375,0.11523222892374907,0.5508932261758749,0.8809523809523809,0.705952380952381,1.0
biodolphin_Kd,maccs,matern32,ucb_explore_heavy,3,0.7348726317088131,0.1098331189079826,0.6105662563113686,0.8809523809523809,0.26976190476190476,1.0
biodolphin_Kd,maccs,matern32,ucb_gradual,3,0.7875280545742608,0.0884436402776832,0.5729727221354464,0.9619047619047619,0.5738095238095239,1.0
biodolphin_Kd,maccs,matern32,ucb_sandwich,3,0.7807944566319239,0.10818866757413238,0.5863288765523157,0.9476190476190477,0.6335714285714286,1.0
biodolphin_Kd,maccs,matern32,uncertainty,3,0.6718400502042515,0.044026131866489474,0.6541953544801918,0.22380952380952382,0.13595238095238094,1.0
biodolphin_Kd,maccs,rbf,ei,3,0.727931646148679,0.08162940798392691,0.6073466393135499,0.8523809523809524,0.6483333333333333,1.0
biodolphin_Kd,maccs,rbf,greedy,3,0.8260004127394908,0.14450382585834035,0.5106368468091347,0.8571428571428571,0.6814285714285714,1.0
biodolphin_Kd,maccs,rbf,pi,3,0.752848572405549,0.07898271470138962,0.5826420934575518,0.9142857142857143,0.7152380952380953,1.0
biodolphin_Kd,maccs,rbf,random,3,0.6633621942728194,0.06494194923546508,0.656690155019024,0.4380952380952381,0.23857142857142857,1.0
biodolphin_Kd,maccs,rbf,thompson,3,0.7699470339471981,0.12361316257524815,0.543416405325951,0.8761904761904762,0.6733333333333333,1.0
biodolphin_Kd,maccs,rbf,thompson_diverse,3,0.8139248618531493,0.11079153808570272,0.5183643391799273,0.9,0.6726190476190476,1.0
biodolphin_Kd,maccs,rbf,ucb_alternate,3,0.7670225847463322,0.10042770246024955,0.5539878423378051,0.8809523809523809,0.6278571428571428,1.0
biodolphin_Kd,maccs,rbf,ucb_balanced,3,1.0529420265584857,0.4068567576832044,0.3186334180695141,0.9523809523809524,0.7661904761904762,1.0
biodolphin_Kd,maccs,rbf,ucb_exploit_heavy,3,1.0410386866492252,0.3719516332409882,0.3241634714987896,0.8047619047619047,0.6740476190476189,1.0
biodolphin_Kd,maccs,rbf,ucb_explore_heavy,3,0.7706978025735308,0.10415925086865378,0.55794416218133,0.8809523809523809,0.285,1.0
biodolphin_Kd,maccs,rbf,ucb_gradual,3,0.7775355863437721,0.06375162010962611,0.5707352084328248,0.980952380952381,0.5776190476190476,1.0
biodolphin_Kd,maccs,rbf,ucb_sandwich,3,0.785703307169393,0.09288203524743768,0.5763477934855044,0.9238095238095237,0.6195238095238095,1.0
biodolphin_Kd,maccs,rbf,uncertainty,3,0.6705373881750195,0.020924177795387557,0.6481424110477502,0.2333333333333333,0.1488095238095238,1.0
biodolphin_Kd,maccs,rq,ei,3,0.8337078334855786,0.2063628791518534,0.5055320538985156,0.8523809523809524,0.6611904761904762,1.0
biodolphin_Kd,maccs,rq,greedy,3,0.8698055477501888,0.19855074864734049,0.4718461824516765,0.861904761904762,0.6835714285714286,1.0
biodolphin_Kd,maccs,rq,pi,3,0.8190972400422346,0.194800769527148,0.5192341913524973,0.8714285714285714,0.6740476190476191,1.0
biodolphin_Kd,maccs,rq,random,3,0.6669401652674422,0.07061993151028083,0.6527197404440331,0.4380952380952381,0.23857142857142857,1.0
biodolphin_Kd,maccs,rq,thompson,3,0.7678956969799925,0.10562717035243852,0.5629255682991893,0.8333333333333334,0.6469047619047619,1.0
biodolphin_Kd,maccs,rq,thompson_diverse,3,0.8013942775178396,0.09981297403975338,0.5276512423647214,0.8809523809523809,0.6649999999999999,1.0
biodolphin_Kd,maccs,rq,ucb_alternate,3,0.8106010456017554,0.17044930979610984,0.5199715120982223,0.8714285714285714,0.6321428571428571,1.0
biodolphin_Kd,maccs,rq,ucb_balanced,3,1.1040845718300556,0.3918954362112544,0.25584810919406875,0.9238095238095237,0.7376190476190475,1.0
biodolphin_Kd,maccs,rq,ucb_exploit_heavy,3,0.8397340946727615,0.17257006710311737,0.4960229523731167,0.8333333333333334,0.6788095238095239,1.0
biodolphin_Kd,maccs,rq,ucb_explore_heavy,3,0.7809748201795799,0.14486029363056377,0.5414306019451328,0.8857142857142857,0.30095238095238097,1.0
biodolphin_Kd,maccs,rq,ucb_gradual,3,0.7753993636596065,0.07692425655037612,0.5740386306576034,0.9666666666666667,0.5602380952380952,1.0
biodolphin_Kd,maccs,rq,ucb_sandwich,3,0.7680793359354828,0.09208087253595003,0.5879609925743603,0.9476190476190477,0.6264285714285714,1.0
biodolphin_Kd,maccs,rq,uncertainty,3,0.708975399419922,0.08102675428932793,0.6008727835748293,0.26666666666666666,0.16904761904761903,1.0
biodolphin_Kd,maccs,tanimoto,ei,3,0.7447638505197857,0.060309157267430795,0.6002455213541361,0.9142857142857143,0.6761904761904761,1.0
biodolphin_Kd,maccs,tanimoto,greedy,3,0.7962358162132501,0.1155335341280552,0.5498020707026059,0.9285714285714285,0.7530952380952382,1.0
biodolphin_Kd,maccs,tanimoto,pi,3,0.7195831101845135,0.07936163142141066,0.6202105584256208,0.9428571428571427,0.7142857142857143,1.0
biodolphin_Kd,maccs,tanimoto,random,3,0.6740330506305026,0.05356131465639253,0.6543234372324304,0.4380952380952381,0.23857142857142857,1.0
biodolphin_Kd,maccs,tanimoto,thompson,3,0.7383555971421775,0.09542529298351315,0.5999832293480878,0.9571428571428572,0.7097619047619048,1.0
biodolphin_Kd,maccs,tanimoto,thompson_diverse,3,0.7456772686872423,0.0637604382232901,0.5794285320340565,0.9571428571428572,0.6864285714285714,1.0
biodolphin_Kd,maccs,tanimoto,ucb_alternate,3,0.8003744347138236,0.10342839108764865,0.555752195491098,0.9285714285714285,0.6173809523809524,1.0
biodolphin_Kd,maccs,tanimoto,ucb_balanced,3,0.794892703859507,0.08902595922291694,0.5457248147055763,0.9285714285714285,0.7754761904761905,1.0
biodolphin_Kd,maccs,tanimoto,ucb_exploit_heavy,3,0.7966863465853944,0.07211349076372435,0.5452025608366149,0.8809523809523809,0.7473809523809525,1.0
biodolphin_Kd,maccs,tanimoto,ucb_explore_heavy,3,0.7559297018254149,0.10196929504674339,0.5769026580156245,0.8285714285714286,0.22904761904761906,1.0
biodolphin_Kd,maccs,tanimoto,ucb_gradual,3,0.7980830877397804,0.11487312768340573,0.5520955485255117,0.9333333333333332,0.5242857142857142,1.0
biodolphin_Kd,maccs,tanimoto,ucb_sandwich,3,0.804711670951785,0.0885450533889128,0.5631648817756431,0.9142857142857143,0.609047619047619,1.0
biodolphin_Kd,maccs,tanimoto,uncertainty,3,0.6871579719750555,0.05720317306418468,0.6460842745624158,0.1761904761904762,0.09595238095238096,1.0
biodolphin_Kd,molformer,linear,ei,3,0.769280984614944,0.05282830433119064,0.5756030626833536,0.8333333333333334,0.5897619047619047,1.0
biodolphin_Kd,molformer,linear,greedy,3,0.8978935924429234,0.03232428339220938,0.40189141589451866,0.9523809523809524,0.747142857142857,1.0
biodolphin_Kd,molformer,linear,pi,3,0.7838312357798278,0.05357264912906326,0.5553481919203148,0.8904761904761904,0.6792857142857143,1.0
biodolphin_Kd,molformer,linear,random,3,0.6856863812772986,0.0596863498758327,0.635199261193764,0.4380952380952381,0.23857142857142857,1.0
biodolphin_Kd,molformer,linear,thompson,3,0.7598149373236298,0.08606503983984276,0.5637725488414458,0.919047619047619,0.665952380952381,1.0
biodolphin_Kd,molformer,linear,thompson_diverse,3,0.8318833584233887,0.0797183234010402,0.4622879068764889,0.9523809523809524,0.6785714285714285,1.0
biodolphin_Kd,molformer,linear,ucb_alternate,3,0.8172982729120687,0.1048391588265037,0.5324059244207832,0.8809523809523809,0.6021428571428571,1.0
biodolphin_Kd,molformer,linear,ucb_balanced,3,0.8065663737456329,0.09900705127211601,0.5072838777822511,0.938095238095238,0.7411904761904763,1.0
biodolphin_Kd,molformer,linear,ucb_exploit_heavy,3,0.868831324154717,0.12404108715312465,0.4621385821917731,0.8666666666666667,0.7366666666666667,1.0
biodolphin_Kd,molformer,linear,ucb_explore_heavy,3,0.7601780702308031,0.0646495552646887,0.5785244822254526,0.7809523809523808,0.22,1.0
biodolphin_Kd,molformer,linear,ucb_gradual,3,0.8264841630746996,0.09493965611938264,0.4982784675929473,0.9,0.49642857142857144,1.0
biodolphin_Kd,molformer,linear,ucb_sandwich,3,0.820679402044779,0.11541442163667963,0.5185111427171029,0.8333333333333334,0.5592857142857143,1.0
biodolphin_Kd,molformer,linear,uncertainty,3,0.7140230629653906,0.09214202153644716,0.6149608606060376,0.16666666666666666,0.09166666666666667,1.0
biodolphin_Kd,molformer,matern32,ei,3,0.7594645877211552,0.10145081925619324,0.5541871332555607,0.8333333333333334,0.6435714285714286,1.0
biodolphin_Kd,molformer,matern32,greedy,3,0.8357496823141624,0.14984486673321018,0.4921757025180204,0.8714285714285714,0.6764285714285715,1.0
biodolphin_Kd,molformer,matern32,pi,3,0.7571767470069038,0.10421601641497454,0.5600825171793424,0.8095238095238096,0.6219047619047618,1.0
biodolphin_Kd,molformer,matern32,random,3,0.6519852444082362,0.05738061761854724,0.6550490151862277,0.4380952380952381,0.23857142857142857,1.0
biodolphin_Kd,molformer,matern32,thompson,3,0.7532272596309415,0.09302939058908805,0.5614013191194206,0.8428571428571429,0.6421428571428572,1.0
biodolphin_Kd,molformer,matern32,thompson_diverse,3,0.723562849613844,0.10410552760975787,0.5872396076818321,0.8809523809523809,0.6435714285714286,1.0
biodolphin_Kd,molformer,matern32,ucb_alternate,3,0.7946476282728927,0.1336955448874016,0.5325082473635859,0.8523809523809524,0.5978571428571429,1.0
biodolphin_Kd,molformer,matern32,ucb_balanced,3,0.7876000525345219,0.12415291576833315,0.5298572411461163,0.8904761904761905,0.7011904761904763,1.0
biodolphin_Kd,molformer,matern32,ucb_exploit_heavy,3,1.0587115235139752,0.3598930934660343,0.30984720152594386,0.8095238095238096,0.6671428571428571,1.0
biodolphin_Kd,molformer,matern32,ucb_explore_heavy,3,0.7729861202869115,0.05238636565164193,0.5527532984510009,0.8428571428571429,0.23833333333333337,1.0
biodolphin_Kd,molformer,matern32,ucb_gradual,3,0.8538205339176059,0.15834104115804254,0.47688664567223754,0.7999999999999999,0.4842857142857142,1.0
biodolphin_Kd,molformer,matern32,ucb_sandwich,3,0.8288375094007101,0.13137542873223496,0.5086811773148218,0.8142857142857142,0.5454761904761903,1.0
biodolphin_Kd,molformer,matern32,uncertainty,3,0.7339014039697238,0.037580126456428206,0.5910954365435577,0.20952380952380953,0.10904761904761905,1.0
biodolphin_Kd,molformer,rbf,ei,3,0.7265626712401972,0.08115787577577017,0.586147686555092,0.8190476190476191,0.6428571428571429,1.0
biodolphin_Kd,molformer,rbf,greedy,3,0.8071430077190064,0.12517034456831225,0.5236165574650841,0.861904761904762,0.6735714285714286,1.0
biodolphin_Kd,molformer,rbf,pi,3,0.7217137856996988,0.0791976522828208,0.5797173283096372,0.8047619047619047,0.6316666666666667,1.0
biodolphin_Kd,molformer,rbf,random,3,0.674338576503987,0.09715455489131564,0.616002581997332,0.4380952380952381,0.23857142857142857,1.0
biodolphin_Kd,molformer,rbf,thompson,3,0.7932493407113471,0.10548160608757155,0.5216443799460087,0.8761904761904762,0.6671428571428573,1.0
biodolphin_Kd,molformer,rbf,thompson_diverse,3,0.751399851979925,0.08342954578431236,0.5652915905205984,0.9238095238095237,0.6842857142857143,1.0
biodolphin_Kd,molformer,rbf,ucb_alternate,3,0.7632489351910818,0.10436343178245876,0.5752476220932138,0.8428571428571429,0.6035714285714285,1.0
biodolphin_Kd,molformer,rbf,ucb_balanced,3,0.7641199570194744,0.10027064363823525,0.5569171059282509,0.8904761904761905,0.7102380952380952,1.0
biodolphin_Kd,molformer,rbf,ucb_exploit_heavy,3,0.8002579848279817,0.11275552806635071,0.5235171762581231,0.8047619047619047,0.6669047619047618,1.0
biodolphin_Kd,molformer,rbf,ucb_explore_heavy,3,0.788466740276979,0.05998406704508718,0.5338267331153285,0.8476190476190476,0.25619047619047614,1.0
biodolphin_Kd,molformer,rbf,ucb_gradual,3,0.8650194992315504,0.04189765865190066,0.4786079593596309,0.8142857142857144,0.5092857142857142,1.0
biodolphin_Kd,molformer,rbf,ucb_sandwich,3,0.8584361988288526,0.04560987381613058,0.48820969857379476,0.7857142857142857,0.534047619047619,1.0
biodolphin_Kd,molformer,rbf,uncertainty,3,0.7122516064688879,0.06461048982079698,0.5861726979933232,0.21428571428571427,0.1254761904761905,1.0
biodolphin_Kd,molformer,rq,ei,3,0.7684047898284838,0.1332893944387696,0.55054123625146,0.8238095238095239,0.6502380952380952,1.0
biodolphin_Kd,molformer,rq,greedy,3,0.8566825320381741,0.1830321954280676,0.482832478723841,0.8904761904761904,0.6892857142857144,1.0
biodolphin_Kd,molformer,rq,pi,3,0.7690438021538771,0.12291213405030918,0.5506135977722896,0.8190476190476191,0.6523809523809524,1.0
biodolphin_Kd,molformer,rq,random,3,0.6743283381922204,0.09716337166537813,0.6160324963319178,0.4380952380952381,0.23857142857142857,1.0
biodolphin_Kd,molformer,rq,thompson,3,0.7593903681508145,0.10691964943750151,0.5556976382677065,0.8952380952380953,0.669047619047619,1.0
biodolphin_Kd,molformer,rq,thompson_diverse,3,0.7451168646280011,0.07789514676103688,0.6052653274332956,0.942857142857143,0.7033333333333333,1.0
biodolphin_Kd,molformer,rq,ucb_alternate,3,0.7618510222186888,0.11675025273026228,0.5725085976873042,0.8428571428571429,0.5969047619047619,1.0
biodolphin_Kd,molformer,rq,ucb_balanced,3,0.8140049385577001,0.16654823109331934,0.5112720315269285,0.919047619047619,0.7221428571428573,1.0
biodolphin_Kd,molformer,rq,ucb_exploit_heavy,3,0.8254034471650494,0.11170290257789933,0.5070715465125875,0.8142857142857144,0.6745238095238095,1.0
biodolphin_Kd,molformer,rq,ucb_explore_heavy,3,0.7984811972493291,0.07870034022014219,0.5341467002422328,0.8190476190476191,0.2519047619047619,1.0
biodolphin_Kd,molformer,rq,ucb_gradual,3,0.8810095501956606,0.06795161951813053,0.4604105026184513,0.8285714285714286,0.5066666666666667,1.0
biodolphin_Kd,molformer,rq,ucb_sandwich,3,0.8772553199569221,0.06391466603404944,0.4680512706396754,0.7809523809523808,0.5333333333333333,1.0
biodolphin_Kd,molformer,rq,uncertainty,3,0.7250018591314561,0.08582171470781105,0.5907235806934831,0.2238095238095238,0.12357142857142857,1.0
biodolphin_Kd,molformer,tanimoto,ei,3,0.7770670392677849,0.05068573711222723,0.5476470415786024,0.8380952380952381,0.5628571428571428,1.0
biodolphin_Kd,molformer,tanimoto,greedy,3,0.8163652034056915,0.07998394743541498,0.5049260355301951,0.942857142857143,0.7557142857142857,1.0
biodolphin_Kd,molformer,tanimoto,pi,3,0.7509193705226601,0.05354732856459729,0.5758652414348521,0.8095238095238096,0.650952380952381,1.0
biodolphin_Kd,molformer,tanimoto,random,3,0.6730295459112603,0.0630391379638462,0.6464041490322,0.4380952380952381,0.23857142857142857,1.0
biodolphin_Kd,molformer,tanimoto,thompson,3,0.7889470976314806,0.12517032549556684,0.5169401651248011,0.9047619047619048,0.6695238095238095,1.0
biodolphin_Kd,molformer,tanimoto,thompson_diverse,3,0.7357137256931524,0.036669131390602946,0.579302125937501,0.9142857142857143,0.6580952380952381,1.0
biodolphin_Kd,molformer,tanimoto,ucb_alternate,3,0.8117453422073412,0.12334896365103436,0.5457963601060735,0.8904761904761905,0.5973809523809523,1.0
biodolphin_Kd,molformer,tanimoto,ucb_balanced,3,0.7949746227189086,0.08883468152523856,0.5059480484474851,0.9571428571428572,0.7597619047619047,1.0
biodolphin_Kd,molformer,tanimoto,ucb_exploit_heavy,3,0.837066490411074,0.13077204138661477,0.4946368540545338,0.9095238095238095,0.7530952380952382,1.0
biodolphin_Kd,molformer,tanimoto,ucb_explore_heavy,3,0.7515862898400819,0.05169911120889007,0.5924168438336279,0.8047619047619047,0.21928571428571428,1.0
biodolphin_Kd,molformer,tanimoto,ucb_gradual,3,0.7961181187271301,0.11081612182604718,0.5559706124981393,0.919047619047619,0.5226190476190475,1.0
biodolphin_Kd,molformer,tanimoto,ucb_sandwich,3,0.8139087358915492,0.11893419936453474,0.5501231401829263,0.8857142857142857,0.5847619047619047,1.0
biodolphin_Kd,molformer,tanimoto,uncertainty,3,0.7098073419131455,0.05016315933025855,0.6265242353889187,0.16666666666666666,0.09023809523809523,1.0
biodolphin_Kd_889201f64e9f,chemberta,linear,ei,3,0.5678831617929777,0.2657756623199773,-3.841251110538062,1.0,0.7777777777777777,1.0
biodolphin_Kd_889201f64e9f,chemberta,linear,greedy,3,0.5481437285470335,0.284716796857806,-3.4442499285961605,1.0,0.9444444444444443,1.0
biodolphin_Kd_889201f64e9f,chemberta,linear,pi,3,0.5678831617929777,0.2657756623199773,-3.841251110538062,1.0,0.7777777777777777,1.0
biodolphin_Kd_889201f64e9f,chemberta,linear,random,3,0.5678814890009316,0.26577578761370313,-3.7815799236702436,1.0,0.7777777777777777,1.0
biodolphin_Kd_889201f64e9f,chemberta,linear,thompson,3,0.5724201567445495,0.31717085167489656,-3.992452444067864,1.0,0.7777777777777778,1.0
biodolphin_Kd_889201f64e9f,chemberta,linear,thompson_diverse,3,0.5724201567445495,0.31717085167489656,-3.992452444067864,1.0,0.7777777777777778,1.0
biodolphin_Kd_889201f64e9f,chemberta,linear,ucb_alternate,3,0.5526668441371565,0.29057782236074975,-3.538799459087134,1.0,0.9444444444444443,1.0
biodolphin_Kd_889201f64e9f,chemberta,linear,ucb_balanced,3,0.5481440578926118,0.2847172200294473,-3.4442565895671358,1.0,0.9444444444444443,1.0
biodolphin_Kd_889201f64e9f,chemberta,linear,ucb_exploit_heavy,3,0.5589675229369163,0.2669426743991753,-3.618371004275497,1.0,0.9444444444444443,1.0
biodolphin_Kd_889201f64e9f,chemberta,linear,ucb_explore_heavy,3,0.5526667987769643,0.29057778821391206,-3.5388004187993793,1.0,0.8333333333333334,1.0
biodolphin_Kd_889201f64e9f,chemberta,linear,ucb_gradual,3,0.552666860778901,0.29057775771947614,-3.5387997197432726,1.0,0.7777777777777777,1.0
biodolphin_Kd_889201f64e9f,chemberta,linear,ucb_sandwich,3,0.5589675270930804,0.26694267972450486,-3.6183708770092715,1.0,0.8333333333333334,1.0
biodolphin_Kd_889201f64e9f,chemberta,linear,uncertainty,3,0.5589675355980948,0.26694278561845763,-3.6183691532231386,1.0,0.8333333333333334,1.0
biodolphin_Kd_889201f64e9f,chemberta,matern32,ei,3,0.5333190158017471,0.3228145956963355,-3.225016776703335,1.0,0.9444444444444443,1.0
biodolphin_Kd_889201f64e9f,chemberta,matern32,greedy,3,0.5333190158017471,0.3228145956963355,-3.225016776703335,1.0,0.9444444444444443,1.0
biodolphin_Kd_889201f64e9f,chemberta,matern32,pi,3,0.5333190158017471,0.3228145956963355,-3.225016776703335,1.0,0.9444444444444443,1.0
biodolphin_Kd_889201f64e9f,chemberta,matern32,random,3,0.5681820567016893,0.2661320568193436,-3.7823873817013123,1.0,0.7777777777777777,1.0
biodolphin_Kd_889201f64e9f,chemberta,matern32,thompson,3,0.5396085431223234,0.3308378583937003,-3.1650479024236886,0.6666666666666666,0.3611111111111111,1.0
biodolphin_Kd_889201f64e9f,chemberta,matern32,thompson_diverse,3,0.5396085431223234,0.3308378583937003,-3.1650479024236886,0.6666666666666666,0.3611111111111111,1.0
biodolphin_Kd_889201f64e9f,chemberta,matern32,ucb_alternate,3,0.5333233065686201,0.3228162480449714,-3.276412379802592,1.0,0.9444444444444443,1.0
biodolphin_Kd_889201f64e9f,chemberta,matern32,ucb_balanced,3,0.5333190158017471,0.3228145956963355,-3.225016776703335,1.0,0.9444444444444443,1.0
biodolphin_Kd_889201f64e9f,chemberta,matern32,ucb_exploit_heavy,3,0.5333233275892354,0.32281627471429686,-3.2764128924347276,1.0,0.9444444444444443,1.0
biodolphin_Kd_889201f64e9f,chemberta,matern32,ucb_explore_heavy,3,0.5580173165066872,0.33502096770300227,-3.226027685804253,1.0,0.5,1.0
biodolphin_Kd_889201f64e9f,chemberta,matern32,ucb_gradual,3,0.5334634449782243,0.3228162476434554,-3.2461200809362034,1.0,0.8333333333333334,1.0
biodolphin_Kd_889201f64e9f,chemberta,matern32,ucb_sandwich,3,0.5334837834576541,0.3228242139050577,-3.2757546787820733,1.0,0.8333333333333334,1.0
biodolphin_Kd_889201f64e9f,chemberta,matern32,uncertainty,3,0.5320133642291157,0.3217971795056218,-3.287172821694065,0.6666666666666666,0.3611111111111111,1.0
biodolphin_Kd_889201f64e9f,chemberta,rbf,ei,3,0.5348896576090522,0.3240228578118414,-3.286708105756174,1.0,0.6666666666666666,1.0
biodolphin_Kd_889201f64e9f,chemberta,rbf,greedy,3,0.5348896576090522,0.3240228578118414,-3.286708105756174,1.0,0.6666666666666666,1.0
biodolphin_Kd_889201f64e9f,chemberta,rbf,pi,3,0.5348896576090522,0.3240228578118414,-3.286708105756174,1.0,0.6666666666666666,1.0
biodolphin_Kd_889201f64e9f,chemberta,rbf,random,3,0.5703494024904514,0.26736059878096113,-3.792701354128127,1.0,0.7777777777777777,1.0
biodolphin_Kd_889201f64e9f,chemberta,rbf,thompson,3,0.5423945604119811,0.33231158385136156,-3.175595983869613,0.6666666666666666,0.3611111111111111,1.0
biodolphin_Kd_889201f64e9f,chemberta,rbf,thompson_diverse,3,0.5423945604119811,0.33231158385136156,-3.175595983869613,0.6666666666666666,0.3611111111111111,1.0
biodolphin_Kd_889201f64e9f,chemberta,rbf,ucb_alternate,3,0.5348896590284836,0.324022858369737,-3.101260338144846,0.6666666666666666,0.6388888888888888,1.0
biodolphin_Kd_889201f64e9f,chemberta,rbf,ucb_balanced,3,0.5348896576090522,0.3240228578118414,-3.286708105756174,1.0,0.6666666666666666,1.0
biodolphin_Kd_889201f64e9f,chemberta,rbf,ucb_exploit_heavy,3,0.5348896576090522,0.3240228578118414,-3.101260335994402,0.6666666666666666,0.6388888888888888,1.0
biodolphin_Kd_889201f64e9f,chemberta,rbf,ucb_explore_heavy,3,0.5699661231188431,0.3430005127688477,-3.1259080241201995,0.6666666666666666,0.4166666666666667,1.0
biodolphin_Kd_889201f64e9f,chemberta,rbf,ucb_gradual,3,0.5359861970445655,0.3244988125435423,-3.0522897989843414,0.6666666666666666,0.5833333333333334,1.0
biodolphin_Kd_889201f64e9f,chemberta,rbf,ucb_sandwich,3,0.5363194636602073,0.3246332576514674,-3.103271009211985,0.6666666666666666,0.5833333333333334,1.0
biodolphin_Kd_889201f64e9f,chemberta,rbf,uncertainty,3,0.5211000513708958,0.3100937607933149,-2.9023775668905754,0.3333333333333333,0.3333333333333333,1.0
biodolphin_Kd_889201f64e9f,chemberta,rq,ei,3,0.5332044966747801,0.3226887013787771,-3.223701121958076,1.0,0.9444444444444443,1.0
biodolphin_Kd_889201f64e9f,chemberta,rq,greedy,3,0.5332044966747801,0.3226887013787771,-3.223701121958076,1.0,0.9444444444444443,1.0
biodolphin_Kd_889201f64e9f,chemberta,rq,pi,3,0.5332044966747801,0.3226887013787771,-3.223701121958076,1.0,0.9444444444444443,1.0
biodolphin_Kd_889201f64e9f,chemberta,rq,random,3,0.5678325507164962,0.265935879285928,-3.780754902697543,1.0,0.7777777777777777,1.0
biodolphin_Kd_889201f64e9f,chemberta,rq,thompson,3,0.5394764830955787,0.33071517274456813,-3.163814360469587,0.6666666666666666,0.3611111111111111,1.0
biodolphin_Kd_889201f64e9f,chemberta,rq,thompson_diverse,3,0.5394764830955787,0.33071517274456813,-3.163814360469587,0.6666666666666666,0.3611111111111111,1.0
biodolphin_Kd_889201f64e9f,chemberta,rq,ucb_alternate,3,0.5332051495241211,0.32268895584315493,-3.2751018104896694,1.0,0.9444444444444443,1.0
biodolphin_Kd_889201f64e9f,chemberta,rq,ucb_balanced,3,0.5332044966747801,0.3226887013787771,-3.223701121958076,1.0,0.9444444444444443,1.0
biodolphin_Kd_889201f64e9f,chemberta,rq,ucb_exploit_heavy,3,0.5332051495106601,0.3226889558337114,-3.2751020014196772,1.0,0.9444444444444443,1.0
biodolphin_Kd_889201f64e9f,chemberta,rq,ucb_explore_heavy,3,0.5689925694141998,0.3420706080118933,-3.3007142070468425,1.0,0.5,1.0
biodolphin_Kd_889201f64e9f,chemberta,rq,ucb_gradual,3,0.5673288078132571,0.34089255822361847,-3.28457677914728,1.0,0.8333333333333334,1.0
biodolphin_Kd_889201f64e9f,chemberta,rq,ucb_sandwich,3,0.5673288078132571,0.34089255822361847,-3.28457677914728,1.0,0.8333333333333334,1.0
biodolphin_Kd_889201f64e9f,chemberta,rq,uncertainty,3,0.535983174435958,0.32622844061462625,-3.361511697553013,0.6666666666666666,0.3611111111111111,1.0
biodolphin_Kd_889201f64e9f,chemberta,tanimoto,ei,3,0.533164136953206,0.3226795921288186,-3.089303618218007,0.6666666666666666,0.3611111111111111,1.0
biodolphin_Kd_889201f64e9f,chemberta,tanimoto,greedy,3,0.5589770777507971,0.26691789880525335,-3.618467756944353,1.0,0.9444444444444443,1.0
biodolphin_Kd_889201f64e9f,chemberta,tanimoto,pi,3,0.533164136953206,0.3226795921288186,-3.089303618218007,0.6666666666666666,0.3611111111111111,1.0
biodolphin_Kd_889201f64e9f,chemberta,tanimoto,random,3,0.5678922705700895,0.2657411963154276,-3.78163869541476,1.0,0.7777777777777777,1.0
biodolphin_Kd_889201f64e9f,chemberta,tanimoto,thompson,3,0.5242540089423908,0.31157112264322545,-2.8748660807473705,0.6666666666666666,0.5277777777777778,1.0
biodolphin_Kd_889201f64e9f,chemberta,tanimoto,thompson_diverse,3,0.5242540089423908,0.31157112264322545,-2.8748660807473705,0.6666666666666666,0.5277777777777778,1.0
biodolphin_Kd_889201f64e9f,chemberta,tanimoto,ucb_alternate,3,0.5392220881020943,0.31265575782562466,-3.4050374459180053,1.0,0.9444444444444443,1.0
biodolphin_Kd_889201f64e9f,chemberta,tanimoto,ucb_balanced,3,0.5589770777507971,0.26691789880525335,-3.618467756944353,1.0,0.9444444444444443,1.0
biodolphin_Kd_889201f64e9f,chemberta,tanimoto,ucb_exploit_heavy,3,0.5589792563796707,0.3386929421944882,-3.836955885848726,1.0,0.9444444444444443,1.0
biodolphin_Kd_889201f64e9f,chemberta,tanimoto,ucb_explore_heavy,3,0.5589773472198329,0.3386933989377035,-3.83692347129241,1.0,0.4444444444444444,1.0
biodolphin_Kd_889201f64e9f,chemberta,tanimoto,ucb_gradual,3,0.5697740733916241,0.2813315630846467,-3.868635804961824,1.0,0.7777777777777778,1.0
biodolphin_Kd_889201f64e9f,chemberta,tanimoto,ucb_sandwich,3,0.5589785019745834,0.3386919196608224,-3.8369388060621517,1.0,0.7777777777777778,1.0
biodolphin_Kd_889201f64e9f,chemberta,tanimoto,uncertainty,3,0.5359300043246944,0.32626210230134806,-3.3615536713408685,0.6666666666666666,0.3611111111111111,1.0
biodolphin_Kd_889201f64e9f,chemberta_mlm,linear,ei,3,0.5967591052240984,0.4143139782098073,-4.683645015221041,0.3333333333333333,0.3333333333333333,1.0
biodolphin_Kd_889201f64e9f,chemberta_mlm,linear,greedy,3,0.5546485174233697,0.26128548292161374,-3.5296437344265748,1.0,0.6111111111111112,1.0
biodolphin_Kd_889201f64e9f,chemberta_mlm,linear,pi,3,0.5302579704581597,0.3216030164854736,-3.1358596064271076,0.3333333333333333,0.3333333333333333,1.0
biodolphin_Kd_889201f64e9f,chemberta_mlm,linear,random,3,0.5679493791580384,0.26578092856540103,-3.783111677597983,1.0,0.7777777777777777,1.0
biodolphin_Kd_889201f64e9f,chemberta_mlm,linear,thompson,3,0.5243242096354187,0.31163487262907336,-2.876055497737946,0.6666666666666666,0.5277777777777778,1.0
biodolphin_Kd_889201f64e9f,chemberta_mlm,linear,thompson_diverse,3,0.5243242096354187,0.31163487262907336,-2.876055497737946,0.6666666666666666,0.5277777777777778,1.0
biodolphin_Kd_889201f64e9f,chemberta_mlm,linear,ucb_alternate,3,0.8217601070378607,0.21319607604845667,-14.316513166773523,1.0,0.3888888888888889,1.0
biodolphin_Kd_889201f64e9f,chemberta_mlm,linear,ucb_balanced,3,0.5590572027755772,0.25403693604138594,-3.607004505760871,1.0,0.5555555555555556,1.0
biodolphin_Kd_889201f64e9f,chemberta_mlm,linear,ucb_exploit_heavy,3,0.5332150411195044,0.3227341615067012,-3.2337069715255864,1.0,0.6111111111111112,1.0
biodolphin_Kd_889201f64e9f,chemberta_mlm,linear,ucb_explore_heavy,3,0.5869353675155901,0.2880123743347803,-3.9997548872494715,1.0,0.4444444444444444,1.0
biodolphin_Kd_889201f64e9f,chemberta_mlm,linear,ucb_gradual,3,0.5590569836421907,0.2540372941069245,-3.6070005677628494,1.0,0.5555555555555556,1.0
biodolphin_Kd_889201f64e9f,chemberta_mlm,linear,ucb_sandwich,3,0.5332150178108636,0.32273413195704087,-3.233706066593593,1.0,0.6111111111111112,1.0
biodolphin_Kd_889201f64e9f,chemberta_mlm,linear,uncertainty,3,0.7928867921967832,0.22433012414447723,-13.820299409812096,0.6666666666666666,0.3611111111111111,1.0
biodolphin_Kd_889201f64e9f,chemberta_mlm,matern32,ei,3,0.5015049970377049,0.29534353635043775,-2.7890269160524994,0.6666666666666666,0.3611111111111111,1.0
biodolphin_Kd_889201f64e9f,chemberta_mlm,matern32,greedy,3,0.5524347920322961,0.3522297636205126,-3.5268435091855466,1.0,0.4444444444444444,1.0
biodolphin_Kd_889201f64e9f,chemberta_mlm,matern32,pi,3,0.5015047807420849,0.29534344053700745,-2.7890268239746328,0.6666666666666666,0.3611111111111111,1.0
biodolphin_Kd_889201f64e9f,chemberta_mlm,matern32,random,3,0.6442371596274491,0.1489403814389349,-5.457806138229596,1.0,0.7777777777777777,1.0
biodolphin_Kd_889201f64e9f,chemberta_mlm,matern32,thompson,3,0.554151664273803,0.3490127761264638,-3.3448626641539687,0.6666666666666666,0.5277777777777778,1.0
biodolphin_Kd_889201f64e9f,chemberta_mlm,matern32,thompson_diverse,3,0.554151664273803,0.3490127761264638,-3.3448626641539687,0.6666666666666666,0.5277777777777778,1.0
biodolphin_Kd_889201f64e9f,chemberta_mlm,matern32,ucb_alternate,3,0.5275055672849834,0.34335323054326616,-3.3122053282364248,1.0,0.3888888888888889,1.0
biodolphin_Kd_889201f64e9f,chemberta_mlm,matern32,ucb_balanced,3,0.5429956786470362,0.3500051294185619,-3.574352281874505,0.6666666666666666,0.3611111111111111,1.0
biodolphin_Kd_889201f64e9f,chemberta_mlm,matern32,ucb_exploit_heavy,3,0.5015049970379054,0.2953435363506842,-2.7890269160586167,0.6666666666666666,0.3611111111111111,1.0
biodolphin_Kd_889201f64e9f,chemberta_mlm,matern32,ucb_explore_heavy,3,0.48940426594733893,0.29069083340768226,-2.6012164398067537,1.0,0.3888888888888889,1.0
biodolphin_Kd_889201f64e9f,chemberta_mlm,matern32,ucb_gradual,3,0.5523081296433269,0.35205963353567493,-3.5419857418672396,1.0,0.4444444444444444,1.0
biodolphin_Kd_889201f64e9f,chemberta_mlm,matern32,ucb_sandwich,3,0.5109402983511008,0.2999395266127912,-2.7504215588650407,1.0,0.5,1.0
biodolphin_Kd_889201f64e9f,chemberta_mlm,matern32,uncertainty,3,0.5881855059990132,0.412778767968114,-4.773746188194653,0.6666666666666666,0.4166666666666667,1.0
biodolphin_Kd_889201f64e9f,chemberta_mlm,rbf,ei,3,0.5499553988575511,0.21292228004752278,-3.2899194612091307,0.6666666666666666,0.3611111111111111,1.0
biodolphin_Kd_889201f64e9f,chemberta_mlm,rbf,greedy,3,0.5740287438739123,0.3195150758974343,-3.846558819161057,1.0,0.5555555555555556,1.0
biodolphin_Kd_889201f64e9f,chemberta_mlm,rbf,pi,3,0.5499553988575511,0.21292228004752278,-3.2899194612091307,0.6666666666666666,0.3611111111111111,1.0
biodolphin_Kd_889201f64e9f,chemberta_mlm,rbf,random,3,0.6289846324709342,0.10506541855562239,-5.103214311562457,1.0,0.7777777777777777,1.0
biodolphin_Kd_889201f64e9f,chemberta_mlm,rbf,thompson,3,0.5602487075982491,0.34035004795204765,-3.4563989042942045,0.6666666666666666,0.5277777777777778,1.0
biodolphin_Kd_889201f64e9f,chemberta_mlm,rbf,thompson_diverse,3,0.5602487075982491,0.34035004795204765,-3.4563989042942045,0.6666666666666666,0.5277777777777778,1.0
biodolphin_Kd_889201f64e9f,chemberta_mlm,rbf,ucb_alternate,3,0.6027752536563945,0.11889103375690126,-4.878426979882216,1.0,0.4444444444444444,1.0
biodolphin_Kd_889201f64e9f,chemberta_mlm,rbf,ucb_balanced,3,0.5652739777632173,0.31810394362544514,-3.8933688928540007,0.6666666666666666,0.4166666666666667,1.0
biodolphin_Kd_889201f64e9f,chemberta_mlm,rbf,ucb_exploit_heavy,3,0.5587103068808542,0.215958279943625,-3.2431085283074665,1.0,0.5,1.0
biodolphin_Kd_889201f64e9f,chemberta_mlm,rbf,ucb_explore_heavy,3,0.5499555421936658,0.21292224884198124,-3.2899186518533896,0.6666666666666666,0.3611111111111111,1.0
biodolphin_Kd_889201f64e9f,chemberta_mlm,rbf,ucb_gradual,3,0.5740287438376696,0.31951507589011585,-3.8465553475690313,1.0,0.5,1.0
biodolphin_Kd_889201f64e9f,chemberta_mlm,rbf,ucb_sandwich,3,0.5587103068808542,0.215958279943625,-3.2431085283074665,1.0,0.5,1.0
biodolphin_Kd_889201f64e9f,chemberta_mlm,rbf,uncertainty,3,0.5082490158316385,0.28174522855555195,-2.7773795751932515,0.6666666666666666,0.4166666666666667,1.0
biodolphin_Kd_889201f64e9f,chemberta_mlm,rq,ei,3,0.5464042563075612,0.2173563465771285,-3.2370539289300058,0.6666666666666666,0.3611111111111111,1.0
biodolphin_Kd_889201f64e9f,chemberta_mlm,rq,greedy,3,0.598723620558064,0.27902068125539453,-3.999257470473566,1.0,0.5,1.0
biodolphin_Kd_889201f64e9f,chemberta_mlm,rq,pi,3,0.5464042563075612,0.2173563465771285,-3.2370539289300058,0.6666666666666666,0.3611111111111111,1.0
biodolphin_Kd_889201f64e9f,chemberta_mlm,rq,random,3,0.6509306524682196,0.14080458984644184,-5.613260590850129,1.0,0.7777777777777777,1.0
biodolphin_Kd_889201f64e9f,chemberta_mlm,rq,thompson,3,0.5540598262840025,0.34965283463029284,-3.3402890936156475,0.6666666666666666,0.5277777777777778,1.0
biodolphin_Kd_889201f64e9f,chemberta_mlm,rq,thompson_diverse,3,0.5540598262840025,0.34965283463029284,-3.3402890936156475,0.6666666666666666,0.5277777777777778,1.0
biodolphin_Kd_889201f64e9f,chemberta_mlm,rq,ucb_alternate,3,0.5313172645123977,0.21450077892254132,-3.042162987852888,1.0,0.3888888888888889,1.0
biodolphin_Kd_889201f64e9f,chemberta_mlm,rq,ucb_balanced,3,0.589288808147807,0.27856975344664675,-4.0449332391064345,0.6666666666666666,0.3611111111111111,1.0
biodolphin_Kd_889201f64e9f,chemberta_mlm,rq,ucb_exploit_heavy,3,0.5558387798699074,0.22070117608247417,-3.1913779943764964,1.0,0.5,1.0
biodolphin_Kd_889201f64e9f,chemberta_mlm,rq,ucb_explore_heavy,3,0.5313171942377036,0.21450079199648817,-3.0421627236806295,1.0,0.3888888888888889,1.0
biodolphin_Kd_889201f64e9f,chemberta_mlm,rq,ucb_gradual,3,0.5987236204297588,0.27902068139764236,-3.999276536900908,1.0,0.4444444444444444,1.0
biodolphin_Kd_889201f64e9f,chemberta_mlm,rq,ucb_sandwich,3,0.5464042882649793,0.21735638915843072,-3.2370543984522526,0.6666666666666666,0.3611111111111111,1.0
biodolphin_Kd_889201f64e9f,chemberta_mlm,rq,uncertainty,3,0.501626581676816,0.2913450951405235,-2.7560839378729773,0.6666666666666666,0.4166666666666667,1.0
biodolphin_Kd_889201f64e9f,chemberta_mlm,tanimoto,ei,3,0.8077566171219973,0.2069056006909355,-13.718141011362365,1.0,0.4444444444444444,1.0
biodolphin_Kd_889201f64e9f,chemberta_mlm,tanimoto,greedy,3,0.8168390584829694,0.2055734691680299,-13.95943237284761,1.0,0.5,1.0
biodolphin_Kd_889201f64e9f,chemberta_mlm,tanimoto,pi,3,0.8077566171219973,0.2069056006909355,-13.718141011362365,1.0,0.4444444444444444,1.0
biodolphin_Kd_889201f64e9f,chemberta_mlm,tanimoto,random,3,0.5588905820742469,0.25373424520019167,-3.5422337627471445,1.0,0.7777777777777777,1.0
biodolphin_Kd_889201f64e9f,chemberta_mlm,tanimoto,thompson,3,0.5529490041569497,0.34850011629868827,-3.4920295915075314,0.6666666666666666,0.5277777777777778,1.0
biodolphin_Kd_889201f64e9f,chemberta_mlm,tanimoto,thompson_diverse,3,0.5529490041569497,0.34850011629868827,-3.4920295915075314,0.6666666666666666,0.5277777777777778,1.0
biodolphin_Kd_889201f64e9f,chemberta_mlm,tanimoto,ucb_alternate,3,0.7985606178596676,0.2053582883609329,-13.33255157569576,1.0,0.3888888888888889,1.0
biodolphin_Kd_889201f64e9f,chemberta_mlm,tanimoto,ucb_balanced,3,0.8168390584829694,0.2055734691680299,-13.95943237284761,1.0,0.5,1.0
biodolphin_Kd_889201f64e9f,chemberta_mlm,tanimoto,ucb_exploit_heavy,3,0.8168358118639372,0.20557820252240083,-13.96819846845157,1.0,0.5,1.0
biodolphin_Kd_889201f64e9f,chemberta_mlm,tanimoto,ucb_explore_heavy,3,0.7532283791664227,0.12548187709583958,-10.568834613972852,1.0,0.5,1.0
biodolphin_Kd_889201f64e9f,chemberta_mlm,tanimoto,ucb_gradual,3,0.8077566171258216,0.2069056006856476,-13.718141137629663,1.0,0.4444444444444444,1.0
biodolphin_Kd_889201f64e9f,chemberta_mlm,tanimoto,ucb_sandwich,3,0.7835486361508481,0.22446463508036318,-13.464608057746437,0.6666666666666666,0.3611111111111111,1.0
biodolphin_Kd_889201f64e9f,chemberta_mlm,tanimoto,uncertainty,3,0.7835486363404863,0.22446463538659642,-13.464608062396579,0.6666666666666666,0.3611111111111111,1.0
biodolphin_Kd_889201f64e9f,ecfp,linear,ei,3,0.6283232930825036,0.2369481698951457,-4.781106157018481,1.0,0.6666666666666666,1.0
biodolphin_Kd_889201f64e9f,ecfp,linear,greedy,3,0.5599429541188529,0.30351436552356825,-4.020305895584958,0.6666666666666666,0.6388888888888888,1.0
biodolphin_Kd_889201f64e9f,ecfp,linear,pi,3,0.6283232930825036,0.2369481698951457,-4.781106157018481,1.0,0.6666666666666666,1.0
biodolphin_Kd_889201f64e9f,ecfp,linear,random,3,0.6447748300324109,0.08917259601450701,-5.684210889611969,1.0,0.7777777777777777,1.0
biodolphin_Kd_889201f64e9f,ecfp,linear,thompson,3,0.5569819079499224,0.35397655646602255,-3.367979170938714,0.6666666666666666,0.6388888888888888,1.0
biodolphin_Kd_889201f64e9f,ecfp,linear,thompson_diverse,3,0.5569819079499224,0.35397655646602255,-3.367979170938714,0.6666666666666666,0.6388888888888888,1.0
biodolphin_Kd_889201f64e9f,ecfp,linear,ucb_alternate,3,0.5367900397516512,0.34093910906616604,-3.684785149914335,0.6666666666666666,0.6388888888888888,1.0
biodolphin_Kd_889201f64e9f,ecfp,linear,ucb_balanced,3,0.586068430286098,0.30183121830174675,-3.9120647600570746,1.0,0.6666666666666666,1.0
biodolphin_Kd_889201f64e9f,ecfp,linear,ucb_exploit_heavy,3,0.5533160561870236,0.3422359468078421,-3.5739791554744076,1.0,0.6666666666666666,1.0
biodolphin_Kd_889201f64e9f,ecfp,linear,ucb_explore_heavy,3,0.5860682968549554,0.30183142860274037,-3.912062470299181,1.0,0.6666666666666666,1.0
biodolphin_Kd_889201f64e9f,ecfp,linear,ucb_gradual,3,0.5860684304065101,0.3018312183908808,-3.9120647612038137,1.0,0.6666666666666666,1.0
biodolphin_Kd_889201f64e9f,ecfp,linear,ucb_sandwich,3,0.5618075577803521,0.3406088788859855,-3.5527248708544357,1.0,0.6666666666666666,1.0
biodolphin_Kd_889201f64e9f,ecfp,linear,uncertainty,3,0.5618162528777416,0.34059484310531635,-3.5528454914140823,1.0,0.6666666666666666,1.0
biodolphin_Kd_889201f64e9f,ecfp,matern32,ei,3,0.5970094231467672,0.2057751854353299,-4.434777725498769,1.0,0.7777777777777777,1.0
biodolphin_Kd_889201f64e9f,ecfp,matern32,greedy,3,0.5970094231467672,0.2057751854353299,-4.434777725498769,1.0,0.7777777777777777,1.0
biodolphin_Kd_889201f64e9f,ecfp,matern32,pi,3,0.5970094231467672,0.2057751854353299,-4.434777725498769,1.0,0.7777777777777777,1.0
biodolphin_Kd_889201f64e9f,ecfp,matern32,random,3,0.6267519102641382,0.17427467261082363,-5.184949186794179,1.0,0.7777777777777777,1.0
biodolphin_Kd_889201f64e9f,ecfp,matern32,thompson,3,0.6330211154739619,0.18400068882953383,-5.318686809926542,1.0,0.3888888888888889,1.0
biodolphin_Kd_889201f64e9f,ecfp,matern32,thompson_diverse,3,0.6330211154739619,0.18400068882953383,-5.318686809926542,1.0,0.3888888888888889,1.0
biodolphin_Kd_889201f64e9f,ecfp,matern32,ucb_alternate,3,0.6078275122876112,0.22141366931733183,-4.685386703787844,1.0,0.6666666666666666,1.0
biodolphin_Kd_889201f64e9f,ecfp,matern32,ucb_balanced,3,0.5970094231467672,0.2057751854353299,-4.434777725498769,1.0,0.7777777777777777,1.0
biodolphin_Kd_889201f64e9f,ecfp,matern32,ucb_exploit_heavy,3,0.5970093239841602,0.20577517095520634,-4.443684811654033,1.0,0.7777777777777777,1.0
biodolphin_Kd_889201f64e9f,ecfp,matern32,ucb_explore_heavy,3,0.6090293781855936,0.22318041443843772,-4.680963944943783,1.0,0.4444444444444444,1.0
biodolphin_Kd_889201f64e9f,ecfp,matern32,ucb_gradual,3,0.5970368367203928,0.2058141600965379,-4.4351316550761375,1.0,0.6666666666666666,1.0
biodolphin_Kd_889201f64e9f,ecfp,matern32,ucb_sandwich,3,0.5942138572102332,0.20545972441061386,-4.49879316972281,0.6666666666666666,0.5833333333333334,1.0
biodolphin_Kd_889201f64e9f,ecfp,matern32,uncertainty,3,0.6061379381607579,0.22297760227778168,-4.723086520659549,0.6666666666666666,0.3611111111111111,1.0
biodolphin_Kd_889201f64e9f,ecfp,rbf,ei,3,0.558905883607804,0.29892205309700853,-3.7511789317000885,0.6666666666666666,0.3611111111111111,1.0
biodolphin_Kd_889201f64e9f,ecfp,rbf,greedy,3,0.558905883607804,0.29892205309700853,-3.7511789317000885,0.6666666666666666,0.3611111111111111,1.0
biodolphin_Kd_889201f64e9f,ecfp,rbf,pi,3,0.558905883607804,0.29892205309700853,-3.7511789317000885,0.6666666666666666,0.3611111111111111,1.0
biodolphin_Kd_889201f64e9f,ecfp,rbf,random,3,0.5678103605519697,0.2659234188427045,-3.780644589922936,1.0,0.7777777777777777,1.0
biodolphin_Kd_889201f64e9f,ecfp,rbf,thompson,3,0.5394664706532041,0.33070654004503375,-3.1637300659575707,0.6666666666666666,0.3611111111111111,1.0
biodolphin_Kd_889201f64e9f,ecfp,rbf,thompson_diverse,3,0.5394664706532041,0.33070654004503375,-3.1637300659575707,0.6666666666666666,0.3611111111111111,1.0
biodolphin_Kd_889201f64e9f,ecfp,rbf,ucb_alternate,3,0.5394664706532039,0.33070654004503336,-3.2233644711768386,0.6666666666666666,0.47222222222222227,1.0
biodolphin_Kd_889201f64e9f,ecfp,rbf,ucb_balanced,3,0.558905883607804,0.29892205309700853,-3.7511789317000885,0.6666666666666666,0.3611111111111111,1.0
biodolphin_Kd_889201f64e9f,ecfp,rbf,ucb_exploit_heavy,3,0.5331959356081127,0.322681005359277,-3.089583342395864,0.6666666666666666,0.4166666666666667,1.0
biodolphin_Kd_889201f64e9f,ecfp,rbf,ucb_explore_heavy,3,0.558905883607804,0.29892205309700853,-3.6723971996467633,1.0,0.5,1.0
biodolphin_Kd_889201f64e9f,ecfp,rbf,ucb_gradual,3,0.558905883607804,0.29892205309700853,-3.7511789317000885,0.6666666666666666,0.3611111111111111,1.0
biodolphin_Kd_889201f64e9f,ecfp,rbf,ucb_sandwich,3,0.5331959356081127,0.322681005359277,-3.089583342395864,0.6666666666666666,0.4166666666666667,1.0
biodolphin_Kd_889201f64e9f,ecfp,rbf,uncertainty,3,0.5331959356081127,0.322681005359277,-3.089583342395864,0.6666666666666666,0.47222222222222227,1.0
biodolphin_Kd_889201f64e9f,ecfp,rq,ei,3,0.5589109780200254,0.26698604809960347,-3.617508762856039,1.0,0.7777777777777777,1.0
biodolphin_Kd_889201f64e9f,ecfp,rq,greedy,3,0.5589109780200254,0.26698604809960347,-3.617508762856039,1.0,0.7777777777777777,1.0
biodolphin_Kd_889201f64e9f,ecfp,rq,pi,3,0.5589109780200254,0.26698604809960347,-3.617508762856039,1.0,0.7777777777777777,1.0
biodolphin_Kd_889201f64e9f,ecfp,rq,random,3,0.6431631152415475,0.1511606637439642,-5.684480226812222,1.0,0.7777777777777777,1.0
biodolphin_Kd_889201f64e9f,ecfp,rq,thompson,3,0.6494302111749067,0.1613268426653515,-5.818140225975668,1.0,0.3888888888888889,1.0
biodolphin_Kd_889201f64e9f,ecfp,rq,thompson_diverse,3,0.6494302111749067,0.1613268426653515,-5.818140225975668,1.0,0.3888888888888889,1.0
biodolphin_Kd_889201f64e9f,ecfp,rq,ucb_alternate,3,0.5697285442299718,0.2814220246310786,-3.868107539133056,1.0,0.6666666666666666,1.0
biodolphin_Kd_889201f64e9f,ecfp,rq,ucb_balanced,3,0.5589109780200254,0.26698604809960347,-3.617508762856039,1.0,0.7777777777777777,1.0
biodolphin_Kd_889201f64e9f,ecfp,rq,ucb_exploit_heavy,3,0.5589087663975095,0.2669853258243309,-3.6263842329862186,1.0,0.7777777777777777,1.0
biodolphin_Kd_889201f64e9f,ecfp,rq,ucb_explore_heavy,3,0.5697364366173242,0.28140696903154827,-3.8682383620822787,1.0,0.4444444444444444,1.0
biodolphin_Kd_889201f64e9f,ecfp,rq,ucb_gradual,3,0.5589094923975967,0.26698350902576856,-3.696259209255251,0.6666666666666666,0.5833333333333334,1.0
biodolphin_Kd_889201f64e9f,ecfp,rq,ucb_sandwich,3,0.5589100453777135,0.26698423331921256,-3.6962706728734953,0.6666666666666666,0.5833333333333334,1.0
biodolphin_Kd_889201f64e9f,ecfp,rq,uncertainty,3,0.5697265141015108,0.2814226052179309,-3.9251210146673756,0.6666666666666666,0.3611111111111111,1.0
biodolphin_Kd_889201f64e9f,ecfp,tanimoto,ei,3,0.6741625604213887,0.1694934055749283,-6.534810197035184,1.0,0.7222222222222222,1.0
biodolphin_Kd_889201f64e9f,ecfp,tanimoto,greedy,3,0.5663392167566532,0.2765005451435257,-3.7732958718065,1.0,0.7777777777777777,1.0
biodolphin_Kd_889201f64e9f,ecfp,tanimoto,pi,3,0.6741625604213887,0.1694934055749283,-6.534810197035184,1.0,0.7222222222222222,1.0
biodolphin_Kd_889201f64e9f,ecfp,tanimoto,random,3,0.6544235286035386,0.13635110144878954,-6.043309107164791,1.0,0.7777777777777777,1.0
biodolphin_Kd_889201f64e9f,ecfp,tanimoto,thompson,3,0.5394409078723802,0.33067988755690825,-3.1938650732245804,0.6666666666666666,0.3611111111111111,1.0
biodolphin_Kd_889201f64e9f,ecfp,tanimoto,thompson_diverse,3,0.5394409078723802,0.33067988755690825,-3.1938650732245804,0.6666666666666666,0.3611111111111111,1.0
biodolphin_Kd_889201f64e9f,ecfp,tanimoto,ucb_alternate,3,0.569817273975653,0.28121076276752993,-3.8697567276516645,1.0,0.6666666666666666,1.0
biodolphin_Kd_889201f64e9f,ecfp,tanimoto,ucb_balanced,3,0.5663392167566532,0.2765005451435257,-3.7732958718065,1.0,0.7777777777777777,1.0
biodolphin_Kd_889201f64e9f,ecfp,tanimoto,ucb_exploit_heavy,3,0.5590018048904581,0.2667826843831832,-3.6282743986057238,1.0,0.7777777777777777,1.0
biodolphin_Kd_889201f64e9f,ecfp,tanimoto,ucb_explore_heavy,3,0.5590071988777043,0.2986930713758263,-3.695720547955599,1.0,0.4444444444444444,1.0
biodolphin_Kd_889201f64e9f,ecfp,tanimoto,ucb_gradual,3,0.566336041523933,0.2765003060931724,-3.8520688435505654,0.6666666666666666,0.5833333333333334,1.0
biodolphin_Kd_889201f64e9f,ecfp,tanimoto,ucb_sandwich,3,0.5590208123303277,0.26679075602961894,-3.698312988718277,0.6666666666666666,0.5833333333333334,1.0
biodolphin_Kd_889201f64e9f,ecfp,tanimoto,uncertainty,3,0.5394496674550834,0.33068476236540606,-3.2510182122365996,0.3333333333333333,0.3333333333333333,1.0
biodolphin_Kd_889201f64e9f,maccs,linear,ei,3,0.574154555903426,0.2743758131570158,-3.9239188144858983,1.0,0.6666666666666666,1.0
biodolphin_Kd_889201f64e9f,maccs,linear,greedy,3,0.5634962607703202,0.2729856664024513,-3.792021367978338,0.6666666666666666,0.6388888888888888,1.0
biodolphin_Kd_889201f64e9f,maccs,linear,pi,3,0.574154555903426,0.2743758131570158,-3.9239188144858983,1.0,0.6666666666666666,1.0
biodolphin_Kd_889201f64e9f,maccs,linear,random,3,0.5678838391643851,0.2658713750574262,-3.7818408582511545,1.0,0.7777777777777777,1.0
biodolphin_Kd_889201f64e9f,maccs,linear,thompson,3,0.5242970978852473,0.3116114507712165,-2.8454057509111332,0.6666666666666666,0.5277777777777778,1.0
biodolphin_Kd_889201f64e9f,maccs,linear,thompson_diverse,3,0.5242970978852473,0.3116114507712165,-2.8454057509111332,0.6666666666666666,0.5277777777777778,1.0
biodolphin_Kd_889201f64e9f,maccs,linear,ucb_alternate,3,0.5526712037365394,0.29065168847509315,-3.6179648615472146,0.6666666666666666,0.6388888888888888,1.0
biodolphin_Kd_889201f64e9f,maccs,linear,ucb_balanced,3,0.5634962649723646,0.27298552284110295,-3.79202125557919,0.6666666666666666,0.6388888888888888,1.0
biodolphin_Kd_889201f64e9f,maccs,linear,ucb_exploit_heavy,3,0.5589561210949384,0.2669874716514071,-3.618231514278246,1.0,0.6666666666666666,1.0
biodolphin_Kd_889201f64e9f,maccs,linear,ucb_explore_heavy,3,0.5634960799763561,0.2729852719298655,-3.7920248227109496,0.6666666666666666,0.6388888888888888,1.0
biodolphin_Kd_889201f64e9f,maccs,linear,ucb_gradual,3,0.5634953414373881,0.2729842934721183,-3.792001701309234,0.6666666666666666,0.6388888888888888,1.0
biodolphin_Kd_889201f64e9f,maccs,linear,ucb_sandwich,3,0.5589559885435699,0.26698729800210413,-3.618228612081326,1.0,0.6666666666666666,1.0
biodolphin_Kd_889201f64e9f,maccs,linear,uncertainty,3,0.5589589234978489,0.2669914113666618,-3.618294182376425,1.0,0.7222222222222222,1.0
biodolphin_Kd_889201f64e9f,maccs,matern32,ei,3,0.5161391065509179,0.317347729067938,-3.28672487538363,0.6666666666666666,0.3611111111111111,1.0
biodolphin_Kd_889201f64e9f,maccs,matern32,greedy,3,0.5161391065509179,0.317347729067938,-3.28672487538363,0.6666666666666666,0.3611111111111111,1.0
biodolphin_Kd_889201f64e9f,maccs,matern32,pi,3,0.5161391065509179,0.317347729067938,-3.28672487538363,0.6666666666666666,0.3611111111111111,1.0
biodolphin_Kd_889201f64e9f,maccs,matern32,random,3,0.6136268095189301,0.19378685600092957,-5.523559901782112,1.0,0.7777777777777777,1.0
biodolphin_Kd_889201f64e9f,maccs,matern32,thompson,3,0.6449426990666606,0.25616743845247003,-6.0242203034714334,0.6666666666666666,0.5277777777777778,1.0
biodolphin_Kd_889201f64e9f,maccs,matern32,thompson_diverse,3,0.6449426990666606,0.25616743845247003,-6.0242203034714334,0.6666666666666666,0.5277777777777778,1.0
biodolphin_Kd_889201f64e9f,maccs,matern32,ucb_alternate,3,0.5161391096705894,0.31734773333764105,-3.2867249411755135,0.6666666666666666,0.3611111111111111,1.0
biodolphin_Kd_889201f64e9f,maccs,matern32,ucb_balanced,3,0.5161391065509179,0.317347729067938,-3.28672487538363,0.6666666666666666,0.3611111111111111,1.0
biodolphin_Kd_889201f64e9f,maccs,matern32,ucb_exploit_heavy,3,0.5161391065509179,0.317347729067938,-3.28672487538363,0.6666666666666666,0.3611111111111111,1.0
biodolphin_Kd_889201f64e9f,maccs,matern32,ucb_explore_heavy,3,0.5306362006246971,0.33753910512328983,-3.520487014056729,0.6666666666666666,0.3611111111111111,1.0
biodolphin_Kd_889201f64e9f,maccs,matern32,ucb_gradual,3,0.5306365634118427,0.3375392363300192,-3.52049019684374,0.6666666666666666,0.3611111111111111,1.0
biodolphin_Kd_889201f64e9f,maccs,matern32,ucb_sandwich,3,0.5306365634118427,0.3375392363300192,-3.52049019684374,0.6666666666666666,0.3611111111111111,1.0
biodolphin_Kd_889201f64e9f,maccs,matern32,uncertainty,3,0.5526226715696262,0.36931574773725784,-3.896661070880175,0.6666666666666666,0.3611111111111111,1.0
biodolphin_Kd_889201f64e9f,maccs,rbf,ei,3,0.6085899749799863,0.20148866898642842,-5.500398237162002,0.3333333333333333,0.3333333333333333,1.0
biodolphin_Kd_889201f64e9f,maccs,rbf,greedy,3,0.6085899749799863,0.20148866898642842,-5.500398237162002,0.3333333333333333,0.3333333333333333,1.0
biodolphin_Kd_889201f64e9f,maccs,rbf,pi,3,0.6085899749799863,0.20148866898642842,-5.500398237162002,0.3333333333333333,0.3333333333333333,1.0
biodolphin_Kd_889201f64e9f,maccs,rbf,random,3,0.6134809423257587,0.19407108561262718,-5.516196466650279,1.0,0.7777777777777777,1.0
biodolphin_Kd_889201f64e9f,maccs,rbf,thompson,3,0.6412311085535899,0.2511670788450298,-5.915290433941771,0.6666666666666666,0.5277777777777778,1.0
biodolphin_Kd_889201f64e9f,maccs,rbf,thompson_diverse,3,0.6412311085535899,0.2511670788450298,-5.915290433941771,0.6666666666666666,0.5277777777777778,1.0
biodolphin_Kd_889201f64e9f,maccs,rbf,ucb_alternate,3,0.6085899749799863,0.20148866898642842,-5.500398237162002,0.3333333333333333,0.3333333333333333,1.0
biodolphin_Kd_889201f64e9f,maccs,rbf,ucb_balanced,3,0.6085899749799863,0.20148866898642842,-5.500398237162002,0.3333333333333333,0.3333333333333333,1.0
biodolphin_Kd_889201f64e9f,maccs,rbf,ucb_exploit_heavy,3,0.6085899749799863,0.20148866898642842,-5.500398237162002,0.3333333333333333,0.3333333333333333,1.0
biodolphin_Kd_889201f64e9f,maccs,rbf,ucb_explore_heavy,3,0.6085899749799863,0.20148866898642842,-5.500398237162002,0.3333333333333333,0.3333333333333333,1.0
biodolphin_Kd_889201f64e9f,maccs,rbf,ucb_gradual,3,0.6085899749799863,0.20148866898642842,-5.500398237162002,0.3333333333333333,0.3333333333333333,1.0
biodolphin_Kd_889201f64e9f,maccs,rbf,ucb_sandwich,3,0.6085899749799863,0.20148866898642842,-5.500398237162002,0.3333333333333333,0.3333333333333333,1.0
biodolphin_Kd_889201f64e9f,maccs,rbf,uncertainty,3,0.6085899749799863,0.20148866898642842,-5.500398237162002,0.3333333333333333,0.3333333333333333,1.0
biodolphin_Kd_889201f64e9f,maccs,rq,ei,3,0.533194001171576,0.32268328358788606,-3.3022635448641178,0.6666666666666666,0.3611111111111111,1.0
biodolphin_Kd_889201f64e9f,maccs,rq,greedy,3,0.533194001171576,0.32268328358788606,-3.3022635448641178,0.6666666666666666,0.3611111111111111,1.0
biodolphin_Kd_889201f64e9f,maccs,rq,pi,3,0.533194001171576,0.32268328358788606,-3.3022635448641178,0.6666666666666666,0.3611111111111111,1.0
biodolphin_Kd_889201f64e9f,maccs,rq,random,3,0.613241899969307,0.19436645245273462,-5.505598204164514,1.0,0.7777777777777777,1.0
biodolphin_Kd_889201f64e9f,maccs,rq,thompson,3,0.6457813708611257,0.25937940155529693,-6.055944401244645,0.6666666666666666,0.5277777777777778,1.0
biodolphin_Kd_889201f64e9f,maccs,rq,thompson_diverse,3,0.6457813708611257,0.25937940155529693,-6.055944401244645,0.6666666666666666,0.5277777777777778,1.0
biodolphin_Kd_889201f64e9f,maccs,rq,ucb_alternate,3,0.5331940011718325,0.32268328358798604,-3.302263613098171,0.6666666666666666,0.3611111111111111,1.0
biodolphin_Kd_889201f64e9f,maccs,rq,ucb_balanced,3,0.533194001171576,0.32268328358788606,-3.3022635448641178,0.6666666666666666,0.3611111111111111,1.0
biodolphin_Kd_889201f64e9f,maccs,rq,ucb_exploit_heavy,3,0.533194001171576,0.32268328358788606,-3.3022635448641178,0.6666666666666666,0.3611111111111111,1.0
biodolphin_Kd_889201f64e9f,maccs,rq,ucb_explore_heavy,3,0.5331974836057141,0.32268831911123735,-3.3023229577834905,0.6666666666666666,0.3611111111111111,1.0
biodolphin_Kd_889201f64e9f,maccs,rq,ucb_gradual,3,0.5070726104233523,0.3155962441360751,-3.2715761374294203,0.6666666666666666,0.3611111111111111,1.0
biodolphin_Kd_889201f64e9f,maccs,rq,ucb_sandwich,3,0.5070726104233523,0.3155962441360751,-3.2715761374294203,0.6666666666666666,0.3611111111111111,1.0
biodolphin_Kd_889201f64e9f,maccs,rq,uncertainty,3,0.5672480372354647,0.36802427967085766,-3.8438351178415506,0.6666666666666666,0.3611111111111111,1.0
biodolphin_Kd_889201f64e9f,maccs,tanimoto,ei,3,0.5332156085064731,0.3227359803205518,-3.0901018474575905,0.6666666666666666,0.3611111111111111,1.0
biodolphin_Kd_889201f64e9f,maccs,tanimoto,greedy,3,0.5392219663070844,0.3127991568868023,-3.4331110400509637,0.6666666666666666,0.5277777777777778,1.0
biodolphin_Kd_889201f64e9f,maccs,tanimoto,pi,3,0.5332156085064731,0.3227359803205518,-3.0901018474575905,0.6666666666666666,0.3611111111111111,1.0
biodolphin_Kd_889201f64e9f,maccs,tanimoto,random,3,0.5679124963705164,0.26585375966761543,-3.7823805128008665,1.0,0.7777777777777777,1.0
biodolphin_Kd_889201f64e9f,maccs,tanimoto,thompson,3,0.5243042326157114,0.3116217814683046,-2.845524918415777,0.6666666666666666,0.5277777777777778,1.0
biodolphin_Kd_889201f64e9f,maccs,tanimoto,thompson_diverse,3,0.5243042326157114,0.3116217814683046,-2.845524918415777,0.6666666666666666,0.5277777777777778,1.0
biodolphin_Kd_889201f64e9f,maccs,tanimoto,ucb_alternate,3,0.5331884809733575,0.3227703472718001,-3.302979238078891,0.6666666666666666,0.3611111111111111,1.0
biodolphin_Kd_889201f64e9f,maccs,tanimoto,ucb_balanced,3,0.5392219663070844,0.3127991568868023,-3.4331110400509637,0.6666666666666666,0.5277777777777778,1.0
biodolphin_Kd_889201f64e9f,maccs,tanimoto,ucb_exploit_heavy,3,0.5331893793532734,0.3227714850882059,-3.3030156722217168,0.6666666666666666,0.5277777777777778,1.0
biodolphin_Kd_889201f64e9f,maccs,tanimoto,ucb_explore_heavy,3,0.5331886461991587,0.3227705530891049,-3.302967348967778,0.6666666666666666,0.4166666666666667,1.0
biodolphin_Kd_889201f64e9f,maccs,tanimoto,ucb_gradual,3,0.5392203936360628,0.312797146385676,-3.4330746716775944,0.6666666666666666,0.5277777777777778,1.0
biodolphin_Kd_889201f64e9f,maccs,tanimoto,ucb_sandwich,3,0.5331886169952962,0.32277051915485483,-3.302996400874965,0.6666666666666666,0.5277777777777778,1.0
biodolphin_Kd_889201f64e9f,maccs,tanimoto,uncertainty,3,0.5359802158294164,0.3263235846043744,-3.362131706002297,0.6666666666666666,0.3611111111111111,1.0
biodolphin_Kd_889201f64e9f,molformer,linear,ei,3,0.5741333765852984,0.27434287139772195,-3.9749013834329308,1.0,0.8888888888888888,1.0
biodolphin_Kd_889201f64e9f,molformer,linear,greedy,3,0.5634717023206345,0.27294653655526574,-3.712710224615656,1.0,0.8333333333333334,1.0
biodolphin_Kd_889201f64e9f,molformer,linear,pi,3,0.5741333765852984,0.27434287139772195,-3.9749013834329308,1.0,0.8888888888888888,1.0
biodolphin_Kd_889201f64e9f,molformer,linear,random,3,0.5678529729057326,0.2658343372280766,-3.7812814939159947,1.0,0.7777777777777777,1.0
biodolphin_Kd_889201f64e9f,molformer,linear,thompson,3,0.5242774440074126,0.31158003618041363,-2.845148723945862,0.6666666666666666,0.4166666666666667,1.0
biodolphin_Kd_889201f64e9f,molformer,linear,thompson_diverse,3,0.5242774440074126,0.31158003618041363,-2.845148723945862,0.6666666666666666,0.4166666666666667,1.0
biodolphin_Kd_889201f64e9f,molformer,linear,ucb_alternate,3,0.5634741750640408,0.2729425724832301,-3.712753481025795,1.0,0.8333333333333334,1.0
biodolphin_Kd_889201f64e9f,molformer,linear,ucb_balanced,3,0.5526526598660846,0.2906034442177088,-3.5387500554524904,1.0,0.9444444444444443,1.0
biodolphin_Kd_889201f64e9f,molformer,linear,ucb_exploit_heavy,3,0.558939915156239,0.26695597475984156,-3.6396889372496104,1.0,0.8333333333333334,1.0
biodolphin_Kd_889201f64e9f,molformer,linear,ucb_explore_heavy,3,0.5526524400074782,0.2906031571021052,-3.5387452394755967,1.0,0.9444444444444443,1.0
biodolphin_Kd_889201f64e9f,molformer,linear,ucb_gradual,3,0.5526526599602343,0.29060344424899476,-3.538749226328156,1.0,0.9444444444444443,1.0
biodolphin_Kd_889201f64e9f,molformer,linear,ucb_sandwich,3,0.5346576041654697,0.3069994294539649,-3.2805839853347614,1.0,0.9444444444444443,1.0
biodolphin_Kd_889201f64e9f,molformer,linear,uncertainty,3,0.5454687693896957,0.32085526445051343,-3.509308570518202,1.0,0.9444444444444443,1.0
biodolphin_Kd_889201f64e9f,molformer,matern32,ei,3,0.5333162859157151,0.3228298984928732,-3.225102754970544,1.0,0.4444444444444444,1.0
biodolphin_Kd_889201f64e9f,molformer,matern32,greedy,3,0.5333162859157151,0.3228298984928732,-3.225102754970544,1.0,0.4444444444444444,1.0
biodolphin_Kd_889201f64e9f,molformer,matern32,pi,3,0.5333162859157151,0.3228298984928732,-3.225102754970544,1.0,0.4444444444444444,1.0
biodolphin_Kd_889201f64e9f,molformer,matern32,random,3,0.5679327042791545,0.26607898886623355,-3.7821272653495033,1.0,0.7777777777777777,1.0
biodolphin_Kd_889201f64e9f,molformer,matern32,thompson,3,0.5395699298490921,0.3308320099968933,-3.164942628822183,0.6666666666666666,0.3611111111111111,1.0
biodolphin_Kd_889201f64e9f,molformer,matern32,thompson_diverse,3,0.5395699298490921,0.3308320099968933,-3.164942628822183,0.6666666666666666,0.3611111111111111,1.0
biodolphin_Kd_889201f64e9f,molformer,matern32,ucb_alternate,3,0.5359686536784872,0.32621963088266626,-3.361261684600264,0.6666666666666666,0.3611111111111111,1.0
biodolphin_Kd_889201f64e9f,molformer,matern32,ucb_balanced,3,0.5333162859157151,0.3228298984928732,-3.225102754970544,1.0,0.4444444444444444,1.0
biodolphin_Kd_889201f64e9f,molformer,matern32,ucb_exploit_heavy,3,0.5359686537063076,0.3262196309093282,-3.361261685021061,0.6666666666666666,0.3611111111111111,1.0
biodolphin_Kd_889201f64e9f,molformer,matern32,ucb_explore_heavy,3,0.5336166822239673,0.32336453473914556,-3.2805071666770416,0.6666666666666666,0.3611111111111111,1.0
biodolphin_Kd_889201f64e9f,molformer,matern32,ucb_gradual,3,0.5334399966323023,0.3228031873506419,-3.2242577202063014,1.0,0.5555555555555556,1.0
biodolphin_Kd_889201f64e9f,molformer,matern32,ucb_sandwich,3,0.5334399966323023,0.3228031873506419,-3.2242577202063014,1.0,0.5555555555555556,1.0
biodolphin_Kd_889201f64e9f,molformer,matern32,uncertainty,3,0.5336166822239673,0.32336453473914556,-3.2805071666770416,0.6666666666666666,0.3611111111111111,1.0
biodolphin_Kd_889201f64e9f,molformer,rbf,ei,3,0.534418947791881,0.32398970204524186,-3.2365670258648582,1.0,0.5,1.0
biodolphin_Kd_889201f64e9f,molformer,rbf,greedy,3,0.534418947791881,0.32398970204524186,-3.2365670258648582,1.0,0.5,1.0
biodolphin_Kd_889201f64e9f,molformer,rbf,pi,3,0.534418947791881,0.32398970204524186,-3.2365670258648582,1.0,0.5,1.0
biodolphin_Kd_889201f64e9f,molformer,rbf,random,3,0.5690474351979199,0.26728428355817857,-3.793549379515071,1.0,0.7777777777777777,1.0
biodolphin_Kd_889201f64e9f,molformer,rbf,thompson,3,0.5439870742242627,0.3363684103902075,-3.0947942453328134,0.6666666666666666,0.3611111111111111,1.0
biodolphin_Kd_889201f64e9f,molformer,rbf,thompson_diverse,3,0.5439870742242627,0.3363684103902075,-3.0947942453328134,0.6666666666666666,0.3611111111111111,1.0
biodolphin_Kd_889201f64e9f,molformer,rbf,ucb_alternate,3,0.5358914133184833,0.3261552908044611,-3.359957075265839,0.6666666666666666,0.3611111111111111,1.0
biodolphin_Kd_889201f64e9f,molformer,rbf,ucb_balanced,3,0.534418947791881,0.32398970204524186,-3.2365670258648582,1.0,0.5,1.0
biodolphin_Kd_889201f64e9f,molformer,rbf,ucb_exploit_heavy,3,0.5370039282843982,0.3250176975775568,-3.2486498271131645,1.0,0.5,1.0
biodolphin_Kd_889201f64e9f,molformer,rbf,ucb_explore_heavy,3,0.5340948406420617,0.32386494776622027,-3.314712639271939,0.6666666666666666,0.3611111111111111,1.0
biodolphin_Kd_889201f64e9f,molformer,rbf,ucb_gradual,3,0.5344189477918753,0.3239897020452396,-3.2365670258648493,1.0,0.5,1.0
biodolphin_Kd_889201f64e9f,molformer,rbf,ucb_sandwich,3,0.5370039282843982,0.3250176975775568,-3.2486498271131645,1.0,0.5,1.0
biodolphin_Kd_889201f64e9f,molformer,rbf,uncertainty,3,0.5358914133184833,0.3261552908044611,-3.359957075265839,0.6666666666666666,0.3611111111111111,1.0
biodolphin_Kd_889201f64e9f,molformer,rq,ei,3,0.5334364478697752,0.3229835870848004,-3.2260694324480674,1.0,0.5,1.0
biodolphin_Kd_889201f64e9f,molformer,rq,greedy,3,0.5334364478697752,0.3229835870848004,-3.2260694324480674,1.0,0.5,1.0
biodolphin_Kd_889201f64e9f,molformer,rq,pi,3,0.5334364478697752,0.3229835870848004,-3.2260694324480674,1.0,0.5,1.0
biodolphin_Kd_889201f64e9f,molformer,rq,random,3,0.5680660899223137,0.2662079003330254,-3.783176091131587,1.0,0.7777777777777777,1.0
biodolphin_Kd_889201f64e9f,molformer,rq,thompson,3,0.5396584064676716,0.3309351528510837,-3.1657553044221594,0.6666666666666666,0.3611111111111111,1.0
biodolphin_Kd_889201f64e9f,molformer,rq,thompson_diverse,3,0.5396584064676716,0.3309351528510837,-3.1657553044221594,0.6666666666666666,0.3611111111111111,1.0
biodolphin_Kd_889201f64e9f,molformer,rq,ucb_alternate,3,0.5359433509266652,0.3262243074445852,-3.3606685166593775,0.6666666666666666,0.3611111111111111,1.0
biodolphin_Kd_889201f64e9f,molformer,rq,ucb_balanced,3,0.5334364478697752,0.3229835870848004,-3.2260694324480674,1.0,0.5,1.0
biodolphin_Kd_889201f64e9f,molformer,rq,ucb_exploit_heavy,3,0.5334385826350223,0.3229844176087979,-3.2349750441218372,1.0,0.5,1.0
biodolphin_Kd_889201f64e9f,molformer,rq,ucb_explore_heavy,3,0.535941262047816,0.3262229056504801,-3.360733940914926,0.6666666666666666,0.4166666666666667,1.0
biodolphin_Kd_889201f64e9f,molformer,rq,ucb_gradual,3,0.5333995670380025,0.32296955654471016,-3.2260254197605747,1.0,0.5555555555555556,1.0
biodolphin_Kd_889201f64e9f,molformer,rq,ucb_sandwich,3,0.5333995670380025,0.32296955654471016,-3.2260254197605747,1.0,0.5555555555555556,1.0
biodolphin_Kd_889201f64e9f,molformer,rq,uncertainty,3,0.5359412496622672,0.3262229261022804,-3.360647504958434,0.6666666666666666,0.3611111111111111,1.0
biodolphin_Kd_889201f64e9f,molformer,tanimoto,ei,3,0.5331783102585689,0.32268432024772986,-3.0894316309558794,0.6666666666666666,0.3611111111111111,1.0
biodolphin_Kd_889201f64e9f,molformer,tanimoto,greedy,3,0.5634830333374107,0.2729209830757306,-3.7128351981690457,1.0,0.7777777777777777,1.0
biodolphin_Kd_889201f64e9f,molformer,tanimoto,pi,3,0.5331783102585689,0.32268432024772986,-3.0894316309558794,0.6666666666666666,0.3611111111111111,1.0
biodolphin_Kd_889201f64e9f,molformer,tanimoto,random,3,0.5678757078918445,0.2657930385787638,-3.7815962824476763,1.0,0.7777777777777777,1.0
biodolphin_Kd_889201f64e9f,molformer,tanimoto,thompson,3,0.5242730737693146,0.31158208553564465,-2.8751312090115095,0.6666666666666666,0.5277777777777778,1.0
biodolphin_Kd_889201f64e9f,molformer,tanimoto,thompson_diverse,3,0.5242730737693146,0.31158208553564465,-2.8751312090115095,0.6666666666666666,0.5277777777777778,1.0
biodolphin_Kd_889201f64e9f,molformer,tanimoto,ucb_alternate,3,0.5589584912330312,0.3387479884741013,-3.836950255901861,1.0,0.7222222222222222,1.0
biodolphin_Kd_889201f64e9f,molformer,tanimoto,ucb_balanced,3,0.5634830333374107,0.2729209830757306,-3.7128351981690457,1.0,0.7777777777777777,1.0
biodolphin_Kd_889201f64e9f,molformer,tanimoto,ucb_exploit_heavy,3,0.5331666552918337,0.32270283639448055,-3.2155202097699687,1.0,0.7777777777777777,1.0
biodolphin_Kd_889201f64e9f,molformer,tanimoto,ucb_explore_heavy,3,0.5589585282330618,0.3387478837148388,-3.8369481179948832,1.0,0.5,1.0
biodolphin_Kd_889201f64e9f,molformer,tanimoto,ucb_gradual,3,0.5662721454970386,0.2766549105973548,-3.7719626267493083,1.0,0.7222222222222223,1.0
biodolphin_Kd_889201f64e9f,molformer,tanimoto,ucb_sandwich,3,0.5419978637453048,0.31629686545642,-3.464260253653429,1.0,0.7222222222222223,1.0
biodolphin_Kd_889201f64e9f,molformer,tanimoto,uncertainty,3,0.5359564298356047,0.3262546889679593,-3.3617753166880413,0.6666666666666666,0.4166666666666667,1.0
biodolphin_Kd_e1eca46439c9,chemberta,linear,ei,3,0.3303183959735989,0.25527899040527874,-1.4794424221235183,1.0,0.9444444444444443,1.0
biodolphin_Kd_e1eca46439c9,chemberta,linear,greedy,3,0.31181695566500744,0.24768762947517903,-1.129195882559796,1.0,0.9444444444444443,1.0
biodolphin_Kd_e1eca46439c9,chemberta,linear,pi,3,0.3303183959735989,0.25527899040527874,-1.4794424221235183,1.0,0.9444444444444443,1.0
biodolphin_Kd_e1eca46439c9,chemberta,linear,random,3,0.30897979665000586,0.24312134918423267,-0.8765957292009251,1.0,0.9444444444444443,1.0
biodolphin_Kd_e1eca46439c9,chemberta,linear,thompson,3,0.3226210622471511,0.2652634878190391,-1.1736393641763883,1.0,0.8333333333333334,1.0
biodolphin_Kd_e1eca46439c9,chemberta,linear,thompson_diverse,3,0.3226210622471511,0.2652634878190391,-1.1736393641763883,1.0,0.8333333333333334,1.0
biodolphin_Kd_e1eca46439c9,chemberta,linear,ucb_alternate,3,0.311818386166361,0.24768994405273465,-1.129210022876982,1.0,0.9444444444444443,1.0
biodolphin_Kd_e1eca46439c9,chemberta,linear,ucb_balanced,3,0.3163502876285236,0.2550378704968911,-1.167492074123736,1.0,0.9444444444444443,1.0
biodolphin_Kd_e1eca46439c9,chemberta,linear,ucb_exploit_heavy,3,0.31181839659168853,0.24769095034745445,-1.0281266780055887,1.0,0.9444444444444443,1.0
biodolphin_Kd_e1eca46439c9,chemberta,linear,ucb_explore_heavy,3,0.3118179058243573,0.2476891668677105,-1.1292060041659617,1.0,0.9444444444444443,1.0
biodolphin_Kd_e1eca46439c9,chemberta,linear,ucb_gradual,3,0.3163502876285236,0.2550378704968911,-1.167492074123736,1.0,0.9444444444444443,1.0
biodolphin_Kd_e1eca46439c9,chemberta,linear,ucb_sandwich,3,0.31181839659168853,0.24769095034745445,-1.0281266780055887,1.0,0.9444444444444443,1.0
biodolphin_Kd_e1eca46439c9,chemberta,linear,uncertainty,3,0.3118180126906336,0.24769032925537968,-1.0281246169593776,1.0,0.9444444444444443,1.0
biodolphin_Kd_e1eca46439c9,chemberta,matern32,ei,3,0.3226401742669987,0.2652861939898067,-1.0711537523589663,1.0,0.8888888888888888,1.0
biodolphin_Kd_e1eca46439c9,chemberta,matern32,greedy,3,0.3226401742669987,0.2652861939898067,-1.0711537523589663,1.0,0.8888888888888888,1.0
biodolphin_Kd_e1eca46439c9,chemberta,matern32,pi,3,0.3226401742669987,0.2652861939898067,-1.0711537523589663,1.0,0.8888888888888888,1.0
biodolphin_Kd_e1eca46439c9,chemberta,matern32,random,3,0.30903248086201884,0.24319227875005664,-0.8777572001529664,1.0,0.9444444444444443,1.0
biodolphin_Kd_e1eca46439c9,chemberta,matern32,thompson,3,0.33859237385904234,0.2914814011498018,-1.1928026118053,1.0,0.8888888888888888,1.0
biodolphin_Kd_e1eca46439c9,chemberta,matern32,thompson_diverse,3,0.33859237385904234,0.2914814011498018,-1.1928026118053,1.0,0.8888888888888888,1.0
biodolphin_Kd_e1eca46439c9,chemberta,matern32,ucb_alternate,3,0.3226400896893515,0.26528627516421166,-1.0189866378491572,1.0,0.8888888888888888,1.0
biodolphin_Kd_e1eca46439c9,chemberta,matern32,ucb_balanced,3,0.3226401742669987,0.2652861939898067,-1.0711537523589663,1.0,0.8888888888888888,1.0
biodolphin_Kd_e1eca46439c9,chemberta,matern32,ucb_exploit_heavy,3,0.330407325604858,0.2552102586148126,-1.480916941565737,1.0,0.8888888888888888,1.0
biodolphin_Kd_e1eca46439c9,chemberta,matern32,ucb_explore_heavy,3,0.36757825344196204,0.21223919898855576,-3.1338106582535357,0.3333333333333333,0.3333333333333333,1.0
biodolphin_Kd_e1eca46439c9,chemberta,matern32,ucb_gradual,3,0.3226403708879646,0.2652861442153908,-1.222565989555753,1.0,0.7777777777777778,1.0
biodolphin_Kd_e1eca46439c9,chemberta,matern32,ucb_sandwich,3,0.33040748461330754,0.25521034685421384,-1.4809199162158009,1.0,0.7777777777777778,1.0
biodolphin_Kd_e1eca46439c9,chemberta,matern32,uncertainty,3,0.3463589879434236,0.28168316112097236,-1.6310503850878633,1.0,0.3888888888888889,1.0
biodolphin_Kd_e1eca46439c9,chemberta,rbf,ei,3,0.3385925806253301,0.2914814454376329,-1.2177319735640078,1.0,0.8888888888888888,1.0
biodolphin_Kd_e1eca46439c9,chemberta,rbf,greedy,3,0.3385925806253301,0.2914814454376329,-1.2177319735640078,1.0,0.8888888888888888,1.0
biodolphin_Kd_e1eca46439c9,chemberta,rbf,pi,3,0.3385925806253301,0.2914814454376329,-1.2177319735640078,1.0,0.8888888888888888,1.0
biodolphin_Kd_e1eca46439c9,chemberta,rbf,random,3,0.3090321125899333,0.24319284221128926,-0.8777574856410388,1.0,0.9444444444444443,1.0
biodolphin_Kd_e1eca46439c9,chemberta,rbf,thompson,3,0.3385923826542303,0.291481564715734,-1.369143775914991,1.0,0.8888888888888888,1.0
biodolphin_Kd_e1eca46439c9,chemberta,rbf,thompson_diverse,3,0.3385923826542303,0.291481564715734,-1.369143775914991,1.0,0.8888888888888888,1.0
biodolphin_Kd_e1eca46439c9,chemberta,rbf,ucb_alternate,3,0.33859249756083454,0.29148147618001496,-1.2823457901711528,1.0,0.8888888888888888,1.0
biodolphin_Kd_e1eca46439c9,chemberta,rbf,ucb_balanced,3,0.3385925806253301,0.2914814454376329,-1.2177319735640078,1.0,0.8888888888888888,1.0
biodolphin_Kd_e1eca46439c9,chemberta,rbf,ucb_exploit_heavy,3,0.346360077613389,0.2816824936329669,-1.6274965262077632,1.0,0.8888888888888888,1.0
biodolphin_Kd_e1eca46439c9,chemberta,rbf,ucb_explore_heavy,3,0.3961748204836247,0.2299004004231028,-3.7178389045232474,0.3333333333333333,0.3333333333333333,1.0
biodolphin_Kd_e1eca46439c9,chemberta,rbf,ucb_gradual,3,0.3385926291318732,0.2914814156430495,-1.2177291976418954,1.0,0.7777777777777778,1.0
biodolphin_Kd_e1eca46439c9,chemberta,rbf,ucb_sandwich,3,0.346359688504527,0.28168302260785905,-1.627490065752311,1.0,0.7777777777777778,1.0
biodolphin_Kd_e1eca46439c9,chemberta,rbf,uncertainty,3,0.3463586326244486,0.2816843420431583,-1.6274578140092608,1.0,0.3888888888888889,1.0
biodolphin_Kd_e1eca46439c9,chemberta,rq,ei,3,0.3118226016301538,0.24769969701608874,-0.9780428243407204,1.0,0.8888888888888888,1.0
biodolphin_Kd_e1eca46439c9,chemberta,rq,greedy,3,0.3118226016301538,0.24769969701608874,-0.9780428243407204,1.0,0.8888888888888888,1.0
biodolphin_Kd_e1eca46439c9,chemberta,rq,pi,3,0.3118226016301538,0.24769969701608874,-0.9780428243407204,1.0,0.8888888888888888,1.0
biodolphin_Kd_e1eca46439c9,chemberta,rq,random,3,0.30903265988295914,0.24319198535447462,-0.8777612688529137,1.0,0.9444444444444443,1.0
biodolphin_Kd_e1eca46439c9,chemberta,rq,thompson,3,0.3385924780464847,0.29148122371990703,-1.1928048294249642,1.0,0.8888888888888888,1.0
biodolphin_Kd_e1eca46439c9,chemberta,rq,thompson_diverse,3,0.3385924780464847,0.29148122371990703,-1.1928048294249642,1.0,0.8888888888888888,1.0
biodolphin_Kd_e1eca46439c9,chemberta,rq,ucb_alternate,3,0.3226407944148953,0.26528685728037643,-1.018990307017088,1.0,0.8888888888888888,1.0
biodolphin_Kd_e1eca46439c9,chemberta,rq,ucb_balanced,3,0.3118226016301538,0.24769969701608874,-0.9780428243407204,1.0,0.8888888888888888,1.0
biodolphin_Kd_e1eca46439c9,chemberta,rq,ucb_exploit_heavy,3,0.3304074455399972,0.25521091958025993,-1.4809158614163367,1.0,0.8888888888888888,1.0
biodolphin_Kd_e1eca46439c9,chemberta,rq,ucb_explore_heavy,3,0.35632127991232637,0.206628851408571,-2.663908768131026,0.3333333333333333,0.3333333333333333,1.0
biodolphin_Kd_e1eca46439c9,chemberta,rq,ucb_gradual,3,0.32264071661048366,0.26528669989323345,-1.2225668489280594,1.0,0.7777777777777778,1.0
biodolphin_Kd_e1eca46439c9,chemberta,rq,ucb_sandwich,3,0.330407726112061,0.25521103603439405,-1.4809195717547254,1.0,0.7777777777777778,1.0
biodolphin_Kd_e1eca46439c9,chemberta,rq,uncertainty,3,0.3463593393320183,0.281682941402581,-1.6310481164425255,1.0,0.3888888888888889,1.0
biodolphin_Kd_e1eca46439c9,chemberta,tanimoto,ei,3,0.3462723473054199,0.28173038416336865,-1.5754044351873564,0.6666666666666666,0.5833333333333334,1.0
biodolphin_Kd_e1eca46439c9,chemberta,tanimoto,greedy,3,0.31180922622106183,0.24767251319382907,-0.97805850669147,1.0,0.9444444444444443,1.0
biodolphin_Kd_e1eca46439c9,chemberta,tanimoto,pi,3,0.3462723473054199,0.28173038416336865,-1.5754044351873564,0.6666666666666666,0.5833333333333334,1.0
biodolphin_Kd_e1eca46439c9,chemberta,tanimoto,random,3,0.30897571315476374,0.24311050794340497,-0.8766154507324669,1.0,0.9444444444444443,1.0
biodolphin_Kd_e1eca46439c9,chemberta,tanimoto,thompson,3,0.338564996491219,0.29143379040779527,-1.320237567421496,1.0,0.8333333333333334,1.0
biodolphin_Kd_e1eca46439c9,chemberta,tanimoto,thompson_diverse,3,0.338564996491219,0.29143379040779527,-1.320237567421496,1.0,0.8333333333333334,1.0
biodolphin_Kd_e1eca46439c9,chemberta,tanimoto,ucb_alternate,3,0.3462548193700255,0.2817313175470139,-1.6294764210521357,1.0,0.9444444444444443,1.0
biodolphin_Kd_e1eca46439c9,chemberta,tanimoto,ucb_balanced,3,0.31180922622106183,0.24767251319382907,-0.97805850669147,1.0,0.9444444444444443,1.0
biodolphin_Kd_e1eca46439c9,chemberta,tanimoto,ucb_exploit_heavy,3,0.34378462844845464,0.2776183500489124,-1.6023444565502556,1.0,0.9444444444444443,1.0
biodolphin_Kd_e1eca46439c9,chemberta,tanimoto,ucb_explore_heavy,3,0.3240410607732631,0.2449115336045805,-1.3740681281721596,0.6666666666666666,0.4166666666666667,1.0
biodolphin_Kd_e1eca46439c9,chemberta,tanimoto,ucb_gradual,3,0.3118109925610389,0.24766894690017013,-1.1292141584643043,1.0,0.7777777777777778,1.0
biodolphin_Kd_e1eca46439c9,chemberta,tanimoto,ucb_sandwich,3,0.34378494240305085,0.277617679867008,-1.602351651631153,1.0,0.7777777777777778,1.0
biodolphin_Kd_e1eca46439c9,chemberta,tanimoto,uncertainty,3,0.37854533473522495,0.24474977309891907,-2.8664683229955847,0.3333333333333333,0.3333333333333333,1.0
biodolphin_Kd_e1eca46439c9,chemberta_mlm,linear,ei,3,0.4590224663631776,0.1963798582539212,-9.640033348640374,0.6666666666666666,0.3611111111111111,1.0
biodolphin_Kd_e1eca46439c9,chemberta_mlm,linear,greedy,3,0.3163374834242985,0.2550074281181747,-0.9141658283971443,0.6666666666666666,0.6388888888888888,1.0
biodolphin_Kd_e1eca46439c9,chemberta_mlm,linear,pi,3,0.4590224663631776,0.1963798582539212,-9.640033348640374,0.6666666666666666,0.3611111111111111,1.0
biodolphin_Kd_e1eca46439c9,chemberta_mlm,linear,random,3,0.30899592972154055,0.24312249527028035,-0.8773580876758088,1.0,0.9444444444444443,1.0
biodolphin_Kd_e1eca46439c9,chemberta_mlm,linear,thompson,3,0.33855695667530794,0.29141314155801135,-1.321280045002744,1.0,0.8888888888888888,1.0
biodolphin_Kd_e1eca46439c9,chemberta_mlm,linear,thompson_diverse,3,0.33855695667530794,0.29141314155801135,-1.321280045002744,1.0,0.8888888888888888,1.0
biodolphin_Kd_e1eca46439c9,chemberta_mlm,linear,ucb_alternate,3,0.33539499725667055,0.2926379559688405,-1.1523837338015692,0.6666666666666666,0.6388888888888888,1.0
biodolphin_Kd_e1eca46439c9,chemberta_mlm,linear,ucb_balanced,3,0.3163374834242985,0.2550074281181747,-0.9141658283971443,0.6666666666666666,0.6388888888888888,1.0
biodolphin_Kd_e1eca46439c9,chemberta_mlm,linear,ucb_exploit_heavy,3,0.3353951463819702,0.2926382044675443,-1.1524109819874397,0.6666666666666666,0.6388888888888888,1.0
biodolphin_Kd_e1eca46439c9,chemberta_mlm,linear,ucb_explore_heavy,3,0.31633697524559823,0.25500652394435874,-1.036922276147158,1.0,0.3888888888888889,1.0
biodolphin_Kd_e1eca46439c9,chemberta_mlm,linear,ucb_gradual,3,0.3163369756868371,0.2550065232070928,-1.0368752675328285,1.0,0.3888888888888889,1.0
biodolphin_Kd_e1eca46439c9,chemberta_mlm,linear,ucb_sandwich,3,0.4590235278903558,0.19638147184328672,-9.640043947660844,0.6666666666666666,0.3611111111111111,1.0
biodolphin_Kd_e1eca46439c9,chemberta_mlm,linear,uncertainty,3,0.4294601353309404,0.15308282407249196,-9.376901414674228,0.6666666666666666,0.4166666666666667,1.0
biodolphin_Kd_e1eca46439c9,chemberta_mlm,matern32,ei,3,0.298677444686042,0.22656575573320908,-1.1031218348803458,1.0,0.9444444444444443,1.0
biodolphin_Kd_e1eca46439c9,chemberta_mlm,matern32,greedy,3,0.2992962974182783,0.22755301247021,-0.8301245523152586,1.0,0.9444444444444443,1.0
biodolphin_Kd_e1eca46439c9,chemberta_mlm,matern32,pi,3,0.298677444686042,0.22656575573320908,-1.1031218348803458,1.0,0.9444444444444443,1.0
biodolphin_Kd_e1eca46439c9,chemberta_mlm,matern32,random,3,0.30903657344991614,0.24318702552743932,-0.8778483237258206,1.0,0.9444444444444443,1.0
biodolphin_Kd_e1eca46439c9,chemberta_mlm,matern32,thompson,3,0.33853117164013763,0.29137997563552354,-1.1919910900061967,1.0,0.6666666666666666,1.0
biodolphin_Kd_e1eca46439c9,chemberta_mlm,matern32,thompson_diverse,3,0.33853117164013763,0.29137997563552354,-1.1919910900061967,1.0,0.6666666666666666,1.0
biodolphin_Kd_e1eca46439c9,chemberta_mlm,matern32,ucb_alternate,3,0.3070581744749381,0.21698672421201634,-1.3169386356054569,1.0,0.9444444444444443,1.0
biodolphin_Kd_e1eca46439c9,chemberta_mlm,matern32,ucb_balanced,3,0.2992962974182783,0.22755301247021,-0.8301245523152586,1.0,0.9444444444444443,1.0
biodolphin_Kd_e1eca46439c9,chemberta_mlm,matern32,ucb_exploit_heavy,3,0.30763283349116977,0.21438595513646994,-1.5717720710207967,1.0,0.9444444444444443,1.0
biodolphin_Kd_e1eca46439c9,chemberta_mlm,matern32,ucb_explore_heavy,3,0.45106524358178984,0.1931219226787577,-9.06316278282266,0.6666666666666666,0.4166666666666667,1.0
biodolphin_Kd_e1eca46439c9,chemberta_mlm,matern32,ucb_gradual,3,0.32416955598766145,0.26024635628069753,-1.2045304029133501,0.6666666666666666,0.36111111111111116,1.0
biodolphin_Kd_e1eca46439c9,chemberta_mlm,matern32,ucb_sandwich,3,0.3105653553548189,0.23782206110037063,-1.0882574784522883,0.6666666666666666,0.36111111111111116,1.0
biodolphin_Kd_e1eca46439c9,chemberta_mlm,matern32,uncertainty,3,0.34394287269950735,0.2811371884156424,-1.635584785599922,0.6666666666666666,0.36111111111111116,1.0
biodolphin_Kd_e1eca46439c9,chemberta_mlm,rbf,ei,3,0.31925994543988684,0.2664147815938263,-1.0002838196949362,0.6666666666666666,0.5277777777777778,1.0
biodolphin_Kd_e1eca46439c9,chemberta_mlm,rbf,greedy,3,0.30564721606877354,0.2441455620636581,-0.883855693007335,0.6666666666666666,0.47222222222222227,1.0
biodolphin_Kd_e1eca46439c9,chemberta_mlm,rbf,pi,3,0.3134142963667223,0.23400560113657295,-1.3457881449840794,0.6666666666666666,0.5277777777777778,1.0
biodolphin_Kd_e1eca46439c9,chemberta_mlm,rbf,random,3,0.30903318275567937,0.24319278015344334,-0.8777679416921851,1.0,0.9444444444444443,1.0
biodolphin_Kd_e1eca46439c9,chemberta_mlm,rbf,thompson,3,0.33794563910156805,0.2904141377587475,-1.1838361009321607,1.0,0.8888888888888888,1.0
biodolphin_Kd_e1eca46439c9,chemberta_mlm,rbf,thompson_diverse,3,0.33794563910156805,0.2904141377587475,-1.1838361009321607,1.0,0.8888888888888888,1.0
biodolphin_Kd_e1eca46439c9,chemberta_mlm,rbf,ucb_alternate,3,0.3404721446000372,0.27909964247045016,-1.5897009426168858,0.6666666666666666,0.4166666666666667,1.0
biodolphin_Kd_e1eca46439c9,chemberta_mlm,rbf,ucb_balanced,3,0.31925994543988717,0.2664147815938262,-1.0002838196949329,0.6666666666666666,0.5277777777777778,1.0
biodolphin_Kd_e1eca46439c9,chemberta_mlm,rbf,ucb_exploit_heavy,3,0.4113763835581617,0.15709942361302337,-8.02506169766809,0.6666666666666666,0.47222222222222227,1.0
biodolphin_Kd_e1eca46439c9,chemberta_mlm,rbf,ucb_explore_heavy,3,0.34378343369413855,0.2777211760483877,-1.6131862892785527,1.0,0.5555555555555556,1.0
biodolphin_Kd_e1eca46439c9,chemberta_mlm,rbf,ucb_gradual,3,0.31925994543988717,0.2664147815938262,-1.0002838196949329,0.6666666666666666,0.5277777777777778,1.0
biodolphin_Kd_e1eca46439c9,chemberta_mlm,rbf,ucb_sandwich,3,0.4113763835581617,0.15709942361302337,-8.02506169766809,0.6666666666666666,0.47222222222222227,1.0
biodolphin_Kd_e1eca46439c9,chemberta_mlm,rbf,uncertainty,3,0.3018121982785081,0.2117713716860861,-1.5519295487619578,0.6666666666666666,0.47222222222222227,1.0
biodolphin_Kd_e1eca46439c9,chemberta_mlm,rq,ei,3,0.296347528653393,0.22286726436772877,-1.0966427206515934,1.0,0.9444444444444443,1.0
biodolphin_Kd_e1eca46439c9,chemberta_mlm,rq,greedy,3,0.27921274127846746,0.19597951745182077,-0.6754746347582298,1.0,0.9444444444444443,1.0
biodolphin_Kd_e1eca46439c9,chemberta_mlm,rq,pi,3,0.296347528653393,0.22286726436772877,-1.0966427206515934,1.0,0.9444444444444443,1.0
biodolphin_Kd_e1eca46439c9,chemberta_mlm,rq,random,3,0.3090145954425478,0.24319689026162883,-0.8776776517939759,1.0,0.9444444444444443,1.0
biodolphin_Kd_e1eca46439c9,chemberta_mlm,rq,thompson,3,0.3385805227656757,0.2914614446985389,-1.192651126528393,1.0,0.8888888888888888,1.0
biodolphin_Kd_e1eca46439c9,chemberta_mlm,rq,thompson_diverse,3,0.3385805227656757,0.2914614446985389,-1.192651126528393,1.0,0.8888888888888888,1.0
biodolphin_Kd_e1eca46439c9,chemberta_mlm,rq,ucb_alternate,3,0.286979462677696,0.1848667099742275,-1.1623231273571277,1.0,0.9444444444444443,1.0
biodolphin_Kd_e1eca46439c9,chemberta_mlm,rq,ucb_balanced,3,0.296347528653393,0.22286726436772877,-1.0966427206515934,1.0,0.9444444444444443,1.0
biodolphin_Kd_e1eca46439c9,chemberta_mlm,rq,ucb_exploit_heavy,3,0.30530779467093927,0.21061491116288372,-1.5653295734378634,1.0,0.9444444444444443,1.0
biodolphin_Kd_e1eca46439c9,chemberta_mlm,rq,ucb_explore_heavy,3,0.34380827931877284,0.27766458765795854,-1.612100829664045,1.0,0.5555555555555556,1.0
biodolphin_Kd_e1eca46439c9,chemberta_mlm,rq,ucb_gradual,3,0.38056206938112663,0.11414858516640422,-7.669139298146493,0.6666666666666666,0.36111111111111116,1.0
biodolphin_Kd_e1eca46439c9,chemberta_mlm,rq,ucb_sandwich,3,0.39769685675605243,0.1381374250473291,-8.090307384039876,0.6666666666666666,0.36111111111111116,1.0
biodolphin_Kd_e1eca46439c9,chemberta_mlm,rq,uncertainty,3,0.3018421373040911,0.21172840763006454,-1.5508832382572857,0.6666666666666666,0.47222222222222227,1.0
biodolphin_Kd_e1eca46439c9,chemberta_mlm,tanimoto,ei,3,0.34250770682603876,0.28333609439846935,-1.618349715190978,0.6666666666666666,0.5833333333333334,1.0
biodolphin_Kd_e1eca46439c9,chemberta_mlm,tanimoto,greedy,3,0.3163355835847068,0.25499454910623753,-0.914214871916183,0.6666666666666666,0.6388888888888888,1.0
biodolphin_Kd_e1eca46439c9,chemberta_mlm,tanimoto,pi,3,0.34250770682603876,0.28333609439846935,-1.618349715190978,0.6666666666666666,0.5833333333333334,1.0
biodolphin_Kd_e1eca46439c9,chemberta_mlm,tanimoto,random,3,0.30899229559420166,0.24311526253960222,-0.8772501730968955,1.0,0.9444444444444443,1.0
biodolphin_Kd_e1eca46439c9,chemberta_mlm,tanimoto,thompson,3,0.33855783791797256,0.2914069346891503,-1.3213540573569513,1.0,0.8888888888888888,1.0
biodolphin_Kd_e1eca46439c9,chemberta_mlm,tanimoto,thompson_diverse,3,0.33855783791797256,0.2914069346891503,-1.3213540573569513,1.0,0.8888888888888888,1.0
biodolphin_Kd_e1eca46439c9,chemberta_mlm,tanimoto,ucb_alternate,3,0.2713383096132877,0.16334245272112283,-1.1382972098507769,0.6666666666666666,0.6388888888888888,1.0
biodolphin_Kd_e1eca46439c9,chemberta_mlm,tanimoto,ucb_balanced,3,0.3163355835847068,0.25499454910623753,-0.914214871916183,0.6666666666666666,0.6388888888888888,1.0
biodolphin_Kd_e1eca46439c9,chemberta_mlm,tanimoto,ucb_exploit_heavy,3,0.3436941249074647,0.28189692934597643,-1.6521354718578725,0.6666666666666666,0.6388888888888888,1.0
biodolphin_Kd_e1eca46439c9,chemberta_mlm,tanimoto,ucb_explore_heavy,3,0.48094122513108034,0.24734471182739795,-27.253030622793077,0.6666666666666666,0.36111111111111116,1.0
biodolphin_Kd_e1eca46439c9,chemberta_mlm,tanimoto,ucb_gradual,3,0.5310766841119449,0.250755894951519,-27.565614144116665,0.6666666666666666,0.36111111111111116,1.0
biodolphin_Kd_e1eca46439c9,chemberta_mlm,tanimoto,ucb_sandwich,3,0.5533042077983935,0.26164320846888184,-27.767076143418365,0.6666666666666666,0.36111111111111116,1.0
biodolphin_Kd_e1eca46439c9,chemberta_mlm,tanimoto,uncertainty,3,0.29311629736742884,0.22459026947322627,-1.0944921600577338,0.6666666666666666,0.4166666666666667,1.0
biodolphin_Kd_e1eca46439c9,ecfp,linear,ei,3,0.5655116098054966,0.13778777939218073,-11.185410797905684,1.0,0.9444444444444443,1.0
biodolphin_Kd_e1eca46439c9,ecfp,linear,greedy,3,0.5495623480421558,0.12355461301351361,-11.038828082440899,1.0,0.9444444444444443,1.0
biodolphin_Kd_e1eca46439c9,ecfp,linear,pi,3,0.5655114894325544,0.13778765661927392,-11.185409650113925,1.0,0.9444444444444443,1.0
biodolphin_Kd_e1eca46439c9,ecfp,linear,random,3,0.5141214645804658,0.11978084972076297,-10.3994285576954,1.0,0.9444444444444443,1.0
biodolphin_Kd_e1eca46439c9,ecfp,linear,thompson,3,0.5556680902933046,0.12400681167852196,-11.159997857385031,1.0,0.7777777777777778,1.0
biodolphin_Kd_e1eca46439c9,ecfp,linear,thompson_diverse,3,0.5556680902933046,0.12400681167852196,-11.159997857385031,1.0,0.7777777777777778,1.0
biodolphin_Kd_e1eca46439c9,ecfp,linear,ucb_alternate,3,0.5630415802078964,0.1353126560727665,-11.161805797928936,1.0,0.9444444444444443,1.0
biodolphin_Kd_e1eca46439c9,ecfp,linear,ucb_balanced,3,0.5387534410758609,0.11667282659110015,-10.945849421276064,1.0,0.9444444444444443,1.0
biodolphin_Kd_e1eca46439c9,ecfp,linear,ucb_exploit_heavy,3,0.5630447240765931,0.1353157816694057,-11.16181340112721,1.0,0.9444444444444443,1.0
biodolphin_Kd_e1eca46439c9,ecfp,linear,ucb_explore_heavy,3,0.5387535924084182,0.1166729333880867,-10.945849053483919,1.0,0.3888888888888889,1.0
biodolphin_Kd_e1eca46439c9,ecfp,linear,ucb_gradual,3,0.5387534428848593,0.11667282677510663,-10.94584953823186,1.0,0.5555555555555556,1.0
biodolphin_Kd_e1eca46439c9,ecfp,linear,ucb_sandwich,3,0.5089204296599722,0.20413373275121008,-8.168280936008165,0.6666666666666666,0.3611111111111111,1.0
biodolphin_Kd_e1eca46439c9,ecfp,linear,uncertainty,3,0.5558810487142852,0.12055255801949935,-11.218159541463452,1.0,0.4444444444444445,1.0
biodolphin_Kd_e1eca46439c9,ecfp,matern32,ei,3,0.31182291838792037,0.24769963438331277,-0.9780502945098263,1.0,0.9444444444444443,1.0
biodolphin_Kd_e1eca46439c9,ecfp,matern32,greedy,3,0.31182291838792037,0.24769963438331277,-0.9780502945098263,1.0,0.9444444444444443,1.0
biodolphin_Kd_e1eca46439c9,ecfp,matern32,pi,3,0.31182291838792037,0.24769963438331277,-0.9780502945098263,1.0,0.9444444444444443,1.0
biodolphin_Kd_e1eca46439c9,ecfp,matern32,random,3,0.3090330091191296,0.24319194362361518,-0.8777636397520912,1.0,0.9444444444444443,1.0
biodolphin_Kd_e1eca46439c9,ecfp,matern32,thompson,3,0.3385927055062237,0.2914807303099771,-1.1928179258446947,1.0,0.8888888888888888,1.0
biodolphin_Kd_e1eca46439c9,ecfp,matern32,thompson_diverse,3,0.3385927055062237,0.2914807303099771,-1.1928179258446947,1.0,0.8888888888888888,1.0
biodolphin_Kd_e1eca46439c9,ecfp,matern32,ucb_alternate,3,0.3118225308583802,0.24769900740320056,-0.9780469917403435,1.0,0.9444444444444443,1.0
biodolphin_Kd_e1eca46439c9,ecfp,matern32,ucb_balanced,3,0.31182291838792037,0.24769963438331277,-0.9780502945098263,1.0,0.9444444444444443,1.0
biodolphin_Kd_e1eca46439c9,ecfp,matern32,ucb_exploit_heavy,3,0.31182291838792037,0.24769963438331277,-0.9780502945098263,1.0,0.9444444444444443,1.0
biodolphin_Kd_e1eca46439c9,ecfp,matern32,ucb_explore_heavy,3,0.3224778349710178,0.26533722503473123,-1.2270805641772335,1.0,0.3888888888888889,1.0
biodolphin_Kd_e1eca46439c9,ecfp,matern32,ucb_gradual,3,0.3385927774426058,0.29148060686144284,-1.2677018496919705,1.0,0.4444444444444444,1.0
biodolphin_Kd_e1eca46439c9,ecfp,matern32,ucb_sandwich,3,0.3385926303791768,0.2914808129036022,-1.2177139044502028,1.0,0.5,1.0
biodolphin_Kd_e1eca46439c9,ecfp,matern32,uncertainty,3,0.3385881468096385,0.29148245409361334,-1.369150126577986,1.0,0.5,1.0
biodolphin_Kd_e1eca46439c9,ecfp,rbf,ei,3,0.3385926368586838,0.2914814119732928,-1.2177273726246405,1.0,0.6111111111111112,1.0
biodolphin_Kd_e1eca46439c9,ecfp,rbf,greedy,3,0.3385926368586838,0.2914814119732928,-1.2177273726246405,1.0,0.6111111111111112,1.0
biodolphin_Kd_e1eca46439c9,ecfp,rbf,pi,3,0.3385926368586838,0.2914814119732928,-1.2177273726246405,1.0,0.6111111111111112,1.0
biodolphin_Kd_e1eca46439c9,ecfp,rbf,random,3,0.3090328269414286,0.2431921989375154,-0.8777635190223462,1.0,0.9444444444444443,1.0
biodolphin_Kd_e1eca46439c9,ecfp,rbf,thompson,3,0.33859263685868646,0.29148141197328936,-1.1928074203294399,1.0,0.8888888888888888,1.0
biodolphin_Kd_e1eca46439c9,ecfp,rbf,thompson_diverse,3,0.33859263685868646,0.29148141197328936,-1.1928074203294399,1.0,0.8888888888888888,1.0
biodolphin_Kd_e1eca46439c9,ecfp,rbf,ucb_alternate,3,0.34635959228791835,0.2816831510870422,-1.6796562038883442,1.0,0.5555555555555556,1.0
biodolphin_Kd_e1eca46439c9,ecfp,rbf,ucb_balanced,3,0.3385926368586838,0.2914814119732928,-1.2177273726246405,1.0,0.6111111111111112,1.0
biodolphin_Kd_e1eca46439c9,ecfp,rbf,ucb_exploit_heavy,3,0.34635959228791835,0.2816831510870422,-1.6796562038883442,1.0,0.5555555555555556,1.0
biodolphin_Kd_e1eca46439c9,ecfp,rbf,ucb_explore_heavy,3,0.3385926368586838,0.2914814119732928,-1.2177273726246405,1.0,0.6666666666666666,1.0
biodolphin_Kd_e1eca46439c9,ecfp,rbf,ucb_gradual,3,0.3385926368586838,0.2914814119732928,-1.2177273726246405,1.0,0.6111111111111112,1.0
biodolphin_Kd_e1eca46439c9,ecfp,rbf,ucb_sandwich,3,0.34635959228791835,0.2816831510870422,-1.6796562038883442,1.0,0.5555555555555556,1.0
biodolphin_Kd_e1eca46439c9,ecfp,rbf,uncertainty,3,0.34635959228791835,0.2816831510870422,-1.6274866705407334,1.0,0.6111111111111112,1.0
biodolphin_Kd_e1eca46439c9,ecfp,rq,ei,3,0.3226404682587516,0.265286241439404,-1.1212511016220599,1.0,0.9444444444444443,1.0
biodolphin_Kd_e1eca46439c9,ecfp,rq,greedy,3,0.3226404682587516,0.265286241439404,-1.1212511016220599,1.0,0.9444444444444443,1.0
biodolphin_Kd_e1eca46439c9,ecfp,rq,pi,3,0.3226404682587516,0.265286241439404,-1.1212511016220599,1.0,0.9444444444444443,1.0
biodolphin_Kd_e1eca46439c9,ecfp,rq,random,3,0.3090322574488498,0.2431920452865952,-0.8777600129747025,1.0,0.9444444444444443,1.0
biodolphin_Kd_e1eca46439c9,ecfp,rq,thompson,3,0.3478718524625659,0.2798098716668493,-1.4001548547073952,1.0,0.8888888888888888,1.0
biodolphin_Kd_e1eca46439c9,ecfp,rq,thompson_diverse,3,0.3478718524625659,0.2798098716668493,-1.4001548547073952,1.0,0.8888888888888888,1.0
biodolphin_Kd_e1eca46439c9,ecfp,rq,ucb_alternate,3,0.3226408237109684,0.265286822070718,-1.0711594761377732,1.0,0.9444444444444443,1.0
biodolphin_Kd_e1eca46439c9,ecfp,rq,ucb_balanced,3,0.3226404682587516,0.265286241439404,-1.1212511016220599,1.0,0.9444444444444443,1.0
biodolphin_Kd_e1eca46439c9,ecfp,rq,ucb_exploit_heavy,3,0.3226404682587516,0.265286241439404,-1.1212511016220599,1.0,0.9444444444444443,1.0
biodolphin_Kd_e1eca46439c9,ecfp,rq,ucb_explore_heavy,3,0.33859675002965384,0.2914751374704724,-1.3692129543115759,1.0,0.3888888888888889,1.0
biodolphin_Kd_e1eca46439c9,ecfp,rq,ucb_gradual,3,0.31182715416350426,0.24769304711686385,-0.9781828876381423,1.0,0.7222222222222223,1.0
biodolphin_Kd_e1eca46439c9,ecfp,rq,ucb_sandwich,3,0.3118268847597128,0.24769340870820106,-1.1296862017782943,1.0,0.7222222222222223,1.0
biodolphin_Kd_e1eca46439c9,ecfp,rq,uncertainty,3,0.33859673090184766,0.2914751626468188,-1.3691858871098554,1.0,0.5,1.0
biodolphin_Kd_e1eca46439c9,ecfp,tanimoto,ei,3,0.34624971385954123,0.2817132124271432,-1.7286838196700682,1.0,0.611111111111111,1.0
biodolphin_Kd_e1eca46439c9,ecfp,tanimoto,greedy,3,0.31184689486658196,0.2475966197442192,-1.0288586650495022,1.0,0.9444444444444443,1.0
biodolphin_Kd_e1eca46439c9,ecfp,tanimoto,pi,3,0.34624971385954123,0.2817132124271432,-1.7286838196700682,1.0,0.611111111111111,1.0
biodolphin_Kd_e1eca46439c9,ecfp,tanimoto,random,3,0.3090335851648322,0.2430826863648215,-0.8777657502680191,1.0,0.9444444444444443,1.0
biodolphin_Kd_e1eca46439c9,ecfp,tanimoto,thompson,3,0.33860838663950954,0.29135598584252503,-1.3692935795041645,1.0,0.7777777777777778,1.0
biodolphin_Kd_e1eca46439c9,ecfp,tanimoto,thompson_diverse,3,0.33860838663950954,0.29135598584252503,-1.3692935795041645,1.0,0.7777777777777778,1.0
biodolphin_Kd_e1eca46439c9,ecfp,tanimoto,ucb_alternate,3,0.33860631897812904,0.29135256887856636,-1.3692497546208884,1.0,0.9444444444444443,1.0
biodolphin_Kd_e1eca46439c9,ecfp,tanimoto,ucb_balanced,3,0.31184689486658196,0.2475966197442192,-1.0288586650495022,1.0,0.9444444444444443,1.0
biodolphin_Kd_e1eca46439c9,ecfp,tanimoto,ucb_exploit_heavy,3,0.31184903937364883,0.24759028846024614,-1.1296777185632483,1.0,0.9444444444444443,1.0
biodolphin_Kd_e1eca46439c9,ecfp,tanimoto,ucb_explore_heavy,3,0.3386063852423356,0.29135267837269124,-1.3691315459912359,1.0,0.3888888888888889,1.0
biodolphin_Kd_e1eca46439c9,ecfp,tanimoto,ucb_gradual,3,0.3118508031422735,0.24759313989862589,-1.129688429166569,1.0,0.7777777777777778,1.0
biodolphin_Kd_e1eca46439c9,ecfp,tanimoto,ucb_sandwich,3,0.31185080275424015,0.24759314031768603,-1.129703618326146,1.0,0.7777777777777778,1.0
biodolphin_Kd_e1eca46439c9,ecfp,tanimoto,uncertainty,3,0.3785347375140076,0.24471089957051775,-2.8669274616227542,0.3333333333333333,0.3333333333333333,1.0
biodolphin_Kd_e1eca46439c9,maccs,linear,ei,3,0.3463381368235356,0.2816801094744331,-1.6799361216854327,1.0,0.6666666666666666,1.0
biodolphin_Kd_e1eca46439c9,maccs,linear,greedy,3,0.3385974467094209,0.2914389042671549,-1.2180660556861147,1.0,0.9444444444444443,1.0
biodolphin_Kd_e1eca46439c9,maccs,linear,pi,3,0.34633796841445763,0.28167982879108394,-1.679934519400467,1.0,0.6666666666666666,1.0
biodolphin_Kd_e1eca46439c9,maccs,linear,random,3,0.3090415961048231,0.24313908515949126,-0.8778730845266264,1.0,0.9444444444444443,1.0
biodolphin_Kd_e1eca46439c9,maccs,linear,thompson,3,0.33860268980752695,0.29143843657079205,-1.3210210102218933,1.0,0.8888888888888888,1.0
biodolphin_Kd_e1eca46439c9,maccs,linear,thompson_diverse,3,0.33860268980752695,0.29143843657079205,-1.3210210102218933,1.0,0.8888888888888888,1.0
biodolphin_Kd_e1eca46439c9,maccs,linear,ucb_alternate,3,0.3118354764130258,0.24766950138175092,-0.9784289012172508,1.0,0.9444444444444443,1.0
biodolphin_Kd_e1eca46439c9,maccs,linear,ucb_balanced,3,0.3385974466694231,0.2914389043183618,-1.2682461339382096,1.0,0.9444444444444443,1.0
biodolphin_Kd_e1eca46439c9,maccs,linear,ucb_exploit_heavy,3,0.31183462171234205,0.24766811862798732,-0.9784201669654505,1.0,0.9444444444444443,1.0
biodolphin_Kd_e1eca46439c9,maccs,linear,ucb_explore_heavy,3,0.3385996992073821,0.29144262182366826,-1.218098547515121,1.0,0.7777777777777778,1.0
biodolphin_Kd_e1eca46439c9,maccs,linear,ucb_gradual,3,0.33859744660771085,0.2914389043973685,-1.2180605086986391,1.0,0.8333333333333334,1.0
biodolphin_Kd_e1eca46439c9,maccs,linear,ucb_sandwich,3,0.3118346216907047,0.24766811865707689,-1.0285908806253221,1.0,0.8333333333333334,1.0
biodolphin_Kd_e1eca46439c9,maccs,linear,uncertainty,3,0.31183558446511705,0.24766967620377972,-1.0286027050036652,1.0,0.7777777777777778,1.0
biodolphin_Kd_e1eca46439c9,maccs,matern32,ei,3,0.3527355914803043,0.3149108014790909,-1.4590579387793696,1.0,0.9444444444444443,1.0
biodolphin_Kd_e1eca46439c9,maccs,matern32,greedy,3,0.3527355914803043,0.3149108014790909,-1.4590579387793696,1.0,0.9444444444444443,1.0
biodolphin_Kd_e1eca46439c9,maccs,matern32,pi,3,0.3527355914803043,0.3149108014790909,-1.4590579387793696,1.0,0.9444444444444443,1.0
biodolphin_Kd_e1eca46439c9,maccs,matern32,random,3,0.37391220840142153,0.1705812277829721,-5.966918159563563,1.0,0.9444444444444443,1.0
biodolphin_Kd_e1eca46439c9,maccs,matern32,thompson,3,0.41761901521901973,0.24620794151121456,-6.5226605662596455,1.0,0.8888888888888888,1.0
biodolphin_Kd_e1eca46439c9,maccs,matern32,thompson_diverse,3,0.41761901521901973,0.24620794151121456,-6.5226605662596455,1.0,0.8888888888888888,1.0
biodolphin_Kd_e1eca46439c9,maccs,matern32,ucb_alternate,3,0.4125640122446626,0.250428394893794,-6.504182567325832,1.0,0.9444444444444443,1.0
biodolphin_Kd_e1eca46439c9,maccs,matern32,ucb_balanced,3,0.3527355914803043,0.3149108014790909,-1.4590579387793696,1.0,0.9444444444444443,1.0
biodolphin_Kd_e1eca46439c9,maccs,matern32,ucb_exploit_heavy,3,0.4125643136684438,0.25042891696796543,-6.504188571393333,1.0,0.9444444444444443,1.0
biodolphin_Kd_e1eca46439c9,maccs,matern32,ucb_explore_heavy,3,0.4132061486867655,0.24987937088865408,-6.513677759461609,1.0,0.5,1.0
biodolphin_Kd_e1eca46439c9,maccs,matern32,ucb_gradual,3,0.352743275194708,0.3149235745428953,-1.4591476754853296,1.0,0.8333333333333334,1.0
biodolphin_Kd_e1eca46439c9,maccs,matern32,ucb_sandwich,3,0.4124618755446418,0.2505367837901332,-6.490245219704534,1.0,0.8333333333333334,1.0
biodolphin_Kd_e1eca46439c9,maccs,matern32,uncertainty,3,0.41763147877251505,0.24619787708307894,-6.421624820442841,0.6666666666666666,0.36111111111111116,1.0
biodolphin_Kd_e1eca46439c9,maccs,rbf,ei,3,0.39824395919287053,0.22608522658824726,-6.241086177470952,1.0,0.9444444444444443,1.0
biodolphin_Kd_e1eca46439c9,maccs,rbf,greedy,3,0.39824395919287053,0.22608522658824726,-6.241086177470952,1.0,0.9444444444444443,1.0
biodolphin_Kd_e1eca46439c9,maccs,rbf,pi,3,0.39824395919287053,0.22608522658824726,-6.241086177470952,1.0,0.9444444444444443,1.0
biodolphin_Kd_e1eca46439c9,maccs,rbf,random,3,0.3736987417763304,0.1707495579321479,-5.93987233502117,1.0,0.9444444444444443,1.0
biodolphin_Kd_e1eca46439c9,maccs,rbf,thompson,3,0.4032607586817612,0.22190362170848957,-6.2549331382542475,1.0,0.8888888888888888,1.0
biodolphin_Kd_e1eca46439c9,maccs,rbf,thompson_diverse,3,0.4032607586817612,0.22190362170848957,-6.2549331382542475,1.0,0.8888888888888888,1.0
biodolphin_Kd_e1eca46439c9,maccs,rbf,ucb_alternate,3,0.39824395919287053,0.22608522658824726,-6.241086177470952,1.0,0.9444444444444443,1.0
biodolphin_Kd_e1eca46439c9,maccs,rbf,ucb_balanced,3,0.39824395919287053,0.22608522658824726,-6.241086177470952,1.0,0.9444444444444443,1.0
biodolphin_Kd_e1eca46439c9,maccs,rbf,ucb_exploit_heavy,3,0.39824395919287053,0.22608522658824726,-6.241086177470952,1.0,0.9444444444444443,1.0
biodolphin_Kd_e1eca46439c9,maccs,rbf,ucb_explore_heavy,3,0.41528001774291123,0.2129962768284491,-6.597398079133215,0.3333333333333333,0.3333333333333333,1.0
biodolphin_Kd_e1eca46439c9,maccs,rbf,ucb_gradual,3,0.3982449597145587,0.22608436704812454,-6.190741879086065,0.6666666666666666,0.5833333333333334,1.0
biodolphin_Kd_e1eca46439c9,maccs,rbf,ucb_sandwich,3,0.3982449597145587,0.22608436704812454,-6.190741879086065,0.6666666666666666,0.5833333333333334,1.0
biodolphin_Kd_e1eca46439c9,maccs,rbf,uncertainty,3,0.41528001774291123,0.2129962768284491,-6.597398079133215,0.3333333333333333,0.3333333333333333,1.0
biodolphin_Kd_e1eca46439c9,maccs,rq,ei,3,0.338610993461759,0.2915117080532714,-1.2710376148500604,1.0,0.9444444444444443,1.0
biodolphin_Kd_e1eca46439c9,maccs,rq,greedy,3,0.338610993461759,0.2915117080532714,-1.2710376148500604,1.0,0.9444444444444443,1.0
biodolphin_Kd_e1eca46439c9,maccs,rq,pi,3,0.338610993461759,0.2915117080532714,-1.2710376148500604,1.0,0.9444444444444443,1.0
biodolphin_Kd_e1eca46439c9,maccs,rq,random,3,0.37337525063759713,0.1710058830918954,-5.899088388163282,1.0,0.9444444444444443,1.0
biodolphin_Kd_e1eca46439c9,maccs,rq,thompson,3,0.40295472575414726,0.22219300321746044,-6.214496157691048,1.0,0.8888888888888888,1.0
biodolphin_Kd_e1eca46439c9,maccs,rq,thompson_diverse,3,0.40295472575414726,0.22219300321746044,-6.214496157691048,1.0,0.8888888888888888,1.0
biodolphin_Kd_e1eca46439c9,maccs,rq,ucb_alternate,3,0.4016354641996272,0.22327684054712685,-6.205180018371433,1.0,0.9444444444444443,1.0
biodolphin_Kd_e1eca46439c9,maccs,rq,ucb_balanced,3,0.338610993461759,0.2915117080532714,-1.2710376148500604,1.0,0.9444444444444443,1.0
biodolphin_Kd_e1eca46439c9,maccs,rq,ucb_exploit_heavy,3,0.39801158705605966,0.2263327269430306,-6.209431191469336,1.0,0.9444444444444443,1.0
biodolphin_Kd_e1eca46439c9,maccs,rq,ucb_explore_heavy,3,0.40297329327341586,0.22218266380348584,-6.164658992117233,1.0,0.4444444444444445,1.0
biodolphin_Kd_e1eca46439c9,maccs,rq,ucb_gradual,3,0.33861098793568917,0.29151169888145323,-1.271034884805739,1.0,0.8333333333333334,1.0
biodolphin_Kd_e1eca46439c9,maccs,rq,ucb_sandwich,3,0.3979882622591684,0.22635281197913365,-6.206477981028882,1.0,0.8333333333333334,1.0
biodolphin_Kd_e1eca46439c9,maccs,rq,uncertainty,3,0.40297143484670245,0.2221794470588126,-6.1141537328341,0.6666666666666666,0.36111111111111116,1.0
biodolphin_Kd_e1eca46439c9,maccs,tanimoto,ei,3,0.34633253555235893,0.28167193705685933,-1.577532581202971,0.6666666666666666,0.5833333333333334,1.0
biodolphin_Kd_e1eca46439c9,maccs,tanimoto,greedy,3,0.33860205727994136,0.29141872701700683,-1.218360332381659,1.0,0.9444444444444443,1.0
biodolphin_Kd_e1eca46439c9,maccs,tanimoto,pi,3,0.34633253555235893,0.28167193705685933,-1.577532581202971,0.6666666666666666,0.5833333333333334,1.0
biodolphin_Kd_e1eca46439c9,maccs,tanimoto,random,3,0.30903860739693956,0.24311248401378385,-0.8778976162244657,1.0,0.9444444444444443,1.0
biodolphin_Kd_e1eca46439c9,maccs,tanimoto,thompson,3,0.33861027563870866,0.2914160656597086,-1.3214976441602315,1.0,0.8888888888888888,1.0
biodolphin_Kd_e1eca46439c9,maccs,tanimoto,thompson_diverse,3,0.33861027563870866,0.2914160656597086,-1.3214976441602315,1.0,0.8888888888888888,1.0
biodolphin_Kd_e1eca46439c9,maccs,tanimoto,ucb_alternate,3,0.34751605002213654,0.2801999689013297,-1.6616947805719893,1.0,0.9444444444444443,1.0
biodolphin_Kd_e1eca46439c9,maccs,tanimoto,ucb_balanced,3,0.33860205727994136,0.29141872701700683,-1.218360332381659,1.0,0.9444444444444443,1.0
biodolphin_Kd_e1eca46439c9,maccs,tanimoto,ucb_exploit_heavy,3,0.34632988678818943,0.28166980715560314,-1.6280360540383192,1.0,0.9444444444444443,1.0
biodolphin_Kd_e1eca46439c9,maccs,tanimoto,ucb_explore_heavy,3,0.33860527752443365,0.2914142795896396,-1.1409942226751226,1.0,0.4444444444444445,1.0
biodolphin_Kd_e1eca46439c9,maccs,tanimoto,ucb_gradual,3,0.33860747696241145,0.2914114452156834,-1.3700018358599806,1.0,0.7777777777777778,1.0
biodolphin_Kd_e1eca46439c9,maccs,tanimoto,ucb_sandwich,3,0.34632707377546107,0.28167296057379165,-1.6279602864510594,1.0,0.7777777777777778,1.0
biodolphin_Kd_e1eca46439c9,maccs,tanimoto,uncertainty,3,0.3386067466778102,0.29141670757318616,-1.0904950164221583,0.6666666666666666,0.4166666666666667,1.0
biodolphin_Kd_e1eca46439c9,molformer,linear,ei,3,0.33036945444167437,0.2552410758893798,-1.4802948554677722,1.0,0.9444444444444443,1.0
biodolphin_Kd_e1eca46439c9,molformer,linear,greedy,3,0.31182106777386,0.24768715512849476,-1.1293704724823335,1.0,0.9444444444444443,1.0
biodolphin_Kd_e1eca46439c9,molformer,linear,pi,3,0.33036946603537354,0.25524106108075156,-1.480295184806785,1.0,0.8333333333333334,1.0
biodolphin_Kd_e1eca46439c9,molformer,linear,random,3,0.3090185060185086,0.24316717430138854,-0.8772941915042655,1.0,0.9444444444444443,1.0
biodolphin_Kd_e1eca46439c9,molformer,linear,thompson,3,0.3385857396348631,0.29147226239072055,-1.2573113000416767,1.0,0.7222222222222222,1.0
biodolphin_Kd_e1eca46439c9,molformer,linear,thompson_diverse,3,0.3385857396348631,0.29147226239072055,-1.2573113000416767,1.0,0.7222222222222222,1.0
biodolphin_Kd_e1eca46439c9,molformer,linear,ucb_alternate,3,0.3118209261693557,0.24768692607175524,-1.129371942667307,1.0,0.9444444444444443,1.0
biodolphin_Kd_e1eca46439c9,molformer,linear,ucb_balanced,3,0.3226378385258884,0.2652722768627608,-1.2224385072482322,1.0,0.9444444444444443,1.0
biodolphin_Kd_e1eca46439c9,molformer,linear,ucb_exploit_heavy,3,0.3361173185744293,0.2873897294655251,-1.3454973250778934,1.0,0.9444444444444443,1.0
biodolphin_Kd_e1eca46439c9,molformer,linear,ucb_explore_heavy,3,0.3118212931837143,0.24768751987605253,-1.1293750164560394,1.0,0.9444444444444443,1.0
biodolphin_Kd_e1eca46439c9,molformer,linear,ucb_gradual,3,0.3226378385258884,0.2652722768627608,-1.2224385072482322,1.0,0.9444444444444443,1.0
biodolphin_Kd_e1eca46439c9,molformer,linear,ucb_sandwich,3,0.3163646836493344,0.25505388890607916,-1.167776391770188,1.0,0.9444444444444443,1.0
biodolphin_Kd_e1eca46439c9,molformer,linear,uncertainty,3,0.33611682816156324,0.28738892129513477,-1.345495357109316,1.0,0.9444444444444443,1.0
biodolphin_Kd_e1eca46439c9,molformer,matern32,ei,3,0.32264047316888095,0.265284646961039,-1.2225647643789177,1.0,0.9444444444444443,1.0
biodolphin_Kd_e1eca46439c9,molformer,matern32,greedy,3,0.32264047316888095,0.265284646961039,-1.2225647643789177,1.0,0.9444444444444443,1.0
biodolphin_Kd_e1eca46439c9,molformer,matern32,pi,3,0.32264047316888095,0.265284646961039,-1.2225647643789177,1.0,0.9444444444444443,1.0
biodolphin_Kd_e1eca46439c9,molformer,matern32,random,3,0.3090789247360388,0.24312977683108955,-0.8782166541583702,1.0,0.9444444444444443,1.0
biodolphin_Kd_e1eca46439c9,molformer,matern32,thompson,3,0.33864440196427603,0.29139597030097636,-1.1932748887990252,1.0,0.8888888888888888,1.0
biodolphin_Kd_e1eca46439c9,molformer,matern32,thompson_diverse,3,0.33864440196427603,0.29139597030097636,-1.1932748887990252,1.0,0.8888888888888888,1.0
biodolphin_Kd_e1eca46439c9,molformer,matern32,ucb_alternate,3,0.31637108936557706,0.2550725754253109,-1.0165743455996459,1.0,0.9444444444444443,1.0
biodolphin_Kd_e1eca46439c9,molformer,matern32,ucb_balanced,3,0.32264047316888095,0.265284646961039,-1.2225647643789177,1.0,0.9444444444444443,1.0
biodolphin_Kd_e1eca46439c9,molformer,matern32,ucb_exploit_heavy,3,0.33040653271230697,0.2552102070788642,-1.4809128426730378,1.0,0.9444444444444443,1.0
biodolphin_Kd_e1eca46439c9,molformer,matern32,ucb_explore_heavy,3,0.33860624529234,0.29146631989018323,-1.266564409029641,0.6666666666666666,0.47222222222222227,1.0
biodolphin_Kd_e1eca46439c9,molformer,matern32,ucb_gradual,3,0.3226402399266524,0.2652849545164387,-1.2225571448197687,1.0,0.8333333333333334,1.0
biodolphin_Kd_e1eca46439c9,molformer,matern32,ucb_sandwich,3,0.3304064413780374,0.25521032407320016,-1.4809049826633351,1.0,0.8333333333333334,1.0
biodolphin_Kd_e1eca46439c9,molformer,matern32,uncertainty,3,0.35127831537761417,0.27563716493968393,-1.6002052601142978,0.6666666666666666,0.47222222222222227,1.0
biodolphin_Kd_e1eca46439c9,molformer,rbf,ei,3,0.33859319212216255,0.291480701966559,-1.2177327198084076,1.0,0.9444444444444443,1.0
biodolphin_Kd_e1eca46439c9,molformer,rbf,greedy,3,0.33859319212216255,0.291480701966559,-1.2177327198084076,1.0,0.9444444444444443,1.0
biodolphin_Kd_e1eca46439c9,molformer,rbf,pi,3,0.33859319212216255,0.291480701966559,-1.2177327198084076,1.0,0.9444444444444443,1.0
biodolphin_Kd_e1eca46439c9,molformer,rbf,random,3,0.30926772028209887,0.24287473861314698,-0.8805810765179567,1.0,0.9444444444444443,1.0
biodolphin_Kd_e1eca46439c9,molformer,rbf,thompson,3,0.3388280392819268,0.29118017512538114,-1.1955995618095918,1.0,0.8888888888888888,1.0
biodolphin_Kd_e1eca46439c9,molformer,rbf,thompson_diverse,3,0.3388280392819268,0.29118017512538114,-1.1955995618095918,1.0,0.8888888888888888,1.0
biodolphin_Kd_e1eca46439c9,molformer,rbf,ucb_alternate,3,0.33859319212337846,0.2914807019650023,-1.2177327173312416,1.0,0.9444444444444443,1.0
biodolphin_Kd_e1eca46439c9,molformer,rbf,ucb_balanced,3,0.33859319212216255,0.291480701966559,-1.2177327198084076,1.0,0.9444444444444443,1.0
biodolphin_Kd_e1eca46439c9,molformer,rbf,ucb_exploit_heavy,3,0.3463588549597388,0.28168406764901505,-1.6274789778700758,1.0,0.9444444444444443,1.0
biodolphin_Kd_e1eca46439c9,molformer,rbf,ucb_explore_heavy,3,0.4333566746975676,0.20291232133695808,-7.915688784475734,0.6666666666666666,0.4166666666666667,1.0
biodolphin_Kd_e1eca46439c9,molformer,rbf,ucb_gradual,3,0.354147718855816,0.2869330236206778,-1.2754517383387225,0.6666666666666666,0.5833333333333334,1.0
biodolphin_Kd_e1eca46439c9,molformer,rbf,ucb_sandwich,3,0.3619131115224438,0.27632104616916103,-1.7373674735256062,0.6666666666666666,0.5833333333333334,1.0
biodolphin_Kd_e1eca46439c9,molformer,rbf,uncertainty,3,0.4472067369281551,0.1863480989850253,-7.7983460249991765,0.3333333333333333,0.3333333333333333,1.0
biodolphin_Kd_e1eca46439c9,molformer,rq,ei,3,0.33859544522425145,0.2914764091829227,-1.3690903619243315,1.0,0.9444444444444443,1.0
biodolphin_Kd_e1eca46439c9,molformer,rq,greedy,3,0.33859544522425145,0.2914764091829227,-1.3690903619243315,1.0,0.9444444444444443,1.0
biodolphin_Kd_e1eca46439c9,molformer,rq,pi,3,0.33859544522425145,0.2914764091829227,-1.3690903619243315,1.0,0.9444444444444443,1.0
biodolphin_Kd_e1eca46439c9,molformer,rq,random,3,0.3090339915142167,0.24318729995427085,-0.8777701784057973,1.0,0.9444444444444443,1.0
biodolphin_Kd_e1eca46439c9,molformer,rq,thompson,3,0.3385955319038896,0.29147617139926796,-1.1928331359962725,1.0,0.8888888888888888,1.0
biodolphin_Kd_e1eca46439c9,molformer,rq,thompson_diverse,3,0.3385955319038896,0.29147617139926796,-1.1928331359962725,1.0,0.8888888888888888,1.0
biodolphin_Kd_e1eca46439c9,molformer,rq,ucb_alternate,3,0.3385954058171265,0.2914763889241754,-1.2176908446315895,1.0,0.9444444444444443,1.0
biodolphin_Kd_e1eca46439c9,molformer,rq,ucb_balanced,3,0.33859544522425145,0.2914764091829227,-1.3690903619243315,1.0,0.9444444444444443,1.0
biodolphin_Kd_e1eca46439c9,molformer,rq,ucb_exploit_heavy,3,0.34635184975882954,0.2816913013153579,-1.6273541491679595,1.0,0.9444444444444443,1.0
biodolphin_Kd_e1eca46439c9,molformer,rq,ucb_explore_heavy,3,0.3544424833976194,0.2868703702052582,-1.4385314987361866,0.6666666666666666,0.47222222222222227,1.0
biodolphin_Kd_e1eca46439c9,molformer,rq,ucb_gradual,3,0.33859219459912976,0.2914806180750572,-1.369135266053118,1.0,0.8333333333333334,1.0
biodolphin_Kd_e1eca46439c9,molformer,rq,ucb_sandwich,3,0.3463592464852745,0.2816821040287675,-1.6274888982449724,1.0,0.8333333333333334,1.0
biodolphin_Kd_e1eca46439c9,molformer,rq,uncertainty,3,0.35448031002374414,0.2868180101515959,-1.26251837169945,0.6666666666666666,0.47222222222222227,1.0
biodolphin_Kd_e1eca46439c9,molformer,tanimoto,ei,3,0.3462976106133813,0.28172577427338963,-1.6265098706260297,1.0,0.7222222222222222,1.0
biodolphin_Kd_e1eca46439c9,molformer,tanimoto,greedy,3,0.3118199173162017,0.24767802238699543,-0.9781598460696445,1.0,0.9444444444444443,1.0
biodolphin_Kd_e1eca46439c9,molformer,tanimoto,pi,3,0.3462976106133813,0.28172577427338963,-1.6265098706260297,1.0,0.7222222222222222,1.0
biodolphin_Kd_e1eca46439c9,molformer,tanimoto,random,3,0.30901052055077355,0.2431498894404628,-0.877101887128292,1.0,0.9444444444444443,1.0
biodolphin_Kd_e1eca46439c9,molformer,tanimoto,thompson,3,0.33858493123563466,0.2914596006623829,-1.4339337811352024,1.0,0.8333333333333334,1.0
biodolphin_Kd_e1eca46439c9,molformer,tanimoto,thompson_diverse,3,0.33858493123563466,0.2914596006623829,-1.4339337811352024,1.0,0.8333333333333334,1.0
biodolphin_Kd_e1eca46439c9,molformer,tanimoto,ucb_alternate,3,0.3463011951587152,0.28172595890783014,-1.6301409035319863,1.0,0.9444444444444443,1.0
biodolphin_Kd_e1eca46439c9,molformer,tanimoto,ucb_balanced,3,0.3118199173162017,0.24767802238699543,-0.9781598460696445,1.0,0.9444444444444443,1.0
biodolphin_Kd_e1eca46439c9,molformer,tanimoto,ucb_exploit_heavy,3,0.34382780351621633,0.2776163171645567,-1.6065189788218899,1.0,0.9444444444444443,1.0
biodolphin_Kd_e1eca46439c9,molformer,tanimoto,ucb_explore_heavy,3,0.34630096043242525,0.28172695560240923,-1.630130168363885,1.0,0.7222222222222223,1.0
biodolphin_Kd_e1eca46439c9,molformer,tanimoto,ucb_gradual,3,0.311820213735518,0.2476776239229401,-1.1293468522747954,1.0,0.8333333333333334,1.0
biodolphin_Kd_e1eca46439c9,molformer,tanimoto,ucb_sandwich,3,0.34383070683534367,0.277612695972834,-1.6066081902461402,1.0,0.8333333333333334,1.0
biodolphin_Kd_e1eca46439c9,molformer,tanimoto,uncertainty,3,0.34630096043242525,0.28172695560240923,-1.630130168363885,1.0,0.7222222222222223,1.0
biodolphin_Ki,chemberta,linear,ei,3,0.4851971631218781,0.036005882830671423,0.8238959196248236,0.8253792669767973,0.44026139587397545,1.0
biodolphin_Ki,chemberta,linear,greedy,3,0.6894716320297615,0.058335501485617905,0.6664057326174562,1.0,0.8639091474264154,1.0
biodolphin_Ki,chemberta,linear,pi,3,0.4832022496004817,0.03494457734218869,0.8223698322565977,0.7851494558421049,0.4738680586818731,1.0
biodolphin_Ki,chemberta,linear,random,3,0.5426515591080644,0.03749192695020144,0.7826897678374358,0.8147933772089666,0.47466496594993607,1.0
biodolphin_Ki,chemberta,linear,thompson,3,0.5704574197970337,0.0532854346608502,0.777660935119858,1.0,0.7862980113047642,1.0
biodolphin_Ki,chemberta,linear,thompson_diverse,3,0.568377501017325,0.0256318589197679,0.7804132363038313,1.0,0.8033743506191895,1.0
biodolphin_Ki,chemberta,linear,ucb_alternate,3,0.5564173882329704,0.05553714290967941,0.7824460198064148,0.9859154929577465,0.7226838453348198,1.0
biodolphin_Ki,chemberta,linear,ucb_balanced,3,0.6242162473448251,0.08423113650573501,0.7211953695873179,1.0,0.8175214554705197,1.0
biodolphin_Ki,chemberta,linear,ucb_exploit_heavy,3,0.5536962449219385,0.061770931511120286,0.7869634070831085,1.0,0.8639091474264154,1.0
biodolphin_Ki,chemberta,linear,ucb_explore_heavy,3,0.5109476871206189,0.0466676246305139,0.8105172844387128,0.9665344680972696,0.3484559207094418,1.0
biodolphin_Ki,chemberta,linear,ucb_gradual,3,0.5600613048654924,0.047187185251269206,0.785044745213153,1.0,0.5471883865343251,1.0
biodolphin_Ki,chemberta,linear,ucb_sandwich,3,0.5172992622906861,0.03246370240990331,0.8111466054744682,1.0,0.7164351405235063,1.0
biodolphin_Ki,chemberta,linear,uncertainty,3,0.48311395749247305,0.03241576423606728,0.8247362860907289,0.4628007517453783,0.22641756168671082,1.0
biodolphin_Ki,chemberta,matern32,ei,3,0.9110249215502882,0.7469514599321744,0.5270482631159052,0.8469126274644315,0.5093188558035172,1.0
biodolphin_Ki,chemberta,matern32,greedy,3,0.5567514056678077,0.08065559075301695,0.7725090331909731,1.0,0.8534698908825863,1.0
biodolphin_Ki,chemberta,matern32,pi,3,0.4530378338140569,0.015978217965662123,0.8271016246151975,0.7686096283433733,0.5071262889360516,1.0
biodolphin_Ki,chemberta,matern32,random,3,0.5063894234453614,0.03177644340974456,0.7989647018696747,0.8147933772089666,0.47466496594993607,1.0
biodolphin_Ki,chemberta,matern32,thompson,3,0.5420500645273224,0.07092351721786803,0.7779138062408397,1.0,0.791894655604862,1.0
biodolphin_Ki,chemberta,matern32,thompson_diverse,3,0.5347154579332118,0.07945203787120071,0.7817144703870187,1.0,0.7907203035564988,1.0
biodolphin_Ki,chemberta,matern32,ucb_alternate,3,1.2908389709882764,0.7105836425736698,0.2543666006062142,1.0,0.7137984579215527,1.0
biodolphin_Ki,chemberta,matern32,ucb_balanced,3,0.585440725689767,0.09821708820723703,0.7191237115119228,1.0,0.850314561136479,1.0
biodolphin_Ki,chemberta,matern32,ucb_exploit_heavy,3,0.5123646911059484,0.060231524595395665,0.7920942284383137,1.0,0.8534698908825863,1.0
biodolphin_Ki,chemberta,matern32,ucb_explore_heavy,3,0.9649682047858382,0.6818416554685928,0.46553752884179306,0.9732115677321156,0.3706135442793748,1.0
biodolphin_Ki,chemberta,matern32,ucb_gradual,3,1.294519069347154,0.7096508942948427,0.2465216517758432,1.0,0.5870130269184871,1.0
biodolphin_Ki,chemberta,matern32,ucb_sandwich,3,1.2899865909828254,0.7127685493901116,0.2568853187173672,0.9925925925925926,0.6698695878977569,1.0
biodolphin_Ki,chemberta,matern32,uncertainty,3,0.9174352374833092,0.6999249349598253,0.5017532876328922,0.54463380996277,0.2650844998963849,1.0
biodolphin_Ki,chemberta,rbf,ei,3,0.9604576446246366,0.7061880190977127,0.4713972374419552,0.8532038501940103,0.4878169371377938,1.0
biodolphin_Ki,chemberta,rbf,greedy,3,1.0196121857622165,0.7079429004738671,0.42761727738090954,1.0,0.8420940967979362,1.0
biodolphin_Ki,chemberta,rbf,pi,3,0.47663254420308004,0.03253904980395215,0.8218417114316067,0.8018179089759255,0.49347110568025093,1.0
biodolphin_Ki,chemberta,rbf,random,3,0.6127864663885301,0.08807064914686333,0.6979836320703701,0.8147933772089666,0.47466496594993607,1.0
biodolphin_Ki,chemberta,rbf,thompson,3,0.518795604873321,0.01666731215035763,0.7906158246923694,1.0,0.7711051800401597,0.9696969696969697
biodolphin_Ki,chemberta,rbf,thompson_diverse,3,0.5371734564160776,0.043157114821278035,0.7911949018924656,1.0,0.7749170721947106,1.0
biodolphin_Ki,chemberta,rbf,ucb_alternate,3,0.9113524978641848,0.6416438076029428,0.5225537861943801,0.9859154929577465,0.7233908575756925,1.0
biodolphin_Ki,chemberta,rbf,ucb_balanced,3,0.553106090108369,0.08627095049258551,0.7600391844603257,1.0,0.8442790175859827,1.0
biodolphin_Ki,chemberta,rbf,ucb_exploit_heavy,3,0.9853535307977502,0.7359732717664853,0.45681611259616134,1.0,0.8420940967979362,1.0
biodolphin_Ki,chemberta,rbf,ucb_explore_heavy,3,0.5036945814050127,0.03380784782341107,0.8018406330262774,0.9859154929577465,0.35291615752352773,1.0
biodolphin_Ki,chemberta,rbf,ucb_gradual,3,0.5720648238188056,0.11406998559185133,0.7479670326359348,1.0,0.6121224658963421,1.0
biodolphin_Ki,chemberta,rbf,ucb_sandwich,3,0.9219443429059693,0.6362951205192067,0.5098768744058777,1.0,0.6795767502018708,1.0
biodolphin_Ki,chemberta,rbf,uncertainty,3,0.46303267147742616,0.03336278298538708,0.8271211314742692,0.5578522377287571,0.2362672840697151,1.0
biodolphin_Ki,chemberta,rq,ei,3,0.9163334013703323,0.7424481059215892,0.5253713440065414,0.8623362702853345,0.519181726584775,1.0
biodolphin_Ki,chemberta,rq,greedy,3,0.5630076585618141,0.09175474218291149,0.7605399360533905,1.0,0.8453467532745943,1.0
biodolphin_Ki,chemberta,rq,pi,3,0.4728872644966939,0.026718178407277575,0.8238148751965819,0.8172415517968287,0.47917851094389774,0.9696969696969697
biodolphin_Ki,chemberta,rq,random,3,0.5052410286509251,0.029681613628825036,0.7997489756857613,0.8147933772089666,0.47466496594993607,1.0
biodolphin_Ki,chemberta,rq,thompson,3,0.5441696506820314,0.0687804781671686,0.772959814260788,1.0,0.7731873432375073,0.9393939393939394
biodolphin_Ki,chemberta,rq,thompson_diverse,3,0.5648996919957372,0.06098170316088192,0.7567406331175158,0.9859154929577465,0.7819868373100092,1.0
biodolphin_Ki,chemberta,rq,ucb_alternate,3,0.9456676259812928,0.7464609956238977,0.5064418875266827,0.9859154929577465,0.6239438048892033,1.0
biodolphin_Ki,chemberta,rq,ucb_balanced,3,0.5582056002470409,0.08869397888762517,0.763913572760909,1.0,0.8519306707826869,1.0
biodolphin_Ki,chemberta,rq,ucb_exploit_heavy,3,0.5221315145605131,0.055794602112955095,0.7847316500480761,1.0,0.8453467532745943,1.0
biodolphin_Ki,chemberta,rq,ucb_explore_heavy,3,0.952523114983658,0.7468229368763766,0.4913379944265211,0.9859154929577465,0.34439213668617485,1.0
biodolphin_Ki,chemberta,rq,ucb_gradual,3,1.0183340097299283,0.7093105142207575,0.4399813713037248,1.0,0.6112611028933622,1.0
biodolphin_Ki,chemberta,rq,ucb_sandwich,3,0.9576649152975788,0.7586718536703728,0.4880511212272241,1.0,0.6682045290515289,1.0
biodolphin_Ki,chemberta,rq,uncertainty,3,0.899916049139459,0.7229059760644494,0.5396637067805914,0.5215455084642814,0.23953494687046684,1.0
biodolphin_Ki,chemberta,tanimoto,ei,3,0.4546572610589048,0.030331642373862322,0.8272432186535683,0.7557699316140374,0.4637007024388849,1.0
biodolphin_Ki,chemberta,tanimoto,greedy,3,0.5541323853873746,0.05818154950769724,0.7640098521670259,1.0,0.8558253120958118,1.0
biodolphin_Ki,chemberta,tanimoto,pi,3,0.4560474508148702,0.030865587898006096,0.8287109508745826,0.7907103707991224,0.4722021423314111,1.0
biodolphin_Ki,chemberta,tanimoto,random,3,0.5041408232822006,0.04306411649405111,0.7973750149816157,0.8147933772089666,0.47466496594993607,1.0
biodolphin_Ki,chemberta,tanimoto,thompson,3,0.5389623799614844,0.037636170624080555,0.7793240306942234,1.0,0.7781668703239223,1.0
biodolphin_Ki,chemberta,tanimoto,thompson_diverse,3,0.5110026627943604,0.06293941443675352,0.7992819569366468,1.0,0.8037322157194818,1.0
biodolphin_Ki,chemberta,tanimoto,ucb_alternate,3,0.5067340890621593,0.03729671436838558,0.8045717366622501,0.9859154929577465,0.7276635153386071,1.0
biodolphin_Ki,chemberta,tanimoto,ucb_balanced,3,0.5221159973342057,0.08498882582544087,0.7821302728007965,1.0,0.8421305407278782,1.0
biodolphin_Ki,chemberta,tanimoto,ucb_exploit_heavy,3,0.5255747625069493,0.08750310362714175,0.7871143583824924,1.0,0.8558253120958118,1.0
biodolphin_Ki,chemberta,tanimoto,ucb_explore_heavy,3,0.47369636178233043,0.04007896644529536,0.8208184848166572,0.975924139458772,0.3513417082913513,1.0
biodolphin_Ki,chemberta,tanimoto,ucb_gradual,3,0.5617467079859616,0.08450120730484151,0.768154329539192,1.0,0.6167272636325308,1.0
biodolphin_Ki,chemberta,tanimoto,ucb_sandwich,3,0.5054705844715256,0.04685551203049258,0.8036205378304101,0.9859154929577465,0.682706712114391,1.0
biodolphin_Ki,chemberta,tanimoto,uncertainty,3,0.45099032706409287,0.033569616123347516,0.8312785065607988,0.5548824147319227,0.23538819931256746,1.0
biodolphin_Ki,chemberta_mlm,linear,ei,3,0.45815548578035487,0.018678856842338068,0.8386907351140861,0.8203400004287521,0.47940346288793134,1.0
biodolphin_Ki,chemberta_mlm,linear,greedy,3,0.6381322589134589,0.13202608358877294,0.6824655469852122,1.0,0.821195146526036,1.0
biodolphin_Ki,chemberta_mlm,linear,pi,3,0.45901688582399386,0.013910340155892167,0.8389508826638735,0.8042732294324036,0.5150168999792769,1.0
biodolphin_Ki,chemberta_mlm,linear,random,3,0.48783945235830845,0.0402004197773156,0.8214929447713892,0.8147933772089666,0.47466496594993607,1.0
biodolphin_Ki,chemberta_mlm,linear,thompson,3,0.5440381987887332,0.08457311170096635,0.7682430865112743,1.0,0.8070266040688576,1.0
biodolphin_Ki,chemberta_mlm,linear,thompson_diverse,3,0.5401912386725731,0.02850248343230121,0.774646962438735,1.0,0.8208883029276622,1.0
biodolphin_Ki,chemberta_mlm,linear,ucb_alternate,3,0.48215302388450804,0.035911117659055886,0.8320718023917671,0.9925925925925926,0.7441793327187886,1.0
biodolphin_Ki,chemberta_mlm,linear,ucb_balanced,3,0.5310582502566837,0.031111281660147694,0.7788358667390899,1.0,0.8298450775684039,1.0
biodolphin_Ki,chemberta_mlm,linear,ucb_exploit_heavy,3,0.47449939480086023,0.040156167252020335,0.820933299848576,0.9925925925925926,0.8210230025510752,1.0
biodolphin_Ki,chemberta_mlm,linear,ucb_explore_heavy,3,0.47701868485192866,0.002843344988561593,0.8308346480226296,1.0,0.3738694878555963,1.0
biodolphin_Ki,chemberta_mlm,linear,ucb_gradual,3,0.5128485697297543,0.02626187474852137,0.7954649158314423,1.0,0.638824433153972,1.0
biodolphin_Ki,chemberta_mlm,linear,ucb_sandwich,3,0.4940508107433652,0.048003303964709365,0.8107477892730995,0.9771689497716896,0.6985846892619033,1.0
biodolphin_Ki,chemberta_mlm,linear,uncertainty,3,0.448464205570592,0.007579606559226521,0.845787968762923,0.5362388435126232,0.26367990796121227,1.0
biodolphin_Ki,chemberta_mlm,matern32,ei,3,0.4549231628610448,0.01698661552128696,0.835653991754204,0.8229239465203193,0.4686289221886366,1.0
biodolphin_Ki,chemberta_mlm,matern32,greedy,3,0.9445939235022269,0.6118669126283339,0.4854299567630351,1.0,0.813307393830257,1.0
biodolphin_Ki,chemberta_mlm,matern32,pi,3,0.45286310470107166,0.01406100617407429,0.8353554029618423,0.8357636432496552,0.5119134492393224,1.0
biodolphin_Ki,chemberta_mlm,matern32,random,3,0.6284803778906717,0.07935561067071964,0.6802354653244443,0.8147933772089666,0.47466496594993607,1.0
biodolphin_Ki,chemberta_mlm,matern32,thompson,3,0.5404135537197741,0.10773179592634567,0.765112063291232,1.0,0.7863528915757354,1.0
biodolphin_Ki,chemberta_mlm,matern32,thompson_diverse,3,0.5185678772908645,0.05665200613484314,0.7947550017573795,0.9817351598173515,0.7923011126117435,1.0
biodolphin_Ki,chemberta_mlm,matern32,ucb_alternate,3,0.8885317000542526,0.6714881383323564,0.5477505951407838,0.9406392694063926,0.6737237835945148,1.0
biodolphin_Ki,chemberta_mlm,matern32,ucb_balanced,3,0.48374521393449404,0.027324955619623083,0.8108768546625394,1.0,0.8357542821617682,1.0
biodolphin_Ki,chemberta_mlm,matern32,ucb_exploit_heavy,3,0.8947397986785167,0.6555635030825528,0.5343420542326358,0.9777777777777779,0.8040988702381718,1.0
biodolphin_Ki,chemberta_mlm,matern32,ucb_explore_heavy,3,0.8624493566312883,0.6931193563752317,0.5621487572468675,0.9423642820903094,0.37853502547502166,1.0
biodolphin_Ki,chemberta_mlm,matern32,ucb_gradual,3,0.8898085886323711,0.6674668330446717,0.5120130615521478,1.0,0.609061604533339,1.0
biodolphin_Ki,chemberta_mlm,matern32,ucb_sandwich,3,0.8791538441569805,0.6700358504483617,0.5481168803510261,1.0,0.6672148262482046,1.0
biodolphin_Ki,chemberta_mlm,matern32,uncertainty,3,0.8707050860653474,0.7132752128141988,0.5604129781663287,0.609676935279868,0.28189522727435135,1.0
biodolphin_Ki,chemberta_mlm,rbf,ei,3,0.45208636093175775,0.033375828576649696,0.8314080378535099,0.7975089502004415,0.4560912813257015,1.0
biodolphin_Ki,chemberta_mlm,rbf,greedy,3,0.9425340729183378,0.6133084210223335,0.47329670955348435,1.0,0.7887025960940682,1.0
biodolphin_Ki,chemberta_mlm,rbf,pi,3,0.46171977716311546,0.030269017442271492,0.8265267503831506,0.8450246889760685,0.5121132477258273,1.0
biodolphin_Ki,chemberta_mlm,rbf,random,3,0.5849917163183901,0.09015348444430325,0.7318891021742097,0.8147933772089666,0.47466496594993607,1.0
biodolphin_Ki,chemberta_mlm,rbf,thompson,3,0.5583335438541376,0.0959314201006103,0.7338354310268925,1.0,0.7973179411323343,1.0
biodolphin_Ki,chemberta_mlm,rbf,thompson_diverse,3,0.548614237105034,0.15037245500286886,0.738712294622314,0.9925925925925926,0.766177317583839,1.0
biodolphin_Ki,chemberta_mlm,rbf,ucb_alternate,3,0.8879225435920515,0.6660188046180398,0.5420832032695951,0.9606291222729579,0.6851538148219607,1.0
biodolphin_Ki,chemberta_mlm,rbf,ucb_balanced,3,0.5012383385850413,0.08783946834031417,0.7984578853921059,1.0,0.8298147790854716,1.0
biodolphin_Ki,chemberta_mlm,rbf,ucb_exploit_heavy,3,0.8883204504123267,0.6616043833741528,0.5358493249847859,0.9481481481481482,0.7863082298968852,1.0
biodolphin_Ki,chemberta_mlm,rbf,ucb_explore_heavy,3,1.3496516379684051,0.6539956142604051,0.21333352584384038,0.9019643992825549,0.373833758512516,1.0
biodolphin_Ki,chemberta_mlm,rbf,ucb_gradual,3,1.3231509356854236,0.6939740562885968,0.24225142324613272,0.9536947713679336,0.5688089266190751,1.0
biodolphin_Ki,chemberta_mlm,rbf,ucb_sandwich,3,1.322922908260249,0.7039606222831687,0.23758547025374321,1.0,0.6370594036058054,1.0
biodolphin_Ki,chemberta_mlm,rbf,uncertainty,3,1.3007774787562238,0.7230770589406795,0.27441943879450353,0.7318298425765143,0.31637297146654664,1.0
biodolphin_Ki,chemberta_mlm,rq,ei,3,0.4873856344875073,0.033392038087229174,0.8202560158906115,0.7650309773404507,0.4694940010432968,0.9696969696969697
biodolphin_Ki,chemberta_mlm,rq,greedy,3,0.560330501978095,0.04865873916028125,0.7686131848965108,1.0,0.8225555769931613,1.0
biodolphin_Ki,chemberta_mlm,rq,pi,3,0.48921430218033707,0.043837288123465205,0.8207646059344237,0.7782565509750538,0.4900948256765351,1.0
biodolphin_Ki,chemberta_mlm,rq,random,3,0.5660802210256132,0.10680046832621858,0.7343688544098899,0.8147933772089666,0.47466496594993607,1.0
biodolphin_Ki,chemberta_mlm,rq,thompson,3,0.554918313886933,0.045616273988481504,0.7715691893733446,1.0,0.8023116170386091,1.0
biodolphin_Ki,chemberta_mlm,rq,thompson_diverse,3,0.5639618409801598,0.06442421164297985,0.7613684436207326,1.0,0.7642091309909177,1.0
biodolphin_Ki,chemberta_mlm,rq,ucb_alternate,3,0.5473424410953505,0.05998407975766095,0.7895792915257257,1.0,0.7437975289586326,0.9393939393939394
biodolphin_Ki,chemberta_mlm,rq,ucb_balanced,3,0.5168324722431515,0.025894186746140288,0.7930729037505838,1.0,0.8281660842783745,1.0
biodolphin_Ki,chemberta_mlm,rq,ucb_exploit_heavy,3,0.5299705652622376,0.042061179385425945,0.7927602699748487,0.9640791476407915,0.815995812520991,1.0
biodolphin_Ki,chemberta_mlm,rq,ucb_explore_heavy,3,0.5310464184115791,0.10566925992269569,0.7660512313101808,0.9954337899543378,0.3721041010139987,0.9393939393939394
biodolphin_Ki,chemberta_mlm,rq,ucb_gradual,3,0.539168135206423,0.051081896978272666,0.7839826075922584,1.0,0.6466025682251806,0.9393939393939394
biodolphin_Ki,chemberta_mlm,rq,ucb_sandwich,3,0.5315716400167556,0.03574149533378697,0.7969124727777531,0.9863013698630136,0.6978256550975054,0.9393939393939394
biodolphin_Ki,chemberta_mlm,rq,uncertainty,3,0.5100825435130151,0.08032963144718211,0.7769189718685632,0.5743992110961048,0.2605710978197955,0.9393939393939394
biodolphin_Ki,chemberta_mlm,tanimoto,ei,3,0.4487011834041936,0.023657534623703482,0.8393586058445268,0.8055251856139373,0.4712444530194868,1.0
biodolphin_Ki,chemberta_mlm,tanimoto,greedy,3,0.5481579825585684,0.07639815013006604,0.7444701289466753,1.0,0.8130111261174352,1.0
biodolphin_Ki,chemberta_mlm,tanimoto,pi,3,0.44761108539477384,0.022203226043986363,0.8370737090796355,0.7884708555748494,0.48770288907468146,1.0
biodolphin_Ki,chemberta_mlm,tanimoto,random,3,0.4808096646585655,0.02099272960739919,0.8104659843264056,0.8147933772089666,0.47466496594993607,1.0
biodolphin_Ki,chemberta_mlm,tanimoto,thompson,3,0.5482963426755058,0.05750469779997114,0.7578627182695525,1.0,0.7814449660928534,1.0
biodolphin_Ki,chemberta_mlm,tanimoto,thompson_diverse,3,0.4817330661517023,0.05614191162653742,0.8132534405031108,1.0,0.7952201999414038,1.0
biodolphin_Ki,chemberta_mlm,tanimoto,ucb_alternate,3,0.49298173150104746,0.03049561281294712,0.8164489912541577,0.9925925925925926,0.7505890339500217,1.0
biodolphin_Ki,chemberta_mlm,tanimoto,ucb_balanced,3,0.5186436360740997,0.07515207495593224,0.7724500122391099,1.0,0.8192730507856881,1.0
biodolphin_Ki,chemberta_mlm,tanimoto,ucb_exploit_heavy,3,0.4942854972264974,0.019196010778921975,0.8117484765335239,0.9538305428716387,0.8024077289714951,1.0
biodolphin_Ki,chemberta_mlm,tanimoto,ucb_explore_heavy,3,0.45194988281095355,0.029341919769886808,0.8340797464304343,1.0,0.37631823411294757,1.0
biodolphin_Ki,chemberta_mlm,tanimoto,ucb_gradual,3,0.5173709379289373,0.055851977386841375,0.7915780573428219,1.0,0.6535812235156245,1.0
biodolphin_Ki,chemberta_mlm,tanimoto,ucb_sandwich,3,0.4801156139522613,0.019656783061075957,0.815799001462481,1.0,0.7114516117506664,1.0
biodolphin_Ki,chemberta_mlm,tanimoto,uncertainty,3,0.44906739490592823,0.015212882289544242,0.841096985056296,0.5911891439963984,0.26400011433389786,1.0
biodolphin_Ki,ecfp,linear,ei,3,0.4432950792433951,0.05001058071528881,0.837307363393094,0.7887209609764114,0.45152156980441754,1.0
biodolphin_Ki,ecfp,linear,greedy,3,0.5341744604281091,0.029797714181742433,0.7718585895071524,1.0,0.8340461337277852,1.0
biodolphin_Ki,ecfp,linear,pi,3,0.4456066564526798,0.04575481725631882,0.8357972648379742,0.7979820067028247,0.4909750537726614,1.0
biodolphin_Ki,ecfp,linear,random,3,0.488248623623358,0.04646104390760618,0.8166657367875073,0.8147933772089666,0.47466496594993607,1.0
biodolphin_Ki,ecfp,linear,thompson,3,0.5067616954261659,0.07356040035223739,0.7960751491381393,1.0,0.8170704082434739,1.0
biodolphin_Ki,ecfp,linear,thompson_diverse,3,0.5155879719956583,0.07012315794774121,0.7847809404092126,1.0,0.8011305478737468,1.0
biodolphin_Ki,ecfp,linear,ucb_alternate,3,0.5569435453611492,0.03410340184810532,0.7490198188531486,1.0,0.7958657577121787,1.0
biodolphin_Ki,ecfp,linear,ucb_balanced,3,0.524289899435437,0.03092664370193107,0.7764146764074509,1.0,0.8456840382732723,1.0
biodolphin_Ki,ecfp,linear,ucb_exploit_heavy,3,0.5595345959953025,0.032467959388558336,0.746755688871558,1.0,0.8366648087408265,1.0
biodolphin_Ki,ecfp,linear,ucb_explore_heavy,3,0.5430728951326278,0.03635489626504197,0.7593755286148874,0.9859154929577465,0.42589577036036613,1.0
biodolphin_Ki,ecfp,linear,ucb_gradual,3,0.5585932028201265,0.0713342557465869,0.754224919233491,1.0,0.6938403327116428,1.0
biodolphin_Ki,ecfp,linear,ucb_sandwich,3,0.5506033662334805,0.046320217883104794,0.7549644597398109,1.0,0.7695662457750051,1.0
biodolphin_Ki,ecfp,linear,uncertainty,3,0.4293788045368973,0.04419639146100611,0.8461192189921869,0.542651546008675,0.31932743084585646,1.0
biodolphin_Ki,ecfp,matern32,ei,3,0.4575335803596808,0.03141172074582274,0.8336749568510604,0.7545251213011198,0.4780948399682723,1.0
biodolphin_Ki,ecfp,matern32,greedy,3,0.5340679990062942,0.0712219084946994,0.7891069833746743,1.0,0.8338777770631909,1.0
biodolphin_Ki,ecfp,matern32,pi,3,0.9123950042011785,0.7407801456393605,0.531832993894579,0.8246904052422092,0.5398966707398117,1.0
biodolphin_Ki,ecfp,matern32,random,3,1.3067526929561506,0.7085717436422898,0.25831257288868686,0.8147933772089666,0.47466496594993607,1.0
biodolphin_Ki,ecfp,matern32,thompson,3,1.3293565867497577,0.7068459135343632,0.2466627396470917,0.8926161739590256,0.6659505077139651,1.0
biodolphin_Ki,ecfp,matern32,thompson_diverse,3,1.3424211368159087,0.6503780136125352,0.22395358524851047,0.9346581773747508,0.6599690583888925,1.0
biodolphin_Ki,ecfp,matern32,ucb_alternate,3,1.357218039647633,0.6577092477688874,0.2058345933204081,1.0,0.7546383833186843,1.0
biodolphin_Ki,ecfp,matern32,ucb_balanced,3,1.3531789149078424,0.6620564090354009,0.2129428192363473,0.971830985915493,0.8091996627150014,1.0
biodolphin_Ki,ecfp,matern32,ucb_exploit_heavy,3,0.5299366346557919,0.05841596861236872,0.7861121288540834,1.0,0.8338777770631909,1.0
biodolphin_Ki,ecfp,matern32,ucb_explore_heavy,3,0.9318233260246628,0.7668491925123289,0.5075432803560327,1.0,0.44916893547995224,1.0
biodolphin_Ki,ecfp,matern32,ucb_gradual,3,0.9821896252337609,0.7273475216516384,0.47744549135126974,1.0,0.677969644350119,1.0
biodolphin_Ki,ecfp,matern32,ucb_sandwich,3,0.9805662288644088,0.7262067917787735,0.4763557154285731,1.0,0.7350595608149147,1.0
biodolphin_Ki,ecfp,matern32,uncertainty,3,0.9058171202055463,0.7456304671134538,0.5310544193171736,0.6338356878970423,0.3535757211967901,1.0
biodolphin_Ki,ecfp,rbf,ei,3,0.9750710059993093,0.6855662321079374,0.44982380582364323,0.8502340271971759,0.5046837595843963,1.0
biodolphin_Ki,ecfp,rbf,greedy,3,0.5996222847975003,0.13417525191624624,0.6937719053466455,0.9925925925925926,0.8333356200112906,1.0
biodolphin_Ki,ecfp,rbf,pi,3,0.9429725435658787,0.7145590809229803,0.49393115105010593,0.8412302327409408,0.5363428159009868,1.0
biodolphin_Ki,ecfp,rbf,random,3,1.3073879838790985,0.7074769149694661,0.25833210360826714,0.8147933772089666,0.47466496594993607,1.0
biodolphin_Ki,ecfp,rbf,thompson,3,1.3465188981215659,0.6285805838258579,0.22209747130161653,0.8763793312896149,0.6179870802695421,1.0
biodolphin_Ki,ecfp,rbf,thompson_diverse,3,1.3581031275232611,0.6436381869315193,0.2226626547800745,0.7502090166570197,0.5795660313989467,1.0
biodolphin_Ki,ecfp,rbf,ucb_alternate,3,1.3627600205063526,0.6625455918775538,0.2058024106089078,1.0,0.7542435026189609,1.0
biodolphin_Ki,ecfp,rbf,ucb_balanced,3,1.3442003842763268,0.6751231115257307,0.19897723801868575,0.9765258215962441,0.7953090230883015,1.0
biodolphin_Ki,ecfp,rbf,ucb_exploit_heavy,3,0.5811842753860742,0.09155122009221832,0.7189691153052689,0.9863013698630136,0.8302813328474143,1.0
biodolphin_Ki,ecfp,rbf,ucb_explore_heavy,3,1.0113128673336103,0.7155259835249108,0.40756176135676236,0.9851851851851853,0.46159045597787635,1.0
biodolphin_Ki,ecfp,rbf,ucb_gradual,3,1.0384787641637516,0.6979053009933215,0.39172413910796927,1.0,0.6929556741769746,1.0
biodolphin_Ki,ecfp,rbf,ucb_sandwich,3,1.0254753369342244,0.700328761319137,0.4060874636254764,1.0,0.7366397982006703,1.0
biodolphin_Ki,ecfp,rbf,uncertainty,3,0.9813943958035751,0.692040417302784,0.4421192194579686,0.665792012348061,0.3740127625213483,1.0
biodolphin_Ki,ecfp,rq,ei,3,0.9123275966558196,0.7396652869344997,0.5326622550978847,0.8365353970601896,0.5166015678035744,1.0
biodolphin_Ki,ecfp,rq,greedy,3,0.51996187237253,0.06598243315758144,0.7942730626257178,1.0,0.8354715915993168,1.0
biodolphin_Ki,ecfp,rq,pi,3,0.9110843144367232,0.7420333284544041,0.5319471244556585,0.8218492078804639,0.5414823389857154,1.0
biodolphin_Ki,ecfp,rq,random,3,1.3065781032688208,0.7088755339591927,0.25844460658744733,0.8147933772089666,0.47466496594993607,1.0
biodolphin_Ki,ecfp,rq,thompson,3,0.971915213483352,0.6761636903047524,0.4994776994899535,0.9248826291079811,0.7185756140087608,1.0
biodolphin_Ki,ecfp,rq,thompson_diverse,3,1.4027997904511842,0.6092355941071154,0.1726881210310529,0.8558406757133362,0.6555934286592208,1.0
biodolphin_Ki,ecfp,rq,ucb_alternate,3,1.0013748790067163,0.7320554522532174,0.4571093776646475,1.0,0.7569886595065064,1.0
biodolphin_Ki,ecfp,rq,ucb_balanced,3,0.9745531340560771,0.7255259814412225,0.48067256302015066,0.9765258215962441,0.8124881199934259,1.0
biodolphin_Ki,ecfp,rq,ucb_exploit_heavy,3,0.5031463095442855,0.043289857330109205,0.8030709642014574,1.0,0.8354715915993168,1.0
biodolphin_Ki,ecfp,rq,ucb_explore_heavy,3,0.9421862924969382,0.7862264742407233,0.4904762386329177,1.0,0.43636268141573953,1.0
biodolphin_Ki,ecfp,rq,ucb_gradual,3,0.9912888635426587,0.7333682660793963,0.46525949195519867,1.0,0.6683691698644428,1.0
biodolphin_Ki,ecfp,rq,ucb_sandwich,3,0.9915144815803935,0.7314697640974948,0.46806476420559234,1.0,0.7004321106752132,0.9696969696969697
biodolphin_Ki,ecfp,rq,uncertainty,3,0.91077311965032,0.7533945439586072,0.5262505953485596,0.6150563451740376,0.33691484268370236,1.0
biodolphin_Ki,ecfp,tanimoto,ei,3,0.4565105323686871,0.02935872338322927,0.8194173832782452,0.8132770238886389,0.4584922217220115,1.0
biodolphin_Ki,ecfp,tanimoto,greedy,3,0.5413822251486687,0.05188158824631486,0.7491892715317968,1.0,0.8368630351362359,1.0
biodolphin_Ki,ecfp,tanimoto,pi,3,0.45718655727647306,0.029279695255688225,0.8196546906069707,0.811423385569633,0.4769908032670911,1.0
biodolphin_Ki,ecfp,tanimoto,random,3,0.5016811199097176,0.0382287920099838,0.7936059347276538,0.8147933772089666,0.47466496594993607,1.0
biodolphin_Ki,ecfp,tanimoto,thompson,3,0.49926234343710524,0.061112585780032494,0.7954737345822824,1.0,0.8003700845356257,1.0
biodolphin_Ki,ecfp,tanimoto,thompson_diverse,3,0.5331646134308109,0.022295424788637018,0.7510924692422355,0.9925925925925926,0.7872116106073275,1.0
biodolphin_Ki,ecfp,tanimoto,ucb_alternate,3,0.4835155862131561,0.040976618423889034,0.8037479082960882,1.0,0.766016321163919,1.0
biodolphin_Ki,ecfp,tanimoto,ucb_balanced,3,0.5324783417777157,0.05129989944139018,0.7740913736920315,1.0,0.8443204636239559,1.0
biodolphin_Ki,ecfp,tanimoto,ucb_exploit_heavy,3,0.49531462282987465,0.06565853785872575,0.7985502231070675,1.0,0.8368630351362359,1.0
biodolphin_Ki,ecfp,tanimoto,ucb_explore_heavy,3,0.481048010867541,0.05056844230838712,0.8083751103388023,1.0,0.39430438541956964,1.0
biodolphin_Ki,ecfp,tanimoto,ucb_gradual,3,0.554906998990731,0.06760190786384661,0.7523069809589912,1.0,0.6601056873968315,1.0
biodolphin_Ki,ecfp,tanimoto,ucb_sandwich,3,0.48601990119418287,0.04420310838426637,0.8046820950669922,1.0,0.7397376751631044,1.0
biodolphin_Ki,ecfp,tanimoto,uncertainty,3,0.4549961608473925,0.0300869190156015,0.8192025355398606,0.5473463816894263,0.2772140402026569,1.0
biodolphin_Ki,maccs,linear,ei,3,0.457473205978361,0.02742408615643626,0.8410027019077656,0.8135342751588169,0.4651211582023853,1.0
biodolphin_Ki,maccs,linear,greedy,3,0.5974928907932875,0.05600229729568674,0.7732441673120983,0.9906103286384976,0.8380310988202172,1.0
biodolphin_Ki,maccs,linear,pi,3,0.4573920667998473,0.029664742357605606,0.8462858406447372,0.7609449696657876,0.47558892676199255,1.0
biodolphin_Ki,maccs,linear,random,3,0.4992138476705526,0.06495637714968396,0.8231752378672685,0.8147933772089666,0.47466496594993607,1.0
biodolphin_Ki,maccs,linear,thompson,3,0.542856025032264,0.038385263916303466,0.8068443677256214,1.0,0.8180769752967322,1.0
biodolphin_Ki,maccs,linear,thompson_diverse,3,0.5304035061428148,0.07426179861774634,0.8048745377524802,1.0,0.8407788282204643,1.0
biodolphin_Ki,maccs,linear,ucb_alternate,3,0.5180623293150641,0.06358730150651472,0.813806280536304,1.0,0.7094370484704268,1.0
biodolphin_Ki,maccs,linear,ucb_balanced,3,0.5608343227855882,0.04918582014394846,0.8031946142546258,1.0,0.8366177889253329,1.0
biodolphin_Ki,maccs,linear,ucb_exploit_heavy,3,0.5569328998278499,0.06551334141333988,0.7888802771382171,0.9680365296803654,0.832387649080684,1.0
biodolphin_Ki,maccs,linear,ucb_explore_heavy,3,0.48284825093857026,0.015965100499544804,0.8358635415933287,0.9954337899543378,0.3707073695343037,1.0
biodolphin_Ki,maccs,linear,ucb_gradual,3,0.5953265132570409,0.09240856288634652,0.7691028225083864,1.0,0.6274846542471471,1.0
biodolphin_Ki,maccs,linear,ucb_sandwich,3,0.5100901319508447,0.014825006924283126,0.8362811616246013,1.0,0.6805007110139273,1.0
biodolphin_Ki,maccs,linear,uncertainty,3,0.44842661161984276,0.02583878909857482,0.8484644153942066,0.5022931092388935,0.2446804724848329,1.0
biodolphin_Ki,maccs,matern32,ei,3,0.44981989345618684,0.020016897574780753,0.8500225825438338,0.7892354635167678,0.41264332825976663,1.0
biodolphin_Ki,maccs,matern32,greedy,3,0.896543602813383,0.6533979838595412,0.5365837562685289,1.0,0.8483434447374251,1.0
biodolphin_Ki,maccs,matern32,pi,3,0.4478812662130343,0.01716301187948148,0.8488395816156512,0.7629272336198826,0.4772772811399089,1.0
biodolphin_Ki,maccs,matern32,random,3,0.5470287485820134,0.14036249635997594,0.7619129141579114,0.8147933772089666,0.47466496594993607,1.0
biodolphin_Ki,maccs,matern32,thompson,3,0.5660164696785349,0.10368311387383944,0.7567371055172635,1.0,0.799726813442808,0.9696969696969697
biodolphin_Ki,maccs,matern32,thompson_diverse,3,0.487543531691218,0.002483347325033296,0.8269391307063759,1.0,0.8020302127325086,1.0
biodolphin_Ki,maccs,matern32,ucb_alternate,3,0.5699189719645689,0.09192655786159602,0.7556591361136319,1.0,0.7353009482567653,1.0
biodolphin_Ki,maccs,matern32,ucb_balanced,3,0.5299892254442581,0.03815996563895722,0.8106812138452009,1.0,0.8269557170521863,1.0
biodolphin_Ki,maccs,matern32,ucb_exploit_heavy,3,0.5055381321737284,0.06278513998983387,0.8113962366499375,0.9954337899543378,0.84907982649831,1.0
biodolphin_Ki,maccs,matern32,ucb_explore_heavy,3,0.45492690926032564,0.005531490728320168,0.8468890571000623,1.0,0.34818566395838246,1.0
biodolphin_Ki,maccs,matern32,ucb_gradual,3,0.5294856454374438,0.04791148467828563,0.816511721362566,1.0,0.5916908554319321,1.0
biodolphin_Ki,maccs,matern32,ucb_sandwich,3,0.5066960318304451,0.040875721084411086,0.8159863537221179,0.9817351598173515,0.69390850429824,1.0
biodolphin_Ki,maccs,matern32,uncertainty,3,0.4462667932316746,0.014742655701095713,0.8516120241531328,0.49945905774576427,0.22303342122751732,1.0
biodolphin_Ki,maccs,rbf,ei,3,0.4888491868591685,0.07931950619324839,0.808739917861785,0.8041446037973147,0.4439675291730086,1.0
biodolphin_Ki,maccs,rbf,greedy,3,0.9027645735255566,0.648433513986821,0.5372640307334359,1.0,0.8448372528422693,1.0
biodolphin_Ki,maccs,rbf,pi,3,0.5025487931135896,0.10350934717057526,0.791757061102241,0.8019465346110146,0.48796635725055565,1.0
biodolphin_Ki,maccs,rbf,random,3,0.48162746925258476,0.033575086343379065,0.8301125691804909,0.8147933772089666,0.47466496594993607,1.0
biodolphin_Ki,maccs,rbf,thompson,3,0.4897960672564756,0.058045696223175076,0.8356792953168406,1.0,0.7835239851080097,0.9696969696969697
biodolphin_Ki,maccs,rbf,thompson_diverse,3,0.5044178935642557,0.01610865730709249,0.8059620417502771,1.0,0.7784368412402368,0.9696969696969697
biodolphin_Ki,maccs,rbf,ucb_alternate,3,0.9913586821238841,0.6858966169948014,0.4576360936129602,0.9577464788732394,0.6895263003694413,1.0
biodolphin_Ki,maccs,rbf,ucb_balanced,3,0.5398592320766361,0.07250000282006158,0.8030116244974962,1.0,0.8153642606527036,1.0
biodolphin_Ki,maccs,rbf,ucb_exploit_heavy,3,0.9160205026989349,0.6470842719466394,0.5304688513948618,0.9726027397260274,0.8398658720460764,1.0
biodolphin_Ki,maccs,rbf,ucb_explore_heavy,3,0.89867180276817,0.7688162990204241,0.537243612531115,0.9672647758698308,0.36775112368783985,1.0
biodolphin_Ki,maccs,rbf,ucb_gradual,3,0.9863718332939047,0.7089831465571415,0.4950702322869524,0.9765258215962441,0.5784430581459329,1.0
biodolphin_Ki,maccs,rbf,ucb_sandwich,3,0.9347039558620468,0.7567474760707601,0.5154021879563467,0.9860441185928356,0.6580474628593479,1.0
biodolphin_Ki,maccs,rbf,uncertainty,3,0.8761259563356708,0.7443729424709815,0.5601675484630207,0.5771117828227611,0.2641673276595136,1.0
biodolphin_Ki,maccs,rq,ei,3,0.5033961111908731,0.09723338014188795,0.7915251049731481,0.7545251213011198,0.42990796121222513,1.0
biodolphin_Ki,maccs,rq,greedy,3,0.5818618967743169,0.06908461283256337,0.7473184363797339,1.0,0.8491322057152657,1.0
biodolphin_Ki,maccs,rq,pi,3,0.5053839458579459,0.10158029515238402,0.7914530555568887,0.8065127446566768,0.4907490299483353,1.0
biodolphin_Ki,maccs,rq,random,3,0.4801753453245527,0.031709552254846,0.8305737880533112,0.8147933772089666,0.47466496594993607,1.0
biodolphin_Ki,maccs,rq,thompson,3,0.6041490615693906,0.14135063304505435,0.7205562389451096,0.9116184677828514,0.7590737525099863,1.0
biodolphin_Ki,maccs,rq,thompson_diverse,3,0.6194578936770548,0.14986479636881328,0.729311909262356,0.9954337899543378,0.8256295152957317,1.0
biodolphin_Ki,maccs,rq,ucb_alternate,3,0.9266073636606169,0.7393523216099522,0.5274121096722707,0.9577464788732394,0.653128532738797,1.0
biodolphin_Ki,maccs,rq,ucb_balanced,3,0.5315988014837029,0.050316494430488384,0.801625776454994,1.0,0.8312249447981649,1.0
biodolphin_Ki,maccs,rq,ucb_exploit_heavy,3,0.5713288494751794,0.07252350211862528,0.75109103020981,1.0,0.8510101399875661,1.0
biodolphin_Ki,maccs,rq,ucb_explore_heavy,3,0.9014218835393697,0.766430171159991,0.5361327645684432,0.971830985915493,0.37852230582888496,1.0
biodolphin_Ki,maccs,rq,ucb_gradual,3,0.9680416799998163,0.725287260355851,0.5078401504407594,0.9765258215962441,0.5797391757955138,1.0
biodolphin_Ki,maccs,rq,ucb_sandwich,3,0.9343586787614663,0.7578680249660108,0.5191052786395862,0.9906103286384976,0.6606704968522449,1.0
biodolphin_Ki,maccs,rq,uncertainty,3,0.8795781490264379,0.7412324557770755,0.5579561950902961,0.5976089923610665,0.2819451054372914,1.0
biodolphin_Ki,maccs,tanimoto,ei,3,0.438142287854975,0.018480693113450183,0.8540155863474667,0.7084842898078475,0.3998792348203886,1.0
biodolphin_Ki,maccs,tanimoto,greedy,3,0.5632372296241875,0.06443553694122695,0.7935809376561501,0.9906103286384976,0.8423559214240287,1.0
biodolphin_Ki,maccs,tanimoto,pi,3,0.45195369903997024,0.02650643144418777,0.8491947296338712,0.800573098663008,0.44108752974467813,1.0
biodolphin_Ki,maccs,tanimoto,random,3,0.47771028430229573,0.05188455502029227,0.8379472479821115,0.8147933772089666,0.47466496594993607,1.0
biodolphin_Ki,maccs,tanimoto,thompson,3,0.5646741255475095,0.08902428718409311,0.7680216094112353,1.0,0.784138101056874,1.0
biodolphin_Ki,maccs,tanimoto,thompson_diverse,3,0.5131574948519888,0.1198107883942911,0.818990688195704,1.0,0.8213922295824668,1.0
biodolphin_Ki,maccs,tanimoto,ucb_alternate,3,0.48081612754152087,0.023582681686785827,0.8420756189797096,1.0,0.7110500139344439,1.0
biodolphin_Ki,maccs,tanimoto,ucb_balanced,3,0.5475914239673402,0.09440620120686359,0.8039393571348867,1.0,0.8206231912020066,1.0
biodolphin_Ki,maccs,tanimoto,ucb_exploit_heavy,3,0.5220419086233942,0.04922161211986163,0.8128648955497347,0.9680365296803654,0.8362558506799292,1.0
biodolphin_Ki,maccs,tanimoto,ucb_explore_heavy,3,0.45609982423223006,0.020189671056429864,0.8476685871359497,0.9954337899543378,0.36833294031055946,1.0
biodolphin_Ki,maccs,tanimoto,ucb_gradual,3,0.5287944875002448,0.03815723803948958,0.8241387696292004,0.9954337899543378,0.5936356035757927,1.0
biodolphin_Ki,maccs,tanimoto,ucb_sandwich,3,0.4941601491279912,0.03206906525953937,0.8411714351893904,0.9723454884558492,0.6836841954823818,1.0
biodolphin_Ki,maccs,tanimoto,uncertainty,3,0.44116033088359813,0.01840438651632424,0.8563707438110507,0.5522984686403556,0.2502971966757419,1.0
biodolphin_Ki,molformer,linear,ei,3,0.48493670237131625,0.020628758677189885,0.8311686036788508,0.8199541235234848,0.47765686968079407,1.0
biodolphin_Ki,molformer,linear,greedy,3,0.6610305122668132,0.09470153707288458,0.6887593154959664,1.0,0.8328744971094961,1.0
biodolphin_Ki,molformer,linear,pi,3,0.4817589917832395,0.0223585345936817,0.833446542430574,0.8108217034321608,0.4882514774083364,1.0
biodolphin_Ki,molformer,linear,random,3,0.5161940515157005,0.04207493331107322,0.8072687078997308,0.8147933772089666,0.47466496594993607,1.0
biodolphin_Ki,molformer,linear,thompson,3,0.5925750003181038,0.09554119632356957,0.7410047570263026,1.0,0.8069637204250362,1.0
biodolphin_Ki,molformer,linear,thompson_diverse,3,0.5157327884872563,0.03559967725295589,0.8040621824793704,1.0,0.7978630279903673,1.0
biodolphin_Ki,molformer,linear,ucb_alternate,3,0.5157075897340714,0.024366295685118805,0.8110595220849713,0.9785080855503391,0.7043013126960648,1.0
biodolphin_Ki,molformer,linear,ucb_balanced,3,0.5942822248834698,0.12084653387131551,0.7169781130859869,1.0,0.8171025646522464,1.0
biodolphin_Ki,molformer,linear,ucb_exploit_heavy,3,0.5278691304609996,0.08318794623629247,0.79887605527902,1.0,0.8343559785909777,1.0
biodolphin_Ki,molformer,linear,ucb_explore_heavy,3,0.49618962186600474,0.03401750594885716,0.8298455799168764,1.0,0.3578078618846514,1.0
biodolphin_Ki,molformer,linear,ucb_gradual,3,0.533175141391346,0.046258341228077364,0.807327673243731,1.0,0.604039773904717,1.0
biodolphin_Ki,molformer,linear,ucb_sandwich,3,0.5506554142718119,0.07011270738586173,0.7789804703450013,0.9859154929577465,0.6752287035250569,1.0
biodolphin_Ki,molformer,linear,uncertainty,3,0.45726622028876657,0.026798063705673992,0.8440202965325444,0.5464874482817759,0.24667424128739968,1.0
biodolphin_Ki,molformer,matern32,ei,3,0.4451464493593733,0.015849547531965696,0.8399246533773091,0.8090966907482439,0.4656257279853653,1.0
biodolphin_Ki,molformer,matern32,greedy,3,0.624986268021862,0.09725815975508975,0.7019402831000554,1.0,0.8354545844320107,1.0
biodolphin_Ki,molformer,matern32,pi,3,0.4431551910596907,0.015179663750775297,0.8403732060476384,0.7905817451640335,0.5106433425515039,1.0
biodolphin_Ki,molformer,matern32,random,3,1.302917836736983,0.7150830633147969,0.2623922872857409,0.8147933772089666,0.47466496594993607,1.0
biodolphin_Ki,molformer,matern32,thompson,3,1.328066657075647,0.6955173869182075,0.25081598090927193,0.8627564473599589,0.6484699266119293,1.0
biodolphin_Ki,molformer,matern32,thompson_diverse,3,1.7370063020440976,0.034051903217253085,-0.03265163039155331,0.8351019358158082,0.626554690905453,1.0
biodolphin_Ki,molformer,matern32,ucb_alternate,3,1.3171146563896576,0.7056777074337903,0.25934611254823836,0.9256543829185157,0.6549515152814401,1.0
biodolphin_Ki,molformer,matern32,ucb_balanced,3,0.5125763135957637,0.03911021672521673,0.8076713363948668,1.0,0.8443068864735853,1.0
biodolphin_Ki,molformer,matern32,ucb_exploit_heavy,3,0.5548025594883425,0.1092746655751856,0.7411727539003667,1.0,0.8354545844320107,1.0
biodolphin_Ki,molformer,matern32,ucb_explore_heavy,3,0.9030894295949944,0.7619594556818468,0.5273261653335665,0.9624413145539906,0.36767330517861097,1.0
biodolphin_Ki,molformer,matern32,ucb_gradual,3,0.9505560138979646,0.7268913417519921,0.509815496182147,0.9906103286384976,0.5929258044461595,1.0
biodolphin_Ki,molformer,matern32,ucb_sandwich,3,0.9373768490822519,0.7479614884143594,0.5103718584170484,0.9906103286384976,0.6564594364768009,1.0
biodolphin_Ki,molformer,matern32,uncertainty,3,0.8808754433435707,0.7390338755794351,0.5521729966630855,0.6970594750644915,0.29392572584160465,1.0
biodolphin_Ki,molformer,rbf,ei,3,0.5318305773628421,0.09745840714884628,0.7471148003239846,0.8071144267941489,0.4455184684974382,1.0
biodolphin_Ki,molformer,rbf,greedy,3,1.0241202257893993,0.688928185586229,0.4393549926453752,0.9812206572769954,0.8179713593585868,1.0
biodolphin_Ki,molformer,rbf,pi,3,0.4937037799117638,0.09868066450952119,0.7860322758007364,0.800830349933186,0.49646072273315184,1.0
biodolphin_Ki,molformer,rbf,random,3,0.8687317086765397,0.695118906534523,0.550791176548802,0.8147933772089666,0.47466496594993607,1.0
biodolphin_Ki,molformer,rbf,thompson,3,1.323659662432557,0.7192367934984764,0.25347636299198606,0.862885072995048,0.628337156373043,1.0
biodolphin_Ki,molformer,rbf,thompson_diverse,3,1.317921175114668,0.7037119851299539,0.2544359204904271,0.9496430638626278,0.6752129826141017,1.0
biodolphin_Ki,molformer,rbf,ucb_alternate,3,1.3062116986141692,0.7211798253354291,0.2581926051957706,0.9486140587819153,0.66021180354578,1.0
biodolphin_Ki,molformer,rbf,ucb_balanced,3,1.0557077601841944,0.6607104855543984,0.39664539282150385,0.9812206572769954,0.8198370027368677,1.0
biodolphin_Ki,molformer,rbf,ucb_exploit_heavy,3,0.9476684131061184,0.7459763848646864,0.4906285850954377,0.9907389542735867,0.8198685874761505,1.0
biodolphin_Ki,molformer,rbf,ucb_explore_heavy,3,0.9035915288196673,0.7605410881854857,0.5297899937668434,0.9577464788732394,0.36667138293995327,1.0
biodolphin_Ki,molformer,rbf,ucb_gradual,3,0.9799233344144761,0.7042679041267894,0.48259018019827393,0.9812206572769954,0.5916126796292723,1.0
biodolphin_Ki,molformer,rbf,ucb_sandwich,3,0.9371269932547063,0.7465048844047729,0.5144797624715434,0.9953051643192489,0.6620897378180804,1.0
biodolphin_Ki,molformer,rbf,uncertainty,3,0.8853121571219154,0.7425446851483386,0.551235733693154,0.6684174044776013,0.2823714994176117,1.0
biodolphin_Ki,molformer,rq,ei,3,0.45106103566384176,0.021785949131863595,0.8366529434319648,0.7848922045719267,0.470443615523685,1.0
biodolphin_Ki,molformer,rq,greedy,3,1.0152248434340763,0.6967014449391148,0.44392169614940075,0.9812206572769954,0.8152925161317984,1.0
biodolphin_Ki,molformer,rq,pi,3,0.4532230663784098,0.01618840007818045,0.835693067816941,0.7378566681672991,0.5141962684274087,1.0
biodolphin_Ki,molformer,rq,random,3,0.5491083498046104,0.07640078825065698,0.7652817010974479,0.8147933772089666,0.47466496594993607,0.9696969696969697
biodolphin_Ki,molformer,rq,thompson,3,0.9820781714015167,0.6873078488696673,0.47444844702374284,0.9816065341822625,0.7118379174080506,1.0
biodolphin_Ki,molformer,rq,thompson_diverse,3,0.9633132592161564,0.7022291114427714,0.5031742034597242,0.9953051643192489,0.7553956310159281,1.0
biodolphin_Ki,molformer,rq,ucb_alternate,3,0.9371489230655392,0.7298950699981394,0.5152608864520459,0.9577464788732394,0.6671984622090738,0.9696969696969697
biodolphin_Ki,molformer,rq,ucb_balanced,3,0.9591342969646482,0.7444732465749762,0.48738088442019634,0.9812206572769954,0.8261789611336207,1.0
biodolphin_Ki,molformer,rq,ucb_exploit_heavy,3,0.9647632896296954,0.7302846790248273,0.4791669451911315,0.9953051643192489,0.8186154164969522,1.0
biodolphin_Ki,molformer,rq,ucb_explore_heavy,3,0.9399967901420131,0.7283497318542879,0.5170780482922769,0.9577464788732394,0.3704718417047184,0.9696969696969697
biodolphin_Ki,molformer,rq,ucb_gradual,3,0.9425092496749613,0.7322563756907324,0.5122246517479299,0.9812206572769954,0.589936401769317,0.9696969696969697
biodolphin_Ki,molformer,rq,ucb_sandwich,3,0.9351241666497975,0.7503611036487308,0.5077731409339552,0.9953051643192489,0.6578786774426365,0.9696969696969697
biodolphin_Ki,molformer,rq,uncertainty,3,0.8873561156665204,0.7410988985787539,0.5489546213437024,0.6463238078904682,0.28386991660771327,0.9696969696969697
biodolphin_Ki,molformer,tanimoto,ei,3,0.45044496476029544,0.014342277232605985,0.8397864929969826,0.7637861670275331,0.4662960104615516,1.0
biodolphin_Ki,molformer,tanimoto,greedy,3,0.5850666130996897,0.0960081515120438,0.7597207130132099,1.0,0.8364794449089259,1.0
biodolphin_Ki,molformer,tanimoto,pi,3,0.4505234423305577,0.01419916586661902,0.8411588604577537,0.7852780814771939,0.5085583924653961,1.0
biodolphin_Ki,molformer,tanimoto,random,3,0.4917933112124387,0.035065524462783666,0.8165963939891219,0.8147933772089666,0.47466496594993607,1.0
biodolphin_Ki,molformer,tanimoto,thompson,3,0.5151479869332117,0.08747802332375809,0.8032927006804423,1.0,0.7677930699366161,1.0
biodolphin_Ki,molformer,tanimoto,thompson_diverse,3,0.5290630587319659,0.02112826647168993,0.7861355176371098,1.0,0.7822520204943512,1.0
biodolphin_Ki,molformer,tanimoto,ucb_alternate,3,0.4898157800336593,0.036569619706091294,0.8290739132717334,0.9813492829120843,0.701275180254536,1.0
biodolphin_Ki,molformer,tanimoto,ucb_balanced,3,0.5556819034131094,0.11740044706061648,0.7721955915603488,1.0,0.8264063426729836,1.0
biodolphin_Ki,molformer,tanimoto,ucb_exploit_heavy,3,0.5052286250001865,0.0885901559714041,0.79997440394798,1.0,0.8372201856496666,1.0
biodolphin_Ki,molformer,tanimoto,ucb_explore_heavy,3,0.473474638238961,0.014349302449558348,0.8332845091489375,1.0,0.35113847978791063,1.0
biodolphin_Ki,molformer,tanimoto,ucb_gradual,3,0.5147657132248185,0.049397531925596525,0.8151615057418352,1.0,0.6102668267341237,1.0
biodolphin_Ki,molformer,tanimoto,ucb_sandwich,3,0.5202714735504378,0.061392108329237624,0.8009314010175442,0.9907389542735867,0.689406892904867,1.0
biodolphin_Ki,molformer,tanimoto,uncertainty,3,0.4548185557597686,0.0117592607573892,0.8432854976877779,0.5252527851022931,0.22643642677985723,1.0
traak_a_Kd1,chemberta,linear,ei,3,0.23417619685173285,0.060599536323454474,-1.5868768052392335,1.0,0.47222222222222227,1.0
traak_a_Kd1,chemberta,linear,greedy,3,0.23160116761504687,0.05979751510596477,-1.4897089829780328,0.5,0.2916666666666667,1.0
traak_a_Kd1,chemberta,linear,pi,3,0.23417619685173285,0.060599536323454474,-1.5868768052392335,1.0,0.47222222222222227,1.0
traak_a_Kd1,chemberta,linear,random,3,0.1869422034999588,0.037578548250407115,-0.6781054638274281,0.5,0.20833333333333334,1.0
traak_a_Kd1,chemberta,linear,thompson,3,0.21194735169370058,0.043453921751994924,-1.0839841663981769,0.5,0.18055555555555558,1.0
traak_a_Kd1,chemberta,linear,thompson_diverse,3,0.21194735169370058,0.043453921751994924,-1.0839841663981769,0.5,0.18055555555555558,1.0
traak_a_Kd1,chemberta,linear,ucb_alternate,3,0.2427385557370045,0.057865969584363644,-1.732436377553827,1.0,0.25,1.0
traak_a_Kd1,chemberta,linear,ucb_balanced,3,0.23271947149280514,0.05980648626210034,-1.5541853438239777,0.6666666666666666,0.2222222222222222,1.0
traak_a_Kd1,chemberta,linear,ucb_exploit_heavy,3,0.24490050714033873,0.060296626173299284,-1.7936188085439937,1.0,0.3333333333333333,1.0
traak_a_Kd1,chemberta,linear,ucb_explore_heavy,3,0.21454772651720155,0.011906380990179563,-1.0681388665705145,0.8333333333333334,0.4305555555555556,1.0
traak_a_Kd1,chemberta,linear,ucb_gradual,3,0.1974816790555323,0.0350717083331697,-0.8913113695926823,0.5,0.18055555555555558,1.0
traak_a_Kd1,chemberta,linear,ucb_sandwich,3,0.24273384378820417,0.05788250747965103,-1.7324867784687852,1.0,0.3333333333333333,1.0
traak_a_Kd1,chemberta,linear,uncertainty,3,0.18356960115156518,0.025139234863965257,-0.6775661850983098,0.5,0.34722222222222227,1.0
traak_a_Kd1,chemberta,matern32,ei,3,0.23318697995197782,0.04045308756646311,-1.4527389338611008,0.5,0.34722222222222227,1.0
traak_a_Kd1,chemberta,matern32,greedy,3,0.23318688585039685,0.04045292547035022,-1.452736535942959,0.5,0.3194444444444445,1.0
traak_a_Kd1,chemberta,matern32,pi,3,0.23318697995197782,0.04045308756646311,-1.4527389338611008,0.5,0.34722222222222227,1.0
traak_a_Kd1,chemberta,matern32,random,3,0.19188808993142678,0.03109315335767418,-0.7373774550290939,0.5,0.20833333333333334,1.0
traak_a_Kd1,chemberta,matern32,thompson,3,0.24288815953695675,0.03592779985199542,-1.7927798112102555,0.8333333333333334,0.40277777777777773,1.0
traak_a_Kd1,chemberta,matern32,thompson_diverse,3,0.24288815953695675,0.03592779985199542,-1.7927798112102555,0.8333333333333334,0.40277777777777773,1.0
traak_a_Kd1,chemberta,matern32,ucb_alternate,3,0.17787385728476846,0.02154729755024412,-0.42211618265465595,0.3333333333333333,0.16666666666666666,1.0
traak_a_Kd1,chemberta,matern32,ucb_balanced,3,0.23318697995197782,0.04045308756646311,-1.4527389338611008,0.5,0.34722222222222227,1.0
traak_a_Kd1,chemberta,matern32,ucb_exploit_heavy,3,0.2410231450277681,0.060555378696945904,-1.6728002937914963,0.6666666666666666,0.3333333333333333,1.0
traak_a_Kd1,chemberta,matern32,ucb_explore_heavy,3,0.20157999494963785,0.03788418183994823,-0.9498934659825157,0.3333333333333333,0.08333333333333333,1.0
traak_a_Kd1,chemberta,matern32,ucb_gradual,3,0.2285956902388584,0.03543633354913971,-1.3590593485228641,0.5,0.23611111111111113,1.0
traak_a_Kd1,chemberta,matern32,ucb_sandwich,3,0.2263883717937567,0.05870920925124358,-1.5012397784719094,0.5,0.23611111111111113,1.0
traak_a_Kd1,chemberta,matern32,uncertainty,3,0.19579817014526568,0.057299537519903555,-1.077173422691507,0.5,0.125,1.0
traak_a_Kd1,chemberta,rbf,ei,3,0.2167011253755753,0.04742132846302916,-1.1591595257305638,0.3333333333333333,0.19444444444444445,1.0
traak_a_Kd1,chemberta,rbf,greedy,3,0.2167011253755753,0.04742132846302916,-1.1591595257305638,0.3333333333333333,0.19444444444444445,1.0
traak_a_Kd1,chemberta,rbf,pi,3,0.2167011253755753,0.04742132846302916,-1.1591595257305638,0.3333333333333333,0.19444444444444445,1.0
traak_a_Kd1,chemberta,rbf,random,3,0.18702288195713693,0.03755450106894699,-0.6788479007047569,0.5,0.20833333333333334,1.0
traak_a_Kd1,chemberta,rbf,thompson,3,0.22978104411588005,0.014112768242932096,-1.3256266531524379,0.8333333333333334,0.40277777777777773,1.0
traak_a_Kd1,chemberta,rbf,thompson_diverse,3,0.22978104411588005,0.014112768242932096,-1.3256266531524379,0.8333333333333334,0.40277777777777773,1.0
traak_a_Kd1,chemberta,rbf,ucb_alternate,3,0.21642486204229913,0.045225991299626296,-1.1630908443509833,0.5,0.23611111111111113,1.0
traak_a_Kd1,chemberta,rbf,ucb_balanced,3,0.2167011253755753,0.04742132846302916,-1.1591595257305638,0.3333333333333333,0.19444444444444445,1.0
traak_a_Kd1,chemberta,rbf,ucb_exploit_heavy,3,0.23412145624618272,0.0319027884044928,-1.4933588398779414,0.6666666666666666,0.25,1.0
traak_a_Kd1,chemberta,rbf,ucb_explore_heavy,3,0.21993299729609936,0.0424749153070435,-1.2188835190398712,0.6666666666666666,0.4166666666666667,1.0
traak_a_Kd1,chemberta,rbf,ucb_gradual,3,0.21670112537557581,0.047421328463028434,-1.1591595257305662,0.3333333333333333,0.1388888888888889,1.0
traak_a_Kd1,chemberta,rbf,ucb_sandwich,3,0.23284704055287353,0.03363335880423346,-1.4791100905241434,0.6666666666666666,0.19444444444444445,1.0
traak_a_Kd1,chemberta,rbf,uncertainty,3,0.23551083603956072,0.08245735897268672,-1.834296896261045,0.8333333333333334,0.4583333333333333,1.0
traak_a_Kd1,chemberta,rq,ei,3,0.2307448505326637,0.03291092642719363,-1.377089603105371,0.5,0.34722222222222227,1.0
traak_a_Kd1,chemberta,rq,greedy,3,0.23074498580044525,0.03291116009545579,-1.377092914774822,0.5,0.3194444444444445,1.0
traak_a_Kd1,chemberta,rq,pi,3,0.2307448505326637,0.03291092642719363,-1.377089603105371,0.5,0.34722222222222227,1.0
traak_a_Kd1,chemberta,rq,random,3,0.19397485053341146,0.02863332213872708,-0.7463638869670319,0.5,0.20833333333333334,1.0
traak_a_Kd1,chemberta,rq,thompson,3,0.24919359633773386,0.04672032625557889,-1.984748138781488,0.8333333333333334,0.40277777777777773,1.0
traak_a_Kd1,chemberta,rq,thompson_diverse,3,0.24919359633773386,0.04672032625557889,-1.984748138781488,0.8333333333333334,0.40277777777777773,1.0
traak_a_Kd1,chemberta,rq,ucb_alternate,3,0.1862805316487137,0.03196874903268953,-0.5869949240255281,0.3333333333333333,0.16666666666666666,1.0
traak_a_Kd1,chemberta,rq,ucb_balanced,3,0.2307448505326637,0.03291092642719363,-1.377089603105371,0.5,0.34722222222222227,1.0
traak_a_Kd1,chemberta,rq,ucb_exploit_heavy,3,0.2269248104753784,0.036133628867175756,-1.3004575461339571,0.5,0.3194444444444445,1.0
traak_a_Kd1,chemberta,rq,ucb_explore_heavy,3,0.20075098020426854,0.039088752207185044,-0.9442043569364786,0.3333333333333333,0.08333333333333333,1.0
traak_a_Kd1,chemberta,rq,ucb_gradual,3,0.22859684835459468,0.03543836331330842,-1.3590880541149888,0.5,0.23611111111111113,1.0
traak_a_Kd1,chemberta,rq,ucb_sandwich,3,0.19903771651104485,0.01267168121076779,-0.9637282316980468,0.5,0.23611111111111113,1.0
traak_a_Kd1,chemberta,rq,uncertainty,3,0.195801359040477,0.057296389052180687,-1.0772346031685205,0.5,0.125,1.0
traak_a_Kd1,chemberta,tanimoto,ei,3,0.22850410475293526,0.06106251636983507,-1.6382335222987316,0.6666666666666666,0.25,1.0
traak_a_Kd1,chemberta,tanimoto,greedy,3,0.23672464782548505,0.055846626351551604,-1.5488059772025462,0.5,0.34722222222222227,1.0
traak_a_Kd1,chemberta,tanimoto,pi,3,0.22850410475293526,0.06106251636983507,-1.6382335222987316,0.6666666666666666,0.25,1.0
traak_a_Kd1,chemberta,tanimoto,random,3,0.18693398547530335,0.037587420408086575,-0.6781082735012879,0.5,0.20833333333333334,1.0
traak_a_Kd1,chemberta,tanimoto,thompson,3,0.2315593121469204,0.07264353792016338,-1.5555083647093984,0.6666666666666666,0.3888888888888889,1.0
traak_a_Kd1,chemberta,tanimoto,thompson_diverse,3,0.2315593121469204,0.07264353792016338,-1.5555083647093984,0.6666666666666666,0.3888888888888889,1.0
traak_a_Kd1,chemberta,tanimoto,ucb_alternate,3,0.21342970541825332,0.03682996376801305,-1.0708166975285407,0.5,0.18055555555555555,1.0
traak_a_Kd1,chemberta,tanimoto,ucb_balanced,3,0.23672464782548505,0.055846626351551604,-1.5488059772025462,0.5,0.34722222222222227,1.0
traak_a_Kd1,chemberta,tanimoto,ucb_exploit_heavy,3,0.21342197500693624,0.03683761706223592,-1.0707951135092926,0.5,0.34722222222222227,1.0
traak_a_Kd1,chemberta,tanimoto,ucb_explore_heavy,3,0.21332644694284517,0.036911932739616064,-1.070168367004523,0.5,0.09722222222222221,1.0
traak_a_Kd1,chemberta,tanimoto,ucb_gradual,3,0.22048351192802437,0.0714517955905331,-1.4941405406566328,0.3333333333333333,0.16666666666666666,1.0
traak_a_Kd1,chemberta,tanimoto,ucb_sandwich,3,0.19695934566919746,0.05617291013795297,-1.168378583427825,0.3333333333333333,0.16666666666666666,1.0
traak_a_Kd1,chemberta,tanimoto,uncertainty,3,0.19207826578789877,0.0509537702949393,-1.0476583930428776,0.3333333333333333,0.05555555555555555,1.0
traak_a_Kd1,chemberta_mlm,linear,ei,3,0.24275831614210266,0.09503981132227117,-2.0591581421758254,0.8333333333333334,0.23611111111111113,1.0
traak_a_Kd1,chemberta_mlm,linear,greedy,3,0.22104480129940865,0.06234321875222622,-1.3489244454267215,0.6666666666666666,0.19444444444444445,1.0
traak_a_Kd1,chemberta_mlm,linear,pi,3,0.2519774430677969,0.11064952468598424,-2.364519559467635,0.8333333333333334,0.23611111111111113,1.0
traak_a_Kd1,chemberta_mlm,linear,random,3,0.18701885300486265,0.03756766978427729,-0.6788564424492401,0.5,0.20833333333333334,1.0
traak_a_Kd1,chemberta_mlm,linear,thompson,3,0.20386051069315966,0.03278708814790915,-1.0513309679858602,0.5,0.18055555555555555,1.0
traak_a_Kd1,chemberta_mlm,linear,thompson_diverse,3,0.20386051069315966,0.03278708814790915,-1.0513309679858602,0.5,0.18055555555555555,1.0
traak_a_Kd1,chemberta_mlm,linear,ucb_alternate,3,0.2132253227308554,0.0365023889468519,-1.046643408233275,0.5,0.20833333333333334,1.0
traak_a_Kd1,chemberta_mlm,linear,ucb_balanced,3,0.19739869357223683,0.04911778625964235,-1.05754978424236,0.3333333333333333,0.16666666666666666,1.0
traak_a_Kd1,chemberta_mlm,linear,ucb_exploit_heavy,3,0.1947156321037898,0.050232921632884085,-1.0321396765501887,0.3333333333333333,0.1388888888888889,1.0
traak_a_Kd1,chemberta_mlm,linear,ucb_explore_heavy,3,0.2052738381709568,0.0399021454790856,-0.9789557216622823,0.5,0.2638888888888889,1.0
traak_a_Kd1,chemberta_mlm,linear,ucb_gradual,3,0.20104842246844554,0.04504344033635867,-0.9879695224974151,0.3333333333333333,0.1388888888888889,1.0
traak_a_Kd1,chemberta_mlm,linear,ucb_sandwich,3,0.22268542078377193,0.049759923915965336,-1.275855766750429,0.5,0.18055555555555555,1.0
traak_a_Kd1,chemberta_mlm,linear,uncertainty,3,0.2223474395780184,0.050454824209303376,-1.3089914947627104,0.5,0.2638888888888889,1.0
traak_a_Kd1,chemberta_mlm,matern32,ei,3,0.19995434347155042,0.05962767812639148,-1.1260722806350831,0.3333333333333333,0.22222222222222224,1.0
traak_a_Kd1,chemberta_mlm,matern32,greedy,3,0.19995434347155042,0.05962767812639148,-1.1260722806350831,0.3333333333333333,0.22222222222222224,1.0
traak_a_Kd1,chemberta_mlm,matern32,pi,3,0.19995434347155042,0.05962767812639148,-1.1260722806350831,0.3333333333333333,0.22222222222222224,1.0
traak_a_Kd1,chemberta_mlm,matern32,random,3,0.1871396910772427,0.037536148822800465,-0.6797043347016327,0.5,0.20833333333333334,1.0
traak_a_Kd1,chemberta_mlm,matern32,thompson,3,0.22381806793133427,0.006612324911172201,-1.2285904171864495,0.8333333333333334,0.40277777777777773,1.0
traak_a_Kd1,chemberta_mlm,matern32,thompson_diverse,3,0.22381806793133427,0.006612324911172201,-1.2285904171864495,0.8333333333333334,0.40277777777777773,1.0
traak_a_Kd1,chemberta_mlm,matern32,ucb_alternate,3,0.2192683414585047,0.04775913943692124,-1.330023393744357,0.5,0.2638888888888889,1.0
traak_a_Kd1,chemberta_mlm,matern32,ucb_balanced,3,0.19995434347155042,0.05962767812639148,-1.1260722806350831,0.3333333333333333,0.22222222222222224,1.0
traak_a_Kd1,chemberta_mlm,matern32,ucb_exploit_heavy,3,0.24603263712131007,0.07067446563847515,-1.8105354362612198,0.8333333333333334,0.2916666666666667,1.0
traak_a_Kd1,chemberta_mlm,matern32,ucb_explore_heavy,3,0.1783719007817892,0.054568322266389795,-0.982612835248793,0.16666666666666666,0.013888888888888888,1.0
traak_a_Kd1,chemberta_mlm,matern32,ucb_gradual,3,0.19483875422411737,0.06391990116845991,-1.217922948473042,0.16666666666666666,0.09722222222222222,1.0
traak_a_Kd1,chemberta_mlm,matern32,ucb_sandwich,3,0.22399225709555695,0.09376613468221355,-1.9104042614131853,0.5,0.125,1.0
traak_a_Kd1,chemberta_mlm,matern32,uncertainty,3,0.15969977227240376,0.01642030613297801,-0.6184812028769889,0.0,0.0,1.0
traak_a_Kd1,chemberta_mlm,rbf,ei,3,0.23824153472123932,0.07818382616877768,-1.7851946497116369,0.6666666666666666,0.3055555555555556,1.0
traak_a_Kd1,chemberta_mlm,rbf,greedy,3,0.23824153472123932,0.07818382616877768,-1.7851946497116369,0.6666666666666666,0.3055555555555556,1.0
traak_a_Kd1,chemberta_mlm,rbf,pi,3,0.23824153472123932,0.07818382616877768,-1.7851946497116369,0.6666666666666666,0.3055555555555556,1.0
traak_a_Kd1,chemberta_mlm,rbf,random,3,0.18702320243024542,0.037555006595434266,-0.6788549146605695,0.5,0.20833333333333334,1.0
traak_a_Kd1,chemberta_mlm,rbf,thompson,3,0.22978192802029115,0.014112268493320375,-1.3256432677829615,0.8333333333333334,0.40277777777777773,1.0
traak_a_Kd1,chemberta_mlm,rbf,thompson_diverse,3,0.22978192802029115,0.014112268493320375,-1.3256432677829615,0.8333333333333334,0.40277777777777773,1.0
traak_a_Kd1,chemberta_mlm,rbf,ucb_alternate,3,0.23823896916134513,0.07818664776354493,-1.7851946455641448,0.6666666666666666,0.3055555555555556,1.0
traak_a_Kd1,chemberta_mlm,rbf,ucb_balanced,3,0.23824153472123932,0.07818382616877768,-1.7851946497116369,0.6666666666666666,0.3055555555555556,1.0
traak_a_Kd1,chemberta_mlm,rbf,ucb_exploit_heavy,3,0.23573564630911137,0.07981326932916455,-1.7329045436718964,0.6666666666666666,0.3055555555555556,1.0
traak_a_Kd1,chemberta_mlm,rbf,ucb_explore_heavy,3,0.23038734237354905,0.08393832545205987,-1.649362339912343,0.6666666666666666,0.3055555555555556,1.0
traak_a_Kd1,chemberta_mlm,rbf,ucb_gradual,3,0.23824153472124335,0.07818382616877521,-1.7851946497117221,0.6666666666666666,0.27777777777777773,1.0
traak_a_Kd1,chemberta_mlm,rbf,ucb_sandwich,3,0.23573564630911137,0.07981326932916455,-1.7329045436718964,0.6666666666666666,0.27777777777777773,1.0
traak_a_Kd1,chemberta_mlm,rbf,uncertainty,3,0.18144699933952194,0.02074204916896878,-0.6598273913043838,0.5,0.2916666666666667,1.0
traak_a_Kd1,chemberta_mlm,rq,ei,3,0.20813853802488877,0.07176865408587153,-1.3217367442986159,0.3333333333333333,0.22222222222222224,1.0
traak_a_Kd1,chemberta_mlm,rq,greedy,3,0.20813853802488877,0.07176865408587153,-1.3217367442986159,0.3333333333333333,0.22222222222222224,1.0
traak_a_Kd1,chemberta_mlm,rq,pi,3,0.20813853802488877,0.07176865408587153,-1.3217367442986159,0.3333333333333333,0.22222222222222224,1.0
traak_a_Kd1,chemberta_mlm,rq,random,3,0.18703187059383,0.0375536454114415,-0.6789243960261121,0.5,0.20833333333333334,1.0
traak_a_Kd1,chemberta_mlm,rq,thompson,3,0.2224264430176044,0.0061771568188847895,-1.1910120204284083,0.8333333333333334,0.40277777777777773,1.0
traak_a_Kd1,chemberta_mlm,rq,thompson_diverse,3,0.2224264430176044,0.0061771568188847895,-1.1910120204284083,0.8333333333333334,0.40277777777777773,1.0
traak_a_Kd1,chemberta_mlm,rq,ucb_alternate,3,0.2122712618811051,0.04092294643250118,-1.198529249223439,0.5,0.2638888888888889,1.0
traak_a_Kd1,chemberta_mlm,rq,ucb_balanced,3,0.20813853802488877,0.07176865408587153,-1.3217367442986159,0.3333333333333333,0.22222222222222224,1.0
traak_a_Kd1,chemberta_mlm,rq,ucb_exploit_heavy,3,0.20821241727307704,0.04498307168218935,-1.056346599929059,0.5,0.23611111111111108,1.0
traak_a_Kd1,chemberta_mlm,rq,ucb_explore_heavy,3,0.19951636175596055,0.08430175327544517,-1.4722889418673424,0.16666666666666666,0.013888888888888888,1.0
traak_a_Kd1,chemberta_mlm,rq,ucb_gradual,3,0.18449990251934878,0.0439065273561985,-0.9197887359495084,0.16666666666666666,0.09722222222222222,1.0
traak_a_Kd1,chemberta_mlm,rq,ucb_sandwich,3,0.18388725896306102,0.05892693242932381,-1.0837940276931353,0.16666666666666666,0.09722222222222222,1.0
traak_a_Kd1,chemberta_mlm,rq,uncertainty,3,0.17739336754533053,0.026566530589304464,-0.9194769401261617,0.0,0.0,1.0
traak_a_Kd1,chemberta_mlm,tanimoto,ei,3,0.22900385233523024,0.060982662056926706,-1.6534504678086022,0.6666666666666666,0.19444444444444445,1.0
traak_a_Kd1,chemberta_mlm,tanimoto,greedy,3,0.2107104136678892,0.04444390681352394,-1.0875712967013011,0.5,0.20833333333333334,1.0
traak_a_Kd1,chemberta_mlm,tanimoto,pi,3,0.22900385233523024,0.060982662056926706,-1.6534504678086022,0.6666666666666666,0.19444444444444445,1.0
traak_a_Kd1,chemberta_mlm,tanimoto,random,3,0.1870186630963495,0.037573052851788,-0.6788900101736708,0.5,0.20833333333333334,1.0
traak_a_Kd1,chemberta_mlm,tanimoto,thompson,3,0.18975246227400996,0.032453202277721645,-0.8125225988353358,0.3333333333333333,0.1388888888888889,1.0
traak_a_Kd1,chemberta_mlm,tanimoto,thompson_diverse,3,0.18975246227400996,0.032453202277721645,-0.8125225988353358,0.3333333333333333,0.1388888888888889,1.0
traak_a_Kd1,chemberta_mlm,tanimoto,ucb_alternate,3,0.20857682322412607,0.06603391668010634,-1.2853223522629913,0.3333333333333333,0.19444444444444442,1.0
traak_a_Kd1,chemberta_mlm,tanimoto,ucb_balanced,3,0.2107104136678892,0.04444390681352394,-1.0875712967013011,0.5,0.20833333333333334,1.0
traak_a_Kd1,chemberta_mlm,tanimoto,ucb_exploit_heavy,3,0.2142201003823485,0.06184960125102742,-1.2821906851696643,0.3333333333333333,0.16666666666666666,1.0
traak_a_Kd1,chemberta_mlm,tanimoto,ucb_explore_heavy,3,0.20467755578509153,0.07399747490332104,-1.3758844336350702,0.16666666666666666,0.013888888888888888,1.0
traak_a_Kd1,chemberta_mlm,tanimoto,ucb_gradual,3,0.2031992273495582,0.051903415376289314,-1.069206378920291,0.3333333333333333,0.1388888888888889,1.0
traak_a_Kd1,chemberta_mlm,tanimoto,ucb_sandwich,3,0.21696447352979595,0.05899533928959288,-1.2543159529226768,0.5,0.125,1.0
traak_a_Kd1,chemberta_mlm,tanimoto,uncertainty,3,0.19626927088358612,0.046814717289239464,-1.009176629491888,0.3333333333333333,0.027777777777777776,1.0
traak_a_Kd1,ecfp,linear,ei,3,0.18550337801681324,0.0325934656404993,-0.7971028555809135,0.5,0.1527777777777778,1.0
traak_a_Kd1,ecfp,linear,greedy,3,0.24626061330479734,0.07238054568605426,-1.85618880284082,0.6666666666666666,0.19444444444444445,1.0
traak_a_Kd1,ecfp,linear,pi,3,0.22515483710563425,0.072533024189947,-1.635812525626555,0.8333333333333334,0.23611111111111108,1.0
traak_a_Kd1,ecfp,linear,random,3,0.186973469111726,0.03752616731022056,-0.6784205547993816,0.5,0.20833333333333334,1.0
traak_a_Kd1,ecfp,linear,thompson,3,0.24082294073408406,0.06480650266376208,-1.7555490071966329,0.8333333333333334,0.2916666666666667,1.0
traak_a_Kd1,ecfp,linear,thompson_diverse,3,0.24082294073408406,0.06480650266376208,-1.7555490071966329,0.8333333333333334,0.2916666666666667,1.0
traak_a_Kd1,ecfp,linear,ucb_alternate,3,0.17316854600602358,0.024043317268883806,-0.34927991386394447,0.3333333333333333,0.027777777777777776,1.0
traak_a_Kd1,ecfp,linear,ucb_balanced,3,0.2521759117363395,0.0946392021643637,-2.1550030614933484,0.8333333333333334,0.15277777777777776,1.0
traak_a_Kd1,ecfp,linear,ucb_exploit_heavy,3,0.1987933746926862,0.048943289769011106,-1.0882274485321604,0.3333333333333333,0.16666666666666666,1.0
traak_a_Kd1,ecfp,linear,ucb_explore_heavy,3,0.19297091901848865,0.03512346784545135,-0.8633749029225721,0.3333333333333333,0.05555555555555555,1.0
traak_a_Kd1,ecfp,linear,ucb_gradual,3,0.20340116458621407,0.045223065643400444,-1.0242231804598934,0.5,0.06944444444444443,1.0
traak_a_Kd1,ecfp,linear,ucb_sandwich,3,0.1885835679563859,0.046758360639632804,-1.0347192126954177,0.3333333333333333,0.1388888888888889,1.0
traak_a_Kd1,ecfp,linear,uncertainty,3,0.16277941251751096,0.018600062954661732,-0.6048265373159766,0.3333333333333333,0.05555555555555555,1.0
traak_a_Kd1,ecfp,matern32,ei,3,0.2523152379056075,0.09503992788425426,-2.211430076547038,0.6666666666666666,0.2777777777777778,1.0
traak_a_Kd1,ecfp,matern32,greedy,3,0.25231523790649035,0.09503992788575735,-2.2114300765592056,0.6666666666666666,0.2777777777777778,1.0
traak_a_Kd1,ecfp,matern32,pi,3,0.2523152379056075,0.09503992788425426,-2.211430076547038,0.6666666666666666,0.2777777777777778,1.0
traak_a_Kd1,ecfp,matern32,random,3,0.18861609929709508,0.03534894979192492,-0.7044566401607284,0.5,0.20833333333333334,1.0
traak_a_Kd1,ecfp,matern32,thompson,3,0.2322587665957058,0.018069062861178736,-1.6371820224362235,0.8333333333333334,0.40277777777777773,1.0
traak_a_Kd1,ecfp,matern32,thompson_diverse,3,0.2322587665957058,0.018069062861178736,-1.6371820224362235,0.8333333333333334,0.40277777777777773,1.0
traak_a_Kd1,ecfp,matern32,ucb_alternate,3,0.2559419979898391,0.1415217235246128,-2.7930774634290665,0.5,0.1527777777777778,1.0
traak_a_Kd1,ecfp,matern32,ucb_balanced,3,0.2523152379056075,0.09503992788425426,-2.211430076547038,0.6666666666666666,0.2777777777777778,1.0
traak_a_Kd1,ecfp,matern32,ucb_exploit_heavy,3,0.21405330710107043,0.03756182116898895,-1.2827999478875458,0.5,0.2638888888888889,1.0
traak_a_Kd1,ecfp,matern32,ucb_explore_heavy,3,0.187713201778225,0.020470229191460593,-0.7625263275354662,0.3333333333333333,0.19444444444444445,1.0
traak_a_Kd1,ecfp,matern32,ucb_gradual,3,0.22759372606257214,0.032074106084818435,-1.3811801573309743,0.5,0.1527777777777778,1.0
traak_a_Kd1,ecfp,matern32,ucb_sandwich,3,0.21003889879233925,0.060221772553418394,-1.2842765112732053,0.3333333333333333,0.08333333333333333,1.0
traak_a_Kd1,ecfp,matern32,uncertainty,3,0.18895900037781863,0.021559790388669214,-0.826007009283989,0.3333333333333333,0.19444444444444445,1.0
traak_a_Kd1,ecfp,rbf,ei,3,0.23209002822144656,0.1098270332354141,-1.9866258418957357,0.5,0.18055555555555558,1.0
traak_a_Kd1,ecfp,rbf,greedy,3,0.23209002822144656,0.1098270332354141,-1.9866258418957357,0.5,0.18055555555555558,1.0
traak_a_Kd1,ecfp,rbf,pi,3,0.23209002822144656,0.1098270332354141,-1.9866258418957357,0.5,0.18055555555555558,1.0
traak_a_Kd1,ecfp,rbf,random,3,0.18702320264767944,0.037555006952119996,-0.6788549196897846,0.5,0.20833333333333334,1.0
traak_a_Kd1,ecfp,rbf,thompson,3,0.2297821089428235,0.014113608766395388,-1.3256497783946648,0.8333333333333334,0.40277777777777773,1.0
traak_a_Kd1,ecfp,rbf,thompson_diverse,3,0.2297821089428235,0.014113608766395388,-1.3256497783946648,0.8333333333333334,0.40277777777777773,1.0
traak_a_Kd1,ecfp,rbf,ucb_alternate,3,0.20556907901022559,0.023619071708226993,-0.9911948031395905,0.6666666666666666,0.19444444444444445,1.0
traak_a_Kd1,ecfp,rbf,ucb_balanced,3,0.23209002822144656,0.1098270332354141,-1.9866258418957357,0.5,0.18055555555555558,1.0
traak_a_Kd1,ecfp,rbf,ucb_exploit_heavy,3,0.2207114240790279,0.03670852770600493,-1.5306206779463147,0.6666666666666666,0.22222222222222224,1.0
traak_a_Kd1,ecfp,rbf,ucb_explore_heavy,3,0.2455597110360055,0.09190566301229201,-2.067553151686113,0.8333333333333334,0.4305555555555556,1.0
traak_a_Kd1,ecfp,rbf,ucb_gradual,3,0.24124056533871652,0.10444208771338861,-2.046501637245297,0.5,0.18055555555555558,1.0
traak_a_Kd1,ecfp,rbf,ucb_sandwich,3,0.22055587540869967,0.03696203373185394,-1.5351021141634618,0.6666666666666666,0.22222222222222224,1.0
traak_a_Kd1,ecfp,rbf,uncertainty,3,0.2355111241861577,0.08245723320477756,-1.8343026020683053,0.8333333333333334,0.4583333333333333,1.0
traak_a_Kd1,ecfp,rq,ei,3,0.2569226889223365,0.08774687478472341,-2.1818023423816593,0.6666666666666666,0.25,1.0
traak_a_Kd1,ecfp,rq,greedy,3,0.2569226889223365,0.08774687478472341,-2.1818023423816593,0.6666666666666666,0.25,1.0
traak_a_Kd1,ecfp,rq,pi,3,0.2569226889223365,0.08774687478472341,-2.1818023423816593,0.6666666666666666,0.25,1.0
traak_a_Kd1,ecfp,rq,random,3,0.18702162120902976,0.03755727590023497,-0.6788904605103507,0.5,0.20833333333333334,1.0
traak_a_Kd1,ecfp,rq,thompson,3,0.22978259008297494,0.014111233767265568,-1.3256785095916295,0.8333333333333334,0.40277777777777773,1.0
traak_a_Kd1,ecfp,rq,thompson_diverse,3,0.22978259008297494,0.014111233767265568,-1.3256785095916295,0.8333333333333334,0.40277777777777773,1.0
traak_a_Kd1,ecfp,rq,ucb_alternate,3,0.20170353086722445,0.008867695706121958,-0.7607038871400423,0.5,0.125,1.0
traak_a_Kd1,ecfp,rq,ucb_balanced,3,0.2569226889223365,0.08774687478472341,-2.1818023423816593,0.6666666666666666,0.25,1.0
traak_a_Kd1,ecfp,rq,ucb_exploit_heavy,3,0.22125095697255878,0.027745972024022698,-1.3754693738137886,0.5,0.23611111111111113,1.0
traak_a_Kd1,ecfp,rq,ucb_explore_heavy,3,0.1853774719038591,0.026837323112476868,-0.7627483686046533,0.3333333333333333,0.16666666666666666,1.0
traak_a_Kd1,ecfp,rq,ucb_gradual,3,0.22373669180805292,0.03219752562093815,-1.3730830480923617,0.5,0.1527777777777778,1.0
traak_a_Kd1,ecfp,rq,ucb_sandwich,3,0.215695702768212,0.053636878182518756,-1.2177131610660314,0.5,0.09722222222222222,1.0
traak_a_Kd1,ecfp,rq,uncertainty,3,0.18894925755967615,0.021560339316369727,-0.8258492405215891,0.3333333333333333,0.16666666666666666,1.0
traak_a_Kd1,ecfp,tanimoto,ei,3,0.2285505638653423,0.06108974959183902,-1.639290302933131,0.6666666666666666,0.25,1.0
traak_a_Kd1,ecfp,tanimoto,greedy,3,0.25658369179424695,0.09023817808465671,-2.1809779532766425,0.8333333333333334,0.23611111111111108,1.0
traak_a_Kd1,ecfp,tanimoto,pi,3,0.2285505638653423,0.06108974959183902,-1.639290302933131,0.6666666666666666,0.25,1.0
traak_a_Kd1,ecfp,tanimoto,random,3,0.18696550037640405,0.03752982427668596,-0.6784770895565596,0.5,0.20833333333333334,1.0
traak_a_Kd1,ecfp,tanimoto,thompson,3,0.2449665317470655,0.05994401909562226,-1.775486591004442,0.8333333333333334,0.2916666666666667,1.0
traak_a_Kd1,ecfp,tanimoto,thompson_diverse,3,0.2449665317470655,0.05994401909562226,-1.775486591004442,0.8333333333333334,0.2916666666666667,1.0
traak_a_Kd1,ecfp,tanimoto,ucb_alternate,3,0.21897516593323516,0.07820785796055117,-1.5416434527425242,0.3333333333333333,0.027777777777777776,1.0
traak_a_Kd1,ecfp,tanimoto,ucb_balanced,3,0.25658369179424695,0.09023817808465671,-2.1809779532766425,0.8333333333333334,0.23611111111111108,1.0
traak_a_Kd1,ecfp,tanimoto,ucb_exploit_heavy,3,0.22127465498316823,0.08643093624651826,-1.6688191575534113,0.3333333333333333,0.16666666666666666,1.0
traak_a_Kd1,ecfp,tanimoto,ucb_explore_heavy,3,0.20781393408684976,0.07521374276007213,-1.464637960810757,0.3333333333333333,0.05555555555555555,1.0
traak_a_Kd1,ecfp,tanimoto,ucb_gradual,3,0.2148826237784337,0.07482591599241793,-1.4232949702700832,0.3333333333333333,0.16666666666666666,1.0
traak_a_Kd1,ecfp,tanimoto,ucb_sandwich,3,0.21691503718016125,0.06412038451689969,-1.35290757558195,0.5,0.18055555555555558,1.0
traak_a_Kd1,ecfp,tanimoto,uncertainty,3,0.1755232114973135,0.031442666469570356,-0.743614851782041,0.3333333333333333,0.08333333333333333,1.0
traak_a_Kd1,maccs,linear,ei,3,0.20037881219860634,0.028822746769376132,-0.9552504668499715,0.6666666666666666,0.2777777777777778,1.0
traak_a_Kd1,maccs,linear,greedy,3,0.2542157016796824,0.06780305439963197,-1.984247220863926,1.0,0.38888888888888884,1.0
traak_a_Kd1,maccs,linear,pi,3,0.20037881219860634,0.028822746769376132,-0.9552504668499715,0.6666666666666666,0.2777777777777778,1.0
traak_a_Kd1,maccs,linear,random,3,0.18697809627153936,0.03754945882391866,-0.6783897117731383,0.5,0.20833333333333334,1.0
traak_a_Kd1,maccs,linear,thompson,3,0.24931942411453376,0.08279800073981827,-2.029397714771761,0.8333333333333334,0.40277777777777785,1.0
traak_a_Kd1,maccs,linear,thompson_diverse,3,0.24931942411453376,0.08279800073981827,-2.029397714771761,0.8333333333333334,0.40277777777777785,1.0
traak_a_Kd1,maccs,linear,ucb_alternate,3,0.2002788868513081,0.0478160148393082,-1.1810270744654907,0.3333333333333333,0.027777777777777776,1.0
traak_a_Kd1,maccs,linear,ucb_balanced,3,0.17926709868494442,0.04204944154125302,-0.32139999564396526,0.6666666666666666,0.2222222222222222,1.0
traak_a_Kd1,maccs,linear,ucb_exploit_heavy,3,0.1926624583884425,0.04864122916901469,-0.596299531611897,0.6666666666666666,0.3333333333333333,1.0
traak_a_Kd1,maccs,linear,ucb_explore_heavy,3,0.1481810379395282,0.006115691746321945,-0.33336733963242104,0.0,0.0,1.0
traak_a_Kd1,maccs,linear,ucb_gradual,3,0.17187742649258086,0.025504625025157577,-0.2937871305795679,0.3333333333333333,0.027777777777777776,1.0
traak_a_Kd1,maccs,linear,ucb_sandwich,3,0.19056261267416205,0.04141629657077901,-0.5425632177195093,0.5,0.23611111111111113,1.0
traak_a_Kd1,maccs,linear,uncertainty,3,0.14307132971666686,0.0148424040064217,-0.28732173436911435,0.0,0.0,1.0
traak_a_Kd1,maccs,matern32,ei,3,0.20299912704871917,0.1270681362665806,-1.7236577244952507,0.6666666666666666,0.19444444444444442,1.0
traak_a_Kd1,maccs,matern32,greedy,3,0.174168319520042,0.08655437666992494,-1.3388085742706555,0.6666666666666666,0.1111111111111111,1.0
traak_a_Kd1,maccs,matern32,pi,3,0.20572606110383362,0.12574617691431295,-1.7010654291569605,0.6666666666666666,0.2222222222222222,1.0
traak_a_Kd1,maccs,matern32,random,3,0.1616575013343767,0.018153081307515903,-0.2666609230075541,0.5,0.20833333333333334,1.0
traak_a_Kd1,maccs,matern32,thompson,3,0.20142601126008883,0.08544878220785021,-1.081897967731327,1.0,0.36111111111111116,1.0
traak_a_Kd1,maccs,matern32,thompson_diverse,3,0.20142601126008883,0.08544878220785021,-1.081897967731327,1.0,0.36111111111111116,1.0
traak_a_Kd1,maccs,matern32,ucb_alternate,3,0.14358709212190413,0.03879817917035845,-0.39926377555614834,0.16666666666666666,0.013888888888888888,1.0
traak_a_Kd1,maccs,matern32,ucb_balanced,3,0.174168319520042,0.08655437666992494,-1.3388085742706555,0.6666666666666666,0.1111111111111111,1.0
traak_a_Kd1,maccs,matern32,ucb_exploit_heavy,3,0.13679722328795269,0.03030259572398961,-0.31506437799246806,0.16666666666666666,0.013888888888888888,1.0
traak_a_Kd1,maccs,matern32,ucb_explore_heavy,3,0.13911487146976745,0.03802877464504776,-0.42001510307728546,0.3333333333333333,0.1388888888888889,1.0
traak_a_Kd1,maccs,matern32,ucb_gradual,3,0.17180272207624428,0.08944291391724511,-1.34412120279421,0.5,0.06944444444444443,1.0
traak_a_Kd1,maccs,matern32,ucb_sandwich,3,0.13491305061770062,0.03342699192695064,-0.3118034842570589,0.16666666666666666,0.013888888888888888,1.0
traak_a_Kd1,maccs,matern32,uncertainty,3,0.20028532464103588,0.10144257792445856,-1.2165863512325117,0.5,0.1527777777777778,1.0
traak_a_Kd1,maccs,rbf,ei,3,0.20373637112811024,0.12819049655252862,-1.6973316669330574,0.6666666666666666,0.16666666666666666,1.0
traak_a_Kd1,maccs,rbf,greedy,3,0.1771784393137145,0.10202021050029113,-1.5354139581339636,0.5,0.06944444444444443,1.0
traak_a_Kd1,maccs,rbf,pi,3,0.2037361160753611,0.12819060439577284,-1.6973333306043157,0.6666666666666666,0.19444444444444442,1.0
traak_a_Kd1,maccs,rbf,random,3,0.1616406438007605,0.01816705703522408,-0.2665689684498727,0.5,0.20833333333333334,1.0
traak_a_Kd1,maccs,rbf,thompson,3,0.2014245904085342,0.0854477541109354,-1.0818803992550496,1.0,0.36111111111111116,1.0
traak_a_Kd1,maccs,rbf,thompson_diverse,3,0.2014245904085342,0.0854477541109354,-1.0818803992550496,1.0,0.36111111111111116,1.0
traak_a_Kd1,maccs,rbf,ucb_alternate,3,0.14231921100391867,0.038722656597811184,-0.4220385013053802,0.16666666666666666,0.013888888888888888,1.0
traak_a_Kd1,maccs,rbf,ucb_balanced,3,0.1771784393137145,0.10202021050029113,-1.5354139581339636,0.5,0.06944444444444443,1.0
traak_a_Kd1,maccs,rbf,ucb_exploit_heavy,3,0.13425682086400612,0.033383713820720494,-0.3233144786758128,0.16666666666666666,0.013888888888888888,1.0
traak_a_Kd1,maccs,rbf,ucb_explore_heavy,3,0.12786224549763078,0.0406419364740832,-0.21651442544539282,0.6666666666666666,0.3333333333333333,1.0
traak_a_Kd1,maccs,rbf,ucb_gradual,3,0.17717860216910264,0.10201995870168792,-1.535440549290982,0.5,0.06944444444444443,1.0
traak_a_Kd1,maccs,rbf,ucb_sandwich,3,0.14550245246243096,0.04213566695751877,-0.20383706526403833,0.3333333333333333,0.05555555555555555,1.0
traak_a_Kd1,maccs,rbf,uncertainty,3,0.20017100720591716,0.10162403781526237,-1.2164737198938804,0.5,0.2916666666666667,1.0
traak_a_Kd1,maccs,rq,ei,3,0.180530163708392,0.08428614275801039,-0.9945876641561009,0.6666666666666666,0.16666666666666666,1.0
traak_a_Kd1,maccs,rq,greedy,3,0.18033569339729508,0.09854576034363076,-1.4602880531783058,0.6666666666666666,0.1111111111111111,1.0
traak_a_Kd1,maccs,rq,pi,3,0.18052989205582412,0.08428620526176454,-0.9945893455586464,0.6666666666666666,0.19444444444444442,1.0
traak_a_Kd1,maccs,rq,random,3,0.16167587143794046,0.018137910435046974,-0.26671398305947197,0.5,0.20833333333333334,1.0
traak_a_Kd1,maccs,rq,thompson,3,0.2014228617245808,0.08544644944271809,-1.0818680789682429,1.0,0.36111111111111116,1.0
traak_a_Kd1,maccs,rq,thompson_diverse,3,0.2014228617245808,0.08544644944271809,-1.0818680789682429,1.0,0.36111111111111116,1.0
traak_a_Kd1,maccs,rq,ucb_alternate,3,0.1435745722868278,0.03878001793120628,-0.39906635844797284,0.16666666666666666,0.013888888888888888,1.0
traak_a_Kd1,maccs,rq,ucb_balanced,3,0.18033569339729508,0.09854576034363076,-1.4602880531783058,0.6666666666666666,0.1111111111111111,1.0
traak_a_Kd1,maccs,rq,ucb_exploit_heavy,3,0.13679206119517526,0.03029589134451876,-0.3152142403284745,0.16666666666666666,0.013888888888888888,1.0
traak_a_Kd1,maccs,rq,ucb_explore_heavy,3,0.13911839625144268,0.03802781717589145,-0.4200246072904632,0.3333333333333333,0.1388888888888889,1.0
traak_a_Kd1,maccs,rq,ucb_gradual,3,0.17770899538457363,0.10161894302629974,-1.465288908615977,0.5,0.06944444444444443,1.0
traak_a_Kd1,maccs,rq,ucb_sandwich,3,0.1346467935213792,0.0338555281007906,-0.3116324632594681,0.16666666666666666,0.013888888888888888,1.0
traak_a_Kd1,maccs,rq,uncertainty,3,0.19997419323303176,0.10184269386619565,-1.2160969793471021,0.5,0.1527777777777778,1.0
traak_a_Kd1,maccs,tanimoto,ei,3,0.23933028144891833,0.05713910009554826,-1.7316507334279343,0.6666666666666666,0.2222222222222222,1.0
traak_a_Kd1,maccs,tanimoto,greedy,3,0.24647834090752477,0.05452585914837118,-1.7582318829194563,1.0,0.3333333333333333,1.0
traak_a_Kd1,maccs,tanimoto,pi,3,0.23933028144891833,0.05713910009554826,-1.7316507334279343,0.6666666666666666,0.2222222222222222,1.0
traak_a_Kd1,maccs,tanimoto,random,3,0.18694077641601847,0.037546494931742024,-0.6780060575992729,0.5,0.20833333333333334,1.0
traak_a_Kd1,maccs,tanimoto,thompson,3,0.18095037494086738,0.0161908568072288,-0.6329840829547623,0.3333333333333333,0.16666666666666666,1.0
traak_a_Kd1,maccs,tanimoto,thompson_diverse,3,0.18095037494086738,0.0161908568072288,-0.6329840829547623,0.3333333333333333,0.16666666666666666,1.0
traak_a_Kd1,maccs,tanimoto,ucb_alternate,3,0.2198473850312809,0.06628090196713524,-1.3582767502897821,0.5,0.041666666666666664,1.0
traak_a_Kd1,maccs,tanimoto,ucb_balanced,3,0.24647834090752477,0.05452585914837118,-1.7582318829194563,1.0,0.3333333333333333,1.0
traak_a_Kd1,maccs,tanimoto,ucb_exploit_heavy,3,0.1835440209422344,0.033397643485773086,-0.6020164418891375,0.5,0.23611111111111113,1.0
traak_a_Kd1,maccs,tanimoto,ucb_explore_heavy,3,0.25845995507789354,0.10460396021848012,-2.2963628205517463,0.8333333333333334,0.125,1.0
traak_a_Kd1,maccs,tanimoto,ucb_gradual,3,0.24648470427002778,0.05452148942866619,-1.7583897232028587,1.0,0.2222222222222222,1.0
traak_a_Kd1,maccs,tanimoto,ucb_sandwich,3,0.15761115328813513,0.020613381401643146,-0.5069198283300217,0.16666666666666666,0.06944444444444445,1.0
traak_a_Kd1,maccs,tanimoto,uncertainty,3,0.1683202076365653,0.01600021931945375,-0.5624994453429345,0.16666666666666666,0.041666666666666664,1.0
traak_a_Kd1,molformer,linear,ei,3,0.23280475526822209,0.08585166842712884,-1.8570108745061624,0.8333333333333334,0.5416666666666666,1.0
traak_a_Kd1,molformer,linear,greedy,3,0.23961505402841277,0.05507396118080071,-1.6042955624076922,0.6666666666666666,0.36111111111111116,1.0
traak_a_Kd1,molformer,linear,pi,3,0.23280475526822209,0.08585166842712884,-1.8570108745061624,0.8333333333333334,0.5416666666666666,1.0
traak_a_Kd1,molformer,linear,random,3,0.18701344258083008,0.03756014372086044,-0.6787755383753126,0.5,0.20833333333333334,1.0
traak_a_Kd1,molformer,linear,thompson,3,0.2364809206309284,0.07374707230607615,-1.6825205903722005,0.8333333333333334,0.40277777777777773,1.0
traak_a_Kd1,molformer,linear,thompson_diverse,3,0.2364809206309284,0.07374707230607615,-1.6825205903722005,0.8333333333333334,0.40277777777777773,1.0
traak_a_Kd1,molformer,linear,ucb_alternate,3,0.2510073963269294,0.05488599604579016,-1.8736656127887876,1.0,0.4444444444444444,1.0
traak_a_Kd1,molformer,linear,ucb_balanced,3,0.26090943770243763,0.1002971664594301,-2.3316794046546683,0.6666666666666666,0.3333333333333333,1.0
traak_a_Kd1,molformer,linear,ucb_exploit_heavy,3,0.24083524496212486,0.08170083730437688,-1.9107558697900762,0.8333333333333334,0.40277777777777785,1.0
traak_a_Kd1,molformer,linear,ucb_explore_heavy,3,0.22753019590256626,0.06535400453292632,-1.4623566170418132,1.0,0.5555555555555556,1.0
traak_a_Kd1,molformer,linear,ucb_gradual,3,0.2652878980673225,0.10654213471825026,-2.4769674648808144,0.8333333333333334,0.625,1.0
traak_a_Kd1,molformer,linear,ucb_sandwich,3,0.24619186437513688,0.059325754040989394,-1.7650123636590103,1.0,0.6666666666666666,1.0
traak_a_Kd1,molformer,linear,uncertainty,3,0.2073444186272638,0.006518536580662607,-0.8655591957629997,0.8333333333333334,0.4583333333333333,1.0
traak_a_Kd1,molformer,matern32,ei,3,0.22473191036116744,0.044053232172971205,-1.2791211195683263,0.6666666666666666,0.3055555555555556,1.0
traak_a_Kd1,molformer,matern32,greedy,3,0.22473191036116744,0.044053232172971205,-1.2791211195683263,0.6666666666666666,0.3055555555555556,1.0
traak_a_Kd1,molformer,matern32,pi,3,0.22473191036116744,0.044053232172971205,-1.2791211195683263,0.6666666666666666,0.3055555555555556,1.0
traak_a_Kd1,molformer,matern32,random,3,0.1863728311229681,0.03768143222954274,-0.6744003401223612,0.5,0.20833333333333334,1.0
traak_a_Kd1,molformer,matern32,thompson,3,0.22794032062452504,0.011331250586957557,-1.5989662515457794,0.8333333333333334,0.40277777777777773,1.0
traak_a_Kd1,molformer,matern32,thompson_diverse,3,0.22794032062452504,0.011331250586957557,-1.5989662515457794,0.8333333333333334,0.40277777777777773,1.0
traak_a_Kd1,molformer,matern32,ucb_alternate,3,0.23087955475352984,0.032933020760807195,-1.3856162309330173,0.6666666666666666,0.36111111111111116,1.0
traak_a_Kd1,molformer,matern32,ucb_balanced,3,0.22473191036116744,0.044053232172971205,-1.2791211195683263,0.6666666666666666,0.3055555555555556,1.0
traak_a_Kd1,molformer,matern32,ucb_exploit_heavy,3,0.24481099852329558,0.07158803345728634,-1.7932061475199401,0.8333333333333334,0.3194444444444445,1.0
traak_a_Kd1,molformer,matern32,ucb_explore_heavy,3,0.17210116133878303,0.031350175025815316,-0.7769660849052235,0.16666666666666666,0.013888888888888888,1.0
traak_a_Kd1,molformer,matern32,ucb_gradual,3,0.237979022963581,0.05759530232499265,-1.6151552054754117,0.6666666666666666,0.25,1.0
traak_a_Kd1,molformer,matern32,ucb_sandwich,3,0.23187548265112323,0.04630821481151291,-1.4156550585560448,0.6666666666666666,0.22222222222222224,1.0
traak_a_Kd1,molformer,matern32,uncertainty,3,0.20080462827335654,0.05291002996721034,-1.0572527995248993,0.5,0.09722222222222222,1.0
traak_a_Kd1,molformer,rbf,ei,3,0.22331056059183152,0.039282032525696925,-1.240122377125548,0.5,0.2638888888888889,1.0
traak_a_Kd1,molformer,rbf,greedy,3,0.22331056059183152,0.039282032525696925,-1.240122377125548,0.5,0.2638888888888889,1.0
traak_a_Kd1,molformer,rbf,pi,3,0.22331056059183152,0.039282032525696925,-1.240122377125548,0.5,0.2638888888888889,1.0
traak_a_Kd1,molformer,rbf,random,3,0.1870232037515194,0.03755500871009581,-0.6788549229873446,0.5,0.20833333333333334,1.0
traak_a_Kd1,molformer,rbf,thompson,3,0.2297813427388742,0.014112339656885709,-1.3256327566878856,0.8333333333333334,0.40277777777777773,1.0
traak_a_Kd1,molformer,rbf,thompson_diverse,3,0.2297813427388742,0.014112339656885709,-1.3256327566878856,0.8333333333333334,0.40277777777777773,1.0
traak_a_Kd1,molformer,rbf,ucb_alternate,3,0.2323087641541555,0.033762703086680244,-1.462007677672007,0.6666666666666666,0.36111111111111116,1.0
traak_a_Kd1,molformer,rbf,ucb_balanced,3,0.22331056059183152,0.039282032525696925,-1.240122377125548,0.5,0.2638888888888889,1.0
traak_a_Kd1,molformer,rbf,ucb_exploit_heavy,3,0.2323087641541555,0.033762703086680244,-1.462007677672007,0.6666666666666666,0.3055555555555556,1.0
traak_a_Kd1,molformer,rbf,ucb_explore_heavy,3,0.23297852740621927,0.03360561874899757,-1.4833492979456253,0.6666666666666666,0.4166666666666667,1.0
traak_a_Kd1,molformer,rbf,ucb_gradual,3,0.22331056059183152,0.039282032525696925,-1.240122377125548,0.5,0.2638888888888889,1.0
traak_a_Kd1,molformer,rbf,ucb_sandwich,3,0.2323087641541555,0.033762703086680244,-1.462007677672007,0.6666666666666666,0.3055555555555556,1.0
traak_a_Kd1,molformer,rbf,uncertainty,3,0.23551112463101356,0.08245723301620439,-1.8343026045176858,0.8333333333333334,0.4583333333333333,1.0
traak_a_Kd1,molformer,rq,ei,3,0.24761061790585112,0.0725725621764947,-1.8874125425341421,0.6666666666666666,0.3333333333333333,1.0
traak_a_Kd1,molformer,rq,greedy,3,0.24761061790585112,0.0725725621764947,-1.8874125425341421,0.6666666666666666,0.3333333333333333,1.0
traak_a_Kd1,molformer,rq,pi,3,0.24761061790585112,0.0725725621764947,-1.8874125425341421,0.6666666666666666,0.3333333333333333,1.0
traak_a_Kd1,molformer,rq,random,3,0.18701945708520207,0.037555862771936746,-0.6788371552372423,0.5,0.20833333333333334,1.0
traak_a_Kd1,molformer,rq,thompson,3,0.23808047207152913,0.027755410362822305,-1.939768422684257,0.8333333333333334,0.40277777777777773,1.0
traak_a_Kd1,molformer,rq,thompson_diverse,3,0.23808047207152913,0.027755410362822305,-1.939768422684257,0.8333333333333334,0.40277777777777773,1.0
traak_a_Kd1,molformer,rq,ucb_alternate,3,0.2062884737457562,0.054275794371733355,-1.1312338924878744,0.5,0.2638888888888889,1.0
traak_a_Kd1,molformer,rq,ucb_balanced,3,0.24761061790585112,0.0725725621764947,-1.8874125425341421,0.6666666666666666,0.3333333333333333,1.0
traak_a_Kd1,molformer,rq,ucb_exploit_heavy,3,0.24288303225857347,0.07583121291903752,-1.7813278553244338,0.8333333333333334,0.34722222222222227,1.0
traak_a_Kd1,molformer,rq,ucb_explore_heavy,3,0.1754922870610811,0.0257710849805466,-0.7821781570888721,0.16666666666666666,0.013888888888888888,1.0
traak_a_Kd1,molformer,rq,ucb_gradual,3,0.23797825914939952,0.05759398258273468,-1.615126351312128,0.6666666666666666,0.25,1.0
traak_a_Kd1,molformer,rq,ucb_sandwich,3,0.2257272208752766,0.05351990735766316,-1.334640251000424,0.6666666666666666,0.22222222222222224,1.0
traak_a_Kd1,molformer,rq,uncertainty,3,0.20085562285445058,0.05285508229792496,-1.057878574403884,0.5,0.09722222222222222,1.0
traak_a_Kd1,molformer,tanimoto,ei,3,0.22856016504792098,0.06104512973522919,-1.6390830884448233,0.6666666666666666,0.25,1.0
traak_a_Kd1,molformer,tanimoto,greedy,3,0.23960914790784324,0.055073975894308826,-1.6042137182882985,0.6666666666666666,0.36111111111111116,1.0
traak_a_Kd1,molformer,tanimoto,pi,3,0.22856016504792098,0.06104512973522919,-1.6390830884448233,0.6666666666666666,0.25,1.0
traak_a_Kd1,molformer,tanimoto,random,3,0.18700865840463052,0.03756520176978507,-0.6787819727883638,0.5,0.20833333333333334,1.0
traak_a_Kd1,molformer,tanimoto,thompson,3,0.2364884909102797,0.07374776874082609,-1.682656683987411,0.8333333333333334,0.40277777777777773,1.0
traak_a_Kd1,molformer,tanimoto,thompson_diverse,3,0.2364884909102797,0.07374776874082609,-1.682656683987411,0.8333333333333334,0.40277777777777773,1.0
traak_a_Kd1,molformer,tanimoto,ucb_alternate,3,0.20039456558579824,0.048223575288254134,-1.0433319045092888,0.3333333333333333,0.16666666666666666,1.0
traak_a_Kd1,molformer,tanimoto,ucb_balanced,3,0.23960914790784324,0.055073975894308826,-1.6042137182882985,0.6666666666666666,0.36111111111111116,1.0
traak_a_Kd1,molformer,tanimoto,ucb_exploit_heavy,3,0.20499775479097151,0.04415400847741592,-1.0205998025467615,0.5,0.3194444444444445,1.0
traak_a_Kd1,molformer,tanimoto,ucb_explore_heavy,3,0.2040397021408523,0.04503975748684978,-1.0225179170238727,0.5,0.06944444444444443,1.0
traak_a_Kd1,molformer,tanimoto,ucb_gradual,3,0.23520923928170479,0.06080218136694084,-1.5519899204209053,0.6666666666666666,0.2777777777777778,1.0
traak_a_Kd1,molformer,tanimoto,ucb_sandwich,3,0.20135225602817494,0.04750913691364878,-1.0414177632701793,0.3333333333333333,0.19444444444444445,1.0
traak_a_Kd1,molformer,tanimoto,uncertainty,3,0.16468005170312475,0.012798872915870407,-0.7108725396289809,0.0,0.0,1.0
traak_b_Kd1,chemberta,linear,ei,3,0.18681357802318962,0.09690598627135108,-0.6941308014097709,1.0,0.4166666666666667,1.0
traak_b_Kd1,chemberta,linear,greedy,3,0.18702956288321868,0.07175365724247985,-1.0081480574415673,0.5,0.23611111111111113,1.0
traak_b_Kd1,chemberta,linear,pi,3,0.18275693607634666,0.10165073837594538,-0.47943114248865776,0.8333333333333334,0.34722222222222227,1.0
traak_b_Kd1,chemberta,linear,random,3,0.22477797668687427,0.083614015508088,-1.6733659717318048,0.5,0.20833333333333334,1.0
traak_b_Kd1,chemberta,linear,thompson,3,0.20066825564204335,0.0823530101492771,-1.0624434403700613,0.5,0.18055555555555558,1.0
traak_b_Kd1,chemberta,linear,thompson_diverse,3,0.20066825564204335,0.0823530101492771,-1.0624434403700613,0.5,0.18055555555555558,1.0
traak_b_Kd1,chemberta,linear,ucb_alternate,3,0.18390269257971503,0.07921972471093591,-0.7393493926682199,0.8333333333333334,0.20833333333333334,1.0
traak_b_Kd1,chemberta,linear,ucb_balanced,3,0.16736384868257836,0.09505678565701392,-0.34172935269398336,0.3333333333333333,0.22222222222222224,1.0
traak_b_Kd1,chemberta,linear,ucb_exploit_heavy,3,0.18837813622040608,0.09619006584087388,-0.6644150122173372,0.8333333333333334,0.2638888888888889,1.0
traak_b_Kd1,chemberta,linear,ucb_explore_heavy,3,0.18219337008849082,0.08784669008893281,-0.5839389052694582,0.8333333333333334,0.375,1.0
traak_b_Kd1,chemberta,linear,ucb_gradual,3,0.19187153985114333,0.08876128052461828,-0.6931730153656318,0.5,0.2916666666666667,1.0
traak_b_Kd1,chemberta,linear,ucb_sandwich,3,0.18362272030418816,0.0795822443544601,-0.7201992434084493,0.8333333333333334,0.2638888888888889,1.0
traak_b_Kd1,chemberta,linear,uncertainty,3,0.18291866537641752,0.08813944871858088,-0.5625313868469277,0.5,0.34722222222222227,1.0
traak_b_Kd1,chemberta,matern32,ei,3,0.209610748601164,0.07893003463087532,-1.3085861560289096,0.5,0.2916666666666667,1.0
traak_b_Kd1,chemberta,matern32,greedy,3,0.21414037695045718,0.08062624049390943,-1.38054152602826,0.5,0.34722222222222227,1.0
traak_b_Kd1,chemberta,matern32,pi,3,0.20961074863720353,0.07893003464141365,-1.3085861569534107,0.5,0.34722222222222227,1.0
traak_b_Kd1,chemberta,matern32,random,3,0.22479200426696078,0.08359947376168078,-1.673058666164196,0.5,0.20833333333333334,1.0
traak_b_Kd1,chemberta,matern32,thompson,3,0.20111846841211367,0.08181523905691854,-1.3075133892784,0.6666666666666666,0.2777777777777778,1.0
traak_b_Kd1,chemberta,matern32,thompson_diverse,3,0.20111846841211367,0.08181523905691854,-1.3075133892784,0.6666666666666666,0.2777777777777778,1.0
traak_b_Kd1,chemberta,matern32,ucb_alternate,3,0.21080743141056332,0.08197367727714414,-1.1369235697819626,0.5,0.2638888888888889,1.0
traak_b_Kd1,chemberta,matern32,ucb_balanced,3,0.20961074863720353,0.07893003464141365,-1.3085861569534107,0.5,0.34722222222222227,1.0
traak_b_Kd1,chemberta,matern32,ucb_exploit_heavy,3,0.2089181626227062,0.0671230330722749,-1.3421831843604577,0.5,0.34722222222222227,1.0
traak_b_Kd1,chemberta,matern32,ucb_explore_heavy,3,0.18956582372591016,0.07926590909991486,-0.799822568103881,0.3333333333333333,0.08333333333333333,1.0
traak_b_Kd1,chemberta,matern32,ucb_gradual,3,0.20568813617350792,0.08314847353508244,-0.9838916150407137,0.5,0.23611111111111113,1.0
traak_b_Kd1,chemberta,matern32,ucb_sandwich,3,0.23266304418106767,0.04032216485494845,-1.9641094537887847,0.5,0.23611111111111113,1.0
traak_b_Kd1,chemberta,matern32,uncertainty,3,0.1797282572175001,0.08788736249159103,-0.4941707646179117,0.5,0.125,1.0
traak_b_Kd1,chemberta,rbf,ei,3,0.19185376505725446,0.07387629384590688,-1.1137333842908448,0.5,0.20833333333333334,1.0
traak_b_Kd1,chemberta,rbf,greedy,3,0.19185376505725446,0.07387629384590688,-1.1137333842908448,0.5,0.20833333333333334,1.0
traak_b_Kd1,chemberta,rbf,pi,3,0.19185376505725446,0.07387629384590688,-1.1137333842908448,0.5,0.20833333333333334,1.0
traak_b_Kd1,chemberta,rbf,random,3,0.22479294543430475,0.0835969404317583,-1.6730936312189406,0.5,0.20833333333333334,1.0
traak_b_Kd1,chemberta,rbf,thompson,3,0.2131661410159306,0.07072464021482382,-1.7775195287351762,0.8333333333333334,0.40277777777777773,1.0
traak_b_Kd1,chemberta,rbf,thompson_diverse,3,0.2131661410159306,0.07072464021482382,-1.7775195287351762,0.8333333333333334,0.40277777777777773,1.0
traak_b_Kd1,chemberta,rbf,ucb_alternate,3,0.19128869531562365,0.09005535123827033,-0.933174230089319,0.6666666666666666,0.3055555555555556,1.0
traak_b_Kd1,chemberta,rbf,ucb_balanced,3,0.19185376505725446,0.07387629384590688,-1.1137333842908448,0.5,0.20833333333333334,1.0
traak_b_Kd1,chemberta,rbf,ucb_exploit_heavy,3,0.19917001333531872,0.08642802599636926,-1.2309825760831923,0.6666666666666666,0.25,1.0
traak_b_Kd1,chemberta,rbf,ucb_explore_heavy,3,0.192441651532245,0.08870876759198942,-1.0323865020080902,0.6666666666666666,0.4166666666666667,1.0
traak_b_Kd1,chemberta,rbf,ucb_gradual,3,0.19185376505725446,0.07387629384590688,-1.1137333842908448,0.5,0.23611111111111113,1.0
traak_b_Kd1,chemberta,rbf,ucb_sandwich,3,0.1918537274334474,0.09206288371270778,-1.0817246764558792,0.8333333333333334,0.2916666666666667,1.0
traak_b_Kd1,chemberta,rbf,uncertainty,3,0.18301743460735787,0.09502416859154379,-0.5768071420745753,0.8333333333333334,0.4583333333333333,1.0
traak_b_Kd1,chemberta,rq,ei,3,0.21783315853217447,0.06227251377028087,-1.6830559370156566,0.5,0.2916666666666667,1.0
traak_b_Kd1,chemberta,rq,greedy,3,0.2211434041483632,0.06259737957314604,-1.702120484923533,0.5,0.34722222222222227,1.0
traak_b_Kd1,chemberta,rq,pi,3,0.21783303566230494,0.06227251147797156,-1.6830545913642474,0.5,0.34722222222222227,1.0
traak_b_Kd1,chemberta,rq,random,3,0.22479316409450975,0.08359704527015466,-1.6730979772606982,0.5,0.20833333333333334,1.0
traak_b_Kd1,chemberta,rq,thompson,3,0.20247032860760808,0.08037972940698966,-1.354959676627108,0.6666666666666666,0.2777777777777778,1.0
traak_b_Kd1,chemberta,rq,thompson_diverse,3,0.20247032860760808,0.08037972940698966,-1.354959676627108,0.6666666666666666,0.2777777777777778,1.0
traak_b_Kd1,chemberta,rq,ucb_alternate,3,0.2500062066762931,0.042041883981106434,-2.6422504036508108,0.6666666666666666,0.3055555555555556,1.0
traak_b_Kd1,chemberta,rq,ucb_balanced,3,0.21783303565219192,0.06227251147778293,-1.6830545913221189,0.5,0.3194444444444445,1.0
traak_b_Kd1,chemberta,rq,ucb_exploit_heavy,3,0.2070136150347912,0.06691776966508964,-1.3647053522971617,0.5,0.34722222222222227,1.0
traak_b_Kd1,chemberta,rq,ucb_explore_heavy,3,0.2339424609044185,0.04827665493777993,-3.292677676493583,0.3333333333333333,0.08333333333333333,1.0
traak_b_Kd1,chemberta,rq,ucb_gradual,3,0.20443024949605113,0.08281352334024444,-1.022682634215954,0.5,0.20833333333333334,1.0
traak_b_Kd1,chemberta,rq,ucb_sandwich,3,0.26223417204322924,0.02841685069721409,-4.249469033105037,0.5,0.23611111111111113,1.0
traak_b_Kd1,chemberta,rq,uncertainty,3,0.17196612020137034,0.07602141479415685,-0.41806375373242705,0.3333333333333333,0.11111111111111112,1.0
traak_b_Kd1,chemberta,tanimoto,ei,3,0.1916462832321406,0.09283351418309899,-0.8036409446998319,0.6666666666666666,0.25,1.0
traak_b_Kd1,chemberta,tanimoto,greedy,3,0.1838907546662321,0.07286183252699048,-0.9063417138986706,0.5,0.34722222222222227,1.0
traak_b_Kd1,chemberta,tanimoto,pi,3,0.1916462832321406,0.09283351418309899,-0.8036409446998319,0.6666666666666666,0.25,1.0
traak_b_Kd1,chemberta,tanimoto,random,3,0.22478125463324905,0.08360182987239195,-1.6733761699832836,0.5,0.20833333333333334,1.0
traak_b_Kd1,chemberta,tanimoto,thompson,3,0.1936027307255871,0.0680091664977938,-1.2017743880166103,0.6666666666666666,0.3888888888888889,1.0
traak_b_Kd1,chemberta,tanimoto,thompson_diverse,3,0.1936027307255871,0.0680091664977938,-1.2017743880166103,0.6666666666666666,0.3888888888888889,1.0
traak_b_Kd1,chemberta,tanimoto,ucb_alternate,3,0.18787047098083628,0.08732723973884404,-0.6385543652682312,0.5,0.18055555555555555,1.0
traak_b_Kd1,chemberta,tanimoto,ucb_balanced,3,0.1838907546662321,0.07286183252699048,-0.9063417138986706,0.5,0.34722222222222227,1.0
traak_b_Kd1,chemberta,tanimoto,ucb_exploit_heavy,3,0.1814033816128635,0.08284187128356396,-0.5725285102765467,0.5,0.34722222222222227,1.0
traak_b_Kd1,chemberta,tanimoto,ucb_explore_heavy,3,0.1873153413629303,0.08820113390857288,-0.6236591543323081,0.5,0.09722222222222221,1.0
traak_b_Kd1,chemberta,tanimoto,ucb_gradual,3,0.18703664717750615,0.07174543559306223,-1.0081319844271437,0.5,0.23611111111111113,1.0
traak_b_Kd1,chemberta,tanimoto,ucb_sandwich,3,0.1843886198144994,0.07272994919418672,-0.7006687444426681,0.3333333333333333,0.19444444444444445,1.0
traak_b_Kd1,chemberta,tanimoto,uncertainty,3,0.17273024376371815,0.07778389107334756,-0.4280791821736287,0.3333333333333333,0.05555555555555555,1.0
traak_b_Kd1,chemberta_mlm,linear,ei,3,0.18524558265004298,0.10047061489801876,-0.6153661469139774,0.8333333333333334,0.3194444444444444,1.0
traak_b_Kd1,chemberta_mlm,linear,greedy,3,0.20812420592433187,0.0675958456284067,-1.461982630665035,0.6666666666666666,0.22222222222222224,1.0
traak_b_Kd1,chemberta_mlm,linear,pi,3,0.18524558265004298,0.10047061489801876,-0.6153661469139774,0.8333333333333334,0.3194444444444444,1.0
traak_b_Kd1,chemberta_mlm,linear,random,3,0.22479814517041943,0.08359810429429863,-1.6732463614926678,0.5,0.20833333333333334,1.0
traak_b_Kd1,chemberta_mlm,linear,thompson,3,0.20335088015551617,0.09288538088509081,-0.9798037880058388,0.5,0.18055555555555555,1.0
traak_b_Kd1,chemberta_mlm,linear,thompson_diverse,3,0.20335088015551617,0.09288538088509081,-0.9798037880058388,0.5,0.18055555555555555,1.0
traak_b_Kd1,chemberta_mlm,linear,ucb_alternate,3,0.18967460903263797,0.08775405066186533,-0.664315435769863,0.5,0.20833333333333334,1.0
traak_b_Kd1,chemberta_mlm,linear,ucb_balanced,3,0.19807540723469796,0.0828482794628355,-0.9485973427118783,0.5,0.18055555555555555,1.0
traak_b_Kd1,chemberta_mlm,linear,ucb_exploit_heavy,3,0.19779841505744686,0.08088985578879775,-0.9905530410740521,0.6666666666666666,0.25,1.0
traak_b_Kd1,chemberta_mlm,linear,ucb_explore_heavy,3,0.19303550368450453,0.09244567203202068,-0.7092205837259465,0.5,0.2638888888888889,1.0
traak_b_Kd1,chemberta_mlm,linear,ucb_gradual,3,0.20306889722047117,0.09132231430638144,-1.028064360070146,0.6666666666666666,0.1388888888888889,1.0
traak_b_Kd1,chemberta_mlm,linear,ucb_sandwich,3,0.18677040144190057,0.07840506630274008,-0.8317065932262837,0.6666666666666666,0.25,1.0
traak_b_Kd1,chemberta_mlm,linear,uncertainty,3,0.18649155263540548,0.08837039975852963,-0.6736469728897738,0.5,0.2638888888888889,1.0
traak_b_Kd1,chemberta_mlm,matern32,ei,3,0.18988962543432356,0.07070850303648835,-0.9636891889979872,0.3333333333333333,0.16666666666666666,1.0
traak_b_Kd1,chemberta_mlm,matern32,greedy,3,0.20200953544520553,0.0743864727690453,-1.1494905524751555,0.3333333333333333,0.16666666666666666,1.0
traak_b_Kd1,chemberta_mlm,matern32,pi,3,0.18988962543432356,0.07070850303648835,-0.9636891889979872,0.3333333333333333,0.16666666666666666,1.0
traak_b_Kd1,chemberta_mlm,matern32,random,3,0.22501425968807323,0.08358265775535825,-1.6779659441167387,0.5,0.20833333333333334,1.0
traak_b_Kd1,chemberta_mlm,matern32,thompson,3,0.21501686278510115,0.06894695175796325,-1.8100406871210692,0.8333333333333334,0.40277777777777773,1.0
traak_b_Kd1,chemberta_mlm,matern32,thompson_diverse,3,0.21501686278510115,0.06894695175796325,-1.8100406871210692,0.8333333333333334,0.40277777777777773,1.0
traak_b_Kd1,chemberta_mlm,matern32,ucb_alternate,3,0.1770863221696317,0.09574088338811408,-0.3785107572010397,0.3333333333333333,0.16666666666666666,1.0
traak_b_Kd1,chemberta_mlm,matern32,ucb_balanced,3,0.20200953544520553,0.0743864727690453,-1.1494905524751555,0.3333333333333333,0.16666666666666666,1.0
traak_b_Kd1,chemberta_mlm,matern32,ucb_exploit_heavy,3,0.20039692941526485,0.07004552667184502,-1.2329765683998881,0.3333333333333333,0.16666666666666666,1.0
traak_b_Kd1,chemberta_mlm,matern32,ucb_explore_heavy,3,0.17128585858600384,0.08741508859121873,-0.35409465125738926,0.16666666666666666,0.013888888888888888,1.0
traak_b_Kd1,chemberta_mlm,matern32,ucb_gradual,3,0.16960430440557595,0.08556082176483629,-0.2764858562493297,0.16666666666666666,0.09722222222222222,1.0
traak_b_Kd1,chemberta_mlm,matern32,ucb_sandwich,3,0.1696043156399029,0.08556083942769059,-0.2764859664716052,0.16666666666666666,0.09722222222222222,1.0
traak_b_Kd1,chemberta_mlm,matern32,uncertainty,3,0.1790315738571472,0.09453863758170683,-0.5975845951974003,0.0,0.0,1.0
traak_b_Kd1,chemberta_mlm,rbf,ei,3,0.18268480747040924,0.08446939812944977,-0.7664426838586603,0.6666666666666666,0.3333333333333333,1.0
traak_b_Kd1,chemberta_mlm,rbf,greedy,3,0.18268480747040924,0.08446939812944977,-0.7664426838586603,0.6666666666666666,0.3333333333333333,1.0
traak_b_Kd1,chemberta_mlm,rbf,pi,3,0.18268480747040924,0.08446939812944977,-0.7664426838586603,0.6666666666666666,0.3333333333333333,1.0
traak_b_Kd1,chemberta_mlm,rbf,random,3,0.2247931432903182,0.08359719001543317,-1.6730965877007533,0.5,0.20833333333333334,1.0
traak_b_Kd1,chemberta_mlm,rbf,thompson,3,0.21316575567013837,0.07072540880679289,-1.7774905703041552,0.8333333333333334,0.40277777777777773,1.0
traak_b_Kd1,chemberta_mlm,rbf,thompson_diverse,3,0.21316575567013837,0.07072540880679289,-1.7774905703041552,0.8333333333333334,0.40277777777777773,1.0
traak_b_Kd1,chemberta_mlm,rbf,ucb_alternate,3,0.18268438455944502,0.08446863506431176,-0.7664376801153548,0.6666666666666666,0.3333333333333333,1.0
traak_b_Kd1,chemberta_mlm,rbf,ucb_balanced,3,0.18268480747040924,0.08446939812944977,-0.7664426838586603,0.6666666666666666,0.3333333333333333,1.0
traak_b_Kd1,chemberta_mlm,rbf,ucb_exploit_heavy,3,0.1811370844691261,0.08182725437263909,-0.7453053772909684,0.6666666666666666,0.3333333333333333,1.0
traak_b_Kd1,chemberta_mlm,rbf,ucb_explore_heavy,3,0.18268474891069206,0.08446930993595038,-0.7664415698271826,0.6666666666666666,0.3333333333333333,1.0
traak_b_Kd1,chemberta_mlm,rbf,ucb_gradual,3,0.18268480747040924,0.08446939812944977,-0.7664426838586603,0.6666666666666666,0.3055555555555555,1.0
traak_b_Kd1,chemberta_mlm,rbf,ucb_sandwich,3,0.1811370844691261,0.08182725437263909,-0.7453053772909684,0.6666666666666666,0.3055555555555555,1.0
traak_b_Kd1,chemberta_mlm,rbf,uncertainty,3,0.17784674489790872,0.08450933006878385,-0.5051961809367111,0.6666666666666666,0.36111111111111116,1.0
traak_b_Kd1,chemberta_mlm,rq,ei,3,0.19094650836621085,0.061575422130689714,-1.1894420434843347,0.3333333333333333,0.19444444444444445,1.0
traak_b_Kd1,chemberta_mlm,rq,greedy,3,0.19094650836621085,0.061575422130689714,-1.1894420434843347,0.3333333333333333,0.19444444444444445,1.0
traak_b_Kd1,chemberta_mlm,rq,pi,3,0.19094650836621085,0.061575422130689714,-1.1894420434843347,0.3333333333333333,0.19444444444444445,1.0
traak_b_Kd1,chemberta_mlm,rq,random,3,0.22480061525999348,0.08359073473471221,-1.6733814621168914,0.5,0.20833333333333334,1.0
traak_b_Kd1,chemberta_mlm,rq,thompson,3,0.21519996972789004,0.0687757726240077,-1.817954745701374,0.8333333333333334,0.40277777777777773,1.0
traak_b_Kd1,chemberta_mlm,rq,thompson_diverse,3,0.21519996972789004,0.0687757726240077,-1.817954745701374,0.8333333333333334,0.40277777777777773,1.0
traak_b_Kd1,chemberta_mlm,rq,ucb_alternate,3,0.17213338411613402,0.08479651486944914,-0.343426179150869,0.16666666666666666,0.125,1.0
traak_b_Kd1,chemberta_mlm,rq,ucb_balanced,3,0.19094650836621085,0.061575422130689714,-1.1894420434843347,0.3333333333333333,0.19444444444444445,1.0
traak_b_Kd1,chemberta_mlm,rq,ucb_exploit_heavy,3,0.1988256436900858,0.07840288210337039,-0.9584837242566134,0.3333333333333333,0.19444444444444445,1.0
traak_b_Kd1,chemberta_mlm,rq,ucb_explore_heavy,3,0.17252492090198857,0.084764610417962,-0.3621820272148,0.16666666666666666,0.013888888888888888,1.0
traak_b_Kd1,chemberta_mlm,rq,ucb_gradual,3,0.1826664918370143,0.08583436624065746,-0.5625985810259576,0.16666666666666666,0.09722222222222222,1.0
traak_b_Kd1,chemberta_mlm,rq,ucb_sandwich,3,0.17823784248468075,0.08492318843014285,-0.5029217548451002,0.16666666666666666,0.09722222222222222,1.0
traak_b_Kd1,chemberta_mlm,rq,uncertainty,3,0.17730999294097813,0.09384424301560666,-0.5725823118300299,0.0,0.0,1.0
traak_b_Kd1,chemberta_mlm,tanimoto,ei,3,0.1924032512438044,0.09702721801822833,-0.7956582253467479,0.6666666666666666,0.25,1.0
traak_b_Kd1,chemberta_mlm,tanimoto,greedy,3,0.19574594421245517,0.08650324846590284,-0.8188989469422513,0.5,0.23611111111111108,1.0
traak_b_Kd1,chemberta_mlm,tanimoto,pi,3,0.1924032512438044,0.09702721801822833,-0.7956582253467479,0.6666666666666666,0.25,1.0
traak_b_Kd1,chemberta_mlm,tanimoto,random,3,0.22480011601928704,0.08359676237446272,-1.6733247791644186,0.5,0.20833333333333334,1.0
traak_b_Kd1,chemberta_mlm,tanimoto,thompson,3,0.19557859153114984,0.08181365683746923,-0.8635457765183322,0.3333333333333333,0.1388888888888889,1.0
traak_b_Kd1,chemberta_mlm,tanimoto,thompson_diverse,3,0.19557859153114984,0.08181365683746923,-0.8635457765183322,0.3333333333333333,0.1388888888888889,1.0
traak_b_Kd1,chemberta_mlm,tanimoto,ucb_alternate,3,0.17768508762810578,0.08798770284429083,-0.4532117688640553,0.5,0.23611111111111108,1.0
traak_b_Kd1,chemberta_mlm,tanimoto,ucb_balanced,3,0.19574594421245517,0.08650324846590284,-0.8188989469422513,0.5,0.23611111111111108,1.0
traak_b_Kd1,chemberta_mlm,tanimoto,ucb_exploit_heavy,3,0.1842222818973669,0.059707854194293024,-1.0499323861483034,0.3333333333333333,0.2222222222222222,1.0
traak_b_Kd1,chemberta_mlm,tanimoto,ucb_explore_heavy,3,0.18324216622336778,0.08946110661692,-0.5588086870948091,0.16666666666666666,0.013888888888888888,1.0
traak_b_Kd1,chemberta_mlm,tanimoto,ucb_gradual,3,0.1919534315126592,0.0960876694710527,-0.6782175633796431,0.3333333333333333,0.1388888888888889,1.0
traak_b_Kd1,chemberta_mlm,tanimoto,ucb_sandwich,3,0.19037521495147014,0.06992613589922635,-1.110026600527168,0.5,0.1527777777777778,1.0
traak_b_Kd1,chemberta_mlm,tanimoto,uncertainty,3,0.17072387877975992,0.07863349171592281,-0.36576253279886844,0.3333333333333333,0.027777777777777776,1.0
traak_b_Kd1,ecfp,linear,ei,3,0.1821878148163351,0.10487521559711589,-0.4453949148712588,0.8333333333333334,0.2916666666666667,1.0
traak_b_Kd1,ecfp,linear,greedy,3,0.18369740544277016,0.07259192908718363,-0.904414314266147,0.5,0.3194444444444445,1.0
traak_b_Kd1,ecfp,linear,pi,3,0.1821878148163351,0.10487521559711589,-0.4453949148712588,0.8333333333333334,0.2916666666666667,1.0
traak_b_Kd1,ecfp,linear,random,3,0.22475537431966686,0.08356625889517709,-1.672952842176003,0.5,0.20833333333333334,1.0
traak_b_Kd1,ecfp,linear,thompson,3,0.1926837259036386,0.09146123524701073,-0.899588657223649,0.8333333333333334,0.2916666666666667,1.0
traak_b_Kd1,ecfp,linear,thompson_diverse,3,0.1926837259036386,0.09146123524701073,-0.899588657223649,0.8333333333333334,0.2916666666666667,1.0
traak_b_Kd1,ecfp,linear,ucb_alternate,3,0.17983892093265216,0.08973779973885035,-0.5140978791580607,0.5,0.1527777777777778,1.0
traak_b_Kd1,ecfp,linear,ucb_balanced,3,0.17336699755816778,0.08423911353254689,-0.3520207744582143,0.5,0.125,1.0
traak_b_Kd1,ecfp,linear,ucb_exploit_heavy,3,0.17983788515991517,0.08973735058878235,-0.5140860493194691,0.5,0.3194444444444445,1.0
traak_b_Kd1,ecfp,linear,ucb_explore_heavy,3,0.17280212999423364,0.07710494497764617,-0.45316382793977467,0.3333333333333333,0.05555555555555555,1.0
traak_b_Kd1,ecfp,linear,ucb_gradual,3,0.18189564522963644,0.08195380322959711,-0.604324710216824,0.5,0.125,1.0
traak_b_Kd1,ecfp,linear,ucb_sandwich,3,0.18057337437976725,0.08865275306443263,-0.5286739380877968,0.5,0.2916666666666667,1.0
traak_b_Kd1,ecfp,linear,uncertainty,3,0.18200000574949704,0.0990482575107544,-0.5893500554079262,0.3333333333333333,0.05555555555555555,1.0
traak_b_Kd1,ecfp,matern32,ei,3,0.1940064931296049,0.07478386993313717,-1.0112082175359893,0.6666666666666666,0.3055555555555555,1.0
traak_b_Kd1,ecfp,matern32,greedy,3,0.19400648057207862,0.07478387704862938,-1.0112080092950333,0.6666666666666666,0.3333333333333333,1.0
traak_b_Kd1,ecfp,matern32,pi,3,0.19400648057207862,0.07478387704862938,-1.0112080092950333,0.6666666666666666,0.3333333333333333,1.0
traak_b_Kd1,ecfp,matern32,random,3,0.21677478315656548,0.08153534337540175,-1.542065353666321,0.5,0.20833333333333334,1.0
traak_b_Kd1,ecfp,matern32,thompson,3,0.23495090467097904,0.053102800503951005,-2.1594126746935833,0.6666666666666666,0.2777777777777778,1.0
traak_b_Kd1,ecfp,matern32,thompson_diverse,3,0.23495090467097904,0.053102800503951005,-2.1594126746935833,0.6666666666666666,0.2777777777777778,1.0
traak_b_Kd1,ecfp,matern32,ucb_alternate,3,0.2212585362474679,0.06920464540710858,-1.7207726194668833,0.5,0.2916666666666667,1.0
traak_b_Kd1,ecfp,matern32,ucb_balanced,3,0.19400648057207862,0.07478387704862938,-1.0112080092950333,0.6666666666666666,0.3333333333333333,1.0
traak_b_Kd1,ecfp,matern32,ucb_exploit_heavy,3,0.19557398832466344,0.09873187129231627,-0.49970479887826036,0.6666666666666666,0.3333333333333333,1.0
traak_b_Kd1,ecfp,matern32,ucb_explore_heavy,3,0.18966026576840425,0.0638754303382917,-1.2631327787227316,0.5,0.20833333333333334,1.0
traak_b_Kd1,ecfp,matern32,ucb_gradual,3,0.21189505992040156,0.06587080800722726,-1.440041219779105,0.5,0.20833333333333334,1.0
traak_b_Kd1,ecfp,matern32,ucb_sandwich,3,0.2077057303344373,0.08842702462266429,-1.1694887054144185,0.5,0.18055555555555555,1.0
traak_b_Kd1,ecfp,matern32,uncertainty,3,0.18284948726731334,0.08060713702024203,-0.589315554222986,0.3333333333333333,0.19444444444444445,1.0
traak_b_Kd1,ecfp,rbf,ei,3,0.1779942378261423,0.06394489329129277,-0.61078939761517,0.5,0.18055555555555555,1.0
traak_b_Kd1,ecfp,rbf,greedy,3,0.18706987448057652,0.07881449387788164,-0.7131712374630625,0.6666666666666666,0.22222222222222224,1.0
traak_b_Kd1,ecfp,rbf,pi,3,0.1779942378960674,0.06394489327253833,-0.6107893988280496,0.5,0.20833333333333334,1.0
traak_b_Kd1,ecfp,rbf,random,3,0.22479314342563814,0.08359719019575895,-1.6730965896107424,0.5,0.20833333333333334,1.0
traak_b_Kd1,ecfp,rbf,thompson,3,0.23641413179914472,0.05057064412064449,-2.151748302611334,0.6666666666666666,0.2777777777777778,1.0
traak_b_Kd1,ecfp,rbf,thompson_diverse,3,0.23641413179914472,0.05057064412064449,-2.151748302611334,0.6666666666666666,0.2777777777777778,1.0
traak_b_Kd1,ecfp,rbf,ucb_alternate,3,0.21042980544604303,0.08631809895464444,-1.2726227518778332,0.5,0.23611111111111108,1.0
traak_b_Kd1,ecfp,rbf,ucb_balanced,3,0.1779942378960674,0.06394489327253833,-0.6107893988280496,0.5,0.20833333333333334,1.0
traak_b_Kd1,ecfp,rbf,ucb_exploit_heavy,3,0.18536882823363143,0.06911439378744372,-0.5168385397744664,0.3333333333333333,0.19444444444444445,1.0
traak_b_Kd1,ecfp,rbf,ucb_explore_heavy,3,0.20737459119720955,0.08607333380202568,-1.0703863034819285,0.6666666666666666,0.4166666666666667,1.0
traak_b_Kd1,ecfp,rbf,ucb_gradual,3,0.18706987448057652,0.07881449387788164,-0.7131712374630625,0.6666666666666666,0.22222222222222224,1.0
traak_b_Kd1,ecfp,rbf,ucb_sandwich,3,0.18536882823363132,0.06911439378744368,-0.5168385397744641,0.3333333333333333,0.19444444444444445,1.0
traak_b_Kd1,ecfp,rbf,uncertainty,3,0.18301762250689416,0.09502448722585194,-0.5768098920105137,0.8333333333333334,0.4583333333333333,1.0
traak_b_Kd1,ecfp,rq,ei,3,0.19453475102499054,0.07519347953820085,-0.9781155599749157,0.6666666666666666,0.3055555555555555,1.0
traak_b_Kd1,ecfp,rq,greedy,3,0.19453475113112184,0.0751934794788853,-0.978115561838699,0.6666666666666666,0.3333333333333333,1.0
traak_b_Kd1,ecfp,rq,pi,3,0.19453475113112184,0.0751934794788853,-0.978115561838699,0.6666666666666666,0.3333333333333333,1.0
traak_b_Kd1,ecfp,rq,random,3,0.22479153718814637,0.08359437424491821,-1.673099441103363,0.5,0.20833333333333334,1.0
traak_b_Kd1,ecfp,rq,thompson,3,0.23640473973240828,0.05057660163472709,-2.151791839246041,0.6666666666666666,0.2777777777777778,1.0
traak_b_Kd1,ecfp,rq,thompson_diverse,3,0.23640473973240828,0.05057660163472709,-2.151791839246041,0.6666666666666666,0.2777777777777778,1.0
traak_b_Kd1,ecfp,rq,ucb_alternate,3,0.22781827091794069,0.06140260235047035,-1.8637983454965183,0.5,0.2916666666666667,1.0
traak_b_Kd1,ecfp,rq,ucb_balanced,3,0.19453475113112184,0.0751934794788853,-0.978115561838699,0.6666666666666666,0.3333333333333333,1.0
traak_b_Kd1,ecfp,rq,ucb_exploit_heavy,3,0.19554277116932428,0.09873555832116372,-0.48271410348646127,0.6666666666666666,0.3333333333333333,1.0
traak_b_Kd1,ecfp,rq,ucb_explore_heavy,3,0.19291568026404815,0.05282729140697798,-1.5432121190423933,0.5,0.18055555555555558,1.0
traak_b_Kd1,ecfp,rq,ucb_gradual,3,0.2140365156464584,0.0656714770694855,-1.4816717667677768,0.5,0.23611111111111113,1.0
traak_b_Kd1,ecfp,rq,ucb_sandwich,3,0.223465418053065,0.06084766583402865,-1.6384458124021195,0.6666666666666666,0.2777777777777778,1.0
traak_b_Kd1,ecfp,rq,uncertainty,3,0.18284605679229404,0.0806137316351897,-0.5892518615943195,0.3333333333333333,0.16666666666666666,1.0
traak_b_Kd1,ecfp,tanimoto,ei,3,0.18458660121086937,0.09579960921836471,-0.6061467965749517,0.8333333333333334,0.3194444444444444,1.0
traak_b_Kd1,ecfp,tanimoto,greedy,3,0.20942477987649957,0.06477301894963333,-1.7269764421830518,0.8333333333333334,0.375,1.0
traak_b_Kd1,ecfp,tanimoto,pi,3,0.18458660121086937,0.09579960921836471,-0.6061467965749517,0.8333333333333334,0.3194444444444444,1.0
traak_b_Kd1,ecfp,tanimoto,random,3,0.2247502352517183,0.08356424652422301,-1.6728921631796003,0.5,0.20833333333333334,1.0
traak_b_Kd1,ecfp,tanimoto,thompson,3,0.20153563160272595,0.08153891092203439,-1.3208256818986575,0.8333333333333334,0.2916666666666667,1.0
traak_b_Kd1,ecfp,tanimoto,thompson_diverse,3,0.20153563160272595,0.08153891092203439,-1.3208256818986575,0.8333333333333334,0.2916666666666667,1.0
traak_b_Kd1,ecfp,tanimoto,ucb_alternate,3,0.1889999044095397,0.08185446927510685,-0.7384145907223214,0.3333333333333333,0.25,1.0
traak_b_Kd1,ecfp,tanimoto,ucb_balanced,3,0.20942477987649957,0.06477301894963333,-1.7269764421830518,0.8333333333333334,0.375,1.0
traak_b_Kd1,ecfp,tanimoto,ucb_exploit_heavy,3,0.17623018133981036,0.08060537779359003,-0.45725232034041624,0.5,0.3194444444444445,1.0
traak_b_Kd1,ecfp,tanimoto,ucb_explore_heavy,3,0.1797970519547928,0.07790675474870468,-0.5856240383844894,0.5,0.09722222222222221,1.0
traak_b_Kd1,ecfp,tanimoto,ucb_gradual,3,0.18702246384923496,0.07812124806831783,-0.9444204588180054,0.5,0.23611111111111113,1.0
traak_b_Kd1,ecfp,tanimoto,ucb_sandwich,3,0.18620321774010296,0.07776265744146546,-0.707138312789355,0.3333333333333333,0.19444444444444445,1.0
traak_b_Kd1,ecfp,tanimoto,uncertainty,3,0.18294584563882735,0.07915346640666314,-0.5982861660598962,0.3333333333333333,0.08333333333333333,1.0
traak_b_Kd1,maccs,linear,ei,3,0.1908687022736967,0.09165816639146114,-0.7911278358925179,0.6666666666666666,0.3333333333333333,1.0
traak_b_Kd1,maccs,linear,greedy,3,0.21477052953110184,0.06364560252769066,-1.9417494184311594,0.8333333333333334,0.2916666666666667,1.0
traak_b_Kd1,maccs,linear,pi,3,0.1908687022736967,0.09165816639146114,-0.7911278358925179,0.6666666666666666,0.3333333333333333,1.0
traak_b_Kd1,maccs,linear,random,3,0.22477509057287282,0.08359473976444151,-1.6727427622071962,0.5,0.20833333333333334,1.0
traak_b_Kd1,maccs,linear,thompson,3,0.19271541180486687,0.09049434026455931,-0.9821915075610287,0.8333333333333334,0.40277777777777785,1.0
traak_b_Kd1,maccs,linear,thompson_diverse,3,0.19271541180486687,0.09049434026455931,-0.9821915075610287,0.8333333333333334,0.40277777777777785,1.0
traak_b_Kd1,maccs,linear,ucb_alternate,3,0.2141721830223456,0.09701809709627437,-1.1012684066355491,0.3333333333333333,0.027777777777777776,1.0
traak_b_Kd1,maccs,linear,ucb_balanced,3,0.24405563570148361,0.050795923599718115,-2.40955125120502,0.6666666666666666,0.3333333333333333,1.0
traak_b_Kd1,maccs,linear,ucb_exploit_heavy,3,0.21257420067499447,0.08861872823752014,-1.30314917437667,0.5,0.23611111111111113,1.0
traak_b_Kd1,maccs,linear,ucb_explore_heavy,3,0.20777342046491812,0.09458122333740221,-0.9807968766570377,0.16666666666666666,0.013888888888888888,1.0
traak_b_Kd1,maccs,linear,ucb_gradual,3,0.24620188752753416,0.053529663405634205,-2.445019527329276,0.6666666666666666,0.2222222222222222,1.0
traak_b_Kd1,maccs,linear,ucb_sandwich,3,0.20935960717172708,0.08009628739631702,-1.3428831685861853,0.5,0.23611111111111113,1.0
traak_b_Kd1,maccs,linear,uncertainty,3,0.19901439920451117,0.1064005814413655,-0.8944079027762305,0.0,0.0,1.0
traak_b_Kd1,maccs,matern32,ei,3,0.17244116915315308,0.04882929817171114,-0.6759876118193083,0.5,0.125,1.0
traak_b_Kd1,maccs,matern32,greedy,3,0.18850087939638646,0.08023346094832781,-0.7944617419377399,0.16666666666666666,0.013888888888888888,1.0
traak_b_Kd1,maccs,matern32,pi,3,0.17244116915315308,0.04882929817171114,-0.6759876118193083,0.5,0.125,1.0
traak_b_Kd1,maccs,matern32,random,3,0.20792128095745935,0.06555382960457527,-1.4523495266925692,0.5,0.20833333333333334,1.0
traak_b_Kd1,maccs,matern32,thompson,3,0.1792146358887825,0.026233989235946664,-1.0064413926179003,1.0,0.4166666666666667,1.0
traak_b_Kd1,maccs,matern32,thompson_diverse,3,0.1792146358887825,0.026233989235946664,-1.0064413926179003,1.0,0.4166666666666667,1.0
traak_b_Kd1,maccs,matern32,ucb_alternate,3,0.15710866544487337,0.0616407839177534,-0.2653085372467157,0.3333333333333333,0.027777777777777776,1.0
traak_b_Kd1,maccs,matern32,ucb_balanced,3,0.17244111694949418,0.04882926280778726,-0.6759870436424006,0.5,0.18055555555555555,1.0
traak_b_Kd1,maccs,matern32,ucb_exploit_heavy,3,0.1782954481955742,0.05949288087827732,-0.717795335362512,0.3333333333333333,0.05555555555555555,1.0
traak_b_Kd1,maccs,matern32,ucb_explore_heavy,3,0.16000296323156218,0.05327036369704228,-0.11426733262505684,0.6666666666666666,0.19444444444444442,1.0
traak_b_Kd1,maccs,matern32,ucb_gradual,3,0.1629441095543804,0.06519139627925005,-0.15171577975292208,0.5,0.18055555555555555,1.0
traak_b_Kd1,maccs,matern32,ucb_sandwich,3,0.16681927247946535,0.05750921282225379,-0.254406484447616,0.5,0.18055555555555555,1.0
traak_b_Kd1,maccs,matern32,uncertainty,3,0.17200795313619752,0.031506611230012777,-0.9755093898408086,0.5,0.1527777777777778,1.0
traak_b_Kd1,maccs,rbf,ei,3,0.17244504941599834,0.0489995208273126,-0.6746757347481486,0.5,0.125,1.0
traak_b_Kd1,maccs,rbf,greedy,3,0.1842768909134067,0.08731840739251498,-0.6877814386257874,0.16666666666666666,0.013888888888888888,1.0
traak_b_Kd1,maccs,rbf,pi,3,0.17244504941599834,0.0489995208273126,-0.6746757347481486,0.5,0.125,1.0
traak_b_Kd1,maccs,rbf,random,3,0.20791951775447745,0.06555231426071549,-1.4523150513546987,0.5,0.20833333333333334,1.0
traak_b_Kd1,maccs,rbf,thompson,3,0.17966330198783045,0.026296154607995826,-1.2155751876382095,0.8333333333333334,0.34722222222222215,1.0
traak_b_Kd1,maccs,rbf,thompson_diverse,3,0.17966330198783045,0.026296154607995826,-1.2155751876382095,0.8333333333333334,0.34722222222222215,1.0
traak_b_Kd1,maccs,rbf,ucb_alternate,3,0.15842676791230717,0.06235675758835374,-0.1593753359129205,0.3333333333333333,0.027777777777777776,1.0
traak_b_Kd1,maccs,rbf,ucb_balanced,3,0.17244499655099607,0.048999485145558914,-0.674674049972599,0.5,0.18055555555555555,1.0
traak_b_Kd1,maccs,rbf,ucb_exploit_heavy,3,0.17835893973996994,0.05953820428767622,-0.7183212601738159,0.3333333333333333,0.05555555555555555,1.0
traak_b_Kd1,maccs,rbf,ucb_explore_heavy,3,0.17332930196239468,0.04556844596705088,-0.4203981259586973,1.0,0.38888888888888884,1.0
traak_b_Kd1,maccs,rbf,ucb_gradual,3,0.16300667473782413,0.06525374919650621,-0.15224761076143678,0.5,0.18055555555555555,1.0
traak_b_Kd1,maccs,rbf,ucb_sandwich,3,0.16843226351544813,0.05140975064134272,-0.37603972915053,0.6666666666666666,0.2222222222222222,1.0
traak_b_Kd1,maccs,rbf,uncertainty,3,0.1731495684928708,0.03332092637984077,-0.9840705573486793,0.5,0.2916666666666667,1.0
traak_b_Kd1,maccs,rq,ei,3,0.16528131915934216,0.04590465370740785,-0.5259849101336247,0.5,0.125,1.0
traak_b_Kd1,maccs,rq,greedy,3,0.18866206390397375,0.0802870982403877,-0.7958228538634659,0.16666666666666666,0.013888888888888888,1.0
traak_b_Kd1,maccs,rq,pi,3,0.16528131915934216,0.04590465370740785,-0.5259849101336247,0.5,0.125,1.0
traak_b_Kd1,maccs,rq,random,3,0.2079252941629972,0.06555750141797344,-1.4525193123855065,0.5,0.20833333333333334,1.0
traak_b_Kd1,maccs,rq,thompson,3,0.18355077083649177,0.027755242513652294,-1.0742698310085184,1.0,0.4166666666666667,1.0
traak_b_Kd1,maccs,rq,thompson_diverse,3,0.18355077083649177,0.027755242513652294,-1.0742698310085184,1.0,0.4166666666666667,1.0
traak_b_Kd1,maccs,rq,ucb_alternate,3,0.15728451709234045,0.0618419891722733,-0.26690329468935065,0.3333333333333333,0.027777777777777776,1.0
traak_b_Kd1,maccs,rq,ucb_balanced,3,0.17244713559313862,0.04926581571640073,-0.6725634425521153,0.5,0.18055555555555555,1.0
traak_b_Kd1,maccs,rq,ucb_exploit_heavy,3,0.1798853714743276,0.05715003871707597,-0.8099883831007252,0.3333333333333333,0.05555555555555555,1.0
traak_b_Kd1,maccs,rq,ucb_explore_heavy,3,0.16659810877042505,0.05713836088072964,-0.2555370618885741,0.6666666666666666,0.19444444444444442,1.0
traak_b_Kd1,maccs,rq,ucb_gradual,3,0.16638960803339112,0.05968903402755667,-0.224431517431546,0.5,0.18055555555555555,1.0
traak_b_Kd1,maccs,rq,ucb_sandwich,3,0.16552641957462289,0.05673025475808276,-0.22860905886276764,0.5,0.18055555555555555,1.0
traak_b_Kd1,maccs,rq,uncertainty,3,0.17196141925132144,0.03159725919734125,-0.9738313505495895,0.5,0.1527777777777778,1.0
traak_b_Kd1,maccs,tanimoto,ei,3,0.1845691540308526,0.09581344004719099,-0.6058418498733845,0.8333333333333334,0.375,1.0
traak_b_Kd1,maccs,tanimoto,greedy,3,0.24615240103068506,0.04729536235536229,-2.507157471403875,0.6666666666666666,0.27777777777777773,1.0
traak_b_Kd1,maccs,tanimoto,pi,3,0.1845691540308526,0.09581344004719099,-0.6058418498733845,0.8333333333333334,0.375,1.0
traak_b_Kd1,maccs,tanimoto,random,3,0.22475993162268595,0.08359454482919168,-1.6724218903914971,0.5,0.20833333333333334,1.0
traak_b_Kd1,maccs,tanimoto,thompson,3,0.2000340609550549,0.0848951172548681,-0.9267870585092183,0.3333333333333333,0.16666666666666666,1.0
traak_b_Kd1,maccs,tanimoto,thompson_diverse,3,0.2000340609550549,0.0848951172548681,-0.9267870585092183,0.3333333333333333,0.16666666666666666,1.0
traak_b_Kd1,maccs,tanimoto,ucb_alternate,3,0.20621366366363117,0.08125928876616757,-1.1172911248917046,0.3333333333333333,0.027777777777777776,1.0
traak_b_Kd1,maccs,tanimoto,ucb_balanced,3,0.21029024159204282,0.06919750639032514,-1.8279636221557414,1.0,0.4444444444444444,1.0
traak_b_Kd1,maccs,tanimoto,ucb_exploit_heavy,3,0.20506743444533745,0.08567264547548777,-1.0783320851728293,0.5,0.23611111111111113,1.0
traak_b_Kd1,maccs,tanimoto,ucb_explore_heavy,3,0.18042768156855757,0.07407317656451069,-0.8482213130728966,0.6666666666666666,0.08333333333333333,1.0
traak_b_Kd1,maccs,tanimoto,ucb_gradual,3,0.20736847483648588,0.0704058221316338,-1.6931621242937418,1.0,0.38888888888888884,1.0
traak_b_Kd1,maccs,tanimoto,ucb_sandwich,3,0.17701298888071762,0.0784926423130773,-0.5596920064558688,0.6666666666666666,0.3055555555555556,1.0
traak_b_Kd1,maccs,tanimoto,uncertainty,3,0.1987714715613841,0.08491365867789342,-0.858631846443307,0.16666666666666666,0.041666666666666664,1.0
traak_b_Kd1,molformer,linear,ei,3,0.18933824052412362,0.09658372748361382,-0.8319469284961784,1.0,0.5277777777777778,1.0
traak_b_Kd1,molformer,linear,greedy,3,0.19915066717186414,0.06706833299029673,-1.3604332887043527,0.6666666666666666,0.36111111111111116,1.0
traak_b_Kd1,molformer,linear,pi,3,0.18879908835567202,0.09691469131185176,-0.8210524473030985,1.0,0.5277777777777778,1.0
traak_b_Kd1,molformer,linear,random,3,0.22479095885089925,0.08359704056599428,-1.6731552713050952,0.5,0.20833333333333334,1.0
traak_b_Kd1,molformer,linear,thompson,3,0.20394868185200987,0.0645202094636742,-1.5267144672006276,0.8333333333333334,0.40277777777777773,1.0
traak_b_Kd1,molformer,linear,thompson_diverse,3,0.20394868185200987,0.0645202094636742,-1.5267144672006276,0.8333333333333334,0.40277777777777773,1.0
traak_b_Kd1,molformer,linear,ucb_alternate,3,0.19028379257634764,0.09276124911146681,-0.8159895271116712,1.0,0.4444444444444444,1.0
traak_b_Kd1,molformer,linear,ucb_balanced,3,0.21310104899280644,0.07142643476181049,-1.8009738776201205,0.8333333333333334,0.34722222222222215,1.0
traak_b_Kd1,molformer,linear,ucb_exploit_heavy,3,0.18723053056596117,0.09725688086195412,-0.6191275360904516,0.8333333333333334,0.40277777777777785,1.0
traak_b_Kd1,molformer,linear,ucb_explore_heavy,3,0.18657112851527793,0.0946966466347142,-0.7255628500362935,1.0,0.5,1.0
traak_b_Kd1,molformer,linear,ucb_gradual,3,0.1829117898162238,0.1018975077165936,-0.4785570068587619,0.8333333333333334,0.5694444444444444,1.0
traak_b_Kd1,molformer,linear,ucb_sandwich,3,0.19028348401698172,0.09276142705345673,-0.8159725555816063,1.0,0.611111111111111,1.0
traak_b_Kd1,molformer,linear,uncertainty,3,0.20116751662731835,0.08842458451561061,-1.2728133886062896,0.8333333333333334,0.4583333333333333,1.0
traak_b_Kd1,molformer,matern32,ei,3,0.22152098080180185,0.06189694414629274,-1.6772476636636637,0.5,0.23611111111111113,1.0
traak_b_Kd1,molformer,matern32,greedy,3,0.22151805390674628,0.0618956682136489,-1.6771849501716805,0.5,0.23611111111111113,1.0
traak_b_Kd1,molformer,matern32,pi,3,0.22152098080180185,0.06189694414629274,-1.6772476636636637,0.5,0.23611111111111113,1.0
traak_b_Kd1,molformer,matern32,random,3,0.22473897551067423,0.08368751175449686,-1.6727025548594099,0.5,0.20833333333333334,1.0
traak_b_Kd1,molformer,matern32,thompson,3,0.21316643462040777,0.07072497216660904,-1.7775219178186796,0.8333333333333334,0.40277777777777773,1.0
traak_b_Kd1,molformer,matern32,thompson_diverse,3,0.21316643462040777,0.07072497216660904,-1.7775219178186796,0.8333333333333334,0.40277777777777773,1.0
traak_b_Kd1,molformer,matern32,ucb_alternate,3,0.201936320711945,0.09135562897833006,-0.9577832986588714,0.3333333333333333,0.16666666666666666,1.0
traak_b_Kd1,molformer,matern32,ucb_balanced,3,0.22152098080180185,0.06189694414629274,-1.6772476636636637,0.5,0.23611111111111113,1.0
traak_b_Kd1,molformer,matern32,ucb_exploit_heavy,3,0.20288936038296643,0.07300773287083069,-1.2795931766019264,0.5,0.20833333333333334,1.0
traak_b_Kd1,molformer,matern32,ucb_explore_heavy,3,0.20610418404962674,0.07068806779942712,-0.9480272738187092,0.5,0.041666666666666664,1.0
traak_b_Kd1,molformer,matern32,ucb_gradual,3,0.22061292284797052,0.07092552601824823,-1.604792177928367,0.5,0.1527777777777778,1.0
traak_b_Kd1,molformer,matern32,ucb_sandwich,3,0.2014462118682843,0.08765500710696142,-0.9249280723237737,0.3333333333333333,0.11111111111111112,1.0
traak_b_Kd1,molformer,matern32,uncertainty,3,0.18096671859381294,0.08830041696502858,-0.5261309224780576,0.5,0.09722222222222222,1.0
traak_b_Kd1,molformer,rbf,ei,3,0.19846732735154257,0.06815039217409939,-1.3452096786850485,0.5,0.34722222222222227,1.0
traak_b_Kd1,molformer,rbf,greedy,3,0.19846732735154257,0.06815039217409939,-1.3452096786850485,0.5,0.34722222222222227,1.0
traak_b_Kd1,molformer,rbf,pi,3,0.19846732735154257,0.06815039217409939,-1.3452096786850485,0.5,0.34722222222222227,1.0
traak_b_Kd1,molformer,rbf,random,3,0.22479314340562748,0.08359719018918833,-1.6730965895678551,0.5,0.20833333333333334,1.0
traak_b_Kd1,molformer,rbf,thompson,3,0.2131663377953046,0.07072497985832883,-1.7775224616602572,0.8333333333333334,0.40277777777777773,1.0
traak_b_Kd1,molformer,rbf,thompson_diverse,3,0.2131663377953046,0.07072497985832883,-1.7775224616602572,0.8333333333333334,0.40277777777777773,1.0
traak_b_Kd1,molformer,rbf,ucb_alternate,3,0.19585578377584867,0.09043122309137556,-1.1212956201584292,0.6666666666666666,0.4166666666666667,1.0
traak_b_Kd1,molformer,rbf,ucb_balanced,3,0.19846732735154257,0.06815039217409939,-1.3452096786850485,0.5,0.34722222222222227,1.0
traak_b_Kd1,molformer,rbf,ucb_exploit_heavy,3,0.19326536962886356,0.09339613522578395,-0.9685655318773537,0.6666666666666666,0.3888888888888889,1.0
traak_b_Kd1,molformer,rbf,ucb_explore_heavy,3,0.20561798620508842,0.08053304711287354,-1.4608901920347546,0.6666666666666666,0.4166666666666667,1.0
traak_b_Kd1,molformer,rbf,ucb_gradual,3,0.19846732735154257,0.06815039217409939,-1.3452096786850485,0.5,0.2916666666666667,1.0
traak_b_Kd1,molformer,rbf,ucb_sandwich,3,0.19326536962886356,0.09339613522578395,-0.9685655318773537,0.6666666666666666,0.3333333333333333,1.0
traak_b_Kd1,molformer,rbf,uncertainty,3,0.1830176222933372,0.09502448684899487,-0.5768098915369299,0.8333333333333334,0.4583333333333333,1.0
traak_b_Kd1,molformer,rq,ei,3,0.19421508460939454,0.0648393354821777,-1.251321081978853,0.5,0.2638888888888889,1.0
traak_b_Kd1,molformer,rq,greedy,3,0.19421508460939454,0.0648393354821777,-1.251321081978853,0.5,0.2638888888888889,1.0
traak_b_Kd1,molformer,rq,pi,3,0.19421508460939454,0.0648393354821777,-1.251321081978853,0.5,0.2638888888888889,1.0
traak_b_Kd1,molformer,rq,random,3,0.22479016368644,0.08360271483416377,-1.6731063324724513,0.5,0.20833333333333334,1.0
traak_b_Kd1,molformer,rq,thompson,3,0.25055589247946647,0.0629908648377529,-2.2795591657677754,0.8333333333333334,0.40277777777777773,1.0
traak_b_Kd1,molformer,rq,thompson_diverse,3,0.25055589247946647,0.0629908648377529,-2.2795591657677754,0.8333333333333334,0.40277777777777773,1.0
traak_b_Kd1,molformer,rq,ucb_alternate,3,0.199949953227182,0.07828928044264079,-1.131523561553222,0.3333333333333333,0.16666666666666666,1.0
traak_b_Kd1,molformer,rq,ucb_balanced,3,0.19421508460939454,0.0648393354821777,-1.251321081978853,0.5,0.2638888888888889,1.0
traak_b_Kd1,molformer,rq,ucb_exploit_heavy,3,0.18554117805667025,0.08450287474540023,-0.6885277078213706,0.5,0.2638888888888889,1.0
traak_b_Kd1,molformer,rq,ucb_explore_heavy,3,0.21401591383823101,0.0795794741338088,-1.2966681382520981,0.3333333333333333,0.027777777777777776,1.0
traak_b_Kd1,molformer,rq,ucb_gradual,3,0.18993495112673356,0.06923393268674743,-1.099027594289817,0.5,0.20833333333333334,1.0
traak_b_Kd1,molformer,rq,ucb_sandwich,3,0.1983982521517623,0.07595363734896811,-1.11035945625524,0.3333333333333333,0.16666666666666666,1.0
traak_b_Kd1,molformer,rq,uncertainty,3,0.180424947847148,0.08844533218486544,-0.505699722366396,0.5,0.09722222222222222,1.0
traak_b_Kd1,molformer,tanimoto,ei,3,0.19116566853392422,0.09301831045966831,-0.7880398756081778,0.6666666666666666,0.2777777777777778,1.0
traak_b_Kd1,molformer,tanimoto,greedy,3,0.20987331740430756,0.06325904058310004,-1.5370064553116052,0.6666666666666666,0.36111111111111116,1.0
traak_b_Kd1,molformer,tanimoto,pi,3,0.19116566853392422,0.09301831045966831,-0.7880398756081778,0.6666666666666666,0.2777777777777778,1.0
traak_b_Kd1,molformer,tanimoto,random,3,0.2247894076187306,0.08359631033518956,-1.6732033434478124,0.5,0.20833333333333334,1.0
traak_b_Kd1,molformer,tanimoto,thompson,3,0.2039517714581209,0.06451454291597486,-1.526723865060891,0.8333333333333334,0.40277777777777773,1.0
traak_b_Kd1,molformer,tanimoto,thompson_diverse,3,0.2039517714581209,0.06451454291597486,-1.526723865060891,0.8333333333333334,0.40277777777777773,1.0
traak_b_Kd1,molformer,tanimoto,ucb_alternate,3,0.18106071928454123,0.07811361942451481,-0.5705264616202771,0.3333333333333333,0.16666666666666666,1.0
traak_b_Kd1,molformer,tanimoto,ucb_balanced,3,0.20987331740430756,0.06325904058310004,-1.5370064553116052,0.6666666666666666,0.36111111111111116,1.0
traak_b_Kd1,molformer,tanimoto,ucb_exploit_heavy,3,0.19002018427261272,0.0785902762397383,-0.7841662188116061,0.5,0.3194444444444445,1.0
traak_b_Kd1,molformer,tanimoto,ucb_explore_heavy,3,0.18939751287344256,0.07770414970485165,-0.7774505735415751,0.5,0.09722222222222221,1.0
traak_b_Kd1,molformer,tanimoto,ucb_gradual,3,0.20210873886396463,0.08268569298362595,-1.1187874758133673,0.6666666666666666,0.22222222222222224,1.0
traak_b_Kd1,molformer,tanimoto,ucb_sandwich,3,0.18042821465281958,0.07914698978097869,-0.5536917951419765,0.3333333333333333,0.16666666666666666,1.0
traak_b_Kd1,molformer,tanimoto,uncertainty,3,0.18419456019995786,0.0958918046420296,-0.6953721570391501,0.0,0.0,1.0
