round,phase,row_index,selected,predicted_mean_pK,latent_sd_pK,observation_sd_pK,acquisition_score,acquisition_rank
1,T,666,False,7.40027710352345,1.1973092709625244,1.2065427736322238,7.751012368514018,111
1,T,417,False,6.136931976729406,1.6646482941899927,1.6713018631058185,6.701583403433599,243
1,T,321,False,6.258434772008929,1.6976334669505009,1.7041582562607573,4.942427574928009,536
1,T,754,False,6.698846513792549,1.007939804586701,1.0188908793102456,6.530815022371216,291
1,T,851,False,6.520300741402162,1.5856440201812139,1.5926276818540388,6.664182897367007,255
1,T,371,False,5.998957652601016,1.6919267857894986,1.698473497804223,4.986996635189178,522
1,T,390,False,5.430850045311793,0.9470461775734639,0.9586930878690202,4.265488415535566,597
1,T,498,False,6.282778748293922,0.5039325082075397,0.5254940029150382,6.614968702804358,265
1,T,142,False,6.694448776860132,1.6929636139830797,1.6995063320099686,8.958477203066533,51
1,T,839,False,6.938597883215094,1.6419402017167437,1.6486854158040427,7.563853198261382,136
1,T,150,False,7.238757434393864,1.6626797837125487,1.66934119862829,6.442534179199986,307
1,T,230,False,8.684345710707108,0.15247795763524064,0.21317950613495282,8.495976302495825,74
1,T,493,False,6.600388832667538,1.3725001296314896,1.3805624144202189,6.376647829429148,318
1,T,650,False,5.912028539953406,1.5344888512355834,1.5417042546602862,8.085473070892201,90
1,T,56,False,5.483591138451191,1.5369134969755278,1.54411757047735,7.538475275623522,141
1,T,204,False,7.072789305206964,1.4599894230556567,1.4675711532003202,3.8261557797703345,614
1,T,217,False,6.825275315497281,0.9947932457394303,1.0058874569454173,5.992855183638607,370
1,T,48,False,5.451983508452322,1.517480557078636,1.5247764476745487,7.019286678426659,209
1,T,593,False,7.429376105687455,0.5211943091017116,0.5420696284716001,6.437417183194632,309
1,T,843,False,6.209618876350067,1.6417341036538093,1.6484801610487476,7.92224223731401,97
1,T,845,False,6.061477772092699,1.6629917305719368,1.6696519009128739,4.6734628307116655,558
1,T,859,False,6.107691803965961,1.6450392583273101,1.651771817082915,7.704992921059787,115
1,T,568,False,6.363080264503911,1.745857962960934,1.752203184880518,8.325073918748833,81
1,T,14,False,6.375294085445606,1.759121159055602,1.7654187113850506,7.14026512201721,197
1,T,176,False,5.35118730394014,0.9314573353685214,0.9432967411600414,5.779177960729213,403
1,T,173,False,4.2938651404524855,1.446143653629272,1.4537975929281035,2.4464836169272406,630
1,T,701,False,5.962651858989479,1.6596411402240685,1.6663147027484257,6.173173043093674,342
1,T,298,False,7.282713449328634,1.606339204945526,1.6132332799742115,5.438819308414676,449
1,T,812,False,6.303807680109419,1.5912902217575184,1.5982492121482246,6.350792209902181,325
1,T,159,False,6.506737513845028,1.739538847329418,1.7459070352225194,6.205766304284853,339
1,T,766,False,6.385392073602186,1.7452715075745022,1.751618853924193,6.536937821993181,290
1,T,8,False,6.46850203561502,1.7551055750152316,1.761417484221408,6.515873134559865,293
1,T,565,False,6.029402971525617,1.2203880983575037,1.229448284753764,6.250495267071699,336
1,T,198,False,6.375143599897957,1.7588796312268147,1.7651780452452674,5.8930313253394155,388
1,T,60,False,8.09581289466136,1.4430121005272172,1.4506825622924195,5.803646651712681,400
1,T,692,False,7.078956363414052,1.620737062230367,1.6275701518393757,6.4840150536024925,298
1,T,328,False,7.0112235723894605,0.8210795105806207,0.8344863911212931,5.8306990153443845,396
1,T,861,False,6.921620377575034,1.6986058496495084,1.705126918072334,4.641239854731383,562
1,T,457,False,5.491719441636471,1.028143929170138,1.0388820497827163,4.416235141773116,586
1,T,237,False,6.686443763386694,1.6955714240273083,1.7021041179226735,5.360904618583649,466
1,T,662,False,5.838082372264642,0.26476874563806696,0.30380662095827266,5.544269446485878,433
1,T,638,False,5.968995670050205,1.1239438875560857,1.1337750379356635,6.583560163056086,274
1,T,310,False,4.010456754830857,0.1805767833884115,0.23410243264484337,4.194385829607906,602
1,T,20,False,6.841511002740065,1.6544274016189553,1.6611219104866974,5.558069523048389,431
1,T,346,False,7.508012183770269,1.6117968192909027,1.6186676499354644,6.599311892086831,268
1,T,271,False,7.014138984990038,1.6933632513348693,1.6999044312086276,7.215857507102793,186
1,T,415,False,6.564581808479595,0.6999921201656051,0.7156709736780352,7.077301783820513,205
1,T,399,False,7.583746177103922,1.5109674675792535,1.5182946559723478,5.113087369164221,491
1,T,743,False,6.519738881730184,1.5082434171858612,1.515583775235078,7.467996746835131,156
1,T,183,False,6.383852179140964,1.7497250355699583,1.7560562845112966,3.694833654307143,617
1,T,140,False,9.700942306532184,0.1956405112328958,0.24590889350895176,9.434654787501053,35
1,T,202,False,7.068697244527348,1.4640402533163763,1.4716011136180918,4.472960944143976,580
1,T,556,True,7.898766490287725,1.606755676829952,1.6136479725443853,12.241701158318467,1
1,T,708,True,9.648901923697277,0.19803310312428885,0.2478166342366133,9.549690351789655,26
1,T,124,False,6.02925992146486,1.6522187063309877,1.6589221283174718,5.570364278500884,429
1,T,821,False,6.120672335235445,1.6818608998435394,1.6884466413522958,6.573493440483382,283
1,T,59,False,6.6454937640157,0.8248700063954446,0.8382162619050939,6.698676607412597,244
1,T,488,False,6.212387788253661,1.640854009433229,1.6476036703480696,8.001717289289392,93
1,T,429,False,6.326238382787014,1.7549984070608682,1.761310700318803,5.314946144431881,471
1,T,588,False,7.165251865727826,1.639667225280665,1.646421751536016,5.266817498588152,478
1,T,445,False,6.3199388570662105,1.7579216620486484,1.7642234960943044,4.977047940439141,526
1,T,336,False,5.492139306340442,1.6269617652977673,1.6337688208593513,5.384887933446532,460
1,T,64,False,6.523530391688867,1.7275975517202824,1.734009594835404,5.4671386635504495,447
1,T,476,False,6.772993400580032,0.18206007804919686,0.2352484777646984,6.856070478929829,221
1,T,863,False,2.747891251914624,0.6539199617226409,0.6706767407705952,3.3804234436684792,621
1,T,748,False,6.596102492243231,1.4275549640963743,1.4353080330673023,5.461246882783742,448
1,T,40,False,7.648987934511625,1.5358818377533219,1.543090727666993,7.91929266530704,98
1,T,511,False,6.512712887282694,1.663982573077289,1.6706387933291396,6.5442711109720735,289
1,T,344,False,5.497648262114256,1.6265317665433952,1.633340614154349,5.379512270645293,464
1,T,857,False,6.482343968753881,1.57627650553405,1.5833014861895267,8.170027246629658,86
1,T,747,False,6.595938484214166,1.4278842381339807,1.4356355288800797,5.500787515670108,440
1,T,536,False,7.03465788873897,1.5917587833426856,1.5987157341503568,4.821947056698204,546
1,T,132,False,6.297160094250093,1.6250992994086313,1.6319141237239636,5.991635587946338,371
1,T,382,False,6.680745207686081,1.1191628230402704,1.129035605615162,7.151641312920006,195
1,T,138,False,6.5750334952433045,1.4778095624612544,1.485300332314395,6.589396302810918,271
1,T,121,False,6.835207517512025,1.7079839340082947,1.7144693327971134,6.353587372386197,324
1,T,46,False,6.732010990307391,0.8172141045851574,0.8306833734969351,5.951172003066818,380
1,T,798,False,6.973153232030461,1.614565635369338,1.6214247331242122,4.242940452457109,599
1,T,184,False,5.716183017571484,1.6753010083071753,1.6819124360995628,7.40430346961376,170
1,T,53,False,6.732542583400808,0.8051571473485765,0.8188247713630954,6.256821957657682,334
1,T,862,False,7.290576552610606,1.3665713868633997,1.3746684435401446,5.4952787411310915,441
1,T,400,False,6.06145382745941,1.6698463324935335,1.6764792716921473,5.103534418871345,493
1,T,496,False,6.2895367419325785,0.5610472477200367,0.5804911613845265,6.184545017878255,341
1,T,435,False,6.492043379157478,1.7243282533304443,1.7307524084931816,5.601939208904451,424
1,T,368,False,7.20567423586306,1.4818201993108506,1.489290796774417,4.296839764990872,595
1,T,660,False,4.9998370932264935,0.38961498828351143,0.41712805391928376,5.161545370516815,487
1,T,632,False,7.241843621645847,1.6184768315234355,1.6253194235132573,4.453093579412702,583
1,T,168,False,7.151232440770358,1.4164517163462893,1.424265227761907,9.172610638374138,44
1,T,618,False,7.50684754677861,1.5424521404389102,1.5496304655678086,5.510550650807618,438
1,T,783,False,7.149498355276949,1.632710346892244,1.6394935349431297,5.053236032554187,506
1,T,172,False,6.3915392400438975,1.5434234582861526,1.5505972868089621,7.638599605001257,123
1,T,688,False,6.251272697985481,1.7374045404777556,1.7437805227562468,7.204527771988812,189
1,T,461,False,4.718864033454615,1.4467257455898905,1.454376621520008,4.295811328118727,596
1,T,624,False,6.6100142532585515,1.7000027330812635,1.7065184636431843,7.442359594229537,165
1,T,757,False,4.998363085006628,1.5607109397102488,1.567805667677782,8.124262021064354,88
1,T,608,False,6.129101520677736,0.19423635534451614,0.2447932515590438,6.382203660367004,317
1,T,144,False,6.580355351723558,1.6115330396818326,1.6184049901855515,4.49654812745806,579
1,T,334,False,6.494905165324594,1.7251153408912951,1.7315365758914298,3.569106694769035,618
1,T,538,False,7.246321532828572,1.425025264835287,1.4327920224827495,5.765854668382644,405
1,T,85,False,5.862463283139757,1.585029344543067,1.5920157026028208,5.313876457041509,472
1,T,393,False,6.579813910790907,1.5261872394749758,1.533441705513312,5.985238708085115,372
1,T,764,False,6.209276558157743,1.6420118827012542,1.64875680353515,7.92919790360914,96
1,T,673,False,5.732654374226192,1.6424501709593642,1.6491932992696072,7.2320687325852155,185
1,T,517,False,7.588110133313895,1.5099702990856485,1.517302302902138,5.21725117570527,483
1,T,226,False,6.5386085869557595,1.4927290357942318,1.5001453091532517,6.4788325587970865,299
1,T,110,False,9.55819262989239,0.4765910954925619,0.4993346038220548,9.213199635379386,41
1,T,807,False,7.330306389547638,0.7863926526922196,0.8003807709332066,6.872627539920925,218
1,T,577,False,6.866219360491781,1.5930040870091602,1.5999556229780925,5.095385581265143,495
1,T,468,False,6.346068108267194,0.556426169091596,0.5760260896185845,7.355998473387027,175
1,T,833,False,6.733332137695679,1.7004043098615977,1.706918507506209,4.977678869664294,525
1,T,822,False,5.997599878602408,1.6442670360696159,1.65100274384281,4.440683241570591,584
1,T,174,False,6.689531532645548,1.723490975886972,1.729918240332518,7.205752878135755,188
1,T,671,False,7.0970531295229895,0.8522335431579902,0.8651577811907779,7.7833000701129285,107
1,T,394,False,6.5789685342310875,1.523959302135067,1.5312243234860556,5.421305234643981,453
1,T,627,False,6.436539371561741,1.4739619493573601,1.481472174029832,8.506775145499741,72
1,T,444,False,6.944690487450093,1.6829384986638591,1.6895200397024868,7.370758431213216,174
1,T,522,False,6.574785685051925,1.476539898825307,1.4840370773988012,6.682537825214753,248
1,T,700,False,6.019583020803498,1.665706278242277,1.6723556379093132,7.53340884495314,142
1,T,758,False,2.6118133433376234,0.15161613500440113,0.21256393547589614,2.746957008870224,629
1,T,97,False,5.968007459959921,1.6235627175605412,1.6303839646303866,6.660624483545029,256
1,T,387,False,6.606677366196707,1.699374078387634,1.7058922101255838,7.483685366010534,154
1,T,668,False,7.562235194896913,1.4832404524582998,1.490703932402417,6.32419765082992,328
1,T,211,False,7.6274880075687435,1.525752152098653,1.5330086770481761,9.170753875229716,45
1,T,309,False,6.630559453988709,1.7246596825753653,1.7310826077840098,6.903065910038106,216
1,T,781,False,6.767813520291726,0.7807385320439809,0.7948261631888562,7.427551766345475,168
1,T,3,False,6.089384721485908,1.6124758539825217,1.6193438035043672,3.9837916777639695,611
1,T,426,False,6.805900249659123,0.5640929867105493,0.5834354051027039,6.666991835594317,254
1,T,584,False,5.857266191249998,1.636314215134613,1.643082525292912,3.3959868646101445,619
1,T,192,False,7.566244044877408,1.482815841171136,1.490281447612964,6.329751278343067,327
1,T,629,False,6.706812283536872,1.7205067374684535,1.72694510855026,9.138733657049306,49
1,T,80,False,5.922235703352235,1.590152851131934,1.5971167973051774,4.787336736795986,548
1,T,703,False,5.960509513898532,1.6578971236172972,1.664577678202443,5.982793127948265,374
1,T,434,False,7.828903284101155,1.6127151130858983,1.6195820480133107,9.44676919702736,34
1,T,542,False,6.442356406611115,1.740286472307636,1.746651934407163,2.2463835239806142,631
1,T,802,False,7.2106939171418745,1.4463422631328045,1.4539951569367247,4.030797483459015,607
1,T,513,False,6.358953465400776,1.4653178548288197,1.4728721566895961,5.24328754025388,480
1,T,208,False,6.483621822870043,1.5766317017074216,1.583655106738891,8.061249384550331,92
1,T,345,False,6.304358918756504,1.7571121838250214,1.763416910664538,6.577723752666778,280
1,T,256,False,6.045795486918443,1.6104292098146773,1.61730585051055,5.017379038367791,515
1,T,133,False,6.771653166927666,0.13959589291771432,0.20416411925414837,6.761701415984264,232
1,T,850,False,4.603679810762525,1.5052587513059457,1.5126135933061235,4.516532891127008,573
1,T,145,False,5.827113331018693,0.15534271579971903,0.215237853602382,5.983694077441118,373
1,T,697,True,9.638300836588762,0.253882444039513,0.2943675757667692,9.515605123965507,28
1,T,62,False,6.826381821533535,0.5583210094587763,0.577856663779518,6.674691734938341,249
1,T,595,False,6.638246233864464,0.16154179955326334,0.21975378784957236,6.501236175411775,296
1,T,50,False,6.099268619975754,1.723297533487447,1.72972551672086,5.020123851981188,514
1,T,90,False,5.776676666837924,1.5933487623878944,1.6002988011225785,8.78866031713421,60
1,T,448,False,7.097319615566517,1.6955128562339865,1.7020457749208917,6.527733377558684,292
1,T,471,False,6.2922849735179005,0.5239460159126919,0.5447158909579478,6.548199709970451,288
1,T,72,False,6.325324865953752,1.7589839519892994,1.7652819937979376,4.849094589452863,544
1,T,108,False,9.55220365544492,0.4780386579083712,0.5007164194693089,9.150028983093707,47
1,T,338,False,6.697297510395666,1.015629455493404,1.0264984973867017,6.581815832295487,277
1,T,68,False,6.780886447209329,1.5345447535870145,1.5417598953899272,6.3936773282505674,315
1,T,469,False,6.333383335863222,0.5321877233873259,0.5526479414559626,7.1986676763890305,191
1,T,408,True,9.654925435515498,0.20278803141605792,0.2516325892187422,9.698843121523602,12
1,T,742,False,6.519721364287601,1.5081421024333084,1.5154829512083887,7.4915442026951276,150
1,T,860,False,6.921426000252595,1.698578636505983,1.70509980900411,4.656053343531864,561
1,T,712,False,6.37294539776893,1.7592302516484128,1.7655274148498137,5.405958368763231,457
1,T,856,False,8.38130352170663,0.7921792244232366,0.8060669313891551,7.538912555225155,140
1,T,197,False,6.900201398496968,1.706898536589835,1.7133880437553684,4.165329090959407,604
1,T,734,False,7.288689493841203,1.6629834143879303,1.6696436179019363,6.4661650461167595,303
1,T,155,False,5.070279939246454,1.58806086685224,1.5950339466916734,8.446119970119923,77
1,T,420,False,4.983326234687002,1.4983764703554405,1.5057649289268749,4.395476346608844,589
1,T,774,False,6.652962294157597,0.21102862973059158,0.25831967953932444,6.786042284067266,227
1,T,130,False,6.346380372885147,1.7514120408581144,1.75773721333256,7.907130510392868,100
1,T,220,False,6.822116953345681,0.9944928647841887,1.0055903899590484,6.1375888646002466,346
1,T,636,False,6.770359910845202,0.7843396086414343,0.7983636990464473,7.342354039742767,178
1,T,33,True,9.648521868978605,0.20498861479953842,0.2534093653927607,9.665569553997727,13
1,T,194,False,6.57723428730628,1.4862041913969584,1.4936528622130427,5.216062980051741,484
1,T,800,False,7.186787381465098,1.483031619294584,1.4904961449459855,4.374156538467357,590
1,T,463,False,6.418576546515323,1.7276182610224446,1.7340302275593535,5.967781333246748,378
1,T,805,False,7.01258191014577,1.6000129212344756,1.606934137539124,7.551508027132361,138
1,T,810,False,6.982811370789544,1.5993071985562206,1.6062314558073736,7.20247410261048,190
1,T,737,False,7.512591369895756,1.4800282337455792,1.487507830888761,5.636774660309294,420
1,T,762,False,6.211037839564486,1.6429073931907354,1.6496486525536598,7.998400562406279,94
1,T,58,False,5.907718376296917,1.534602027023916,1.5418169008080176,8.112573942703701,89
1,T,647,False,6.596131809163759,1.4277486141918512,1.4355006372684338,5.475122401812666,446
1,T,727,False,6.730724195331022,0.8240456944760769,0.8374050876701717,5.979620461692539,376
1,T,730,False,9.515660662920817,0.5233817849788652,0.5441731958843538,9.152467457097748,46
1,T,43,False,7.532861695159637,1.4762310196797954,1.4837297589979708,5.4911887178146435,443
1,T,261,False,5.492168806866159,1.626816536706758,1.6336241974131929,5.356345815117453,467
1,T,398,False,6.463180343410729,1.4722966115918676,1.4798152880600413,8.588981541416231,69
1,T,644,False,6.352796437510904,1.6799027383972647,1.6864961265137721,7.855564389878028,104
1,T,659,False,6.837503125925317,1.701604754088693,1.7081143736320963,5.379709115433952,463
1,T,252,False,6.656891489203036,0.20552517002488505,0.2538435931535126,6.9850113858985114,212
1,T,777,False,5.148296253593567,1.6218527784206882,1.6286811870781324,5.144389659348566,489
1,T,656,False,4.977229978229996,1.5002954972234928,1.5076745515065297,4.457932374301914,582
1,T,763,False,6.212390783527427,1.6417053632586314,1.6484515382696219,7.966933689193624,95
1,T,554,False,9.366754136142005,0.8293773390482629,0.842652208682862,7.848803024245365,105
1,T,213,False,6.834817145133417,1.6328624208777152,1.6396449798007984,5.070110117532187,500
1,T,710,False,9.626491162933782,0.2612026342150017,0.3007038250375012,9.40915997582795,37
1,T,125,False,7.192695483673358,1.6429495119808293,1.6496905992304656,7.450680866097455,160
1,T,478,False,6.596673518696539,1.6370834971038495,1.6438486398574224,8.709553589570428,64
1,T,235,False,6.341910399020568,1.6226856740237057,1.6295105924642208,6.1412546605166645,345
1,T,280,False,7.0227024861433005,1.6557584037283444,1.6624475527932794,5.1521116686812025,488
1,T,153,False,6.359915982198841,1.6704724171378393,1.677102880174518,7.572705719483576,134
1,T,797,False,6.869848559373664,1.702688777926833,1.7091942688732897,6.599446710333424,267
1,T,824,False,7.43752689718183,1.0898029970585938,1.0999393377224136,6.295846896706612,331
1,T,467,False,6.319428465550319,0.5514326137061132,0.5712039055627014,7.00188923283317,210
1,T,474,False,7.2468861114567975,1.5310859002545307,1.5383172651405674,5.100263221962527,494
1,T,374,False,7.407715184097488,1.3056749655773412,1.3141472862684453,4.345547152533217,592
1,T,501,False,6.3124678358497315,0.557064345440462,0.5766425749390506,7.15868483418847,194
1,T,26,False,6.574602151337319,1.4770292450283056,1.4845239522958915,6.634867152274954,261
1,T,343,False,5.928525310359977,1.6566639758658064,1.6633494831823015,5.569056533934919,430
1,T,178,False,7.293908160354723,1.6800726802555108,1.6866654040479587,6.356004461046181,323
1,T,684,False,7.437463303799365,1.1032565221212405,1.1132703750097652,5.571158295600179,428
1,T,273,False,6.738011546742591,0.7691039384493606,0.7834008184892622,4.988815125763955,521
1,T,582,False,7.190772157262957,1.6396189435882877,1.6463736679274545,4.950974195984223,532
1,T,848,False,5.338681725714679,0.8805179051262385,0.893032897221165,5.084075159736094,497
1,T,677,False,6.1910786754466045,1.660944494332263,1.6676128410167586,6.265154562279374,333
1,T,229,False,8.683734600161298,0.156143706056125,0.2158166611090759,8.477860064101085,75
1,T,353,False,7.42670124553497,0.9147411297649074,0.9267941026759434,7.694630388496462,117
1,T,750,False,6.520162912796981,1.5075505944734036,1.5148943095702885,7.465956203359324,157
1,T,834,False,6.521630171658691,1.7093347579171747,1.7158150509000363,5.771783859335449,404
1,T,852,False,6.944677554597407,1.6434072140267892,1.6501464314983145,7.5688721147034155,135
1,T,84,False,6.131184067381527,1.579171252760476,1.5861834130441597,7.254823537458706,183
1,T,572,False,6.58890915900954,0.21955217461449708,0.26532834686343404,6.637689011106295,260
1,T,79,False,5.868684547231038,1.6273299488941053,1.6341354707731608,5.142456629242932,490
1,T,373,False,6.38911075033204,1.7455290704317106,1.7518754835870955,6.428295950552476,311
1,T,630,False,6.247682551419459,1.6315541644024327,1.6383421393745106,4.70255294635081,554
1,T,47,False,6.732256803211737,0.8213998297538099,0.8348015659969236,5.926196878203409,387
1,T,163,False,6.516292777659748,1.5394106721407688,1.5466031138505514,7.444140121631702,163
1,T,569,False,4.980779479382012,1.4986585511062587,1.5060456258278625,4.435126207518887,585
1,T,855,False,7.2056277220588765,0.21562455059365374,0.2620876210164137,7.276568489143877,180
1,T,610,False,6.477655177786914,1.637087653441422,1.6438527790899249,5.79199328987379,402
1,T,631,False,5.743550932063304,1.5182951002351774,1.5255870954060524,8.869120410569714,56
1,T,282,False,6.700414959723801,1.0046504120799518,1.0156369551979414,6.579928921042261,278
1,T,790,False,6.1894758375223144,1.6644003437538717,1.671054899923798,6.358798835433566,322
1,T,258,False,5.742153804001501,0.514496804925965,0.5356332108358803,5.389182815397124,459
1,T,438,False,6.234017173456885,1.693496484277091,1.7000371515146944,4.703937154148841,553
1,T,160,False,5.705601418080724,0.9254497120449341,0.9373650003042462,5.046731007828365,509
1,T,74,False,7.142278003523048,1.6357930709732276,1.6425635285477853,4.74280625188829,551
1,T,612,False,5.797358029258139,1.3118873535218214,1.3203198107283767,4.358527115286162,591
1,T,527,True,9.661035307809096,0.17625840819381774,0.230787782887974,9.74974515713466,9
1,T,837,False,7.225120458001378,1.6245086341169679,1.6313259259240331,4.191009227465715,603
1,T,200,False,7.368231121742169,0.8080604794223791,0.8216798115298034,6.104352178012914,351
1,T,646,False,7.476566825972444,1.5467884392119424,1.5539467333055677,7.187808725948801,193
1,T,741,False,6.248294704725178,1.6314691069038258,1.638257434304174,4.6820686072401685,557
1,T,643,False,6.066313116510891,1.6693725261859669,1.6760073405137117,4.801183262136528,547
1,T,129,False,6.707248361992677,1.707673521570585,1.7141600947824596,4.865652802085061,542
1,T,846,False,6.048859421024155,1.6618340574886918,1.66849884893597,4.400823518290123,588
1,T,293,False,6.385473508424689,1.7454782766484005,1.7518248738166717,6.58306347298395,276
1,T,295,False,6.826717630447409,0.5044680522141968,0.5260075949794961,6.752639477487831,234
1,T,234,False,6.342777459882541,1.6210943030586284,1.6279258931783314,6.04581495427465,363
1,T,203,False,7.033458050457197,1.6876178131053643,1.6941811760794239,6.510342379324973,294
1,T,423,False,6.02666791113401,1.2356636795739286,1.2446126719945882,6.052555376977654,361
1,T,118,False,6.48745428736136,1.0577604917295453,1.0682009324725652,6.361682808616237,320
1,T,337,False,5.931633906573858,1.65680227237011,1.6634872238770237,5.611586586931547,422
1,T,635,True,6.6297130036584795,1.6278118688149983,1.6346153842804445,9.767384498355483,7
1,T,306,False,7.5264380180007,1.6123817876151383,1.619250136113725,7.508455880588908,145
1,T,818,False,6.647875508551783,1.6721591241317684,1.6787829254220006,6.118940120258695,349
1,T,166,False,6.509454758894057,1.5391351033819118,1.5463288268456281,7.256159743585997,182
1,T,215,False,6.609562741305097,1.7065636616684126,1.7130544374299457,7.573418490629162,133
1,T,381,False,6.403540183697077,1.7411221842967366,1.7474846021987054,5.490474815171284,444
1,T,530,True,9.647981403888632,0.21177631384831483,0.2589308428490281,9.591276840470535,22
1,T,54,False,6.102492102020144,1.5279070402594366,1.5351533792900565,6.1625713048328326,343
1,T,773,False,6.350433719630523,1.4754096547450342,1.4829125475179543,3.8758072167313418,612
1,T,785,False,6.718774467821384,0.7341495726048134,0.7491138559839609,7.052143595804798,207
1,T,819,False,6.649561924870299,1.6724308373800632,1.679053566772397,6.1242717941091485,348
1,T,729,False,6.477599324631865,1.7548524324007908,1.761165248854945,7.609253783370618,127
1,T,551,False,6.7319602621260755,0.8060170521132588,0.8196703377387008,6.1462341515227,344
1,T,653,False,5.85044468303654,1.5559570468366526,1.5630733526843728,5.421699139852279,452
1,T,365,False,7.157756359459641,1.5036822432103905,1.5110447587075506,5.434066211174114,450
1,T,446,False,6.192111407110877,1.6972649233278116,1.7037911240026724,4.9678040852403615,530
1,T,377,False,9.626873070084878,0.2508992541084079,0.29179857776124196,9.477860241693172,32
1,T,284,False,6.147423062126459,1.5987448989338415,1.6056715810334028,7.819329854060441,106
1,T,269,False,5.1591803985426505,0.1641038206617602,0.22164394471114096,5.282669157547499,476
1,T,82,False,5.987018860794495,1.6250330350854,1.6318481361297672,6.7492205215107886,235
1,T,357,False,7.290528483709917,1.3820462545001635,1.390053173029456,5.664503124776491,418
1,T,753,False,6.695964730034818,1.021833545841608,1.032637288537733,6.583253550779452,275
1,T,99,False,5.873977638854744,1.598185360553059,1.605114457276315,4.222628751086528,601
1,T,139,False,6.262165502651397,1.7485444857803836,1.7548799939096444,5.420528372556055,455
1,T,201,False,6.774621600214409,0.24947750072987052,0.29057700810929743,7.0642299894138665,206
1,T,126,False,6.879690619193765,1.665889786327243,1.672538416437947,6.437678348825783,308
1,T,694,False,6.697506579131004,1.0104519112363173,1.0213760518009292,6.6576560281767305,257
1,T,768,False,6.7123168304967855,1.7212169936597141,1.7276527178615246,9.243181287161052,40
1,T,714,True,9.645115404609259,0.19574263213851126,0.24599014676982633,9.524317218859531,27
1,T,320,False,6.279033997951674,1.7054944624745791,1.7119892919649882,6.765237217888816,230
1,T,246,False,6.711764948767569,0.9658976445112727,0.977319924049312,6.239401434360811,337
1,T,23,False,6.337572683704811,1.4765000746624704,1.483997454428278,5.611348191250791,423
1,T,191,False,6.470250384614778,1.6433224408118388,1.6500620045159233,7.68015584895168,119
1,T,505,False,6.762088520638392,0.21028496993442425,0.2577125197805684,6.756276731027291,233
1,T,264,False,7.956249868393018,1.5720187077993693,1.579062630785279,5.760973114464662,406
1,T,709,True,7.365558552827967,1.531472268385432,1.538701817476326,10.21403351732683,5
1,T,465,False,7.1658073250980046,1.6410034575684362,1.6477525063015048,4.82864810006263,545
1,T,679,False,6.506953490850725,1.739571749548222,1.745939817432889,6.069874810226791,354
1,T,550,False,6.733687066300693,0.806982228223205,0.8206194556183865,6.296528854987277,330
1,T,544,False,7.23010175917248,1.43645653751132,1.4441618186444132,6.185621268811678,340
1,T,686,False,5.914937334368084,1.6630189605482806,1.6696790222717692,7.487212239525247,153
1,T,844,False,6.675652855936561,1.7333978085266537,1.7397884747509778,5.687403079814439,416
1,T,520,False,7.562703853770525,1.514425859387786,1.5217363956525987,4.958975108141691,531
1,T,436,False,6.418685318356664,1.7517260186430024,1.7580500614778272,6.4705466607308795,301
1,T,430,False,6.326285009272129,1.7549953653587058,1.7613076695176981,5.1902983997785,485
1,T,262,False,6.513476328644827,1.713612521297811,1.7200766981213276,7.103772949494516,199
1,T,242,False,6.449003989621645,1.6933988137478544,1.6999398567814006,6.052772950574681,360
1,T,707,True,9.644065543844391,0.23488838353930563,0.27815198541990693,9.628783284862747,18
1,T,563,False,7.2269165151254064,1.5800235953413353,1.5870319896292853,6.055701107019173,358
1,T,545,False,6.822902924919558,1.6706985612455594,1.677328130336849,6.861950649532908,220
1,T,486,False,6.647655046528342,1.743660850431046,1.7500140386857606,4.08419625948058,605
1,T,103,False,6.329039597514585,0.18250552978058374,0.23559338418516698,6.503682697209805,295
1,T,414,False,6.546990440831609,0.7004242969865626,0.7160936880607514,7.08790064330457,202
1,T,327,False,7.5870790296381925,1.6118587378293785,1.6187293056555951,7.390746379675373,173
1,T,104,False,5.918406805275602,1.6391540658404338,1.6459106980126694,5.0370769115305905,511
1,T,726,False,5.073090401336605,0.48235161948800526,0.5048356753380545,5.054710477994954,505
1,T,589,False,7.456318486566493,0.5067189603081911,0.5281667151640117,6.570675870683805,284
1,T,724,False,6.30638988229771,0.19897553077858648,0.24857038463974016,6.281933632627141,332
1,T,443,False,6.944475644395624,1.682916280859616,1.689497908449043,7.300488624618116,179
1,T,681,False,4.886020594627244,1.5485659711562891,1.5557160863391974,6.425451579630291,312
1,T,31,True,9.65806213693221,0.1613940158867641,0.2196451743958542,9.650687227666321,15
1,T,676,False,8.159616757771442,1.1166879213137315,1.1265823928498575,5.750870631655728,407
1,T,383,False,6.266466815207425,1.6806218216400932,1.6872123996830373,7.347169891221601,177
1,T,254,False,6.656286220765556,0.2228471113213989,0.2680612043836633,7.1496951838231855,196
1,T,17,False,6.0439682421711165,1.6102142336592697,1.6170917885359004,4.986124997682924,523
1,T,24,False,5.563201869624605,1.6351998336402567,1.641972737352375,6.008599390532041,365
1,T,355,False,7.125507175789764,1.5190291619334761,1.526317650122558,8.591466628269535,68
1,T,581,False,8.91898430045631,1.0913969239362689,1.1015185971416361,8.594771664714496,67
1,T,378,True,9.63133501441489,0.2199103071272751,0.26562476814510466,9.587913162382048,23
1,T,792,False,7.349595695293609,1.312990030530573,1.3214154511522873,4.6214395693455685,564
1,T,657,False,4.972251235855781,1.500050339255564,1.507430593616854,4.4011307352669675,587
1,T,460,False,5.143987067149905,1.46729249253024,1.4748366800791646,3.372687684082699,622
1,T,19,False,6.619265454197206,1.4667707183382725,1.4743175758451434,4.945121971362351,534
1,T,162,False,6.770614905055633,0.16899322653802293,0.22528800431239052,6.670648951900249,251
1,T,16,False,5.900360485391354,0.7130793294439723,0.728476564037302,6.841375991551125,222
1,T,776,False,6.655323364833429,0.22845730706461034,0.2727429475211812,6.912169971606807,215
1,T,308,False,7.159468725585285,1.6394078009695068,1.6461633916932432,5.339691519140837,470
1,T,836,False,7.225561175143728,1.685522801313287,1.692094290522345,8.35831257807788,79
1,T,495,False,6.300993335021563,0.5201542130259278,0.5410696624280005,6.769880905764111,229
1,T,325,False,6.696271290640632,1.7299719412707497,1.7363752163214652,6.232698146537314,338
1,T,73,False,7.494187356076483,1.0495887779393944,1.06010970047804,6.005008141535,367
1,T,75,False,5.2326818728385796,1.5687597995531688,1.5758182899577686,5.737942523864702,409
1,T,515,False,5.86081955011231,0.7421297025866399,0.7569362388818908,5.076156619618555,498
1,T,715,True,9.667166525872197,0.1605721951189985,0.21904201450101274,9.619688099959255,19
1,T,830,False,6.3759493115761705,1.7588802643382548,1.765178676097674,5.798982776133213,401
1,T,789,False,6.437054389272484,1.4722476477457878,1.4797665729987055,8.587743826851264,70
1,T,283,False,6.3249387737337335,0.1872309160510672,0.23927262734514773,6.421852373004067,313
1,T,456,False,4.924480796561419,0.8226134946018737,0.8359957749728374,5.928239594301936,385
1,T,596,False,6.8877479526656735,1.7095879088227905,1.7160672458456894,7.733243477213699,113
1,T,466,False,4.619449064561727,1.5063631785938387,1.5137126544013104,4.602368162087233,567
1,T,716,False,7.8032508158538025,1.552466132011168,1.5595983666678563,8.274830708513804,83
1,T,620,False,7.918143242232797,1.3763633842334912,1.384403170947682,5.0121708802293545,516
1,T,27,True,9.622524192856748,0.25042520067392404,0.29139106953354504,9.631426857921378,17
1,T,249,False,6.654597590535473,0.20483170293421862,0.2532824526062951,6.830213077863139,225
1,T,292,False,6.703029958387536,1.6678038170159324,1.6744448472028697,8.846560958257596,58
1,T,477,False,5.994602167893387,1.6422765761609996,1.649020414330406,3.7407849124950134,616
1,T,265,True,6.696042254277594,1.7312122917611557,1.7376109959988861,9.715722081998603,11
1,T,704,False,9.563082539221899,0.4437418465997729,0.4680841812058003,8.895059739947559,54
1,T,247,False,6.250669950694843,1.6575060479878574,1.6641881724695837,7.916461103275633,99
1,T,625,False,6.814263372585362,1.6448881763696597,1.6516213509857616,5.823116438912362,397
1,T,228,False,6.754859531786331,1.7103777990244313,1.7168541550367598,5.861813132005732,392
1,T,594,False,7.423347859621298,0.505193148501092,0.5267030392581521,6.466863293130131,302
1,T,755,False,9.214080235611222,0.8472712903841048,0.8602700818815415,8.291647659095645,82
1,T,294,False,6.106258238251787,1.63481975753503,1.6415942293691894,7.710311116975258,114
1,T,22,False,6.669206910513149,1.6495919906941987,1.6563060435903074,3.80762666047943,615
1,T,210,False,6.83752021427286,1.6123618935787338,1.6192303264625845,4.991580145415075,520
1,T,89,False,5.871270451323836,1.5978963977407559,1.6048267421077616,4.310230385109749,594
1,T,148,False,7.517900703813546,1.609990767518878,1.616869272936855,6.836189587566759,223
1,T,485,False,6.832109031146303,1.7239877011312457,1.730413120593786,6.987482522058116,211
1,T,196,False,6.579734319862178,1.4813529058931898,1.4888258481331944,5.3527063090135645,468
1,T,134,False,6.64870889057138,1.588820206134956,1.5957899679137137,6.578475437448009,279
1,T,524,False,5.2360526403601515,0.51659582248253,0.5376497168954243,4.7517562364329775,550
1,T,605,False,5.283063964636453,1.610677352659843,1.6175529384359106,5.690346442174325,415
1,T,67,False,6.7322097991313985,1.6935101534224213,1.7000507680702246,7.490275482372982,151
1,T,494,False,6.6010139212026155,1.3718671168938497,1.3799331000762218,6.393183923141043,316
1,T,497,False,6.296248228602806,0.5109166389085623,0.5321952519376234,6.780876860121415,228
1,T,784,False,7.143706092137173,1.6429009735066253,1.6496422591035746,4.70631492572678,552
1,T,519,False,7.396233517215528,1.6408629148485072,1.6476125392811465,6.598328608981473,269
1,T,826,False,5.025767455789335,0.17048803246127928,0.22641144733393312,5.222055349609544,481
1,T,537,False,6.923408630344176,1.7011374890398572,1.7076488898155142,4.506375269794365,577
1,T,358,False,7.161174170644475,1.652118978528166,1.6588228035219068,8.619822484120995,66
1,T,616,False,6.255755102395665,1.6980664088334787,1.7045895409393885,4.889036866431205,539
1,T,489,False,6.323190621623233,1.573530925331589,1.5805681090184678,7.211218243861604,187
1,T,233,False,7.983289054558283,0.19037924980024448,0.24174414786263604,8.070953724391131,91
1,T,109,False,9.5499942951825,0.4815826391359261,0.5041009944331113,9.206094525777445,42
1,T,803,False,7.007123899751261,1.595007309559956,1.6019501527266748,7.086998039216449,203
1,T,412,True,9.671839052321713,0.15847418634366947,0.21750871708650257,9.662965959539822,14
1,T,291,False,6.215141149522294,1.699820647996257,1.7063370738590142,5.368207409631616,465
1,T,181,False,5.493679616655736,1.540685669189336,1.5478721864277811,7.503673161245473,146
1,T,587,False,7.161763840944739,1.640587741336296,1.6473384932351507,4.969705838009057,528
1,T,721,False,4.456923953659853,0.8598839413453361,0.8726948876067269,5.0562970987234905,504
1,T,405,False,7.272354530537957,1.6600734196810387,1.666745251381514,6.762311026925364,231
1,T,391,False,5.702801547477081,0.8862289391861115,0.898664401721949,4.609854713446114,566
1,T,165,False,6.7704823048902405,0.1301720581820536,0.19784018551012356,6.6555974731253755,258
1,T,449,False,6.3322838692846855,1.627966029871189,1.6347689037554787,6.115509657476398,350
1,T,728,False,6.7309587344435915,0.8282242865355506,0.8415173456790122,5.947355328121359,382
1,T,209,False,6.374546869731924,1.757397187727499,1.76370089575978,5.975268484190529,377
1,T,401,False,7.489587143372477,1.627713244761607,1.6345171707399366,6.251464127181295,335
1,T,473,False,6.099375280393563,1.7233109484958555,1.7297388818769766,4.986055312307053,524
1,T,149,False,6.4755179486789745,1.754942438075452,1.7612549319248305,7.6057208921414166,128
1,T,828,False,6.6377623286541025,1.7380812566285566,1.7444547655112272,5.060478861993467,503
1,T,70,False,6.43844945419971,1.734713184189803,1.7410990223629594,8.851609518428067,57
1,T,255,False,6.044026225207885,1.609037350640808,1.6159199144847862,5.020565178171854,513
1,T,37,False,9.524116455075966,0.49169165300395334,0.5137671222500406,9.186502997733594,43
1,T,428,False,6.313460956090806,1.680709141002002,1.6872993779762429,3.865948379037923,613
1,T,566,False,6.3764692948148305,1.7589219719414866,1.7652202348856803,7.691058869139705,118
1,T,318,False,5.743509217685263,1.6789508964433428,1.68554800790106,4.227341255695333,600
1,T,658,False,6.835838912713498,1.7013573685821608,1.7078679310474045,5.3816217742712595,461
1,T,322,False,6.2444757192329385,1.6521402880911176,1.6588440269673121,7.235203293778529,184
1,T,814,False,7.265251544310916,1.6663534049184505,1.6730001925745979,6.867992692054165,219
1,T,820,False,6.9251763442220975,1.641998228508142,1.6487432052006172,7.654932382361555,122
1,T,158,False,6.432828338032593,1.7090609053866845,1.715542232821006,5.044771092077199,510
1,T,95,False,6.132636816908596,1.5791063467837911,1.586118794013922,7.1957498707197765,192
1,T,348,False,7.031446113122611,1.6044385855573988,1.6113407923517467,4.6830639978202235,556
1,T,487,False,6.687170389437501,1.120296176872221,1.1301590587991777,6.682739333376739,247
1,T,175,False,5.084686640380362,0.9977048144545142,1.0087670053372308,6.003088756424561,369
1,T,341,False,6.837326503320902,0.6113352430555445,0.6292271081836112,6.6322279608758565,262
1,T,690,False,5.455387084533582,0.17324809981378073,0.22849699858075573,5.483660786306936,445
1,T,186,False,6.17238391777092,1.7070818126140026,1.7135706256903556,4.686413389914403,555
1,T,795,False,7.2693935550522095,1.3771398623324234,1.3851751422460243,3.3616445379739113,623
1,T,263,False,6.488767442477744,1.6660630842492483,1.6727110255419033,4.262147902483257,598
1,T,411,False,9.661194478616602,0.23386522622774955,0.2772885109590454,9.494148200967809,31
1,T,257,False,5.933767671822744,1.1975977091440306,1.2068290049623263,6.055890529792802,357
1,T,696,False,7.45517173935209,1.629078664015461,1.6358769109629634,7.782882341348683,108
1,T,316,False,4.733426172081259,0.16532178663659156,0.22254722511872138,4.553951333580744,571
1,T,251,False,6.657085148587561,0.21891218943518184,0.26479901992762944,6.943807347159019,214
1,T,813,False,7.265043950219641,1.6665297956463698,1.673175882580328,6.831358126669282,224
1,T,600,False,5.933549923780343,0.9606504091686192,0.9721343440631873,6.09912912527265,352
1,T,506,False,6.720136118926599,0.205432988972013,0.2537689642751914,6.736069961676779,240
1,T,78,False,5.925784591342837,1.588737763347351,1.5957078852212492,4.575834041753411,570
1,T,240,False,4.7315569245296825,0.15037541064021284,0.2116807464001882,4.468279993678363,581
1,T,376,True,9.660401717065284,0.18198774381784258,0.23519250237037076,9.619195364472004,20
1,T,214,False,6.609541053627706,1.7065590753703748,1.7130498685094713,7.562818997776406,137
1,T,549,False,6.568842893178331,1.6315573183410086,1.6383452802457212,6.670727540351092,250
1,T,418,False,7.1583181860349345,1.6398222849399389,1.6465761751151904,5.008114683236523,517
1,T,761,False,6.399194390160547,1.425999442229265,1.433760922716721,5.431949830633455,451
1,T,270,False,7.232139563390669,1.6475157741325939,1.6542382537854237,8.422819665746589,78
1,T,13,False,6.9251967354157,1.5899038061508326,1.5968688384097902,4.924605481839027,538
1,T,492,False,6.601686071812152,1.3719995923784543,1.380064801289408,6.348929755523763,326
1,T,161,False,6.778075426919917,0.17494930770145126,0.22978954401048193,6.73362787477653,241
1,T,392,False,6.406985576704384,0.8364376195683593,0.8496021808473136,5.033182213053169,512
1,T,216,False,6.825141675869384,0.9938565896671288,1.0049611410876063,5.9501587922518135,381
1,T,207,False,6.846245537599302,1.6826942050014198,1.6892766978256368,5.5994264530454565,425
1,T,606,False,5.2552346474945395,1.5840737822176736,1.5910643361538634,6.131038975585143,347
1,T,112,False,6.488610393152719,1.7531365880188639,1.7594555608260618,7.57455462819573,131
1,T,507,False,6.745954298972296,0.1412562154911517,0.2053029290736273,6.810215031975503,226
1,T,18,False,6.619265454197206,1.4667707183382725,1.4743175758451434,4.945287964049964,533
1,T,665,False,7.350941708176892,1.2081300726199797,1.2172814985204063,7.602558161167707,129
1,T,523,False,5.739433466278877,1.5145068760124734,1.521817023087989,8.935195855899767,53
1,T,157,False,3.124549174200532,0.9698170025949036,0.9811936571306865,2.8158865704020157,628
1,T,205,False,4.801188468138524,1.3389415438255026,1.347204673408294,3.070256280854588,626
1,T,335,False,7.559084865517295,1.5416030981070203,1.5487853583904037,7.734905095286854,112
1,T,458,False,5.141421299876697,1.4678632851650801,1.4754045540823537,3.3850201664547224,620
1,T,223,False,6.772417477625293,1.45680213411392,1.464400366098766,6.297997662824738,329
1,T,801,False,7.214981855814987,1.4571915608312256,1.4647877727606384,5.244941173465617,479
1,T,578,False,9.706601413802245,0.16447846780859895,0.2219214740488006,9.459703375845855,33
1,T,521,False,7.584723037923746,1.5146103331169862,1.5219199832632713,5.051140523487428,507
1,T,362,False,4.884940727123837,1.5486936629584347,1.55584319131426,6.4314413173148814,310
1,T,772,False,6.518536461611912,1.5963687506881428,1.6033056983759988,5.957548039641115,379
1,T,510,False,6.257210674960746,1.7484045416937843,1.7547405550926267,5.390684861284184,458
1,T,571,False,6.687663274526275,1.7153124953035905,1.721770289793606,5.851893177584122,393
1,T,407,False,6.478678122078552,1.6357006214176555,1.642471460080032,5.9371829516790555,384
1,T,705,True,9.624587908224438,0.23217764328288526,0.27586669300900185,9.557837395420755,24
1,T,4,False,6.841086185242723,1.6825080233866143,1.6890912417722317,4.614806832307845,565
1,T,94,False,6.259961121014278,1.6032795100536956,1.6101866853347615,6.551040006496634,286
1,T,560,False,7.158798894101337,1.65268260338807,1.6593841513684817,8.575634412944831,71
1,T,481,False,5.713336573438795,1.6409105629476022,1.647659992190241,6.589965053575243,270
1,T,499,False,6.285514002260598,0.515859896086671,0.5369426474604893,6.609935100919836,266
1,T,323,False,6.100633356770046,1.7233190599328745,1.7297469631709879,5.06532600996751,501
1,T,93,False,5.9896883782833195,1.6253288513872535,1.6321427172349654,6.668412992307281,252
1,T,725,False,5.592375628611037,1.590620732920588,1.5975826395739772,5.380960408007025,462
1,T,733,False,6.391936540506292,1.7272105393152253,1.733624013848712,5.005124944083491,518
1,T,389,False,4.836409965796168,1.4015460788602545,1.409442224938604,4.018849278558129,608
1,T,397,False,6.593424763458014,1.6774064353768599,1.684009597275215,7.6621296231068925,120
1,T,564,False,6.756709971208501,1.7342547197222158,1.7406422398500243,6.667792049366441,253
1,T,32,True,9.666119461705499,0.15751000998736775,0.21680723585145592,9.641862992429921,16
1,T,386,False,9.3688202288402,0.1816248181771623,0.2349117895066474,9.39268201673091,38
1,T,364,False,5.538824579105113,1.6392702600880014,1.6460264153045392,6.471893050395802,300
1,T,667,False,6.689998419960384,1.1036275190118099,1.1136380358947386,6.740928378625591,238
1,T,453,False,6.695993564006905,1.0198535957546522,1.0306780928325885,6.639015640952155,259
1,T,440,False,6.394829655894824,1.71778969988704,1.7242382165203665,6.628115612250786,263
1,T,640,False,5.968995670050205,1.1239438875560857,1.1337750379356635,6.583593675777291,273
1,T,633,False,7.327649333841582,1.6115816276548547,1.6184533718541287,5.060496217476219,502
1,T,227,False,6.543458947558951,1.4946017711365254,1.5020087977624388,6.570490489742889,285
1,T,369,False,7.158611922639823,1.6339074381374605,1.6406856769875964,5.285033156559693,475
1,T,642,False,6.0699021523173755,1.6703734438641387,1.6770042982168742,4.594867494777789,568
1,T,416,False,5.357560086253873,1.1620057072574348,1.1715174936680117,4.777523622653716,549
1,T,452,True,6.474981668371414,1.6723086902816995,1.6789319014966095,10.914624848508112,4
1,T,81,False,5.866427399882648,1.628154023186566,1.6349561148513831,5.273994933543433,477
1,T,760,False,6.273652141421177,1.6797101953077567,1.6863043362608512,7.499568395649506,149
1,T,744,False,6.5199202791719015,1.507733180513969,1.5150760105995003,7.448560225838185,161
1,T,370,False,5.998227321167135,1.6912924846696213,1.697841642489449,4.9696215215483965,529
1,T,311,False,6.485784419268836,1.7529995114260073,1.7593189765733637,7.499997197944026,148
1,T,450,False,6.2265366494424805,1.7004770317953057,1.7069909519194006,5.110323651146322,492
1,T,52,False,6.486027934811189,1.5148865661363946,1.5221948897995436,7.086357870047587,204
1,T,788,False,6.443249708085497,1.4716265534051876,1.4791486358573163,8.650547618818996,65
1,T,342,False,6.344378475255363,1.4744399738412668,1.4819477759800996,5.865197409811102,391
1,T,540,False,6.92518536308857,1.7003312697245327,1.7068457461277424,4.519931816124998,572
1,T,267,False,6.087477752787294,1.5959255490053683,1.6028644148022673,8.171375021455148,85
1,T,106,False,6.027824475867813,1.595056921419705,1.6019995495755408,5.2213496923626606,482
1,T,122,False,7.149030273624621,1.6366225318856156,1.6433895722399516,5.086937301320285,496
1,T,396,False,6.479382288158652,1.6360012261677759,1.6427708258591016,5.81145232569415,399
1,T,858,False,6.174331143573061,1.6393697374599747,1.6461254843938582,8.14905979185539,87
1,T,533,False,6.692910891553735,1.103995236063038,1.1140024486154467,5.886673794672545,390
1,T,384,False,6.488148383689725,1.7529342910809063,1.7592539905080924,7.443817664270419,164
1,T,105,False,6.032928288256619,1.5963815324415513,1.6033184248276335,5.312730353026854,473
1,T,266,False,7.942012728823526,1.5734548155472634,1.580492338114994,5.71153512606854,413
1,T,347,False,6.9411505276001995,1.6827170325674798,1.6892994364422291,7.397567655643695,171
1,T,190,False,6.46762960822102,1.6427365993519485,1.6494785567329247,7.627157674863927,126
1,T,745,False,6.521171959060005,1.5063325830882137,1.513682207447963,7.447328447587268,162
1,T,739,False,6.603935765979369,1.4354994794093394,1.4432098702738325,4.507118089855588,576
1,T,39,False,9.535893174261677,0.5029242392185552,0.5245271820076541,9.14610579391042,48
1,T,339,False,6.8279850375461395,0.6074426275119625,0.6254458569612281,6.6827428922943435,246
1,T,188,False,6.041364147008298,1.6571445885066487,1.6638281646516861,4.9449602641175385,535
1,T,403,False,7.503208238777255,1.6099384071477834,1.6168171353251022,6.977544540728736,213
1,T,525,False,9.562463716124821,0.44876685422675394,0.47285057229943667,8.94042318336643,52
1,T,189,False,6.59679588773232,1.6482983783151104,1.6550176791283986,5.888683821956862,389
1,T,87,False,5.965628363476153,1.6235013486693814,1.630322852505794,6.62564451682983,264
1,T,732,False,9.530758957116216,0.5104686997424432,0.531765237382126,9.136313771569192,50
1,T,483,False,5.715011844039232,1.5897361274244188,1.596701891121106,5.6756011954898575,417
1,T,5,True,9.623814122949584,0.2425592908917393,0.2846594173204736,9.741598228168389,10
1,T,597,False,6.886944191714527,1.7113874443064434,1.7178599939462667,7.3910252853501515,172
1,T,699,False,7.287359559646045,1.4924209969918754,1.4998387935153403,6.359011426675852,321
1,T,823,False,5.912285365521263,1.6411202597284893,1.6478688300840671,4.8794930173196684,541
1,T,442,False,5.5455026023186695,1.5940661880323217,1.6010131124070237,6.0066557110698025,366
1,T,770,False,6.713960403411589,1.7215068457640244,1.7279414904109827,9.269353950587252,39
1,T,385,False,6.487176646710246,1.7529089700585119,1.7592287604467252,7.434855741610842,167
1,T,332,False,5.965897912687428,1.6162642503435634,1.6231161699675007,3.341200235909665,624
1,T,359,False,6.964039042570861,1.6961595445216624,1.7026899819824104,7.436586277935267,166
1,T,590,False,7.449752841177569,0.49439731822654737,0.5163571269392242,6.548721174461816,287
1,T,504,False,6.3916635551842855,1.543159443084999,1.550334493279993,7.590404916818755,130
1,T,831,False,8.535934630002105,0.8308385468758152,0.8440904366512182,8.476955544057283,76
1,T,375,False,4.635571618327586,1.3981995486025247,1.4061144875093323,3.985694096202351,610
1,T,114,False,6.4888448989722445,1.7529905285279397,1.7593100259419865,7.453802274239413,159
1,T,170,False,6.874890534392166,1.4994747470560732,1.5068578205425365,4.0004167664732995,609
1,T,123,False,6.03342793313907,1.6535726657342973,1.6602706210539768,5.2979590990687715,474
1,T,301,False,6.901696298903107,1.0451069832004634,1.0556725726311649,5.726584023662706,411
1,T,615,False,6.2771345029922845,1.7058912473850112,1.7123845719277306,6.744823029219721,237
1,T,602,False,8.343894459659749,0.9221816254335329,0.9341386002936399,7.574166890424287,132
1,T,711,True,9.64211385166316,0.21582241486654904,0.26225043189698843,9.50347511761539,30
1,T,793,False,7.596205979209717,0.8950666209211569,0.9073809729978616,5.593326512846335,426
1,T,508,True,6.536115795434141,1.6525176514171966,1.6592198656346708,11.739942968334374,2
1,T,718,False,6.14679849083207,1.654989954006821,1.6616821964909014,3.2287516187078396,625
1,T,599,False,7.497274904677785,1.4798056553818053,1.4872863718770848,5.651372390855093,419
1,T,221,False,6.832952262633767,0.9924778079369776,1.0035976153412862,6.068008620072678,355
1,T,654,False,6.891393944264123,1.616797385306005,1.6236470550595847,7.662089112499585,121
1,T,111,False,6.489016772646414,1.7531109500827016,1.759430014968257,7.500608931710071,147
1,T,475,False,4.995093746739315,1.4992653614496596,1.5066494609941976,4.496771681598479,578
1,T,484,False,5.717557833047026,1.5906987855212211,1.5976603520554724,5.589290968758583,427
1,T,329,False,6.039060617019212,0.8531187229301931,0.8660297510394038,4.99847601728211,519
1,T,279,False,5.548075913675236,1.5953400082014537,1.6022814097528382,7.628431339885267,125
1,T,277,False,5.449226342401018,0.15538355620025335,0.2152673310299671,5.520990698980533,436
1,T,349,False,7.2531447024211175,1.4182744098826945,1.4260779347565242,6.045890538849358,362
1,T,825,False,7.74014557599841,0.2094597056564981,0.2570395739278973,7.899297251839637,101
1,T,187,False,6.695494378447124,1.727650357710652,1.7340622055650343,5.842880252263868,394
1,T,65,False,6.513745628020808,1.7400807025648415,1.7464469146555472,5.07399344273068,499
1,T,841,False,5.275769369973304,1.532083929433912,1.5393106057911068,5.406949552639636,456
1,T,611,False,5.930178278402235,1.5080472236533615,1.5153885320405258,7.63364210379436,124
1,T,583,False,7.192663420915946,1.6396598769194342,1.6464144333219333,4.9331097611141885,537
1,T,69,False,6.451393444764574,1.4715189220300864,1.4790415518719937,8.501628728079716,73
1,T,410,True,9.658063114260477,0.22186879030070603,0.267248450661228,9.76375093759416,8
1,T,689,False,6.218645238789662,1.7167561110075409,1.7232084954970086,8.800356146552662,59
1,T,637,False,7.6606094477114155,1.465223594112183,1.4727783794632345,8.87948872568339,55
1,T,177,False,6.014067888976055,0.8925330630691447,0.9048818944718244,5.636409683282014,421
1,T,736,False,6.631374563385765,1.690378418970424,1.6969311045508826,7.46338145192471,158
1,T,849,False,4.631582794883556,1.5071444029486345,1.5144900876568073,4.509763877476769,574
1,T,117,False,6.271688262512532,1.5521785841277347,1.5593121340181084,4.635528635151979,563
1,T,586,False,6.69112052420298,1.7063047624312155,1.712796519311846,4.663035425931814,560
1,T,372,False,6.389150795447878,1.7454618997849924,1.7518085562847223,6.451706055431116,306
1,T,10,False,6.482113222748468,1.5756288865819656,1.5826567418435535,8.27206347197581,84
1,T,628,False,4.890043356050349,1.5489027904814046,1.5560513579674706,6.45765147230723,304
1,T,669,False,6.118936859745257,1.3930899557743053,1.4010337608889316,8.750507198233674,63
1,T,63,False,6.524371694757872,1.7277492514357768,1.734160733642708,5.511473657089605,437
1,T,735,False,6.4535590920954435,1.635857776000481,1.6426279668788573,5.528631922173109,435
1,T,500,False,6.293480670498469,0.5581919362667028,0.5777319551353369,6.888851592790559,217
1,T,1,False,7.990309304793308,0.15992058684173255,0.21856479214899246,7.889193962671253,102
1,T,42,False,7.535032953317308,1.4766910469735517,1.484187462042168,5.503159542137517,439
1,T,634,False,6.481259448118765,1.730520043501012,1.7369212979378406,5.53933882503777,434
1,T,529,True,9.642052019450375,0.21786938936015152,0.26393757802081436,9.55252229665283,25
1,T,167,False,7.039963216875277,1.338494119039558,1.346759993827709,8.772754574117927,61
1,T,76,False,7.699722360584664,0.15351865580262258,0.21392510827570535,7.772643614524932,109
1,T,313,False,6.854334253100333,1.726108173005657,1.7325257282904214,6.062878772659399,356
1,T,296,False,5.196423475329302,0.14837911951283345,0.21026729983221798,5.346551616161913,469
1,T,502,False,6.731625491403339,0.8194578954309678,0.8328908792005584,5.937857479482389,383
1,T,490,False,7.168790343986898,1.6278318363243813,1.6346352686830588,4.070262964393697,606
1,T,720,False,6.235158977504709,1.6786811126860537,1.6852792802263414,7.698265458783047,116
1,T,543,False,7.108547501997251,1.5113184159997683,1.5186439111297214,6.36510535015395,319
1,T,641,False,5.929796896353833,1.125650437846802,1.1354668125912026,6.574826656152334,282
1,T,811,False,7.012559366755267,1.5952855090897082,1.602227146750091,7.262860228416722,181
1,T,617,False,6.240295039734148,1.65284536262136,1.6595462533506748,7.021431640001478,208
1,T,290,False,7.874455786805677,1.6145088675017023,1.6213682054095415,7.349158563629279,176
1,T,779,False,6.039846391955712,1.6790311738809032,1.6856279711535438,2.9440136331546474,627
1,T,212,False,6.117371430913188,1.66097428171776,1.6676425092924312,6.495368626338519,297
1,T,555,False,9.363559833067518,0.8304977615485717,0.8437550036642842,7.859955551039013,103
1,T,835,False,6.704136053145821,1.7274744938297242,1.7338869920221414,6.053966532558779,359
1,T,672,False,5.5631929093670305,1.6355808055115888,1.6423521381327653,6.0040879891488785,368
1,T,317,False,5.453271912295918,1.5178188489717181,1.5251131212356541,7.088545546546217,201
1,T,57,False,5.471521539290372,1.5340027184048177,1.5412203977188657,7.547813761805102,139
1,T,791,False,7.047431164771764,1.4210801549330816,1.428868356783073,5.708276506519167,414
1,T,535,False,7.297211757819584,0.17314398120440613,0.2284180651757647,7.514344732163513,144
1,T,272,False,6.123536641383021,1.6790020359736866,1.6855989472810882,5.049773014892871,508
1,T,15,False,6.338026792682737,1.6220003088092505,1.6288280989867017,6.08476678949239,353
1,T,432,False,5.919785850312071,0.7817824106538818,0.7958515639735357,5.980687629852611,375
1,T,503,False,6.7307996509138235,0.8242342541055292,0.8375906398188951,5.928093294383459,386
1,T,621,False,8.399187063401222,0.876312120740022,0.8888863297560622,7.111921078239856,198
1,T,137,False,7.288793626202018,1.4258290064860324,1.433591409714872,4.886458635245124,540
1,T,702,False,6.034834519534887,1.6473942481021242,1.654117221647635,7.417547924377137,169
1,T,287,False,7.921120382319186,1.599037185871396,1.6059626073077922,6.694853966520389,245
1,T,451,False,5.260997313124847,1.2769831676134804,1.2856445794384568,5.718586469852881,412
1,T,528,True,9.640211823894068,0.22507073706298208,0.26991259873040785,9.505306680200352,29
1,T,300,False,6.783330558306148,1.6171581938169826,1.6240063417674,5.728182178675949,410
1,T,752,False,6.699094933595244,1.0109060165881243,1.0218253024100536,6.5772450666445845,281
1,T,622,False,6.344947746141295,1.4736188298721533,1.481130794367973,5.8383093664928065,395
1,T,195,False,6.578706167864611,1.4814192026217663,1.4888918121098784,5.166250269529567,486
1,T,34,True,9.648868084474618,0.22264028468444763,0.26788928801969675,9.595568559471976,21
1,T,286,False,7.906024934597303,1.6013072672895692,1.6082229132013124,6.738257971008942,239
1,T,314,False,6.383698134738652,1.7453389892521418,1.751686091077684,6.585416077915377,272
1,T,547,False,7.358841401172701,1.2370371210129738,1.2459762489852666,4.859219562295818,543
1,T,333,False,6.051215812292845,1.6778424012941942,1.6844438541702706,4.5085939394672785,575
1,T,182,False,5.482101522515556,1.5379781547799996,1.5451772645401627,7.5145659302937755,143
1,T,49,False,5.742160771590623,1.6788710789845416,1.685468502856712,4.313083675169728,593
1,T,518,False,7.387166124614495,1.641550562389709,1.6482973709720277,6.454582634638184,305
1,T,102,False,6.210527978084029,1.2234202042801803,1.2324581009155184,5.421008715197765,454
1,T,687,False,5.915868786099324,1.6634696927499064,1.6701279570646066,7.489003401785082,152
1,T,651,False,5.996308640609833,1.6538129164470372,1.6605099026739898,4.971032127274898,527
1,T,41,False,7.543306037832144,1.4766827691881015,1.4841792260668412,5.49382513110173,442
1,T,553,False,6.07434402887421,0.2748714757936257,0.312650447746831,6.025678984196804,364
1,T,366,False,7.061774102052678,1.5658552544633275,1.5729267790338302,8.343766850844924,80
1,T,534,False,6.694925086991678,1.0946046877992908,1.1046969705867358,5.817479302921884,398
1,T,275,False,6.338779691127818,1.6995762495596083,1.7060936089026393,5.739166858611947,408
1,T,675,False,8.647038592891171,1.1342833740413192,1.1440256758036016,8.761026987768828,62
1,T,832,False,6.82434088989393,1.5638776482864654,1.5709580748961234,4.672492759129307,559
1,T,303,False,6.331239570876536,1.753778875085017,1.7600955419992959,6.418761150402145,314
1,T,113,False,6.488959319566686,1.7530477184868456,1.759367010479412,7.471509513153417,155
1,T,749,False,6.598072913110089,1.424401747872346,1.4321718868952575,5.547491696102276,432
1,T,437,False,6.140461158490882,1.6722981303418833,1.678921383214916,6.728719011339768,242
1,T,491,True,6.5230305133727144,1.669629066181663,1.6762628650990214,11.254209625719955,3
1,T,526,True,9.611334584870221,0.2720082107815446,0.31013616526278476,9.809154947794518,6
1,T,141,False,6.899380891459277,1.7092333658374574,1.7157140417806727,7.751132812857383,110
1,T,706,False,9.625722947852216,0.26563622496293654,0.3045629299239945,9.424209310447727,36
1,T,548,False,6.570521651675081,1.6311134975109784,1.6379032987431905,6.749183791056594,236
1,T,609,False,6.338776057462281,1.61484533654534,1.6217032512866094,4.588340240329416,569
1,T,648,False,6.6590981922712205,0.5867117763984304,0.6053318782584723,7.0982186107389005,200
2,T,666,False,7.820233625475637,0.9248897954436806,0.9249267199289221,7.986843941305024,107
2,T,417,False,5.943776153052411,1.6695229260895736,1.669543381964456,6.723457546911741,267
2,T,321,False,6.17081237913384,1.7106643580947976,1.7106843220122487,5.4676973428905065,473
2,T,754,False,6.753472859649928,0.7474274871597175,0.7474731781706359,5.666668678026716,449
2,T,851,False,6.521157761212202,1.6100590677506383,1.6100802791068138,4.956883363114256,526
2,T,371,False,6.043113396691265,1.699399432330325,1.6994195285824074,6.681718165014287,278
2,T,390,False,5.201961674385906,0.7456766339148914,0.7457224322019987,4.084240539744188,569
2,T,498,False,6.290264266627641,0.3376038920143423,0.3377050361274662,6.10381996140193,384
2,T,142,False,6.583711469983831,1.7101306988241252,1.7101506689713957,4.6480991389510935,548
2,T,839,False,5.8741064856249405,1.434216771886751,1.4342405838226284,5.289612965505268,492
2,T,150,False,7.142905934422098,1.6622383817637496,1.6622589272827475,7.083967133328074,218
2,T,230,False,8.70041206064574,0.025055602631860813,0.0263834559121292,8.691220694552127,51
2,T,493,False,6.6064716998605135,1.3971294988029748,1.3971539428237938,6.270850332152681,359
2,T,650,False,5.877937823984098,1.5590540801524013,1.5590759854357552,7.262306823022493,190
2,T,56,False,5.368178184117971,1.5473085859585494,1.5473306575207726,5.028465671832785,518
2,T,204,False,7.114597215381039,1.4832746947283146,1.4832977191191243,7.443130341494552,173
2,T,217,False,6.805494461856718,1.0557337958216237,1.0557661441638273,7.2401695727143895,195
2,T,48,False,5.557213059592012,1.566735688235061,1.5667574861196647,6.873964510982295,246
2,T,593,False,7.474908489754879,0.3516808579232023,0.35177795461373235,7.8234412798912665,129
2,T,843,False,6.0600923961190745,1.6610480026519387,1.6610685628945654,8.273782726799134,84
2,T,845,False,6.10895158195749,1.6767008793923934,1.67672124769678,7.783997360564203,137
2,T,859,False,5.888157729824307,1.6547269256246897,1.6547475644067162,5.836601749423841,425
2,T,568,False,6.37273612568582,1.7493840212358711,1.7494035432906863,9.016094940562393,45
2,T,14,False,6.401892885748189,1.7579354224570236,1.7579548495486952,6.416586560426397,331
2,T,176,False,5.257537454850173,0.7171965800063304,0.7172441968363342,5.655173293705767,451
2,T,173,False,4.292344473036382,1.4445586308259655,1.4445822722906472,6.003550636273632,395
2,T,701,False,5.9424135953439645,1.6593572373383765,1.6593778185301473,4.851097237868135,538
2,T,298,False,7.168623301208226,1.6406761643968109,1.6406969799272664,7.075482152964028,219
2,T,812,False,6.355836489956301,1.5878004103685082,1.5878219190731133,6.496172844569866,321
2,T,159,False,6.496284081399443,1.7455809765286403,1.7456005411150923,7.886381244228142,119
2,T,766,False,6.34974589991936,1.7489561591285043,1.7489756859591135,7.251165114381576,192
2,T,8,False,6.454720944734215,1.7557019356109764,1.755721387416224,6.221343335980471,365
2,T,565,False,5.97490184441654,1.1397380657586351,1.139768029934976,5.594415146989944,464
2,T,198,False,6.403639819892611,1.7578389370553729,1.7578583652133593,9.363399820731303,31
2,T,60,False,8.20211305189448,1.4505207141745007,1.450544258467119,5.943196669017635,407
2,T,692,True,6.601429557283636,1.6170880448928848,1.6171091640511206,10.155595388124738,6
2,T,328,False,7.12102605706643,0.5947840091994838,0.5948414251899687,7.772907163180773,138
2,T,861,False,6.862606533851436,1.717211848352818,1.7172317361515081,7.5352596549396305,161
2,T,457,False,5.2937762154819055,0.8103050386573887,0.8103471843575282,4.587692888620864,549
2,T,237,False,6.4919252933307074,1.7054839328226858,1.7055039573800341,4.703186409564248,545
2,T,662,False,5.830069448468164,0.14900727729152344,0.14923629655165835,5.799668260392519,434
2,T,638,False,5.816201892180555,0.8542915619139415,0.8543315376831078,5.300221391660441,490
2,T,310,False,3.987178699635284,0.0705561385111191,0.0710385261968587,4.0784637882349415,570
2,T,20,False,6.6289412977934585,1.6747533146505886,1.6747737066409167,9.167502796936141,38
2,T,346,False,7.1395403187156035,1.6195200933214826,1.6195411807652946,8.10430848990104,94
2,T,271,False,6.924040616187287,1.7037383778086257,1.7037584228817737,8.41162660702804,73
2,T,415,False,6.3091037842569655,0.4937010911753891,0.49377026130619833,7.639172469342989,150
2,T,399,False,7.467714424957498,1.5132347104740498,1.513257279019699,6.641237828828816,294
2,T,743,False,6.554711217250608,1.5159291632188046,1.515951691651118,6.127478901588665,380
2,T,183,False,6.367004142297038,1.7522936264583189,1.752313116097996,8.510257523218256,67
2,T,140,True,9.730967775019643,0.086655787309052,0.08704900342205656,9.772961796685944,10
2,T,202,False,7.110629424112257,1.4852391085622199,1.4852621025008748,7.1933430715750655,205
2,T,124,False,6.090329655160113,1.6717509206788443,1.6717713492918778,7.191207589452401,206
2,T,821,False,6.110583623064915,1.6958933951757809,1.6959135329737358,7.830035019419201,128
2,T,59,False,6.651286841364266,0.5950196626829267,0.5950770559363934,7.157339343062615,211
2,T,488,False,6.043048156692832,1.6605147717172586,1.6605353385621882,8.506283251253983,68
2,T,429,False,6.367759870086561,1.7558395036255319,1.7558589539067697,4.866098391110459,535
2,T,588,False,6.84419265017903,1.659814078643439,1.6598346541705864,6.5912407416669465,299
2,T,445,False,6.3561491751847825,1.7569754494034606,1.7569948871095538,5.032340772293289,517
2,T,336,False,5.493938975394954,1.6510859371031752,1.6511066213974468,5.8373924828523,424
2,T,64,False,6.465662901484928,1.7343023723331472,1.734322064151582,8.215380149339143,90
2,T,476,False,6.758556125410645,0.10130701486267314,0.10164356734691787,6.705090771237946,274
2,T,863,False,2.437697323761447,0.4580578988722367,0.45813245054445745,3.170609875159907,590
2,T,748,False,6.626141911805906,1.4292504066237643,1.429274301300075,2.4584466662205395,595
2,T,40,True,7.526966640514889,1.5206572189629568,1.520679677350485,9.408793222056392,28
2,T,511,False,6.30023273026356,1.6767010762703245,1.6767214445723195,6.528904972577759,316
2,T,344,False,5.495268695634067,1.6509508850759167,1.6509715710621955,5.781252721885017,435
2,T,857,False,6.228102852728357,1.6002289727783263,1.6002503144326512,8.597431896053408,57
2,T,747,False,6.62640123565216,1.4294205327719243,1.4294444246043962,2.3694592164883366,598
2,T,536,False,6.976601810597208,1.6306258107804976,1.6306467546057228,9.093522358766322,41
2,T,132,False,6.109454305562483,1.6425399543964543,1.6425607463078276,8.915394356803574,47
2,T,382,False,6.721812597503042,0.9072801037416242,0.9073177448766412,7.178868848897596,208
2,T,138,False,6.5759535407252985,1.510929874760136,1.5109524777322754,6.914920542696866,237
2,T,121,False,6.837868260448597,1.720191445777113,1.7202112991279226,8.047663328998269,98
2,T,46,False,6.774297563474434,0.5871434748896124,0.5872016379643967,6.550756498892727,312
2,T,798,False,6.94907704643798,1.6407169037909313,1.6407377188045387,8.879997696579025,48
2,T,184,False,5.594592971647484,1.6878451120832334,1.687865345904668,6.891204220183349,244
2,T,53,False,6.772921303601391,0.577592714736552,0.577651839466786,5.50913527434853,471
2,T,862,False,7.249000913304603,1.4232522297828332,1.4232762251595534,8.570538013495556,61
2,T,400,False,6.1144917730297115,1.6797273913876298,1.6797477229931028,7.628268040299044,153
2,T,496,False,6.291692894814952,0.38113929393685153,0.38122888781584124,6.130589807347772,379
2,T,435,False,6.250307346163149,1.7212222853620127,1.7212421268227929,6.086537420284053,387
2,T,368,False,7.181563987887469,1.4983716434705885,1.4983944358810781,6.6586411718700065,287
2,T,660,False,5.002246979091028,0.2511118025292961,0.2512477679346301,5.089426745948957,512
2,T,632,False,7.213717813035597,1.643274788977739,1.643295571591567,7.794504572755386,134
2,T,168,False,7.054642260951112,1.4730127940228912,1.4730359788130587,5.4015885218863655,480
2,T,618,False,7.55386668273586,1.5411938099564577,1.5412159690876304,8.486982269951485,69
2,T,783,False,7.264323843788183,1.6510546226042688,1.6510753072908413,7.8579683712721895,123
2,T,172,False,6.215051241849279,1.582158542228967,1.5821801276310834,6.971973577239594,232
2,T,688,False,6.286585196964058,1.7416096295150536,1.74162923871362,5.644067644041549,456
2,T,461,False,4.773037414463994,1.4669783717362705,1.467001651895669,4.883500811865092,533
2,T,624,True,6.440142665163403,1.7095796235654392,1.7095996001499212,9.913972010892888,8
2,T,757,False,5.133573753491055,1.541997748354395,1.5420198959328137,4.526327218830467,552
2,T,608,False,6.152996606143672,0.08813267710061791,0.08851933289142737,6.216778830722462,366
2,T,144,False,6.477569022376396,1.6376997794512458,1.6377206328117384,7.5661051926723415,157
2,T,334,False,6.462692212895969,1.7334527616467097,1.7334724631165117,9.065631339069569,43
2,T,538,False,7.203718332706444,1.4687844616607502,1.468807713194168,7.792316246931622,135
2,T,85,False,5.886576056205279,1.6064956830446218,1.6065169414493041,5.6628098850097786,450
2,T,393,False,6.599105466233169,1.5342033489124984,1.5342256090083188,6.557541422009129,306
2,T,764,False,6.062298857400518,1.6610680016347716,1.6610885616298594,8.310826811846098,81
2,T,673,False,5.730191234496623,1.662670127099431,1.6626906672834427,6.370981606800017,340
2,T,517,False,7.47218149121283,1.5128003728981128,1.5128229479232824,6.643131075987073,293
2,T,226,False,6.416136413011321,1.5442950057321296,1.5443171203647974,5.90270403022892,414
2,T,110,True,9.633775910295743,0.1913561148917298,0.1915345040171051,9.463600672507784,24
2,T,807,False,7.46100803270015,0.5663597069283408,0.5664200041970425,8.427121870665829,72
2,T,577,False,6.929892377795694,1.6191076092541825,1.6191287020701648,5.147855720606583,505
2,T,468,False,6.311749328771279,0.378692324803706,0.37878249746768544,6.345168082427174,345
2,T,833,False,6.598808919686031,1.7125061084135793,1.7125260508606703,4.123852239700552,567
2,T,822,False,6.018816115502194,1.6572830464515595,1.6573036534016279,6.509646180644287,319
2,T,174,False,6.655421683259798,1.732221406486318,1.7322411219608138,8.43829135687707,71
2,T,671,False,7.314867085236271,0.619499834400852,0.6195549599069518,7.272537154466617,189
2,T,394,False,6.596210702254013,1.5331567216485058,1.5331789969402188,6.865052398033958,247
2,T,627,False,6.380761390890104,1.5018154666245493,1.5018382067704013,6.781864474567016,257
2,T,444,False,6.800820080445851,1.7028559156702456,1.702875971131125,4.498089215530351,554
2,T,522,False,6.576055872095172,1.5103692955733001,1.510391906934491,6.945531505896393,235
2,T,700,False,5.804076411684778,1.6748392096288527,1.6748596005733798,6.343836417101591,346
2,T,758,False,2.5860991091796537,0.022661990793748022,0.02412196818996068,2.5976709073177067,594
2,T,97,False,6.023068670942189,1.652941657678591,1.6529623187513591,4.468235583408993,558
2,T,387,True,6.438958211377578,1.7093200944614053,1.709340074078932,9.85344062354297,9
2,T,668,False,7.512509377021593,1.5108269386123936,1.5108495431245028,7.356548877809832,179
2,T,211,False,7.523165449713154,1.5151701954799908,1.5151927351969106,9.33534063372991,33
2,T,309,False,6.5801652066105145,1.7327066818387693,1.7327263917916582,9.017081174689775,44
2,T,781,False,6.621141279133669,0.5583005476805505,0.5583617152554643,5.636394282970873,457
2,T,3,False,6.1843754742562265,1.6260944888685487,1.62611549105569,4.860402541156714,537
2,T,426,False,6.666166876253273,0.3930002216426165,0.39308711214407327,7.0991828857271075,216
2,T,584,False,5.841278173694294,1.6592934588936945,1.659314040876537,6.399440002184993,336
2,T,192,False,7.513347919301772,1.5106477024130434,1.5106703096071055,7.331254884983636,183
2,T,629,False,6.657575464660908,1.7300375845218887,1.7300573248828932,5.953338506919497,406
2,T,80,False,5.951519590288428,1.620613506053344,1.6206345792698407,2.9250560498946396,591
2,T,703,False,5.940511706804785,1.6584033437508756,1.6584239367805524,4.9479634334982805,528
2,T,434,False,7.703230633901759,1.615725723831903,1.6157468607968106,7.942328632504895,114
2,T,542,False,6.446133218618503,1.7468242513204817,1.7468438019823016,5.895971554273903,416
2,T,802,False,7.209642670857509,1.4628229781726905,1.4628463244622247,7.7442081130412,144
2,T,513,False,6.142828424839469,1.5070281439504754,1.5070508054413547,6.000364546496058,397
2,T,208,False,6.23042429352807,1.6003576715694834,1.6003790115075616,8.618370363212534,54
2,T,345,False,6.3496998468607115,1.7566718855876133,1.7566913266526258,3.518597360474551,588
2,T,256,False,6.057645609374557,1.6351779803582644,1.6351988658787513,6.5826827070921885,301
2,T,133,False,6.748994341472204,0.058819646848205114,0.05939742736827177,6.737042580592896,264
2,T,850,False,4.592994867404144,1.5317248047022203,1.5317471008174541,3.53998561646089,586
2,T,145,False,5.825039744056543,0.031299089302132314,0.03237184754944345,5.814508741099271,431
2,T,62,False,6.791297986043773,0.38991095332105236,0.3899985321028188,7.1445130735313365,213
2,T,595,False,6.634871508386301,0.08099781822524499,0.08141836451238373,6.470235205063558,324
2,T,50,False,6.165503970313857,1.736269972768841,1.7362896422720875,1.817633084698734,600
2,T,90,False,5.789500625180134,1.6234437897916185,1.6234648262699116,6.0300296199932895,391
2,T,448,False,6.931633589735772,1.7119453055493992,1.7119652545292054,4.898743826478217,531
2,T,471,False,6.292627272966364,0.35290610610668716,0.3530028657815767,6.301401308972064,353
2,T,72,False,6.372692046967871,1.7578769288863145,1.757896356624418,5.465894769214164,474
2,T,108,True,9.637856841537001,0.18966014129989664,0.18984012410583362,9.412698840468865,27
2,T,338,False,6.752734417272273,0.7541080702648115,0.754153356527132,5.826826424375774,427
2,T,68,False,6.921559905510949,1.5567954756652662,1.5568174127284367,6.349856466775633,343
2,T,469,False,6.305186676513048,0.36014556832560296,0.36024038350411675,6.384353956255244,338
2,T,742,False,6.554711480115097,1.5158857028740196,1.5159082319522121,6.1327340253870055,378
2,T,860,False,6.862710304403623,1.7171983984945096,1.717218286448968,7.519627349104507,165
2,T,712,False,6.404121701631302,1.7579757564885312,1.757995183134483,5.021263605706734,519
2,T,856,False,8.542404925851546,0.5662495039096316,0.5663098129120891,8.408961989475182,74
2,T,197,False,6.968617456219046,1.7164870947435225,1.716506990939355,5.691945427764958,448
2,T,734,False,7.144764309160174,1.6813160596152312,1.6813363720096908,6.187649973115577,367
2,T,155,False,5.312642757145813,1.6038103405764805,1.6038316345747354,6.783135244524864,256
2,T,420,False,5.121046759045622,1.5243390875968263,1.5243614917394583,7.195051824443104,204
2,T,774,False,6.656119540444314,0.10288591316843881,0.10321731759314948,6.6479556509084,291
2,T,130,False,6.37273603614242,1.7536581985584228,1.7536776730328163,5.648808938589495,454
2,T,220,False,6.802688563268374,1.0556138960048675,1.055646248021181,7.250149677720939,193
2,T,636,False,6.619245002152282,0.5611754135775775,0.5612362678289659,5.633781470879496,459
2,T,194,False,6.588613275277229,1.4899025239647674,1.489925445933187,7.533898875667814,162
2,T,800,False,7.1784066095229,1.495269196556112,1.495292036256524,6.963707283734662,233
2,T,463,True,6.396464096750613,1.7351066880117754,1.735126370702092,9.727408889847489,12
2,T,805,False,6.969203766973537,1.621169272322106,1.6211903383144153,5.364964421282603,482
2,T,810,False,6.905320204296151,1.6208051082987627,1.6208261790241376,5.320917681648322,485
2,T,737,False,7.399601346534213,1.5106045906322025,1.5106271984714512,7.196314004012493,203
2,T,762,False,6.063822617187076,1.6615069338718402,1.6615274884355133,8.363318495622979,77
2,T,58,False,5.876789373318845,1.5591605799022352,1.559182483689352,7.230016796673766,197
2,T,647,False,6.626340176913531,1.4293488829633805,1.4293727759934722,2.420573545970181,597
2,T,727,False,6.7741008247619865,0.5926899877019702,0.5927476065280931,6.527021796087379,317
2,T,730,True,9.637772784662253,0.2169185992805673,0.21707598263388075,9.572211816956075,19
2,T,43,False,7.421607247202161,1.509060330899087,1.5090829618731647,7.398723774241483,175
2,T,261,False,5.494459118592806,1.6510189931872472,1.6510396783201948,5.820875715282061,429
2,T,398,False,6.404635269752029,1.5009807933983532,1.5010035461894722,6.663048339498664,285
2,T,644,False,6.429780747073444,1.688745729157471,1.6887659521882301,5.839483838295437,423
2,T,659,True,6.682905079050224,1.7158368210313253,1.715856724767399,9.39640144069498,30
2,T,252,False,6.6576353465135165,0.09752332908841986,0.09787289328056974,6.662511627697351,286
2,T,777,False,5.112705486614181,1.625101210355577,1.6251222253793045,7.907958279726245,115
2,T,656,False,5.11702585070061,1.5253818215814463,1.5254042104090813,7.2057529601045704,202
2,T,763,False,6.068439241858134,1.660996281343648,1.6610168422264866,8.327224505036856,80
2,T,554,False,9.44335413823753,0.49854412343185645,0.49861262171254717,8.588802733678166,58
2,T,213,False,6.898473748163189,1.6253956742489923,1.625416685465594,5.9601517840357,404
2,T,710,True,9.701309796500674,0.03512487034779873,0.03608406905507228,9.682319904174301,16
2,T,125,False,7.091280142067935,1.6527188181304417,1.6527394819889507,8.041576775038576,99
2,T,478,False,6.502133103554703,1.6624781960420119,1.6624987385973329,7.799506711502076,133
2,T,235,False,6.330408432137133,1.6466879643762435,1.6467087039134147,5.622207356043529,460
2,T,280,False,7.168502872156218,1.6623012487341708,1.6623217934761625,6.974886421586712,229
2,T,153,False,6.416621904760925,1.6840951290491217,1.6841154079247656,6.40290362162155,335
2,T,797,False,6.840750538174517,1.7184796212320235,1.7184994943590703,7.6194322164423856,156
2,T,824,False,7.719495664882466,0.8351557859991707,0.8351966776816789,8.02028391435204,101
2,T,467,False,6.29628795460546,0.3746964800518691,0.3747876141041514,6.377383439312855,339
2,T,474,False,7.4151208047632755,1.5207811453634967,1.5208036019209483,5.636059892253989,458
2,T,374,False,7.544103212708927,1.302628283141406,1.302654500457642,7.978849847167951,108
2,T,501,False,6.295994394880021,0.37819458784099824,0.37828487915173675,6.158763790740033,373
2,T,26,False,6.5761013953770995,1.5105866318576018,1.5106092399656221,6.892328789505729,242
2,T,343,False,5.87699859075404,1.6782347550701127,1.67825510475847,5.934324251330282,408
2,T,178,False,7.060765888486933,1.6901677751703905,1.6901879811864267,7.628115141579194,154
2,T,684,False,7.784582628962426,0.8480838032873859,0.8481240716552143,7.955759280601134,111
2,T,273,False,7.108010248289554,0.5450011707467798,0.5450638307923047,6.790060133768155,255
2,T,582,False,6.858546984568436,1.6599096207907273,1.6599301951335899,6.274411034280352,358
2,T,848,False,5.321001492961715,0.6782385260864393,0.6782888778319508,5.288842499684736,493
2,T,677,False,5.987853914199521,1.6677031738800259,1.667723652075527,6.736566421951979,265
2,T,229,False,8.69770661965744,0.033917653320540794,0.03491003765958935,8.69227444763465,50
2,T,353,False,7.425640033849353,0.688540838770649,0.6885904371813555,8.514897837224636,66
2,T,750,False,6.554807226086045,1.5155703414103767,1.5155928751763739,6.138104449816637,376
2,T,834,False,6.449622772684953,1.7194814759841075,1.7195013375322237,8.523684173655214,65
2,T,852,False,5.885791422711822,1.43631473727949,1.4363385144348362,5.3647936270967325,483
2,T,84,False,6.103193650075471,1.6098810919262352,1.6099023056273412,5.1158943673475505,509
2,T,572,False,6.556838142813107,0.11195447948114867,0.11225911543619295,6.7002809697926144,276
2,T,79,False,5.924544027439462,1.6442313025308988,1.6442520730548214,5.907677150981411,413
2,T,373,False,6.351453885900269,1.7489981659583718,1.7490176923199976,6.8829484548762485,245
2,T,630,False,6.232510612143357,1.648362498300215,1.6483832167688275,5.245420677812096,499
2,T,47,False,6.774287336420896,0.5905130033491353,0.5905708345719736,6.556923998200811,307
2,T,163,True,6.344212837548174,1.5837846207236324,1.5838061839642252,10.208459282749647,5
2,T,569,False,5.119129047253569,1.524538990363261,1.5245613915682283,7.1813839451144705,207
2,T,855,False,7.224187945084582,0.10759146515538319,0.10790841902698597,7.318567942595565,185
2,T,610,False,6.479538611370002,1.660326647453749,1.6603472166289879,6.570235368237541,305
2,T,631,False,5.779891008352465,1.5342420851672665,1.5342643447010764,3.7885811268379883,578
2,T,282,False,6.75444412570292,0.7444733546477311,0.744519226953252,5.882805836175926,418
2,T,790,False,5.9917109949336105,1.6693772157714348,1.6693976734317706,6.337872012548321,347
2,T,258,False,5.7374782345448985,0.537664083541562,0.5377275985600974,5.00334872496031,522
2,T,438,False,6.24199108976532,1.710076476789639,1.710096447570103,7.395320835104477,176
2,T,160,False,5.492628780787031,0.7014108898194507,0.7014595782223914,5.018725474912005,520
2,T,74,False,7.208946844292489,1.6529067996556637,1.652927461164146,7.159977087783211,210
2,T,612,False,5.767540730603291,1.3732577360485396,1.3732826049796822,4.99805615266056,523
2,T,837,False,7.187779910107264,1.6460034877878311,1.6460242359492543,8.032334039129225,100
2,T,200,False,7.62318631598335,0.5875250948017907,0.5875832201011826,8.574326222049276,60
2,T,646,False,7.597668663645441,1.5181830153930076,1.5182055103807346,8.263461312146964,85
2,T,741,False,6.235404714501319,1.6483133412575988,1.648334060344083,5.249774617249511,498
2,T,643,False,6.115980389917025,1.6795693160059757,1.6795896495249674,7.734990552160626,146
2,T,129,False,6.4297953783672295,1.7081282749802125,1.7081482685380383,5.651263758399982,453
2,T,846,False,6.084460171805992,1.6761769350603624,1.6761973097314562,7.88609669161578,120
2,T,293,False,6.342398006709391,1.7490492618113693,1.7490687876025681,7.327198669161743,184
2,T,295,False,6.734609858374297,0.34857087372034895,0.3486688364749408,6.936956688382812,236
2,T,234,False,6.330699303839143,1.646012879184386,1.6460336272274312,5.6137641365670365,461
2,T,203,False,6.788431258516595,1.6940083235784136,1.6940284837851955,6.465686431711346,325
2,T,423,False,5.973176469194454,1.1493994666797867,1.1494291789955566,5.522231768493434,470
2,T,118,False,6.3698895990487125,0.7880936573556877,0.7881369908124385,5.756700535316524,438
2,T,337,False,5.877701630819182,1.6783084434599884,1.678328792254876,5.920165712409269,412
2,T,306,False,7.163103686887142,1.6196138538955394,1.6196349401186005,7.997670172209332,104
2,T,818,False,6.602838166681344,1.6899835507227166,1.6900037589413766,5.435154609784298,477
2,T,166,True,6.339193427936704,1.583669588926803,1.5836911537336473,10.266689844998378,3
2,T,215,False,6.520707950006651,1.7205748865062327,1.7205947354326518,4.035521223668999,572
2,T,381,False,6.410301891159848,1.7464950767243572,1.7465146310709911,6.177942716839885,370
2,T,54,False,6.085254009451374,1.5317567418539728,1.5317790375043392,4.866921027871026,534
2,T,773,False,6.304109709405189,1.5029419264256532,1.5029646495279503,7.113447515805924,215
2,T,785,False,6.771171721653944,0.5268507816079843,0.5269156000761085,7.463590274348467,170
2,T,819,False,6.602640622849473,1.6900828039151232,1.690103010947033,5.409141333119224,479
2,T,729,False,6.464101492034456,1.7556493563781113,1.7556688087659067,6.415256606322144,332
2,T,551,False,6.772395065264954,0.5783293690505061,0.5783884184775644,5.530983506935257,469
2,T,653,False,5.788729518935577,1.5861258809011891,1.58614741231299,6.306691630414161,352
2,T,365,False,7.142076847543067,1.522557748611188,1.5225801789654925,5.368046783117269,481
2,T,446,False,6.101802837805404,1.68146270659671,1.681483017219667,7.663074370276232,149
2,T,377,True,9.706805247709791,0.033924850424898664,0.03491703021411331,9.690160380660265,15
2,T,284,False,5.959164132133958,1.6055539936482206,1.6055752645212158,7.631798526471641,151
2,T,269,False,5.153949610061636,0.049125547719363435,0.049815890650966074,5.106652397145229,511
2,T,82,False,6.022779628555651,1.6489250514012943,1.6489457628016095,6.074884892625489,388
2,T,357,True,7.2420272341843726,1.4376039939219472,1.4376277497540715,10.804042372242197,2
2,T,753,False,6.751766089741182,0.7595587684611775,0.7596037297623559,5.811040019293905,432
2,T,99,False,5.915623426254132,1.6276987935582623,1.6277197750453374,3.5258958425598053,587
2,T,139,False,6.270174266855406,1.7514952909679624,1.751514789490962,6.799854574893677,253
2,T,201,False,6.79467831021497,0.15525785284252833,0.15547766525097337,6.722047183544815,269
2,T,126,False,6.7572318622596,1.675549649502166,1.675570031800955,8.559662677731259,63
2,T,694,False,6.75337838439868,0.7496137107913621,0.7496592685540662,5.772136958766606,437
2,T,768,False,6.656788272434111,1.730241476064007,1.7302612140988352,5.860910835598164,422
2,T,320,False,6.248712502727376,1.7178223398904995,1.7178422206214086,6.45995434149518,328
2,T,246,False,6.764906690724226,0.7141589721764371,0.7142067915266044,6.132763212364774,377
2,T,23,False,6.138386018647241,1.5118520708563716,1.5118746600414072,5.95948270989291,405
2,T,191,False,6.362972513318876,1.651637354020562,1.6516580314092457,7.506140220757111,166
2,T,505,False,6.801999184285486,0.12480347395632282,0.12507681893215905,6.755479558412825,262
2,T,264,False,7.866290460606996,1.5428604513380852,1.542882586532683,8.557632089422198,64
2,T,465,False,6.863996216192469,1.66042898281206,1.6604495507195975,6.65701211178919,289
2,T,679,False,6.496381465166713,1.745592206784343,1.7456117712449277,7.822496294917574,130
2,T,550,False,6.773440434620701,0.5791725289923176,0.5792314924639186,5.599101687456425,463
2,T,544,False,7.177325107134313,1.4904026076136727,1.490425521891066,5.878727577043285,419
2,T,686,False,5.930031163538451,1.6740843410920154,1.6741047412309986,5.207160400270541,501
2,T,844,False,6.590517942819612,1.7338506403781224,1.7338703373269428,6.184346942135867,369
2,T,520,False,7.4677069739444395,1.513853770023649,1.5138763293404902,6.70323493434622,275
2,T,436,False,6.3732069018212005,1.7524093832126857,1.7524288715649736,4.0345292207442185,573
2,T,430,False,6.367787517254561,1.755838746841833,1.755858197131454,4.952185630581716,527
2,T,262,False,6.415713572302622,1.7217268677952595,1.7217467034412166,5.646994139390892,455
2,T,242,False,6.4398543267995505,1.706586202872439,1.7066062144962415,3.9835035355383015,575
2,T,563,False,6.985375631196907,1.6073593657641434,1.6073806127461943,9.06862852378875,42
2,T,545,False,6.748316341571458,1.693107635262257,1.693127806193606,8.667490250836973,52
2,T,486,False,6.625763029563316,1.748422233012489,1.7484417658060563,4.693977899729431,546
2,T,103,False,6.32794879724227,0.07296162966784318,0.07342821614617265,6.335630030658946,348
2,T,414,False,6.220428163556241,0.49064823043687544,0.4907178308900735,7.6285841560516,152
2,T,327,True,7.3251200652015545,1.6261191360090068,1.6261401378778215,10.235462253749457,4
2,T,104,False,5.970348266042956,1.6599070126155666,1.6599275869907566,6.018542171565597,392
2,T,726,False,5.033036927331934,0.31727379739972494,0.31738142043771755,5.108083530149629,510
2,T,589,False,7.499583755913531,0.34134639058930805,0.34144642609195663,7.840086934024181,126
2,T,724,False,6.304130820210494,0.09057901400457433,0.09095527087894592,6.394248784228604,337
2,T,443,False,6.802460016614548,1.7028580534697695,1.7028781089054712,4.3869463242684805,561
2,T,681,False,4.985858870057694,1.5788750713408313,1.5788967016319138,4.172929741472163,565
2,T,676,False,8.419148477889722,0.8456622694093185,0.845702653079166,7.8174282253333685,131
2,T,383,False,6.174682607011151,1.6985158338065585,1.6985359405129496,4.794681359007425,542
2,T,254,False,6.657041990408836,0.11416783008316726,0.11446657568268785,6.531134043436411,315
2,T,17,False,6.057924639098068,1.635090350669255,1.6351112373090488,6.582815772505489,300
2,T,24,False,5.559246368940814,1.654817384253022,1.654838021906868,6.014758327301282,393
2,T,355,True,7.069501710820739,1.565872960663685,1.5658947705578035,9.623464010379857,17
2,T,581,True,9.096869654712394,0.8977246216319383,0.8977626634065533,9.941303972921038,7
2,T,792,False,7.362145607627639,1.299792773735592,1.29981904824398,5.969634294396723,403
2,T,657,False,5.115102786076443,1.525295516346181,1.5253179064406162,7.226351210922364,200
2,T,460,False,5.122609255180136,1.4907388138627247,1.4907617229723416,5.714991618346534,444
2,T,19,False,6.622761116363151,1.4801140553723555,1.4801371289287428,7.991295529655032,105
2,T,162,False,6.735680990445285,0.08969176724302114,0.09007173049185761,6.765619421611316,260
2,T,16,False,5.861280235234749,0.5010302844461759,0.501098442878081,6.174949717792604,371
2,T,776,False,6.656523528668265,0.11925365116187928,0.1195396872928014,6.5211286542892095,318
2,T,308,False,6.845726111500651,1.659764857897219,1.6597854340345313,6.478274529674171,322
2,T,836,False,7.099751383610925,1.6986435580602373,1.6986636632547845,7.556318708297446,159
2,T,495,False,6.288231923251543,0.3507026270797799,0.3507999945314719,6.308106989437669,351
2,T,325,False,6.592654304002541,1.7321804480294898,1.7322001639701647,6.06018571752992,390
2,T,73,False,7.830559199503318,0.8028024197790471,0.8028449593325693,8.305486424403886,82
2,T,75,False,5.11507893455492,1.5503935017443815,1.5504155293900495,4.494678312264358,556
2,T,515,False,5.78756112458591,0.6561084710311746,0.6561605209714215,5.262814170488815,497
2,T,830,False,6.404031904898803,1.7578390283337244,1.7578584564907023,9.3382964088409,32
2,T,789,False,6.383051256719119,1.5010199422598034,1.5010426944575044,6.777682270167838,258
2,T,283,False,6.309797845299708,0.07812033786270124,0.07855629007536029,6.36124256906777,342
2,T,456,False,4.819738418549376,0.5899416583687324,0.5899995455942925,4.584170867350087,550
2,T,596,False,6.834298609411214,1.7101728443738162,1.7101928140289477,7.340318892263278,182
2,T,466,False,4.601445756519941,1.5322501984608017,1.532272486931025,3.6107387701476954,581
2,T,716,False,7.504420906649975,1.5587835389077855,1.5588054479929498,4.524485846619739,553
2,T,620,False,7.993080361022747,1.3636309467733663,1.3636559912678303,8.915848204732233,46
2,T,249,False,6.656887777878944,0.09678460757964213,0.09713683022915086,6.6816746775890286,279
2,T,292,False,6.495203372903228,1.6844332579936245,1.6844535327985863,6.860410073834075,248
2,T,477,False,5.895209934171931,1.6622039736634633,1.662224519607754,6.012921695990342,394
2,T,704,False,9.556502182168032,0.1406752981127757,0.14091785912984867,9.317348942204791,34
2,T,247,False,5.988881402572066,1.6655912768282404,1.6656117809888804,5.979278696835183,402
2,T,625,False,6.753465362762874,1.6692084185621054,1.6692288782911786,6.664939854358286,284
2,T,228,False,6.635664242729426,1.7257774907169021,1.7257972798065677,7.351323719847125,180
2,T,594,False,7.469786754333025,0.3383935439040912,0.338494452064715,7.851600120147339,124
2,T,755,False,9.308118489125157,0.424179146395368,0.4242596513449336,9.278538580330574,37
2,T,294,False,6.014492663341601,1.654222500571124,1.654243145646493,7.212658513958323,201
2,T,22,False,6.686478241462125,1.6269957298795923,1.6270167204331516,8.378648356639038,76
2,T,210,False,6.872870976979157,1.6118932617608517,1.6119144489806707,5.736347933230981,442
2,T,89,False,5.914706406626293,1.6275082568949282,1.6275292408383293,3.5804908561495505,583
2,T,148,False,7.1660173074949425,1.6187340097408605,1.618755107424945,8.23211854004817,89
2,T,485,False,6.810287778332856,1.7334605253244062,1.733480226705972,6.264170150768646,360
2,T,196,False,6.590071281980607,1.4873746634992315,1.4873976244239715,7.546271508940176,160
2,T,134,False,6.450686553502036,1.6167103566776229,1.6167314807695519,5.928899202813428,410
2,T,524,False,5.119174941505957,0.3475763414629941,0.34767458444272487,5.071852951391916,513
2,T,605,False,5.1534694291410865,1.5762835305177634,1.5763051963703496,4.76395159113424,543
2,T,67,False,6.61192614344182,1.7063241898888057,1.7063442045854378,7.227554827773317,198
2,T,494,False,6.606690481891013,1.3968181984936807,1.3968426479620937,6.316089662682918,350
2,T,497,False,6.295472866575764,0.3430219456756537,0.3431214926782242,6.141282475311462,375
2,T,784,False,6.83528659399862,1.6611607045260899,1.6611812633738188,6.2756660311448105,357
2,T,519,False,7.19043106464413,1.6539908389209619,1.6540114868878901,7.903486407482744,116
2,T,826,False,5.001546414420324,0.05987497057792601,0.06044266394136728,5.041605892289072,516
2,T,537,False,6.862769837982229,1.7180648710341422,1.7180847489586144,7.789125510204719,136
2,T,358,False,7.062571135159232,1.6583727953537963,1.6583933887628068,7.52930659115949,163
2,T,616,False,6.167421996423697,1.710832964177802,1.7108529261277912,5.310627244903475,487
2,T,489,False,6.2966986258350595,1.5840207413703136,1.584042301396645,6.144849758217593,374
2,T,233,False,7.990997339185091,0.08172907046781643,0.08214587319004442,8.077845545242244,96
2,T,109,True,9.639651311926393,0.19261039150706333,0.19278762003594985,9.441948839626097,26
2,T,803,False,6.959451094064169,1.6189675805634416,1.618988675203772,5.045157628313142,515
2,T,291,False,6.144251159846368,1.7040387238419739,1.704058765382111,6.974277271479329,230
2,T,181,False,5.377161032621601,1.5491693728796028,1.5491914179309163,4.979679683677326,524
2,T,587,False,6.856506200633141,1.6601994234245945,1.6602199941760662,6.750167980804707,263
2,T,721,False,4.443818413935237,0.6273559010550114,0.6274103363120237,3.232487081924547,589
2,T,405,False,6.931508375349035,1.6700801535393086,1.670100602589108,4.109094822790418,568
2,T,391,False,5.403017123404467,0.6899877232686308,0.6900372176803583,4.802026314157891,541
2,T,165,False,6.719216152186511,0.05099856124796968,0.05166388266462819,6.677379939896889,281
2,T,449,False,6.141248865568066,1.6279658726333548,1.6279868506783162,5.136688601028664,506
2,T,728,False,6.774083302941543,0.5960629604235902,0.5961202532304669,6.533513984760914,314
2,T,209,False,6.394481545613022,1.7570019731335604,1.7570214105462252,5.556945447956899,467
2,T,401,False,7.097570948026179,1.6407878023190157,1.6408086164332167,8.59830418096952,56
2,T,473,False,6.165349432384472,1.7362740750654424,1.7362937445222162,1.8129010213390542,601
2,T,149,False,6.461561354354114,1.7556715322944574,1.755690984436552,6.116259689156528,383
2,T,828,False,6.637002894584336,1.7445345314687657,1.7445541077907465,4.95783836752854,525
2,T,70,False,6.431482605332552,1.7419718080123678,1.7419914131339738,7.767858821475191,139
2,T,255,False,6.058065227295911,1.6345892839313227,1.6346101769736219,6.576694646297356,303
2,T,37,True,9.653108764247778,0.195719077703668,0.19589349376586246,9.523546511783234,21
2,T,428,False,6.261621320803326,1.6922450608593196,1.692265242072112,6.060754496770598,389
2,T,566,False,6.401984013041617,1.7578473119290268,1.7578667399944532,7.9662954500546315,110
2,T,318,False,5.860754304593295,1.7045232113200233,1.7045432471636928,3.5787802976451686,584
2,T,658,True,6.687355659435415,1.7157212755106512,1.7157411805871297,9.45807321439025,25
2,T,322,False,6.0636879070520475,1.6691961894135037,1.6692166492924707,7.838654918211731,127
2,T,814,False,7.1228325788611935,1.6828140745248235,1.6828343688377236,5.899051977291671,415
2,T,820,False,5.873375760533153,1.434472517087775,1.4344963247784075,5.295348486744288,491
2,T,158,False,6.337761992383342,1.7187367412135195,1.718756611367616,8.632830044564678,53
2,T,95,False,6.102806887642966,1.609913244896799,1.6099344581742334,5.12289524264061,508
2,T,348,False,6.975842933102153,1.6354551753238122,1.635476057304436,8.743841829931934,49
2,T,487,False,6.754972398213161,0.8493632095763343,0.8494034172902964,7.068910457803061,220
2,T,175,False,5.085578143233155,0.7792380962065719,0.7792819220938365,4.8431127116093995,539
2,T,341,False,6.721890381358147,0.4305307119663939,0.43061002945694565,7.140375029156527,214
2,T,690,False,5.445893985357765,0.06151425793103404,0.062066959418255206,5.577275149690757,466
2,T,186,False,6.132457406076804,1.7178833941279765,1.7179032741523248,6.185002944071432,368
2,T,795,False,7.277299809539424,1.3703298801863253,1.370354802251625,5.709856335792799,446
2,T,263,False,6.498101840898758,1.6824478201930075,1.6824681189237507,8.247875999365558,86
2,T,411,True,9.67623276139914,0.031585558114378035,0.03264890509677632,9.70682567746039,13
2,T,257,False,5.779172044820353,1.2594853894405293,1.259512504795718,4.481510823177366,557
2,T,696,False,7.237782428779676,1.6496902595989138,1.6497109613923746,7.482303819227907,169
2,T,316,False,4.721991941732901,0.050202284855798425,0.05087802008101615,4.677905971357304,547
2,T,251,False,6.657333986485519,0.1104486129502614,0.11075739083807547,6.550979994095334,311
2,T,813,False,7.122835772567488,1.682892891785229,1.6829131851476689,5.920783658358024,411
2,T,600,False,5.887717463942476,0.706072549278945,0.7061209162515226,5.818709420722128,430
2,T,506,False,6.574552713499287,0.11355129573736904,0.11385165912825776,6.463157602422427,326
2,T,78,False,5.952263722920465,1.6200665350850054,1.6200876154162023,2.729977054005004,593
2,T,240,False,4.721347557716273,0.018293860606710996,0.02007408425107674,4.725156450837032,544
2,T,214,False,6.521745692728381,1.720566534717896,1.7205863837406625,3.9806894795676135,576
2,T,549,True,6.573671363491709,1.6496994806386363,1.6497201823163852,9.537798047148137,20
2,T,418,False,6.853501490295843,1.6599669827395052,1.6599875563714077,6.62665119409037,296
2,T,761,False,6.409945163471978,1.3872003094290084,1.3872249284101545,6.086606239982508,386
2,T,270,False,7.0868540625138365,1.6568850666015453,1.6569056785012926,7.348173155005604,181
2,T,13,False,6.9746769803645385,1.617291622523865,1.6173127390237476,4.932891711411843,529
2,T,492,False,6.606622218878527,1.396884011446295,1.396908459762813,6.2967899061889945,355
2,T,161,False,6.766968883795491,0.09476382838540585,0.09512353385403745,6.794784366031876,254
2,T,392,False,6.291008303546989,0.6363402654594906,0.6363939322209763,5.929373465655154,409
2,T,216,False,6.804583588120118,1.055353769170643,1.0553861291609363,7.257890504450981,191
2,T,207,False,6.649872839756719,1.692659868641014,1.692680044908203,5.600091441072348,462
2,T,606,False,5.132853741389811,1.5592337320364213,1.5592556347959265,4.077343056770553,571
2,T,112,False,6.371322906971293,1.7531518747117243,1.7531713548104346,6.709937181612184,272
2,T,507,False,6.662204394222349,0.06036447860065912,0.06092761114101707,6.606291674420958,297
2,T,18,False,6.622761116363151,1.4801140553723555,1.4801371289287428,7.991214282701295,106
2,T,665,False,7.764858352691327,0.936555383523104,0.9365918481007242,7.9498276069966405,112
2,T,523,False,5.777646104068082,1.532364659021263,1.5323869458266646,3.9963822106285276,574
2,T,157,False,2.5591508526906326,0.7150183271081877,0.7150660889898309,2.807210309462502,592
2,T,205,False,4.824687184113802,1.3181747837702995,1.3182006918866707,4.919952356026361,530
2,T,335,False,7.374144515677706,1.5484766491289867,1.5484987040421947,8.39255688016506,75
2,T,458,False,5.125224346795342,1.4909851700250862,1.4910080753494788,5.7410758512057765,441
2,T,223,False,6.702287919641035,1.5102344574797133,1.5102570708596816,7.624289624620023,155
2,T,801,True,7.204285787459469,1.4748329996827394,1.4748561558592106,11.104733830573888,1
2,T,578,True,9.733227013031943,0.04939276200908449,0.05007942153727033,9.740939587011319,11
2,T,521,False,7.484110087540202,1.5136323170853536,1.513654879702701,6.81562407548787,251
2,T,362,False,4.984161081698838,1.5789570542460876,1.5789786834140933,4.155239696060204,566
2,T,772,False,6.518335772415109,1.6149891762585447,1.6150103228632546,5.451988891918497,475
2,T,510,False,6.26866382531941,1.7514470224615224,1.75146652152188,6.733122321592392,266
2,T,571,False,6.6221699917120285,1.7274723996959864,1.7274921693698155,6.405283688257822,333
2,T,407,False,6.489575199171236,1.659484148903473,1.6595047285212856,6.552014031970165,310
2,T,4,False,6.73740443306164,1.6732477526235008,1.6732681629619974,8.241060690050531,87
2,T,94,False,6.208954313592459,1.636898533499882,1.6369193970677622,5.869696920354278,420
2,T,560,False,7.0617242195059715,1.6586254425972602,1.6586460328694543,7.520790623442983,164
2,T,481,False,5.644659827990841,1.661705516110724,1.6617260682180528,4.827501653342093,540
2,T,499,False,6.283395333391676,0.3467320335823413,0.34683051572023965,6.122938129371401,381
2,T,323,False,6.165708581446729,1.7362753621137381,1.7362950315559318,1.9082071415953434,599
2,T,93,False,6.0237181165658855,1.6491205966270641,1.6491413055715467,5.995461001663181,399
2,T,725,False,5.573458149310993,1.6193606270695433,1.6193817165899107,6.899087990864074,241
2,T,733,False,6.182830839863502,1.7290961913237066,1.729115942432077,5.743942175351509,440
2,T,389,False,4.815075279495984,1.4091817747937012,1.4092060097563264,6.456229617833801,329
2,T,397,False,6.519200390194684,1.689097606172287,1.6891178249901846,7.763673933279643,141
2,T,564,False,6.716625001914374,1.740689849967985,1.7407094695279244,4.405345548521328,560
2,T,386,True,9.39545272995612,0.07175728080278898,0.07223164729418721,9.397963221629253,29
2,T,364,False,5.616126128211761,1.6594890143610597,1.6595095939185354,7.761294472301075,143
2,T,667,False,6.707009179613881,1.0782415800796925,1.0782732531855614,8.189585656871746,92
2,T,453,False,6.751814561656373,0.7578271267507328,0.7578721907827816,5.780092122318846,436
2,T,440,False,6.3290993552786405,1.72926286295768,1.7292826121623999,5.303864986156526,488
2,T,640,False,5.816201892180555,0.8542915619139415,0.8543315376831078,5.300221768240734,489
2,T,633,False,6.995544541574393,1.6238389429413291,1.623859974300566,6.632571838955628,295
2,T,227,False,6.423469249703459,1.5451120874152808,1.54513419035352,5.835454081796843,426
2,T,369,False,7.27111404153242,1.651536937872887,1.651557616518774,7.743141970135096,145
2,T,642,False,6.118503041301585,1.680028270645146,1.6800485986094393,7.7294561795878876,147
2,T,416,False,4.902316590559561,0.9261493515464106,0.9261862258166327,5.750812534531761,439
2,T,81,False,5.923221657285018,1.6446227743105424,1.6446435398904915,5.98476067939678,401
2,T,760,False,6.177990336392279,1.6981796061653356,1.6981997168526661,5.312483564310809,486
2,T,744,False,6.554797310725234,1.515662069237475,1.5156846016397494,6.0941042599381765,385
2,T,370,False,6.04236351750559,1.6990946429500757,1.6991147428070499,6.721715018996138,270
2,T,311,False,6.3713749461879265,1.7530965239404117,1.7531160046541632,6.581021197119387,302
2,T,450,False,6.146967525693226,1.7042878730459599,1.704307911656266,7.234502105083516,196
2,T,52,False,6.122571607615969,1.5448456057712654,1.5448677125221464,4.249140656628792,563
2,T,788,False,6.388903280794028,1.500746607979962,1.500769364321508,6.8019691966873905,252
2,T,342,False,6.132652455452204,1.511607406871572,1.5116299997127667,5.712638243705233,445
2,T,540,False,6.866104824008363,1.7174987559438626,1.7175186404203413,7.766307861045799,140
2,T,267,False,5.961434613281778,1.6110214183401046,1.611042617025752,5.538118810586395,468
2,T,106,False,6.0674591945957665,1.6292825497488646,1.6293035108409921,6.244953439742992,363
2,T,122,False,7.278799170486749,1.6527570219368202,1.652777685317686,8.058265992228735,97
2,T,396,False,6.48918709445646,1.6596031498590138,1.6596237280011943,6.554215148775643,308
2,T,858,False,5.952182260520513,1.649091536175879,1.6491122454852918,5.587240900945984,465
2,T,533,False,6.74655204492627,0.8326771237104309,0.83271813711081,6.906488431983037,239
2,T,384,False,6.3725704103142675,1.7530870368158995,1.753106517635073,6.670136346149911,283
2,T,105,False,6.072238737934164,1.6298678612716055,1.6298888148363677,6.322611554824815,349
2,T,266,False,7.864973712923187,1.5428669622631963,1.5428890973643843,8.563590731692921,62
2,T,347,False,6.797740526869927,1.7027776243898436,1.7027976807728336,4.449852186803868,559
2,T,190,False,6.363476957227108,1.6513802417648258,1.6514009223728428,7.504846915173282,167
2,T,745,False,6.555261338767834,1.5149607950058757,1.5149833378382274,6.119995999642881,382
2,T,739,False,6.602531621203802,1.4649002166618723,1.4649235298467365,7.017010648917049,225
2,T,39,True,9.626134337569983,0.20625939709684343,0.2064249074442687,9.486817814544478,23
2,T,339,False,6.647194907157646,0.42640326315146976,0.42648334826677947,7.020649438660176,224
2,T,188,False,6.08203440916267,1.6737566909733415,1.6737770951057525,6.900283155683901,240
2,T,403,False,7.1559409889147645,1.6188524860986186,1.618873582238681,8.240557102499725,88
2,T,525,False,9.558121493314449,0.13973598848679586,0.13998017717163921,9.301656482951932,35
2,T,189,False,6.514517243272395,1.6553266937964735,1.6553473251006223,8.095185755906353,95
2,T,87,False,6.022296710121778,1.6528615339792248,1.6528821960535414,4.574358068645154,551
2,T,732,True,9.622642979499073,0.2098425805961801,0.2100052669670118,9.489417922564444,22
2,T,483,False,5.790862020803191,1.6166576921274396,1.6166788169075021,5.434160357116103,478
2,T,597,False,6.835306949155787,1.7110182016581887,1.7110381614470915,7.273620642366808,188
2,T,699,False,7.554324155448817,1.428952324352699,1.4289762240134027,6.497915398700831,320
2,T,823,False,5.946007502519627,1.654558277931409,1.6545789188171023,3.9211467430531117,577
2,T,442,False,5.657668877356893,1.6235342209177288,1.6235552562243019,4.495960463165146,555
2,T,770,False,6.657078203972894,1.7303270181560289,1.73034675521508,5.808443290038499,433
2,T,385,False,6.3724819543534945,1.753082195287508,1.7531016761604816,6.644565467598093,292
2,T,332,False,5.907619322437427,1.6208779525014054,1.6208990222798487,5.343713915002115,484
2,T,359,False,6.906561704364508,1.7047604927537257,1.7047805258086879,8.181413710383142,93
2,T,590,False,7.494451957656135,0.3310402736715962,0.33114342257575774,7.876790446080681,121
2,T,504,False,6.21532706255751,1.5820270566016017,1.5820486437977024,6.960814171057435,234
2,T,831,False,8.476089321060378,0.8832095239800812,0.8832481909246932,8.017040276390617,102
2,T,375,False,4.7426261111142605,1.40728182597682,1.407306093658119,6.549279922378957,313
2,T,114,False,6.371858988294067,1.7531040297197567,1.753123510350104,6.706172964344219,273
2,T,170,False,6.789481985739393,1.5500029774586546,1.5500250106541236,7.162257974442394,209
2,T,123,False,6.080072042005591,1.672277751509857,1.672298173687182,7.093215692336729,217
2,T,301,False,7.140096923497855,0.9799337187742952,0.979968569247729,6.856094478572721,249
2,T,615,False,6.246004609791652,1.7179788950596635,1.7179987739789115,6.448372129235358,330
2,T,602,False,8.54876050121168,0.674427330696415,0.6744779669588274,7.945659614779634,113
2,T,793,False,7.663623780852625,0.67146159958017,0.6715124594773966,6.658430940585758,288
2,T,718,False,6.10655441943277,1.6563368749549596,1.6563574936764658,7.1524546150781205,212
2,T,599,False,7.384012293076866,1.5104339051950493,1.5104565155890415,7.06529286053307,221
2,T,221,False,6.806957017424731,1.0548105097534166,1.0548428864095754,7.296481247127608,187
2,T,654,False,6.8910765200662665,1.6036261292396883,1.6036474256839897,7.014296146988009,226
2,T,111,False,6.371269493928803,1.7531451895672405,1.753164669740232,6.722991980724441,268
2,T,475,False,5.123037293360301,1.5250316215835564,1.5250540155523649,7.041344270672378,223
2,T,484,False,5.791669497507937,1.617076999943831,1.617098119246313,5.437448178521067,476
2,T,329,False,5.77571803555691,0.6715762235763416,0.6716270747935061,4.890422660924352,532
2,T,279,False,5.643092805526189,1.624048799398254,1.6240698280398942,3.6127470421015673,580
2,T,277,False,5.4441287540109125,0.03231210628761782,0.03335229730264267,5.472047463886428,472
2,T,349,False,7.210701561807795,1.4624211740346083,1.462444526738496,8.299952124204475,83
2,T,825,False,7.7764236149849975,0.09765541108086893,0.09800450416177336,7.816204571091317,132
2,T,187,False,6.580329104214485,1.7312461919263327,1.7312659185064696,5.999895403868063,398
2,T,65,False,6.444916496566242,1.745008833904378,1.745028404905473,6.474717526408884,323
2,T,841,False,5.225538753085935,1.5473081788138365,1.5473302503818676,6.403136945581981,334
2,T,611,False,5.949877102245315,1.5568485874772118,1.556870523792011,5.273711412991526,495
2,T,583,False,6.862220920236592,1.6599324234966644,1.659952997556898,6.298802884083637,354
2,T,69,False,6.3991379684241645,1.5006366501361625,1.5006594081451343,6.680656523931228,280
2,T,689,False,6.24195236618532,1.725341047785129,1.7253608418805928,5.70920382109491,447
2,T,637,False,7.3318145747887415,1.485601250639499,1.4856242389730538,9.120641356975245,40
2,T,177,False,5.984450235807596,0.695023198553737,0.6950723344015993,6.46289988799896,327
2,T,736,False,6.61557268853101,1.6982464625228268,1.6982665724184518,7.049396004571117,222
2,T,849,False,4.605177919949119,1.532590337246202,1.5326126207698567,3.551675694390697,585
2,T,117,False,6.197652097563164,1.5721150246212807,1.5721367479206734,5.194195742982873,503
2,T,586,False,6.437582163849132,1.7074424227333644,1.7074624243221876,6.698066683001475,277
2,T,372,False,6.352048832047173,1.7489786361605597,1.7489981627402222,6.911288951326649,238
2,T,10,False,6.225765799372739,1.5999544885576302,1.5999758338732275,8.58451980853266,59
2,T,628,False,4.987759590643778,1.579014313392755,1.579035941776442,4.2243281172305025,564
2,T,669,False,5.979743950039344,1.4005820544787808,1.4006064382440286,6.3489579916527745,344
2,T,63,False,6.46653900001276,1.734363149184474,1.7343828403128612,8.20708743501096,91
2,T,735,False,6.265508586158842,1.6568886231467137,1.6569092350022177,9.288351293827652,36
2,T,500,False,6.289176173437595,0.3791195905024853,0.3792096615665187,6.159330003127415,372
2,T,1,False,7.995997051444298,0.041359372961347715,0.042177022824962586,8.009685933157787,103
2,T,42,False,7.422697299522231,1.509288027020772,1.5093106545807182,7.444683592495187,172
2,T,634,False,6.479738767176374,1.7386584897879096,1.7386781322700864,7.564158000872082,158
2,T,167,False,7.007424124490443,1.3999544690444026,1.3999788637404553,4.343550577929724,562
2,T,76,False,7.696432101058496,0.028099664871904965,0.02928983933952053,7.691670384971233,148
2,T,313,False,6.737726405215674,1.7340637750479535,1.7340834695758394,8.33991289556054,79
2,T,296,False,5.18489448261858,0.008266965993755877,0.011689578664925048,5.193871219835408,504
2,T,502,False,6.774289191677923,0.5889362750159896,0.5889942610521183,6.570334593244542,304
2,T,490,False,7.16295633161667,1.6490230900266984,1.6490438001956838,7.388271793848624,177
2,T,720,False,6.169513504722972,1.6978436091056692,1.6978637237727845,4.865877213957415,536
2,T,543,False,7.063800784704456,1.5406202863563159,1.5406424537365047,7.967531114816451,109
2,T,641,False,5.780150503301664,0.8552622834960972,0.8553022138949368,5.127240232137854,507
2,T,811,False,6.95622771371338,1.6190811453855998,1.6191022385463394,5.224369043032343,500
2,T,617,False,6.058107346558831,1.66947067545632,1.669491131971417,7.762660881778158,142
2,T,290,False,7.722787862745383,1.6444625003685012,1.6444832679722965,6.604779408118148,298
2,T,779,False,6.048821000292832,1.683849530999152,1.6838698128325378,3.661163645863391,579
2,T,212,False,5.997861254709206,1.667726983588459,1.6677474614916017,6.670430704551111,282
2,T,555,False,9.42955337843691,0.4968362073548108,0.49690494107156363,8.600034265916813,55
2,T,835,False,6.579072374780557,1.7310700632973925,1.7310897918845978,6.25636096429761,361
2,T,672,False,5.56013943380675,1.6549819889171051,1.6550026245183536,6.003168573753497,396
2,T,317,False,5.557593847088251,1.5668567538795384,1.5668785500799178,6.846800623997064,250
2,T,57,False,5.365308412909416,1.5458571594018855,1.5458792516871065,5.055310274941489,514
2,T,791,False,7.013657190129171,1.4439373352322145,1.44396098686915,7.858427564884402,122
2,T,535,False,7.313114490141895,0.06155835365654705,0.06211066275226883,7.246886323313077,194
2,T,272,False,6.136707890514276,1.694939411548102,1.6949595606803272,7.227508662124391,199
2,T,15,False,6.329503659629689,1.6463993476610503,1.646420090833853,5.653337124664947,452
2,T,432,False,5.869499940127177,0.5552842625429739,0.5553457623413686,6.972150626635547,231
2,T,503,False,6.773739268470725,0.5927705208239527,0.5928281318228089,6.554119743054003,309
2,T,621,False,8.591517567803141,0.635954750383814,0.6360084496752859,8.456305235360068,70
2,T,137,False,7.475378690536524,1.4246770410251752,1.4247010124046624,6.228587703549057,364
2,T,702,False,5.806968764132016,1.6577545986813695,1.6577751997698151,5.984766144354552,400
2,T,287,False,7.7431166844138675,1.6387692705689008,1.6387901103202778,6.767393524486503,259
2,T,451,False,5.02487509226157,0.9974725074065757,0.9975067451173364,5.280675800506787,494
2,T,300,False,6.698867024705657,1.630259900883545,1.6302808494095267,7.000134501596454,228
2,T,752,False,6.753483500560827,0.7499439173514759,0.7499894550559354,5.862454408474164,421
2,T,622,False,6.131202884622978,1.5112266092975923,1.5112492078316266,5.731125016471266,443
2,T,195,False,6.589279738505414,1.4873394407697735,1.487362402238259,7.493104720165489,168
2,T,286,False,7.737810428471788,1.639565067590687,1.6395858972271857,6.653034180406101,290
2,T,314,False,6.341848792767198,1.7490017014021546,1.74902122772431,7.300443026132391,186
2,T,547,False,7.322618342160406,1.2995113562595848,1.29953763645777,6.759091013210304,261
2,T,333,False,6.067285380083208,1.6912631293054778,1.6912833222351538,7.895487754988643,117
2,T,182,False,5.374605142979171,1.5478059045199763,1.5478279689905863,5.00685048938073,521
2,T,49,False,5.860541666144808,1.7044981523991218,1.7045181885373477,3.582465512943393,582
2,T,518,False,7.1841455875557845,1.6541991081372427,1.654219753504555,7.84040479160981,125
2,T,102,False,6.214134216596288,1.2873834284962062,1.2874099562646188,5.266939574894694,496
2,T,687,False,5.929557514602871,1.6742962037441025,1.6743166013017177,5.200911134489581,502
2,T,651,False,5.925711186772288,1.6692831334795175,1.6693035922928514,6.368910260082931,341
2,T,41,False,7.43175262227313,1.509370812306176,1.5093934386250747,7.4582486265117245,171
2,T,553,False,6.111588083153249,0.16478037574515528,0.16498750180948893,6.245936994294635,362
2,T,366,False,7.039130679091792,1.5874578539793804,1.5874793673252705,9.14530221792872,39
2,T,534,False,6.747642112346259,0.8241012544566488,0.824142694634639,6.891376683347156,243
2,T,275,False,6.345954479081709,1.7152624718837308,1.7152823822844179,8.345085905561413,78
2,T,675,False,8.7055806009052,1.0430855985560763,1.0431183391340169,7.361165887587953,178
2,T,832,False,6.455005234765107,1.5821653369028958,1.5821869222123142,7.889853787141451,118
2,T,303,False,6.340047837740064,1.7546513885064852,1.7546708519578131,6.282368228491635,356
2,T,113,False,6.371547154295189,1.7531232557417549,1.7531427361584657,6.717476976862545,271
2,T,749,False,6.626735098664925,1.427622317217301,1.427646239143128,2.4419704441913597,596
2,T,437,False,6.014933765904089,1.688990602490082,1.6890108225888998,7.007492325688469,227
2,T,141,False,6.838740950370937,1.7099770861295829,1.7099970580708146,7.40710813308838,174
2,T,706,True,9.69149185867301,0.021433214460321197,0.02297142147808177,9.695923189050802,14
2,T,548,True,6.574343496649789,1.6494968408479986,1.6495175450689057,9.602074080939925,18
2,T,609,False,6.334695079920035,1.6434916328716649,1.643512412743449,5.885328881469793,417
2,T,648,False,6.562549613924297,0.4031724950712875,0.4032571937419454,5.824360214826074,428
3,T,666,True,7.3436976550266335,1.3595443475971318,1.3595675894208217,9.556195842916736,13
3,T,417,False,5.960683046076034,1.644340163776698,1.6443593802236207,4.543454495962715,469
3,T,321,False,6.439390953484018,1.6842285069667509,1.6842472683070273,3.4016050042547046,541
3,T,754,False,6.829259626372149,1.1717068477542683,1.1717338154181935,5.613192851719212,361
3,T,851,False,6.779854047690441,1.579414815568003,1.5794348219397791,3.296665937772463,545
3,T,371,False,6.135408063630573,1.6895577371288037,1.6895764392924153,5.645437654479137,358
3,T,390,False,5.510839217906597,1.0982696071223534,1.0982983779688111,6.31089941251618,256
3,T,498,False,6.238243902511126,0.6054622805892157,0.6055144674873816,6.353934906039491,249
3,T,142,False,6.743598067440284,1.6680037819059654,1.6680227257363243,6.307734802390783,259
3,T,839,False,6.06671206452435,1.472192518123733,1.4722139815732393,6.2438601679535655,269
3,T,150,False,7.059166857491522,1.640410222867827,1.6404294853511707,3.9326276088270427,522
3,T,230,False,8.701279613129634,0.046294216125834946,0.04697181673023282,8.713377830325493,45
3,T,493,False,6.770962524454194,1.4041879107563646,1.4042104136611997,5.41919107421792,386
3,T,650,False,5.957349762813774,1.5488670689612922,1.5488874699063768,9.078657498316439,37
3,T,56,False,5.501937572527941,1.5637374514037152,1.5637576583482555,5.7916716095381044,337
3,T,204,False,7.056017790038016,1.4842884985854399,1.4843097871243902,8.984826879963844,39
3,T,217,False,6.79748261209131,1.0005385131959004,1.0005700942505207,7.7067721177638795,101
3,T,48,False,5.544911819320157,1.5132000788768785,1.5132209606773308,5.934722537093069,316
3,T,593,False,7.475530452865095,0.6436191483669153,0.643668241615808,8.325530947702873,60
3,T,843,False,6.1698128819282365,1.634939556646064,1.6349588835827835,6.12680398011409,286
3,T,845,False,6.045438986645471,1.663118070945374,1.663137070426035,5.2218702231287155,404
3,T,859,False,6.10307788998321,1.6456646516969606,1.645683852678002,6.446912149219453,236
3,T,568,False,7.096632562222036,1.4214444387543008,1.421466668475122,8.508329172067235,53
3,T,14,False,6.528656727213425,1.736263220396218,1.736281419476946,5.3916056179461505,390
3,T,176,False,5.355943970531465,1.0988779362201642,1.098906691139753,6.583710783403236,216
3,T,173,False,4.486900974936413,1.4928193145761237,1.4928404814620218,2.133131315218145,564
3,T,701,False,6.132140203128468,1.6700344114691072,1.6700533322655298,4.115973097595595,508
3,T,298,False,7.121889340023835,1.6002459365642794,1.6002656825073518,6.686352761535755,205
3,T,812,False,6.353903771800016,1.6154459073799783,1.6154654675327957,5.945847226516104,310
3,T,159,False,6.757893586385363,1.7170596956884672,1.717078098304793,4.780621107312719,448
3,T,766,False,6.452450702304322,1.7245816985413047,1.7246000208929155,3.38914220386188,542
3,T,8,False,6.608533908345304,1.7332563055182615,1.7332745361710724,5.817734610988397,332
3,T,565,False,6.097744427289175,1.3241600674684784,1.3241839303504475,6.4826297508400685,230
3,T,198,False,6.528111333981137,1.7361166508139685,1.7361348514311161,4.088476448971852,510
3,T,60,False,7.891436194634654,1.4493763412648109,1.449398142588296,7.319484741679147,135
3,T,328,False,6.902530732212348,0.9783743961361965,0.978406692605432,6.87983157296516,176
3,T,861,False,7.037674976879806,1.679319657219224,1.6793384734005008,5.844714635420761,328
3,T,457,False,5.6731850677297775,1.189291036909835,1.1893176058540056,8.230306765116206,66
3,T,237,False,6.679701498760624,1.6733593864542178,1.6733782696553308,4.157087146407777,505
3,T,662,False,5.841796648576867,0.2829642084191006,0.2830758562055077,5.5934329146035395,363
3,T,638,False,6.022063769021058,1.2774365397505945,1.2774612754248973,7.048252737009699,156
3,T,310,False,3.999752195331543,0.13407930861939538,0.13431477253112606,4.152868558018806,506
3,T,20,False,6.611090928720915,1.6407870433035425,1.6408063013631482,9.114646107971462,34
3,T,346,False,7.4997705761456555,1.4822948529435243,1.48231617011456,7.872055129879553,90
3,T,271,False,6.904131295614141,1.6806378543671003,1.6806566557901954,4.89004000775631,438
3,T,415,False,6.327346759058876,0.8467969295427196,0.8468342441134574,6.723843771289721,200
3,T,399,False,7.37805660449287,1.5175127666098525,1.517533589066193,5.682169849394065,353
3,T,743,False,6.72621290882532,1.5309665648637152,1.5309872043393562,5.639154707072895,359
3,T,183,False,6.468493751548605,1.729042542760392,1.7290608178417424,6.551405571368351,218
3,T,202,True,7.032079867737994,1.4889099086172974,1.4889311310799442,9.281620486823481,24
3,T,124,False,5.993550513454842,1.6507002640316495,1.65071940643902,5.804676566534716,333
3,T,821,False,6.195438025102901,1.6782081191668676,1.6782269478106435,4.602710395386737,465
3,T,59,False,6.696064873826668,0.9833348705621066,0.9833670041157716,5.919750723344684,318
3,T,488,False,6.158395793685795,1.6328726386593722,1.6328919900601673,5.882940001461329,325
3,T,429,False,6.485840792517379,1.73316788349075,1.7331861150736347,6.731505889154054,199
3,T,588,False,7.196297252111497,1.6121245530383674,1.6121441534891936,9.167866905806832,31
3,T,445,False,6.497391891788563,1.7357538696203125,1.73577207404144,5.757946051064035,342
3,T,336,False,5.441578383185377,1.627113112562737,1.6271325324612715,3.9917938088910825,517
3,T,64,False,6.65758846462002,1.7129032113653764,1.71292165863651,8.264148816947868,64
3,T,476,False,6.9314646401832185,0.18990353044588557,0.19006985030783932,6.94010248228415,167
3,T,863,False,2.988822833642086,0.787210649265948,0.7872507881469211,3.539142209488012,536
3,T,748,False,6.7781270141923216,1.4668508083083818,1.4668723499184195,2.0123402727518833,568
3,T,511,False,6.481812260263885,1.6500980598723554,1.6501172092656766,3.522652484867928,537
3,T,344,False,5.45146493896283,1.626547645643514,1.6265670722932672,3.9882023159718947,518
3,T,857,False,6.559246972576518,1.2228806697200525,1.2229065088939535,7.5392179196971725,116
3,T,747,False,6.778166468193656,1.4671873079662592,1.4672088446357974,2.0909144837443963,565
3,T,536,False,7.132850014658339,1.5762221012745132,1.5762421481696505,7.571607523744611,115
3,T,132,False,6.174671948318876,1.6027004649757512,1.6027201806783749,4.89112137520623,437
3,T,382,False,6.5957499050119575,1.271575191710267,1.271600041401869,4.813643361945789,445
3,T,138,False,6.764069364051273,1.491318802855356,1.491339991038316,6.48248136981911,231
3,T,121,False,6.888749771958838,1.6939373712391892,1.6939560250493422,4.011916925024758,514
3,T,46,False,6.819796153956772,0.9670422666557063,0.9670749415732159,6.408396857675759,239
3,T,798,False,7.0181361026094224,1.5953069548721646,1.5953267619468217,7.345812461525483,130
3,T,184,False,5.532971518769646,1.6633299680283133,1.6633489650885958,4.247770014648893,497
3,T,53,False,6.795302958294577,0.9578036894951932,0.9578366795706028,6.93581194583694,169
3,T,862,False,7.353429062007275,1.3569639304890762,1.3569872165089085,7.731038676769956,98
3,T,400,False,6.010305552749003,1.6706347603732867,1.6706536743705267,5.76665559404562,341
3,T,496,False,6.291402037863264,0.6756659303739391,0.6757126952990551,6.389564622767064,245
3,T,435,False,6.469098471363781,1.6914640330246982,1.691482714111028,5.981836079142375,303
3,T,368,False,7.232865875418344,1.4504588697077476,1.450480654760383,7.396540892969904,124
3,T,660,False,5.022357222320453,0.463429783730611,0.46349796285294925,5.171499969551246,411
3,T,632,False,7.138227780777559,1.6175092466513752,1.6175287818530255,7.799792272473347,93
3,T,168,True,7.141547058007169,1.4045200351835279,1.4045425327672252,9.257840562616567,25
3,T,618,False,7.275480201298779,1.502154916210984,1.502175951550637,8.17302040043434,70
3,T,783,False,7.1322651430900805,1.6328616159040013,1.6328809674354279,7.921430559784263,87
3,T,172,False,6.223269284138457,1.493709292216351,1.4937304464908336,7.06188304793514,153
3,T,688,False,6.4622212072151175,1.7214093899623806,1.7214277460790761,6.330003800063748,252
3,T,461,False,4.783707198509989,1.4773344454692234,1.4773558342153357,4.250640327033895,496
3,T,757,False,5.193199763069675,1.6000883068466385,1.6001080547349216,2.653196620567477,553
3,T,608,False,6.152312866371487,0.16718037753800105,0.16736927960047396,6.326388036698426,254
3,T,144,False,6.7271117013095925,1.6012287637994067,1.6012484976226546,8.064046627540444,78
3,T,334,False,6.600325460125153,1.7104202182211017,1.7104386922715922,7.579310563346211,114
3,T,538,False,7.303409675865111,1.4184461638462964,1.4184684405549908,7.400999541820078,122
3,T,85,False,5.874061419218481,1.5984590030284702,1.59847877104546,6.069939314333417,291
3,T,393,False,7.169603117032769,1.4387668284568804,1.4387887905415804,6.018699574086623,299
3,T,764,False,6.166648681552574,1.6349024179148297,1.634921745290578,6.0381088299855525,296
3,T,673,False,5.722759609322161,1.6433712500077773,1.6433904777843753,3.8868364098696064,529
3,T,517,False,7.385191324602687,1.5163728069926907,1.5163936451024598,5.690033821079137,352
3,T,226,False,6.510168313533761,1.4905234380597945,1.4905446375489138,6.398461885772566,242
3,T,807,True,7.327575685306498,0.9498711661089857,0.9499044316800913,9.573889626708615,12
3,T,577,False,6.9153057230438995,1.5973692216286846,1.597389003131943,5.005979435275325,427
3,T,468,False,6.3013883777990305,0.6704530809142952,0.6705002094165994,6.456962415375166,234
3,T,833,False,6.599606492245025,1.6892083669968703,1.6892270730285097,7.595959588124356,112
3,T,822,False,6.141901774671344,1.6518242904042504,1.6518434197858276,6.234047711163614,270
3,T,174,False,6.741368549303287,1.7079060750982067,1.7079245763433448,6.653556182826974,212
3,T,671,False,7.141937207623388,1.010566216333643,1.0105974840237477,7.981921120721132,83
3,T,394,False,7.178710419130806,1.426538599661754,1.426560750001608,5.88957217450773,323
3,T,627,False,6.820868395143897,1.4906323316115708,1.4906535295520489,6.996076548368939,163
3,T,444,False,6.845333889746676,1.673946007167601,1.6739648837513248,4.342932714679879,484
3,T,522,False,6.765656071077483,1.48946067118544,1.4894818858007015,6.557583342087043,217
3,T,700,False,6.011368058670183,1.6627071290513864,1.6627261332277594,5.5733216594857735,366
3,T,758,False,2.5846497832649913,0.041440289426035476,0.04219590866359737,2.645333438324046,554
3,T,97,False,6.040650914223874,1.6231956050070468,1.6232150717740474,4.661898142355099,459
3,T,668,True,7.544165674300626,1.4778465996398698,1.4778679809737263,9.433818863453446,18
3,T,211,False,7.118757911409328,0.7958023304236538,0.795842035976959,6.733832723315887,198
3,T,309,False,6.668242225063592,1.710311342966389,1.7103298181928905,4.971176082130709,430
3,T,781,False,6.716324792014097,0.9319878494167074,0.932021753276506,7.243032892061816,139
3,T,3,False,5.954724446906343,1.6216090968246153,1.6216285826367816,5.693538939279352,350
3,T,426,False,6.888142090865724,0.692679904123613,0.6927255204602547,7.973423085313915,84
3,T,584,False,5.645305059357973,1.6340146344839055,1.634033972360368,2.6401785257780976,555
3,T,192,True,7.5487417404767685,1.47766915604225,1.4776905399436135,9.445364245232978,17
3,T,629,False,6.805407925293905,1.6982194195025355,1.698238026277754,6.40400213047899,240
3,T,80,False,5.9363136952947535,1.5967564646835162,1.596776253777853,4.751065814195684,452
3,T,703,False,6.129329164022879,1.6683496713625723,1.6683686112654588,3.8753774623517603,531
3,T,434,False,7.750200760497795,1.5300283611439254,1.5300490132753914,5.152582419438756,413
3,T,542,True,6.635709200071444,1.7199338827995307,1.7199522546635133,9.199502950869878,29
3,T,802,False,7.236479222066013,1.420754484802048,1.420776725318009,7.4954648989370165,119
3,T,513,False,6.201184472118076,1.4745006306128619,1.4745220604650038,2.6958377218731004,552
3,T,208,False,6.529193123113802,1.222533888066835,1.2225597345700725,7.359030938016334,129
3,T,345,False,6.477149804769353,1.7351312036242648,1.7351494145781288,4.269025528280342,492
3,T,256,False,6.07418075538574,1.618226748082824,1.6182462746229156,4.0210751864439915,513
3,T,133,False,6.769437685809227,0.11741712646272114,0.11768593249405687,6.806921501991268,189
3,T,850,False,4.8901282125887695,1.5267941628631525,1.5268148587413037,5.300014165891713,396
3,T,145,False,5.825207164567916,0.059806217347346334,0.06033225301305342,5.913287866753944,320
3,T,62,False,6.959130386010524,0.6871908644945847,0.6872368451742439,8.01759915577235,81
3,T,595,False,6.826091057131655,0.15155946324023498,0.1517678095575646,7.028442662053075,159
3,T,50,False,6.202268747783633,1.7061380646385995,1.7061565850557148,2.8975827220712067,549
3,T,90,False,5.706197296640431,1.5987179473223967,1.5987377121376007,4.571534556579595,467
3,T,448,False,7.006333702484821,1.6842674721663882,1.6842862330726296,3.667284313376794,533
3,T,471,False,6.271891074458061,0.630384185510495,0.6304343093946928,6.2888814748831825,262
3,T,72,False,6.49943048497782,1.736189930719675,1.7362081305686319,4.865800673961109,441
3,T,338,False,6.83886212770267,1.1786933585642216,1.1787201663854054,5.40792110331037,388
3,T,68,False,6.688440982395767,1.5529744962078156,1.5529948431956082,8.011442174602474,82
3,T,469,False,6.285872408127475,0.6407192839607568,0.6407685993862511,6.505556938696449,225
3,T,742,False,6.725598832090869,1.530866676651748,1.5308873174740854,5.659361718954792,356
3,T,860,False,7.037432126695779,1.6793033218462796,1.6793221382105883,5.888637627762741,324
3,T,712,False,6.5362392877142295,1.7363454537552976,1.736363651974126,6.416450660098619,238
3,T,856,False,8.281872891250085,0.9495849058781082,0.9496181814770442,8.882315806987897,42
3,T,197,False,7.057087344031391,1.6968344165008067,1.6968530384632212,5.949325235812147,309
3,T,734,True,7.335557423284087,1.6211631675962352,1.6211826587682499,11.19546410575085,4
3,T,155,False,5.059940328401951,1.6019999217291556,1.6020196460532103,5.185084009284875,408
3,T,420,False,5.159993045974122,1.5217043726958692,1.5217251377965608,2.5853121371423375,556
3,T,774,False,6.653973782504677,0.19461324257286883,0.19477554082830664,6.60950686818397,214
3,T,130,False,6.463936578728914,1.730270254224476,1.7302885163388981,5.172216143965919,410
3,T,220,False,6.796355712548432,1.0000007963951545,1.0000323944308886,7.770589278665047,96
3,T,636,False,6.722100388307275,0.936017829391431,0.9360515872850593,7.242506786104055,140
3,T,194,False,6.780204424868806,1.5178267328386161,1.517847550987839,5.497208958581693,378
3,T,800,False,7.203708634997873,1.4440041256613971,1.4440260080924334,8.315334274568997,62
3,T,805,False,7.123173735665011,1.6091578799545991,1.6091775165407367,5.259426056890584,403
3,T,810,False,7.059685131165044,1.6082894957650433,1.608309142953683,5.0453732360549255,424
3,T,737,False,7.679689055576681,1.4775164763772606,1.4775378624883049,8.586781762935907,49
3,T,762,False,6.167687837277029,1.636295271753009,1.6363145826770251,6.142618676083947,283
3,T,58,False,5.95313380579546,1.5489348934470442,1.5489552934988275,9.07059880805334,38
3,T,647,False,6.778026553740099,1.4670952190127675,1.4671167570341337,2.0590628140182394,566
3,T,727,False,6.820814881122054,0.974337690704928,0.9743701209747994,6.451432399760188,235
3,T,43,False,7.625645564227373,1.4676283552921257,1.4676498854896227,9.144560955119163,32
3,T,261,False,5.44144178341836,1.6269383630086773,1.6269577849930796,3.969916735354591,519
3,T,398,False,6.844567206434496,1.4885741658005225,1.4885953930497549,7.025354562029896,160
3,T,644,False,6.278146058063493,1.677697629523094,1.6777164638959832,7.181325949333619,147
3,T,252,False,6.661097955629824,0.18479930233100209,0.18497021182411555,6.487160539132504,228
3,T,777,False,5.346031488278493,1.6362953128539734,1.6363146237775044,3.9492635900659256,520
3,T,656,False,5.14209715309284,1.5237011827057783,1.5237219205941814,2.580741983855881,557
3,T,763,False,6.1732687312791334,1.6348492931317748,1.634868621135563,5.976894750342649,305
3,T,554,False,8.799222183495914,0.8116397530267824,0.8116786838482389,8.16990370743398,71
3,T,213,False,6.723379066111545,1.6500463880548013,1.6500655380477858,7.323146717306347,134
3,T,125,False,7.232403292787011,1.626337268695769,1.6263566978584514,5.7144936507877695,347
3,T,478,False,6.4880318552234995,1.6322476065654712,1.6322669653763573,5.404494422936958,389
3,T,235,False,6.204128767082844,1.631189405031583,1.6312087764009617,4.2605306903850195,494
3,T,280,False,6.934343435882941,1.6602342312117733,1.6602532636943017,5.719375307875422,346
3,T,153,False,6.273477371938516,1.6669095443362922,1.666928500602128,7.186955691111139,146
3,T,797,False,6.939533787509512,1.6840537751333284,1.6840725384201976,4.09041938664569,509
3,T,824,False,7.400585708028134,1.2531274042529241,1.253152619759423,8.489344573715996,54
3,T,467,False,6.284725049932967,0.6645500182354732,0.6645975653408617,6.760490901585463,194
3,T,474,False,7.12379758398525,1.5373254451744247,1.5373459992795948,6.9532066701220465,165
3,T,374,True,7.145217903097585,1.3575714246765158,1.3575947002763593,9.383549088994359,21
3,T,501,False,6.25103918052444,0.6711338360845283,0.6711809167860537,6.310557122090208,257
3,T,26,False,6.765720004884865,1.4901119589578529,1.49013316430091,6.397632418172905,243
3,T,343,False,5.885223081113614,1.65092305678374,1.6509421966078646,4.3000461748122465,487
3,T,178,False,7.227257765349894,1.6423340713149976,1.642353311234318,4.838436675096744,443
3,T,684,False,7.402327606853994,1.266353893284604,1.2663788454318508,6.07962683715167,290
3,T,273,False,6.662538777868349,0.9277963473591927,0.9278304043807213,5.7242658020583095,344
3,T,582,True,7.1934703138712095,1.6119459028146714,1.611965505437768,9.421976519938092,19
3,T,848,False,5.370503834221511,1.027234132376462,1.0272648927318873,5.795748349771719,335
3,T,677,False,6.108088606962424,1.6404510381783926,1.6404703001824807,5.082110849546099,419
3,T,229,False,8.699454884638934,0.06381328454877686,0.06430655025062554,8.688696679415413,47
3,T,353,False,7.428567885366621,1.011745304066443,1.0117765353183144,7.341209859591223,131
3,T,750,False,6.726717031427407,1.5300972017131427,1.5301178529154615,5.651863111599207,357
3,T,834,False,6.628276961964476,1.6947694728350302,1.6947881174865957,5.918493463524323,319
3,T,852,False,6.099294932025995,1.4769815333344647,1.4770029271911613,6.024173228084415,298
3,T,84,False,5.899822522687555,1.5779063109469673,1.5779263364449243,7.63044220758759,110
3,T,572,False,6.5759490822796804,0.21210492916061946,0.21225385295552224,6.674947624920414,206
3,T,79,False,5.997543434582944,1.6346422090768848,1.634661539529205,3.901866391974731,527
3,T,373,False,6.47049466207351,1.724725357982617,1.7247436788081003,3.4635492318628445,539
3,T,630,False,6.158895615209117,1.6308702570718505,1.6308896322320026,6.82349403930186,186
3,T,47,False,6.818182285254368,0.9720093217617867,0.9720418297131259,6.482812625029348,229
3,T,569,False,5.143583701844047,1.5218992013858974,1.5219199638283432,2.5616828248008883,559
3,T,855,False,7.22436486216683,0.20339228468376344,0.20354758310801466,7.149445667106302,150
3,T,610,False,6.483009142853322,1.6408318156985489,1.6408510732326775,6.668898036091552,209
3,T,631,False,5.9017681225372085,1.544301036876115,1.544321498139839,6.399010868934634,241
3,T,282,False,6.844488086124974,1.1670648369398606,1.1670919118654266,5.412644711427075,387
3,T,790,False,6.123399829260647,1.6459401683371917,1.6459593661041865,6.2880908429946025,263
3,T,258,False,5.7629055536490945,0.50391076213491,0.503973464892368,5.307855641737826,395
3,T,438,False,6.344680108145428,1.682693801012485,1.6827125794639075,5.313323317733089,394
3,T,160,False,5.886448334982649,1.087835758513378,1.0878648053046893,6.880093641155596,175
3,T,74,False,7.121360217227611,1.6380670876870482,1.6380863777236414,6.904282491146905,174
3,T,612,False,5.814813970985888,1.31296068558018,1.3129847520056772,7.1556362957197885,149
3,T,837,False,7.035558935555368,1.6251864365256858,1.6252058794464441,7.013609871070495,161
3,T,200,True,7.467467473559018,0.9590117596648191,0.9590447081839542,9.194671863407109,30
3,T,646,True,7.3379432687999415,1.5860304588681446,1.5860503817904807,9.730309986785,8
3,T,741,False,6.160476498503995,1.6307587984904113,1.630778174974795,6.821512836168095,187
3,T,643,False,6.036373578618585,1.670080887129429,1.6700998073993225,6.130388268411006,284
3,T,129,False,6.585901195763595,1.680592333075066,1.6806111350074195,4.006199611046894,515
3,T,846,False,6.021381768779172,1.6621201573713862,1.6621391682589381,4.323786570146014,485
3,T,293,False,6.454435503123023,1.7248227988012703,1.7248411185917618,4.2661898972960675,493
3,T,295,False,7.030509485080417,0.6187537775686061,0.6188048435295679,8.192083817059192,69
3,T,234,False,6.213963536245034,1.6293538487302672,1.6293732419222944,4.4393736905022205,477
3,T,203,False,7.148563703454956,1.6365406669929168,1.6365599750213415,6.205295360561948,276
3,T,423,False,6.0999862494774195,1.3413494505262478,1.3413730076109702,5.5955368797221015,362
3,T,118,False,6.404851452514585,1.2217642518658653,1.2217901146504628,7.586661697650289,113
3,T,337,False,5.890837487985069,1.6510861169078914,1.6511052548418022,4.343497090040052,483
3,T,306,False,7.6692893590916436,1.4902587893872392,1.4902799926410315,7.603596438727362,111
3,T,818,False,6.474036244999811,1.6629744016171448,1.6629934027392093,7.32844188854325,133
3,T,215,False,6.582778900267447,1.6925255395833958,1.6925442089535796,4.256090244428052,495
3,T,381,False,6.432691760196001,1.7227421503257738,1.7227604922418276,6.663560416865904,210
3,T,54,False,6.179472667338532,1.559850084458587,1.559870341761037,5.432476012239004,383
3,T,773,False,5.974059256432607,1.4870269830847944,1.4870482324196812,3.577465335089616,535
3,T,785,False,6.979685674810077,0.8899063421824941,0.889941849210868,8.738641082718296,44
3,T,819,False,6.475923439866653,1.6633246491986922,1.6633436463197209,7.408750157339288,121
3,T,729,False,6.6004704372269725,1.7330462668063793,1.7330644996686537,5.6698227250389115,354
3,T,551,False,6.796883624083032,0.9583648953778027,0.9583978661353225,7.043815969829539,157
3,T,653,False,5.751788349638987,1.5566067585929866,1.556627058102742,5.556364839682451,368
3,T,365,False,7.199510652645241,1.4800548473523005,1.4800761967855827,6.334920209806788,250
3,T,446,False,6.343997471641819,1.7033188457174306,1.7033373967879626,7.192736849642089,144
3,T,284,False,6.144120921431185,1.609610159375005,1.609629790443586,8.649414013143524,48
3,T,269,False,5.1531902594924635,0.09311601488132931,0.09345474491759637,5.130467773472198,416
3,T,82,False,6.031509695027588,1.6292283267268763,1.6292477214130114,5.160264370559914,412
3,T,753,False,6.838693582056012,1.184918093571407,1.1849447605661332,5.362153584568186,392
3,T,99,False,5.901752418015713,1.6041547925565136,1.6041744903850903,5.100881845754861,417
3,T,139,False,6.419539050462106,1.7267655589741997,1.7267838581535655,5.09548853467476,418
3,T,201,False,7.020198574521648,0.28806226593148493,0.2881719385606701,7.100162316055968,152
3,T,126,False,6.894565972751042,1.651881778011655,1.651900906727513,6.503719658039922,226
3,T,694,False,6.84035900403905,1.1731270397700855,1.1731539747876052,5.34365180194158,393
3,T,768,False,6.866256333613125,1.6989019870082949,1.698920586307955,6.271275466706513,266
3,T,320,False,6.476450815097038,1.6931032498219647,1.6931219128219712,6.499770614786532,227
3,T,246,False,6.745753526045245,1.1337594147983006,1.133787285060129,7.659348123184629,105
3,T,23,False,6.16814369958264,1.4887447361171153,1.4887659609343076,4.827359807341487,444
3,T,191,False,6.430104400478149,1.6378209676242275,1.637840260559556,5.782271353179932,340
3,T,505,False,6.691710005079793,0.23968570537457,0.2398175024495465,6.816873731001412,188
3,T,264,False,7.880094993610289,1.5176295838110387,1.5176504046646249,7.040695272234965,158
3,T,465,True,7.194032058963259,1.6120204016850603,1.6120400034022406,9.468995820187814,15
3,T,679,False,6.755856675238827,1.7171896896984262,1.7172080909216594,4.876778864524114,439
3,T,550,False,6.799593141055366,0.9599026496846674,0.959935567625181,6.86540419705558,181
3,T,544,False,7.308622622531044,1.4242139098350037,1.4242360963294467,6.0969482956384375,288
3,T,686,False,6.041037019145279,1.6667930439515364,1.6668120015423038,4.738505463088221,455
3,T,844,False,6.5846301694625495,1.7125587541563392,1.712577205137843,5.998355382675077,301
3,T,520,False,7.366538786456576,1.5209258731791266,1.5209466489084755,5.144825782675763,414
3,T,436,False,6.493956621947801,1.7288325727414557,1.728850850042326,6.854280259007546,184
3,T,430,False,6.4858488690068885,1.7331642533537934,1.733182484974864,6.743681860817164,196
3,T,262,False,6.600592643816353,1.6967714465194925,1.6967900691729911,7.7609017766518384,97
3,T,242,False,6.449137924921271,1.6869837317358771,1.6870024624349955,6.787049939303129,190
3,T,563,True,7.222962438762217,1.5463941615127963,1.5464145950815058,11.250434339447422,3
3,T,545,False,6.878857801906023,1.6553345533609838,1.655353642177719,7.897042622407586,89
3,T,486,False,6.739687039987466,1.7239829588926847,1.7240012876075843,5.881031038837169,326
3,T,103,False,6.306281442175544,0.13860979089064904,0.13883757146746165,6.216551723538302,275
3,T,414,False,6.255338149579703,0.8434526570496711,0.8434901195653587,6.698201506754586,203
3,T,104,False,6.030714992791998,1.6420937042861854,1.642112947021781,3.618849441927728,534
3,T,726,False,5.056971730919349,0.5890281237236732,0.5890817665296253,4.7640329902323835,450
3,T,589,False,7.4882126159789895,0.6241459349748671,0.6241965597997831,8.262754589465137,65
3,T,724,False,6.310405706597191,0.17197866481320892,0.17216230211973563,6.3303412930158505,251
3,T,443,False,6.8446831586434715,1.6739194782417997,1.6739383551246836,4.787583320472465,446
3,T,681,False,4.9742535265978525,1.559108326954681,1.5591285938945696,4.238745836237214,499
3,T,676,False,8.015783040602578,1.2883192342114895,1.2883437609425181,6.430513360314538,237
3,T,383,False,6.2557874536186695,1.6714820248198137,1.6715009292297678,7.218595691668401,141
3,T,254,False,6.660309412361452,0.21577858832924635,0.21592497841054756,6.6735701986829215,207
3,T,17,False,6.073194494883054,1.6179611510488958,1.6179806807943353,4.058846474694904,512
3,T,24,False,5.538003605005274,1.6374992589088861,1.637518555634526,3.894209851110573,528
3,T,792,False,7.36842560736578,1.2551914280571277,1.2552166021003406,8.894164706724892,40
3,T,657,False,5.137565842039283,1.5233442826261459,1.5233650253731046,2.5789283503990856,558
3,T,460,False,5.111975813930652,1.4924304633908585,1.4924516357916882,7.188436242799455,145
3,T,19,False,6.929681601828522,1.4720687047099255,1.472090169964663,4.43501000814938,478
3,T,162,False,6.898714704329262,0.16867938862806792,0.1688666138352156,6.876227724669609,177
3,T,16,False,5.904957298919266,0.8667823758997031,0.866818830143051,5.201809163304327,407
3,T,776,False,6.65495678240235,0.22515859473571945,0.22529889015172047,6.6324987416768435,213
3,T,308,True,7.190528724069123,1.6112566239772366,1.6112762349860297,9.304193466107787,23
3,T,836,False,7.268940113868711,1.652098070404761,1.65211719661632,7.3981045738144395,123
3,T,495,False,6.251462693831903,0.6261061483206275,0.6261566146621185,7.053064280836676,154
3,T,325,False,6.6140051093184775,1.708801138124118,1.7088196296784848,6.3286468306372505,253
3,T,73,False,7.505935853822892,1.2106700237588448,1.210696123537395,8.893237197406208,41
3,T,75,False,5.314906507178714,1.6069847483246702,1.6070044114651139,5.010815168726291,426
3,T,515,False,5.8035967131295445,0.8322795986456297,0.8323175640595142,4.910046825733257,436
3,T,830,False,6.529187806119434,1.7361170915545023,1.7361352921670297,4.232467330796183,501
3,T,789,False,6.816144703817215,1.4887093011583719,1.48873052648076,6.946890915657672,166
3,T,283,False,6.310410042240491,0.14837590488151362,0.1485887151490349,6.390038011812781,244
3,T,456,False,5.051357988951862,0.9842959008630459,0.9843280030437151,4.219509872239398,502
3,T,596,False,6.8492948558663915,1.6977392038094457,1.697757815847644,4.570447223359523,468
3,T,466,False,4.925685212335594,1.5281325098967051,1.5281531876495356,5.261604713551678,402
3,T,716,True,7.793371961762139,1.506162835725279,1.5061838150903915,9.551516224442476,14
3,T,620,True,7.915178796520063,1.4323727583676609,1.4323948184889577,9.708503977747709,9
3,T,249,False,6.6564083833369825,0.18332424891419483,0.18349653228381924,6.5369308156928065,220
3,T,292,False,6.527914214687258,1.6567015271563328,1.6567206002227286,4.27326013415894,490
3,T,477,False,5.953722655114665,1.6423445260075886,1.6423637658044345,3.8773519476898386,530
3,T,704,True,9.498811311779445,0.23936135188703994,0.2394933274590848,9.57599173091839,11
3,T,247,False,6.118722735597093,1.635121127206721,1.6351404519973232,5.94056519264682,313
3,T,625,False,6.962803737095382,1.6335709336336812,1.633590276762521,7.17956685943764,148
3,T,228,False,6.840486499475038,1.6951890851152982,1.6952077251517805,3.945605569875696,521
3,T,594,False,7.461877825401229,0.6258178397293076,0.6258683293183083,8.488919740464228,55
3,T,755,False,8.544644202035576,0.7709072502050838,0.7709482379115972,8.691521297440499,46
3,T,294,False,5.9445309080308375,1.6356990360171761,1.6357183539802176,6.232647475749153,271
3,T,22,False,6.564538125510282,1.6716426657926293,1.6716615683859342,8.33428414181426,59
3,T,210,False,6.665848066561266,1.6322320562995412,1.6322514152948562,6.983953579574697,164
3,T,89,False,5.912803911789543,1.603963648699009,1.603983348874941,5.28865126779683,398
3,T,148,False,7.536629032500959,1.4769973522032251,1.4770187458307937,7.868412635374622,91
3,T,485,False,6.900719824717832,1.7087849467430873,1.7088034384726667,7.724074569624711,100
3,T,196,False,6.784587453876337,1.511826734696504,1.5118476354657324,5.669391367453167,355
3,T,134,False,6.560003733914534,1.5540043116854103,1.554024645189734,5.539322410402116,371
3,T,524,False,5.283463397912913,0.6217924994557544,0.621843315876007,5.066091306472074,421
3,T,605,False,5.493856595824425,1.6466998634721481,1.6467190523824713,3.9972218218378432,516
3,T,67,False,6.5902011813825,1.683414589529605,1.6834333599407378,8.344427780772467,58
3,T,494,False,6.770203026728308,1.4035886353011715,1.4036111478136808,5.576152556016907,365
3,T,497,False,6.24631982755954,0.6145123757851336,0.6145637941770752,6.259590268326456,267
3,T,784,False,7.11989363994013,1.6166812065022873,1.6167007517094572,9.135390560873477,33
3,T,519,False,7.388521957071305,1.626144149431841,1.626163580901884,4.491314617296936,471
3,T,826,False,5.003342686163859,0.1155884065300312,0.11586145538696131,4.93076334933473,434
3,T,537,False,7.040935603470782,1.6831158549380412,1.6831346286806785,5.987078459509195,302
3,T,358,False,6.912012768141356,1.638480147371466,1.638499432545112,1.963586703239816,569
3,T,616,False,6.4335196931733725,1.6847219165833678,1.6847406724290148,3.371495355662705,543
3,T,489,False,6.454440956817426,1.5956807433050988,1.5957005457400035,5.516029453183486,375
3,T,233,False,7.998288426111671,0.15507412379005447,0.15527775432909313,8.317078151357347,61
3,T,803,False,7.128782029106375,1.6028176549073525,1.602837369168481,4.979701100484901,429
3,T,291,False,6.231889305716706,1.6964852113626852,1.696503837158209,5.941276043071217,312
3,T,181,False,5.545609685390589,1.5680733899985406,1.568093541068819,6.031779247857835,297
3,T,587,True,7.222621093558676,1.6123176843039517,1.612337282406969,9.377168747508716,22
3,T,721,False,4.597984060490815,1.0174193979515587,1.0174504550337307,4.459641435763643,474
3,T,405,False,7.137357803049282,1.6141720484256568,1.6141916240146068,6.875152458857351,178
3,T,391,False,5.7696481288545005,1.0382611834481061,1.0382916171169327,6.870262386290122,180
3,T,165,False,6.809635997215951,0.09643318857885783,0.09676030683972958,6.846563470676823,185
3,T,449,False,6.173199740111757,1.641341500639932,1.6413607521940985,3.2669402701534977,546
3,T,728,False,6.819173217555709,0.9792895148930536,0.9793217811831335,6.524363900924805,221
3,T,209,False,6.537933100452043,1.7351990048677122,1.7352172151100078,4.2473146089858576,498
3,T,401,False,7.4691033738397925,1.521511974831386,1.5215327425578251,6.927003283317523,170
3,T,473,False,6.202234322524955,1.7061551513883224,1.7061736716199623,2.8947691560115567,550
3,T,149,False,6.603212001314158,1.7331290495286964,1.7331472815200892,5.20388381471335,406
3,T,828,False,6.714992326565464,1.7197612790247763,1.7197796527326306,8.13308464276331,75
3,T,70,False,6.407154842766901,1.7171688957169522,1.7171872971630118,5.541161420982405,370
3,T,255,False,6.072437768239304,1.6165496876366927,1.616569234433998,3.91506636022587,524
3,T,428,False,6.371441549700965,1.6755906083527825,1.6756094664092467,4.116785073908694,507
3,T,566,False,6.528170609188658,1.7361576224949704,1.7361758226826052,5.936233470782147,314
3,T,318,False,5.86839732113508,1.6663163739033569,1.6663353369171119,8.149789576349752,72
3,T,322,False,6.311046358816702,1.6427819166986797,1.6428011513729897,5.430503752175869,384
3,T,814,True,7.279130203024196,1.6284717838538907,1.6284911875501527,12.058015054230914,1
3,T,820,False,6.05487067740554,1.472637575155512,1.4726590321184805,6.219010780185294,274
3,T,158,False,6.449432360315766,1.6977639192249818,1.697782530992236,4.749134840025459,454
3,T,95,False,5.8258193304219095,1.5777497819676913,1.5777698094523582,7.361207569308375,128
3,T,348,False,7.127574994401584,1.5948750166618448,1.5948948291007632,6.865110726440533,182
3,T,487,False,6.727722744063134,1.2911248454940096,1.29114931892952,6.316754070903885,255
3,T,175,False,5.112024607847534,1.1598716821654262,1.159898924997126,5.900907347592737,322
3,T,341,False,7.019977186020077,0.7473911264897438,0.7474334037730996,8.315101361366384,63
3,T,690,False,5.446337375961633,0.11696620324608555,0.11723604318654592,5.289415690547455,397
3,T,186,False,6.194885089537294,1.6932395024848095,1.6932581639830466,6.055662574850744,293
3,T,795,True,7.327549322706076,1.3457234203284614,1.3457469008475427,10.094094187935834,5
3,T,263,False,6.7642176831421885,1.6508221486366612,1.650841289630713,6.175415722037809,280
3,T,257,False,5.764375809631755,1.2004225660490333,1.2004488886245757,4.365509478567946,481
3,T,696,False,7.255968664856924,1.6148260676858908,1.614845635346645,3.4950211975949657,538
3,T,316,False,4.723976375066576,0.09535370297594492,0.09568451176370077,4.444188087882083,476
3,T,251,False,6.657481497669771,0.20890280496004274,0.20905400986445277,6.522485954025231,222
3,T,813,True,7.276030000979959,1.62861299183327,1.628632393847165,12.02486109364024,2
3,T,600,False,5.982806036446871,1.137370781078273,1.1373985628489398,5.958365495509773,307
3,T,506,False,6.727660059289439,0.21687452448598654,0.21702017530924594,6.874061016560192,179
3,T,78,False,5.922955336322721,1.5949281769485117,1.5949479887270732,4.579352367284586,466
3,T,240,False,4.721514594337695,0.03250350925649713,0.0334615485926796,4.784176217339891,447
3,T,214,False,6.583586581896935,1.6925217424609913,1.6925404118730587,4.272739435982577,491
3,T,418,True,7.173016671547131,1.6108643162561302,1.6108839320409036,9.249878238943186,26
3,T,761,False,6.15295042893282,1.4914248160023613,1.4914460026792489,5.2834743640299475,400
3,T,270,False,6.955679314282879,1.635242996387041,1.6352623197374485,2.384067281048175,561
3,T,13,False,6.89373642901874,1.594288153635713,1.5943079733675685,5.794648217480693,336
3,T,492,False,6.766996195014253,1.4041244117869105,1.404146915709382,5.507633812319293,376
3,T,161,False,6.944174816702056,0.17830492826282957,0.17848205669771364,6.923748377193063,172
3,T,392,False,6.418970198003155,0.9893289109357798,0.9893608498084049,6.045796048425465,295
3,T,216,False,6.797469553763152,0.9989766241848645,0.9990082546145558,7.633302105165626,109
3,T,207,False,6.921295672028273,1.6518644313331703,1.6518835602499018,5.0591265808117605,423
3,T,606,False,5.407187748482583,1.6220450564864712,1.6220645370614672,4.866455284559366,440
3,T,112,False,6.476124752483417,1.7303571824153918,1.7303754436123875,5.936177783240781,315
3,T,507,False,6.605526710058153,0.11440988006826167,0.1146857348473082,6.670696876330147,208
3,T,18,False,6.929681601828522,1.4720687047099255,1.472090169964663,4.434947323710794,479
3,T,665,True,7.303210489755206,1.3688201067339993,1.3688431910629903,9.402963915671378,20
3,T,523,False,5.895647951660941,1.5396331162995949,1.5396536395977618,6.2275466882173784,272
3,T,157,False,3.516349818567541,1.1346479604303503,1.1346758088674433,4.479783122344168,472
3,T,205,False,5.103526299632385,1.4025581076434113,1.4025806366966926,5.788064866308584,338
3,T,335,False,7.378604017685717,1.5291068237018826,1.529127488279474,7.696030288162042,103
3,T,458,False,5.128011288806325,1.4930799123364298,1.4931010755279743,7.202629717086469,143
3,T,223,False,6.699024752630651,1.4572782439460832,1.4572999270564768,4.313589476452146,486
3,T,521,False,7.413081016969167,1.5199001688672473,1.5199209586169011,5.548053856969213,369
3,T,362,False,4.973718209080687,1.5592915714967914,1.5593118360549845,4.384014288364266,480
3,T,772,False,6.773401833372905,1.592993532967716,1.5930133688068027,3.3149022648630595,544
3,T,510,False,6.417031629828416,1.7266501697101333,1.726668470112391,4.953164305617914,433
3,T,571,False,6.723611732583216,1.7014820142659015,1.7015005853629857,3.7214128550831265,532
3,T,407,False,6.59771014342639,1.6391385500462976,1.6391578274736425,7.854182581424922,92
3,T,4,False,6.6427419268606265,1.648401048631257,1.6484202177384444,8.0236307712989,80
3,T,94,False,6.000789345784444,1.595220668839892,1.5952404769859072,6.785929694943176,191
3,T,560,False,6.915402221686021,1.6392408723543577,1.6392601485784093,2.055010623804873,567
3,T,481,False,5.678844684565163,1.640681303806248,1.6407005631069926,0.9412653969199036,571
3,T,499,False,6.237183912148321,0.6203404779422573,0.6203914132979771,6.722587378910976,201
3,T,323,False,6.20250845246901,1.7061890877494856,1.706207607612759,2.8674874578644554,551
3,T,93,False,6.022238549622951,1.6295042588021489,1.6295236502041244,5.079868979216031,420
3,T,725,False,5.524470729157173,1.594421044490336,1.5944408625702888,2.4466480308764,560
3,T,733,False,6.173091367273213,1.7019014815198972,1.7019200480398171,6.759121489967588,195
3,T,389,False,4.970410610837345,1.4488057620770338,1.448827571986345,4.961317954610568,431
3,T,397,False,6.73348084566997,1.6720890060740152,1.6721079036215996,4.468563575222554,473
3,T,564,False,6.877123312542142,1.715855393936472,1.7158738094688428,9.094461344158665,36
3,T,364,False,5.515221417440156,1.6394837016490293,1.6395029750180499,6.219398818669754,273
3,T,667,False,6.915258190866099,1.1570448422050061,1.157072151593599,4.7219221363695,458
3,T,453,False,6.837604800455009,1.1831780954953577,1.1832048017060508,5.286960399534991,399
3,T,440,False,6.409976103100449,1.7019588455214074,1.7019774114155555,4.989091125081241,428
3,T,640,False,6.022063769021058,1.2774365397505945,1.2774612754248973,7.048268862169786,155
3,T,633,False,6.8927755263075845,1.571788424822841,1.5718085282652277,5.45091668421597,382
3,T,227,False,6.528606595249541,1.493119621506575,1.4931407841352973,6.310507228979161,258
3,T,369,False,7.173328764582405,1.6343393427516522,1.6343586767861378,8.09609113791562,76
3,T,642,False,6.042004626610719,1.6711320870464401,1.6711509954149637,6.181653594815314,279
3,T,416,False,5.723182045884267,1.3125594812452095,1.3125835550268512,5.942558997562504,311
3,T,81,False,6.003835469188689,1.6355915708054536,1.6356108900377508,4.295986283129914,488
3,T,760,False,6.304756752714046,1.6700383731506692,1.6700572939022083,6.926627045150484,171
3,T,744,False,6.725726380380148,1.5303210401413876,1.530341688323118,5.693340217410233,351
3,T,370,False,6.134086737836364,1.6889058581455445,1.688924567527683,5.568757455569207,367
3,T,311,False,6.477041028500431,1.7301448915390232,1.730163154976666,5.578366498384426,364
3,T,450,False,6.250590951069833,1.6970383014339472,1.6970569211591136,6.511216965861735,224
3,T,52,False,6.067417764743963,1.5169474540729915,1.5169682842890169,6.053337760524642,294
3,T,788,False,6.819226339951022,1.4879676039605452,1.487988839862826,6.855513635020005,183
3,T,342,False,6.17866710234323,1.4863779393943366,1.4863991980078526,4.732501595147035,456
3,T,540,False,7.043666591229749,1.6822896576455644,1.6823084406081612,6.065942152001076,292
3,T,267,False,6.10091965648321,1.6139841458416657,1.614003723709609,6.119920125808526,287
3,T,106,False,6.061359265598579,1.596673266711787,1.5966930568372628,5.026167770191584,425
3,T,122,False,7.162789580322081,1.6374165723397778,1.637435870039856,8.359666635537991,57
3,T,396,False,6.596713267709147,1.6395164977394108,1.6395357707229008,7.799756766455554,94
3,T,858,False,6.161007944142158,1.6405579847236695,1.6405772454720995,6.689639770953499,204
3,T,533,False,6.867883815554818,1.2592627475461216,1.2592878402008179,6.248208444576646,268
3,T,384,False,6.479849813829786,1.73011434147683,1.7301326052369623,5.5262234137828,373
3,T,105,False,6.066515635012241,1.5980979550451653,1.5981177275281606,4.953934933734696,432
3,T,266,False,7.863324005515841,1.5184967192596486,1.5185175282236782,6.784283157777395,192
3,T,347,False,6.853823790100707,1.6736623748204955,1.6736812546031616,4.358291641333294,482
3,T,190,False,6.428735947130188,1.6371335913284255,1.6371528923641008,5.842225548546358,329
3,T,745,False,6.725709536664313,1.5289004464648008,1.528921113831744,5.62080928510642,360
3,T,739,False,6.76337354548427,1.4593114635564763,1.4593331164568213,6.130029236149404,285
3,T,339,False,6.9899134722888565,0.7393561559905346,0.7393988926968533,8.541470185230564,51
3,T,188,False,5.983253927903993,1.6562624869032183,1.6562815650254235,5.90314163934924,321
3,T,403,False,7.524557298936125,1.4741925553146091,1.4742139896450752,7.703439108347877,102
3,T,525,True,9.497082572902638,0.23519421295689302,0.2353285255311081,9.582109048260444,10
3,T,189,False,6.567491831459498,1.6405135305571825,1.6405327918275285,5.475835771554236,379
3,T,87,False,6.051226096390061,1.6232477986576708,1.6232672647987476,4.754671746420755,451
3,T,483,False,5.6912763688354735,1.6012985045589034,1.6013182375227022,4.620785495545201,463
3,T,597,False,6.85709453000408,1.6994788515815138,1.699497444567968,4.648198625484821,461
3,T,699,False,7.20926459830678,1.5612346917328614,1.5612549310700146,7.299069430924913,137
3,T,823,False,6.069318400083202,1.6492738419237154,1.6492930008867575,5.473425207078817,380
3,T,442,False,5.620293902293213,1.6026414293053934,1.6026611457342652,4.076798392164645,511
3,T,770,False,6.871361666762509,1.699186696627082,1.6992052928103445,6.1688764338980935,281
3,T,385,False,6.479552416684639,1.730099523418967,1.730117787335524,5.531821853860221,372
3,T,332,False,6.111795923201131,1.6329116731615478,1.632931024099756,8.039601984815391,79
3,T,359,False,6.870355539501854,1.6831582654245125,1.683177038694114,4.237159170366496,500
3,T,590,False,7.474245648894762,0.610639624884037,0.6106913693501411,8.399943485265132,56
3,T,504,False,6.217527410894658,1.493627821367286,1.4936489767956254,7.1483660276932195,151
3,T,831,False,8.519747468248594,0.8303484168195314,0.8303864705273896,8.53804279817096,52
3,T,375,False,4.738094681203413,1.4439983985393487,1.444020281057173,5.9625219226335195,306
3,T,114,False,6.478135479795533,1.7301816358082514,1.7301998988580336,5.7326070328061,343
3,T,170,False,6.741793324741274,1.4915848285454456,1.4916060129495252,7.260805204216073,138
3,T,123,False,5.974331919284017,1.6521689438764882,1.652188069267595,5.8716757616128445,327
3,T,301,False,6.75710461866993,1.1395478396096477,1.1395755683056952,6.154433216317907,282
3,T,615,False,6.4716529716581075,1.693572263680024,1.693590921511601,6.37171396479227,246
3,T,602,False,8.176469548199945,1.090851804843647,1.0908807713269475,7.379206385466794,127
3,T,793,False,7.55505588595589,0.872403332128591,0.8724395515044591,7.932508700703144,85
3,T,718,False,6.19903578085817,1.6669316137194798,1.6669505697343465,2.2645866318025307,562
3,T,599,False,7.66655322964713,1.4786342568381183,1.478655626782466,8.58058056368671,50
3,T,221,False,6.807207894464084,0.9964983106055313,0.9965300196983083,7.63976321957028,107
3,T,654,False,6.804802939559467,1.6418335833359812,1.6418528291202295,8.760270952636034,43
3,T,111,False,6.477973735172061,1.7303366213893747,1.7303548828033597,5.8254824293734355,331
3,T,475,False,5.1860768609756445,1.5221061786261583,1.5221269382453486,2.9514040887527924,547
3,T,484,False,5.702085653126979,1.6024582157431693,1.6024779344262479,4.858970120504683,442
3,T,329,False,6.076532055744691,1.001413888768983,1.0014454422182222,6.550442553455431,219
3,T,279,False,5.5637310712963615,1.6040572611814161,1.6040769602076637,5.719611402472601,345
3,T,277,False,5.443153076443393,0.060646163410304495,0.061164975734667136,5.42665832276925,385
3,T,349,False,7.306826636434295,1.4127559541152588,1.4127783205472642,7.394554851181701,126
3,T,825,False,7.784685847903285,0.18968110558612444,0.18984762030799215,7.72974939537583,99
3,T,187,False,6.587623502624442,1.7066439455732638,1.7066624605006435,5.695502567911591,349
3,T,65,False,6.664715710594429,1.7205395773471235,1.7205579427435889,6.371012675521385,247
3,T,841,False,5.26380866297222,1.5540949811459277,1.5541153134639636,6.1874679789454845,278
3,T,611,False,5.984683029816347,1.504548217431332,1.5045692193103086,6.084385145082549,289
3,T,583,True,7.194473232206599,1.6115336128122872,1.6115532204504002,9.465600985025185,16
3,T,69,False,6.827373352463129,1.4877070494487294,1.4877282890701773,7.012000978003004,162
3,T,689,False,6.452263644717536,1.7049458875239192,1.7049644208912271,7.202940647007317,142
3,T,637,True,7.258267006708027,1.2974802741518587,1.2975046277117535,9.209038344520334,28
3,T,177,False,5.970758475082331,1.053245149984579,1.0532751507019764,5.933572071742835,317
3,T,736,False,6.716335809838286,1.68455709744388,1.6845758551246015,5.465413387129946,381
3,T,849,False,4.919539267075924,1.529041040347372,1.529061705813996,5.0659393978966385,422
3,T,117,False,6.407167394335477,1.5688786861615585,1.5688988268885442,7.929487233085959,86
3,T,586,False,6.565478715149704,1.6791323929701918,1.6791512112499087,5.261781296771526,401
3,T,372,False,6.47054118783692,1.7246635144766453,1.7246818359590752,3.4501651136298843,540
3,T,10,False,6.688351315546755,1.2150551977443242,1.2150812033299387,7.63356404908762,108
3,T,628,False,4.98538865735805,1.5596047211743893,1.559624981663758,4.1664973076147325,504
3,T,669,False,6.209412574152665,1.4288981915776187,1.4289203053403718,5.979833997569802,304
3,T,63,False,6.658274140853894,1.7130624352319572,1.7130808807884923,8.22599497639562,67
3,T,735,True,6.187217880589639,1.5356659452434052,1.5356865215598379,9.929631472354925,6
3,T,500,False,6.231616812318813,0.6730966032821503,0.6731435467047139,6.657609438855394,211
3,T,1,False,8.009989994120472,0.07823018683725406,0.0786330671716724,8.086892804575244,77
3,T,42,True,7.6336387678405,1.4675988390914712,1.4676203697219752,9.213961572023829,27
3,T,634,False,6.731528235954709,1.7091975432981241,1.7092160305638886,3.92681559791884,523
3,T,167,False,7.062443222837421,1.3350493295946664,1.335072997843714,7.654574421631091,106
3,T,76,False,7.687447892668325,0.052096135838705745,0.05269918869923848,7.7767894134138915,95
3,T,313,False,6.8161278270955385,1.7081682273860954,1.7081867257918815,7.680514743868519,104
3,T,296,False,5.1848919684880475,0.007951948288297934,0.011244136330231327,5.181872645686084,409
3,T,502,False,6.821360108551413,0.9694570493031525,0.9694896428347277,6.46665940126649,233
3,T,490,False,7.00878785691793,1.6283893916890988,1.628408796367124,6.4742703296928745,232
3,T,720,False,6.184120118687697,1.6692136393371952,1.6692325694370922,6.9393302256766765,168
3,T,543,False,7.156603639758229,1.5105933632587365,1.510614281092819,7.517735344112864,117
3,T,641,False,5.995674516438044,1.280241598667817,1.2802662801463456,6.734308690041209,197
3,T,811,False,7.129234764231852,1.6031898255712778,1.6032095352559181,5.1338720490438625,415
3,T,617,False,6.302117052472647,1.643448826521421,1.6434680533904116,5.5009047392281225,377
3,T,290,False,7.864692683903163,1.6147978333072543,1.6148174013101406,7.338932646930874,132
3,T,779,False,6.232671528943807,1.681714983379637,1.6817337727606607,2.899516780479082,548
3,T,212,False,5.8603531705297485,1.6406504932926453,1.640669752955065,6.297487528181644,261
3,T,555,False,8.766504370103483,0.8104678039979136,0.8105067911112365,8.144393597498238,73
3,T,835,False,6.597175589386824,1.7062725454821666,1.7062910644396005,5.784948607932421,339
3,T,672,False,5.539701978756437,1.637954450709948,1.637973742073041,3.9098622159449965,526
3,T,317,False,5.5462022841952425,1.5137407482487655,1.5137616225908772,5.70686556973153,348
3,T,57,False,5.490068968279718,1.5605527097189515,1.5605729579008458,5.841442710795707,330
3,T,791,False,6.999970167842061,1.422994468222331,1.4230166737292953,6.919652864167199,173
3,T,535,False,7.311349332225162,0.1169571815403003,0.11722704224744317,7.510918710961936,118
3,T,272,False,6.164506514766212,1.674514906517736,1.6745337766884056,4.4527188213093165,475
3,T,15,False,6.199953931180063,1.6303775257103044,1.6303969067259318,4.284557347797335,489
3,T,432,False,5.942224607913729,0.9464981955491999,0.946531579662361,6.76941843160077,193
3,T,503,False,6.818375127976999,0.9747630898261296,0.9747955059434856,6.5199686443548615,223
3,T,621,False,8.32022460095285,1.0416369799113667,1.0416673149519027,7.395011635509457,125
3,T,137,False,7.383385553691722,1.4696500375747146,1.4696715381552414,6.367257491603917,248
3,T,702,False,6.0196987225754945,1.6473520513893805,1.647371232702888,5.211685001167163,405
3,T,287,False,7.9421562072997265,1.592867878382936,1.5928877157867685,7.908276934662407,88
3,T,451,False,5.537752949469641,1.4364792633337162,1.4365012603920713,1.498205320370226,570
3,T,300,False,6.656565408915631,1.6293320246072436,1.62935141805903,6.307227454820459,260
3,T,752,False,6.84437689655144,1.1733752959906871,1.1734022253095764,5.3665489258737775,391
3,T,622,False,6.17991790699071,1.4853023919394006,1.4853236659466305,4.657515613518816,460
3,T,195,False,6.784192649466725,1.511454379810855,1.511475285729029,5.520164950256852,374
3,T,286,False,7.922500743617669,1.5963528628573769,1.5963726569548777,7.422587359763428,120
3,T,314,False,6.450297643986699,1.724662661919927,1.7246809834114138,4.1743144596951485,503
3,T,547,True,7.464006264346907,1.218244271668867,1.2182702091794915,9.805308433480302,7
3,T,333,False,6.172826966204539,1.674740515126972,1.6747593827556209,4.602839802209692,464
3,T,182,False,5.534868044151091,1.565148699920705,1.5651688886454733,6.004185078866222,300
3,T,49,False,5.8679730930669445,1.666184835153214,1.6662037996640076,8.135198019980727,74
3,T,518,False,7.402130071679853,1.626294859802186,1.6263142894715168,4.632967767086601,462
3,T,102,False,6.167471401781994,1.2274478255514865,1.2274735685835787,4.91996603583767,435
3,T,687,False,6.041385291070417,1.6672539460663287,1.6672728984164462,4.75087506685653,453
3,T,651,False,5.949964705401682,1.6542977238526382,1.654316824633133,6.705864313199175,202
3,T,41,False,7.645541497980375,1.4671383720240634,1.46715990941194,9.107444002611299,35
3,T,553,False,6.052337906258864,0.30640111778408397,0.3065042285182525,6.282246898955914,264
3,T,366,False,7.628192008314265,1.0297448976046801,1.0297755829612132,7.316869063451823,136
3,T,534,False,6.866693018746173,1.250581510486517,1.2506067773248997,6.278160833311128,265
3,T,275,False,6.276153281367137,1.6867965026342182,1.6868152354123622,4.731499498128038,457
3,T,675,False,8.285549132693665,1.1387145972221118,1.1387423462078459,8.197861987696495,68
3,T,832,False,6.577330744915898,1.5102770017389817,1.5102979239547145,4.5290748031247094,470
3,T,303,False,6.475034535475858,1.7327440451384197,1.7327622811807992,5.949827497931267,308
3,T,113,False,6.4779911453507895,1.7302546911941097,1.7302729534727914,5.797179400967108,334
3,T,749,False,6.778745507741121,1.4632283192214421,1.463249914160886,2.135015982589196,563
3,T,437,False,6.205328595954446,1.6617748477156855,1.6617938625535726,3.910618923186473,525
3,T,141,False,6.849269830541599,1.6971975145996345,1.6972161325781137,4.768928272364738,449
3,T,609,False,6.313298132977497,1.6216472478734751,1.6216667332272217,6.6011239760590845,215
3,T,648,False,6.720793683575003,0.7095863326678723,0.7096308622299861,6.200817232414069,277
4,T,417,True,6.301703411368219,1.754612086849598,1.7641659582172684,9.11604861209673,30
4,T,321,False,6.46627814162726,1.8084281302691254,1.8176991651983108,5.4907349410618025,391
4,T,754,False,6.815785123887328,1.2457385306434519,1.2591594178433712,6.241829434383222,275
4,T,851,False,6.749608442541396,1.706286255594589,1.716109186166473,7.515615233223072,121
4,T,371,False,6.155256337591274,1.8129220574296154,1.8221702278131924,7.384453420507995,131
4,T,390,False,5.538623113263872,1.1749792790310607,1.1891989988922385,5.478178305502443,392
4,T,498,False,6.256454603873677,0.6598505170101433,0.6848508287302459,6.273845761961726,270
4,T,142,False,6.720086940908267,1.7936053110197865,1.8029525685753178,7.730394839427407,102
4,T,839,False,5.729621529694635,1.5930628455741993,1.60357949062805,4.235380929328068,482
4,T,150,False,6.908330390092311,1.7658926622015227,1.7753858305256165,6.196700159296301,283
4,T,230,False,8.684247901722939,0.18829859665560786,0.2628199275481648,8.817628226905008,39
4,T,493,False,6.75351052398304,1.5272734193212778,1.538239919576676,8.50277759936466,56
4,T,650,False,5.826546772710055,1.6768431746704182,1.6868375693150535,6.3151177811608905,263
4,T,56,False,5.430796816883315,1.6872038680453867,1.6971372499480606,5.05962744111792,428
4,T,204,False,5.7656252023366665,0.3426449814273271,0.38861746758384985,5.7591736219252505,353
4,T,217,False,6.709528084173858,1.1124123764308276,1.1274215041635638,3.7603852236899824,499
4,T,48,False,5.577986767537881,1.6447430047059197,1.6549312687670772,8.061540819520005,77
4,T,593,False,7.65435771203168,0.6038701083575251,0.6310919588948035,7.85808467164005,91
4,T,843,False,6.201879823129885,1.7592841021028969,1.7688127387391654,4.889732606910364,445
4,T,845,False,6.122717583407347,1.7861008026707434,1.795487128919343,5.3287914155902225,403
4,T,859,False,6.159192181750486,1.7716625663970837,1.7811249821353505,5.466931019348416,393
4,T,568,False,7.037638778729595,1.5511771946437718,1.5619758775336043,7.014801046446765,162
4,T,14,False,6.477824021250134,1.8552972770869995,1.8643352539659777,5.818928583797618,338
4,T,176,False,5.337454444286649,1.1712964265793113,1.1855603197355313,4.557050924511972,464
4,T,173,False,4.509226563037801,1.613232437736404,1.6236184437788614,5.319900498679858,404
4,T,701,False,6.157180777917476,1.7932070692366264,1.8025563918985066,6.319783241667515,262
4,T,298,False,6.9472536970182555,1.6789852801756928,1.6889669990442682,6.693044935750872,201
4,T,812,False,6.234340831076565,1.7377016487549053,1.7473479827725982,6.657852643709839,207
4,T,159,False,6.647597703196939,1.839062087651032,1.8481794596438201,5.170009029717173,418
4,T,766,False,6.458617384192312,1.8456788442864984,1.854763690894529,3.471760132147,512
4,T,8,False,6.541163133566353,1.8530443815912196,1.8620932933021206,7.525813104837928,119
4,T,565,False,6.04518838142638,1.423927750034127,1.4356838754165913,6.694535190683529,200
4,T,198,False,6.47690861425038,1.8551971732636277,1.8642356354547311,2.8775396340827615,522
4,T,60,False,7.535554567760078,1.5770672078875851,1.5876898094427307,6.703374504910524,198
4,T,328,False,6.738388102383603,0.9662492544817255,0.9834915223836155,7.784298511650499,96
4,T,861,False,6.520474638073738,1.7746361218281954,1.7840827664969383,6.02137962180587,313
4,T,457,False,5.517462657773334,1.2647678568129939,1.277988921877371,6.1042959236327015,301
4,T,237,False,6.519997062280321,1.7990266027007709,1.808345838062794,1.8988773382282647,538
4,T,662,False,5.847884548837726,0.3475775764713496,0.3929734399162979,6.1725155011190544,288
4,T,638,False,5.914311571393684,1.350917658396438,1.3633035144755061,5.648952284391049,373
4,T,310,False,4.01521876904021,0.2296823063776223,0.29389099114619904,4.170364178180098,484
4,T,20,False,6.588284329181595,1.753497748458939,1.7630576583494142,4.08659451171611,490
4,T,346,True,7.50612497700084,1.6035626417941247,1.614010873250767,9.14598804216153,27
4,T,271,False,6.854533648280717,1.805376944509617,1.8146635678772063,6.257310287089259,273
4,T,415,False,6.719993672510181,0.9023607970061107,0.9208001741895223,7.2200951627400825,140
4,T,399,False,7.159981049236703,1.6485483016846323,1.658713192749499,5.5761098619475815,382
4,T,743,False,6.709209106164187,1.6546355467986051,1.6647632701208512,6.754646869960102,191
4,T,183,False,6.44608962330524,1.8494177283804587,1.8584842982554055,5.677523874667895,363
4,T,124,False,6.092183147917056,1.7743208663219021,1.7837691805497864,4.613250029708832,460
4,T,821,False,6.190618758828132,1.8031585534482932,1.8124565433928872,8.25952475034178,68
4,T,59,False,6.690291547586857,1.0480268273258895,1.0639446337139546,7.755130625278251,98
4,T,488,False,6.204866852904379,1.7570272388695376,1.7665680487723825,4.719895750681112,455
4,T,429,False,6.445077303011435,1.852961167773912,1.8620104838834852,6.62760864459785,211
4,T,588,False,7.794679143940063,0.21676615745638117,0.2839111125552431,7.659633475291389,111
4,T,445,False,6.454158293919647,1.854892106338931,1.863932047841988,7.657624877155396,112
4,T,336,False,5.537142401410999,1.755161895126561,1.7647127899231116,5.660303027379165,369
4,T,64,False,6.572367857140726,1.8352339406839124,1.8443702366531927,6.102834852713223,302
4,T,476,False,6.826154826862941,0.23833758774698763,0.3007037720864245,6.993154630735907,165
4,T,863,False,2.933404374748025,0.8459648062213041,0.8656063806251661,3.6703620166336033,509
4,T,748,False,6.752910094312253,1.5881847284066781,1.5987334625753429,7.00871145850671,163
4,T,511,False,6.497458995100407,1.776344393226644,1.7857820012985028,6.838997549527204,183
4,T,344,False,5.544107411802241,1.7546765075915018,1.7642300301002307,5.673910212293432,366
4,T,857,False,7.5085997698903135,1.2435479750282756,1.2569922509748723,7.55369401575447,117
4,T,747,False,6.752584881103454,1.5885513788231342,1.5990976943185278,6.944557552289161,170
4,T,536,True,6.713044462030379,1.679100693254418,1.6890817300833665,9.986506419596155,5
4,T,132,False,6.193987041676741,1.7330880427041906,1.7427599136364693,4.95045190230716,441
4,T,382,False,6.579573292137025,1.3561855998166237,1.3685237791006508,7.074479244800951,155
4,T,138,False,6.748331411196658,1.618533209242494,1.6288854171594631,6.5532319391649665,224
4,T,121,False,6.5454348218227185,1.799695542440898,1.8090113317211667,7.041840438888051,158
4,T,46,False,6.819970664572992,1.0340471542539091,1.0501768755950394,5.405262627101696,399
4,T,798,True,6.7647245885589005,1.6993805755498983,1.7092431931618903,9.20394107769235,24
4,T,184,False,5.6052741300561895,1.7896620084882455,1.7990297544621467,3.8794282304629775,496
4,T,53,False,6.793328209051218,1.022779000824531,1.039083652715977,6.47392457036257,241
4,T,862,False,7.230125313884,1.4752480625021183,1.486598398603404,7.683973768996257,110
4,T,400,False,6.123967346933634,1.7930087821155891,1.8023591333465092,6.223513787565105,277
4,T,496,False,6.292607794746794,0.7314572837405101,0.7540873362887063,6.531229397367479,231
4,T,435,False,6.399552405563748,1.8165152358591103,1.8257452053674494,2.820254398639052,525
4,T,368,True,7.283293718322276,1.53612413308446,1.5470278940789772,9.654214923971052,10
4,T,660,False,4.997535460754547,0.5147285220407378,0.5464095572152757,5.186055254536812,416
4,T,632,False,6.664645499948825,1.6357244781010931,1.6459685662469514,5.242737849158676,411
4,T,618,False,6.845665858860874,1.1156727925090144,1.1306386393356693,7.155493833030136,144
4,T,783,False,6.747483254265772,1.6844193498604516,1.69436905631514,5.003079909481872,432
4,T,172,False,6.480696858712084,1.6155096970791567,1.6258811562259834,5.791003619179991,345
4,T,688,False,6.428535428574865,1.8428051425089431,1.851904086628505,4.404291844323174,474
4,T,461,False,4.779101764596794,1.5974060707938977,1.6078943086606006,2.662572033260404,529
4,T,757,False,5.173701011275686,1.7191440708492707,1.7288939496539844,2.184717437165896,537
4,T,608,False,6.1309113684357195,0.24991333418326384,0.3099590737767601,6.005481975549487,319
4,T,144,False,6.791130979842339,1.726846078863589,1.7365527152668023,4.5085802052662665,468
4,T,334,False,6.501191345784197,1.8331194692197004,1.8422662514539714,2.539089050000524,534
4,T,538,False,7.329613312812847,1.5340541653682607,1.5449725353861998,8.935827404785856,38
4,T,85,False,5.863682352435384,1.7270385144686737,1.73674407535253,6.0276626441042245,312
4,T,393,False,7.148199947309123,1.5678663782961044,1.5785508965520543,6.1729078415062615,287
4,T,764,False,6.204738021120013,1.759201950491869,1.7687310297013357,4.983995950211844,435
4,T,673,False,5.701532896923534,1.7708427259407558,1.7803094991689614,5.976038603913307,322
4,T,517,False,7.150876479841639,1.6474255065845633,1.6575972829850307,5.674053505993958,365
4,T,226,False,6.436030345946615,1.6228865397370542,1.6332111540378544,3.934083996128208,493
4,T,577,False,7.094144788487614,1.720742437765818,1.7304833110845657,8.38576572528568,62
4,T,468,False,6.335016669067302,0.7260616769403485,0.7488548000349482,6.56058097181214,221
4,T,833,False,6.609265488784667,1.8140238847850847,1.8232664663687317,6.169455257716646,291
4,T,822,False,6.118437553971893,1.7770891585574056,1.786522832285168,6.4244621809780105,248
4,T,174,False,6.469315304828119,1.8256522960502752,1.8348363030220416,5.0942792196811695,422
4,T,671,False,7.0528422818501495,1.0750702374908385,1.0905934019388523,6.476350061306021,239
4,T,394,False,7.162398625204062,1.558378670821104,1.5691277941850696,6.375800379987702,254
4,T,627,False,7.093078085402229,1.6123838593663447,1.6227752964471267,5.803399096937232,343
4,T,444,False,6.783355073761005,1.8006839267026564,1.8099946289144753,6.284696062979676,268
4,T,522,False,6.749903150277648,1.616795434110708,1.6271586980301536,6.565632721536342,219
4,T,700,False,6.060920171881373,1.7886896319424985,1.79806244391916,4.966769851503933,438
4,T,758,False,2.617080933571831,0.18726355611067283,0.2620793625243438,2.26005767933836,536
4,T,97,False,6.051140247050075,1.7528260401388267,1.76238959364912,6.5010476527907475,237
4,T,211,False,6.690855251388204,0.8371019916887785,0.85694672955982,5.42326788988105,396
4,T,309,False,6.612788791670808,1.8330437803451356,1.8421909383872066,5.767595380484542,349
4,T,781,False,5.986603777954475,0.950678523132491,0.9681981239185116,6.623660379716056,212
4,T,3,False,6.08231065919415,1.741016869100168,1.7506449358180267,5.973678884033687,324
4,T,426,False,6.779993699009312,0.7358766395971387,0.7583748291700672,7.933775177238389,89
4,T,584,False,5.654703376345768,1.7617417691519448,1.7712571845975886,3.4095355866130848,515
4,T,629,False,6.731234142728929,1.819816605503382,1.8290299151407565,6.458303490338613,244
4,T,80,False,5.962788220418784,1.7271813571644352,1.7368861198565473,7.272257825735124,135
4,T,703,False,6.15210201340717,1.7916380416267357,1.8009955094386094,6.433658632216913,247
4,T,434,False,7.737299340412893,1.6489060518518808,1.659068751031044,4.969602713511202,437
4,T,802,True,7.241949132428705,1.509742408422194,1.5208353272469701,9.282224164995576,21
4,T,513,False,5.8845408460523885,1.602139376500092,1.6125968295101087,7.551134160402216,118
4,T,208,False,7.501009448151525,1.2425633768118525,1.2560181918300486,7.384201246119786,132
4,T,345,False,6.439180539254357,1.854429661431971,1.8634718463160762,5.5287418517737486,387
4,T,256,False,6.128871974094422,1.7465029206456646,1.7561009095828712,9.017070867622543,36
4,T,133,False,6.7788271598109855,0.18001924228600227,0.25695307043734206,6.8886892704475,177
4,T,850,False,4.8851798568953235,1.6543039901776688,1.6644337309522743,5.9068490299264855,331
4,T,145,False,5.82568756006532,0.19283707143859075,0.26609037738137664,5.737233026939045,356
4,T,62,False,6.79319605577645,0.7269080991503412,0.7496754880775505,8.080098345498142,76
4,T,595,False,6.6878319165075535,0.20925169429452967,0.27821614686980806,6.547695439214626,227
4,T,50,False,6.183284848613495,1.8303214838549415,1.8394821790587985,6.159183499014225,293
4,T,90,False,5.744573854490505,1.7294448836936203,1.7391370154614016,5.628205716183013,374
4,T,448,True,7.024839384344999,1.8098678529598802,1.8191315504909362,9.159056176854019,25
4,T,471,False,6.289366201955229,0.6851422736713244,0.7092516393956826,6.090433871815336,303
4,T,72,False,6.442300398209746,1.8552136083174133,1.8642519908263657,7.176837830489768,143
4,T,338,False,6.821765760191194,1.253256291383545,1.266597522777614,6.185792076655515,286
4,T,68,False,6.508289116918474,1.6759313508494134,1.6859311508996715,7.742651105065347,101
4,T,469,False,6.321867403554409,0.6956444038792051,0.7194018970383703,6.655794629894676,208
4,T,742,False,6.7085472934796195,1.6545432949508843,1.6646715795257876,6.76328954725701,189
4,T,860,False,6.520826051593014,1.7745862315744945,1.784033140417441,6.014731189747071,315
4,T,712,False,6.484821549311401,1.8553498342908121,1.8643875563886645,5.983323026158086,320
4,T,856,False,8.511296580959415,0.9722220439766822,0.9893602254023299,7.450062029921607,127
4,T,197,False,7.033989493975032,1.812756631029837,1.822005641088028,6.338436654716672,259
4,T,155,False,5.144206648932845,1.7263265167075539,1.7360360581225227,5.371238498988367,402
4,T,420,False,5.048150109703423,1.6486647015178113,1.6588288793135852,2.8847494317422693,521
4,T,774,False,6.6542314549809465,0.2729667613688709,0.3288294476262146,6.886266271849363,179
4,T,130,False,6.408937608594295,1.850478267455997,1.8595396664607347,1.7681469888265164,539
4,T,220,False,6.707855585721486,1.1119261680773056,1.126941771374649,3.598967205103907,511
4,T,636,False,6.002509288112383,0.9557219372853097,0.9731507458879827,6.548712872174722,226
4,T,194,False,6.769932534534478,1.6401206567329933,1.6503374568421505,8.417776216716025,60
4,T,800,True,7.334433149594803,1.5251034457184929,1.5360854380392945,10.037208506271805,4
4,T,805,False,7.438543362413216,1.7192817103498523,1.7290308130156224,8.750419506000467,44
4,T,810,False,7.510581899427726,1.7091511552510448,1.718957714520614,8.317742833541232,65
4,T,737,True,9.367915521306996,0.39392069235061,0.434501397783638,9.573370716931475,14
4,T,762,False,6.20438015638067,1.760561741267521,1.7700835001854789,4.726555905178641,454
4,T,58,False,5.8215051156660325,1.6769200208661414,1.6869139602231205,6.295948682042806,265
4,T,647,False,6.752516549868216,1.5884325347101738,1.59897963406034,6.949743190510765,168
4,T,727,False,6.820461397666973,1.041757180558262,1.0577693397232928,5.294166117112424,405
4,T,43,False,9.311411397193595,0.24423745111715828,0.30540118752578155,9.099830522147355,31
4,T,261,False,5.537320854798825,1.7550006645380691,1.7645524320186736,5.627354560465221,375
4,T,398,False,7.10942497332253,1.6104845927941067,1.6208882060281489,5.880636202089318,333
4,T,644,False,6.2703427786149675,1.7958629659675243,1.8051985334991894,6.583100064826175,215
4,T,252,False,6.659262577359813,0.2652166314252842,0.32242489729939644,6.8004330218728875,186
4,T,777,False,5.318707455206731,1.758343217636511,1.7678769255302447,3.177451344838553,517
4,T,656,False,5.03868969635688,1.6505609258621166,1.660713498107593,2.592711094980237,531
4,T,763,False,6.204061464415107,1.759231413663248,1.7687603341418368,4.902045720959295,443
4,T,554,True,8.934181609499253,0.9342748347928123,0.9520963290240583,9.810748614905455,9
4,T,213,False,6.708673428776267,1.771702323097894,1.781164527629165,5.717027643259799,357
4,T,125,False,6.882899130531721,1.7530145674376023,1.7625770980193731,6.081936051810859,304
4,T,478,False,6.518285043892113,1.7601924998986331,1.7697162454793003,6.644195424817837,209
4,T,235,False,6.2438541315587,1.7592633409038834,1.7687920893825382,4.958103792448361,440
4,T,280,False,6.8754726189000435,1.7495094281400143,1.7590910129850448,7.240511160378191,137
4,T,153,False,6.288435905433957,1.7851576771224185,1.794548936363414,4.939203891608248,442
4,T,797,False,6.575779442617268,1.7885841896474386,1.7979575512983437,7.97777153659865,83
4,T,824,False,7.380761838803546,1.320809244492277,1.3334747890943461,6.34055262806449,257
4,T,467,False,6.314877848705528,0.7197766893555329,0.7427627046059613,6.603021723306405,213
4,T,474,False,6.692173151187352,1.669796479118572,1.6798327995639122,8.806492820340328,42
4,T,501,False,6.286933572438464,0.7267225448175372,0.7494955703404982,5.967675620373442,325
4,T,26,False,6.749818718151842,1.6174042696357058,1.6277636573685266,6.545923815170767,229
4,T,343,False,5.922690955686985,1.7783094799770902,1.7877367142256548,4.483143989368508,470
4,T,178,False,7.163040413035024,1.7593612760594124,1.768889496975816,6.8932724227686295,175
4,T,684,False,7.235035468574537,1.3217312771168954,1.334388070136649,4.961940980166486,439
4,T,273,False,6.5612402901009,0.9843421292834368,1.0012728800363073,7.525002959874898,120
4,T,848,False,5.3703800413302965,1.1007690422477767,1.1159347817794008,4.126154509081445,488
4,T,677,True,6.383710962042985,1.7470880229435761,1.7566828150599199,9.895160851840465,7
4,T,229,False,8.680999563611994,0.1939107586687566,0.26686950957620476,8.791230446767967,43
4,T,353,False,7.348619342246853,1.0777599600217564,1.093244933324664,9.021364554475047,35
4,T,750,False,6.709954372668006,1.6538245450798275,1.6639572045946522,6.746195066051099,192
4,T,834,False,6.511287711429997,1.8195902643141624,1.8288047142329973,6.542417729974181,230
4,T,852,False,5.735211666276384,1.5978420862283826,1.6083274807503045,4.478680652237746,471
4,T,84,False,6.140138131908403,1.7051483981474238,1.7149778460722684,6.937883207533314,171
4,T,572,False,6.633288501979541,0.28395001668977354,0.3380023147732482,6.545947448543627,228
4,T,79,False,6.009541675026876,1.7611836654978732,1.7707020800887077,5.772201659930588,348
4,T,373,False,6.484827309419323,1.845784047225924,1.8548683785669708,2.8471240174445636,524
4,T,630,False,5.961686547505295,1.7566036735365118,1.7661467715611632,3.7056830854961715,504
4,T,47,False,6.818652675101156,1.0391492866083345,1.0552010200300992,5.293419924780418,406
4,T,569,False,5.040368517291651,1.648838674893563,1.6590017868099818,2.6730095447701263,527
4,T,855,False,7.198352061213451,0.27932025078139494,0.3341223657741766,7.449763024423432,128
4,T,610,False,6.440051954166195,1.7686423592992464,1.778120847389613,4.5441471934227184,465
4,T,631,False,5.903639962287928,1.6683889616610412,1.6784336984839046,4.389017433202136,475
4,T,282,False,6.827091433901002,1.241101467995508,1.2545719615369044,6.208929457700542,281
4,T,790,False,6.389698859971372,1.751882330366859,1.7614510076256924,9.080696979525047,32
4,T,258,False,5.7496377637066916,0.5863894457648273,0.614386307560913,5.842494889490175,337
4,T,438,False,6.346831251149844,1.80786198475876,1.8171359081669798,7.8382465922331725,93
4,T,160,False,5.732660802627545,1.1561349589046115,1.1705836134233722,5.053516361039501,429
4,T,74,False,6.887942254630412,1.7133633016120315,1.7231458893909224,6.383326738940514,252
4,T,612,False,5.879483522563279,1.440555577578704,1.4521770983275644,6.5126750744277855,233
4,T,837,False,6.662095760290066,1.6696296539710482,1.679666971227759,5.780675700627087,347
4,T,741,False,5.9611620061445425,1.7565014498173994,1.7660451002238242,3.6717893299172646,508
4,T,643,False,6.130650539973615,1.7923622573247338,1.801715963823423,6.208835684617856,282
4,T,129,False,6.4820928169410745,1.806013115878906,1.8152964847485895,1.6166405678026567,540
4,T,846,False,6.111031380242221,1.7849844956691228,1.794376661293025,4.755491618307865,453
4,T,293,False,6.459825102067552,1.8458741959266864,1.8549580857803614,3.7052004911573637,505
4,T,295,False,6.822319756141424,0.6606369024455423,0.6856085396833912,7.97150856285451,84
4,T,234,False,6.24522291332561,1.7576156017859017,1.767153235137001,4.992446928857349,433
4,T,203,False,7.003638007046657,1.7610360354205739,1.7705552436633443,6.686025960682023,202
4,T,423,False,6.039323582618133,1.4412463446461752,1.4528623399241625,6.474721185415591,240
4,T,118,False,6.357674112415418,1.3001126883240894,1.3129778959126626,7.7977756988521545,95
4,T,337,False,5.924865363034552,1.778470497427384,1.7878968826622965,4.488765715767752,469
4,T,306,True,7.549416399481052,1.6110541861661525,1.6214541447655666,9.522345924185586,16
4,T,818,False,6.5333281544378465,1.790175741325687,1.7995408129978392,8.108008043712832,72
4,T,215,False,6.499381274489098,1.8167252170022605,1.8259541250825173,7.190875326338248,142
4,T,381,False,6.468535158160298,1.8441249371041193,1.85321740129517,7.204722340511823,141
4,T,54,False,6.1755666367206015,1.681723313828358,1.691688877154362,7.371622542989925,133
4,T,773,False,5.733550380935038,1.6112593083483822,1.6216579514661091,2.7286252471981407,526
4,T,785,False,6.872859920766482,0.9421292584448359,0.9598049241547824,7.290819042859133,134
4,T,819,False,6.53644751511083,1.790469440843811,1.7998329843097947,8.107066572721601,73
4,T,729,False,6.534639928258493,1.8528871974767074,1.8619368730939934,8.46632668375486,59
4,T,551,False,6.795654323561976,1.0235148517650283,1.0398079652500933,6.595354753998668,214
4,T,653,False,5.896350354331512,1.674996635084281,1.6850019823007971,4.982669585808226,436
4,T,365,False,7.2806760261668835,1.5519327861397514,1.5627262477828427,6.46541356383456,243
4,T,446,True,6.349354168461902,1.8241351453928603,1.8333267525106873,10.10421653779528,2
4,T,284,False,6.070047466346731,1.737517565296149,1.747164915663833,4.862817297326451,446
4,T,269,False,5.162886051031656,0.20599482152007575,0.2757749432182684,5.082659644604146,423
4,T,82,False,6.032232634824052,1.7579278774250624,1.7674638256672006,7.434650134778793,129
4,T,753,False,6.8214576858387534,1.2598317742092195,1.273104101054231,6.245123065967409,274
4,T,99,False,5.926682531379675,1.7342401815857844,1.743905662655135,7.743869070530795,100
4,T,139,False,6.287335334885709,1.8454881839978847,1.8545739645777846,5.947819383000925,327
4,T,201,False,6.849393401129742,0.32991332080941765,0.3774397330189934,6.744690903790533,193
4,T,126,False,6.6060406602701,1.778169038745474,1.7875970136378485,5.463144620576824,394
4,T,694,False,6.823649416434359,1.2474228705681407,1.260825828903585,6.133587704323458,298
4,T,768,False,6.759174876757751,1.8205378672493935,1.8297475451282676,6.495727962777483,238
4,T,320,False,6.499849837323666,1.8166011425019433,1.8258306777336493,6.393496376643757,250
4,T,246,False,6.7498199329018,1.2063348476937568,1.2201892138411445,6.056684581246168,306
4,T,23,False,5.78256773749763,1.6160319182808132,1.626400047256614,6.659441696297407,206
4,T,191,True,6.4845834502992545,1.765445883416389,1.7749414413117481,9.15570690179946,26
4,T,505,False,6.724393402274262,0.2796163715985694,0.33436995690387694,7.038341360904056,160
4,T,264,False,8.112074044266159,1.6448043759220563,1.6549922621771669,8.812206601655118,40
4,T,679,False,6.6451589907735436,1.839171385839935,1.848288218678661,5.177226007892369,417
4,T,550,False,6.797042831736883,1.0247028657542907,1.0409773849123751,6.561438308989521,220
4,T,544,False,7.272348072345026,1.531016775052206,1.5419566525376802,6.930838012819301,172
4,T,686,False,6.085778176369636,1.7923035573044492,1.8016575685573921,8.269328661423955,67
4,T,844,False,6.56176797443379,1.8337197470310371,1.8428635498770716,6.158454490988671,295
4,T,520,False,7.154688148672417,1.6521373831952106,1.662280327070338,5.675979875930923,364
4,T,436,False,6.443821094601457,1.8494674040392045,1.8585337315791355,8.35767300865404,63
4,T,430,False,6.444773851139293,1.852958562746569,1.8620078915165161,6.559396129193646,222
4,T,262,False,6.488937842675048,1.8214915125880857,1.8306963929730085,7.120729325930092,148
4,T,242,False,6.3518333829629,1.808193152814854,1.8174653863830457,3.6633094907483335,510
4,T,545,True,6.414466158432307,1.7513863896445805,1.760957761743941,9.891411644218191,8
4,T,486,False,6.712801179877772,1.8446707517291212,1.8537605387694585,8.393208990642382,61
4,T,103,False,6.324143399741563,0.23252012202250288,0.2961140995618259,6.158988791031048,294
4,T,414,False,6.703281569720078,0.9029235100683866,0.9213516255199027,7.1029746417028905,150
4,T,104,False,6.033877690947855,1.7695713343889086,1.7790448730442112,8.73747327616826,45
4,T,726,False,4.995446887416248,0.6381049834802138,0.6639246363528283,4.833712646241054,448
4,T,589,False,7.727572101287226,0.5769585246860266,0.6053916847973944,7.727729710480451,103
4,T,724,False,6.291398700229612,0.2558845978553582,0.31479339293185565,6.195584608370072,284
4,T,443,False,6.781279756374404,1.8006642043452352,1.8099750080109422,6.274037154554571,269
4,T,681,False,4.912079784069427,1.686294376280825,1.6962330843048332,5.845557374109673,335
4,T,676,False,8.236631486539265,1.323390100751482,1.3360311791200716,8.283842576714026,66
4,T,383,False,6.299916472256469,1.7978463526860102,1.8071716743797035,4.137449538647182,487
4,T,254,False,6.66050358089642,0.2894664225972052,0.34264962078656247,6.3932272424092265,251
4,T,17,False,6.126231929544047,1.7462691532182637,1.7558684199835655,9.023177810131976,34
4,T,24,False,5.548202022137951,1.7645106164067235,1.774011180411777,5.798000932417429,344
4,T,792,False,7.546217905562511,1.2826515529058136,1.2956901477535616,7.497277062398968,123
4,T,657,False,5.03461195852109,1.6502382774645215,1.6603928225642937,2.5965728541624467,530
4,T,460,False,5.055911047342178,1.6176712104680266,1.6280288996178913,2.55833073859241,533
4,T,19,False,6.911309072027633,1.594249974154758,1.6047588394853596,7.1425969150615725,147
4,T,162,False,6.811332057199871,0.22029048894656544,0.2866109773443232,6.853081363430707,181
4,T,16,False,5.874878434786585,0.9235599044200951,0.9415842234587443,5.809803826618522,342
4,T,776,False,6.656353572522688,0.2972686357818512,0.3492657936780443,6.579617329642901,216
4,T,836,False,7.229649618389493,1.7669934712606297,1.7764807570845347,8.047832573850425,79
4,T,495,False,6.282898588608554,0.680538917542063,0.7048057683527243,6.740731943392917,194
4,T,325,False,6.580855734586251,1.8305731473856508,1.8397325894660232,5.613646084612143,378
4,T,73,False,7.299891244218436,1.279317200539507,1.2923894352749068,5.56930222136376,383
4,T,75,False,5.421755075916706,1.7284051530411308,1.738103082637243,5.1599618802520935,419
4,T,515,False,5.783892414589312,0.9082331024965428,0.9265556223370763,5.9744550448886375,323
4,T,830,False,6.477940272064228,1.8551975857158114,1.8642360459072038,2.8516728977615515,523
4,T,789,False,7.0799667310636565,1.610600214959795,1.6210030861298474,5.672302161045501,368
4,T,283,False,6.311566715825659,0.2391458417295213,0.3013447965876838,5.956688416716196,326
4,T,456,False,5.0427019170748295,1.047724772640458,1.0636470993795124,5.515701950973598,388
4,T,596,False,6.72376431728065,1.8204961883357813,1.8297060760021155,3.749654646474751,500
4,T,466,False,4.899839119473249,1.6555271468101809,1.6656494489055642,6.006377656397064,318
4,T,249,False,6.655513645964308,0.2642540246836221,0.3216335529378793,6.947042358843398,169
4,T,292,False,6.505774179703286,1.7821870445735548,1.7915938754806497,7.096650433834732,151
4,T,477,False,5.922747775640983,1.7700327692581093,1.7795038513758497,4.800755414487359,452
4,T,247,False,6.39534708794557,1.740157009640124,1.7497898076665122,8.099926282428891,75
4,T,625,False,7.0311909466167934,1.7568529318551651,1.766394683240991,6.1274016659716395,300
4,T,228,False,6.7827486751142105,1.820260197987673,1.8294712736722798,6.951118198643622,167
4,T,594,False,7.675763723621217,0.5763287619173083,0.6047915298903324,7.9444408020569215,87
4,T,755,False,8.717397990921615,0.9085609019813671,0.9268769418985169,8.102069174731307,74
4,T,294,False,6.052852923614969,1.756510873921622,1.7660544734007646,2.5926764699436524,532
4,T,22,False,6.5992691578273925,1.7927356796780722,1.802087447934964,5.58977694869267,381
4,T,210,False,6.723266834185626,1.7549587572372825,1.7645107515733018,5.857956548474201,334
4,T,89,False,5.928123569231798,1.7340591348769094,1.7437256194894903,7.684090407393836,109
4,T,148,True,7.530203703173661,1.5987664849298908,1.609245856340488,9.364532563202012,19
4,T,485,False,6.876151867618614,1.829168260162487,1.8383347020604845,6.733892016307584,195
4,T,196,False,6.773284070711639,1.6344918603868341,1.6447436257620107,8.575489840488736,52
4,T,134,False,6.511352281875917,1.675253556042265,1.6852573779236826,5.68732025594936,361
4,T,524,False,5.55907763163942,0.6723789762733164,0.6969300112265968,6.01061710048943,317
4,T,605,False,5.562166553490298,1.7658880021993713,1.7753811954410348,5.109302229769799,421
4,T,67,False,6.613729990681606,1.808651284427729,1.8179211813156324,6.572544089299887,218
4,T,494,False,6.752570866366411,1.5266978234340673,1.537668428788297,8.532699686806131,54
4,T,497,False,6.268393327264862,0.6687877330285086,0.6934659217750812,6.019733759437814,314
4,T,784,False,7.6900430038383405,0.43142166305326207,0.46876711079766853,7.752340895504421,99
4,T,519,False,6.992784348939105,1.753109016194339,1.762671034389524,6.575784811253065,217
4,T,826,False,5.020993964322303,0.21607510946850592,0.28338384877366973,5.0602354147538025,427
4,T,537,False,6.534199122159156,1.780254086525135,1.7896710774338938,6.160158445273807,292
4,T,358,False,6.8065303629880285,1.764431586033486,1.7739325732976985,4.664209889890437,459
4,T,616,False,6.467308632509864,1.8088131789612438,1.818082250394033,5.406919014994757,398
4,T,489,False,6.439100885522986,1.719492982576377,1.7292408941334216,5.7465423415855375,354
4,T,233,False,7.984560200241459,0.24374252033348703,0.30500552295404687,7.798367474599396,94
4,T,803,False,7.420946559666907,1.7137890009144712,1.7235691725223483,8.536853531562771,53
4,T,291,False,6.375780210542256,1.8192223883101324,1.828438692147695,7.588559211349018,115
4,T,181,False,5.461251256222857,1.691312240931701,1.701221634337914,5.079036461796695,424
4,T,721,False,4.523261147110818,1.0870969104486727,1.1024507451677834,5.076372161065991,425
4,T,405,False,7.265195289703348,1.7351930285351744,1.7448532313896838,8.726004833693226,46
4,T,391,False,5.81370550046347,1.1102085508758481,1.1252470747581627,5.277799162357107,409
4,T,165,False,6.788325086503146,0.16574308223714448,0.24716132813087918,6.892626591624866,176
4,T,449,False,6.323844314693735,1.7669401778436433,1.7764277482892676,6.5027435338704604,234
4,T,728,False,6.8191198026759015,1.0468434796368205,1.0627790098002865,5.199687821519264,414
4,T,209,False,6.45318001051544,1.854323735917547,1.863366434816609,7.089386893183372,152
4,T,401,True,7.3437315972151636,1.6446257194779044,1.6548147056338862,9.961702344403964,6
4,T,473,False,6.18367516932315,1.8303354317639164,1.8394960575071515,6.127877995761447,299
4,T,149,False,6.533731903681989,1.8529468591702427,1.8619962448197414,7.990316796282924,81
4,T,828,False,6.6922371658601705,1.8394510429647244,1.8485664965799753,8.594653703839796,51
4,T,70,False,6.474618044371127,1.8391204243500798,1.8482375085674376,6.502416256849115,235
4,T,255,False,6.125920557428019,1.744989946208458,1.7545962114351406,9.057569695670978,33
4,T,428,False,6.301786967083959,1.8003003197382563,1.809612995660569,5.843394072605406,336
4,T,566,False,6.477486390789851,1.8552233774780904,1.8642617126238377,2.400159589893657,535
4,T,318,False,5.894575061913853,1.7943941316681713,1.8037373014325344,7.607039578628171,114
4,T,322,False,6.307001331346675,1.767065064393559,1.7765519678900936,5.621617495105271,376
4,T,820,False,5.716019917876203,1.593547530570082,1.6040609979049918,4.0855112981163435,491
4,T,158,False,6.473646219654473,1.8207680848101429,1.8299766040791743,5.5497601546021516,385
4,T,95,False,6.123114698965452,1.7049112839710072,1.7147420911103861,6.981955963845865,166
4,T,348,True,6.721105104861231,1.6995179312391437,1.7093797563494573,9.239732242555537,23
4,T,487,False,6.710277110160968,1.371336025463571,1.3835391022837682,6.457241497871993,245
4,T,175,False,5.077449126605776,1.238117081677313,1.251619694937363,4.2801780101534215,481
4,T,341,False,6.825045764947722,0.7922972405323689,0.8132360482474678,7.956355270473228,85
4,T,690,False,5.451989028464491,0.2192003021146359,0.2857739058435863,5.3918851073194265,401
4,T,186,False,6.207252050066037,1.8183442313793716,1.827564963716636,7.083348959874053,153
4,T,263,False,6.733528022383221,1.7776656466945628,1.7870962772754997,4.806985879868968,451
4,T,257,False,5.733138877099684,1.3235254228192104,1.3361652209448953,4.026457292069322,492
4,T,696,False,6.990192049131138,1.73938360539074,1.7490206629757241,8.011272800193765,80
4,T,316,False,4.739092791663697,0.20758209364520214,0.27696259389324895,4.707231705488226,456
4,T,251,False,6.657712213344548,0.28399718947740005,0.33804194480125327,6.63882638355187,210
4,T,600,False,5.931444050904155,1.2063698216175431,1.2202237906726348,6.995967466849415,164
4,T,506,False,6.757387794958691,0.2733970389548606,0.3291867155935015,6.8530272968052515,182
4,T,78,False,5.956632844337439,1.7255139233799566,1.7352280117010679,7.499228755729554,122
4,T,240,False,4.736622777641015,0.18537779205167224,0.2607352653553108,4.612146648102368,461
4,T,214,False,6.498697093237904,1.816717481792069,1.825946428968514,7.224315075444731,139
4,T,761,False,6.117193064302895,1.608775428726447,1.6191900237118295,6.171740768771113,289
4,T,270,False,6.897995133131572,1.7623178908762327,1.7718302123274692,4.822766174734017,449
4,T,13,True,6.877868848413403,1.7155031074324962,1.7252735621994855,9.502037355609456,17
4,T,492,False,6.750012222422886,1.5271938721055682,1.5381609395023492,8.64172666156257,49
4,T,161,False,6.826655180266847,0.22874130961354444,0.29315616919599474,6.8879708453408695,178
4,T,392,False,6.462791999674114,1.0555817024382927,1.0713872704752823,7.039659511065475,159
4,T,216,False,6.7120515269507415,1.1109457763825057,1.1259744539180627,3.7328986022769386,502
4,T,207,False,6.795780583942015,1.7777582301853276,1.7871883722220272,4.608935043701107,462
4,T,606,False,5.487692424118954,1.7423202878667614,1.7519411914576544,6.0484504895369735,308
4,T,112,False,6.444834727993281,1.8506422914024423,1.8597028912009665,4.330498015821983,479
4,T,507,False,6.724691094909004,0.18176596292225033,0.25817981735798823,6.755778171046307,190
4,T,18,False,6.911309072027633,1.594249974154758,1.6047588394853596,7.142622506150993,146
4,T,523,False,5.897706521978934,1.6639728414038792,1.6740440764040985,4.348545599098809,478
4,T,157,False,3.5644897244186757,1.207928324691954,1.2217646215237459,4.100411134158894,489
4,T,205,False,5.012900442204656,1.5122238040854423,1.5232986530738475,4.571020677157494,463
4,T,335,False,7.087498663130361,1.6545790877188855,1.6647071545261678,8.60930023990893,50
4,T,458,False,5.0597742674055075,1.6182710881081448,1.628624962175353,2.662944021494276,528
4,T,223,False,6.5602158595505955,1.5869391610918793,1.5974961201270408,5.555762179729423,384
4,T,521,False,7.1734516048604,1.6514156441568593,1.6615629938645016,5.590543037378092,380
4,T,362,False,4.915775270924655,1.686461287516654,1.696399017656601,5.937624402120155,328
4,T,772,False,6.747936345726789,1.7188471323860905,1.7285986860245608,6.78274940761389,187
4,T,510,False,6.284529313066833,1.8453754191801373,1.8544617522419324,6.227220609411075,276
4,T,571,False,6.7720602871460684,1.823997715989357,1.8331900121777727,5.496414887393271,390
4,T,407,False,6.437194562289974,1.766588000606553,1.7760774523373157,3.8467397656014795,497
4,T,4,True,6.293985889612309,1.7639080333859911,1.7734118255660714,10.045714708746637,3
4,T,94,False,6.301844828949303,1.7215512028389317,1.7312875257478533,7.778457262211136,97
4,T,560,False,6.80841345797477,1.7651459131055636,1.7746430760485967,4.6725515441539205,457
4,T,481,False,5.72663349408035,1.7678952192411062,1.7773776917215738,6.807762165416857,185
4,T,499,False,6.261302127319731,0.6747978463867078,0.6992639603912747,6.304019502655366,264
4,T,323,False,6.183772011807522,1.8303641545115608,1.8395246372187495,6.37383097486363,255
4,T,93,False,6.03122883587035,1.7581814623923377,1.7677160426703182,7.47947923459896,125
4,T,725,False,5.550862140918028,1.7235984413509622,1.733323264668601,3.34302484756914,516
4,T,733,False,6.218805623047105,1.8254521266416386,1.8346371356413869,3.434818179617653,513
4,T,389,False,5.0448448384703815,1.5668843694819796,1.5775755386481156,7.713588555205863,105
4,T,397,False,6.677337663481553,1.7958793452473085,1.8052148280744462,8.192202206416953,69
4,T,564,False,6.814064277186058,1.8368561511055415,1.845984418316746,7.953176004490238,86
4,T,364,False,5.583869395082129,1.760479091266291,1.770001294801712,5.29083585784949,407
4,T,667,False,6.900514064709247,1.2596240220936576,1.2728985151414682,5.981649032053236,321
4,T,453,False,6.820717779670631,1.2579300928364934,1.2712222745364323,6.149206474808878,297
4,T,440,False,6.397163817637308,1.8254365103959398,1.8346215975782192,7.265005932296807,136
4,T,640,False,5.914311571393684,1.350917658396438,1.3633035144755061,5.649081879813522,372
4,T,633,False,6.623843652395319,1.67399336385156,1.6840046719154353,3.7223977028428883,503
4,T,227,False,6.45180769466903,1.6252763380192141,1.6355858668193175,3.892349947106256,495
4,T,369,False,6.762515495262271,1.6871446853899714,1.6970784137020825,5.022701160086446,431
4,T,642,False,6.134999512958371,1.7933352800010685,1.8026839377191062,6.260577456944209,272
4,T,416,False,5.917970835852697,1.4044923404874134,1.416409787915123,4.477211488445075,472
4,T,81,False,6.00869992470324,1.762053090589567,1.7715668338705703,5.6802140822505605,362
4,T,760,False,6.298444682769267,1.7967608998330558,1.8060918260107495,4.379540399523517,476
4,T,744,False,6.7092574706104475,1.6540519781884613,1.6641832529391447,6.72156441006742,196
4,T,370,False,6.1543961497341915,1.8123394778731978,1.8215906060011526,7.389242816984812,130
4,T,311,False,6.441466526052295,1.8504623409182746,1.8595238175325133,5.044585101296029,430
4,T,450,False,6.386589453616487,1.819760304113699,1.8289738973648402,7.490038395768288,124
4,T,52,False,5.804399377809438,1.646677550513618,1.6568539187808564,7.713320399022281,106
4,T,788,False,7.065993165346772,1.610106107167673,1.6205121502637951,5.62154587545472,377
4,T,342,False,5.9056695839779945,1.6144215848133494,1.624799989637247,6.3303426256449615,261
4,T,540,False,6.533803907853301,1.7791449234112118,1.7885677541859681,6.213400011547783,279
4,T,267,False,5.9738680792673575,1.7396087506347462,1.7492445678346222,4.326939405276545,480
4,T,106,True,6.080590666498308,1.7272969973265364,1.7370011139280308,9.245401834420514,22
4,T,122,False,6.763423391552887,1.6934440607096883,1.703341052040627,5.50043647095568,389
4,T,396,False,6.43592196895987,1.7669154312959905,1.7764031339101627,3.8031503599292047,498
4,T,858,False,6.2177760597411496,1.766324352322921,1.7758152129157296,6.2148620809011055,278
4,T,533,False,6.8361797050062005,1.343271029398789,1.3557267465223344,6.677650723289093,205
4,T,384,False,6.446651185981196,1.8504379627824952,1.8594995581931668,4.898269240039519,444
4,T,105,True,6.084140514744288,1.728554149070495,1.7382512473985958,9.357323176680776,20
4,T,266,False,8.080181008119318,1.645836612334628,1.6560181482444798,8.689672154881812,48
4,T,347,False,6.7866206018887265,1.8004475333266206,1.8097594517161288,6.2932796611351955,266
4,T,190,True,6.480321659675102,1.7648254960191463,1.7743243740120287,9.124169653520633,29
4,T,745,False,6.708798596395898,1.6526426312459817,1.6627824931197686,6.826395964954164,184
4,T,739,False,6.749832519929403,1.5845833616853733,1.5951559117979877,5.7452379753771625,355
4,T,339,False,6.833068343392444,0.7866439619727472,0.8077293332064475,7.714084202505339,104
4,T,188,False,6.107831814405435,1.7797627283141586,1.789182305387075,4.152080905482913,485
4,T,403,True,7.531282345452135,1.5959942657486827,1.6064917208366274,9.472500064245978,18
4,T,189,False,6.620539468845132,1.7681175353937144,1.7775988219451244,8.720951034944719,47
4,T,87,False,6.05275116193355,1.7528683594281955,1.762431683299652,6.467002240534328,242
4,T,483,False,5.772179551560144,1.7298945393478968,1.7395841658510298,6.074598689983915,305
4,T,597,False,6.726995330071064,1.8221413582676793,1.8313429723357488,3.6976694866452955,506
4,T,699,False,7.218517176335801,1.6744463806349859,1.684454996263051,5.81843035705351,339
4,T,823,False,6.042915037166351,1.7748222546944405,1.7842679138998743,8.128084007236303,71
4,T,442,False,5.61278381869977,1.7315754999339732,1.7412557723624467,6.3311348770591795,260
4,T,770,False,6.769569826144733,1.8208182619134192,1.8300265286960613,6.5013053514913075,236
4,T,385,False,6.445343788239296,1.8504265243557674,1.8594881755077972,5.063225753607503,426
4,T,332,False,6.076868370278956,1.7589181841086365,1.7684487923606877,7.077442366682466,154
4,T,359,False,6.784878040899787,1.8071134215781681,1.8163911669191484,6.03098201261843,311
4,T,590,False,7.749735872554365,0.5527718402263372,0.5823870363951815,7.844956017448259,92
4,T,504,False,6.480310975963688,1.6153207077631413,1.625693372608244,5.786823978672714,346
4,T,831,False,8.470124050647227,0.9323387428101687,0.9501965502772557,6.011872262729881,316
4,T,375,False,4.786169466719859,1.5538970554034857,1.564676967174239,6.883386022930383,180
4,T,114,False,6.446415536389868,1.8504988564354827,1.859560155112757,4.526151888372967,467
4,T,170,False,6.889532549550751,1.602838308160736,1.6132912306590903,6.152937955479539,296
4,T,123,False,6.092376295473619,1.7758371325063458,1.785277422139851,4.1446927945319185,486
4,T,301,False,6.703879944082605,1.229143657477694,1.2427437722763264,5.760886547854396,352
4,T,615,False,6.500723126239183,1.8169736698962944,1.8262013223931142,6.193856619417733,285
4,T,602,False,8.55705739999874,1.0715271823108323,1.0871009406880958,6.918646310413987,174
4,T,793,False,7.708066738249661,0.7970684498655385,0.8178851182073212,8.053444136174688,78
4,T,718,False,6.236191210764941,1.790871947584957,1.8002333974961937,7.025295487005839,161
4,T,599,True,9.364379513933931,0.41956778306014475,0.4578810734196773,9.601222936027593,13
4,T,221,False,6.723064004736787,1.1086347052452108,1.1236942922735198,3.6742941963803815,507
4,T,654,False,6.791768634926988,1.7632652312542219,1.7727724694850029,3.0876000812767286,518
4,T,111,False,6.447085534203483,1.8506255803241272,1.8596862615408987,4.356173101480561,477
4,T,475,False,5.071039399652397,1.6493518035158765,1.6595117729546318,2.9383457660531733,519
4,T,484,False,5.782247952264097,1.7309332596269487,1.7406171038159786,6.169536541269985,290
4,T,329,False,6.119892769266805,1.0707899473683438,1.0863742744556555,5.672596474381645,367
4,T,279,False,5.603281591708012,1.7328626764171349,1.7425357982358662,6.21295520160688,280
4,T,277,False,5.449198860750822,0.1928961451342631,0.26613319150682796,5.534320775912281,386
4,T,349,True,7.330998958908619,1.5285056927208405,1.5394634147955475,9.54946760080932,15
4,T,825,False,7.758487909637002,0.2685919617378802,0.3252070028830163,7.469258952349345,126
4,T,187,False,6.5793547175052485,1.8291804527399995,1.8383468338428581,5.594694096040801,379
4,T,65,False,6.679700276102453,1.8403380426550737,1.8494491244847637,7.923103330178648,90
4,T,841,False,5.236124461859277,1.679559517775794,1.6895378440760684,4.810894800848789,450
4,T,611,False,6.037629587937191,1.6355035941265863,1.6457490571818452,5.91526285406618,330
4,T,69,False,7.089951072696137,1.6098378948458296,1.620245660539044,5.894321306259074,332
4,T,689,False,6.41480968831628,1.8282920021011317,1.8374628153410115,4.855180456235805,447
4,T,177,False,5.967508045665054,1.122205341216587,1.1370852125803887,6.289119235452628,267
4,T,736,False,6.29051992173361,1.78872117780142,1.79809382534095,6.40139717262745,249
4,T,849,False,4.912026732037521,1.6564068383117418,1.6665237972557883,6.039957101016428,309
4,T,117,True,6.2340073041589426,1.6946046644074717,1.704494916814219,9.608825868904084,11
4,T,586,False,6.4307960850669295,1.8048428671746548,1.8141322245098839,1.1411544772968902,541
4,T,372,False,6.484538397608798,1.8457367964532452,1.8548213592137222,2.8905530873699603,520
4,T,10,False,7.5327582687370995,1.2382250837694242,1.2517265319908133,7.6397307144436,113
4,T,628,False,4.92029599703654,1.686746660533657,1.6966827192010283,5.811147780034954,341
4,T,669,False,5.7270136031983405,1.5300264477597618,1.5409733559209604,4.668449691834483,458
4,T,63,False,6.575651467286978,1.835368693110388,1.8445043216169716,6.031076687236727,310
4,T,500,False,6.260225282283105,0.7282705934269843,0.7509966777985394,5.710850914650407,358
4,T,1,False,7.989508853443691,0.19963640876728503,0.27105838581281677,7.707308663932565,107
4,T,634,False,6.654707024681747,1.8319758647367095,1.841128328442036,4.176784550383045,483
4,T,167,False,7.246941906595566,1.2209651901296272,1.2346553965873344,5.764863033604165,350
4,T,76,False,7.664653178570215,0.18993131739081498,0.2639921554511834,7.706669125332544,108
4,T,313,False,6.821225670064179,1.8304001029958066,1.839560406689873,6.694912256813358,199
4,T,296,False,5.197884223518508,0.18237734777995107,0.25861061423924675,5.157291217669477,420
4,T,502,False,6.820858326322784,1.0365023381354967,1.0525944374612204,5.398759395286005,400
4,T,490,False,6.805982649337434,1.6948971094781866,1.7047856652762727,5.195560354503048,415
4,T,720,False,6.251956040320502,1.7961015387852697,1.8054358727024242,3.426257032133116,514
4,T,543,False,7.084663420902516,1.6363881549139203,1.6466281141643782,6.055407074886287,307
4,T,641,False,5.92263361272362,1.3537442485693425,1.3661044774644893,5.651219601324514,370
4,T,811,False,7.434084975619068,1.7135005336536848,1.7232823424051595,8.527647548615999,55
4,T,617,False,6.30711794337487,1.7676001456224586,1.777084192608355,5.709328374304184,359
4,T,290,False,7.730636514122583,1.7435468171702544,1.7531609898918228,6.444650479053699,246
4,T,779,False,6.19941893242351,1.8052458535523332,1.8145331478322029,6.550223655287277,225
4,T,212,False,6.091352494878235,1.747928056348521,1.7575182624895451,8.478886125260937,57
4,T,555,True,8.922130710333704,0.933224605005652,0.9510657791140981,9.601984444199484,12
4,T,835,False,6.609153904657953,1.8288243076567012,1.837992464916536,5.459121946904968,395
4,T,672,False,5.548543929665424,1.7649267316661061,1.7744250677229385,5.813319753189654,340
4,T,317,False,5.5791994963687905,1.6452284984265815,1.6554137745134705,8.145812906888722,70
4,T,57,False,5.416976488832409,1.6841378621048337,1.694089221791164,5.217497905204966,413
4,T,791,False,6.380930117581808,1.426707361591066,1.438440769872744,5.650982078461488,371
4,T,535,False,7.29633559107218,0.21896401101527585,0.28559270112145574,7.068322522093238,156
4,T,272,False,6.201961679721522,1.7998514372842807,1.8091664238284555,7.062975635552097,157
4,T,15,False,6.238649233032947,1.7585383370277268,1.7680709928083187,4.984109871531023,434
4,T,432,False,5.923249316258476,1.0060223331455018,1.022594194977397,6.5305455215757,232
4,T,503,False,6.8182627466128425,1.0422224411984766,1.05822756047632,5.281917894698649,408
4,T,621,False,8.707869093372667,0.9706590129532631,0.9878243124368595,7.2284645454579195,138
4,T,137,False,7.2472311447437345,1.5843460591309682,1.5949201822968384,6.684764770344453,203
4,T,702,False,6.069576227770779,1.7736424006732272,1.7830943099790992,4.535753805970371,466
4,T,287,False,7.787875361775489,1.7241773728841834,1.733898949183532,6.339750936714031,258
4,T,451,False,5.499217796595175,1.5253754041180483,1.5363554524595702,5.763410103688301,351
4,T,300,False,6.606775513144289,1.756134721022448,1.7656803536298813,7.940168623899476,88
4,T,752,False,6.826836867067819,1.2477597944290881,1.2611591721141593,6.262770168584962,271
4,T,622,False,5.9066747775056205,1.6133786589155492,1.6237637296904026,6.3718218369725,256
4,T,195,False,6.775733631030642,1.634193983457486,1.644447605849027,8.478845183625243,58
4,T,286,False,7.766921681049081,1.7272252995381485,1.7369298167106806,6.67904327318614,204
4,T,314,False,6.4576728348949555,1.8457412425838153,1.8548257835680413,3.744499214908046,501
4,T,333,False,6.175485335654007,1.799900020288512,1.8092147566965446,7.104247078429203,149
4,T,182,False,5.448527058198197,1.6884935438013715,1.6984193829183842,5.242892133794417,410
4,T,49,False,5.893998736733151,1.7942823850478276,1.8036261336837165,7.573292850372472,116
4,T,518,False,6.9868251330562465,1.7536149167317303,1.763174191337312,6.558338019096982,223
4,T,102,False,6.21627635701933,1.3519174748856224,1.3642942540797673,5.695188555062946,360
4,T,687,False,6.087468434242449,1.7927201100034869,1.8020719590584793,8.330750924531086,64
4,T,651,False,5.895385659411627,1.7803958936146818,1.7898121384139656,7.1436766631514965,145
4,T,41,True,9.31810426947294,0.2073364467111366,0.2767785305054409,9.127859102797663,28
4,T,553,False,6.056649275277662,0.36227341519052153,0.4060295311522984,5.228413508234637,412
4,T,366,False,7.721670222977721,1.0550851325508994,1.0708980295732644,9.005670073907776,37
4,T,534,False,6.834689767819988,1.3339470472652142,1.3464890187898062,6.772540640338929,188
4,T,275,False,6.283205046393572,1.8115338097409255,1.820789031340101,6.382469121420557,253
4,T,675,False,8.133729579877414,1.264870916535179,1.2780909155105107,8.810691375444552,41
4,T,832,False,6.645125259183278,1.6293077787454802,1.6395919585965535,5.934417090975714,329
4,T,303,False,6.4505170777559835,1.8525144561001212,1.8615659437349728,7.989570698007775,82
4,T,113,False,6.446714491213995,1.850558945077819,1.8596199509634979,4.439103226040704,473
4,T,749,False,6.753307127681339,1.5846791232113446,1.5952510386631402,6.924795116387085,173
4,T,437,True,6.204619609079582,1.7887858351105146,1.7981581456329063,10.937445140725082,1
4,T,141,False,6.723950623292908,1.8200201201960138,1.8292324047895785,3.908594231457646,494
4,T,609,False,6.277670191618978,1.7508093394437616,1.7603838490219832,5.421016584572243,397
4,T,648,False,7.220704317430804,0.745520968405556,0.7677365870832973,6.718654640568102,197
5,T,321,True,6.319701599813012,1.5497244521265219,1.5602727462767476,9.535018855501262,13
5,T,754,False,6.749794413428565,1.5861352220779854,1.5964429548128287,6.674532584296321,235
5,T,851,False,6.43750828993692,1.5279433620652503,1.5386409857190195,8.076607998352287,81
5,T,371,False,6.07476387986906,1.6677416025277711,1.67754797787039,8.239233932373516,67
5,T,390,False,6.412395452222288,1.2986072361372103,1.3111773026570663,5.505344403729884,340
5,T,498,False,6.105508444843341,1.1192475113018274,1.1338078129958666,5.354193416193492,358
5,T,142,True,6.719211781554922,1.4437990385065582,1.455115400525882,9.732322841847923,12
5,T,839,False,5.816959926168375,1.42871404820474,1.4401489495162338,3.9300656143311583,477
5,T,150,False,6.210842894868078,1.6104524096392419,1.6206054822096512,4.146835389678362,459
5,T,230,False,8.663136681640772,0.20661155059304384,0.2747608015958562,8.943463195669699,37
5,T,493,True,6.701957363922542,1.4492293575365036,1.4605036446379729,9.373139717464428,18
5,T,650,False,5.763770459038519,1.489816207507854,1.5007856267329525,5.178140940448239,372
5,T,56,False,5.407747104607701,1.5844386360282623,1.5947573347046364,4.168483388559518,456
5,T,204,False,6.012560398330582,0.5813933468169464,0.6089526984734903,6.567569882939948,252
5,T,217,False,6.824510596607456,0.6470188926401262,0.671891816208823,7.08122997337036,182
5,T,48,False,4.943293139491626,1.0863197567764349,1.1013154766995459,3.835449163132301,478
5,T,593,False,7.697257637728027,1.1044246442816352,1.1191778054231383,6.945688109009798,204
5,T,843,False,6.182088591179886,1.5184382925132514,1.5292024108749285,7.59821882468794,124
5,T,845,False,5.452370957458502,1.6226864167444761,1.6327634159124718,6.506970511547916,254
5,T,859,False,6.3692668326572255,1.6575630483265544,1.6674292861866002,8.811500973298426,40
5,T,568,False,7.247238080697905,1.0292573740830664,1.0450722019839132,8.272187348493151,63
5,T,14,False,5.932743239959289,1.8133319184315593,1.8223550180076917,6.276818785838515,270
5,T,176,False,6.3281780168847135,1.527076695956361,1.5377803486155401,7.898538968860591,99
5,T,173,False,5.6537044855579515,1.5844714411228595,1.5947899275418964,6.082399751182891,284
5,T,701,False,6.154416083023465,1.7254684219795429,1.734948541168789,8.760061355818792,41
5,T,298,False,7.450544937937717,1.2714589669933378,1.2842947753545138,7.196250261355689,165
5,T,812,False,5.424235843290745,1.6411913342745723,1.6511554018180985,6.080182927291036,285
5,T,159,False,6.393366944947147,1.7026284204477937,1.712235002378962,7.1522846449351505,171
5,T,766,False,6.330406849354468,1.7088813232618316,1.7184529502573658,8.524477202408239,48
5,T,8,False,6.335207208913177,1.759751958509627,1.7690483658548184,4.147009786263558,458
5,T,565,False,6.0018646116054954,1.637501573097213,1.647487956602713,5.699849627436143,316
5,T,198,False,6.034551769857927,1.805322690498522,1.8143856211081364,3.2128028886255633,494
5,T,60,False,6.867937184204605,1.4119106541253796,1.423480544471154,7.0312861573346455,191
5,T,328,False,7.394720458800209,1.1771414406883678,1.1909941799358306,7.041944951493166,188
5,T,861,True,7.253301905992697,1.10679553872923,1.1215175120371783,10.105953810431606,7
5,T,457,False,5.463251616327918,1.5576152352801405,1.5681104509670047,7.900972248086699,98
5,T,237,False,5.956887137925077,1.5072422835224413,1.518085790228299,4.0363122653605075,470
5,T,662,False,5.831568495585079,0.6182579490230743,0.644242234555725,5.950379387635919,294
5,T,638,False,5.6461718488678,1.6473969242770798,1.6573236833439382,4.936048331130193,405
5,T,310,False,4.067856066733693,0.33558978684371565,0.38134717815783825,4.751558381005899,418
5,T,20,False,6.520657534415453,1.3817008302846565,1.3935215641189211,5.4456353604844026,352
5,T,271,True,7.035200545757511,1.674159539579411,1.68392854041372,9.47394263046919,15
5,T,415,False,7.969224934663711,1.2248078789836918,1.2381274189984104,7.499254477988265,135
5,T,399,False,7.046100239160483,1.5089466343813465,1.5197779807149228,5.269767725378167,365
5,T,743,False,6.608858472781536,1.5580914960549195,1.5685835251378208,4.959049404749983,399
5,T,183,False,5.857665938810514,1.7176466702689916,1.7271697221585636,3.780798797319331,480
5,T,124,False,5.7438286757941714,1.562720442718923,1.5731816002441554,5.646581293837613,325
5,T,821,False,5.620137745698748,1.64142581949464,1.6513884722132421,5.815269862933736,308
5,T,59,False,6.858460955841457,1.4628535971026089,1.4740236808854794,6.2189644753009174,273
5,T,488,False,6.203063000828507,1.4911711573293578,1.5021306819668228,7.283539521282797,155
5,T,429,True,6.011784511615077,1.7490103006504676,1.7583634996884387,9.849459181841226,9
5,T,588,False,7.748252751154231,0.3796590444814121,0.42064968241004813,7.810941317218561,106
5,T,445,False,5.467626611442366,1.7779468849551676,1.787148648259825,2.836616452806151,503
5,T,336,False,4.854614849318878,1.4737004229512478,1.484788908182514,5.391864610714708,356
5,T,64,False,6.1189130109504415,1.6905622552021478,1.700237014056954,6.075000701816581,286
5,T,476,False,6.949777853597718,0.39351232807434217,0.4331940876808272,7.14802305261465,172
5,T,863,False,4.584891499707821,1.276795284343316,1.2895779787885897,5.242121779731253,368
5,T,748,False,6.752135197104858,1.536142883371704,1.5467837998209923,8.343311127604224,59
5,T,511,False,6.57781409828843,1.517109423339899,1.5278829037730137,8.047223006187389,82
5,T,344,False,4.892890183104116,1.4653017337595777,1.4764532963199208,5.215216098945729,370
5,T,857,False,8.453952519111938,1.120357991029331,1.1349040458639728,8.638971366853642,45
5,T,747,False,6.740595107032927,1.537001535572457,1.54763654829137,8.17921399397623,71
5,T,132,False,5.726384587207204,1.2677979220810691,1.2806704246168146,8.24396340292917,66
5,T,382,False,5.857290560533748,1.646092678035853,1.6560272551918889,3.493921271066208,488
5,T,138,True,6.614051024840973,1.4633339972461383,1.47450044176036,9.436376765788813,16
5,T,121,False,6.442429488764552,1.6013587492918384,1.61156911399687,6.907999884618363,211
5,T,46,False,6.734473073775115,1.438444940669558,1.4498030944210956,7.813011678106272,105
5,T,184,False,5.628493732995421,1.5666416076731962,1.5770767553128135,4.453046493674213,436
5,T,53,False,6.492653696601813,1.453287523002538,1.4645305697628808,5.727068032438731,314
5,T,862,False,7.610793778902983,0.6904666692440025,0.7138272806443041,7.946301506821493,93
5,T,400,False,5.354682831128457,1.6595624520551486,1.6694168734999755,7.738507409809848,111
5,T,496,False,6.131599520930475,1.2170901821300286,1.2304932656022307,4.702371262806751,424
5,T,435,False,5.699127534296944,1.5966231869289012,1.6068636427196106,8.301860107930354,61
5,T,660,False,4.891258736985636,0.8116992761224616,0.8316615177539861,4.796532937613107,414
5,T,632,False,6.877148366824387,1.4619001766993265,1.473077490116748,6.579238434390369,249
5,T,618,False,3.9989436837037577,1.258728274503081,1.2716925863936768,1.8422099021473004,511
5,T,783,False,6.554042116588859,1.5472913152640637,1.557856084350134,7.088611086939635,180
5,T,172,False,6.419469239413781,1.0610692715987837,1.0764168172164112,7.744925223902986,108
5,T,688,False,6.531790633752317,1.7478696074854152,1.7572288780993657,7.682127799842731,114
5,T,461,False,5.061982061530829,1.4011863935139297,1.4128441083940255,8.324748159400832,60
5,T,757,False,4.771053767956737,1.7108403206808391,1.720401048628619,6.889050889909948,215
5,T,608,False,6.178505568163381,0.4005210557058235,0.4395705646637897,5.05441957017147,386
5,T,144,False,6.803669178962454,1.3869669114421306,1.3987431424998866,7.344118691383269,152
5,T,334,True,6.4720402243746555,1.656550382005743,1.6664226154785913,9.306200036598863,24
5,T,538,False,6.804155275086423,0.2728529515402713,0.32749640978089084,7.2372233582056085,161
5,T,85,False,5.741047773096761,1.2382242653302642,1.2514010134676288,6.932522971306415,206
5,T,393,False,7.177679787164747,1.528139350055657,1.5388356112475634,6.9113261283755,209
5,T,764,False,6.1884819050456255,1.5174747149190482,1.5282456202043513,7.103880837393622,178
5,T,673,False,5.375291865896717,1.5564944085391021,1.566997131161581,5.558657700352554,332
5,T,517,False,7.0792386403221625,1.50238310453234,1.5132614308305645,4.7244100104998665,421
5,T,226,False,6.660319452448911,1.044143615350398,1.0597363137743914,6.613657077062464,245
5,T,577,False,6.68984557863607,1.3377684109687311,1.3499738836884732,7.171397184931784,169
5,T,468,False,6.32800553159548,1.1914082318424508,1.2050969837142116,6.290917169742011,268
5,T,833,False,6.435501029935569,1.6238527782278707,1.6339225840331328,8.04303984308861,83
5,T,822,False,5.809464130833035,1.6473621984465185,1.65728916551267,6.976399045656979,198
5,T,174,False,6.7893439967793485,1.6628620707896609,1.672697053182678,5.871441678000458,302
5,T,671,False,6.269990165030724,1.377336532733443,1.3891944031190588,3.543838093582083,486
5,T,394,False,7.27125934175176,1.4816389263091967,1.4926684404816108,7.412245779588939,143
5,T,627,False,8.287184800358334,1.2988306951974726,1.3113986198110343,7.626249742349625,121
5,T,444,False,6.440764408702858,1.506947487442623,1.5177931002494278,6.480098727065012,255
5,T,522,True,6.619010961393851,1.4546743927009007,1.4659068026429478,9.15650552146341,30
5,T,700,False,6.211605712243296,1.673367549913673,1.6831411474856244,9.042883204392988,35
5,T,758,False,2.609887302506265,0.20113080264361952,0.27066356427713384,2.472997317362733,508
5,T,97,False,5.802300533241373,1.2955826044047276,1.3081817343516429,4.1658376643500725,457
5,T,211,False,6.004877871701699,1.312858934159174,1.325293833931441,4.127991088116326,463
5,T,309,False,6.124285867397589,1.6904746453559323,1.7001499027575189,7.03754476349817,189
5,T,781,False,4.984027151427645,1.0408221689864263,1.0564638908683746,4.352196871027726,444
5,T,3,False,5.576738128659981,1.5712695609712586,1.5816741758307706,5.327597403984948,360
5,T,426,False,7.115404421783476,1.1440093154791084,1.1582583818639578,7.641831209882218,119
5,T,584,False,5.153767305461139,1.5227415642052442,1.533475476365165,5.508356589259957,339
5,T,629,False,6.644874028804738,1.5664221822669568,1.5768587819944788,4.104151730876014,465
5,T,80,False,5.883045521489903,1.2063303129192828,1.2198516258640109,5.011051140478038,391
5,T,703,False,6.131702491164086,1.72058437747381,1.7300912592294297,9.13242062020735,31
5,T,434,False,7.0875041525776235,1.4672138980807545,1.4783510367894557,5.008579526399486,392
5,T,513,False,6.401401026326002,1.2657757902418063,1.278668649970509,7.112722570266547,177
5,T,208,False,8.443087437484916,1.1131684353951135,1.127807222363441,8.18968152056847,70
5,T,345,False,6.021006640243938,1.8149969806778863,1.824011843471686,6.406528920767931,260
5,T,256,False,6.080964594439145,1.308646608380145,1.3211211567755592,8.361912495144882,56
5,T,133,False,6.790991925956704,0.2877131813449652,0.3399765285645119,6.862363962745493,218
5,T,850,False,5.402011684549947,1.449074450001719,1.4603499330307514,4.087706352477781,466
5,T,145,False,5.77729140840684,0.22272097226791815,0.2870710656668524,5.898712698154553,299
5,T,62,False,7.218336704292926,1.1277545170513337,1.1422063806444187,7.66526810383548,115
5,T,595,False,6.801141010907433,0.3386868524419234,0.38407544736959265,6.99882336495412,195
5,T,50,False,5.347186134553905,1.4898329637286492,1.500802260481915,3.3719342277625604,490
5,T,90,False,5.356247453644658,1.2609169772452635,1.2738590144754904,4.134088529020131,462
5,T,471,False,6.203932892179922,1.1550547751086269,1.1691692344380158,5.459188904874573,348
5,T,72,False,5.8032105305555985,1.816087783316158,1.8250972582208687,4.984351096729498,396
5,T,338,False,6.725113739445898,1.5891295963086907,1.5994180313849653,6.75429050522712,230
5,T,68,False,5.9909777116989025,1.4422147292430758,1.4535434257361608,5.488285649996573,344
5,T,469,False,6.340451521832875,1.1509673954140527,1.1651313705163653,6.775551643602293,228
5,T,742,False,6.602218072856351,1.5576808970206673,1.5681756732580205,4.970106370678273,398
5,T,860,True,7.2712239232871685,1.1061533359452294,1.120883744140263,10.202483415523956,6
5,T,712,False,6.1122233134480055,1.8288212235472707,1.8377682750967468,2.6723676961900535,505
5,T,856,False,7.73688674376839,1.357737128676807,1.3697646790024467,8.40231826195679,54
5,T,197,False,7.183831651703756,1.6795216575888323,1.689259649540317,8.164368103414747,72
5,T,155,False,4.589459348579362,1.543491720669383,1.5540823199013842,3.981962607187655,474
5,T,420,False,4.763882293886196,1.426654963321757,1.4381062372529156,4.364909566537405,443
5,T,774,False,6.6256789836982755,0.4529685465889249,0.4878377491072401,6.64239325548215,242
5,T,130,False,6.0557389548085165,1.7259167000676086,1.7353943704032808,5.515739887632735,337
5,T,220,False,6.82451421837587,0.6411023308708602,0.6661961902496782,7.361377069566595,150
5,T,636,False,5.045343977435886,1.058179868204253,1.073568721008537,4.418186468072644,438
5,T,194,False,6.575782957394146,1.6409952259932725,1.650960477112595,7.103107596443365,179
5,T,805,True,7.775932802541416,1.4628789315079165,1.4740488233111138,11.277438099008409,5
5,T,810,True,8.058744714151482,1.278036548311784,1.290806950738891,12.729235613310248,1
5,T,762,False,6.155866771092512,1.5291409478783078,1.539830251597008,8.036087635511333,84
5,T,58,False,5.743271409929593,1.4902636429307168,1.5012297927686709,5.146570525264188,379
5,T,647,False,6.744786364394872,1.5372246453828604,1.5478581251612165,8.265075958137697,64
5,T,727,False,6.729167002033774,1.444322447787269,1.4556347407359251,7.999684093525243,88
5,T,43,False,9.361312792198438,0.28764967388817786,0.33992278556035427,9.088977825921097,33
5,T,261,False,4.865108614059088,1.4728484961090917,1.483943347215772,5.416764336618248,354
5,T,398,False,8.358945008710007,1.295566928938488,1.3081662098579985,7.571953127930837,126
5,T,644,False,5.204195874426324,1.6545469655093858,1.6644310818809687,4.417406029909286,439
5,T,252,False,6.670015331966297,0.4356084009034464,0.47176248705550256,6.718383030014105,233
5,T,777,False,5.896897863157896,1.6652369519861967,1.6750579904932885,5.528095781093468,335
5,T,656,False,4.754375233072609,1.4251441402217775,1.4366074570541547,4.502755682667606,433
5,T,763,False,6.185317351888154,1.5217502076984972,1.5324910635581388,7.164661396671059,170
5,T,213,False,6.2036787859987435,1.6182876750833501,1.6283918952702419,7.235409910578605,162
5,T,125,False,6.241768663613581,1.5719862009894812,1.582386103754857,5.688533670883321,318
5,T,478,False,6.276873088837827,1.4333499068669455,1.4447481167216025,8.025249273443547,85
5,T,235,False,6.106527955780168,1.5734159967597705,1.5838065109459165,2.4261302580770105,509
5,T,280,False,6.17608311111284,1.699647493530223,1.7092708291896592,5.0058768190327525,393
5,T,153,False,5.861646591995467,1.6137135239466958,1.6238462065797976,4.174866832895877,455
5,T,797,False,6.691470803920788,1.14720259974223,1.1614124892175333,6.605869224551402,247
5,T,824,False,6.542046750896077,1.5991354358359082,1.6093599061121275,7.819183922014606,104
5,T,467,False,6.206596695968052,1.188635474737938,1.2023557947049694,5.288378839437019,364
5,T,474,False,5.663729679449797,1.593393039556422,1.603654122235212,6.066272604461957,288
5,T,501,False,6.15205813079374,1.2180482538724917,1.2314409096732826,4.982368975082573,397
5,T,26,True,6.614093923625491,1.4570193458085885,1.4682338162961726,9.342999720429711,19
5,T,343,False,5.2222458626417225,1.4940461028265206,1.5049846918245546,6.644799987049528,241
5,T,178,False,7.470402768731832,1.5047672545594784,1.515628468870127,8.641394932946632,44
5,T,684,False,5.9990423029530175,1.5818257256789257,1.592161358554715,5.865430921361845,303
5,T,273,False,6.032614475931475,1.392700682102874,1.4044288359275974,6.832710569267192,221
5,T,848,False,5.274467596994365,1.3788254348077005,1.390670609787875,3.6646896344479103,481
5,T,229,False,8.65063410250397,0.22797968594093315,0.29116988590316484,8.957136725946095,36
5,T,353,False,7.547654126270407,1.0093556592063089,1.025477455640512,8.58593830031063,46
5,T,750,False,6.61973988784126,1.55520930154342,1.5657206445794565,4.920801069361355,407
5,T,834,False,6.11812444015114,1.6319382047054434,1.6419584249402788,6.19461052466942,274
5,T,852,False,5.825591156386549,1.4460560119785566,1.4573548487017371,4.373717637012138,442
5,T,84,False,5.755394955667249,1.249418908351708,1.2624788211300455,4.024664657974444,471
5,T,572,False,6.609573549734176,0.47911658220076075,0.5122088095639061,6.622114097174613,244
5,T,79,False,5.967914500723527,1.3532161945836536,1.365283572939556,5.7768471476187235,311
5,T,373,False,6.523889205115561,1.7204910011298797,1.7299983960177627,8.43296524141969,52
5,T,630,False,5.69767837019673,1.5568795259458625,1.5673796679696177,7.990048112540059,90
5,T,47,False,6.731644968789934,1.446823088928618,1.4581159816393494,7.732842358382401,112
5,T,569,False,4.771102925758659,1.4216477775028473,1.433139061129073,4.4390470134486355,437
5,T,855,False,7.2484648780096865,0.4678512876013096,0.5016871461033647,6.823995797055965,222
5,T,610,False,6.188303389426654,1.5076640843043678,1.5185045789711875,6.71404240329274,234
5,T,631,False,5.854089587267377,1.61600318582514,1.626121601188588,5.83234122066929,305
5,T,282,False,6.7741589271307125,1.579826783604743,1.5901754090194085,6.856957398017282,219
5,T,790,False,4.500038545983323,0.7704762892694575,0.7914789179640658,4.718622404003114,423
5,T,258,False,5.735967130973316,0.3509797980736187,0.3949582052710561,5.529715944090081,334
5,T,438,False,5.4682985390771535,1.4641616317896022,1.4753218121006435,3.2019475644012387,495
5,T,160,False,5.843057707878405,1.4806963570713527,1.4917328403905006,5.42182377008189,353
5,T,74,False,6.615312144047069,1.601777490001638,1.6119852023920949,7.8490277309938445,103
5,T,612,False,5.5996734674725,0.8720706093965508,0.8906808143372165,5.693292564724407,317
5,T,837,False,6.965175169331074,1.5509287162717202,1.5614688751977677,6.306969575595755,266
5,T,741,False,5.685861653739373,1.5560485111313327,1.5665542232074743,7.987358958264492,91
5,T,643,False,5.302368244173962,1.6547396221778872,1.6646225946023177,7.801801505747438,107
5,T,129,False,5.95402061285375,1.564647219025295,1.575095579721664,3.5467435790057404,485
5,T,846,False,5.432153783468635,1.636790340053476,1.6467810366127942,6.2259734244601646,272
5,T,293,False,6.19152181828305,1.7178693171031008,1.7273911415482626,8.15290485360229,75
5,T,295,False,6.964177068948863,1.0723284297048312,1.087517092467224,6.960804500253306,201
5,T,234,False,6.08926045401084,1.5611756625957605,1.5716471024808487,2.3840597192219684,510
5,T,203,False,7.0791817136018205,1.4267449357286068,1.438195493277031,6.653240410858742,239
5,T,423,False,5.957675384192793,1.6547434397148901,1.6646263894744076,5.335585764283811,359
5,T,118,False,6.150606705273965,1.6159580278129986,1.626076724176449,4.9220093274660455,406
5,T,337,False,5.224645472520713,1.494475647737702,1.5054111155880838,6.599876839794545,248
5,T,818,False,6.760747468144902,1.5172235373292058,1.5279962131762248,8.521769435095694,49
5,T,215,False,6.325500634073524,1.5529134866121095,1.5634402649787786,8.220665595938828,69
5,T,381,False,6.356060699099185,1.6807997812350912,1.6905304108045693,7.0677184838502445,186
5,T,54,False,5.9288192468021315,1.652728408724835,1.6626233362554672,6.089084191438383,282
5,T,773,False,5.154818164965704,1.2739560807084074,1.2867669800041739,3.505773537914009,487
5,T,785,True,7.378339039963523,1.3200729516824103,1.3324405288862413,11.479517695637732,4
5,T,819,False,6.770848081808328,1.5220823042313494,1.5328208330099606,8.384529948468778,55
5,T,729,False,6.395916273501091,1.7482518184403255,1.757609053781597,6.900820380416343,212
5,T,551,False,6.527724949577925,1.4504724215206537,1.461737120978709,5.7752504124119355,312
5,T,653,False,5.190036482866288,1.376307670544778,1.3881743295622235,6.7353085097902285,232
5,T,365,False,7.272117947800638,0.835049233836987,0.8544661422121268,5.166025280069034,376
5,T,284,False,5.745830894596775,1.6312889793171683,1.6413131630791196,5.573995262528157,331
5,T,269,False,5.161003408401996,0.2720848507274897,0.32685674423290684,5.638895168004648,326
5,T,82,False,5.795682940633487,1.3256285497163007,1.3379447735531083,4.690964820573313,425
5,T,753,False,6.724781617848092,1.5925032032427162,1.6027699827465722,6.914249304829548,208
5,T,99,False,5.819075051004751,1.1800379565950094,1.1938570870334777,5.118899145382625,382
5,T,139,False,6.027130584325784,1.709211650102489,1.718781437560113,7.561804352775075,128
5,T,201,False,6.958949986817767,0.5595632166252432,0.5881463751950907,7.2320146295477965,163
5,T,126,False,6.0506131935673215,1.598705735527226,1.6089329364714942,5.175245931537388,374
5,T,694,False,6.731026284216418,1.5803782773643034,1.590723314979729,6.873469196308525,217
5,T,768,False,6.736330354541286,1.5858577123465285,1.5961672371854085,4.739768215845528,420
5,T,320,False,6.335017578133449,1.5772600955541292,1.5876254515100707,7.603063444557927,123
5,T,246,False,6.417057538194544,1.5601289698592853,1.5706073881939209,4.801548777866471,413
5,T,23,False,5.368082756024367,1.3188444117623606,1.3312234026232947,4.0410548334661796,469
5,T,505,False,6.877371779246002,0.509142911688295,0.5403995464261332,7.009368567904352,193
5,T,264,False,7.987625868662686,1.3504217348245198,1.362513863100703,5.634419251638116,327
5,T,679,False,6.366690250129344,1.7040107003636957,1.7136095331810886,7.740736329166503,110
5,T,550,False,6.524170390364878,1.4502773695866957,1.4615435723886034,6.127264617295866,279
5,T,544,False,7.666709733903152,0.8853685350043744,0.9037049341632077,7.926659142476963,95
5,T,686,False,5.974168581379573,1.620395353808185,1.630486512639184,5.037077231956597,388
5,T,844,False,5.811115432785417,1.6725656187119147,1.6823438751195623,2.9062330951866,500
5,T,520,False,6.960067941665191,1.5390676343691898,1.5496884681825278,5.916428979470799,298
5,T,436,False,5.862293934141462,1.7139228987997703,1.7234665265926528,5.296293864046443,363
5,T,430,True,6.002911032223908,1.7487054540994702,1.7580602749770469,10.077307449215755,8
5,T,262,False,6.097793795444494,1.6277423103566382,1.6377882018686976,5.081840441492268,385
5,T,242,False,5.982028006144079,1.6423273225917998,1.6522845395956125,5.615782899675013,330
5,T,486,True,7.226001340554367,1.6791039190000014,1.688844319662502,9.735412474018311,11
5,T,103,False,6.35071901477976,0.3434961468498628,0.3883230203784448,6.424380016955753,258
5,T,414,False,7.891908315439459,1.2305084336763867,1.2437669277657493,7.262621350461572,158
5,T,104,False,5.962606208951554,1.3393836794155847,1.3515745654383873,5.46256252351459,346
5,T,726,False,5.328491120273149,1.0746566676816047,1.0898128824012252,4.313227659889181,445
5,T,589,False,7.750462326359318,1.0666729573351947,1.0819410164908925,7.000171479914448,194
5,T,724,False,6.242783349576424,0.4084942415993415,0.44684752508541065,6.572510695267488,250
5,T,443,False,6.4262606440290515,1.5066665061026074,1.5175141270731467,6.650197073428398,240
5,T,681,False,4.23564437681099,1.4347569032157872,1.4461440234570315,2.5850854393650655,506
5,T,676,True,7.14682654042811,1.6321209363071323,1.6421400415272764,9.341133051849127,20
5,T,383,False,6.3367684480754525,1.5291724941194376,1.5398615788526566,7.03545399124155,190
5,T,254,False,6.673899244764703,0.4926977981177003,0.5249345535637425,6.6561045257388285,238
5,T,17,False,6.065627534492618,1.3038677326092531,1.3163875680796786,8.4586630509562,51
5,T,24,False,5.27015097866086,1.5563849635094658,1.566888419733038,4.04250567248965,468
5,T,792,False,7.456812875828634,0.7208612604629082,0.7432671942789539,6.80295934111591,225
5,T,657,False,4.72643572696426,1.4225854223062204,1.4340691925473132,4.492404291528654,434
5,T,460,True,5.220977475517294,1.3807245502577798,1.3925535712997485,9.398567649508262,17
5,T,19,False,7.063374155788451,1.5379896598942362,1.5486178867611997,8.354067123992873,57
5,T,162,False,6.890120559095544,0.3614878378874994,0.40432489682891726,6.7931092891176,226
5,T,16,False,6.038091395134066,1.4015556113427277,1.4132102805108029,8.235656640421546,68
5,T,776,False,6.651675666874801,0.5106338945477884,0.5418045214984621,7.145532059938028,173
5,T,836,False,6.916444967912003,1.4994075999831034,1.5103073581699276,7.079725290382155,183
5,T,495,False,6.161786851928052,1.140635276432786,1.1549259712631084,5.502294758552832,342
5,T,325,False,5.840358577722824,1.6270251214552356,1.6370754139933688,4.400940825832282,440
5,T,73,True,6.3455892280141,1.5469209206458725,1.5574882021983374,9.254364114616822,27
5,T,75,False,5.757638665181744,1.728405500822224,1.7378695982517385,5.1563727874920655,378
5,T,515,False,6.399700607490869,1.150333742154252,1.1645054244587016,5.940394062835811,297
5,T,830,False,6.048370898796188,1.805296324444305,1.814359386755351,3.243390699361851,492
5,T,789,False,8.25173701442674,1.2970800912917402,1.309664815317463,7.663823304875981,116
5,T,283,False,6.368193568492186,0.3628568692255956,0.40554934693491557,6.9164479011684925,207
5,T,456,False,5.630448319918422,1.5484459853638715,1.5590029297100845,4.38933630739192,441
5,T,596,False,6.396695527132644,1.751769086635277,1.7611076338901404,4.7199523810959025,422
5,T,466,False,5.376593378355461,1.4552905686259765,1.4665182591385808,4.142653201870438,461
5,T,249,False,6.644168855157657,0.43249873054964,0.4688926499553876,6.610296082866271,246
5,T,292,False,6.544897248118372,1.5351869294856963,1.5458344263597106,2.89044174202029,501
5,T,477,False,5.9424173577236825,1.5731777490744057,1.5835698265115907,5.756141771799156,313
5,T,247,False,5.111008482266239,1.1976177949739812,1.2112363716853438,5.678858671471932,320
5,T,625,False,7.1745472100947,1.4155115227760975,1.427052219215205,7.562154558193952,127
5,T,228,False,7.363438560159111,1.4996121133707219,1.5105103958011472,5.518733116526466,336
5,T,594,False,7.73203635399329,1.0778054094699578,1.0929179593811418,7.017905156321348,192
5,T,755,False,7.487566740078292,1.2526039659039772,1.2656310128364852,7.113744815260527,175
5,T,294,False,5.939076265405674,1.5843105159145123,1.5946300436441188,7.4418841882950675,139
5,T,22,False,6.6164050317650815,1.7726214948315662,1.781850759517764,5.50156519020384,343
5,T,210,False,6.318009582997698,1.5929785973180368,1.6032423325151053,7.2259469277455315,164
5,T,89,False,5.78710133126164,1.1753993156011744,1.1892723474338605,5.119514671399983,381
5,T,485,False,7.526131041188427,1.629389896537302,1.6394256921839963,7.2656011015682065,157
5,T,196,False,6.5750088471043915,1.6271381590762963,1.6371877577044527,7.269545368649875,156
5,T,134,False,6.33375181454057,1.20905420727776,1.222545394409217,8.112478238031617,78
5,T,524,False,6.82561770824259,1.0767823612094738,1.0919090706954429,7.464919912871591,138
5,T,605,False,5.8646105200526915,1.7944970691213846,1.8036143979078163,4.947929631213651,403
5,T,67,False,6.4350920146527875,1.617909595531694,1.6280161622565867,8.255356951256903,65
5,T,494,True,6.689851850341839,1.4490825713471762,1.4603579916709737,9.314298936463036,23
5,T,497,False,6.158233819725371,1.133763717876771,1.1481399449670295,5.361280531767101,357
5,T,784,False,7.353204901068913,0.7760857287985258,0.7969405396263102,7.421327215738171,140
5,T,519,False,7.008915824728476,1.5855861907273798,1.5958974696015087,4.794515750189277,416
5,T,826,False,5.0985931910226565,0.29253554096091144,0.34406715620708206,4.804722219820466,411
5,T,537,False,6.712552473241606,1.12790092409566,1.1423509354970474,9.046554841476404,34
5,T,358,False,6.300592618679136,1.6192363732094264,1.6293347101131652,6.9108559560420755,210
5,T,616,True,6.306939603191587,1.5522727571579442,1.5628038513741453,9.292318566616697,25
5,T,489,False,6.474917288411215,1.6181260721103465,1.6282312951477114,8.105612321168845,79
5,T,233,False,7.948073783314339,0.3758332657450261,0.41719996272256177,7.742007178490535,109
5,T,803,True,7.800730870411762,1.4143608432173977,1.4259108527820958,12.263669673008703,2
5,T,291,True,6.5149187318151025,1.7424404534446378,1.7518287299435098,9.7366546300834,10
5,T,181,False,5.480091218360007,1.5946323802312412,1.6048855390142591,4.2754530713677275,448
5,T,721,False,5.5216452130079965,1.3996121345896413,1.4112828534867516,3.7832001798796013,479
5,T,405,False,8.70683392299436,1.121756909550862,1.136285056392205,9.102323559585791,32
5,T,391,False,6.61001970008412,1.29856372785841,1.3111342114995954,6.069462155328797,287
5,T,165,False,6.866620799326469,0.2377224189095697,0.298859688996948,6.749333555933846,231
5,T,449,False,6.58329799977699,1.7133232944252719,1.7228702436560341,6.462409319643053,257
5,T,728,False,6.725720735572518,1.4526010697218121,1.4638493887733426,7.92504704949422,96
5,T,209,False,6.293850474078411,1.8051263354240314,1.814190246941188,5.669465106013484,322
5,T,473,False,5.352725274923063,1.4905538374718617,1.5015178679114107,3.2693230892903786,491
5,T,149,False,6.315288311111626,1.7541762924428608,1.7635020924920153,6.065240010118841,289
5,T,828,False,6.621733343160966,1.6697339974310064,1.6795287396862442,5.893011253242813,300
5,T,70,False,6.328853106349044,1.6540997261666968,1.6639864991519242,7.398288073519068,145
5,T,255,False,6.074447119806905,1.2880838552836373,1.3007556202059993,8.11858682922269,77
5,T,428,True,6.136333928584695,1.6114685392310368,1.6216152497391443,9.334632673710594,21
5,T,566,False,6.034155134452354,1.8154271949651775,1.8244399319994802,4.121714655958629,464
5,T,318,False,5.048728223764158,1.3464352892285223,1.358562900028935,5.548608666515062,333
5,T,322,False,6.220843804191439,1.4659827932495268,1.4771292141714687,7.919617914447485,97
5,T,820,False,5.784690444887751,1.4282342243177646,1.4396729367351817,3.9473108568068733,476
5,T,158,False,6.750039573649542,1.7068282343742998,1.716411310529159,6.178423890229547,276
5,T,95,False,5.788407211888074,1.253394204844258,1.2664131229548694,4.265590930703543,450
5,T,487,False,6.226189652810241,1.7249474520870192,1.7344304188166888,6.099554847409942,281
5,T,175,False,6.170731931152689,1.529303049669804,1.5399912282167383,7.418791220451633,141
5,T,341,False,7.098457195513892,1.2084451873492479,1.221943098545384,7.41592544815869,142
5,T,690,False,5.465401660760349,0.3103228508433307,0.3593124503975163,5.447264284475774,351
5,T,186,False,5.419073139601606,1.6021149477089949,1.6123205236328573,6.41448744571917,259
5,T,263,False,6.991076084855227,1.5815014123758977,1.5918391509829424,5.989337137348771,291
5,T,257,False,5.664735856286562,0.7823142833087254,0.8030073493586346,4.175855283104102,454
5,T,696,False,6.893617589999014,1.5026146775026634,1.513491339354662,4.7953648920889185,415
5,T,316,False,4.742748112485362,0.2760681342669211,0.33017992066864743,4.2499980338605905,451
5,T,251,False,6.672385228411525,0.4804626881065486,0.5134681683587661,7.074625994775802,185
5,T,600,False,5.95635142627757,1.6531243546925753,1.6630169263518875,6.75913007320482,229
5,T,506,False,6.85453003017775,0.4787080666508775,0.5118267073255913,6.95714728307339,202
5,T,78,False,5.883262259732392,1.1760351583002993,1.1899007768774443,5.323640718512087,361
5,T,240,False,4.730916828008539,0.19317034785964302,0.26480171552947124,4.643845830196775,427
5,T,214,False,6.326290936395369,1.5530456319744255,1.5635715206698984,8.146862132785675,76
5,T,761,False,6.268208405717223,1.5420471895939438,1.5526476419940605,3.490380717555437,489
5,T,270,False,6.971408317253261,1.6331371353146142,1.6431500442743385,8.539379960767402,47
5,T,492,True,6.671959879917344,1.452344094299488,1.4635943883131475,9.331808923038896,22
5,T,161,False,6.959629931439532,0.3761716355506487,0.41750480793397526,6.8890792950937225,214
5,T,392,False,6.944129219928968,1.3298428218790568,1.3421203731999556,6.343348234874853,264
5,T,216,False,6.849466746432136,0.6314544470661243,0.6569169536362419,7.132209178666374,174
5,T,207,False,6.965211535178877,1.4367197532996754,1.4480914386794141,4.7453736452601465,419
5,T,606,False,5.769569016771815,1.758994363111709,1.7682947533468232,5.398151958553647,355
5,T,112,False,6.168772525655854,1.7440162510887023,1.7533960902536048,5.782649355947722,310
5,T,507,False,6.740576367863102,0.27944395939703315,0.3330076451053733,6.661649671307856,237
5,T,18,False,7.063374155788451,1.5379896598942362,1.5486178867611997,8.35401881327976,58
5,T,523,False,5.839929501137414,1.604985209139177,1.6151726492269063,7.333186033835288,153
5,T,157,False,5.9910216513316685,1.5851490425833124,1.5954631466937517,4.481521217773688,435
5,T,205,False,5.283257895433689,1.2474765728694526,1.2605566092457927,5.246946525127757,367
5,T,335,False,6.630665629232451,1.4149888193417275,1.4265337444719741,5.940766855289583,296
5,T,458,True,5.203019512326794,1.387524263053176,1.3992958035441954,9.252195244177576,28
5,T,223,False,6.806434455565464,1.0210536119319307,1.0369935601026543,7.53222909938275,130
5,T,521,False,7.140912608701318,1.5352241493497496,1.5458713898645637,5.6773297108988405,321
5,T,362,False,4.309690762333084,1.4356709407764443,1.4470508682990575,2.8501432474427566,502
5,T,772,False,6.677509550275003,1.5678977820543247,1.5783246244755882,7.536534211487,129
5,T,510,False,5.947541240881023,1.706492763532764,1.7160777130552176,7.2985768173768575,154
5,T,571,False,7.3523456739606745,1.585365012008174,1.5956777201411358,6.62694257057464,243
5,T,407,False,6.300303963105634,1.5646017043451037,1.5750503669707643,5.311410816793898,362
5,T,94,False,5.90716376735095,1.2743643153349524,1.2871711515778537,4.843163845471456,408
5,T,560,False,6.312720282020919,1.6237894740486232,1.6338596700103223,7.064559344247489,187
5,T,481,False,5.848726252606099,1.5180606026007502,1.528827380191658,5.100965633756971,384
5,T,499,False,6.065657586925639,1.1383110345928733,1.1526305465026654,5.119681956476576,380
5,T,323,False,5.346969528175472,1.493342935092155,1.5042866372619241,3.134844799341401,497
5,T,93,False,5.828853429049156,1.3263574566384353,1.338666974282818,4.803535990021777,412
5,T,725,False,5.522935777471588,1.4680061800679358,1.4791373533153669,4.580247895368636,431
5,T,733,False,6.3446575274818064,1.615129853966716,1.6252537064808317,7.5919116336878165,125
5,T,389,False,5.84028423877277,1.3760428256389934,1.3879117490848187,3.046130307289699,498
5,T,397,False,6.356283263454731,1.6700568075189408,1.6798496675582288,5.003370708700568,394
5,T,564,False,7.3474954231085805,1.6495490779186728,1.6594629630448157,6.12476284228916,280
5,T,364,False,5.497501478871036,1.5069298861548122,1.5177756247356495,5.172174177243387,375
5,T,667,True,7.0332167770679535,1.3120189210381379,1.3244617074182308,9.272787810246207,26
5,T,453,False,6.706997230206701,1.5926697656097704,1.6029354782843308,6.9005179561364045,213
5,T,440,False,6.1197543663639475,1.6030346471661472,1.613234404936316,6.807006590436956,224
5,T,640,False,5.6461718488678,1.6473969242770798,1.6573236833439382,4.936136730285112,404
5,T,633,False,6.614118002978856,1.4540231956695644,1.4652605975730966,5.986820809506327,292
5,T,227,False,6.7074858422998505,1.0773670030525724,1.09248561753536,6.778208930358324,227
5,T,369,False,6.529865551045047,1.556197883922702,1.566702594362003,6.955667830728426,203
5,T,642,False,5.3070435243451675,1.6605755348582312,1.6704239797802343,7.873015390934528,101
5,T,416,False,7.878843596687231,1.2742788140152481,1.2870865010181882,6.129540801082369,278
5,T,81,False,5.958502304314237,1.3509695627991627,1.3630568311207338,5.665969508877804,323
5,T,760,False,6.227103990414939,1.5179879810729098,1.5287552701256484,5.623717986113379,328
5,T,744,False,6.603452222935565,1.5565639721746618,1.5670662285708592,4.955184190492588,400
5,T,370,False,6.083728834145505,1.664514720095321,1.6743399949440199,7.979436771634171,92
5,T,311,False,6.094186525869069,1.7358913996828755,1.7453149047516063,4.5718090715780715,432
5,T,450,False,6.522997692443123,1.7486989637784154,1.75805381919179,8.912537163681797,38
5,T,52,False,6.085143302866657,1.293429088508849,1.3060489930534642,6.035285403237647,290
5,T,788,False,8.193744415359793,1.2989396385448635,1.3115065191748747,7.642613164121355,118
5,T,342,False,6.006748880594174,1.2965927340618453,1.3091821428957495,5.711237691800309,315
5,T,540,True,6.708169141331748,1.1199521273796573,1.1345033860140548,9.157279991100372,29
5,T,267,False,6.2025315076021315,1.6333844738135077,1.6433958757859182,5.215976075483941,369
5,T,122,False,6.571198002117164,1.5774851985681042,1.5878490850696696,6.9941850677661686,196
5,T,396,False,6.31124488177106,1.5685072342957083,1.578930052058389,5.457829401756331,349
5,T,858,False,6.432161421008462,1.6524083708549338,1.6623052034228225,8.670711238153052,43
5,T,533,False,6.618024929623943,1.6454616742284012,1.655400038241412,3.240387975605769,493
5,T,384,False,6.190389477324058,1.7354985512485877,1.7449241779060436,4.828270614637396,409
5,T,266,False,7.837696834852294,1.3634928290920496,1.375470050651986,5.472865327920765,345
5,T,347,False,6.431640738886202,1.5049058816018506,1.5157661025814566,6.277769097322204,269
5,T,745,False,6.611447868755706,1.5515531734278023,1.5620891188498238,5.013018509235747,390
5,T,739,False,6.515137837236538,1.4827571709968428,1.4937784284818467,7.477990345327441,137
5,T,339,False,7.1049130220088745,1.2022962244013446,1.2158624003006524,7.513428370328037,133
5,T,188,False,5.72616149246111,1.5938008729807172,1.6040593467728155,4.296619362772267,447
5,T,189,False,6.2799870148016534,0.698028652520149,0.7211443440769888,7.490446122894285,136
5,T,87,False,5.770247014649953,1.3000164172348652,1.3125729885744681,4.2688616324540405,449
5,T,483,False,6.163539683445479,1.5408576732128842,1.5514662530503713,6.320147410907216,265
5,T,597,False,6.379390664566275,1.7609259074873476,1.7702161497724718,3.5676862788579005,482
5,T,699,False,6.722546073544341,1.695405148900163,1.7050524285699602,7.5320003706700085,131
5,T,823,False,5.590843909125829,1.6579095672639166,1.6677737551839467,6.37014923996108,262
5,T,442,False,5.246995725549212,1.5113369214387902,1.5221512590275696,4.95268236174924,402
5,T,770,False,6.820206591393719,1.590710958326082,1.6009892311298717,4.9544656174850035,401
5,T,385,False,6.177267103728352,1.7349669993264223,1.7443954981617171,4.637009196836074,428
5,T,332,False,6.003892054202312,1.6236864097043728,1.6337572409369185,4.789442997388149,417
5,T,359,False,6.4609407866573285,1.6699187189503242,1.6797123840574097,8.09318354162643,80
5,T,590,False,7.786134908408669,1.0431770237516091,1.0587839572539814,7.186874492545945,167
5,T,504,False,6.466931023084527,1.0688227877129794,1.0840605687827964,7.605099915198934,122
5,T,831,False,8.681056905744907,0.5129674430375027,0.5440043776216963,8.405194938770324,53
5,T,375,False,5.12906554511674,1.1899911695688474,1.2036960367580218,2.7587401308666752,504
5,T,114,False,6.197118334655265,1.7380338746274986,1.747445825943629,5.4551046220579575,350
5,T,170,False,6.822143184798332,1.028771390818967,1.0445935763840057,7.643165896535718,117
5,T,123,False,5.727996553813307,1.5662510575357549,1.5766887899921804,5.118643945544537,383
5,T,301,False,6.010121172765733,1.2517816899702605,1.2648172060024867,7.077653446547456,184
5,T,615,False,6.321890772996451,1.580066673090649,1.5904137375748761,7.0865948595066595,181
5,T,602,False,8.337219602930427,1.28597010848035,1.2986624985576887,7.393910727806331,146
5,T,793,False,7.53170191156498,0.5635239681729889,0.5919158960194999,7.113540246453891,176
5,T,718,False,6.439767400630132,1.633210569916027,1.6432230314052227,8.009410112377601,87
5,T,221,False,6.901331292217112,0.6033027892353227,0.6299042949165022,7.362943495101336,149
5,T,654,False,7.111054980367345,1.602465916649171,1.612669271511491,5.965834328956985,293
5,T,111,False,6.199171752350127,1.7435545754098547,1.7529368849698423,5.683780983847253,319
5,T,475,False,4.89218030160881,1.4159779154318093,1.427514841339924,4.630881205209122,429
5,T,484,False,6.203692498102097,1.5478438547114697,1.5584048780157218,6.569575579617944,251
5,T,329,False,6.772451555779265,1.3033907168150505,1.3159150907010628,6.346325962072687,263
5,T,279,False,4.904380474474976,1.5145147636150713,1.5253065706483895,3.5628864328052634,483
5,T,277,False,5.421700642389615,0.22365616157725193,0.2877972269960316,5.267461860734625,366
5,T,825,False,7.6147249968532025,0.4485956003089297,0.48378009247142917,7.383497377295225,147
5,T,187,False,6.269372966204314,1.6328418473686315,1.6428565560551356,6.807435976054934,223
5,T,65,False,6.256881705448369,1.6807127559789679,1.6904438864882658,4.1466500682260765,460
5,T,841,False,6.100000821530877,1.46127854027765,1.4724605724878053,6.564243533480767,253
5,T,611,False,5.576392921134838,1.0866946973455536,1.101685313732592,5.88459741984014,301
5,T,69,False,8.2664136595825,1.2965679920074666,1.3091576387713626,7.501674162418328,134
5,T,689,False,6.647042815748466,1.6966848533953538,1.7063248978422452,5.835445744099023,304
5,T,177,False,6.600712054553947,1.5340387767606485,1.5446941878120868,8.27998210118091,62
5,T,736,False,6.185729339863434,1.5839132657356305,1.594235364878237,5.041490824006159,387
5,T,849,False,5.460275601262332,1.4591876008807203,1.4703855344157761,4.2978888875528165,446
5,T,586,False,5.6540209127247065,1.5155935143203063,1.5263776943813456,4.654159590081349,426
5,T,372,False,6.522918381995597,1.719456717309936,1.7289697996082514,8.493392751393694,50
5,T,10,False,8.42172291539494,1.1377862294771144,1.152112264166511,8.73939602105145,42
5,T,628,False,4.286876239874688,1.4411134040443474,1.4524506905817567,3.029602649506334,499
5,T,669,False,5.266846629263827,1.2406270123677723,1.253778508777256,6.160385958760955,277
5,T,63,False,6.149606758179406,1.692040647734509,1.7017070014667484,6.087999063093639,283
5,T,500,False,6.074921752400465,1.2210938594084855,1.2344534737041513,5.035451594021356,389
5,T,1,False,7.970533247855123,0.2470355252399997,0.3063196304283127,7.698068841572103,113
5,T,634,False,6.3987366979432085,1.6989346786637098,1.708562029199203,6.189865404504339,275
5,T,167,False,7.276244073341465,0.6699680335190096,0.6940189703404831,7.409290333697544,144
5,T,76,False,7.658701637950198,0.2128995000251944,0.27951987830226543,7.2553043128956265,159
5,T,313,False,6.733591299248649,1.6644004898492006,1.6742264350634877,6.667605682847118,236
5,T,296,False,5.20591283876952,0.17980280094280704,0.2552140522816371,5.159009519224346,377
5,T,502,False,6.737362480322993,1.4399748122459393,1.4513209931499866,7.859579973361353,102
5,T,490,False,6.4910813263713525,1.5843592465390908,1.594678458921751,7.942063311406465,94
5,T,720,False,5.902239156371079,1.512153550082305,1.5229620889180575,5.192128472769076,371
5,T,543,False,7.483448717459538,1.177546731120009,1.1913947579314568,6.969667037876261,200
5,T,641,False,5.687214948597792,1.6595362096272819,1.6693907859812875,4.061754595499764,467
5,T,811,True,7.836527348864673,1.4050793082580513,1.4167049896679476,11.857991592200296,3
5,T,617,False,6.204585470054229,1.4687416926455974,1.4798673335710164,7.884248550356141,100
5,T,290,False,8.234775138414536,1.4886703469245794,1.4996481477558938,7.524259822385266,132
5,T,779,False,6.139388828070597,1.680779082022627,1.6905098307374495,5.818359053273407,307
5,T,212,False,4.600830100488459,1.4339898837241054,1.4453830467658768,5.512485753672038,338
5,T,835,False,6.287415335260222,1.6330440596172526,1.6430575357869646,6.376136547717663,261
5,T,672,False,5.263403854517131,1.5599191626323168,1.570398980897098,4.015727030877177,472
5,T,317,False,4.952805575043303,1.0962853389233655,1.1111465743066726,3.5554888281961827,484
5,T,57,False,5.39302366848394,1.575048638785323,1.5854284530670677,3.962409188730252,475
5,T,791,False,5.731605591103395,1.3298953465801198,1.3421724174302616,6.463691977083266,256
5,T,535,False,7.287870857505948,0.3076995761886903,0.35704928853287915,6.972082670634965,199
5,T,272,False,5.9101060121532765,1.5787742752482488,1.5891297547528234,7.239885075870593,160
5,T,15,False,6.08923078991381,1.568753115676769,1.5791743105815474,2.5549039752750486,507
5,T,432,False,6.297962600939322,1.5060889926502485,1.5169407434166227,5.784996618758938,309
5,T,503,False,6.710727388971046,1.448556001731921,1.4598354891592082,7.629967646618057,120
5,T,621,False,8.762074206360827,0.7735274804632285,0.7944494497996244,8.833089429884103,39
5,T,137,False,7.535677645178315,1.4586786025389429,1.469880413761643,6.849736957312596,220
5,T,702,True,6.233357210121101,1.6532075512815314,1.6630996280648411,9.497791957501615,14
5,T,287,False,8.764430694185986,1.1590158822723136,1.173082682769891,8.1612066858581,73
5,T,451,False,6.124329902159813,1.7819786733214702,1.7911597241529529,4.247826676915231,452
5,T,300,False,6.783120997838267,1.417075857934808,1.4286039172551668,6.292936543234156,267
5,T,752,False,6.774170556866648,1.5832861829502543,1.593612343820266,6.991295792087142,197
5,T,622,False,6.0203317077483245,1.2906637161407084,1.303310397954869,5.6626916097645905,324
5,T,195,False,6.613526287290588,1.625920546036741,1.635977624321173,7.184653026449024,168
5,T,286,False,8.560884790322467,1.2354954324743925,1.2487009765833539,7.997491163430264,89
5,T,314,False,6.196098286098236,1.7146706357175872,1.7242101247374955,8.010761477974244,86
5,T,333,False,5.604721551433048,1.6283887601765106,1.6384306880439978,5.460283801793166,347
5,T,182,False,5.468433063681398,1.5864172822264753,1.596723194107849,3.9956765619730152,473
5,T,49,False,5.045883354660003,1.3420539596036778,1.3542208076023072,5.943494045500738,295
5,T,518,False,6.934833763396056,1.5863576303685145,1.5966639272819887,4.22543329732635,453
5,T,102,False,6.2768697251535945,0.7056276634464386,0.728502274997145,5.502636542803539,341
5,T,687,False,5.977811800256667,1.6228615356387046,1.6329374541331183,4.994446384068066,395
5,T,651,False,6.280961695274725,1.5784533225934758,1.588810893990068,6.941529659336395,205
5,T,553,False,6.093719338616097,0.6493394151090975,0.674126724933347,5.827621127926742,306
5,T,366,False,7.522524278235303,0.9768340260840781,0.9934837088602736,7.380258016548731,148
5,T,534,False,6.610651798137245,1.643425337166036,1.653375941549421,3.1673783782589564,496
5,T,275,False,4.988408854207268,1.5132514710410994,1.5240522234697822,4.811832289997327,410
5,T,675,False,6.483313972564987,1.299601777106582,1.312162316298453,5.176776990736654,373
5,T,832,False,6.270867485161686,1.258814947244873,1.271778375607263,6.275808951700862,271
5,T,303,False,6.363155650106657,1.7755123435432716,1.7847266589956166,7.34999511356736,151
5,T,113,False,6.198682856661221,1.7406827276891843,1.750080433503156,5.621690876787827,329
5,T,749,False,6.761465495567846,1.5270568830132347,1.5377606735813059,8.157691450857925,74
5,T,141,False,6.385740593448656,1.7479269745072203,1.757285939585559,4.59774361428062,430
5,T,609,False,6.087894089338937,1.464177923339352,1.475337980413123,6.883166503332417,216
5,T,648,False,8.521741240652812,0.9631176696488446,0.9800004136963191,7.187661440577471,166
6,T,754,False,6.450562829177839,1.5641019914851935,1.5731611646811372,5.802610777908288,277
6,T,851,False,6.085868084923909,1.519853460104883,1.529174793961027,5.4541014094540285,321
6,T,371,False,6.022698162394945,1.6810764231465118,1.6895084938383809,6.126227675287228,240
6,T,390,False,5.944823559951259,1.3958239537831656,1.405967823333035,4.954608660164753,385
6,T,498,False,6.278907029091799,1.1184248395912633,1.1310592964596093,5.603776292395049,301
6,T,839,False,5.914860817341043,1.5235925384886309,1.5328911356098298,2.9287403198453505,473
6,T,150,False,6.413668507778981,1.6419351559315984,1.6505671954140753,4.955738644568797,384
6,T,230,False,8.664934125230783,0.1963134570169418,0.25876627233645905,8.338224707636087,38
6,T,650,False,5.4872400129241825,1.548979907091403,1.558127004729029,5.636394730112753,297
6,T,56,False,5.421978700088385,1.6202270998001933,1.6289741757375742,5.262258168936888,347
6,T,204,False,5.8774580847753635,0.5939723566573695,0.617433535504894,5.154926443032847,359
6,T,217,False,6.8070221319912125,0.7958642041416348,0.813523719215956,7.126486267842219,126
6,T,48,False,5.111153048600825,1.286156432492855,1.297158193566117,4.937549113256818,389
6,T,593,False,7.651889191487059,1.0922660282934187,1.1051995687914664,5.72480227586466,287
6,T,843,False,7.687015616545895,1.47580548651469,1.4854032598320983,7.1170524473686445,127
6,T,845,False,5.902405287260132,1.6625598450621124,1.6710853505150234,4.323144350147402,429
6,T,859,False,5.493631752615427,0.6367351588256697,0.658674937110647,4.512233402191659,420
6,T,568,False,7.168528497225485,1.2087522991170114,1.2204520190952306,6.905003267910557,148
6,T,14,False,6.166160977556159,1.752246523581397,1.760337720352562,4.56116201402865,418
6,T,176,False,5.832495412610624,1.5449160979978787,1.554087114722323,5.1141028574769,366
6,T,173,False,5.151453992692021,1.6094869158099714,1.6182920448597828,6.2321129640281185,229
6,T,701,False,5.959374680658918,1.6877161780118801,1.6961152401343464,7.243778232603217,108
6,T,298,False,7.206092698167198,1.4467166537657008,1.456506123082217,6.051868945061596,247
6,T,812,False,5.716252817388542,1.6657352319104837,1.6742445678934834,3.2012127586116823,467
6,T,159,True,6.296861741075945,1.7023293101586399,1.7106566255441664,9.722857646005961,3
6,T,766,False,6.4881997074739886,1.7157340704945798,1.7239966389030066,8.307862029992119,40
6,T,8,False,6.463192614268534,1.7355985637359963,1.7437670098770126,8.480420221417123,33
6,T,565,False,6.047658704290634,1.6333301660078483,1.6420074425788054,6.79574762275316,158
6,T,198,False,6.169026886944303,1.7507726384858475,1.7588706154699554,6.693665492697858,166
6,T,60,False,6.866116242379708,1.4851464348796384,1.4946842286344844,7.025264993047401,134
6,T,328,False,7.122236995001163,1.2962501756501335,1.3071669855706904,6.040067636166853,248
6,T,457,False,5.6096094786664725,1.5558636377251063,1.564970501155905,5.305261624573227,341
6,T,237,False,6.396675480127556,1.6024016621850938,1.6112455111703228,4.845337428840252,400
6,T,662,False,5.841857399047756,0.6152686439778208,0.6379471095281098,5.126997450489478,363
6,T,638,True,5.867271693151407,1.6406997231618932,1.649338228465125,8.725462419104781,24
6,T,310,False,4.060702658607919,0.33474174507613413,0.37479734015809046,4.1357604171390125,440
6,T,20,False,6.414290525870827,1.5348625074174476,1.5440932377835017,6.415121795012773,211
6,T,415,False,7.284543052246183,1.3020217633393698,1.3128905828370945,6.118182507642585,242
6,T,399,False,6.782723938991383,1.564496447946567,1.5735533502015078,6.607874103449538,181
6,T,743,False,6.101518603093749,1.5247669358415534,1.5340584144447054,4.8799241432865985,394
6,T,183,False,6.011992114855777,1.7211581625575734,1.7293948163538382,5.998880165469297,252
6,T,124,False,6.02458066787537,1.628119694460424,1.6368245934683618,4.7072799566090495,409
6,T,821,False,5.536985746970419,1.6502831844556423,1.6588717850364503,6.191113900369678,230
6,T,59,False,6.626152535446275,1.4664333668018092,1.4760920803129638,4.851274787558106,398
6,T,488,False,7.762795378118922,1.4492964309198064,1.4590685915918595,6.666699747610572,172
6,T,588,False,7.740779190846046,0.3838176003735722,0.419209924321325,7.986852819485823,51
6,T,445,False,5.942646169538478,1.7457896141106994,1.7539105983572105,4.222637205784416,437
6,T,336,True,4.943054614799236,1.5619972947490643,1.5710686041979067,9.226556454104372,16
6,T,64,False,6.7038131103308976,1.6125508012941572,1.621339291156355,7.111650585121444,128
6,T,476,False,6.884142971579578,0.40980379370326714,0.4431254445713468,6.636263000534683,177
6,T,863,False,4.192528610222535,1.302649057190519,1.313512686079701,4.586937694144656,416
6,T,748,False,6.253525179780039,1.5136720888582176,1.5230312547289906,5.053153383956837,375
6,T,511,False,6.4187687198125,1.5992232553700816,1.608084584469811,4.303592132942981,431
6,T,344,True,4.972278797357079,1.557842651440768,1.5669380131137816,9.379983276278393,11
6,T,857,False,8.200193440067734,1.2415606990967623,1.2529541012481682,6.684135196534087,169
6,T,747,False,6.269503462800467,1.5202974253604828,1.5296160537372365,5.143158056977901,360
6,T,132,False,5.78617366922316,1.4469606099465373,1.4567484398583783,4.977540773574278,381
6,T,382,False,6.07427046291526,1.640609426649267,1.6492484049115828,5.473089013466696,318
6,T,121,False,6.127036267070622,1.5841082263175237,1.593053634683972,4.665330101638167,411
6,T,46,False,6.536328904580503,1.4269879478601741,1.4369118322399446,6.152352005713101,233
6,T,184,False,5.43917609738014,1.629072855130073,1.6377726880170556,4.961139820384933,383
6,T,53,False,6.138430276696722,1.386329029760986,1.396541867990717,3.455033743431889,464
6,T,862,True,7.426406667546887,0.8599591108218384,0.8763279537812604,9.110854917352713,18
6,T,400,False,5.831560720309606,1.6832813853627022,1.691702465743176,3.4765145043802295,462
6,T,496,False,6.283900403716875,1.212778658032485,1.2244399061089275,5.815748835432004,275
6,T,435,False,6.1497885917317765,1.6418151607956504,1.6504478278671553,7.88253597085371,58
6,T,660,False,4.9640790280932325,0.8656371263669881,0.8819005867091033,4.573796373609422,417
6,T,632,False,6.915169517186436,1.5332118774677836,1.5424524859784983,4.306821879748256,430
6,T,618,False,4.552450387975805,1.3648442625770036,1.3752166634324674,5.952345811483772,259
6,T,783,False,6.398968467393101,1.5884358635408615,1.5973570367565815,7.827654059019775,63
6,T,172,False,6.256737148795958,1.255639621423294,1.2669064168994477,7.326605624281259,99
6,T,688,False,6.359902697878976,1.730732515878868,1.7389238200143673,7.996185967809757,50
6,T,461,False,3.1183578497422184,1.2386254278702693,1.250045583512766,1.2955182697124428,481
6,T,757,False,5.089762306739977,1.694945773800964,1.703309186970678,5.9182340658653345,263
6,T,608,False,6.160535357339594,0.3971704887620115,0.4314688950972236,5.942764310604161,261
6,T,144,False,6.728850718586338,1.5121416465698003,1.5215102265787734,5.802274052249687,278
6,T,538,False,6.832219777544228,0.29014647524331544,0.33556815610108726,7.565512555583588,79
6,T,85,False,5.788653566112051,1.4196064980456449,1.4295816239677896,6.1373890661869375,236
6,T,393,False,6.849295599591863,1.5438066971688427,1.5529842653795094,4.966674041159299,382
6,T,764,False,7.701546373442574,1.4774839862921683,1.4870709263659079,6.8946969075344,150
6,T,673,False,5.103593207160017,1.6158825344048708,1.6246530015014506,6.302989660890663,219
6,T,517,False,6.794729404318762,1.5608610066287711,1.5699388817107323,6.9881001609538105,141
6,T,226,False,6.630491885758998,1.2532927057391303,1.2645804112637022,5.9934580171326495,255
6,T,577,False,6.464475838889486,1.3397346511285517,1.3502999465776135,4.8573625280856385,397
6,T,468,False,6.4354939002872715,1.1954951631038364,1.2073233598740778,6.5333154225570516,192
6,T,833,False,6.4041226350045894,1.668311100406752,1.6768073646168635,5.3847131036438896,326
6,T,822,False,5.768735317185149,1.6575432300214799,1.6660944059935512,5.403452685481018,325
6,T,174,False,6.621726435307657,1.6818848140911198,1.6903128521558617,6.447862379108073,202
6,T,671,False,6.518117461169526,1.4388825074816407,1.4487249154444806,3.0404444791696927,470
6,T,394,False,6.872035407213406,1.504541871076779,1.5139574802867415,5.168164565586778,356
6,T,627,False,7.955928209205504,1.4443320882283412,1.4541376108811037,7.530888223975702,81
6,T,444,False,6.776909047826767,1.5991907677470265,1.6080522758729854,7.2947635807312174,104
6,T,700,False,5.430439248262543,0.8459972824785418,0.8626310985896818,6.873532430770326,152
6,T,758,False,2.607831560820406,0.19076430044417608,0.25458206656581234,2.3527718889940608,476
6,T,97,False,5.901741924314363,1.4683161903178756,1.4779625993382117,6.4706562975191755,198
6,T,211,False,6.277473428854649,1.3245082052315293,1.335193991904776,8.158920934237031,45
6,T,309,False,6.258622402475963,1.698971852125211,1.7073155433623668,7.617154690874338,74
6,T,781,False,5.4367915661804815,1.2012280244394224,1.2130003202767925,5.758913487265592,282
6,T,3,False,5.776529558162351,1.6318395705274942,1.6405247313686924,4.946491162328406,388
6,T,426,False,6.872426871183803,1.1660206550195718,1.1781448035896245,5.431880265559191,322
6,T,584,False,5.119179403792874,1.594203514752207,1.6030925914435676,4.787362830148184,406
6,T,629,False,6.632277424614306,1.6430604293131152,1.6516865879056963,5.547754739577718,308
6,T,80,False,5.8973730601720575,1.3759490931046383,1.386238405581248,7.439376821812438,89
6,T,703,False,5.928970441510848,1.6849879675042103,1.6934005612751324,6.902074760206428,149
6,T,434,False,7.4336953868231666,1.5309890548804967,1.5402429991585225,8.377800913004075,37
6,T,513,False,6.052519582312036,1.3966685367760998,1.4068063164178841,3.496789019961922,461
6,T,208,False,8.201053425390807,1.2368161060231018,1.2482528151024184,6.7169080037520015,163
6,T,345,False,6.163660211857994,1.7517000543381427,1.7597937636726684,4.097361576281234,441
6,T,256,False,5.969424305335352,1.3347469159363412,1.3453513815708291,3.456476274613355,463
6,T,133,False,6.780495281497348,0.28942535939247765,0.3349448446422615,6.237322735209405,226
6,T,850,False,5.067270534037635,1.5226641185815568,1.5319683509487763,5.700494927069866,291
6,T,145,False,5.797011604418424,0.21417529669215013,0.27256571318882783,5.77092779010884,281
6,T,62,False,6.943590716397688,1.147305636747388,1.159625471609387,5.729029894450969,286
6,T,595,False,6.786668940722805,0.3474657637150587,0.386203919253874,6.976688007649625,144
6,T,50,False,5.646664057241759,1.615512904591544,1.6242853675369886,7.20783350451135,114
6,T,90,False,5.479861281623225,1.4388926292879816,1.4487349684853488,6.251410463340353,224
6,T,471,False,6.301310122590336,1.152347801471309,1.1646142991775104,6.244238080701947,225
6,T,72,False,6.101613074853826,1.7524134468963009,1.7605038764955725,5.417666347874148,324
6,T,338,False,6.416889300716947,1.5536477579873027,1.5627675342775507,5.652860709887903,294
6,T,68,False,5.849319455633733,1.536666163293504,1.5458861237827777,5.344260697285426,335
6,T,469,False,6.456151378977738,1.156297372479205,1.16852241052334,6.5622009740568785,189
6,T,742,False,6.0991400700394625,1.5245706863013957,1.5338633536995636,4.8163813796716015,403
6,T,712,False,6.210821915463542,1.7541128559304389,1.7621954833767464,5.379862290526119,328
6,T,856,False,7.625794264218367,1.3776155870357405,1.3878925448091404,7.308553824869286,101
6,T,197,False,7.040461458794801,1.6912309055463148,1.699612598849506,6.619900115940262,179
6,T,155,False,4.246106344993386,1.5785814036568857,1.5875579543009783,4.135762186087244,439
6,T,420,False,4.17386929626867,1.4951405923548953,1.5046150342198203,3.985848312537226,447
6,T,774,False,6.62568773259305,0.4485612941278565,0.4791954140876363,7.39820878647936,92
6,T,130,False,6.133796227469806,1.7250514102051888,1.7332695630350965,4.664028232616186,412
6,T,220,False,6.81107488254009,0.7916176197887933,0.8093697957380411,7.36855561969721,96
6,T,636,False,5.48596192969892,1.2129292326053032,1.2245890468240574,5.9620095832407625,257
6,T,194,False,6.113071825168395,1.5705766147577704,1.5795986557087662,3.7866821973185236,451
6,T,762,False,7.680541648893201,1.4828234934385431,1.4923761332138252,6.7056930225197675,165
6,T,58,False,5.468233914156574,1.5489093523148287,1.5580568641680914,5.579417533824079,303
6,T,647,False,6.260200740281857,1.5177256584335075,1.5270599806688627,5.115484313836365,365
6,T,727,False,6.554258344179764,1.4377985049148319,1.4476482829155324,5.99856561931336,253
6,T,43,True,9.373424536952353,0.2904795311005319,0.33585617201616036,9.302418203812508,13
6,T,261,True,4.944960710635778,1.5615482241126235,1.5706221272229206,9.211492484545058,17
6,T,398,False,8.006554932293431,1.4415839569936508,1.4514080457798337,7.383177240951086,93
6,T,644,False,5.7442532662830885,1.6830282049145608,1.6914505457833795,7.967494921709957,52
6,T,252,False,6.60896559981275,0.4243700684657747,0.4566300092006767,6.991215273981574,139
6,T,777,False,5.624834650341421,1.6741470955062996,1.6826138914454327,4.8458581758972175,399
6,T,656,False,4.173165486554073,1.4952271904988461,1.5047010870933921,3.547866449620659,457
6,T,763,False,7.666181821843975,1.482800521988179,1.4923533088050496,6.944409880596193,147
6,T,213,False,6.376472062913167,1.6637070302352737,1.6722266870096403,5.788989638343434,280
6,T,125,False,6.1409388219585095,1.6167112105664045,1.6254772064424812,3.8389141672682596,450
6,T,478,False,6.1772256561841346,1.5534754328569913,1.5625962148882802,7.406537625730563,90
6,T,235,False,5.98301160655939,1.6276546529809015,1.636362025855936,4.803607988905347,404
6,T,280,False,6.35687658728916,1.672204908498149,1.6806814886522272,5.124896465483594,364
6,T,153,False,6.073906104929113,1.6583362954319512,1.6668834029529274,6.365442564611222,214
6,T,797,False,6.197054083304549,1.266321217436783,1.2774938105617344,7.525717186102175,82
6,T,824,False,6.486449881127478,1.4984163658276917,1.5078702250768237,7.34983550259158,98
6,T,467,False,6.334614432987919,1.191430358115241,1.2032985118130808,5.915093063274106,265
6,T,474,False,5.65741973841488,1.6195668850723124,1.6283175075874472,7.350788048071351,97
6,T,501,False,6.274668874537453,1.2100333072120437,1.2217207597710207,7.247644973207456,107
6,T,343,True,5.370975336199498,1.5838836876375457,1.592830357024022,8.858996254281514,22
6,T,178,False,7.186774995350895,1.5826699208336943,1.5916234129355775,7.462272381391703,88
6,T,684,False,6.198518576058212,1.521887084967523,1.5311960389459962,6.798283202954012,156
6,T,273,False,6.166933564035173,1.4437369826742092,1.4535465198727537,7.135434548696855,123
6,T,848,False,5.436958199727293,1.4293430415132196,1.4392506872033186,5.2555302668418555,349
6,T,229,False,8.64507228393785,0.21891454519226883,0.2763052449551071,8.408189331965312,36
6,T,353,False,7.424625275800103,1.1928034918701858,1.204658117687617,5.886700414518197,269
6,T,750,False,6.1092529332825505,1.5232599230145638,1.5325605382350473,4.949404219772275,386
6,T,834,False,6.20471880195914,1.6741507522951313,1.6826175298335977,6.946912534705831,146
6,T,852,False,5.905860081217838,1.5355087220712853,1.5447355909183795,3.339535912624262,465
6,T,84,False,5.7735475884999765,1.4301992880933037,1.4401010429673176,5.07216963110489,374
6,T,572,False,6.6167651267587715,0.47823597792931455,0.5070805270161453,7.7412860885459045,68
6,T,79,False,5.975337892105417,1.5052613807131667,1.514672517265522,5.584075790224971,302
6,T,373,True,6.573108338818659,1.7187902498135745,1.7270381967829123,9.447195705316451,7
6,T,630,False,5.408610344431653,1.6098770594844698,1.6186800662723089,6.65045347812981,174
6,T,47,False,6.539014771627894,1.4362495032439,1.4461098318804535,6.260981695399321,221
6,T,569,False,4.17364927366404,1.4922520957037493,1.5017447610779922,3.7793927941787424,452
6,T,855,False,7.200477812210048,0.4651665998996569,0.4947736613393758,6.446781311286052,203
6,T,610,False,5.9708941635167045,1.589724349227189,1.5986383320872715,7.520719455055375,83
6,T,631,False,5.884404662675339,1.628172959919114,1.6368775756618856,7.554967463639745,80
6,T,282,False,6.439058494171722,1.5433276570037615,1.5525080570372842,5.5347391497769465,309
6,T,790,False,4.556102184464601,0.7705939765945664,0.7888194261406035,5.099602587109856,369
6,T,258,False,5.700585169624782,0.41653214957762336,0.44935514008935007,5.287091429740985,345
6,T,438,False,6.036584003629675,1.5814235604432876,1.590384069279521,5.085227320394838,372
6,T,160,False,5.742213881376271,1.5043639429927051,1.5137806589032383,5.196647302774219,354
6,T,74,False,6.614646002100354,1.473282823412892,1.4828969242858476,7.611562049370912,77
6,T,612,False,5.724957018715214,1.0635773861154219,1.0768555458134006,6.661321537891925,173
6,T,837,False,6.791219254404493,1.60039857869518,1.6092534359082524,5.037175334347206,376
6,T,741,False,5.408786206146186,1.609699804237982,1.618503775113534,6.673271673682024,171
6,T,643,False,5.809450102569027,1.6810590539443533,1.6894912113240625,3.8611481963923397,448
6,T,129,False,6.388699865359443,1.6370299465824834,1.6456877153034872,7.225886144208374,111
6,T,846,False,5.928640690029341,1.6650104830831514,1.6735235041880208,5.141891627117696,361
6,T,293,False,6.378497056210653,1.718292009720871,1.726542336858136,7.493189511102367,86
6,T,295,False,6.78524807584104,1.0829141875012058,1.0959580958158759,6.720041906852957,162
6,T,234,False,5.96815953275256,1.6211082105253525,1.6298505577278164,4.661699117398207,413
6,T,203,True,7.154956022019625,1.5464167565594147,1.5555789260788742,9.577384643300626,5
6,T,423,False,6.0155085813494225,1.6467149491502793,1.6553220635417056,7.499778964368897,84
6,T,118,False,6.536919953201905,1.6182207903287584,1.626978652762597,4.492584604177683,424
6,T,337,True,5.3749494967805855,1.5844384840505092,1.5933820383176283,8.908641130239541,20
6,T,818,True,6.6179211266832905,1.6028923166991174,1.611733473383868,8.693321080752861,26
6,T,215,False,6.1342637167489755,1.617669641725074,1.6264304719390537,5.835743573261349,273
6,T,381,False,6.203040662352041,1.7035384460782954,1.7118598796513158,5.901740112495416,268
6,T,54,False,5.966168872083585,1.6599957029010506,1.6685343100886227,6.495557495474015,195
6,T,773,False,5.166014795879834,1.4124130845681466,1.422438656586733,5.6381203687371535,296
6,T,819,True,6.628718998079605,1.605366807780754,1.6141944114068576,8.629531283563693,28
6,T,729,True,6.52582296790906,1.7287921452858428,1.736992599838868,8.639660548643505,27
6,T,551,False,6.155045466429932,1.3855432313792837,1.3957618193352013,3.609839630464335,454
6,T,653,False,5.521124564377263,1.4860319124658414,1.4955640591963455,7.6668272188655635,71
6,T,365,False,7.220676616955541,1.022872994625537,1.0366726452584625,7.4661314374045356,87
6,T,284,False,5.820103270295505,1.6533473031401593,1.6619200688040932,5.555179534480864,305
6,T,269,False,5.158242768223667,0.26501638971180047,0.31409345282708573,5.329387684396197,338
6,T,82,False,5.866184828887889,1.4913524780742362,1.5008508334112118,5.51050854434866,311
6,T,753,False,6.4215017779838535,1.557608707439952,1.5667054272535479,5.688481694319455,292
6,T,99,False,5.8689915391111,1.3696979888231418,1.3800339093222032,6.5684792960832095,188
6,T,139,False,6.27771216396292,1.7166960949394812,1.7249540552355092,8.20219736013394,43
6,T,201,False,6.876528276304194,0.5826791065102991,0.6065772427783657,6.612738469648468,180
6,T,126,False,6.058568320872429,1.6377638595828248,1.646417768990785,4.499636043552286,422
6,T,694,False,6.437356513658144,1.5507579549616017,1.559894626303217,5.372230986593337,330
6,T,768,False,6.715272090223603,1.6519874986672478,1.660567284407902,6.035260343407785,250
6,T,320,True,8.619874477521133,1.3629412995843975,1.3733280731150042,9.088478709574742,19
6,T,246,False,6.191628977746041,1.5422720531182843,1.5514586994575947,2.968786401351803,472
6,T,23,False,5.245113048512716,1.4362228722835684,1.4460833825071868,6.144849970902468,234
6,T,505,False,6.797536074261377,0.5173340236981087,0.5441098256497847,6.835330302840221,153
6,T,264,False,7.977802238911264,1.4729045833299153,1.482521137079413,6.506145059216853,194
6,T,679,True,6.287792505432747,1.7034614306616065,1.7117832386270904,9.29682641412547,15
6,T,550,False,6.146634035275495,1.3821307043425486,1.3923743369436947,3.292965705508688,466
6,T,544,True,7.406171454411656,1.0755391148415268,1.0886713911217925,9.627625743553425,4
6,T,686,False,5.887458798061935,1.6553195680941073,1.6638821721528918,5.027596424722812,377
6,T,844,False,6.109349427524821,1.696558975587789,1.7049144752568828,2.997093850683472,471
6,T,520,False,6.696799577437382,1.5846549777127872,1.5935973169790658,6.992544849645453,138
6,T,436,False,6.217968191355349,1.7163000468858198,1.724559903637224,6.40440498599304,212
6,T,262,False,6.18914080513742,1.6736472687821657,1.6821165805600298,4.239447804681632,435
6,T,242,False,6.158700545564826,1.6754122299572978,1.6838726645989146,4.208012784268299,438
6,T,103,False,6.344841245567967,0.34276235403934774,0.38197780254820957,6.440002698939898,205
6,T,414,False,7.227006758767543,1.3077931608829423,1.3186144098807508,6.23592328621957,227
6,T,104,False,5.999126547668201,1.4809904662795392,1.490554853570928,6.687976551164166,168
6,T,726,False,5.420357804343842,1.0979439189244888,1.1108113518488314,7.026448734596779,133
6,T,589,False,7.721075533290631,1.05376244504028,1.0671627340149359,5.882843877113281,270
6,T,724,False,6.249451794763789,0.4062140880391182,0.4398077939446006,6.327669952591536,216
6,T,443,False,6.7730058927619865,1.599586310128206,1.6084456390697612,6.6407596663310375,176
6,T,681,False,4.00790713363087,1.507548739657411,1.5169456854929289,5.167895710905921,357
6,T,383,False,6.472701494949501,1.6169332047850111,1.6256980036369886,8.051422544908066,48
6,T,254,False,6.637808962928219,0.4870501349167475,0.5154016338889369,7.18470638125904,117
6,T,17,False,5.957131603038322,1.3299381750600439,1.3405806800692763,3.5880273724263487,456
6,T,24,False,4.946469968867026,1.6125071432456195,1.6212958697631694,4.050931045640776,445
6,T,792,False,7.4753577589705005,0.8962613017576854,0.911978799820119,7.381786482957,94
6,T,657,False,4.153316449498719,1.4935014870772179,1.5029862614790677,3.5042643522570742,460
6,T,19,False,6.2421116433393795,1.4718490414270156,1.4814724469400664,5.907860550829581,266
6,T,162,False,6.825888601776031,0.3738218881955209,0.4100778150388391,6.76777659837938,159
6,T,16,False,6.05069013757032,1.423283934201889,1.4332334658561985,5.503600630194274,314
6,T,776,False,6.631466909210793,0.505308570485359,0.5326891792583371,7.836113969214187,62
6,T,836,False,7.021905348114162,1.5826001481399519,1.5915540327571542,7.65452790603796,72
6,T,495,False,6.321521218951203,1.1430382123779814,1.1554035508207576,5.507505411783653,312
6,T,325,False,6.163956695172799,1.6775331307965369,1.6859829225745422,2.7796421820125015,475
6,T,75,False,5.810230977569495,1.6996175853152735,1.7079581220293092,5.991099672997964,256
6,T,515,False,5.981058708297898,1.2078029872484768,1.2195118147436326,3.5886607033866067,455
6,T,830,False,6.178833196888006,1.7507949621599808,1.7588928363654597,6.9846355029628215,143
6,T,789,False,7.924483313899647,1.4418439520403554,1.4516662813223686,7.611930769972523,76
6,T,283,False,6.373389277605847,0.3614255223662353,0.3988100030223288,6.4574274177105,201
6,T,456,False,5.605728654366503,1.5265620775656823,1.5358426960319262,4.502980007206121,421
6,T,596,False,6.5370729908440905,1.7085319075714072,1.716829138115542,5.37894133319035,329
6,T,466,False,5.0556982016031,1.5268231508787096,1.536102192027651,5.570542558727845,304
6,T,249,False,6.616517744840288,0.42513355990848534,0.45733964845990066,7.215266635904606,113
6,T,292,False,6.553401997310794,1.6113895412877894,1.620184330273761,5.7473047748735535,283
6,T,477,False,5.398660951809475,1.616550575812998,1.6253174380576552,6.140858326139857,235
6,T,247,False,5.029004044550682,1.2236884617862183,1.2352467210244618,4.0901698684703565,442
6,T,625,False,7.0164277646304605,1.5362193426017938,1.5454419687833159,6.690399434374098,167
6,T,228,False,7.0875540005764766,1.6158542302576335,1.624624850152937,6.490777362035588,196
6,T,594,False,7.703506643696752,1.0678459792243227,1.0810717116077528,5.8746816859169435,271
6,T,755,False,7.759524066930801,1.2953674702471392,1.3062916570457903,8.155140176522831,46
6,T,294,False,5.986443269918082,1.6292175580264685,1.637916622320774,4.335086550131202,427
6,T,22,False,6.4708245456800295,1.7315972668777577,1.7397844995721408,4.292584018270219,432
6,T,210,False,6.451610268424626,1.6499459631738838,1.6585363100296475,5.5522250219117915,306
6,T,89,False,5.848418987367793,1.3662637205779753,1.3766254263453568,6.525772779088339,193
6,T,485,False,6.743671526101425,1.6198350734513003,1.6285842549515033,5.816606246951299,274
6,T,196,False,6.132276122859359,1.5588600722605832,1.567949532089995,4.225394522693721,436
6,T,134,True,6.089580447278361,1.3897820408961559,1.3999696894899005,10.488174275774737,1
6,T,524,False,6.605928027965337,1.1112867367169448,1.1240014330488908,7.380945465050809,95
6,T,605,False,5.928162440673534,1.7370670491626137,1.7452286221522595,5.916126628311445,264
6,T,67,False,6.408828379449492,1.6638712249997119,1.672390045316883,4.87759327760304,395
6,T,497,False,6.292901419048465,1.1312220013771381,1.1437150985681102,6.260419741534375,222
6,T,784,False,7.4265840765461615,0.7855368585948732,0.8034234042546096,7.615717967973623,75
6,T,519,False,6.803110561777772,1.6227321205259595,1.6314657658926346,8.489053153070703,32
6,T,826,False,5.083347488498223,0.29656652596537014,0.34113445240276213,5.098655686305372,370
6,T,537,False,7.055920372886469,0.2108113309935219,0.2699304124551809,6.633651408936883,178
6,T,358,False,6.548059299361784,1.517675514301541,1.5270101430584575,5.10458242748008,368
6,T,489,False,6.343179091446765,1.6385277580572597,1.6471776541154004,6.969065677496301,145
6,T,233,False,7.925114611605791,0.3741424716426956,0.4103700761262559,7.88889434328487,56
6,T,181,False,5.479130007518935,1.6267680298122218,1.6354801231173985,5.354455986307476,333
6,T,721,False,5.017874433506769,1.4517815713148672,1.4615371158825998,4.265516284311623,433
6,T,405,True,8.592854922229055,1.3113944702924956,1.3221862452040176,9.356138551485657,12
6,T,391,False,6.244049653382021,1.3906555429365446,1.4008368389620183,5.163523430530256,358
6,T,165,False,6.820851628550791,0.2413343622721224,0.2943862848474022,6.64316385930844,175
6,T,449,False,5.930111968274465,1.5418763389921164,1.5510653290679588,5.464496267842691,320
6,T,728,False,6.555979749683067,1.4465617893979235,1.4563522996991785,6.134643309763572,238
6,T,209,False,6.372245719468213,1.7485393328795371,1.7566476052184683,6.590228795550254,184
6,T,473,False,5.648642956879979,1.6157748685701752,1.6245459169244587,7.20123353686075,115
6,T,149,False,6.47019959057226,1.7311124124639743,1.739301927463948,8.495886291852432,31
6,T,828,False,6.4749590942300586,1.688262732188695,1.6966590886769801,5.370102650065615,331
6,T,70,False,6.158389223651001,1.6890651944114667,1.6974575815805264,3.844434497316275,449
6,T,255,False,5.96900509835249,1.3155929568940383,1.3263505715014274,3.512222982286725,459
6,T,566,False,6.166209030025208,1.7522138429854182,1.7603051899720943,5.614946911607982,298
6,T,318,False,5.316732558240707,1.5168341365601785,1.5261739114947632,1.7700826533606975,478
6,T,322,False,8.468545734000365,1.2965433172529561,1.307457679546938,5.5036039639542995,313
6,T,820,False,5.887360764171053,1.5237882113024181,1.5330856216132178,2.848909280534388,474
6,T,158,False,6.396828826235949,1.702172653627109,1.7105007316715528,6.130198446538423,239
6,T,95,False,5.7979580730037314,1.4320901698802975,1.4419789405399592,5.280242002384327,346
6,T,487,False,6.078010036282219,1.6593115724738927,1.6678536820832774,6.809656365395572,155
6,T,175,False,5.576418266056429,1.5509900336631341,1.5601253458665856,4.891028994332484,391
6,T,341,False,6.879722695393665,1.2258621645478764,1.237400119913914,6.475323484393307,197
6,T,690,False,5.459387064820065,0.30549879227925314,0.3489276749944694,5.550551620102251,307
6,T,186,False,5.761154883830681,1.6631275221894877,1.6716501324610686,5.610428109299039,300
6,T,263,False,6.546483620124595,1.5972543213638437,1.6061265135126923,7.224978063376279,112
6,T,257,False,5.596204385947584,0.9649209883592355,0.9795374030985889,5.651692353156927,295
6,T,696,False,6.978308854074065,1.566438769768936,1.5754845063434235,6.83528321796603,154
6,T,316,False,4.746009450108074,0.26872614397959843,0.31722980747575985,4.5582078210298,419
6,T,251,False,6.623879388406215,0.47328349147181575,0.5024124536600543,7.805219343458766,65
6,T,600,True,6.039863918240662,1.628457625151363,1.6371607273589788,8.61347395016576,29
6,T,506,False,6.748227028680685,0.4823440758903817,0.5109567670943502,6.426544713625473,209
6,T,78,False,5.890147425990154,1.3583957392841508,1.368817005592164,7.3006240214756515,103
6,T,240,False,4.732487279711872,0.18202511022531126,0.24810109037547687,4.7014723530811695,410
6,T,214,False,6.137286218281691,1.6185576829586368,1.6273137323077547,5.802886856797063,276
6,T,761,False,5.947943545658315,1.5927659423425435,1.6016629974433743,3.7224345190073644,453
6,T,270,False,7.04010170550184,1.4371142784551914,1.4469687141167733,5.112383257656786,367
6,T,161,False,6.878115773561104,0.39107838218309016,0.4258677157333095,6.706664411277649,164
6,T,392,False,6.720300419429918,1.40995656548565,1.4199994812847834,5.249512909578498,350
6,T,216,False,6.82739336073658,0.7843681408345741,0.8022807430377785,7.30490273530393,102
6,T,207,True,7.107979986803483,1.5533908777575147,1.5625121533585669,8.866273635192591,21
6,T,606,False,5.846481469037313,1.7179992235523853,1.726250950012646,5.953599523396612,258
6,T,112,False,6.348843429993346,1.7306967922581824,1.7388882646753716,7.130944650150526,124
6,T,507,False,6.711664287548233,0.2812080712414278,0.3278703854029634,6.463516721059105,199
6,T,18,False,6.2421116433393795,1.4718490414270156,1.4814724469400664,5.907854329272831,267
6,T,523,False,5.877815704681145,1.6201770682935996,1.6289244128925708,7.326072798970713,100
6,T,157,False,5.259849717559615,1.5762895154540602,1.5852790438352988,6.066717339294005,245
6,T,205,False,4.766013445184093,1.3755819339558355,1.3858739723793938,6.437170563171298,207
6,T,335,False,7.133220545203857,1.465386251400499,1.4750518214918993,5.733360488125206,285
6,T,223,False,6.7482075605655005,1.2227301820916885,1.234297414925162,6.055450349453137,246
6,T,521,False,6.814749248463813,1.5816866697472483,1.5906456964230296,6.990292207387002,140
6,T,362,False,4.0135343852604715,1.5053536622299901,1.5147642254430909,4.881495663276109,393
6,T,772,False,6.203700085667628,1.5575347341897767,1.566631883532498,5.0722077369074885,373
6,T,510,False,6.252595347489688,1.7157369856780993,1.7239995401150006,8.242660711984314,41
6,T,571,True,6.908102530425441,1.654165484551974,1.662734031821094,10.471329038731184,2
6,T,407,False,5.97125798488138,1.6177259877482593,1.6264865144627068,7.967207065223038,53
6,T,94,False,5.9328161094765495,1.4531902431259511,1.4629363940409115,6.985893674576278,142
6,T,560,False,6.549739591899696,1.5192404410267724,1.5285655131345157,5.2068007720373455,352
6,T,481,True,5.585675460490729,1.5993875795060208,1.6082480031920112,8.807080677479263,23
6,T,499,False,6.262863036163678,1.1376393347014777,1.1500627227038467,5.742649450179726,284
6,T,323,False,5.653872435879072,1.617168310116734,1.6259318416030781,7.100617060266694,129
6,T,93,False,5.8882749156909,1.4922607276969755,1.5017533385079158,5.491128550756499,316
6,T,725,False,5.3647110434853325,1.543385732409658,1.5525657890404065,1.7496143532592288,479
6,T,733,False,6.173935690115938,1.6642843911495513,1.6728011073995008,5.945426894445007,260
6,T,389,False,5.201192463369243,1.4721008638032962,1.4817226337960065,5.2199054342030475,351
6,T,397,False,6.457797792816272,1.685073277719105,1.6934854477012702,5.197932411112177,353
6,T,564,False,7.022483131374956,1.6915589440740915,1.6999390199563096,6.163626071568903,231
6,T,364,False,5.205399197864683,1.586331421084806,1.595264362986243,4.646310169242284,414
6,T,453,False,6.399963771728571,1.5536262361166078,1.5627461380028496,5.711087353478121,289
6,T,440,False,6.179282843407906,1.6615737759784808,1.6701043150990151,5.430983632381336,323
6,T,640,True,5.867271693151407,1.6406997231618932,1.649338228465125,8.725453003939023,25
6,T,633,False,6.7746340975631805,1.5354723360936395,1.5446994222831256,6.0368010025625765,249
6,T,227,False,6.657852995949332,1.2737330531554802,1.2848411967997233,6.44345895965993,204
6,T,369,False,6.407428107083037,1.5936940764467062,1.6025859788461534,7.869243505932238,61
6,T,642,False,5.809962555391577,1.6838430607985089,1.6922613461555678,4.04835170166162,446
6,T,416,False,7.629485019829873,1.4315833295189377,1.441475577194942,7.876921464562307,59
6,T,81,False,5.9828185046022035,1.5041990348669778,1.5136167767264312,5.495728168849414,315
6,T,760,False,6.3053299032013115,1.6107916734486698,1.6195897090141471,6.118881714603362,241
6,T,744,False,6.097339322157165,1.5243829028340916,1.53367670802743,4.797107568837989,405
6,T,370,False,6.027036882812684,1.6796969157312678,1.6881358769394417,6.572620780344572,187
6,T,311,False,6.324723946545418,1.7278546574626903,1.7360595403408474,7.1266936752610395,125
6,T,450,False,5.160784057420926,0.6735605823599639,0.6943377192707145,5.938885141044514,262
6,T,52,False,5.873909793896093,1.4289991763760486,1.4389091897602118,4.76355421312394,407
6,T,788,False,7.871433653741351,1.4420620176496979,1.4518828716672985,7.184545398579962,118
6,T,342,False,5.788801339702392,1.4210543170504117,1.4310193507778208,5.311490637798937,339
6,T,267,False,6.037169870480416,1.6546276424190705,1.6631938087157057,8.233994314356835,42
6,T,122,False,6.411094305420211,1.6092529758247367,1.6180593779258332,8.46426383245403,34
6,T,396,False,5.960612849154273,1.618936713932869,1.627690724312429,8.448614239099248,35
6,T,858,False,5.589828078287389,0.7725205784501512,0.7907016216133113,4.058708034608852,443
6,T,533,False,6.422649123626456,1.6084947160119845,1.6173052469250937,6.461529241621304,200
6,T,384,False,6.3782511515381355,1.7275801378005606,1.7357863183053288,7.25971888917258,106
6,T,266,False,7.855938490740552,1.4810877209971132,1.4906514842783962,6.374363875067397,213
6,T,347,False,6.771500255500545,1.5976967198595118,1.606566468884125,6.796482520838784,157
6,T,745,False,6.0997779169257385,1.5215922349950126,1.5309029818672641,4.891358379768037,390
6,T,739,False,6.147626905434458,1.4198137296766116,1.429787409816989,5.330516380933753,337
6,T,339,False,6.869651286276823,1.2183344474325635,1.2299430214826106,6.432160039371197,208
6,T,188,False,5.985083363875178,1.646481658709018,1.6550899863023047,4.334923753278308,428
6,T,189,False,6.282340544344714,0.8646311180910323,0.8809131516014008,6.874723341241555,151
6,T,87,False,5.880582482086286,1.4705485960687952,1.480180456462275,6.425447617128898,210
6,T,483,False,5.545828299786305,1.594349701518522,1.6032379676845117,6.313050614503593,217
6,T,597,False,6.506493338174437,1.7157587786272166,1.724021228619103,5.703338565877734,290
6,T,699,False,6.476158701673139,1.683406732689503,1.6918271891529915,7.499471453800181,85
6,T,823,False,5.659956174859468,1.6694750508542504,1.6779654214904924,4.948022076543085,387
6,T,442,False,5.033631085805001,1.5829206008104366,1.591872682962754,6.255403637700903,223
6,T,770,False,6.773350159401065,1.654281336189569,1.6628492864833269,6.087901672973236,244
6,T,385,False,6.373101566579144,1.72737753387147,1.7355846723271224,7.178376802458098,119
6,T,332,False,5.845152275914189,1.658234835070774,1.6667824628712533,7.186892925771387,116
6,T,359,False,6.781958709770599,0.9892392274510399,1.0035014994612086,6.725160279859005,160
6,T,590,False,7.772991812372856,1.0330071588790513,1.0466732062054198,6.308637169032954,218
6,T,504,False,6.274424808941684,1.2601560148220199,1.2713827873559869,7.6911384788279795,69
6,T,831,True,8.612914569193094,0.6401405840834474,0.6619675050058432,9.302414457509837,14
6,T,375,False,4.635579375358479,1.3482224124683324,1.358721709466252,6.1631167643579925,232
6,T,114,False,6.374774249998254,1.7285842925867099,1.7367857285429484,6.995814062213705,137
6,T,170,False,6.686669895889216,1.2310191194154696,1.2425091881589456,6.546787960180191,190
6,T,123,False,5.990042255126461,1.6315385964660847,1.6402253509964675,4.886867917576039,392
6,T,301,False,6.036549754604087,1.3165100180462264,1.3272601997758537,4.875027239560781,396
6,T,615,True,8.618672865369314,1.3634041742660998,1.3737874481517107,9.433059602340835,8
6,T,602,False,8.039320612155032,1.3387399106705193,1.3493129950886391,7.789353277790438,66
6,T,793,False,7.572392718581034,0.7156162062706573,0.7352057976989652,7.816661719841053,64
6,T,718,False,6.1668800174500475,1.6662135835183525,1.674720488975409,3.044561321046043,469
6,T,221,False,6.864088827062847,0.7636217968870194,0.782009756316329,7.4055243045666295,91
6,T,654,False,6.812344720571903,1.6545825443354392,1.6631489429129607,4.822152730923156,402
6,T,111,False,6.364890755175856,1.7304964276960748,1.7386888440896606,7.078264889360364,131
6,T,475,False,4.247194288389342,1.4898629440496138,1.4993707354570938,3.155309263153117,468
6,T,484,False,5.596694899985267,1.5991143126998564,1.607976242167308,6.330776185596404,215
6,T,329,False,6.499769673158887,1.3898283747403337,1.4000156861715234,5.088860829010968,371
6,T,279,False,5.010714662952992,1.587784463903922,1.596709276639811,4.637244271473036,415
6,T,277,False,5.444140549452606,0.21456233526871826,0.27286994339598797,5.3388166836224755,336
6,T,825,False,7.634977501626541,0.44503326601332277,0.4758945452003508,7.759816188813145,67
6,T,187,False,6.440042389427657,1.6765345108695606,1.6849893104793277,3.513155762442129,458
6,T,65,False,6.460490375670874,1.7017151680471547,1.7100454740897155,7.0055517064052575,136
6,T,841,False,5.472680595087418,1.5595120347177795,1.5685977166636933,5.2954832340661735,343
6,T,611,False,5.828659517391564,1.2795408176653023,1.2905989750362248,5.381994807273217,327
6,T,69,False,7.937087679522803,1.4414899268974533,1.4513146521825613,7.1526624424261644,121
6,T,689,False,6.43953792906721,1.7075834433020254,1.7158852601885024,7.6831777072739005,70
6,T,177,False,6.261672780064864,1.5425728258186517,1.5517576915379232,6.578242720152435,186
6,T,736,False,6.283602191645749,1.6347287263578094,1.6433986184344898,6.60619039914251,182
6,T,849,False,5.15234959063712,1.5296150373102642,1.5388772441811738,5.310863844573305,340
6,T,586,False,6.136274646238205,1.6191594509108544,1.6279122635347716,7.096524372594768,130
6,T,372,True,6.572870354521139,1.7184313924072847,1.7266810535544204,9.512302785764092,6
6,T,10,False,8.162530105333117,1.2508041195673787,1.2621140819354204,6.232623163596183,228
6,T,628,False,4.006786589822559,1.507759548122014,1.5171551882540109,5.364529600081013,332
6,T,669,False,5.507052391994721,1.4064535446233444,1.4165212965135872,5.288122087947924,344
6,T,63,False,6.715569559498027,1.6164296206106006,1.6251971353286019,7.00891292621121,135
6,T,500,False,6.222121823812528,1.2123287345131184,1.2239942691120504,6.437933543110424,206
6,T,1,False,7.971152151103372,0.24011356815738388,0.29338632535657566,8.183914608610023,44
6,T,634,True,6.281783841063493,1.693713149165555,1.7020826190139142,9.414177909168004,10
6,T,167,False,7.253428178597718,0.8492893279527368,0.8658599037184799,6.723536677319943,161
6,T,76,False,7.65056203009227,0.2034589913358997,0.26422825633982744,7.885607119868029,57
6,T,313,False,6.705779671365381,1.6851042032361565,1.693516219602613,7.603493688913969,78
6,T,296,False,5.197912066172359,0.16765765452703013,0.2377605926440898,5.47815295372221,317
6,T,502,False,6.5456292061866215,1.430735064061335,1.440633136446457,6.135195991792543,237
6,T,490,False,6.542464008970134,1.6007757771688047,1.609628559346334,4.439824427449238,425
6,T,720,False,6.202919270752069,1.6085858130526958,1.6173958477278734,7.150939989356423,122
6,T,543,False,7.317580431148026,1.357881217812732,1.3683064028139136,5.137469061296834,362
6,T,641,True,5.904491563030461,1.6479039540181322,1.6565048904128106,9.419936499302851,9
6,T,617,False,8.465198636679865,1.2969624551241992,1.307873319666226,6.110079743680265,243
6,T,290,False,7.989586383284549,1.5616133475520166,1.570686874442382,7.230374098038109,110
6,T,779,False,5.977474414602037,1.6910291367359325,1.6994118251862427,7.237176535935932,109
6,T,212,False,4.636790935270605,1.476868663821462,1.4864595724306648,4.498389916128096,423
6,T,835,False,6.470705725265275,1.6770272296784254,1.6854795576855441,4.250975789379085,434
6,T,672,False,4.942735477714386,1.6143776176681017,1.6231562163638777,4.056277669310893,444
6,T,317,False,5.121233059052791,1.292219181646842,1.3031697601268217,4.732929380180644,408
6,T,57,False,5.395997694116593,1.6141891530547,1.622968771151316,5.301687490421181,342
6,T,791,False,5.787909231342927,1.4121387795660538,1.4221662853011485,6.585311441216363,185
6,T,535,False,7.283330728265726,0.30403228308964414,0.3476444152487788,7.158527820744156,120
6,T,272,False,5.674890154183975,1.607169826600074,1.6159875809630084,5.518559472741371,310
6,T,15,False,5.95859187668502,1.6247410708555672,1.6334639749984874,5.0242809065691585,378
6,T,432,False,6.170773891481612,1.505033324511115,1.5144458782610697,5.682737890025309,293
6,T,503,False,6.535017269283571,1.4395502641537432,1.449388137566358,6.300131059714546,220
6,T,621,False,8.53049241183687,0.9324282270938311,0.9475459930654073,8.33169074334354,39
6,T,137,False,7.389678006849179,1.532897891951452,1.5421403818855692,5.7174562401887385,288
6,T,287,False,8.509483326687434,1.3689484333253765,1.3792899707447186,7.259811178704317,105
6,T,451,False,6.078964887963311,1.730902851948433,1.7390933537841444,1.9556989762682084,477
6,T,300,False,6.615664283330519,1.5640053508893323,1.573065080631894,6.679863349474706,170
6,T,752,False,6.4440184471547415,1.5474414080539327,1.5565975464624442,5.611877796823709,299
6,T,622,False,5.799178660656647,1.41693126536252,1.4269250930076167,5.350171600659847,334
6,T,195,False,6.110939444428645,1.5491892122879274,1.558335081348762,4.381072250015511,426
6,T,286,True,8.363783448495257,1.4124816431720144,1.4225067320019533,8.50855743976157,30
6,T,314,False,6.380010825151866,1.717071652146093,1.725327814908424,7.633459307773277,73
6,T,333,False,5.879795294693032,1.672004632236016,1.6804822226110157,5.26035228767651,348
6,T,182,False,5.456947475995217,1.6214074625845882,1.630148204924312,5.466769682736156,319
6,T,49,False,5.310268671636795,1.5145017309494115,1.52385580136105,1.362723462291855,480
6,T,518,False,6.739346116970055,1.6242278790130062,1.632953524524214,8.073530146589064,47
6,T,102,False,6.231278983839114,0.8954311091383745,0.9111629280791352,7.872487523942407,60
6,T,687,False,5.890928151239304,1.656517134084016,1.6650735796975715,5.011535177797321,380
6,T,651,False,5.849038495949656,1.6433353094270116,1.651960032658943,4.823837551213747,401
6,T,553,False,6.1528420537883886,0.6526176645509524,0.6740406711593175,5.800102955226443,279
6,T,366,False,7.504406138005322,1.163411995726837,1.1755630489659266,7.897350569094987,55
6,T,534,False,6.418752747016626,1.6054753712162875,1.614302381177405,6.593535572094318,183
6,T,275,False,5.490334185936208,1.6187889406080607,1.6275437458108248,5.996084564606137,254
6,T,675,False,6.7600685495341635,1.3637446160027127,1.3741253174180839,6.01932861553727,251
6,T,832,False,6.4036794491105224,1.4048357266101674,1.4149149900447309,7.941976813392005,54
6,T,303,False,6.277807388579405,1.7418370242762664,1.749976351106655,6.536694267964676,191
6,T,113,False,6.370076569879684,1.7295085857576484,1.7377056593400346,7.040851239829827,132
6,T,749,False,6.239749875182894,1.5019399836772247,1.5113718023244,5.013626985770897,379
6,T,141,False,6.529442700919472,1.7063649629148596,1.71467267924709,5.855615040910163,272
6,T,609,False,5.8772407491825165,1.5651385639747344,1.574191771905144,5.178400176890223,355
6,T,648,False,8.31946352930282,1.0857452705432136,1.0987555700882339,8.041010150977977,49
7,T,754,False,6.425951145654016,1.5184813616519048,1.526539625281559,6.066394283915595,266
7,T,851,False,6.190462210359891,1.4897315050868687,1.4979444379278317,7.075307355235674,148
7,T,371,False,6.013205474477263,1.6442085823109958,1.651653548422209,4.234810088218887,418
7,T,390,False,5.905110713025446,1.3726899594116855,1.381598822574844,3.8751619672576294,426
7,T,498,False,6.2387159354134525,1.0684561704963373,1.0798778496395964,6.2850231170831625,242
7,T,839,False,5.728353472707623,1.5024596410066564,1.510603374391965,6.4575131966280885,223
7,T,150,False,5.966663976174661,1.5873878668414063,1.5950980602037765,6.198715760084697,254
7,T,230,False,8.667517458700404,0.18328982018207376,0.2411073206124552,8.622269385803945,45
7,T,650,False,5.539146982923513,1.5255382604674368,1.5335594432628146,2.00470214259028,449
7,T,56,False,5.480666541933401,1.588080750673897,1.5957875963083272,6.792221888975978,183
7,T,204,False,5.811335687110036,0.5645355780230328,0.5858651728207951,5.341353701241847,343
7,T,217,False,6.804314022272476,0.8210419654021287,0.8358513568942331,7.736876319192158,98
7,T,48,False,5.162592278582732,1.310692802310567,1.320020152838307,6.039388470927816,270
7,T,593,False,7.655218703178785,1.0440854698355448,1.05577083223219,6.024009822865767,272
7,T,843,False,7.503813527037468,1.4667933347441413,1.475133983311475,8.624851497046166,44
7,T,845,False,5.9366115872352925,1.6314118075711261,1.638914905586324,7.623061069600156,106
7,T,859,False,5.469591059825962,0.6263194367884858,0.6456110429427198,6.263854966716592,243
7,T,568,False,7.139682701410028,1.2299689265245415,1.2399036825844472,5.087692913836403,370
7,T,14,False,6.148994119596978,1.7069241333458713,1.714096723895444,5.772673061814865,300
7,T,176,False,5.74902119935879,1.4984500437103274,1.5066154503940354,6.881888221414041,170
7,T,173,False,5.036553072417251,1.5716630484903862,1.5794500054957845,7.10936867458577,144
7,T,701,False,5.969152411966227,1.6547831111697673,1.662180714267626,3.280982714211898,438
7,T,298,False,7.156722068010917,1.4536772447702069,1.462092717249231,7.425933666860577,121
7,T,812,False,5.77218091031602,1.6330710575082021,1.64056656699492,8.733835007183501,38
7,T,766,False,6.953226629590691,1.2881224165341025,1.2976120151448185,8.046655242586025,68
7,T,8,False,6.46905835133682,1.433338446133907,1.4418726306564333,1.8675608161954367,451
7,T,565,False,5.765597431347096,1.527132349148911,1.535145202802527,5.202756314116359,360
7,T,198,False,6.172839355643494,1.7061442402275913,1.7133200957008368,4.3430021742282205,411
7,T,60,False,6.972472909635776,1.461685345662073,1.4700549757045804,7.266838255927447,135
7,T,328,False,7.07345276042143,1.280480238961314,1.2900260556442122,8.025883562341374,74
7,T,457,False,5.623975705789271,1.5121754962060996,1.5202671848055866,6.655084796615697,197
7,T,237,False,6.341168134311701,1.5829670396766715,1.590698661146499,4.183711198361436,420
7,T,662,False,5.839840313054926,0.5826790321869667,0.6033675798556635,5.73352313712118,307
7,T,310,False,4.057773803977355,0.3154353113321786,0.3521888946371944,4.507372310229006,404
7,T,20,False,6.393927265591843,1.5294214085003275,1.5374223319080758,6.723064911648132,190
7,T,415,False,7.14649729007115,1.26955512567878,1.2791824729129944,6.489895004986901,220
7,T,399,False,6.745268436474586,1.535023340812653,1.5429952166841538,6.320210990060962,236
7,T,743,False,6.14705810626468,1.4989104333761043,1.5070733456452214,7.962622424659235,79
7,T,183,False,6.040232341965121,1.684603784569794,1.6918710036103266,7.707603195612972,101
7,T,124,False,6.053364849289947,1.6016645478253533,1.6093063430034487,5.392446412430329,342
7,T,821,False,5.5543093441229505,1.6132281815913794,1.620815457648146,3.344065968842844,437
7,T,59,True,6.589638273924077,1.4217135545134232,1.4303171022391268,9.170349367103743,23
7,T,488,False,7.5540027709590625,1.4448238764484906,1.4532906164378079,8.901777247903082,31
7,T,588,False,7.744220960923651,0.36278950972027074,0.3951630172898455,7.698599257365752,102
7,T,445,False,6.009904387402454,1.7035303364241496,1.7107171563376327,5.20178237225786,361
7,T,64,False,6.6839012926113535,1.56558990638169,1.5734069202958174,5.002768517493049,374
7,T,476,False,6.876789373070814,0.3908660596827992,0.4210865213735746,7.145185338366505,142
7,T,863,False,4.10555747676541,1.257073457052179,1.266795665565547,2.7216193704507274,443
7,T,748,True,6.310347827144454,1.4844376804827368,1.4926797409717558,9.063468187956401,27
7,T,511,False,6.39087707437285,1.5799008765184934,1.587647429845318,7.980100544822756,78
7,T,857,False,8.069175841282682,1.2341690206039773,1.2440702364774752,6.023938728313478,273
7,T,747,True,6.32533705787665,1.4902635070327133,1.498473524045047,9.182721849919691,20
7,T,132,False,5.972754885310658,1.4540672758093909,1.4624805039556197,6.322034684696831,233
7,T,382,False,6.1126429225638645,1.5949945768810458,1.602668175933648,3.714840204562322,429
7,T,121,False,6.094108729222551,1.5408697438260748,1.5488115280140362,4.450070039968037,407
7,T,46,True,6.5250810642817,1.3801287831965428,1.3889899351968358,9.482112893767706,11
7,T,184,False,5.450807109127191,1.6014851616504555,1.6091278087389846,5.3347474217712385,344
7,T,53,False,6.212039176066741,1.3412703033838909,1.3503864663902905,5.860716956359781,293
7,T,400,False,5.90701680010268,1.6494373917951062,1.6568588628251903,6.655551314753199,196
7,T,496,False,6.2330769730250815,1.160800075775656,1.171321645745228,5.230439210386337,355
7,T,435,False,6.1891333375251225,1.62050528860355,1.6280586513583026,7.272516731547508,134
7,T,660,False,4.980633787991559,0.8376520009318312,0.8521727856107826,5.5428342416993015,332
7,T,632,False,6.891405531385628,1.5111740123888915,1.5192710349342153,7.908215386837031,83
7,T,618,False,4.739661518387232,1.3461166949717034,1.3552002576564404,4.927859976385125,379
7,T,783,False,6.442936210181252,1.56058117655592,1.5684231541555358,7.7775625583326855,93
7,T,172,False,6.337134729781244,1.2769205826040875,1.2864928123190205,4.8160906653738005,387
7,T,688,False,6.340378829200866,1.6908821514168348,1.6981225020152593,7.537252136707799,113
7,T,461,False,3.2832317205989052,1.255036295269617,1.2647741633646006,4.780380515627466,390
7,T,757,False,5.102779105806676,1.6543191417751646,1.6617188103630098,6.869903004881529,173
7,T,608,False,6.156231675010842,0.37477907468163657,0.406198149540054,5.914023538119555,286
7,T,144,False,6.586814515247264,1.5021676983385048,1.51031300590379,7.482087637305021,117
7,T,538,False,6.83367103531229,0.2847362027167303,0.32498044096234974,7.055533015060671,149
7,T,85,False,5.791535006162892,1.428395233684462,1.4369587765426777,6.015081769568721,274
7,T,393,False,6.840835534100119,1.5089084904428853,1.5170176051717947,6.50626179250663,219
7,T,764,False,7.515972731509814,1.4682462713295779,1.4765787128168104,8.771777034827572,35
7,T,673,False,5.319754138596525,1.5205390953436815,1.528586511238118,5.700519695299638,315
7,T,517,False,6.749523041178369,1.531764124394859,1.5397528745398363,6.5215544287253016,214
7,T,226,False,6.601807296766399,1.2814450148436234,1.290983697781701,6.628221138653854,199
7,T,577,False,6.507820113840219,1.3114269955151185,1.320749161058356,7.54652419012149,110
7,T,468,False,6.3786379597219,1.1450764059678464,1.1557411290487074,5.748857680523802,305
7,T,833,False,6.513947510612402,1.6351834608593299,1.6426693314658418,5.97222772436017,280
7,T,822,False,5.7785786628474884,1.621263311596677,1.628813159143787,6.011373997047627,275
7,T,174,False,6.598820521752918,1.6478071956188538,1.6552359758668282,7.384468347167337,123
7,T,671,False,6.683484402305078,1.404170813973254,1.4128811898687204,4.965653153597348,377
7,T,394,False,6.860222288850792,1.4732105263462878,1.4815150477831962,7.757054189278875,97
7,T,627,False,7.7653068197523964,1.4392022281413508,1.4477018461539546,7.67532914270776,104
7,T,444,False,6.8428223975034275,1.578346480950298,1.5861006260003587,4.043058383262055,422
7,T,700,False,5.48108283191862,0.8543594588390252,0.8686009824875012,5.703928903731742,312
7,T,758,False,2.604988404365109,0.17800104248227225,0.23711168886268771,2.6299741662625467,445
7,T,97,False,5.91117892757832,1.473668876039623,1.4819708290241163,7.035790981030767,154
7,T,211,False,6.268547885007996,1.269187586287747,1.2788177004786327,4.248455624299888,416
7,T,309,False,6.347993846464991,1.6619740326276942,1.6693397697890326,7.499289667791792,116
7,T,781,False,5.499116114510933,1.2000376907073886,1.2102181790854336,6.728901832099215,187
7,T,3,False,5.834234650311957,1.603955361822976,1.6115862944909944,7.593334459534766,108
7,T,426,False,6.8596765379400635,1.124008861917062,1.1348715801969091,8.033823450862254,72
7,T,584,False,5.355932956951079,1.515349587175709,1.523424416643022,5.867518158272569,292
7,T,629,False,6.777950911998894,1.6114270695826185,1.6190227862677429,6.542275216446393,210
7,T,80,False,5.906927576577773,1.384884562946783,1.3937154783379722,7.446703466099233,118
7,T,703,False,5.938301831216601,1.6525761863850195,1.659983624520855,2.6059614550366317,447
7,T,434,False,7.364130027991812,1.4979469062420891,1.5061150406893846,6.590576106787098,203
7,T,513,False,6.05771269123917,1.3913105405967854,1.4001009257358057,6.081187519417527,265
7,T,208,False,8.066810379163844,1.230241936966173,1.240174506003418,5.887284862816195,289
7,T,345,False,6.174069524791746,1.706461945437307,1.713636470519993,5.574685040200207,328
7,T,256,False,6.028921677736128,1.2825353995141442,1.2920660327078668,5.766238662411872,302
7,T,133,False,6.781998981336352,0.27334868731526973,0.31505092719673344,6.726766614736286,189
7,T,850,False,5.083781715458186,1.4992303640773708,1.5073915438405863,5.6694445632043,318
7,T,145,False,5.798280120824795,0.20033030067429475,0.25430259778223596,6.052633618402149,269
7,T,62,False,6.929176833971524,1.1058240698607742,1.1168636690993161,8.163997585444454,60
7,T,595,False,6.775633990317564,0.3299374784397199,0.36523461165352467,6.831668077120982,176
7,T,50,False,5.688904280053862,1.605864566141914,1.6134864693144155,8.202347307856828,57
7,T,90,False,5.516214332845067,1.4414361854952773,1.4499227078453927,6.321655923490762,234
7,T,471,False,6.2580448026937106,1.101688728203776,1.1127693542337485,6.108929863507792,262
7,T,72,False,6.125653006969165,1.7071408109767554,1.7143124949591058,6.824725604706602,179
7,T,338,False,6.393242246919074,1.5079526396990701,1.5160668670760977,5.719000785028341,309
7,T,68,False,5.996881236469865,1.5189410456396757,1.5269968834282182,3.763172396097225,428
7,T,469,False,6.396645894408101,1.106691566346914,1.1177225974694822,6.200585206769827,253
7,T,742,False,6.144844155506022,1.4987674066771346,1.5069310937094116,7.96145705422825,80
7,T,712,False,6.213054246245358,1.7081026524594007,1.7152703149093966,5.109068214815257,368
7,T,856,False,7.6796446349404714,1.3304277494607526,1.3396176986012627,7.1798107264523185,140
7,T,197,False,6.9605915025393115,1.656042810109306,1.663434811101796,6.553593076367101,208
7,T,155,False,4.298852301027662,1.5539110482039988,1.5617865179341863,6.192405979433164,255
7,T,420,False,4.281366707109193,1.4800136971123727,1.4882802577171996,3.0088729798739573,439
7,T,774,False,6.625669604529949,0.4236780676813968,0.4517086305405096,6.229251966876379,248
7,T,130,False,6.1313676696129775,1.6877764092411522,1.695030026123873,8.51823947307398,48
7,T,220,False,6.814281289525867,0.8175291499033106,0.8324010408524066,8.25780333192129,55
7,T,636,False,5.539981214152657,1.209794102766959,1.2198931727656532,6.877740793481948,171
7,T,194,False,6.139908822947995,1.5229684840289954,1.5310031303743687,4.767415814500355,391
7,T,762,False,7.497447981067124,1.472315889478814,1.4806254287571625,8.701123830033323,40
7,T,58,False,5.522197912510907,1.5254557053363358,1.5334773199541356,1.9948857053345397,450
7,T,647,True,6.316667366498414,1.488006162143015,1.4962285655761705,9.173028131768813,22
7,T,727,True,6.542971049425478,1.3908780670695347,1.3996711682840457,9.365237643805186,16
7,T,398,False,7.816598799318057,1.436191112208594,1.4447084455548456,7.713969803653492,100
7,T,644,False,5.828941661578718,1.6502144111836758,1.6576324033840635,6.5213981888333254,215
7,T,252,False,6.611503796181245,0.4011444192912509,0.43064420000628734,6.870243638676849,172
7,T,777,False,5.551036510007316,1.6389638689433086,1.6464325511760751,5.701833700784005,314
7,T,656,False,4.288984356437126,1.4801556353868799,1.4884214076793165,2.733027024339864,442
7,T,763,False,7.4834577343441175,1.4724159108144697,1.480724888792697,8.724381651670425,39
7,T,213,False,6.485840407047096,1.6322764530912348,1.6397755947649186,4.2593435746824895,415
7,T,125,False,5.687532194065439,1.5452497434541839,1.553169131651721,5.531185126493022,333
7,T,478,False,6.159279654357778,1.5335105602510175,1.5414902595449411,6.23822346121983,247
7,T,235,False,6.02522129954314,1.5927315704994702,1.60041602014484,5.675763906530988,317
7,T,280,False,6.399069495305824,1.635935760911035,1.6434182047482946,4.215958164699785,419
7,T,153,False,6.12708912839939,1.6283346177599671,1.6358518298629734,5.857291651454578,295
7,T,797,False,6.134213497351421,1.2742403577195693,1.2838325712926264,4.359687486679357,408
7,T,824,False,6.50950931492071,1.4469306170806482,1.455385101104146,7.501271814077606,115
7,T,467,False,6.281047409794251,1.1408980525801609,1.1516014711052363,5.418654514120499,340
7,T,474,False,5.7571601819651175,1.5863233933774314,1.5940387354914025,4.0186747384863235,423
7,T,501,False,6.24521927915027,1.1572970342738658,1.1678501647941082,4.649128067893007,397
7,T,178,False,7.0118830426314585,1.5402530032405712,1.5481979511232211,4.454024925093815,406
7,T,684,False,6.283018834059239,1.4727020271618196,1.481009399928668,6.657667397963412,195
7,T,273,False,6.211426375916062,1.4008566164463239,1.4095874721747434,5.930430688540991,283
7,T,848,False,5.4603776225925245,1.3932037487662328,1.4019822635992314,7.880022697232649,87
7,T,229,False,8.647687087132207,0.20487487173328256,0.2578978381806822,8.493010761330755,49
7,T,353,False,7.3412147714147995,1.192013141535152,1.2022615819625289,7.333688771387209,127
7,T,750,False,6.1532895861156085,1.4975711825987321,1.5057413552203132,7.9827081742681205,77
7,T,834,False,6.26119775502898,1.64230832998274,1.6497618714836502,7.882306321561201,86
7,T,852,False,5.709461684894095,1.5129324989896844,1.5210201604087012,6.332088873258158,232
7,T,84,False,5.790278125458532,1.4370036746770136,1.4455162202153875,5.433039435344757,339
7,T,572,False,6.622949328249139,0.4523826225952306,0.4787354374774017,6.823924418916814,180
7,T,79,False,5.9776936280798045,1.504019027412618,1.5121543627188785,6.84996582568169,175
7,T,630,False,5.527933084759823,1.58544359799321,1.593163200770152,6.728297054501013,188
7,T,47,True,6.527116731794298,1.3888318706203462,1.3976378453381084,9.595865751659986,9
7,T,569,False,4.283688850265978,1.4775682033263056,1.4858483695692057,2.822011162429046,440
7,T,855,False,7.197249996174027,0.43951580310199756,0.46659588837336985,6.5743291218985105,205
7,T,610,False,6.052093359152864,1.5654719088514732,1.573289509045813,4.359275028183044,409
7,T,631,False,5.89363484320031,1.5920210062896603,1.5997088692440518,4.988384352198592,375
7,T,282,False,6.410931719994576,1.4977251397667626,1.505894477099876,5.645246682060337,321
7,T,790,False,4.538970283931997,0.7319017276789244,0.7484769340800922,3.508329654512302,436
7,T,258,False,5.709802720896107,0.42603773154302116,0.4539226041616166,5.709152159060875,311
7,T,438,False,6.115553443772745,1.5720306062071285,1.5798157515110718,3.6239678986907187,434
7,T,160,False,5.781907008022263,1.4634302939562085,1.4717900010325164,8.03820636631422,70
7,T,74,False,6.6083966730782375,1.4758520787841358,1.4841418194775038,3.5926437878153137,435
7,T,612,False,5.7554343439601805,1.0939074295784674,1.1050660823487028,6.290480570623454,241
7,T,837,False,6.792825406642018,1.5712738843078928,1.5790627604305516,5.767280118079649,301
7,T,741,False,5.528152882120554,1.585247923080922,1.5929684741082972,6.667373971160869,194
7,T,643,False,5.881899072073994,1.6473808810935322,1.6548115751538128,7.098926396361366,147
7,T,129,False,6.330526063581026,1.6127038859907892,1.620293617144847,3.6567672866138654,433
7,T,846,False,5.954474605214381,1.6321837875503762,1.6396833530327835,8.034858859091608,71
7,T,293,False,6.764562409722073,1.4536529692835147,1.4620685814890213,6.311158768573445,239
7,T,295,False,6.79008782530452,1.0396972365157948,1.0514313698426165,7.599966485494032,107
7,T,234,False,6.010801247415992,1.587231439658209,1.5949423892134822,6.110794447761162,261
7,T,423,False,5.754954331148258,1.5456176931487655,1.5535352056664347,5.624282846985947,324
7,T,118,False,6.3954074916133585,1.572162746273123,1.5799472404607655,4.892622717699032,381
7,T,215,False,6.171292674664255,1.600860529792846,1.6085061447564233,8.039066735355423,69
7,T,381,False,6.235196660542504,1.670219031756528,1.6775485673780817,8.059627963979901,67
7,T,54,False,5.791406649900377,1.5976346452644776,1.6052956243695093,6.52747453923817,213
7,T,773,False,5.223668169245165,1.4077017005595478,1.4163903627280097,4.572143891761915,401
7,T,551,False,6.223759763372649,1.3412246002236625,1.350341071772485,6.133450436528505,258
7,T,653,False,5.662230281236315,1.4708473870595704,1.4791651759997955,4.3034507122146115,413
7,T,365,False,7.380439518942116,0.9712028543097521,0.9837543220184346,8.195654701699187,58
7,T,284,False,5.850765678101958,1.60977621309846,1.6173796827362954,6.912392782857752,166
7,T,269,False,5.1582631054311365,0.2488210489578803,0.2940229519528028,5.208889228440928,358
7,T,82,True,5.87322658515392,1.4931837208825807,1.5013777693103387,9.131556552668403,25
7,T,753,False,6.396706296891363,1.5119701761789412,1.5200629577504738,5.7032028226447915,313
7,T,99,False,5.883121903443994,1.383186444308175,1.3920281324701855,7.210943929011406,137
7,T,139,False,6.2149025755926575,1.6802154119907782,1.6875015296472713,8.740385810429265,37
7,T,201,False,6.880753099518172,0.5574594704557322,0.5790497759876311,7.376387156154154,124
7,T,126,False,5.498367811586483,1.5630600449058787,1.5708896478911902,5.998184300873199,276
7,T,694,False,6.413131640855398,1.5054692291874872,1.5135967699162507,5.72586281373696,308
7,T,768,False,6.80726469004687,1.6207385524275622,1.6282908331116803,6.290682868079813,240
7,T,246,True,6.221429959708872,1.5003256952720632,1.508480949088897,9.430738744973421,13
7,T,23,False,5.379822357022913,1.4283142131667044,1.436878238893109,6.254547112445022,244
7,T,505,False,6.788422385324964,0.4912785404145153,0.5156473466841043,6.626487981762629,200
7,T,264,True,7.9065640765357,1.4620815356760102,1.4704489106511864,9.239138338220249,18
7,T,550,False,6.217793475446087,1.3380282270197088,1.3471663290670701,5.896855849981332,287
7,T,686,False,5.887242863089604,1.6160045154611566,1.62357881726185,3.970106458526635,424
7,T,844,False,6.088884944481638,1.6634686142948998,1.6708277627016899,6.965220777631615,162
7,T,520,False,6.662378032547293,1.5532429461855428,1.5611217863272826,7.019699500120229,155
7,T,436,False,6.2141007752265125,1.6795963273187984,1.6868851189732323,6.6261959938020665,201
7,T,262,False,6.236176598933804,1.6411605282709794,1.6486192590847715,5.839301996849224,296
7,T,242,True,6.222369958460064,1.6439269674683377,1.6513732031979278,9.09253078459288,26
7,T,103,False,6.344780374887342,0.3235447262163192,0.3594701263428343,6.520221691428607,216
7,T,414,False,7.089559010821955,1.2747340147019681,1.2843225413067927,6.38770517181882,229
7,T,104,False,5.990190779689726,1.480762017936021,1.4890244241222161,6.6531063407172795,198
7,T,726,False,5.316439108260086,1.052775238751069,1.064365202925157,6.710915858243178,191
7,T,589,False,7.729985915035192,1.0064859967200155,1.018602789837149,6.129700667520839,259
7,T,724,False,6.258894560627571,0.3835871240896285,0.41433882709431463,6.226622029038704,250
7,T,443,False,6.847582030644797,1.5784731907983487,1.5862267164373636,4.624936764555374,398
7,T,681,False,4.121511451318939,1.49321346231154,1.5014073484231245,5.198990530608048,362
7,T,383,True,6.356486332602448,1.5918669895343815,1.5995555927318672,9.714482851511205,8
7,T,254,False,6.634654140205633,0.4603914305744715,0.4863104473656193,6.320461351102624,235
7,T,17,False,6.019900666064014,1.2779132493801104,1.287478098769751,5.710998529702688,310
7,T,24,False,5.466992838945787,1.4780295280773323,1.4863071242980173,7.002467318137675,158
7,T,792,False,7.486129179133785,0.9264442028060292,0.9395937647640279,7.430430378053372,120
7,T,657,False,4.274480324046783,1.4786669298960686,1.4869409777925973,2.7674027193747657,441
7,T,19,False,6.275501942692877,1.441351339369411,1.449838358360178,6.213770390839013,252
7,T,162,False,6.81418767258419,0.355836082026841,0.38878901623213724,7.000600953663255,159
7,T,16,False,5.9372695831237206,1.3642265040120176,1.373190276734944,5.7958256748390236,298
7,T,776,False,6.627691436125437,0.477686192099551,0.5027143125007577,6.227900079473752,249
7,T,836,False,7.06519748745831,1.5528137158274935,1.5606947228502208,7.944697631398496,82
7,T,495,False,6.273474564833794,1.0933088681028544,1.1044735682409448,5.995678438042118,277
7,T,325,False,6.1690323850291975,1.65016768190623,1.6575858832284744,8.209182829872747,56
7,T,75,False,5.790251718211433,1.6578791142099967,1.6652629639802428,5.300742540980417,346
7,T,515,False,5.958303085556597,1.171297105813034,1.18172521846516,4.987634677670641,376
7,T,830,False,6.17898317331417,1.7061656071012987,1.7133413730853182,4.2374155209732365,417
7,T,789,False,7.737646029680351,1.4367354860954753,1.4452496112701578,7.765099799496574,96
7,T,283,False,6.3574841817088075,0.34082004140003863,0.3750944980807695,6.508725916553425,218
7,T,456,False,5.540696239205061,1.4713044161992042,1.4796196359192526,7.179583945108581,141
7,T,596,False,6.355020412915651,1.6616602636508524,1.6690273855352884,5.308471721011749,345
7,T,466,False,5.076894922307867,1.5026574559664647,1.510800123061336,5.632328032306829,323
7,T,249,False,6.617633469430607,0.4015602080135524,0.4310315331045141,6.561371475685593,207
7,T,292,False,6.455905924404402,1.585156691932108,1.5928776851496427,8.341706654035969,53
7,T,477,False,5.537113151280593,1.5768251276078296,1.584586717389108,4.169263977934312,421
7,T,247,False,4.985077900278158,1.1777891996340293,1.1881603345698373,5.893585753471187,288
7,T,625,False,6.83550637278601,1.5265919404670045,1.5346076158319282,7.8254448003785715,89
7,T,228,False,7.229590453779213,1.4701731664919275,1.478494748500461,5.875999834779797,290
7,T,594,False,7.7070707555168925,1.0193542809533134,1.0313198979794713,6.353395994970599,230
7,T,755,False,7.797993426445819,1.2468288564630268,1.2566303271763895,8.674268848832579,42
7,T,294,True,5.996967873059371,1.5985518360691093,1.6062084405426529,9.884112583806537,6
7,T,22,False,6.493454308762036,1.6882482400407326,1.6954998383577544,5.917708953904086,284
7,T,210,False,6.564987780638994,1.6211744381072413,1.6287246976216911,5.167727209545824,364
7,T,89,False,5.863243842237509,1.3810478018286687,1.389903094753853,7.317631146023691,130
7,T,485,True,6.735402271687833,1.607174553060019,1.6147902730305914,9.857546501546787,7
7,T,196,False,6.15781522947809,1.511272566103486,1.5193690634363846,4.965369756552511,378
7,T,524,False,6.359821631490889,1.0638975191396474,1.0753676176554865,7.039120936422686,153
7,T,605,False,5.884467663629078,1.691313366594978,1.6985518790703389,6.829789502554167,177
7,T,67,False,6.526225388341559,1.630771419004399,1.638277449918713,6.565703165122245,206
7,T,497,False,6.249240241900817,1.0806466231708327,1.0919407978645475,6.0945547229092405,264
7,T,784,False,7.441102979783977,0.7464110167372215,0.7626709564269726,7.849067787726828,88
7,T,519,False,6.367125249064838,1.571337973592856,1.5791265336018654,7.776531316028528,94
7,T,826,False,5.060979265493199,0.2809134296122381,0.3216363424848787,4.814089018075303,388
7,T,537,False,7.068823901576313,0.19841066790283102,0.2527931466796278,7.310037988436357,131
7,T,358,False,6.2839089320514505,1.497474002312395,1.5056447022694441,6.530479841025464,212
7,T,489,False,6.3802281748814815,1.6064094533359758,1.6140287833981553,7.055395486265089,150
7,T,233,False,7.933353060706141,0.3531516792931461,0.3863336517287997,8.458038965845635,50
7,T,181,False,5.528441587766901,1.5942184462203592,1.6018957631942838,6.909958243218089,167
7,T,721,False,4.867194144890707,1.4107536069559898,1.4194235877319623,5.857433502961653,294
7,T,391,False,6.208015527647787,1.3639725483834544,1.3729379791579062,4.688523831380611,395
7,T,165,False,6.809529474345406,0.22845754227429754,0.2770025821044865,6.827465752763118,178
7,T,449,False,5.970560952385686,1.5314360540459762,1.5394265066908683,6.864226050102568,174
7,T,728,True,6.5441316282734565,1.3991180972655055,1.4078597344786834,9.466313765555073,12
7,T,209,False,6.301469945415647,1.7040160020084132,1.7112007821910544,8.594087423529901,47
7,T,473,False,5.689561940578599,1.6060302377076585,1.6136513583490883,8.145704032802367,64
7,T,149,False,6.481522414439169,0.9530912457146672,0.9658781002427151,3.67532140589982,432
7,T,828,False,6.4564319670381565,1.659733142465243,1.6671087805143643,5.544542386419741,331
7,T,70,False,6.197351086016626,1.6589077037437883,1.6662869955115862,7.209272131016748,138
7,T,255,False,6.028282787730119,1.2635536915214214,1.2732264186812776,5.7486336084920024,306
7,T,566,False,6.1768726687868885,1.7070167602820607,1.7141889632576692,7.046504455818718,152
7,T,318,False,5.375985941193044,1.5227698226421096,1.5308055116898496,5.294312999405419,349
7,T,322,False,8.29790685390215,1.316610161798683,1.3258958858153587,8.780681124567085,34
7,T,820,False,5.6996696597267675,1.502823578362146,1.5109653502154659,6.442702311387885,224
7,T,158,False,6.353443671393382,1.6646840255990567,1.6720378246185763,4.496992714268927,405
7,T,95,False,5.813061143543914,1.4374755799340388,1.4459853473591084,5.23052579448594,354
7,T,487,False,6.139703635315724,1.6096100910052702,1.6172143416803275,8.811713329794317,32
7,T,175,False,5.475010377087063,1.506639689171726,1.5147609497402603,6.405330171507935,227
7,T,341,False,6.871248092523029,1.182279373080772,1.192611461408452,8.621861369421747,46
7,T,690,False,5.459020116143466,0.28753236697316753,0.32743311367015493,5.115110156058771,367
7,T,186,False,5.878698357104119,1.6348519244098525,1.6423393061779707,5.804243750782193,297
7,T,263,False,6.531193799610092,1.5709219730232444,1.578712585367515,5.45942567079057,338
7,T,257,False,5.65022287837013,0.9898411841354752,1.0021592446718535,5.871779109792043,291
7,T,696,False,6.610993435098023,1.521425764404694,1.5294685150289782,7.439661463703216,119
7,T,316,False,4.744261291347362,0.25232515017679674,0.29699421422358274,4.721202882360906,394
7,T,251,False,6.620968083779364,0.44735907203537556,0.4739912670112105,6.461214491915536,222
7,T,506,False,6.7365615054657555,0.4576061742591167,0.4836744696493763,6.805535036575236,182
7,T,78,False,5.900327756370109,1.3696654566595436,1.3785938651528,7.262371774943864,136
7,T,240,False,4.731980920588747,0.1696371469923167,0.2308989898423837,4.868140909767177,384
7,T,214,False,6.172233511534393,1.6015247659270337,1.6091672249173423,8.031936591937365,73
7,T,761,False,5.982050452853059,1.5635705211157347,1.5713975806181801,8.632310200150823,43
7,T,270,False,6.7597408075363195,1.4370206518159387,1.4455330973782805,8.149997126469728,62
7,T,161,False,6.865549939923316,0.3727549570784333,0.40433134913964436,6.970788960630353,161
7,T,392,False,6.684147445749769,1.377434161226361,1.3863125370506857,5.568234962248165,329
7,T,216,False,6.8245360120479415,0.8114333982783382,0.8264149936394382,7.948917080444538,81
7,T,606,False,5.817897270515968,1.6741315558003376,1.6814440365343708,5.989468114137203,278
7,T,112,False,6.291822766736009,1.6914450241406864,1.6986829755904507,6.350797348602525,231
7,T,507,False,6.712899574828657,0.2658782746609695,0.3085917024277132,6.4760197016474494,221
7,T,18,False,6.275501942692877,1.441351339369411,1.449838358360178,6.213922775230328,251
7,T,523,False,5.885685604746273,1.584585933943167,1.592309694726839,4.6884889787417405,396
7,T,157,False,5.099268592167562,1.5260139189579722,1.5340326146219998,5.234282482275509,353
7,T,205,False,4.770169013440305,1.3696068506604053,1.378535638729175,5.969111605244821,281
7,T,335,True,6.848056467144855,1.4534047222751598,1.4618217636231425,10.54720736800767,1
7,T,223,False,6.703505260160414,1.2493258017851747,1.2591078352852507,6.89026772286502,169
7,T,521,False,6.7593229888862565,1.5496304402076768,1.5575275545199123,6.777586538790685,184
7,T,362,False,4.124840055592345,1.4915009871991054,1.4997042297354655,5.294405674230146,348
7,T,772,False,6.2489645855163225,1.5317225735332318,1.5397115392637046,7.906256428970821,84
7,T,510,False,6.196652029068823,1.679571258964935,1.6868601589377814,8.788388237387776,33
7,T,407,False,6.056811439290896,1.5870267375310232,1.5947386768711993,4.566967930766099,402
7,T,94,False,5.9447310832645215,1.4604475290846513,1.468824212450218,3.942894476688269,425
7,T,560,False,6.288820360498749,1.4992409057228389,1.507402028412851,6.410848161289954,226
7,T,499,False,6.218940781636466,1.087304495223538,1.0985302213429784,5.968554465699619,282
7,T,323,False,5.695918389637784,1.6070019586756712,1.6146184927276115,8.0807927875464,66
7,T,93,True,5.89404232545899,1.4931918618071987,1.5013858658045869,8.924187064193811,30
7,T,725,False,5.7047849372535975,1.425055264492271,1.4336387581004066,7.766268028180587,95
7,T,733,False,6.161148815162443,1.637424592501271,1.6449002638453474,6.056422710292573,268
7,T,389,False,5.168524203924045,1.454677667214325,1.4630873854157347,3.704402518975729,430
7,T,397,False,6.442895773676808,1.6479520152052036,1.6553801455525046,8.133767320571804,65
7,T,564,False,7.063394568296892,1.656817555505953,1.6642061152703598,7.299033388210415,133
7,T,364,False,5.262755398719257,1.5606311325784856,1.5684728604103249,4.350893061474998,410
7,T,453,False,6.37803860731826,1.5079157483670806,1.5160301731970882,5.395530411669215,341
7,T,440,False,6.205540279442398,1.629676807731944,1.6371878571287777,4.870940627235619,383
7,T,633,False,6.678324363825249,1.5121810497803663,1.520272708820819,8.155231094496816,61
7,T,227,False,6.627374445671174,1.2975666320849393,1.3069876612159705,6.515301925479034,217
7,T,369,False,6.44624973480663,1.565165325599167,1.57298444948718,7.818004485081229,90
7,T,642,False,5.884298339989834,1.6497060408361282,1.6571263087169164,6.939009273912719,165
7,T,416,False,7.416231103949546,1.4290104753985107,1.4375703532937851,8.437212716547924,51
7,T,81,False,5.979734670666018,1.5044996309271754,1.512632381423374,6.947531359584891,164
7,T,760,False,6.245985370329621,1.5896050888205169,1.5973045796824799,8.694450405919362,41
7,T,744,False,6.145479578600081,1.4985218769738442,1.5066868943611853,8.009743560294815,75
7,T,370,False,6.014281306363714,1.6430956817517473,1.650545667729851,4.278149438549925,414
7,T,311,False,6.275280023716332,1.6894839254015215,1.696730242572659,6.751938953101906,185
7,T,450,False,5.155790341561605,0.6383077998265586,0.6572476163440704,5.636961959801845,322
7,T,52,False,5.9054491018880695,1.4242656205444304,1.432853844512884,5.490572986365395,334
7,T,788,False,7.689220042703899,1.4361225652091867,1.4446403026959875,7.781989783818164,92
7,T,342,False,5.857370788715973,1.4150183087801527,1.4236623181265926,6.819576064622728,181
7,T,267,False,5.9799017108539925,1.620053995680791,1.6276094527840013,4.7456843728653775,393
7,T,122,False,6.4396120842445495,1.5790677069268912,1.5868183276386403,7.89999316143682,85
7,T,396,False,6.041980197507078,1.588019352192487,1.5957264943618585,4.8242963197660735,386
7,T,858,False,5.561713715261782,0.7757928765440786,0.7914494103649812,6.135260835947501,257
7,T,533,False,6.411563330462544,1.5618020561030932,1.5696379341486335,5.480505362445747,335
7,T,384,False,6.317206624156237,1.689227131789542,1.6964745458286319,7.055261113399694,151
7,T,266,True,7.807171153897695,1.4685557832875942,1.4768864785412519,9.3049292962353,17
7,T,347,False,6.837763357498334,1.5776651130533001,1.585422590609842,4.553306676096271,403
7,T,745,False,6.144601156077004,1.4962805618281287,1.50445774336644,7.717927339311674,99
7,T,739,False,6.160506870301784,1.3844580066872882,1.3932916256660268,7.101263951852035,146
7,T,339,False,6.857705361063651,1.1744574991291747,1.1848577970082723,8.00491745672764,76
7,T,188,False,6.024096649760192,1.6170036271131096,1.6245732707291145,5.2171818517152015,357
7,T,189,False,6.301913863964223,0.8935696189130032,0.9071958144275524,6.064088209421042,267
7,T,87,False,5.891264216085469,1.4759668552553253,1.4842559549090024,6.951025392634381,163
7,T,483,False,5.640537929207744,1.5655368972301968,1.5733541745137019,4.3357449435454996,412
7,T,597,False,6.3380056583241045,1.6690351858737797,1.6763698975927905,4.888222948418159,382
7,T,699,False,6.488734183468914,1.6425443511488316,1.6499968264701228,5.791298282849666,299
7,T,823,False,5.671278834773772,1.6331853355451567,1.6406803229484672,5.092802536764236,369
7,T,442,False,5.159164640175395,1.5612684015522225,1.5691069445885362,2.623714404892066,446
7,T,770,False,6.847953392641829,1.623116990232089,1.6306582553835784,6.319699454359231,237
7,T,385,False,6.312672779421633,1.6890880051129329,1.6963360135559604,7.0105575817057675,156
7,T,332,False,5.903477830023949,1.626153323711704,1.6336805728443864,5.471158464196056,337
7,T,359,False,6.792623543742152,0.9434297312036293,0.9563457740741538,6.6165238155162385,202
7,T,590,False,7.782066469645499,0.9852909656287374,0.9976652087850664,6.532535702140984,211
7,T,504,False,6.351838667724135,1.2805339413311407,1.290079360648641,4.795838028282202,389
7,T,375,False,4.630180573456009,1.3540824545910595,1.3631129357840785,4.865275871140497,385
7,T,114,False,6.312554189955301,1.6899323212100068,1.697176723897892,6.704570695948775,192
7,T,170,False,6.6669871694595635,1.259163887507819,1.2688700790365985,7.337836484600172,126
7,T,123,False,6.020390455371338,1.6044569566726383,1.6120855150040163,5.613074108223764,325
7,T,301,False,6.087468695133619,1.2905469612836453,1.3000188618435469,7.142076909570649,143
7,T,602,False,8.153808836758333,1.2734428994079552,1.283041074916575,8.752732524623712,36
7,T,793,False,7.606295632492243,0.7357765949216835,0.7522664285378469,6.904541198255966,168
7,T,718,False,6.123392718417638,1.6292432537433617,1.6367562927139754,7.626507522426374,105
7,T,221,False,6.857517166221464,0.7942590941658361,0.8095585775814341,8.147848257658461,63
7,T,654,False,6.853935495735245,1.6255626167154331,1.6330925885366288,5.580861563422508,327
7,T,111,False,6.303222944394606,1.6912857412672104,1.6985243714719898,6.545585756954102,209
7,T,475,False,4.3768512283036,1.4755268886773383,1.48381844613159,2.6922120058482863,444
7,T,484,False,5.68672122329181,1.5693260550893382,1.577124550900405,4.616416306981417,399
7,T,329,False,6.46293418654991,1.3599610526672652,1.368952755445708,5.2663956067696,351
7,T,279,False,5.157267243726468,1.563176785193354,1.5710058063667267,2.416848697451201,448
7,T,277,False,5.444143636756834,0.20076092212990632,0.2546419637942471,5.2078569362380405,359
7,T,825,False,7.638814948938207,0.4199195299559391,0.4481852223232681,8.363943943791035,52
7,T,187,True,6.378073960031728,1.6475756461127773,1.65500546571136,10.054854113160442,5
7,T,65,False,6.474718769979787,1.6679981113536586,1.675337363443528,7.522317881230604,114
7,T,841,False,5.2266238349821785,1.5316832071504083,1.5396723771429754,5.297651755841184,347
7,T,611,False,5.87187167369638,1.302646210833038,1.312030766585987,4.572545565536446,400
7,T,69,False,7.7559029056620545,1.4357569274169968,1.4442768212833839,7.545515581805956,111
7,T,689,True,6.418026378015243,1.671954812305644,1.6792767717867538,8.931922718190387,29
7,T,177,False,6.20823097563569,1.49305192289259,1.5012466906953703,7.360497845637739,125
7,T,736,False,6.334236291888748,1.608702141107363,1.616310663416521,6.697083852759985,193
7,T,849,False,5.166148383046806,1.505182244495723,1.513311326533877,6.247592187648562,245
7,T,586,False,6.156947084012708,1.6013766536008271,1.6090198160893867,4.756018258256225,392
7,T,10,False,8.038126409438824,1.2404376901746348,1.2502892645609351,5.686424541259499,316
7,T,628,False,4.122566089898565,1.4935150438270106,1.5017072843960428,5.053859646235654,372
7,T,669,False,5.454245804550573,1.402267872323851,1.410989995578353,6.241459120871625,246
7,T,63,False,6.691850257862115,1.5695652200788792,1.577362533456339,5.167773803945559,363
7,T,500,False,6.19257051339297,1.1593982272302321,1.169932404532478,5.023163057484653,373
7,T,1,False,7.975559524971978,0.225222449093736,0.2743405428410479,8.303922746097038,54
7,T,167,False,7.302784862226739,0.8768716078470418,0.89075327589563,7.782907463014076,91
7,T,76,False,7.651708154416035,0.19017634986975082,0.24638308773193465,7.539612392246645,112
7,T,313,False,6.651960873864042,1.652059439739244,1.6594691844990932,5.086264952262862,371
7,T,296,False,5.1968712910842,0.15587702125944322,0.2209869399472676,5.1415446060924905,365
7,T,502,True,6.533798564567593,1.383871893556508,1.3927092301145332,9.385832908906886,15
7,T,490,False,6.580473637699043,1.5719591539752742,1.5797446514032576,3.6994445912096774,431
7,T,720,True,6.193365089656759,1.5860252743339118,1.5937420596497103,8.962367032251477,28
7,T,543,False,7.209908231166826,1.364477844607824,1.373439976954273,6.318458768908612,238
7,T,617,True,8.295105373413412,1.3168623259595478,1.326146284314868,9.185469291281127,19
7,T,290,True,8.84752406318186,1.2301257864819308,1.2400592858562567,10.27433501080479,3
7,T,779,False,6.013738669605231,1.6546121295780152,1.6620104937145357,5.25402940674441,352
7,T,212,False,4.6713201361755825,1.4361574301602646,1.4446749620849237,6.136108768972982,256
7,T,835,True,6.4266032326313045,1.648589551037715,1.6560148216913022,10.080973936835825,4
7,T,672,False,5.458947593776674,1.4831381132134314,1.4913873556983235,7.003866641343233,157
7,T,317,False,5.17163494844551,1.3154060895005626,1.3247002537048531,5.915573644488877,285
7,T,57,False,5.456883448912206,1.5825820130837653,1.5903155064347463,7.10690546823941,145
7,T,791,False,5.786167574487021,1.384279143325407,1.393113896462261,5.759184752239176,303
7,T,535,False,7.290910275898239,0.286336798681239,0.32638373756907796,7.411653887366816,122
7,T,272,False,5.704234970831755,1.573350922823014,1.5811295671824528,6.027819804980854,271
7,T,15,False,6.004056355904103,1.5902369661904736,1.5979334124140536,5.7588428560008245,304
7,T,432,False,6.004010993044256,1.443626799602753,1.4521005193862535,7.550865235407453,109
7,T,503,True,6.52553197056,1.3921927420881746,1.4009775918955774,9.388466678804212,14
7,T,621,False,8.516778962582494,0.944979725114393,0.9578748680009378,7.6870383410652945,103
7,T,137,False,7.380983233492014,1.5115781630067966,1.5196730321847334,6.988276771772678,160
7,T,287,True,9.66830117046123,0.5517930921963575,0.5735967211082698,10.289360121315141,2
7,T,451,False,6.05332231989744,1.683023089487662,1.6902971045408366,5.4719833230129185,336
7,T,300,False,6.61963071328648,1.5576348189664386,1.5654915557508289,8.18673772964517,59
7,T,752,False,6.414690975655449,1.5018973217213538,1.5100440877220491,5.54907508501674,330
7,T,622,False,5.865933344906071,1.411461439503051,1.4201270989156447,6.750077206258533,186
7,T,195,False,6.136091287681271,1.5025513259385965,1.5106945650760695,5.272577676603239,350
7,T,314,False,6.767362295732379,1.451918137961008,1.4603437476192722,6.402301227583489,228
7,T,333,False,5.962230504787499,1.6406188373560833,1.648080019707225,6.124894587398155,260
7,T,182,False,5.507798933866006,1.5893418149867156,1.5970425751168338,7.330186390809558,128
7,T,49,False,5.369758869264155,1.5210599565386027,1.529104631232198,5.219376710446267,356
7,T,518,False,6.292791422556952,1.5715799519828857,1.5793673186896928,7.299643537789068,132
7,T,102,False,6.230705809659726,0.9311800568898793,0.9442636709203521,5.11671933098186,366
7,T,687,False,5.891596423361539,1.6169599386704236,1.6245297858566954,3.828871452552542,427
7,T,651,False,5.696308041619328,1.6081299079449278,1.615741124901357,5.611090688257135,326
7,T,553,False,6.137083015899115,0.6194143140083489,0.6389144498827475,5.649432442691781,320
7,T,366,False,7.496571865950346,1.1751605375996013,1.1855546680781635,7.317849717720928,129
7,T,534,False,6.408912473529808,1.5586019067826464,1.5664537930296705,5.653526063698697,319
7,T,275,False,5.612998906135906,1.6033847888006467,1.611018424111852,5.975773838801646,279
7,T,675,False,6.825016583051649,1.332602564702321,1.3417776184307681,7.197710251693591,139
7,T,832,True,6.385076411292843,1.3437715785684086,1.3528708871281003,9.532771096779834,10
7,T,303,False,6.262008489570816,1.6998931353518596,1.7070952678415214,6.438129383294332,225
7,T,113,False,6.307980900157068,1.6905865915796718,1.6978282025869142,6.590038392840961,204
7,T,749,True,6.298178917437418,1.4740604488123177,1.4823602087965366,9.182379452788918,21
7,T,141,False,6.347141238792705,1.6595802564991204,1.666956571009643,4.915441369000919,380
7,T,609,False,5.957058343548696,1.544405017952877,1.5523287156232621,6.1026591190512764,263
7,T,648,True,8.100329481850348,1.0687060370215429,1.0801250739783945,9.150548754458999,24
8,T,754,False,6.025166716485238,1.607695105127304,1.621473081125797,5.463981603717567,296
8,T,851,False,5.273134703852934,1.4746577246873134,1.489666676389472,3.3024151976255673,411
8,T,371,False,6.268475275015621,1.634502280903713,1.648056160464422,7.394682623405475,113
8,T,390,False,6.404474275745903,1.444554201725923,1.4598726805750255,4.6568226844082155,351
8,T,498,False,6.256621892791659,1.3065017343696936,1.3234191262318635,7.26587642531809,126
8,T,839,False,5.889063601001283,1.5301861443931302,1.5446556374344427,4.621530456575407,352
8,T,150,True,5.887774392061352,1.641455422708608,1.6549523577749259,10.552260506463274,3
8,T,230,False,8.651704010282959,0.24941769419319346,0.3266505593779704,8.396591754174796,37
8,T,650,False,5.756218953855776,1.5782046624407524,1.5922378460252165,6.797487276516607,168
8,T,56,True,5.584760914314796,1.6374020184069566,1.6509320917737553,9.694666919934118,9
8,T,204,False,5.690436843610975,0.7463080261844285,0.7755430817901667,5.769512223899441,271
8,T,217,False,6.783613302880647,0.7314391336471329,0.7612454321674187,6.484911864538055,194
8,T,48,False,4.993174624927885,1.143348753185882,1.162642581869855,3.8581387910612754,388
8,T,593,False,7.4826918952665595,1.3047707535567579,1.3217103015042144,7.967745829879524,62
8,T,843,False,8.017806104471532,1.302192988715558,1.3191656384341008,7.942422298367527,65
8,T,845,False,5.619894552358089,1.647030506439522,1.660482126042831,4.849218315323396,338
8,T,859,False,5.556032996508689,0.7293987307254572,0.7592851309944109,6.342760425516678,209
8,T,568,True,7.192420307524352,1.1073144795032808,1.1272252473587137,10.176864595829247,5
8,T,14,False,5.956656784799829,1.7194541860544474,1.732343528202606,7.081062059400844,146
8,T,176,False,6.141424788793507,1.6129784042436528,1.6267116321959747,7.74406116916221,77
8,T,173,False,5.709930006218454,1.6306810700410546,1.6442664485890144,6.4029494994964065,205
8,T,701,False,5.989111394158709,1.6436972318585388,1.6571759085216977,7.4120714934095995,106
8,T,298,False,7.121741193542884,1.3390180530477493,1.355529692833424,5.435595100509784,300
8,T,812,False,5.6821100629617805,1.6634787382044307,1.6767984119218078,5.507288560847364,293
8,T,766,True,6.497704481283726,1.4836076785350047,1.4985269919401911,8.586897406183656,27
8,T,8,False,6.359210917737445,1.5989179648982914,1.6127709261515677,6.975571961747956,156
8,T,565,False,5.796265858398588,1.6419780317282975,1.6554707060058855,4.121583033688059,372
8,T,198,False,5.979422451697328,1.7173881078639834,1.730292840763645,7.971027166936716,61
8,T,60,True,6.426038513880114,1.5338978924246394,1.5483326987924921,9.167568957966475,14
8,T,328,False,7.248561128561893,1.3063355871903026,1.3232551031925492,7.292101004670367,122
8,T,457,False,5.738319253474489,1.6276921094266548,1.6413022283708398,7.212441775637206,132
8,T,237,True,5.9040353486506305,1.566461156407127,1.580598606951697,9.44285928593327,10
8,T,662,False,5.8301124881433335,0.7768797232159708,0.805005283280436,6.658949332634456,178
8,T,310,False,4.1555508665752585,0.43096973416857753,0.4798190424885469,3.5762217858390852,402
8,T,20,False,6.499307447146504,1.443198858740906,1.4585315723824235,6.782720732485715,171
8,T,415,True,7.29637951434202,1.3773224665491337,1.3933802706462732,8.759674353694582,23
8,T,399,False,6.534675084682801,1.5955849709515082,1.6094666201234546,7.405922720710281,111
8,T,743,False,3.918997634333705,1.1761767044784555,1.1949406018388913,3.3135683769973805,409
8,T,183,False,5.709190207494741,1.6793177306880942,1.6925127598835707,5.243000745172612,315
8,T,124,False,5.833808396218316,1.6062312841328046,1.6200217096978085,4.240970113238138,366
8,T,821,False,5.726843408607446,1.664354509751846,1.6776672303816986,5.819346089213947,267
8,T,488,False,8.104761080247243,1.2125034318266077,1.2307136035473862,7.250942991912843,127
8,T,588,False,7.735213640560654,0.5009753172282846,0.5435693794146906,7.35106684656444,120
8,T,445,False,5.696793129974528,1.7014200900975915,1.7144450194605216,6.604766210568865,182
8,T,64,False,6.36983721113552,1.6529396409736463,1.666343559554085,7.161279027350442,139
8,T,476,False,7.016723029204905,0.5167141256440841,0.5581083133276389,7.36725560936008,116
8,T,863,False,4.564851184809136,1.4519562886293844,1.4671974869988387,2.6252937525902085,417
8,T,511,False,6.367301206438532,1.5816226010843824,1.5956257249199195,7.387076782881134,114
8,T,857,False,7.912390548126917,1.2768870368038683,1.2941916034819012,6.054675723599805,245
8,T,132,False,6.081790089117759,1.3273015358020634,1.3439571305320002,5.329320926580706,313
8,T,382,False,5.9572571987530925,1.6748635717136502,1.6880934173257998,7.035484067437605,149
8,T,121,True,6.173488186541413,1.635520079797109,1.6490655939606627,8.93724842954449,19
8,T,184,False,5.723732065171206,1.6052818424174267,1.6190803548188641,5.797330142394596,268
8,T,53,False,5.152997070419849,1.4285854684037496,1.4440733507338372,3.8275021695605926,392
8,T,400,False,5.569720783976146,1.6630667065659757,1.6763896540642014,4.0764052528881525,373
8,T,496,False,6.301864838997163,1.3939830057054905,1.409851063751418,8.019274354139853,57
8,T,435,False,6.150097857429107,1.5762403428764862,1.5902908602757782,6.37861389630836,206
8,T,660,False,4.884568679412122,0.9631030287014266,0.9859304466640396,3.688120394598608,398
8,T,632,False,6.503850146863036,1.5532491008577585,1.5675057164427588,4.238813535510449,368
8,T,618,False,4.080275593259058,1.4129741735050516,1.428631308895887,4.413171510535826,362
8,T,783,False,6.045294733929397,1.6088168671439882,1.6225853178715408,5.869767066272399,262
8,T,172,False,6.350690153026176,1.1083565504401454,1.1282489285033113,5.8711154970411235,260
8,T,688,False,6.4624527614060225,1.101676577343515,1.121687426528716,7.749044065854839,76
8,T,461,False,2.846350149108126,1.1231422150200405,1.1427772472907458,0.385888891151962,421
8,T,757,False,5.321861402837802,1.6962291716157945,1.7092936565744623,5.442288297651046,298
8,T,608,False,6.1785197321004945,0.5124639135132885,0.5541756620591045,6.314926003022267,212
8,T,144,False,6.167610774269482,1.4606843551674995,1.4758354200914088,4.50299536048404,358
8,T,538,False,6.868557711491661,0.32942660131540824,0.39116912891933653,6.485487978068706,193
8,T,85,False,6.0859875175373555,1.217800154971662,1.2359322874714032,7.6413981935757,85
8,T,393,False,6.224989727934382,1.5584122511983174,1.5726220609066563,3.2939059287646018,412
8,T,764,False,8.016910766432598,1.2977212631581923,1.3147516414206089,7.031285555364416,150
8,T,673,False,5.42988863906656,1.570460114298416,1.5845618865691191,4.0161928859886755,376
8,T,517,False,6.552605796265185,1.5914327206085686,1.6053502751701516,6.857872780428096,164
8,T,226,False,6.722309881543709,1.1078391785118546,1.1277406826088667,7.4114658240720575,107
8,T,577,False,6.5069643085651565,1.4052333785850923,1.420975809102662,6.448949231279433,200
8,T,468,False,6.359370511044265,1.3716470773508853,1.3877705525664237,7.724281403210819,78
8,T,833,False,6.448907099569775,1.6414603931320269,1.6549572876622647,7.700234535504663,80
8,T,822,False,5.858397195968868,1.667803760982729,1.6810891668538666,5.680574905598953,279
8,T,174,True,6.591223274861075,1.667264743013226,1.680554410026718,9.12922557941792,16
8,T,671,False,6.188482414681743,1.5097283233054015,1.5243920138717044,3.202918278136029,415
8,T,394,False,6.281865515250967,1.5111143631736383,1.5257647329634285,3.9539599549709283,380
8,T,627,False,8.408612434903628,1.3743353275746728,1.39042763004231,8.306849443556207,41
8,T,444,False,6.379979870653032,1.5468484437001904,1.561163511469248,6.538221358691303,187
8,T,700,False,5.533834896476944,0.8534238516520295,0.8791039030364255,6.522755905828746,189
8,T,758,False,2.6287301901032967,0.24156602144797495,0.3206954076432887,2.3834177962388194,420
8,T,97,False,6.335007866419735,0.9418311615977394,0.9651618199669104,6.298060059344525,218
8,T,211,False,5.818091458552098,1.473798251031242,1.4888158672273881,4.965705240133152,333
8,T,309,False,5.9187036373148,1.6765373478992847,1.6897540888148366,7.091822011657428,145
8,T,781,False,5.173439520326346,1.1523246001391352,1.1714706081891724,3.9411414410334684,381
8,T,3,False,5.663893700956544,1.6138863145695337,1.6276118819055492,5.965717429796137,249
8,T,426,False,6.396101171124572,1.3318783507370855,1.348477416543351,4.843780049706064,339
8,T,584,False,5.32483308582546,1.5521327652569408,1.566399541224859,6.941108863942785,161
8,T,629,False,6.723096894262135,1.584778532756147,1.5987540147408599,8.009879262555577,60
8,T,80,True,6.321510631431822,1.0276181957148247,1.0490426864191387,8.919129204640353,20
8,T,703,False,5.926669685047896,1.6374578128292752,1.6509874289530266,6.944303216924091,160
8,T,434,False,6.459374673422996,1.560633199334698,1.5748229692987548,5.657890159274282,283
8,T,513,False,6.318594129915868,1.4048967850515857,1.4206429454347678,5.891112350245409,258
8,T,208,False,7.901480269460734,1.26878973308976,1.2862032454317924,6.174348322580805,231
8,T,345,False,6.031531209552178,1.7215002575547254,1.7343743939894516,8.211250215673921,43
8,T,256,False,5.696550259660448,1.447665210800932,1.4629511148116328,6.302799285776189,216
8,T,133,False,6.859415804667364,0.3740174949387539,0.4293954916921606,6.787639003192881,169
8,T,850,False,5.407988520308103,1.5420579603526652,1.5564170889746467,3.882433995053585,386
8,T,145,False,5.765111308956122,0.2732127621763277,0.34516172322740274,6.118074637824945,237
8,T,62,False,6.464379346167496,1.3131686934427,1.3300012854141532,4.53145596131815,356
8,T,595,False,6.833977398372226,0.4454530782560983,0.4928689954674824,7.656369018294123,84
8,T,50,False,5.365783802272963,1.5059039435839943,1.5206045143518143,5.186662233136246,317
8,T,90,False,5.970069300182917,1.0438106196619246,1.0649093912086147,7.163075177940279,138
8,T,471,False,6.257231853428351,1.3383118243835175,1.354832071162338,6.991440270354516,154
8,T,72,False,5.999765254535963,1.721732044873447,1.7346044609966254,7.545016454945539,93
8,T,338,False,6.059730335271985,1.6085244180844838,1.6222953508345264,4.254141101073209,365
8,T,68,False,5.983239722660863,1.5397434919518205,1.5541240049536837,3.592200817703679,401
8,T,469,False,6.398341676325425,1.3361403137675683,1.3526870812720093,6.813780030032851,167
8,T,742,False,3.9128761366651865,1.1761441489982314,1.1949085575842469,3.404736263978957,406
8,T,712,False,6.119326914420314,1.723642151926587,1.7365004087714484,7.871940004113658,68
8,T,856,False,7.3605953240768605,1.5051481099810848,1.5198559914494936,7.862958733720803,70
8,T,197,True,6.792067398807308,1.6785591394088561,1.6917600853130126,9.749819114076562,7
8,T,155,False,4.557630832306537,1.5905329596830893,1.604458319060841,4.0644147621075035,374
8,T,420,False,4.406127497391818,1.5008990942366656,1.5156482088023375,3.9245957593179166,384
8,T,774,False,6.591793738341235,0.5761828548980719,0.6135780993840834,6.303448943084524,214
8,T,130,False,5.712007753762908,1.6793263465936596,1.6925213086188604,6.228812909731192,224
8,T,220,False,6.794607084606804,0.7232922734542895,0.7534209411769535,5.955680689307565,252
8,T,636,False,5.241470867856622,1.1747546490357412,1.1935409030261086,4.130638845067281,370
8,T,194,False,6.069406498090918,1.6275810425105433,1.6411920825134998,5.345510234846809,311
8,T,762,False,7.988779714023188,1.315180744294117,1.3319879098277578,8.089388630752921,52
8,T,58,False,5.736215541752845,1.578116461447518,1.5921504224340512,6.7876261836374265,170
8,T,398,True,8.482550675662827,1.3636353910174472,1.379852485376824,8.703091317360268,25
8,T,644,False,5.378659295062877,1.661987547209206,1.6753190767265096,3.89601063407835,385
8,T,252,False,6.594722166214333,0.5465762732072154,0.5858643394151757,6.414490168439643,204
8,T,777,False,6.03046975385311,1.6709112485841213,1.6841721415610218,7.757647813618023,74
8,T,656,False,4.417574489225991,1.49845100907831,1.513223984865789,3.7051239974154058,397
8,T,763,False,7.943341662597005,1.3246327681034544,1.341321502138362,7.507707033203848,100
8,T,213,False,5.935136666742977,1.6438129785246867,1.6572907138252764,8.03585428016296,56
8,T,125,False,5.683957152345458,1.598488996068204,1.6123456429427365,8.06507030761983,54
8,T,478,False,5.902521547141368,1.4948207361874737,1.5096292376280185,7.117672596490076,143
8,T,235,False,5.938445557548972,1.60986347395284,1.6236230493968722,7.671032806872693,82
8,T,280,False,6.068185182474643,1.6792462973667979,1.6924418834882904,7.629273750223511,86
8,T,153,False,5.8095022232001154,1.6369573100628048,1.650491028976936,5.726346284356596,275
8,T,797,False,6.365362667456922,1.1931412668520034,1.211642473847172,6.609194232110947,181
8,T,824,False,6.209532852426366,1.6077528611593983,1.6215303464109216,4.189597781681558,369
8,T,467,False,6.314621444408624,1.3706444530410928,1.3867795853767129,8.464456676346023,33
8,T,474,False,5.626864261255006,1.6420147507613727,1.6555071257724094,8.100887787844663,50
8,T,501,True,6.24393021399959,1.3912227872364775,1.4071219724996566,8.776496186411114,22
8,T,178,False,6.816878871797204,1.560639870615331,1.5748295804687975,8.41732962284498,36
8,T,684,False,5.985966295919913,1.615563183610846,1.6292746244891017,7.410784768968707,108
8,T,273,False,5.7886315161570705,1.5265837806968954,1.5410870972310806,5.571681852153463,289
8,T,848,False,5.345546247091065,1.5230148568981026,1.53755183850745,3.4052831923372375,405
8,T,229,False,8.634178690081523,0.2804868978368593,0.3509477192167465,8.36679432162399,38
8,T,353,False,7.360262024073636,1.117482391841729,1.1372151501987664,8.422560118656156,35
8,T,750,False,3.9275428317617336,1.1752938448908234,1.1940716157766864,3.320891487048502,408
8,T,834,False,6.074394147972749,1.6450871845607735,1.6585545654488985,4.893706692438528,335
8,T,852,False,5.890184569100347,1.54394253561071,1.5582842985262093,4.415608034572725,361
8,T,84,False,5.793486879225513,1.3203907468974871,1.3371324265972295,5.830557941759121,266
8,T,572,False,6.567726174175419,0.6153042243971701,0.6504542184706735,7.555678193729528,91
8,T,79,False,6.3547673245877325,1.0578802599430117,1.0787038732397254,8.163551492704904,46
8,T,630,False,5.349281159144216,1.5968123844346718,1.6106834551982068,3.6178064244978168,400
8,T,569,False,4.412005642212813,1.4957102917758656,1.5105100723562013,4.01281082093891,378
8,T,855,False,7.187828770543241,0.5976071766386867,0.633739488540326,7.002093853369301,153
8,T,610,False,5.911144288439201,1.564543681812032,1.5786983036866924,6.303092486555351,215
8,T,631,False,5.879176087258241,1.6493449888549852,1.6627778847538064,5.609694159288604,288
8,T,282,False,6.076123847222869,1.6007205337065078,1.6145580289339059,4.371090228841597,364
8,T,790,False,4.73539801800869,0.9558610486218402,0.9788573675657427,4.7600304586696565,342
8,T,258,False,5.700681760826981,0.4074825082644158,0.45883918349106945,6.077654396558652,243
8,T,438,False,5.8227472293237685,1.4970321579359944,1.5118189983128907,5.078601109381346,322
8,T,160,False,5.730089975316856,1.5842260110512572,1.5982063245578368,6.442876454505434,201
8,T,74,False,6.476512601031096,1.39350318967441,1.4093766499406915,6.843136379580268,165
8,T,612,False,5.65464973576482,0.933276524076234,0.9568157984466545,5.028470117636907,329
8,T,837,False,6.234518858505091,1.6104985822810245,1.6242527775240163,5.413780478381359,304
8,T,741,False,5.345106059487243,1.5967060919673943,1.6105780781728902,3.6671745693430635,399
8,T,643,False,5.506424839662424,1.6615751492371291,1.6749099612599119,4.868984929248669,337
8,T,129,False,6.117295341893239,1.6069257832508832,1.6207102994186702,7.51008587050354,99
8,T,846,False,5.658156807450215,1.6567456177130642,1.6701189908436866,5.9276681484101825,255
8,T,293,False,5.911732716081925,1.5690683202384077,1.5831824895889512,4.9874102440596655,331
8,T,295,False,6.53027254929062,1.2668309178172024,1.2842709901352078,5.6745256701610565,280
8,T,234,False,5.91801056959846,1.602393995167905,1.6162171628575943,7.688849489591453,81
8,T,423,False,5.801869013322568,1.6536159082604014,1.6670143892051934,3.9356183942001968,383
8,T,118,False,6.207846934820152,1.6546186520710895,1.6680090783766257,8.347924687206277,40
8,T,215,False,6.300537761747825,1.5748848591665041,1.5889473626892716,6.644980230229809,180
8,T,381,False,6.190421668998088,1.657564615091384,1.6709314333533676,7.147564202955524,141
8,T,54,False,5.777206090158239,1.658034673993102,1.6713977330153058,5.864346348208632,264
8,T,773,False,5.184324551971361,1.3908057479613494,1.406709646774209,5.656948433508483,284
8,T,551,False,5.138578962788641,1.4223445242367825,1.4378996304998657,3.8346267308721975,391
8,T,653,False,5.010979453989167,1.4674192063012357,1.4825014430977934,5.155259376999545,320
8,T,365,False,7.3551264795609725,0.8783493941984108,0.9033211278687148,7.523925570891146,95
8,T,284,True,5.636636525831753,1.6573651916005312,1.6707336053645288,8.612340044686036,26
8,T,269,False,5.16445105070691,0.34233768544486654,0.4021025896970075,4.695849766257826,347
8,T,753,False,6.0936040908293165,1.6120754016555954,1.6258162572653592,4.474693167703542,359
8,T,99,False,6.3174097047426505,0.8114452369781384,0.8384120552447936,7.75295139970362,75
8,T,139,False,6.186753092040398,1.686297742169012,1.6994385770040643,6.953709762998323,159
8,T,201,False,6.977934901367626,0.7212507379377652,0.7514612623023641,7.048476805622882,148
8,T,126,False,5.594477284956747,1.6124452606489743,1.6261829910420997,7.193519449732283,134
8,T,694,False,6.056008411321337,1.6034297978637497,1.6172441121991066,4.0141188734440085,377
8,T,768,False,6.677803543266716,1.6062922819812064,1.6200821883218404,7.91304869327243,66
8,T,23,False,5.274525563980646,1.444585482209946,1.4599036328391795,4.668756217259259,349
8,T,505,False,6.660218969865563,0.6603186711907477,0.6931898364001065,6.252804552965594,223
8,T,550,False,5.1481517930355185,1.420672243868723,1.4362454617036338,3.8488236487303293,390
8,T,686,False,5.97441371222474,1.6249676604235723,1.6386004086377344,5.865643540180793,263
8,T,844,False,6.242755675223941,1.5356135375639393,1.5500323669249385,5.66247883165073,281
8,T,520,False,6.433434717867033,1.6156745925270966,1.6293850958882896,7.189207655504937,135
8,T,436,False,6.137027731127511,1.657055220370369,1.6704261148347697,6.453333554342525,199
8,T,262,False,6.083853231001548,1.6405308203013402,1.6540353001444317,6.543306798666372,186
8,T,103,False,6.33461266857363,0.43117506096301084,0.4800034739059163,6.524875996288264,188
8,T,414,True,7.258771909077156,1.3837604326018946,1.3997443825927196,8.57618834503418,29
8,T,104,False,6.36640087411229,1.2130218805879074,1.2312243843224981,7.448640013264201,105
8,T,726,False,5.693732087277919,1.2563328100683897,1.2739166108578803,5.375101603697673,309
8,T,589,False,7.540003941866865,1.2692219030703351,1.2866295663471963,8.423648796787129,34
8,T,724,False,6.259156064349644,0.5238799514979178,0.5647491525861303,5.913845299543891,256
8,T,443,False,6.389825519591872,1.5497564190665367,1.5640448715440443,6.433912159111669,202
8,T,681,False,3.9133891889877668,1.497158530760379,1.511944135209323,6.052946811645833,246
8,T,254,False,6.566737514998203,0.6220010991043152,0.6567927900428474,6.2727038196027625,222
8,T,17,False,5.689771900916574,1.44530652937826,1.4606171180801364,6.354863812971464,208
8,T,24,False,5.438170130433568,1.5675023542327495,1.5816304980274325,5.0029462931046265,330
8,T,792,False,7.4809428182132605,0.7932555064433285,0.8208201388050571,7.023166166518509,151
8,T,657,False,4.3972060257119665,1.4963456529301864,1.5111392109294093,3.537362320795916,403
8,T,19,False,5.397434876660859,1.48690827573488,1.5017948003020138,2.424653671505305,418
8,T,162,False,6.924783147745579,0.4752012736375233,0.5199111964864922,7.408833972552932,109
8,T,16,False,6.018720939317795,1.5294951122447007,1.5439710813825889,5.704179987527806,278
8,T,776,False,6.559909586770249,0.642849453965052,0.676569894562607,5.937712968882916,253
8,T,836,False,6.428358810349346,1.5455013210729738,1.5598287518838723,4.052968638481722,375
8,T,495,False,6.321861014041911,1.327782258843061,1.344431898112981,7.394686619742154,112
8,T,325,False,6.385164281492337,1.225912511352051,1.2439263994524694,4.782769800287319,341
8,T,75,True,5.877846242020503,1.700323003970141,1.713356273398891,8.944459261261267,18
8,T,515,False,6.1614210742271665,1.329391418299706,1.346021153182295,6.153239419514026,233
8,T,830,False,5.9910445549877664,1.7175065885567253,1.7304104378733538,8.036734287297183,55
8,T,789,False,8.365023927999204,1.373145940980609,1.3892520206920032,8.10505036819626,49
8,T,283,False,6.352816712097034,0.46680254372302254,0.5122460508306296,6.829217953110539,166
8,T,456,True,5.756550505593448,1.620815390146641,1.6344827716135462,9.075287246391644,17
8,T,596,False,6.256269690095897,1.7052929590729624,1.7182885316584964,5.511938809741288,292
8,T,466,False,5.370306853320288,1.5466604672475472,1.5609772588707667,3.93678426603429,382
8,T,249,False,6.604056394112497,0.5478991807233299,0.5870987259418876,6.2247129106195755,225
8,T,292,False,6.365828914585796,1.5836230650199505,1.5976086547801605,8.071964737639696,53
8,T,477,False,5.587049687087214,1.6029958620031495,1.6168138839595954,3.7758599753622617,395
8,T,247,False,5.1845172454818655,1.3866910647629387,1.4026416188245179,6.432397254409966,203
8,T,625,False,6.3748195331087105,1.4748313176441161,1.4898385205347495,5.320898032087906,314
8,T,228,True,7.4055596914491995,1.5002763951233535,1.5150315717930158,9.72939928814941,8
8,T,594,False,7.547998038025991,1.2859731256491669,1.3031570441267544,7.944394368076871,64
8,T,755,True,7.1718350996564935,1.416676230176518,1.432292897040421,11.012198199011019,1
8,T,22,False,6.2848806368974195,1.7139705791403321,1.7269008506350145,4.75266151556403,343
8,T,210,False,6.115958018710661,1.6313334893327884,1.6449134795435238,5.482146046309118,294
8,T,89,False,6.303632328035483,0.8073217861405466,0.834421876596278,7.553036639770438,92
8,T,196,False,6.075841250629075,1.6186761564828336,1.6323614493522354,4.746300835003213,344
8,T,524,False,6.921815417626899,1.2570643568925677,1.2746380659367649,5.623930694790733,286
8,T,605,False,5.986906379110193,1.7194328188319967,1.7323223199629558,7.294093839270473,121
8,T,67,False,6.4731113192827925,1.639272268432546,1.6527870315976214,7.5118176698117125,98
8,T,497,False,6.212294945891072,1.3181016070967257,1.3348719970080511,7.480776297735696,102
8,T,784,False,7.169936744554232,0.9700911182745962,0.9927578655042468,6.494760909694468,192
8,T,519,False,6.520774606777701,1.6249259362153663,1.638559031573375,8.496118803881044,31
8,T,826,False,5.2090774756759455,0.3705635100576898,0.4263903337923682,4.668264775472199,350
8,T,537,False,7.04899823802298,0.26497519072990044,0.338678687648985,7.114600874365428,144
8,T,358,False,6.255866361706198,1.498385260194656,1.513158877888868,7.137582684943103,142
8,T,489,False,6.281487908336283,1.6518093981825377,1.6652224144808552,7.6076264872513555,90
8,T,233,False,7.894755868676932,0.4831717432028526,0.5272061600502929,7.61168877067032,88
8,T,181,True,5.650896551212726,1.6422206982372,1.6557113949852398,10.240714834774973,4
8,T,721,False,5.584365308273576,1.5121437198379815,1.5267842123924191,5.705727519371676,277
8,T,391,False,6.575564139715105,1.4487632859668296,1.464037725105025,5.385353560691026,308
8,T,165,False,6.886126010400394,0.30961558987990884,0.37463744508788166,7.152271651301376,140
8,T,449,False,5.833316025286018,1.479151103528417,1.4941149182156723,6.594925110387117,183
8,T,209,False,6.223645070135568,1.719655740959888,1.7325435836311862,3.3644560959217737,407
8,T,473,False,5.364826728957629,1.5064209094280827,1.5211164840758984,5.3919284578521145,306
8,T,149,False,6.430021121650007,1.1952328629079614,1.213702186840105,8.171822580222695,45
8,T,828,False,6.367719022108695,1.6475143996907253,1.660962100396509,7.463221288929181,104
8,T,70,False,6.141572528958799,1.6425797655323824,1.6560675372404676,6.180398100736693,229
8,T,255,False,5.693282934535585,1.4326127106320745,1.448057519724224,6.483435493346155,195
8,T,566,False,6.027363847018391,1.7210479412796944,1.7339254360982095,6.3776694562921055,207
8,T,318,False,5.133000572219053,1.3876255884942097,1.4035655223783439,5.061587311750207,324
8,T,322,True,9.354447419927308,0.3790671990286999,0.43380104096781,9.268398767803719,12
8,T,820,False,5.882442475745147,1.5289620647694055,1.5434430333735079,4.905455010032416,334
8,T,158,False,6.294394362368532,1.6855002960500904,1.698647299986149,5.237296355278572,316
8,T,95,False,5.816689669077186,1.3223485823603092,1.3390657844316727,5.527644350908526,291
8,T,487,False,5.6897910565519965,1.6811555348082978,1.6943362517463485,6.086757126293236,241
8,T,175,False,6.0083149878706585,1.6113746104677447,1.6251213914736855,6.987226571017784,155
8,T,341,False,6.447781071703147,1.3868051042575673,1.4027543615901301,5.759903215904503,272
8,T,690,False,5.466087447502639,0.39477226577943564,0.44758970452180974,4.882726646004198,336
8,T,186,False,5.729522215549787,1.6017661426237102,1.6155946822829454,6.100590356069945,239
8,T,263,False,6.027499671733717,1.5629375603750038,1.5771065973472624,5.393110350858932,305
8,T,257,False,5.671295085188567,0.8528996775064442,0.8785950498698978,7.246195314303312,128
8,T,696,False,6.522536031552136,1.556616845321479,1.5708428963151868,7.657836364295194,83
8,T,316,False,4.757605038686318,0.3466350190985292,0.4057674681769465,5.564659295305102,290
8,T,251,False,6.5799836900062,0.6055367812078554,0.6412224225343821,6.048183492061083,247
8,T,506,False,6.763768681452752,0.6194520465507537,0.6543792782027933,7.244788344669821,129
8,T,78,True,6.26611067251123,0.953557668309596,0.9766082267507914,8.583791902171782,28
8,T,240,False,4.7377175314390785,0.22919965505821577,0.31148657056781226,5.107250252085667,321
8,T,214,False,6.3132742552640835,1.5758946627561043,1.5899482349650467,6.696086742929893,176
8,T,761,False,6.1851512954831325,1.61364690099413,1.6273744875882905,8.01064212937259,59
8,T,270,False,6.814696527469392,1.3244294384976225,1.341120702742456,6.333256670937261,211
8,T,161,False,6.995947198313512,0.4943098354382876,0.5374324284747977,7.374806875757153,115
8,T,392,False,6.835951509511694,1.4747509232326617,1.4897589359828922,5.93247913182323,254
8,T,216,False,6.815064580312086,0.7086745718341122,0.7393991145041722,6.554776429554702,185
8,T,606,True,5.897851384840155,1.71106797715687,1.7240200185081944,9.31383193650565,11
8,T,112,False,6.204980545464647,1.6968732626882368,1.7099328265728784,6.500503425357399,190
8,T,507,False,6.693946631583095,0.36305929614796784,0.4198850488940389,6.341396837030947,210
8,T,18,False,5.397434876660859,1.48690827573488,1.5017948003020138,2.4245694694343034,419
8,T,523,False,5.855433557347942,1.643036245553821,1.6565203005000837,5.875801904122308,259
8,T,157,False,5.721809359688781,1.6333566851356045,1.6469199927872824,4.7113622555543015,346
8,T,205,False,5.072155298806083,1.3475708338770342,1.3639789419493753,3.8499534856551834,389
8,T,223,False,6.742341848884545,1.0865844752932659,1.106868205213987,5.614705167351971,287
8,T,521,False,6.564345439905669,1.6131834233569056,1.626914920688478,7.2904686505513965,123
8,T,362,False,3.9546967631645016,1.4936558677606364,1.508475804599156,6.067271925020705,244
8,T,772,False,5.254341635156595,1.4863185234974692,1.50121089626241,5.444962520264459,297
8,T,510,False,6.158052284100127,1.684945541983551,1.6980968409415094,6.969900961780579,158
8,T,407,False,6.084572384570664,1.6091435690862315,1.622909248139546,4.432237044353491,360
8,T,94,False,5.864825301791161,1.3443609489390058,1.36080776114684,6.455921264083379,198
8,T,560,False,6.2688162308559185,1.5001300994975482,1.5148867011046785,7.08047115378443,147
8,T,499,False,6.231157822869472,1.3241646683743824,1.3408592285308438,7.167910714428498,137
8,T,323,False,5.377568182252981,1.5114473331728615,1.526094506484001,5.440986350774493,299
8,T,725,False,5.733034781341222,1.5068559866711537,1.5215473592142927,7.866997216335937,69
8,T,733,False,6.103432123924179,1.6218584926986703,1.6355171573860345,4.828014734628201,340
8,T,389,False,5.88414097529593,1.4847923768260232,1.4996999046629171,3.7743817136573408,396
8,T,397,False,6.106477536998041,1.6739973783905382,1.6872340159633121,8.157319125280853,47
8,T,564,False,6.874836281838075,1.6414289010197594,1.6549260523867,6.7616104606872005,174
8,T,364,False,5.441134128850852,1.5645591237866194,1.578713607209758,6.126325354447488,236
8,T,453,False,6.062738385335602,1.609435301948276,1.6231985069370383,3.7833448316978133,394
8,T,440,False,5.992727288448511,1.6145296349730547,1.6282497793555868,6.077696636336152,242
8,T,633,False,6.3822862881148605,1.5505689096581088,1.564849943401484,4.4025026999549475,363
8,T,227,False,6.741678656378271,1.1529261388151573,1.1720623205821945,7.237244983889222,130
8,T,369,False,6.069649376435309,1.6141397173297294,1.6278631480645387,6.096255358472527,240
8,T,642,False,5.511991107052824,1.6649013816109492,1.6782097640805629,5.056998822236888,325
8,T,416,True,8.411384174903084,1.2419098739638283,1.2596950173808514,9.234440905649322,13
8,T,81,False,6.423115890919519,1.0340134052144712,1.0553080706260696,7.9605497025387635,63
8,T,760,False,6.609713305554579,1.145592119606259,1.1648487911610044,6.648829699076199,179
8,T,744,False,3.9125793231366823,1.1780094924751348,1.1967446536863309,3.306254047827414,410
8,T,370,False,6.277232888381713,1.6310471787835648,1.6446295331116725,7.82354896499459,72
8,T,311,False,6.200981847186338,1.6922242402936443,1.705319407384638,7.235076982327564,131
8,T,450,False,5.227352607792071,0.845781849525897,0.8716870646927937,5.478878014641637,295
8,T,52,False,6.245930451036876,1.420819901138564,1.4363915180885365,6.475856698185701,196
8,T,788,False,8.270223542701597,1.3750232891015135,1.391107633268122,8.118949661143478,48
8,T,342,False,6.024640370823974,1.4347831088051346,1.4502048031494787,6.2099577935348815,227
8,T,267,False,6.012270563110607,1.662774606452867,1.6760998757919465,6.178233739154164,230
8,T,122,False,6.10721589091504,1.629104909740289,1.6427033233987223,6.289537608054445,220
8,T,396,False,6.088201591897334,1.6112976683648852,1.6250451002490385,4.69289800588915,348
8,T,858,False,5.6180146227672125,0.8129254938836169,0.8398447834994358,6.216352942464502,226
8,T,533,False,6.255620010796843,1.6553202222171544,1.6687050188233812,7.363410378213341,117
8,T,384,False,6.268204527550284,1.6915755005336433,1.7046756511931933,7.6288509956121,87
8,T,347,False,6.3976833661945705,1.5467859750510133,1.5611016156483233,6.312539278420625,213
8,T,745,False,3.920976720285006,1.1829276145684802,1.2015860947406,3.406608158950089,404
8,T,739,False,5.816098784376936,1.4987464884226893,1.5135165801287525,7.208290291925479,133
8,T,339,False,6.5205104280596915,1.381382461575807,1.3973936120200807,5.740307589216407,273
8,T,188,False,5.823981118619944,1.624393123625714,1.6380306535128688,4.6180584369174715,353
8,T,189,False,6.174149316263335,0.7693164031748108,0.797708674867661,7.608239500020162,89
8,T,87,False,6.319014594348458,0.9465057659207938,0.9697239641705263,5.961128075461706,251
8,T,483,False,5.722537743196268,1.5966238159605393,1.610496510849274,5.332179811068402,312
8,T,597,False,6.239839395210334,1.708922678517137,1.7218908568534412,6.295632797918658,219
8,T,699,False,6.404168143302645,1.6876959581395068,1.7008259901840985,6.669661837590231,177
8,T,823,True,5.789485373567228,1.6580005415273158,1.671363873448916,8.751807061165703,24
8,T,442,False,5.006665688578639,1.5785075352327103,1.5925380499541408,5.432222941563896,301
8,T,770,False,6.73465743531654,1.6101585003559236,1.6239155760179556,7.523374800594713,96
8,T,385,False,6.265499212247487,1.691240303432821,1.7043430305313634,7.514312050634408,97
8,T,332,False,5.969226590301415,1.652084143516904,1.665494947162937,2.987826447978508,416
8,T,359,False,6.659287934173452,1.1836807926144481,1.2023275845499262,7.466047803259724,103
8,T,590,False,7.604875248112069,1.253434621047785,1.2710585159647434,8.349606903977191,39
8,T,504,False,6.325364726650865,1.1215244988563644,1.1411873655541018,5.387979980074897,307
8,T,375,False,5.405044590437035,1.2794899866227358,1.2967598187918763,5.7966128196024655,269
8,T,114,False,6.246021908234077,1.6933773627580833,1.7064636809691593,7.266439587591089,125
8,T,170,False,6.59024454679622,1.089859413408496,1.1100833044237728,7.186335460807774,136
8,T,123,False,5.799041519198257,1.6052965389398415,1.6190949260922058,4.563930848540931,355
8,T,301,False,5.769862267248824,1.4147104702790427,1.4303485996366205,7.290064446148075,124
8,T,602,False,7.935710412751112,1.340890099086385,1.3573789668302612,5.78316080480398,270
8,T,793,False,7.578581911874569,0.6562926317262612,0.6893558008920164,7.808803570935099,73
8,T,718,False,6.245858354002337,1.644738913826475,1.6582091232472411,5.179432844980695,318
8,T,221,False,6.857576749578761,0.664259820731263,0.6969451278280243,6.27374950867413,221
8,T,654,False,6.552858881100817,1.6214882712028815,1.6351500284113996,5.4269048054492615,302
8,T,111,False,6.222988988923711,1.6966642075252767,1.7097253682573312,6.495107521235847,191
8,T,475,False,4.484985187414159,1.494132920146493,1.5089481716847593,4.240957085807136,367
8,T,484,False,5.779561001496388,1.6020802011337545,1.6159060531571947,5.04212309970042,327
8,T,329,False,6.707302838107514,1.455396150131487,1.4706016984835986,5.911727749613725,257
8,T,279,False,4.921058961772024,1.5861198492023483,1.600083615877299,3.860102411762954,387
8,T,277,False,5.439580712099214,0.2743553423378653,0.3460668369471696,5.038850400390441,328
8,T,825,False,7.600203198839054,0.5755740265625623,0.6130064125429135,7.495362622845528,101
8,T,65,False,6.358006643843827,1.6672136164926719,1.6805036878221558,3.2070496127432695,414
8,T,841,False,5.851481854493544,1.5166371161755665,1.531234646919482,6.873906843135597,163
8,T,611,False,5.756258154961854,1.141781543542904,1.1611014145803578,4.509202728770106,357
8,T,69,False,8.382037066480306,1.3671433144439342,1.3833192849064302,8.465850974341267,32
8,T,177,False,6.358610700469367,1.6197212166413675,1.633397753581008,8.279934884953011,42
8,T,736,False,6.1498772340837595,1.6233749977605116,1.6370210093701403,6.130097719791393,235
8,T,849,False,5.496317451227335,1.5493828672413195,1.5636747331418461,4.125274547660549,371
8,T,586,False,5.750098100658803,1.5606865401264816,1.5748758294853786,7.407396785265179,110
8,T,10,False,7.859128017418028,1.2986474994288426,1.315665888262699,6.021320215184918,248
8,T,628,False,3.8993790670469326,1.4973322238857345,1.5121161299489836,5.965607637324863,250
8,T,669,False,5.508684397923552,1.337353748216046,1.3538856855853079,6.970407699667817,157
8,T,63,False,6.376825915514462,1.6548725147311538,1.6682609033894862,7.357688936381452,118
8,T,500,False,6.192149505220636,1.3930875913908916,1.4089657338106443,8.098766565708171,51
8,T,1,False,7.9450994627224985,0.30869245051201355,0.3738748865174064,7.850058993029702,71
8,T,167,False,7.258224597851013,0.7235276440025921,0.7536469023363881,7.352654027669489,119
8,T,76,False,7.6283869513348606,0.25933031789025074,0.3342807436008693,8.016479234447562,58
8,T,313,False,5.809263006994196,1.6216749387950602,1.6353351365641398,3.821092374110769,393
8,T,296,False,5.214305760277741,0.20895723758312848,0.2969082836561883,5.158490083550485,319
8,T,490,False,6.218991345174814,1.6187697573949895,1.632454265583549,8.182496337896547,44
8,T,543,False,7.325477621585084,1.2421581542272075,1.2599397929577567,7.895588891747159,67
8,T,779,False,6.04290814019447,1.6784611956279436,1.6916629058397177,4.976411264560216,332
8,T,212,False,5.069533492340297,1.5605729150697434,1.5747632282392703,6.139609917929683,234
8,T,672,False,5.430327977964113,1.5716860038191531,1.5857768747104084,5.062566558627495,323
8,T,317,False,5.008515323007188,1.1577870876870038,1.176844230210628,3.971033935975804,379
8,T,57,True,5.546073606635702,1.6314941385135628,1.6450728025742218,10.01991121215063,6
8,T,791,False,5.590742264406692,1.4867269547403028,1.501615276865771,6.780261897514176,172
8,T,535,False,7.265328325944234,0.3932148498450444,0.4462166737179959,6.761525406453464,175
8,T,272,True,5.747443876221777,1.6212895792928383,1.6349529967827332,9.150468413266305,15
8,T,15,False,5.926213715091902,1.6069404055310024,1.6207247973340304,7.722683119789406,79
8,T,432,False,6.098910950566879,1.6021828598187589,1.616007833539896,3.2407553102031845,413
8,T,621,False,8.641819678685199,0.8504711385433005,0.8762377298772459,7.014721448327055,152
8,T,137,False,6.903299649794505,1.5403938952142437,1.5547683924554814,5.636640311293686,285
8,T,451,False,6.154018293086202,1.7151026605455557,1.728024461046699,6.181261753845984,228
8,T,300,False,6.628774728771883,1.4608674777681927,1.4760166629703382,5.8509277076950985,265
8,T,752,False,6.111833277187925,1.6044906388559335,1.6182958975235688,4.6035621740248,354
8,T,622,False,6.033014109731582,1.429730916576459,1.445206523504462,6.298390754723656,217
8,T,195,False,6.042136482766088,1.613718167714018,1.6274451531697094,4.725309975005761,345
8,T,314,False,5.919341463062402,1.5682307669371431,1.5823524070615724,5.051531127854497,326
8,T,333,False,5.95132325092898,1.613993638722843,1.6277183010592142,6.584228250682692,184
8,T,182,True,5.618265944787922,1.637072379763197,1.6506051551927337,10.567951675866873,2
8,T,49,False,5.125303713942439,1.3811741015031904,1.3971876396634908,5.374720183566217,310
8,T,518,True,6.449749606232797,1.6251447517199493,1.6387760267370852,8.570463422236108,30
8,T,102,False,6.258570051376621,0.7725860544018163,0.8008624184099651,6.883612980962834,162
8,T,687,False,5.977860351495611,1.6267294640131849,1.6403475701368644,5.738232410086383,274
8,T,651,False,6.044448680107384,1.5959069811577669,1.609785853544933,6.115476494562163,238
8,T,553,False,6.342135979151636,0.8173970690191215,0.8441737796249905,5.6605792499440195,282
8,T,366,True,7.461972883121999,1.0914891594103482,1.1116834022668505,8.855614601991228,21
8,T,534,False,6.260857197421462,1.6545765050483592,1.6679672697098509,7.534595341821365,94
8,T,275,False,4.967556545407564,1.5430986776769622,1.5574482112782053,5.8705821803569584,261
8,T,675,False,6.090356511356342,1.4539537168849814,1.4691741940998502,6.166634344219682,232
8,T,303,False,6.331333567519007,1.7093809774940232,1.7223457051311488,5.4245006771376625,303
8,T,113,False,6.234278710036682,1.694995401007169,1.708069322715195,6.779935979942841,173
8,T,141,False,6.230223604172842,1.7038133140091842,1.7168200868932801,6.461926648085073,197
8,T,609,False,5.799062360385671,1.541466040388558,1.555830631989379,5.718231695065372,276
9,T,754,False,5.9733776972786305,1.5677528674645815,1.5820369860172196,5.953536306794778,230
9,T,851,False,5.313394047334529,1.44349863607362,1.4589997546365219,7.1638403831795365,100
9,T,371,False,6.0009889166474935,1.5926340945626893,1.6066970252186776,4.6791971673611545,337
9,T,390,False,6.36504580061929,1.4128016794603417,1.42863590783971,8.10502895869518,41
9,T,498,False,6.274595698463024,0.8892719937847325,0.9142191480235488,5.251863135763712,296
9,T,839,True,5.784871672525207,1.4896665827834719,1.5046921610564787,8.435921707029712,28
9,T,230,True,8.65077280873952,0.24595398120324014,0.32478505592584433,8.593776283121983,19
9,T,650,False,5.667529075172649,1.5406178775190673,1.555151251876931,6.920782363301113,129
9,T,204,False,5.710738653713618,0.7144805782071416,0.7453015955425303,5.687219006715018,255
9,T,217,False,6.801148142860492,0.7258158139480103,0.7561749582339016,6.650612443211166,156
9,T,48,False,4.984390280590051,1.1407329728892193,1.1602860367683936,5.534022515590063,270
9,T,593,False,7.516547021582684,1.2556934285454289,1.273482610079621,7.346882374788276,78
9,T,843,True,8.000340038941824,1.240145197484519,1.2581542363823868,8.674797820132955,18
9,T,845,False,5.612079472799642,1.6140920701923136,1.6279696504360082,5.1404122928512095,306
9,T,859,False,5.526074427525585,0.7045781242571786,0.735814042312862,6.393586184545043,187
9,T,14,False,5.8705738216618855,1.689973042995206,1.7032324731913453,5.223947756746118,299
9,T,176,False,6.279243436279726,1.531585793692049,1.546204066455115,4.753686494382242,333
9,T,173,False,5.719250736170714,1.5724483728501273,1.5866902208566243,5.841810295006951,241
9,T,701,False,5.85493708072139,1.6132803730565861,1.6271648760259751,5.979746247748865,226
9,T,298,False,7.135890834104189,1.3286009186510328,1.3454264650003724,7.620710138825671,62
9,T,812,True,5.705524236007648,1.6276515006320251,1.6414144446765155,9.92909973219317,2
9,T,8,False,6.5007458571819665,1.5562034666123226,1.5705926273796271,7.226540319446072,92
9,T,565,False,5.865953727465106,1.6025468457306917,1.616523542805492,6.1087716595908725,214
9,T,198,False,5.919011830651758,1.6879790970211694,1.701254067934426,6.12403783515912,210
9,T,328,False,7.292074461828923,1.2826074772920857,1.300028427569412,7.110393469910254,105
9,T,457,False,5.726481512843369,1.5889497485157071,1.603045000925164,7.239154716667705,90
9,T,662,False,5.825134112801334,0.7441688372869704,0.7738082644118448,4.984242546170766,317
9,T,310,False,4.154056168816868,0.41478196643724985,0.46587128197022604,3.69844613528358,374
9,T,20,False,6.538522931892442,1.4278255658559071,1.4434950010979504,7.694261148019698,59
9,T,399,False,5.771766489411515,1.4702840357601041,1.485505677368501,5.785392269790167,250
9,T,743,False,3.926564369802485,1.1691539285965746,1.1882394036707562,4.675251799826128,338
9,T,183,False,5.803702236576255,1.6502532619921662,1.6638292581869136,5.156077247857254,304
9,T,124,False,5.920336668919229,1.5681766652605167,1.5824569583880077,5.820895483254921,246
9,T,821,False,5.162742359271394,1.3981250105223053,1.4141235860882269,7.4833661590879155,67
9,T,488,True,8.073081397697198,1.170079071915849,1.1891496988262178,9.202967502396728,6
9,T,588,False,7.7505707515097235,0.4786235225553339,0.5235192909781895,7.862970600016402,52
9,T,445,False,5.6553203964859975,1.674702812967741,1.6880821909626007,2.177048352826989,388
9,T,64,False,6.620356423420443,1.6147409363150538,1.6286129875125785,6.753089233714176,146
9,T,476,False,6.990278234741037,0.4958792640119201,0.5393405382131344,6.46784415536504,176
9,T,863,False,4.446809551006049,1.4026736078800228,1.4186208873149269,2.2098212538608366,387
9,T,511,True,6.383267161800797,1.5504759730205435,1.5649177980319064,8.52091323947254,23
9,T,857,True,7.885446058472068,1.2311137076736125,1.249252949928436,8.549001775750657,20
9,T,132,True,6.172130476065584,1.316290958298993,1.3332718622181716,8.542644619473368,21
9,T,382,False,6.079019976672155,1.6274999687786784,1.6412641835053945,3.9583442718017667,366
9,T,184,False,5.638373809412292,1.5717152513139154,1.5859636827165349,5.997191033226577,224
9,T,53,False,5.196102380337388,1.384784592781246,1.400935523172766,3.586482412988394,377
9,T,400,False,5.601139639051583,1.6296562143520434,1.6434023696767823,5.45755349631388,277
9,T,496,False,6.291400450375879,1.058052172630494,1.0791044303917663,5.968704759260658,228
9,T,435,False,6.200663545537971,1.5514787977796587,1.5659113741341957,6.6091853136571075,161
9,T,660,False,4.879325955403601,0.9381377850232784,0.9618183172363755,3.95312230507848,367
9,T,632,False,6.620884420677878,1.5159856222770345,1.5307528796751346,5.467505118650385,275
9,T,618,False,4.072322943999518,1.3807199837824895,1.3969179092915047,4.1183978713748814,358
9,T,783,False,5.9940024272467705,1.5730345157692418,1.587271104595684,6.95837254646127,125
9,T,172,False,6.334934914258136,1.1047186166977336,1.1248978592572678,7.9813061316430645,47
9,T,688,False,6.437516857072654,1.0996228028472033,1.1198938700718784,5.67160767524,256
9,T,461,False,2.850577857595992,1.1161246129501847,1.1361012821558778,5.166703375412299,302
9,T,757,False,5.233312747506806,1.6622589376591685,1.6757376726417585,6.411478180489728,185
9,T,608,False,6.174434852119752,0.4917065136834435,0.5355065520437229,6.041964582985067,218
9,T,144,False,6.13706539154663,1.4374494742345378,1.453015128159435,4.669839762641057,339
9,T,538,False,6.861491786245773,0.32358163601830114,0.38690702610744915,6.947928654516506,126
9,T,85,False,5.833364820517758,1.18627437550474,1.205088737671293,5.550666933457725,267
9,T,393,False,6.161560012445663,1.5207659222857335,1.535487206742084,6.048142897075668,217
9,T,764,True,7.996987109287925,1.2483775495701874,1.266269512368475,8.515791590905726,24
9,T,673,False,5.358798203190766,1.5338319101611342,1.5484289781296343,4.1542278976351765,356
9,T,517,False,5.788561326346217,1.4654228185013962,1.480694434604117,5.252272997897101,295
9,T,226,False,6.699461802770619,1.1060924280431224,1.126247055959464,7.020477701058304,119
9,T,577,True,6.542079643625078,1.374041834017051,1.3903175656345463,8.385300547792408,30
9,T,468,False,6.369166742370053,0.955768323881289,0.9790225026105775,5.3472345334010996,284
9,T,833,True,6.458885919122542,1.608538832162986,1.6224639121593099,8.750083568624394,16
9,T,822,False,5.290770513072745,1.2750078708203696,1.2925312539110698,5.405717514595002,278
9,T,671,False,6.342413760705493,1.4721812850064,1.487383510600452,4.567680982706302,347
9,T,394,False,6.238709863687093,1.4739810344856832,1.4891648873467687,6.819140475791008,138
9,T,627,False,7.695574594871235,0.4189487897267711,0.46958498708599733,7.284674629466337,86
9,T,444,False,6.710033711913958,1.5176045114454426,1.5323561677503668,7.0207805266496175,118
9,T,700,False,5.515619061295368,0.835363797926709,0.8618727554398999,6.4947097964470055,175
9,T,758,False,2.6302086881559434,0.23934296073329803,0.31980779311269303,2.4040650916965203,386
9,T,97,False,6.125336896193872,0.9117888200633028,0.9361361140750099,6.905164143781781,131
9,T,211,False,5.817039299661277,1.4284297672587019,1.4440926464994477,7.046237233308254,114
9,T,309,False,5.924245377965438,1.6431252109667407,1.6567596176263852,3.946252903377962,368
9,T,781,False,5.26810669780921,1.1370258155943194,1.1566415507887295,5.0941812505140724,310
9,T,3,False,5.680950771430779,1.5687014377311923,1.5829769968078944,6.397516822013592,186
9,T,426,False,6.496218472457837,1.2708790495175712,1.2884585869113976,4.878178658523467,323
9,T,584,False,5.331270735931107,1.5124734230341483,1.527274640353746,7.077966732630268,109
9,T,629,False,6.75179586622488,1.5575199955954155,1.5718971048903212,6.61156242882853,160
9,T,703,False,5.790411467785657,1.60706140503392,1.6209991768142966,6.680854299068018,151
9,T,434,False,6.6303123174875545,1.5172344989894422,1.5319897181791964,5.839060902842932,243
9,T,513,True,6.234277667715656,1.3726105292272952,1.3889030335587382,9.348455359530796,4
9,T,208,False,7.88197269162206,1.2233934535088926,1.2416454863492417,8.283745514828027,36
9,T,345,False,5.980284309963244,1.6915892989103165,1.704836158658927,7.285892120296489,85
9,T,256,False,5.502473838724269,1.392341439295949,1.408405714012743,6.247750312799006,205
9,T,133,False,6.829169228011199,0.35838874741693977,0.41645463853595516,6.576644812377931,165
9,T,850,False,5.38819613292952,1.5065915968351415,1.52145003576762,7.056353177524799,112
9,T,145,False,5.765051209486249,0.26820487250273267,0.34194418450565456,5.897753802934014,238
9,T,62,False,6.547378151455282,1.249314527622946,1.267193260956187,5.126953987623032,307
9,T,595,False,6.833814092551017,0.4270290626600422,0.47680791943857675,7.566764220306618,64
9,T,50,False,5.388610178194207,1.4919947696297116,1.5069971347966944,7.4523933936134235,71
9,T,90,False,5.673621943603965,0.9650452760564378,0.988081148753419,5.6642389792378465,258
9,T,471,False,6.250759418002638,0.9052711531401745,0.9297891332935503,4.9507992061209025,319
9,T,72,False,5.938421223830938,1.6920435925986772,1.7052869233467043,7.636656404612475,61
9,T,338,False,6.014366445336268,1.5686648824686187,1.5829407712145502,7.138155689223289,102
9,T,68,True,5.964902226660673,1.5040969875059889,1.5189798285387535,9.077499389854431,11
9,T,469,False,6.380730847164948,0.991820067865641,1.0142480065073014,4.995092544223301,316
9,T,742,False,3.9210697882939036,1.1690636928699027,1.1881506174175245,4.657091850707525,342
9,T,712,False,6.044734967104073,1.693938186626577,1.7071668201422983,5.57592684941812,266
9,T,856,True,7.207373525246004,1.458301745226565,1.473647159877111,8.887138676730345,14
9,T,155,False,4.40280080103823,1.555682894818013,1.5700768264363318,3.9732717719730943,365
9,T,420,False,4.396662314590129,1.4666701071966268,1.4819288697596773,6.456072625805259,178
9,T,774,False,6.5953140781585144,0.5521341924753875,0.5914762363641318,7.2313413732881395,91
9,T,130,False,5.6586330195151975,1.6506083699849108,1.664181469295724,5.35639232333865,283
9,T,220,False,6.812444494390445,0.7186375091575142,0.7492875557829226,6.4497783265507955,179
9,T,636,False,5.328772197852172,1.1569149275768598,1.1761990143394954,5.079723235890291,313
9,T,194,False,6.056448905515254,1.5903152016681201,1.6043984580956638,6.393332708040146,188
9,T,762,False,7.9810421098684605,1.2533067683143022,1.2711293510833075,8.080403843835986,42
9,T,58,False,5.646742415479477,1.5405678534215077,1.555101695285161,6.821424771694572,137
9,T,644,False,5.365694412195126,1.6293705787272348,1.6431191236501856,6.641086532157274,157
9,T,252,False,6.595316563835166,0.5238200691340236,0.5651366529527202,6.533505475177348,172
9,T,777,False,5.846776385963067,1.6386569871157055,1.6523282643307144,4.812683553371432,329
9,T,656,False,4.412816306451251,1.4643103446460937,1.4795934431865367,6.312010417065823,197
9,T,763,False,7.933151938575386,1.2651236073940655,1.2827820211044445,8.306832358341763,35
9,T,213,True,6.078741880396031,1.6058863626297832,1.6198342450273566,9.139900040553801,7
9,T,125,False,5.529243101324321,1.5466383504296262,1.5611156775533022,4.582555524086355,345
9,T,478,False,5.866004119954303,1.4614992318948652,1.476811422122781,6.5357071496422225,171
9,T,235,False,5.958658600390523,1.5749523364951186,1.589171744624999,4.590080310175715,344
9,T,280,False,6.052629301888514,1.6441076823940783,1.6577340085159191,6.11889525471428,211
9,T,153,False,5.935538917812637,1.5918857404617237,1.6059552242725823,7.468281051191541,69
9,T,797,False,6.6053109186443315,1.1487807196668294,1.1681990898649375,6.073444732764168,216
9,T,824,False,6.168884049985191,1.564925393389024,1.5792350865393099,7.417962907889769,76
9,T,467,False,6.3241044397062876,0.9565194693226704,0.9797558200267825,5.164972929770478,303
9,T,474,False,5.295125993111656,1.5696154607740613,1.5838827817689032,6.191673489927386,207
9,T,178,False,6.4585850752411895,1.5154007343150706,1.530173636305921,7.5737941915917615,63
9,T,684,False,5.984017492613564,1.5748065519442573,1.5890272646275112,5.830664033827627,245
9,T,273,False,5.7979986687846115,1.4887499679968519,1.5037847049673225,6.013115881149829,223
9,T,848,False,5.458109641787182,1.4816404819252238,1.4967466349929233,3.1027111024375746,383
9,T,229,True,8.631708216254383,0.27445926369575663,0.34687153113429026,8.498440957462162,25
9,T,353,False,7.336640363805428,1.1073789510574474,1.1275105821801066,6.320014295785969,194
9,T,750,False,3.9350375378314966,1.1682091370330692,1.187309799307063,4.664398719238869,341
9,T,834,False,6.1041089629752125,1.6105229185022996,1.6244309904407126,3.6125117021056736,376
9,T,852,True,5.765245133138949,1.5017362421180371,1.5166422493699145,8.415813887269238,29
9,T,84,False,5.784370250005725,1.3075594395956955,1.3246522788108732,6.118707613486431,212
9,T,572,False,6.568232931995072,0.5882651952233715,0.625338237751556,5.29833791890716,292
9,T,79,False,5.951183749273825,0.9451175575387706,0.9686274667027986,3.8534184851943176,371
9,T,630,False,5.290966591691896,1.559590217139336,1.5739484162702893,5.283182511965082,294
9,T,569,False,4.405491335099425,1.4618051618913173,1.477114180764348,6.443633703983592,180
9,T,855,False,7.1754185799133765,0.5724784116795585,0.6105108545490244,6.430353616203137,181
9,T,610,False,5.965609804357432,1.5333564440981058,1.5479579956640352,4.053491394802261,361
9,T,631,False,5.880914413372016,1.6142769461183648,1.6281529505707577,7.245899328573327,89
9,T,282,False,6.025997834682013,1.5604177510831263,1.5747684050609954,7.2060659939731115,94
9,T,790,False,4.73346969379322,0.916031354328263,0.9402687986929598,2.9933031431046127,384
9,T,258,False,5.686921107552482,0.4041323389851007,0.45641529235620315,5.308742027867366,290
9,T,438,False,5.886309023598101,1.4797804102840062,1.4949053596610493,7.257863412891405,87
9,T,160,False,5.662984037717116,1.5443935199353642,1.5588916947951754,7.767046078811301,55
9,T,74,False,6.474105211291585,1.3772765203328987,1.3935144725274036,6.230028446826732,206
9,T,612,False,5.650063245846828,0.9331846903943452,0.9569877941068109,4.012910609302299,363
9,T,837,False,6.39668562718641,1.5701456262805658,1.5844081732341007,5.376781204703342,281
9,T,741,False,5.292607826245869,1.5594635972775965,1.573822951579056,5.467669549847724,274
9,T,643,False,5.518686363470953,1.6287541852050769,1.6425078896328273,5.6385475754013505,261
9,T,129,True,7.5792461676791865,1.4270008172899706,1.4426792104377446,9.597409060082274,3
9,T,846,False,5.609989953664469,1.6234812624494648,1.637279261826625,4.274935522694324,353
9,T,293,False,6.872674225374136,1.2947070061402945,1.311967302729681,5.9470610705505935,233
9,T,295,False,6.606581918461023,1.217093639549994,1.2354387476180602,6.984202528877348,123
9,T,234,False,5.945713390971907,1.5676758146981613,1.5819606289894115,4.6332168949337795,343
9,T,423,False,5.8623330431410805,1.6151893971094569,1.6290576294956052,6.620471933781268,158
9,T,118,False,6.111624859677664,1.6161202160696528,1.6299805288628608,6.510719649543504,173
9,T,215,True,6.363007056141714,1.5451737005751973,1.5596646231264848,8.826018958318334,15
9,T,381,False,6.117177358050358,1.628387737592065,1.6421445111875002,8.308299425966599,34
9,T,54,False,5.599725182786099,1.6191429443096355,1.6329776011295152,3.159219327333201,381
9,T,773,False,5.054710607758217,1.361725384369776,1.3781465793303862,5.925570760237089,237
9,T,551,False,5.178171684028318,1.3781727189124444,1.3944002348097728,3.761892043126031,372
9,T,653,False,5.103316616630538,1.4349231874271884,1.4505159514804489,5.220872492532765,300
9,T,365,False,7.388297999737773,0.8730632226460998,0.8984605513990156,6.734350613723878,149
9,T,269,False,5.166612827941808,0.332057328913594,0.3940228944722131,5.0842348516098905,312
9,T,753,False,6.047087698900786,1.5724022112791969,1.5866444736357097,7.087041701680001,107
9,T,99,False,5.856664006222661,0.5814496292886598,0.6189310487307532,5.47978447468568,272
9,T,139,False,6.325701111695071,1.6532233619789007,1.666775166684412,5.597285907511658,263
9,T,201,False,6.966231237699356,0.6924793526022364,0.7242372715232505,6.277354250231115,204
9,T,126,False,5.484248496226988,1.561956772701742,1.5762934154122041,4.52200808289456,349
9,T,694,False,6.013877147947056,1.5634139076438995,1.5777373096613383,7.304701993479659,80
9,T,768,False,6.706654504000227,1.5768107107680853,1.5910135100859402,6.459935736759145,177
9,T,23,False,5.206636909128589,1.409660051231713,1.4255291760331057,7.084970628150343,108
9,T,505,False,6.650487624870729,0.6269192373787927,0.6618305688608204,6.660062069129842,155
9,T,550,False,5.183007772786331,1.3770029531774015,1.3932440937403305,3.6445840185522256,375
9,T,686,False,5.685419278934775,1.5786618650547077,1.592848158444815,7.996334350640211,46
9,T,844,True,6.24204461848059,1.4935374947996372,1.5085245175519708,9.29737361110282,5
9,T,520,False,5.662945830239994,1.4928204196232384,1.5078145698086127,5.229351230167624,298
9,T,436,False,6.111972059596926,1.6307241456631818,1.6444613741076268,6.711777566273992,150
9,T,262,False,6.088838737889465,1.6065469522091922,1.6204891487867712,4.021166727506824,362
9,T,103,False,6.3374441433661035,0.41605570518540097,0.467005697503094,7.113371254714373,104
9,T,104,False,5.840147617033477,1.0335805591785014,1.0551211987230535,5.837291201871946,244
9,T,726,False,5.586226435384155,1.2106515750252353,1.2290928393714258,3.754345335454985,373
9,T,589,False,7.581037189113092,1.220349923731371,1.2386468052008182,7.50100841617334,66
9,T,724,False,6.257108389305788,0.49709709465192903,0.5404604455410394,5.795391060532348,249
9,T,443,False,6.731409025724962,1.5196687946805907,1.5344006051905055,6.67911465950084,152
9,T,681,False,3.9166523283360384,1.465777379602752,1.4810453396969792,3.391601841187697,378
9,T,254,False,6.566945277797263,0.5957099803932508,0.6323467027060056,4.9293792671527905,322
9,T,17,False,5.492813907627069,1.3893877288993586,1.405485764032901,6.133945124649046,209
9,T,24,False,5.435945208136671,1.531600524039883,1.5462186575391832,4.228260124014874,355
9,T,792,False,7.542832322211275,0.7789239093794396,0.8072883179422203,7.1987686848593455,95
9,T,657,False,4.390339339816275,1.462238127875714,1.47754266073657,6.307432407316868,198
9,T,19,False,5.364962193417719,1.449922379868931,1.465355547069657,4.08125665224826,359
9,T,162,False,6.9095412764080475,0.45553608578515337,0.5024988528698237,6.7557263309730375,145
9,T,16,False,5.958435993516542,1.4864036413746546,1.501461873233837,7.470484193117166,68
9,T,776,False,6.5633087556312875,0.6155468233465344,0.6510682478934444,5.954386929628502,229
9,T,836,False,6.377707463111757,1.508432579586812,1.5232730611554692,5.335985690282563,286
9,T,495,False,6.323659925515118,0.9900402019857834,1.012507566999418,4.666796778804262,340
9,T,325,False,6.382701158983302,1.182114300733088,1.2009938349886347,7.726276383129642,58
9,T,515,False,6.131956164193079,1.2896422538722498,1.3069694390672364,7.1780911021332,97
9,T,830,False,5.931046640824352,1.6880556548771066,1.701330028432346,5.760708959253111,252
9,T,789,False,7.661460537945666,0.4341848266611691,0.48322710539229846,6.919384792481644,130
9,T,283,False,6.357557629376501,0.4484138389367904,0.4960513508025755,5.6575599430891,259
9,T,596,False,6.116522668854128,1.6712912294203837,1.684697701435046,4.9448560058677655,321
9,T,466,False,5.356652655120813,1.5106976627464848,1.5255161093579845,7.06844139324707,110
9,T,249,False,6.606290222914059,0.5252003352975634,0.5664162461297372,7.421501824889569,74
9,T,292,False,6.50775558147382,1.548931521211759,1.5633876131933513,7.3006996104929405,81
9,T,477,False,5.4130980123809405,1.5660773043035654,1.5803765673844168,6.617011275337504,159
9,T,247,False,5.2204114837293325,1.3395162555099591,1.356206389329608,2.534804700647185,385
9,T,625,False,6.323007432087502,1.4520249948013444,1.4674360487635822,4.581747743569538,346
9,T,594,False,7.578371904345113,1.2364523583901783,1.2545144105396573,7.313608459005988,79
9,T,22,False,6.252534489678437,1.6826114214588141,1.6959284086619582,5.773915366138634,251
9,T,210,False,6.3170438657094445,1.5795032439491845,1.5936820477526334,8.3361858125763,33
9,T,89,False,5.848939173806078,0.597467142022689,0.6340023323930205,4.862991812719309,325
9,T,196,False,6.076832567898629,1.5811369447404175,1.5953012285164494,7.007680965841293,122
9,T,524,False,6.637732257055991,1.2027724613161106,1.2213327005298127,6.667478318283885,154
9,T,605,False,5.564386335647555,1.5312863135763333,1.5459074182593298,6.414675532677661,184
9,T,67,False,6.481867018219492,1.6060765814285298,1.620022826103442,8.221434359812523,37
9,T,497,False,6.254477106054259,0.8285762412274382,0.8552955975623983,5.317701887225452,287
9,T,784,False,7.142741137280984,0.9290525959123322,0.9529589170863944,7.737356038669109,57
9,T,519,False,4.487153470777654,0.3970049093219612,0.45011650681658927,5.064456944930483,314
9,T,826,False,5.189337020654478,0.35870709409619755,0.41672862997155397,4.788170622123381,331
9,T,537,False,7.0299004038537145,0.26006725786025053,0.3355993895911911,6.752782803731227,147
9,T,358,False,5.905739604399489,1.4562996577381457,1.471665948784326,1.4005787906260894,390
9,T,489,False,6.288122414562902,1.6103007980950628,1.624210772045496,5.977487780767388,227
9,T,233,False,7.866826188352373,0.46375961184501835,0.509965635373279,7.859637786682246,53
9,T,721,False,5.560003455232204,1.4739962665769166,1.489179964129829,6.293270148341554,199
9,T,391,False,6.545841124941436,1.4164588190436607,1.432252616590241,8.340989388027646,31
9,T,165,False,6.870677151574838,0.29869487450553117,0.36634764874215453,6.425260143767224,182
9,T,449,False,5.8011636715191885,1.4559066623159325,1.4712770578850702,5.63769033357727,262
9,T,209,False,6.200572939858995,1.6892019770547275,1.7024674126010841,6.505625189628913,174
9,T,473,False,5.3890760259929245,1.4924547014783363,1.5074524893501022,7.41786311515016,77
9,T,149,False,6.474922647496719,1.1502881825141535,1.1696815269613967,6.291330695463182,200
9,T,828,False,6.312652203593315,1.619308169885521,1.6331414270481983,8.165771570829934,38
9,T,70,True,6.096853821368649,1.614051827493357,1.62792975079322,8.677476259876245,17
9,T,255,False,5.498022962948079,1.3763468965295524,1.392595688371022,6.145844605624825,208
9,T,566,False,5.962883226280463,1.691325059087939,1.7045739723408457,7.010021076228879,121
9,T,318,False,5.133511678552513,1.3782739254802152,1.3945002636577994,5.120223093491239,309
9,T,820,False,5.757783655432448,1.4875688708694317,1.5026154256038988,8.142119485988438,40
9,T,158,False,6.280704037054561,1.6535141163323779,1.6670635574546864,7.864421566829161,51
9,T,95,False,5.7965903310351665,1.3089701375600349,1.3260447928735162,7.094629302733781,106
9,T,487,False,5.618157723088632,1.6458860321361535,1.6594977560888478,6.570289522793187,166
9,T,175,False,6.125926816872336,1.5316897340361912,1.5463070241820958,5.190260576392265,301
9,T,341,False,6.54877051561548,1.3312479192147668,1.3480404274711781,4.875324708968732,324
9,T,690,False,5.4694582833049985,0.38092423529051594,0.43599913384626626,5.3397195452824775,285
9,T,186,False,5.683835604894417,1.5712605582571035,1.5855130758267038,7.045561576748366,116
9,T,263,False,6.027210419637123,1.5329730714991952,1.5475782402271965,7.4668388655002245,70
9,T,257,False,5.634475413956609,0.8500204260311328,0.8760860096778047,6.284212543219858,203
9,T,696,False,6.131684303029577,1.5008190785215882,1.515734105355362,4.15178801212474,357
9,T,316,False,4.728163793474561,0.3349434041345035,0.39645813859251194,5.126926094017602,308
9,T,251,False,6.581639795499914,0.5800001287072167,0.6175695272464615,5.953339231907488,231
9,T,506,False,6.759705330219284,0.5930708660327784,0.6298611147069645,5.650413893727144,260
9,T,240,False,4.728077601543164,0.2280484187630801,0.31144510428544414,4.8211443011739945,327
9,T,214,True,6.370820596608299,1.546244088298262,1.5607250726121988,9.129298576093788,8
9,T,761,False,6.238584029761052,1.5728481806744252,1.5870864409772643,7.213070817102165,93
9,T,270,False,6.578095599760961,1.3074814843082343,1.3245753294893776,3.910461390510593,370
9,T,161,False,6.969534001050748,0.4743984091784453,0.5196593329423321,6.801036640124337,141
9,T,392,True,6.823927178576415,1.441930332490558,1.4574481313032588,8.462625629191098,27
9,T,216,False,6.831119862515634,0.705332437588291,0.7365363665137455,6.829022918200962,136
9,T,112,False,6.198636773796556,1.6672192575509726,1.6806582116634678,7.046175069308174,115
9,T,507,False,6.682582310262087,0.347590512444814,0.4071991355893065,6.5667106427350515,168
9,T,18,False,5.364962193417719,1.449922379868931,1.465355547069657,4.081200873380121,360
9,T,523,False,5.858001926228691,1.6077034423571432,1.6216356959101628,6.2905290911470635,202
9,T,157,False,5.618645760889026,1.5942195165461053,1.6082685841051325,6.095406279412242,215
9,T,205,False,5.032435913588447,1.3247873474002159,1.3416607199716069,6.391870231315709,189
9,T,223,False,6.761218439319778,1.0834347319224467,1.1040030751854335,6.779599684911842,143
9,T,521,False,5.792430695691068,1.490995983099091,1.5060082978857239,5.249256035803162,297
9,T,362,False,3.949802294406323,1.4627043981336947,1.4780041028368913,3.1265341334324828,382
9,T,772,False,5.245666915333267,1.455049903721843,1.4704292550150022,7.176540080640501,98
9,T,510,False,6.304717907800791,1.6517715447395773,1.6653351637716653,5.581060586662297,265
9,T,407,False,6.13122550439444,1.5746861564756063,1.5889079466976517,6.039194552091139,219
9,T,94,False,5.929882757841085,1.3321748282354924,1.3489557978923155,6.314568570881312,196
9,T,560,False,5.920218253927944,1.4584327154652708,1.4737767664142467,1.5527458264864586,389
9,T,499,False,6.27215140762744,0.8090367307772928,0.8363805374528032,5.800369591145091,248
9,T,323,False,5.3891275183559255,1.4967276828585199,1.5116830780021533,7.425054046492209,73
9,T,725,False,5.766687118630966,1.4680418365445802,1.483286488015115,5.937583571124853,234
9,T,733,False,5.930396821682079,1.5914543647652672,1.6055276287916849,5.359045289217835,282
9,T,389,False,5.8230279261325295,1.4538410318944774,1.4692330372350837,8.34070926149319,32
9,T,397,False,6.211681687002397,1.6372993931703563,1.6509819122446638,3.9171003595397265,369
9,T,564,False,6.880857843367118,1.6133613163315075,1.6272451286508633,6.7425017897971795,148
9,T,364,False,5.3638395002729435,1.532887158929465,1.5474931384965418,5.876861455635918,239
9,T,453,False,6.017094485920215,1.569765348725088,1.5840313196843765,7.049848636700348,113
9,T,440,False,6.04795937356484,1.5855974667862596,1.5997222566314546,4.305163781066092,352
9,T,633,False,6.531578272808542,1.506796415662524,1.5216528546079293,6.566721892551839,167
9,T,227,False,6.718884384495832,1.1461654142466338,1.165627354045103,7.293432692246449,83
9,T,369,False,6.020558293956072,1.57847122078039,1.5926592122971457,7.419554223899033,75
9,T,642,False,5.5162771949734015,1.6321609283174903,1.645886164839246,5.5041249298431385,271
9,T,81,False,6.0934063933508735,0.9657803733415189,0.9887991207594764,4.265063672859074,354
9,T,760,False,6.623179939813674,1.1001165853647819,1.120378718593716,7.298918378526892,82
9,T,744,False,3.924368275834306,1.1707653555711777,1.1898249827133134,4.787942152509999,332
9,T,370,False,6.0068174028857175,1.5892521340963546,1.6033447281894333,4.011827272564693,364
9,T,311,False,6.1940455882929975,1.6626807433048478,1.676156086359439,6.53741218450276,170
9,T,450,False,5.2056196025563555,0.8101411518748922,0.8374488985270727,5.313676706457815,289
9,T,52,False,6.212016790664968,1.3903208565254563,1.4064082109304925,8.05815402748614,44
9,T,788,False,7.56362067522221,0.4182575958100596,0.4689684297858879,6.818185187534766,139
9,T,342,True,5.958362806819604,1.4001618679780614,1.416137432674825,9.065184796235236,12
9,T,267,False,5.92624494280318,1.6265634631484698,1.6403355362036673,5.667972168738529,257
9,T,122,False,6.03100018779328,1.5935245042862798,1.6075796457544067,8.065121534975631,43
9,T,396,False,6.122749123044349,1.5768234830758847,1.5910261683776903,5.8437446263537165,240
9,T,858,False,5.593959332295591,0.7918888836216806,0.8198048399995097,6.390405583919576,190
9,T,533,False,6.2242390112069055,1.6174238775555532,1.6312731136660934,6.924726813754667,127
9,T,384,False,6.26543378733881,1.6620797016658906,1.6755598784802666,6.801531919142772,140
9,T,347,False,6.729032625363724,1.5171480576248935,1.531904109413516,6.603962308739248,162
9,T,745,False,3.9291552497171516,1.1745486572477855,1.1935478708144076,4.963660821268016,318
9,T,739,False,5.779038631375469,1.4584908740975597,1.473834319558645,6.3803876322684365,191
9,T,339,False,6.579850017218877,1.325963830529938,1.3428224199635095,5.841504420569464,242
9,T,188,False,5.942434041441085,1.5812239249382996,1.5953874364806535,5.296652415807991,293
9,T,189,False,6.173688232222922,0.7664577910560795,0.7952669471024146,5.71915259857885,254
9,T,87,False,6.111358315615156,0.9191620944788989,0.9433191016882179,6.860797696408551,134
9,T,483,False,5.589811573485658,1.5618710750834008,1.5762084972697008,4.737220900245807,335
9,T,597,False,6.098865177584606,1.6751012954156208,1.6884775158663266,4.799824356858516,330
9,T,699,False,6.099575926419625,1.6465783976620822,1.6601844449730458,6.320726975437018,193
9,T,442,False,4.9761931697538415,1.5469577937231953,1.5614321590270792,4.948403950042929,320
9,T,770,False,6.761051967594147,1.580545270924768,1.5947148099662456,6.034191992467756,220
9,T,385,False,6.2634640583565755,1.6617389716810143,1.6752218902839424,6.600275860907072,163
9,T,332,False,5.854782534827843,1.6086369906129074,1.6225612281979318,6.893539088597027,133
9,T,359,False,6.561570295681889,1.1377756713208864,1.1573786977185658,5.739766685723978,253
9,T,590,False,7.642470178485943,1.2041592758290143,1.2226984637465144,7.119485319077684,103
9,T,504,False,6.324183381493314,1.1162705447927572,1.1362446483284088,8.156605635773094,39
9,T,375,False,5.29246549917253,1.2648294023078968,1.2824918668847696,7.772625323062641,54
9,T,114,False,6.242467781234307,1.6638158771568272,1.6772821005311458,6.672168210045428,153
9,T,170,False,6.587515206795175,1.08697298764671,1.1074756193960411,7.43796116325027,72
9,T,123,False,5.923918664508394,1.5635366033270492,1.5778588915446516,5.988155636207002,225
9,T,301,False,5.79690847214777,1.3736336500559896,1.3899141614679558,6.324088009370611,192
9,T,602,False,7.9133030618381826,1.306606078295216,1.3237112281464694,8.01599957595843,45
9,T,793,False,7.625249679055389,0.6441834306358253,0.6782066528638385,7.021666462327888,117
9,T,718,False,6.16731932978102,1.616675209545047,1.6305308046279137,6.922422684031792,128
9,T,221,False,6.870723976901422,0.6658838359911452,0.6988513824249849,6.5805629470775315,164
9,T,654,False,6.579902323055875,1.592050823592481,1.6061188612878337,7.172530325435951,99
9,T,111,False,6.213833182271091,1.6669926240642525,1.6804333906369668,6.842783104998505,135
9,T,475,False,4.485977355196045,1.4589806462896875,1.474318994631387,6.111998541443948,213
9,T,484,False,5.64151915718528,1.5672167951141034,1.581505755465579,4.820060752065903,328
9,T,329,True,6.690430614788604,1.4225791010884652,1.4383056943976464,8.538418064800938,22
9,T,279,False,4.831997963948689,1.5497864121208276,1.564234603528952,1.350990375563602,391
9,T,277,False,5.437119231692948,0.2692890801426093,0.3427952455432874,5.006432716570653,315
9,T,825,False,7.600095811051057,0.5513377358541975,0.5907328251078172,7.2922329592420425,84
9,T,65,False,6.452169757482403,1.635525415106331,1.6492226517792454,5.926118782340531,236
9,T,841,False,5.742655434215638,1.4898968914189297,1.5049201702226003,4.35415059182052,350
9,T,611,False,5.741170246310701,1.138466077996246,1.158057417588258,7.0159985197714185,120
9,T,69,False,7.648429854196327,0.2692390712462583,0.3427559615361603,7.153676391313752,101
9,T,177,False,6.5240991690638745,1.5381594369814826,1.5527158224408681,4.747797717301936,334
9,T,736,False,6.466152512386026,1.5833502152376389,1.597494875039074,6.793530017470938,142
9,T,849,False,5.4811454155202615,1.5139182140773737,1.5287054427188564,6.98317335458823,124
9,T,586,True,7.318924980394041,1.3711365774212143,1.387446390180677,9.11923809231002,9
9,T,10,True,7.8435031979808825,1.2525596062193622,1.2703926711121385,8.463581590220498,26
9,T,628,False,3.9006303418594195,1.4658662414663874,1.481133285546518,3.1982776189114097,380
9,T,669,False,5.591447548278744,1.3186057168199465,1.3355571901319971,5.929067690665144,235
9,T,63,False,6.621880941826533,1.6169725073171175,1.6308255765416593,6.542418372279316,169
9,T,500,False,6.239636961055112,0.5819214504541474,0.6193743183097672,5.801374994748958,247
9,T,1,False,7.938745850339525,0.30071681960337726,0.36799806694519493,7.915291882647789,49
9,T,167,False,7.265198385693789,0.7252773221225951,0.7556581010406443,5.585588765798497,264
9,T,76,False,7.6260347664652866,0.25551061839968375,0.33208078504788385,7.742376503978952,56
9,T,313,False,5.841370236724467,1.5928985368253061,1.6069591532777774,6.03352975166348,221
9,T,296,False,5.215060665935775,0.21004395938491924,0.29851371251103964,5.093821278589173,311
9,T,490,False,6.348698271220274,1.5815600695322003,1.5957205974799373,5.1481824644620495,305
9,T,543,False,7.281839651867915,1.2326327068546512,1.2507499197245044,5.3052672341369185,291
9,T,779,False,5.912961729640493,1.6381069324497601,1.6517827622974497,5.4733927788455174,273
9,T,212,False,4.999428583471058,1.5161757839833505,1.5309412071077575,7.889214876062958,50
9,T,672,False,5.425984652571404,1.5358186175588082,1.550396980686972,4.327211817271031,351
9,T,317,False,4.983848466742898,1.1533103377440959,1.1726537028596424,5.949118870090617,232
9,T,791,False,5.4731993254140825,1.4457492919465753,1.4612265350886062,5.403216319010443,279
9,T,535,False,7.264523938610901,0.37920361186775003,0.43449666389579705,7.056667929729466,111
9,T,15,False,5.946645885220523,1.5722037736186827,1.5864478174411714,4.538347633794506,348
9,T,432,False,6.007116829914167,1.5613966688665628,1.5757384076142298,7.682611990021601,60
9,T,621,True,8.638208612445709,0.8459981864321837,0.8721839846784473,9.085810380844453,10
9,T,137,False,6.905343984552759,1.5050833554822605,1.5199565384025855,7.501964685718773,65
9,T,451,False,5.78320250755893,1.658695581889994,1.6722030394256602,5.548574111346735,268
9,T,300,False,6.669087133616622,1.4458217860736127,1.4612982613991305,6.90191509696283,132
9,T,752,False,6.0605111364100175,1.564365560544936,1.5786803282178765,7.179604643974825,96
9,T,622,True,5.964012144547959,1.395316109549011,1.4113465262826197,8.966640810168164,13
9,T,195,False,6.037357856088349,1.5758324054754096,1.590043943364285,6.318114099181998,195
9,T,314,False,6.881589890701518,1.2925524408231743,1.3098411292828513,6.028899268894276,222
9,T,333,False,5.905402593054193,1.5815360696005156,1.5956968105283902,5.46206207113261,276
9,T,49,False,5.133251315560374,1.3726991501618946,1.3889906149928508,4.840015816777174,326
9,T,102,False,6.2368901757271775,0.7728529362494956,0.8014322384035327,6.4193288399551625,183
9,T,687,False,5.689795094858441,1.5808039146012787,1.5949711558839417,7.942861001080596,48
9,T,651,False,6.01783957716157,1.567313814243988,1.5816018980777269,4.7137825657392005,336
9,T,553,False,6.330553342944711,0.7831586385222533,0.8113750210445595,5.534177856304892,269
9,T,534,False,6.234822823433383,1.6164670653509576,1.630324429384338,7.247322402856866,88
9,T,275,False,5.111626560629855,1.5225670878965716,1.5372711240470485,6.290793156326485,201
9,T,675,False,5.987123533240082,1.401289833911804,1.417252684000846,5.381646663180246,280
9,T,303,True,6.2274995269537525,1.6789905889440373,1.692336068706708,10.390405358467216,1
9,T,113,False,6.227929296705208,1.6653777828927114,1.6788314779737938,6.760685475880504,144
9,T,141,False,6.095075017019661,1.6692466205845269,1.6826693828604278,5.317674339315099,288
9,T,609,False,5.885954996556462,1.5102300565425135,1.525053046738845,3.228728718665135,379
10,T,754,False,5.975756860741087,1.5438528838057128,1.5569640190450968,6.605719702975744,124
10,T,851,False,5.355211041069486,1.4399960618431307,1.4540439772887097,4.631096094115637,287
10,T,371,True,5.975195176506046,1.577191753568413,1.5900280051904903,8.523359630548107,23
10,T,390,False,6.5087148431796775,0.6149794147292319,0.6471900109755657,5.535677619761094,218
10,T,498,False,6.262397211903814,0.8701897751423151,0.8932443532024578,5.050554066111203,249
10,T,650,False,5.475242635631424,1.4950106399346974,1.5085463344835643,4.528915285336101,302
10,T,204,False,5.710513091936063,0.6965291830288443,0.7251262873297819,4.925613263514367,260
10,T,217,False,6.8448473530241225,0.7471731819167151,0.7739011523065416,6.146023465830896,162
10,T,48,False,5.02759412063892,1.172750058464258,1.1899571124178236,3.8552367365010136,342
10,T,593,False,7.535246817851168,1.2334212288192736,1.2497932458882515,6.967665530066219,94
10,T,845,False,6.002715320785999,1.5794178957969434,1.5922362008601263,4.554217293062404,297
10,T,859,False,5.518037952852079,0.6983138358822053,0.7268407274983728,3.284252777101028,353
10,T,14,True,5.932855019872748,1.6613254922664153,1.6735165433959986,9.735276039257208,3
10,T,176,False,6.281685752291457,1.5205479243456672,1.5338582789807411,6.732855259368861,117
10,T,173,False,5.605112972821797,1.558096749279315,1.5710890203551844,6.563898932149079,129
10,T,701,False,5.895348377342087,1.5998178620975094,1.6124740065043186,6.572568828772823,128
10,T,298,True,7.075342424945189,1.348063315253975,1.3630590345613731,8.433706030992209,29
10,T,8,False,6.37875406089176,1.5288627667644068,1.5421013550880374,5.683448211974536,207
10,T,565,False,5.802935746066895,1.578150735215407,1.5909792496531103,6.489439195467284,137
10,T,198,False,5.981068379200803,1.6599602831917317,1.6721612875377239,6.288379487616383,147
10,T,328,True,7.220888274797135,1.2836712894863243,1.2994103313493113,8.856609113007822,15
10,T,457,False,5.8561018202175,1.5571552353467306,1.5701552970115968,6.628511849676153,123
10,T,662,False,5.8308001645102285,0.727169133496837,0.754605975643173,4.53415462000578,300
10,T,310,False,4.148914050187999,0.40379743642322713,0.4513397826779891,4.001670101299021,336
10,T,20,False,6.4945325125636755,1.4408432976961338,1.454883032508701,4.490586780717674,304
10,T,399,False,5.671599860876123,1.4626601758601063,1.47649247197978,6.5059743143837085,133
10,T,743,False,4.0401658416046295,1.1975106744759045,1.2143669318824437,4.66496514678846,282
10,T,183,False,5.827686126099691,1.629889687972569,1.6423141065962876,6.776276123609886,115
10,T,124,False,6.214140200425049,1.5460535240614832,1.5591461538383038,5.375413316059116,230
10,T,821,False,5.151922539742016,1.4076837395245834,1.422050892298781,6.432876836035414,141
10,T,588,False,7.738189046639246,0.46758782309268365,0.5092088000716397,7.320821496283134,71
10,T,445,False,5.760726680875413,1.6515115175032862,1.6637744805747716,4.762995514973841,270
10,T,64,True,6.545604476692911,1.5923519016902776,1.605066917166536,8.497898106822023,25
10,T,476,False,6.970528061589309,0.488208309036558,0.5282069507098327,6.704484814855627,119
10,T,863,False,4.450968704079046,1.3798429704918576,1.3944969892336225,2.0394026126928337,361
10,T,382,False,6.106828646984495,1.6034747407441143,1.6161022473749145,6.283122056226006,149
10,T,184,False,5.391384502303151,1.547175197737738,1.5602584152186625,4.652605777193442,286
10,T,53,False,5.20086747901972,1.364636735713132,1.3794523008149417,4.360906942371622,311
10,T,400,False,6.034938309974289,1.5955908009008926,1.6082802099402316,4.196915871474141,323
10,T,496,False,6.307388647459137,1.0359650489010643,1.0554045728110282,5.550163210626814,215
10,T,435,False,5.933567681172521,1.5453264836406282,1.5584252214357135,6.820814543111374,110
10,T,660,False,4.908654052815006,0.9395152526800399,0.9609079767513033,6.110505540151269,165
10,T,632,False,6.6383392898643985,1.5005564692016886,1.514042584285159,6.8191368252898314,112
10,T,618,False,4.278988251289039,1.3783373867986075,1.3930072439196641,7.556296748117745,51
10,T,783,False,5.996643828190298,1.5534574970948782,1.5664882460606362,6.468498800354199,140
10,T,172,False,6.253228251907661,1.1283409860170668,1.1462149058932234,6.017266185333668,179
10,T,688,False,6.438021857971035,1.1311572483586236,1.1489873586250186,4.5639064163388,294
10,T,461,False,2.9299959542543776,1.144593061063026,1.1622170645793632,2.860667224348859,357
10,T,757,False,5.484128306050205,1.6330980951669913,1.645498288727126,3.8840604567267,340
10,T,608,False,6.170222091914837,0.4782747283415274,0.5190394450675266,6.495367158868419,136
10,T,144,False,6.225470663521872,1.422916016005914,1.4371308981341913,8.123237406438225,35
10,T,538,False,6.851143199813231,0.31880292156428525,0.37721417333362234,7.0329802590824055,90
10,T,85,False,5.813207290860871,1.2154150802058312,1.2320263986447657,4.062065400572983,332
10,T,393,False,6.2535527568246385,1.5029859041804166,1.5164504139373856,4.689549287779182,278
10,T,673,False,5.1943216814780975,1.5029017887474905,1.5163670454036684,6.177357345529154,160
10,T,517,False,5.692897077770688,1.45871831819854,1.4725876414033294,5.872252831291493,189
10,T,226,False,6.6995563085171765,1.1406157930052472,1.1583003138300676,7.372104051346862,68
10,T,468,False,6.325142522590369,0.9349639160259606,0.9564584434445879,4.664876247922447,283
10,T,822,False,5.289292027758884,1.298637190698512,1.3141970106613268,6.81517493127599,113
10,T,671,True,6.372409749832675,1.4507588767948962,1.4647035701345965,8.481577385608672,26
10,T,394,False,6.33023848034101,1.4601491345844413,1.4740049949011493,6.0886656533141945,168
10,T,627,False,7.6935904982671195,0.40855375003182903,0.4556000399812477,7.200659586244549,78
10,T,444,False,6.598547612597353,1.5159956538504589,1.5293456287770024,6.938056362595981,96
10,T,700,False,5.518985043244204,0.8436255192084459,0.8673864458392028,6.033751000764828,175
10,T,758,False,2.6338084681257232,0.22912533435489896,0.3052108264938983,2.909277947205963,356
10,T,97,False,6.112182692019152,0.9464631558525313,0.967702296758759,4.303135174430637,316
10,T,211,False,6.153730757887957,1.3983568744323398,1.412818876586106,6.4795167264609255,138
10,T,309,False,6.0209181478898,1.6222049959344205,1.6346878229804116,4.991577890490902,255
10,T,781,False,5.312660577399381,1.157169952011794,1.1746052645909697,4.766585228339612,269
10,T,3,False,5.917696849809383,1.5529569481979746,1.5659918622784128,5.510522557991854,219
10,T,426,False,6.562285062986799,1.252988789238739,1.2691084018805507,6.227913107362434,154
10,T,584,False,5.276364292775877,1.4950871223293434,1.5086221306612473,3.78268931923788,346
10,T,629,False,6.635572070921858,1.5504069062526562,1.5634630807031475,6.984783874509724,92
10,T,703,False,5.84018627245721,1.5948324543475816,1.6075278495896037,6.381421059931248,143
10,T,434,True,6.657555394262911,1.5022819574688142,1.5157527204337045,9.253695270036788,7
10,T,208,True,8.302912719766628,0.30812018305460165,0.3682299240575723,8.371630690318883,30
10,T,345,False,6.025674033204996,1.6622343003802553,1.6744187347036228,7.4862700700342755,59
10,T,256,False,5.551931238308762,1.3787641254953031,1.3934294899702218,5.811616727112335,194
10,T,133,False,6.8161989423771665,0.3497981406755773,0.40374988419309205,6.647466734586693,122
10,T,850,False,5.283614699113843,1.4889044656192423,1.5024951705435747,4.533313606010221,301
10,T,145,False,5.773913174512628,0.25812470305681967,0.3275417409949693,5.423276111906163,228
10,T,62,False,6.607506496102217,1.2319473060048054,1.2483386537868406,5.9090878021020785,187
10,T,595,False,6.814656568829945,0.41853438819638905,0.46457105362772005,7.106764506861853,85
10,T,50,False,5.449449748408679,1.5025235546985776,1.515992170886741,4.5546272507716274,296
10,T,90,False,5.666779110183594,0.9967847050151828,1.0169734401241997,3.831788080060744,343
10,T,471,False,6.235236062029525,0.8858635973660183,0.9085205242063094,5.459314214327248,223
10,T,72,False,5.989508555493435,1.662571240671031,1.6747532236339344,5.992675901385189,182
10,T,338,False,6.011883267622587,1.544562896829773,1.5576680557901366,5.807058996743282,195
10,T,469,False,6.335781808304628,0.9707285421885748,0.9914479978220744,4.929601298637451,259
10,T,742,False,4.036289900000714,1.197398008863136,1.214255830290819,4.567246930963892,293
10,T,712,False,6.074824141673101,1.6637780328534293,1.6759512440317204,7.482952432519279,60
10,T,155,False,4.47733740655547,1.5416056001520277,1.554735686921072,6.843694986714267,109
10,T,420,False,4.2642960861614805,1.4583669303419637,1.4722395638213526,4.702481305627278,275
10,T,774,False,6.602579494792254,0.5383020425430636,0.5748254680960809,6.027272918147138,176
10,T,130,False,5.7364756015004925,1.6304744061181806,1.6428944028063026,3.1036140415991613,354
10,T,220,False,6.8524786762920895,0.7407029233559754,0.7676562058851164,6.008361559051796,180
10,T,636,False,5.371505637434502,1.1742176942115534,1.191403551767973,4.540015498942536,298
10,T,194,False,6.068065608424046,1.5663604014064396,1.579284691517013,6.725912688042764,118
10,T,762,False,7.913347200149048,0.4553489880883349,0.4979939063070098,7.4245712906439305,64
10,T,58,False,5.456203488261993,1.4951253175748385,1.5086599832364833,4.571224658195311,292
10,T,644,False,5.7733236993966095,1.5969629114095545,1.6096415036223204,6.820275077746446,111
10,T,252,False,6.597372613287547,0.5108719497231249,0.5492225220980574,6.062142858648117,171
10,T,777,False,5.831584056853728,1.6172845890465666,1.6298051023767737,7.235400323012421,77
10,T,656,False,4.280119518351863,1.4558280947567377,1.4697246923314846,5.217495615503495,238
10,T,763,False,7.863985639096428,0.27292327259397475,0.33932630680401027,7.425876002149831,63
10,T,125,False,5.518844088433255,1.528362821939737,1.5416057035615303,7.26786457303754,75
10,T,478,False,5.81544642138568,1.4601238517467028,1.4739799497298025,5.935330938520881,186
10,T,235,False,5.789675627608638,1.5586696540745926,1.5716571891792608,3.8724661435078844,341
10,T,280,False,6.176186485001785,1.6193806715480608,1.631885102925231,4.279360717786923,317
10,T,153,False,6.137630893558017,1.5754446326063845,1.588295004139379,5.781149091715266,198
10,T,797,False,6.607307077311626,1.1720869211517317,1.1893035695316776,8.078742131149575,36
10,T,824,False,6.269203622686656,1.536806428691597,1.5499771704878962,6.023873369907209,177
10,T,467,False,6.295321506085671,0.9357059410086409,0.957183805653183,4.715572264549802,273
10,T,474,False,5.300828878437913,1.5475517375131094,1.56063179835786,3.975001084366416,337
10,T,178,True,6.41437082180296,1.50703199644834,1.5204606762704893,9.211729384917543,10
10,T,684,False,6.095776839607991,1.548476727884458,1.5615490407174544,5.020137892002187,251
10,T,273,False,5.9048898359395405,1.476653636150315,1.4903560617925475,4.2652561684922645,318
10,T,848,False,5.410856141169965,1.4641492789478554,1.4779676386204703,6.917573207278952,98
10,T,353,True,7.305017726604131,1.1341967819671936,1.1519798479099286,9.224697753158683,9
10,T,750,False,4.047274847218381,1.1965976299308791,1.2134665705004162,4.4898154333749,305
10,T,834,False,6.144948575729992,1.5941144065530746,1.6068154750766825,4.251877521768798,320
10,T,84,False,5.8213891027295315,1.3304509956727384,1.3456429993324475,6.075315450009852,170
10,T,572,False,6.5809893044041985,0.5740576666894345,0.608438521504648,6.507004898063898,132
10,T,79,False,5.9533046804423195,0.9764709181364706,0.9970710524993321,5.9560933909530815,184
10,T,630,False,5.157807798944351,1.520367975837703,1.533679892193504,6.9059949113711685,99
10,T,569,False,4.266453039891275,1.4535722596045018,1.4674902192715225,4.994507006562273,254
10,T,855,True,7.17208982711904,0.5580225533374952,0.5933332957108861,9.806688477945897,2
10,T,610,False,5.499238728550369,1.4984633369933946,1.5119681220446495,6.687375222798764,121
10,T,631,False,5.905215802311499,1.592260278350701,1.6049760196897946,4.630089019884224,288
10,T,282,False,6.018358064584757,1.53644689978011,1.54962069733524,5.899399974559708,188
10,T,790,False,4.727193509493684,0.8961521257685453,0.9185553125889191,6.046821354126787,174
10,T,258,False,5.664901488010246,0.40874077382828733,0.4557677587934357,5.852940733157417,191
10,T,438,False,5.91563335133886,1.4878913601911912,1.5014912352383005,6.857607317975011,105
10,T,160,False,5.694027731968697,1.4681189096038096,1.4819002538977188,5.093238003482414,247
10,T,74,False,6.465203335113291,1.3918259451764758,1.4063551085811272,5.74338651476047,203
10,T,612,False,5.668656402147427,0.9655493573068065,0.9863776108374679,6.311959678760028,145
10,T,837,False,6.470625395913351,1.553561062367174,1.5665909498874513,6.476244517287799,139
10,T,741,False,5.1616159070583665,1.5203387603944145,1.533650930336975,6.8903627827106835,102
10,T,643,False,5.966952850762252,1.593706873481654,1.6064111641633074,4.373411987222143,310
10,T,846,False,5.912522385196945,1.5892864943793001,1.6020258396737206,4.15988329653031,326
10,T,293,True,6.984899690335895,1.2758764050993365,1.2917104284068663,9.585664219542647,5
10,T,295,False,6.64124084082231,1.198417859156622,1.2152615335438646,7.457143311064431,61
10,T,234,False,5.771672439126703,1.551944924365686,1.5649882676973201,4.072464303122063,330
10,T,423,False,5.802773377981503,1.5901512820867119,1.6028837542653733,5.319045872892775,232
10,T,118,True,6.245847507888702,1.5921381227334528,1.6048548319480636,8.73976499875447,19
10,T,381,False,6.138977504116607,0.967704958885562,0.9884877931555611,5.668486295968642,208
10,T,54,False,5.691504981736249,1.5972731887066318,1.609949337441056,6.253545535506605,151
10,T,773,False,4.914033333340031,1.3585947510394871,1.37347549207035,6.0235585515519965,178
10,T,551,False,5.182437036540736,1.3578202976179763,1.372709434071615,4.677546774671052,279
10,T,653,False,5.188276373816025,1.431312314999425,1.4454446280763775,4.659309884536642,284
10,T,365,False,7.3778030507100585,0.9035530935278074,0.9257771992166988,7.132155047316077,83
10,T,269,False,5.1654925988940095,0.3212891029354854,0.37931769986507774,4.1692747664830545,324
10,T,753,False,6.043417594795201,1.5483112458001356,1.561384944091947,5.732090872394773,204
10,T,99,False,5.8359582254846565,0.6004735142178523,0.6334221902041177,4.890044305673118,264
10,T,139,False,6.336608757074712,1.6324267094109641,1.6448319644766611,7.549674137391948,52
10,T,201,False,6.957494880207193,0.6841721528321649,0.7132648627801901,6.138568579372462,163
10,T,126,False,5.469764896683309,1.543562219159731,1.556675802530237,7.546653000138436,54
10,T,694,False,6.011200939096212,1.5397374684428389,1.5528833508968427,5.791741721094795,197
10,T,768,False,6.639228551012509,1.5664959587051992,1.5794191395590864,7.155589582569913,80
10,T,23,False,4.415839753998236,1.05920948539776,1.078230014293069,4.153976239339495,327
10,T,505,False,6.657877270940672,0.6137017092149879,0.6459760194149948,6.704126291835764,120
10,T,550,False,5.1809733763667225,1.3571874661681405,1.372083469796842,4.701024066601723,277
10,T,686,False,5.774263358001556,1.5617566525603186,1.5747187277676786,4.756372640812259,271
10,T,520,False,5.576248187918255,1.4841771460970643,1.497810745976497,3.97233869288761,338
10,T,436,False,5.992416696349361,1.6161768352284525,1.6287058643275343,7.520669308141189,56
10,T,262,False,6.1061144287189135,1.5911767468404185,1.6039010784495102,4.601294999832734,290
10,T,103,False,6.340006506446127,0.40736989820756353,0.4545387373277276,6.210293893566857,157
10,T,104,False,5.8283195995842005,1.0477235575713486,1.0669488660923763,7.142688977659403,82
10,T,726,False,5.624968402835865,1.1938444954686334,1.2107517950127515,7.333534804539748,69
10,T,589,False,7.603053783411311,1.1986346060788933,1.2154752768591173,7.727572952504124,44
10,T,724,False,6.238068461497015,0.48430015484909533,0.5245968640324702,6.498895943402484,135
10,T,443,False,6.627923623320215,1.5174991583602875,1.5308360217182064,7.32127633627139,70
10,T,681,False,3.944275284690818,1.4603604579990213,1.474214332128458,4.052152091373246,333
10,T,254,False,6.5799675777276345,0.5813182784418067,0.6152935645822977,5.746807769587425,201
10,T,17,False,5.540133212062042,1.3755081784244796,1.3902078904532496,5.853566935509471,190
10,T,24,False,5.233646493908858,1.4909440891683807,1.5045163697321395,6.207373838812655,158
10,T,792,False,7.539972312116714,0.8090406198919354,0.833787715429396,7.561750541431902,49
10,T,657,False,4.259639762580983,1.453873291427552,1.4677883966335978,5.250250236639096,235
10,T,19,True,5.3417749971715605,1.4374530986831038,1.4515256252231654,9.0674631571939,12
10,T,162,False,6.884446351288969,0.4470387528023245,0.49040684770188725,6.770589344561927,116
10,T,16,False,6.017091277434433,1.4670612471485667,1.4808524344616354,5.300683538983417,234
10,T,776,False,6.574307615197498,0.6009784367620375,0.6339008686054837,5.168047239850368,244
10,T,836,False,6.378734762348342,1.504949211391077,1.5183963114524708,8.337258054152061,31
10,T,495,False,6.2991209197583125,0.9685656543981098,0.9893304082284557,4.9691333093205845,258
10,T,325,True,6.7145650351341475,1.0375103373321426,1.0569214397659368,9.228285269924097,8
10,T,515,False,5.221830201116918,1.0688682226065418,1.0877198660794571,7.283174254553654,74
10,T,830,False,5.996755585896553,1.6600194451615604,1.6722200178446434,6.541726459127618,130
10,T,789,False,7.660152610256685,0.42389771932471,0.46940867718283064,7.01741065572644,91
10,T,283,False,6.365653374134842,0.43640668740881605,0.4807348818017893,5.799472324603122,196
10,T,596,False,6.147067859560121,1.6438802297390276,1.656199697950909,7.681970335521376,47
10,T,466,False,5.256794062148048,1.4931438051418318,1.5066962708519833,4.893088191076108,263
10,T,249,False,6.609421881434889,0.5118891798777061,0.5501688488470742,6.289579109421558,146
10,T,292,False,6.495960898753012,1.5376877771485224,1.5508510340318982,8.034616505417308,37
10,T,477,False,5.260560643692921,1.5472622372978173,1.560344724967432,5.661585019684581,209
10,T,247,False,5.186954463118548,1.321113753378654,1.3364119047404805,3.286504303063127,352
10,T,625,False,6.396772349239628,1.4436219404591177,1.4576349120204253,7.880592667578912,41
10,T,594,False,7.59492710235654,1.2140188016859355,1.2306489672578445,7.557762117938199,50
10,T,22,False,6.320514711031279,1.6530524977184116,1.6653041133615576,5.58524861366413,212
10,T,210,True,7.246660850093777,1.4694423218303625,1.483211369613937,8.871134431663307,14
10,T,89,False,5.828096683666493,0.6164987411092033,0.6486338933135369,4.669070159885975,280
10,T,196,False,6.0911572021879365,1.5578306701623867,1.5708251419761639,5.415249236966455,229
10,T,524,False,6.667388523449091,1.1866039581104608,1.2036129706717424,5.159563598859771,246
10,T,605,False,5.586132475640002,1.5018372122356525,1.515311928885139,6.603075507892459,125
10,T,67,False,4.620179923048573,0.984528268658193,1.0049632538321702,4.535293740214664,299
10,T,497,False,6.250424147521407,0.8104156662236535,0.8351220161309199,5.202993826181929,241
10,T,784,False,7.154674988730227,0.9107751160606818,0.9328271768131504,7.288389770453258,73
10,T,519,False,4.4718792383103505,0.3855398307156637,0.4350818208499488,4.329394126357433,314
10,T,826,False,5.1781343651243334,0.3515547878567241,0.4052727459758805,5.1639181722691445,245
10,T,537,False,7.040701741986366,0.25132208237947257,0.3222080366120601,7.164625674432498,79
10,T,358,False,5.958936255647216,1.4527926199427705,1.466717977774195,5.000731939250344,253
10,T,489,False,6.336359726684513,1.5887792031739523,1.6015225837320881,6.600059961733703,126
10,T,233,False,7.866184194880573,0.4513406657772202,0.49433149439426644,7.867593202871725,42
10,T,721,False,5.331922674264157,1.4566004298059136,1.470489728585894,4.2576584426502375,319
10,T,391,False,6.545059764340266,0.39759689833149964,0.44580099072195106,6.055552402404472,173
10,T,165,False,6.862296828638623,0.2918763832728423,0.35474928171636855,7.102906872426241,86
10,T,449,False,5.866178487667719,1.4617495782453127,1.4755904104005941,2.0949318349730746,360
10,T,209,False,6.213802939774954,1.6603883390025602,1.6725862208153948,7.113634362110419,84
10,T,473,False,5.4500166585742225,1.5028897914152275,1.5163551546079006,4.732275407517687,272
10,T,149,False,6.424163232611944,1.1268680175297865,1.1447649360009922,5.816216638050806,193
10,T,828,False,6.328843525666556,1.605140749871756,1.617755252399048,5.484331607592905,221
10,T,255,False,5.549462674346017,1.3631192649404746,1.3779511458022393,5.717507600099471,205
10,T,566,False,6.014518198851992,1.6620212651016246,1.6742072498397111,6.8551504614754695,106
10,T,318,False,5.197113972875777,1.4000755306659807,1.4145199614482191,3.669893889682702,348
10,T,820,False,6.266842898757237,0.2891284450030273,0.3524918261119155,6.402041332557111,142
10,T,158,False,6.2745453446724335,1.6254976395375005,1.6379553736008285,4.711406598241139,274
10,T,95,False,5.834468041087716,1.3313794851027323,1.3465610135148949,6.057926449349143,172
10,T,487,False,5.637048120987017,1.6175435895339758,1.6300621134816622,7.70606710997038,46
10,T,175,False,6.115923742039316,1.5208828715980414,1.5341903202947633,6.118581917428089,164
10,T,341,False,6.6144988966252205,1.3121716267194952,1.3275728257739876,7.065306583279071,88
10,T,690,False,5.450341162529037,0.36948138430471766,0.4209177153715138,6.176548960321062,161
10,T,186,False,5.713368575366282,1.559902657988335,1.5728800120050217,6.502056965282143,134
10,T,263,False,6.033850231296134,1.524705521733716,1.5379798951127832,5.428927904533381,227
10,T,257,False,5.597923163389781,0.8773074882979243,0.9001797924800671,7.494218271082387,57
10,T,696,False,6.202129623068815,1.4802150313351865,1.4938847909917523,5.570803227167706,213
10,T,316,False,4.729089718035565,0.3241474997772657,0.38174183865237604,4.384525613022365,308
10,T,251,False,6.587899435168493,0.5659780251329931,0.6008214000011045,5.444844396381305,224
10,T,506,False,6.759598900350487,0.5816047353432208,0.6155642110612849,7.719942533551346,45
10,T,240,False,4.728886141817558,0.2179488886230138,0.29691235713228764,4.657510162963837,285
10,T,761,False,6.046402316073348,1.5484179517580345,1.5614907566464782,5.594236594611551,211
10,T,270,False,6.573766680962701,1.32849448649474,1.3437086106789549,4.85870439978879,266
10,T,161,False,6.94694968235453,0.4663957729894286,0.5081144032875381,6.8632383436490105,104
10,T,216,False,6.868312309127178,0.7286554137019993,0.7560383202477742,6.214712998283442,155
10,T,112,True,6.2257358112834,1.6434778455301735,1.6558003075595635,8.457269808164066,28
10,T,507,False,6.698346956731508,0.3388506563178462,0.3943031791057224,6.86948009748373,103
10,T,18,True,5.3417749971715605,1.4374530986831038,1.4515256252231654,9.067549994162901,11
10,T,523,False,5.879811714596648,1.5861619568669845,1.5989261969140245,4.245724683199613,321
10,T,157,False,5.58481303077846,1.5654459337614124,1.5783777118598654,2.8250179704486547,358
10,T,205,False,5.119160424229004,1.2973097399161158,1.3128852924178351,6.590413375596368,127
10,T,223,False,6.780752984714432,1.1159792961297899,1.134048067392289,5.4983115842508985,220
10,T,521,False,5.7095633327916495,1.4834254659403723,1.4970659112965785,4.378957156330726,309
10,T,362,False,3.9748710108553893,1.458108193923462,1.4719832658534486,4.336809292895027,312
10,T,772,False,5.2685592074291066,1.4496046435180896,1.4635603343473926,3.8108167399454285,345
10,T,510,False,6.317772664267266,1.631355671159875,1.6437690091954313,7.957463043374563,38
10,T,407,False,5.815072482490749,1.552509080014996,1.5655477230972084,4.229940973439948,322
10,T,94,False,5.979509564181472,1.3543537438723636,1.3692805750856658,5.2065887787414695,240
10,T,560,False,5.969327455049059,1.4547795320578059,1.4686860510879012,4.974835887445102,256
10,T,499,False,6.234078792320869,0.7910001149993368,0.8162943168335843,5.546255944934285,216
10,T,323,False,5.4502470992430325,1.5062378301438795,1.5196735276770423,4.897698225720434,261
10,T,725,False,5.756738956997343,1.454992049777195,1.4688965568346493,6.201473470502594,159
10,T,733,False,5.909445929182374,1.577379729311198,1.5902144635890192,4.108678501821444,328
10,T,389,False,5.904492876657762,1.2190436962875182,1.2356062330792037,5.208680249759131,239
10,T,397,False,6.24868314015365,1.615432481901114,1.6279672396418294,7.318847680879017,72
10,T,564,True,6.970755554559642,1.5952823554541946,1.6079741986080895,8.590244042565006,20
10,T,364,False,5.296214219998998,1.5244965452232841,1.5377727225320303,4.332523729240327,313
10,T,453,False,6.0187175183473585,1.54561032854524,1.558706681024871,5.0221735851614735,250
10,T,440,False,6.0013959130477055,1.573116363160245,1.585985599495897,5.971254338755472,183
10,T,633,False,6.558187195779652,1.4867026211130547,1.5003132717503607,6.934394670178348,97
10,T,227,False,6.716807645789978,1.1750895527330962,1.192262842962202,7.419258252844938,66
10,T,369,False,6.019236453636376,1.55835169768492,1.5713418607811978,6.261346844164719,150
10,T,642,False,5.954598549343343,1.5976151446205102,1.610288601489391,4.883416380591445,265
10,T,81,False,6.066027870469862,0.9941071037983357,1.0143491329853638,5.643961810234014,210
10,T,760,False,6.595175119331447,1.0806499232995472,1.099299543569978,7.261581204016999,76
10,T,744,False,4.039956401277765,1.198949170592182,1.2157854841334161,4.6650265934780055,281
10,T,370,False,5.979162761073214,1.5744422118629575,1.5873006987530012,8.319629507756858,32
10,T,311,True,6.222149450679459,1.6400217740992102,1.6523700097996712,8.76362546110862,17
10,T,450,False,5.2080123763735955,0.7917277339627768,0.8169994091134203,3.588846429791019,349
10,T,52,False,5.354686320860572,1.1782903579185298,1.1954176664788008,5.823756603505828,192
10,T,788,False,7.562537165661552,0.40835834075161076,0.45542481731593515,6.892222294422117,101
10,T,267,False,5.868479843968608,1.6038812434232832,1.6165055746179353,6.980816588711758,93
10,T,122,False,6.022780725195673,1.572157071931242,1.585034096980018,5.7672709086496265,199
10,T,396,False,5.809324190158297,1.554544300246619,1.567566014940071,4.414616908751087,307
10,T,858,False,5.591841152333812,0.7949145567700705,0.8200880332810631,2.9365417329601287,355
10,T,533,False,6.218968513789256,1.5914517976098537,1.604173947513635,4.495059902776648,303
10,T,384,True,6.284828318241376,1.6394802671990418,1.6518325509266627,8.883884077056024,13
10,T,347,False,6.617488900689294,1.5154086495819903,1.5287637505493632,6.84839252351744,108
10,T,745,False,4.037571093166566,1.2017366937832097,1.2185344931313369,4.769518292811357,268
10,T,739,False,5.796359665753423,1.4414696620028813,1.455503354939639,4.030518391134422,335
10,T,339,False,6.644536792936022,1.3066278727962288,1.3220936531629832,7.816191843558883,43
10,T,188,False,6.158119991273698,1.5637069756195037,1.576653016794418,5.173183405884577,243
10,T,189,False,6.168629102823478,0.7937143215985565,0.8189246937762354,5.471337392710832,222
10,T,87,False,6.097857604992567,0.9528927458252505,0.9739916913466099,4.10228430850084,329
10,T,483,False,5.33547170249242,1.5352349396175777,1.5484190484453593,5.015538510670443,252
10,T,597,False,6.129042888703745,1.6472841520321873,1.6595783522636847,7.540471627474232,55
10,T,699,False,5.776569735677783,1.6121941268941706,1.6247538683006426,5.951790478324665,185
10,T,442,False,4.82409500210404,1.530709412861945,1.543932167030017,2.605157660537128,359
10,T,770,False,6.689065048779772,1.5697614306200105,1.5826579475136204,6.776634084882478,114
10,T,385,True,6.28169781514144,1.6391838564170547,1.6515383570792812,8.760634790653274,18
10,T,332,False,5.773427011318781,1.5864743821412057,1.5992361285801935,5.538405786410089,217
10,T,359,False,6.621422753756653,1.1158998164726275,1.133969854171392,5.745429620419806,202
10,T,590,False,7.662385613405406,1.1821320491879128,1.199204491103606,8.163832284022421,34
10,T,504,False,6.260084774408224,1.1402008913218462,1.1578917489718012,6.076929405687551,169
10,T,375,False,5.295882874602458,1.269406729080665,1.28532045560674,3.8123350837135614,344
10,T,114,True,6.26591533987621,1.640813293787253,1.6531556172468516,8.83521678210158,16
10,T,170,False,6.491385099975586,1.1169219333335159,1.1349756979456973,6.28596136889511,148
10,T,123,False,6.154969052370809,1.547010306449842,1.5600949067373684,4.969915137255756,257
10,T,301,True,5.94800211789092,1.3629185625258737,1.3777526040053194,8.522699648398948,24
10,T,602,False,6.896068583077667,1.213832388727162,1.2304650737379474,4.619276527952188,289
10,T,793,False,7.627680113894821,0.670687848418086,0.7003409311053622,7.931129296513769,39
10,T,718,False,6.1458206563103,1.6036175120440637,1.6162439032213662,4.894172520261365,262
10,T,221,False,6.903562228270831,0.6931423311619382,0.7218736184502453,6.241995048239303,152
10,T,654,False,6.778872768432879,1.5713198754968234,1.5842037056190712,5.225442026754207,236
10,T,111,True,6.240299714648793,1.6432774821362877,1.655601435449372,8.473086982741695,27
10,T,475,False,4.3731430108302245,1.4489281066914146,1.462890251565787,5.222710811500393,237
10,T,484,False,5.400995537076652,1.5405646050291162,1.553703489097698,5.302704410628711,233
10,T,279,False,4.933811136350267,1.5283396634411706,1.5415827440047825,7.099630980855833,87
10,T,277,False,5.440943593720437,0.2590307453436822,0.32825623649695945,6.006151580275793,181
10,T,825,False,7.6009901957301285,0.5373469765065418,0.5739311830930309,6.521415650446807,131
10,T,65,False,6.4144360093154935,1.6179315550169973,1.630447100180059,3.401652475466494,350
10,T,841,False,5.688323245109926,1.4870774961647488,1.500684746829081,6.212784714652649,156
10,T,611,False,5.76299554162618,1.1692283242288013,1.1864864533338486,6.369959221014649,144
10,T,69,False,7.647379902539927,0.25948848953119097,0.32861756794946806,7.5468791498254735,53
10,T,177,False,6.501970915371401,1.5262239340570645,1.5394852148216516,7.144948449721935,81
10,T,736,True,6.395306406878561,1.5659766256088417,1.5789040571608834,10.269030280561665,1
10,T,849,False,5.3620152900237645,1.4955290733305813,1.5090601177364906,5.082023447979706,248
10,T,628,False,3.938548145670168,1.4609155922813426,1.474764251511607,4.038001760792994,334
10,T,669,False,5.563452919218193,1.3356167746917629,1.3507506796607105,4.460840171642448,306
10,T,63,True,6.549570420759028,1.5945491099173699,1.6072467432550985,8.587139099383467,21
10,T,500,False,6.241284592442395,0.5674248685755218,0.6021845325511046,5.570241724930023,214
10,T,1,False,7.945624172410455,0.29040620552262075,0.3535406539167609,8.301021830464173,33
10,T,167,False,7.239402012341481,0.757572998112968,0.7839464760018475,7.45430130867933,62
10,T,76,False,7.634853871967514,0.24531431382003824,0.31754423680936245,7.387264991227789,67
10,T,313,False,5.9878040510937165,1.5846454553300382,1.5974218130675406,5.433759836446348,226
10,T,296,False,5.20969583077906,0.199851214730651,0.28389388474421395,5.192856595242592,242
10,T,490,False,6.347050292803875,1.5636699871352606,1.576616332033076,6.089764249813936,166
10,T,543,True,7.245468124167566,1.2570352893711345,1.2731036676132137,9.7299625094555,4
10,T,779,False,5.866136013880208,1.6155106541746012,1.6280448100459313,4.820209229809003,267
10,T,212,False,4.856435552668542,1.491223259459672,1.5047930220862178,4.161859563201259,325
10,T,672,False,5.227372416540006,1.495374544713705,1.5089069748475434,6.240738112705387,153
10,T,317,False,5.027560111325193,1.1835115651049808,1.200564389986262,3.374854494171296,351
10,T,791,False,5.5828779571338645,1.4351538737462552,1.449248726442334,4.596315772798485,291
10,T,535,False,7.271816692998105,0.3682451533647206,0.4198329700517229,7.4222210887614555,65
10,T,15,False,5.7687690339732205,1.556092881742358,1.5691017450678846,4.0645778633554785,331
10,T,432,False,6.0612665482833,1.5356134951121658,1.5487943814904697,3.905940024629097,339
10,T,137,False,6.845835328967641,1.4946082073349558,1.5081475137395726,5.6969879992897,206
10,T,451,False,5.7405534591126415,1.6293279467037751,1.6417566164556132,4.322038451459194,315
10,T,300,False,6.587316055913597,1.4579128076640973,1.4717897215692382,7.926349971197674,40
10,T,752,False,6.051654466670584,1.5404125423546662,1.5535527124656603,5.752773099522721,200
10,T,195,False,6.049137127079722,1.5524847246641449,1.5655235705927109,5.341433149070235,231
10,T,314,True,6.994111998265915,1.2735653039496868,1.2894277076247052,9.47474975933471,6
10,T,333,False,5.972218619938156,1.5701385155476284,1.583031960439193,6.946781898153643,95
10,T,49,False,5.19586709073686,1.3955173273693635,1.4100084541427316,3.7555679934709714,347
10,T,102,False,6.249290858213944,0.8065223513990141,0.8313444130275003,6.905431564323331,100
10,T,687,False,5.777714953141027,1.5637315506099665,1.5766773900005335,4.7024716824777695,276
10,T,651,False,5.979944196080053,1.557414506505904,1.570412421894603,6.088776435794595,167
10,T,553,False,6.288606920812621,0.7656474757787388,0.7917520362665313,7.054786800667702,89
10,T,534,False,6.23107504230137,1.5904758640174246,1.6032057584065178,4.557371201327902,295
10,T,275,False,5.219182300745615,1.5227011563297184,1.535992851953975,7.487129801161595,58
10,T,675,False,5.934798001932042,1.3736720418414243,1.3883911942614129,5.439158565325929,225
10,T,113,True,6.252865738751024,1.642025855653264,1.654359132836543,8.574127609096282,22
10,T,141,False,6.124384865781461,1.6421946891172776,1.654526707771995,6.851309454368127,107
10,T,609,False,5.495578841526771,1.481549160935143,1.4952067235113244,7.5917792602909095,48
