round,phase,row_index,selected,predicted_mean_pK,latent_sd_pK,observation_sd_pK,acquisition_score,acquisition_rank
1,B,269,False,6.3496928293094115,1.6370072579604338,1.637021123231841,3.9933569762706265,261
1,B,196,False,6.3434602033545175,1.6374981481918212,1.637512009306724,3.9904861063306205,267
1,B,491,False,6.433657636331878,1.625120830544772,1.6251347972284114,4.029396216780144,222
1,B,264,False,6.71524740641046,1.5715943062211457,1.5716087485881545,4.143428077499307,144
1,B,45,False,6.402855246105526,1.4900881553726417,1.4901033877130614,3.9464793169092935,351
1,B,14,False,6.234763706943641,1.6333349901708607,1.6333488866156385,3.9340562967796395,362
1,B,382,False,6.357115913123063,1.6412812054830244,1.6412950346491366,3.9992054738860996,254
1,B,82,False,5.638093682946744,0.4099835245748053,0.410038883174365,3.0240662830605545,595
1,B,132,False,7.271211050619351,1.029218147984591,1.0292402010380919,4.150225625828721,140
1,B,10,False,6.451125921925908,1.6070146087534247,1.6070287327982107,4.029077327362059,223
1,B,577,False,6.20550083758198,1.6335766748061953,1.6335905691950374,3.9195457033885086,390
1,B,862,False,7.930056247937913,0.828910503074002,0.8289378851268023,4.379497066532358,66
1,B,636,False,4.4197149511400085,0.8210804871347681,0.8211081303004913,2.6204115407202497,621
1,B,391,False,6.494209251676913,1.6029984913354562,1.6030126507660036,4.048610951221458,195
1,B,133,False,7.370045630909983,0.8283863467363692,0.8284137461144212,4.099229688512202,171
1,B,250,False,7.170746209344461,0.8339027990273528,0.8339300171583669,4.002338113251414,250
1,B,679,False,6.1940296425184105,1.6353024317477762,1.6353163114738052,3.914672976996108,399
1,B,59,False,6.2346930640248575,1.6190098031225064,1.619023822523584,3.9268584432742206,377
1,B,488,False,7.785588512335211,0.7260277082419073,0.7260589703509603,4.255823741343086,108
1,B,297,False,6.320479518793211,1.6395645049198013,1.6395783485655737,3.9800289336793924,293
1,B,692,False,6.766946475683154,1.6061199756302997,1.6061341075423232,4.186540291612738,128
1,B,7,False,6.148620925619487,1.5638941988557213,1.5639087123315987,3.856264818975543,448
1,B,746,False,6.0345166353518085,1.5813176219304288,1.581331975494016,3.807924305422912,492
1,B,283,False,6.623338738871474,1.5626908716288939,1.5627053962805568,4.093022067576015,172
1,B,27,True,9.277143624596398,0.8564796740374688,0.8565061747187988,5.066824899657599,25
1,B,737,False,6.9648173979544055,1.4917319417683605,1.4917471573239562,4.228282277639181,118
1,B,197,False,6.254602482313926,1.6409052611898447,1.6409190935243008,3.9477607879191132,349
1,B,853,False,6.302383928156776,0.6385092080315675,0.6385447549179306,3.4704643415373533,563
1,B,516,False,5.629694162033642,1.546761998540438,1.5467766727685384,3.58823541740109,551
1,B,538,False,7.163959321659193,1.513829106000145,1.5138440994584939,4.338901710558844,80
1,B,170,False,7.403019689369753,0.6696256504330369,0.6696595455975882,4.03633961748367,213
1,B,716,True,9.170858364482863,1.093045396626559,1.0930661619401691,5.131962263211516,4
1,B,392,False,6.4966325067818325,1.60382020486079,1.60383435703685,4.050233431909342,194
1,B,593,False,6.374963258151394,1.5993108518890946,1.5993250439677114,3.9871441510595527,272
1,B,829,False,6.237765293573293,1.6173325467737143,1.6173465807135,3.9275559371433966,375
1,B,562,False,6.665677670795635,1.598023026200031,1.5980372297157552,4.131857450255695,147
1,B,215,False,6.25857106534423,1.5974537230021035,1.5974679315796552,3.9280194984619428,373
1,B,725,False,6.456117701413302,1.5346845453838065,1.5346993350920568,3.9954085182526797,256
1,B,747,False,6.049020900084529,1.580450762998516,1.580465124434795,3.814743012259662,482
1,B,822,False,6.122495731911775,1.6322440366381172,1.632257942370873,3.877376837141324,429
1,B,819,False,6.612366892838397,0.2998975998155769,0.29997327492169107,3.456170083880044,565
1,B,745,False,6.0583884777818335,1.5764184152132112,1.57643281338452,3.817410645583177,480
1,B,648,False,6.999523175102263,1.4474089005048671,1.4474245819913414,4.223473878546803,119
1,B,22,False,6.313245829230427,1.6455866952987503,1.645600488282731,3.979423158756579,296
1,B,419,False,6.2923059112000495,0.21585841111693382,0.21596353613984876,3.254134723669949,578
1,B,563,False,6.673492419257564,1.5983829411208241,1.5983971414383085,4.135944780347936,146
1,B,38,False,9.039444984587242,0.7651675529046965,0.7651972159582535,4.902321100272747,34
1,B,683,False,6.3177566993996805,1.6398114740270253,1.6398253155878482,3.9787910074937645,298
1,B,77,False,6.389676411404063,1.5832251975853828,1.583239533854993,3.986457972629528,276
1,B,776,False,7.288543934039994,0.7578034336260652,0.757833384925443,4.023188659482718,228
1,B,752,False,6.329841555088213,1.6255529068676806,1.62556686983897,3.9777042124635913,301
1,B,19,False,6.040464868931601,1.584338081805259,1.5843524080047557,3.8124086384681783,484
1,B,547,False,7.9127232721681455,0.8252852355198432,0.8253127378510183,4.369018005009582,71
1,B,166,False,7.368367016162112,0.7621775460573689,0.7622073254739378,4.065287170818025,183
1,B,446,False,6.304443004131487,1.6457027954912173,1.6457165875021458,3.9750797958168165,305
1,B,398,False,7.599792680287553,0.6872021582969214,0.6872351865701054,4.14351393342883,143
1,B,652,False,6.026357846473718,1.6180240098958507,1.618038037838279,3.8221979421559986,478
1,B,2,False,6.292903287538582,1.5518119980278173,1.551826624502617,3.9223649560205995,387
1,B,735,False,6.518918958706903,1.6109657533141424,1.6109798427178108,4.064949400712357,184
1,B,854,False,6.273559547950743,0.40091052184469933,0.4009671330893465,3.3372633405200447,572
1,B,797,False,6.271732455585258,0.5287822614790557,0.528825184108137,3.4002788198466973,569
1,B,408,True,9.325323091770517,0.8378701564525672,0.8378972457085355,5.081610168739527,21
1,B,501,False,6.344280663110438,0.9617119103766937,0.9617355113816326,3.653008087246035,542
1,B,824,False,6.32449426589299,1.6403106924771689,1.6403245298254336,3.982409397859212,285
1,B,300,False,6.324946727206498,1.6396200343256726,1.6396338775026027,3.9822903023545506,287
1,B,849,False,6.382548769375073,1.6069994756014423,1.6070135997792336,3.9947811845771533,259
1,B,165,False,7.391681819141411,0.7701833871137783,0.7702128569935409,4.080947338067476,175
1,B,762,False,7.24883478369097,1.30642711142682,1.3064444851439825,4.2776396344174765,96
1,B,469,False,6.344296112985991,1.372548558521867,1.3725650952842112,3.8584306041351013,441
1,B,806,False,6.528139632510689,1.4711448426389075,1.4711602711177176,3.9996499518142032,253
1,B,738,False,7.012178979608196,1.4770216227091237,1.4770369898016749,4.244607984704936,112
1,B,773,False,5.919989849064424,1.4961575743811935,1.4961727449296478,3.708081296997036,532
1,B,451,False,6.2134253112845865,1.6191153853258262,1.619129403812709,3.9162773575486476,396
1,B,222,False,6.069252789317323,1.6386623286103092,1.6386761798777272,3.853964484597525,453
1,B,309,False,6.1434977453039465,1.6416951430462312,1.641708968725482,3.892603357014714,418
1,B,139,False,6.5881197475724855,1.6154047600812411,1.6154188107686605,4.101769279170573,169
1,B,236,False,6.32818263274627,1.5497230474057098,1.5497376935960938,3.9389601631711817,358
1,B,846,False,5.925874592983303,1.5928756208583248,1.5928898702725478,3.7593822316279253,516
1,B,592,False,6.41580631690173,1.6321445338683065,1.63215844044881,4.02398237867527,226
1,B,355,False,7.806413823832379,0.9748536375647404,0.9748769204188326,4.390645372125606,58
1,B,860,False,7.8018957289890345,1.056800938051459,1.0568224155261583,4.429359072257596,53
1,B,830,False,6.463347985788466,1.6176922667058313,1.6177062975249714,4.040527141656718,206
1,B,255,False,5.74673901558993,1.4965113189221018,1.4965264858845864,3.621632750737258,548
1,B,589,False,6.363786866470089,1.5917066062381182,1.5917208661176017,3.9777538662938454,300
1,B,654,False,6.937882728029282,1.5260609340123492,1.5260758072948881,4.231979267662085,117
1,B,711,True,9.11748391679475,1.1274034044303773,1.1274235369253673,5.1224537268600585,8
1,B,163,False,7.322094625269349,1.00721581948906,1.0072383542742596,4.164666489771804,132
1,B,606,False,6.133064782121592,1.6297738154468662,1.6297877422561309,3.881426262188861,427
1,B,16,False,5.865467337864007,1.514567790596598,1.5145827767424138,3.6900250573032105,536
1,B,700,False,5.391283774000639,1.1954585306132626,1.1954775170232694,3.293380645511954,576
1,B,524,False,6.584178662542224,1.5391290853096844,1.539143832310134,4.061661247426179,187
1,B,434,False,6.216073804988698,1.6041734982324842,1.6041876472917833,3.9101307261402405,402
1,B,781,False,4.248868972896392,0.6521490392735408,0.6521838427295658,2.450526407812979,628
1,B,284,False,6.317797307953252,1.639825059302587,1.6398389007487393,3.978818104350996,297
1,B,581,True,9.289184744825377,0.728620294281684,0.7286514451582652,5.008918094991821,30
1,B,571,False,6.6608584570914795,1.561430474476831,1.5614450108527813,4.111151733972131,160
1,B,527,True,9.25266694134123,0.9440307347506217,0.9440547777782279,5.098360859559729,15
1,B,135,False,7.363839193350183,0.9563901689728521,0.9564139013000705,4.160126547325127,134
1,B,653,False,5.8460372045255955,1.536892141053681,1.5369069095181622,3.691472057021879,535
1,B,834,False,6.525196572572868,1.6040841789917515,1.6040983288388968,4.064647450705882,185
1,B,443,False,8.170332432684074,0.6190976815140382,0.6191343428918784,4.394733387787976,56
1,B,523,False,6.335130603966018,1.6415844526573495,1.6415982792688444,3.9883644416174313,270
1,B,718,False,6.290647931133618,1.6455109996791906,1.6455247932976609,3.9680863622156393,321
1,B,350,False,7.181379255127121,1.5050996877775251,1.5051147681954702,4.343247011661296,79
1,B,187,False,6.889032016281119,1.5066225801824413,1.5066376453572696,4.197834830819194,125
1,B,835,False,6.919372830795072,1.5274732034803873,1.5274880630115368,4.223430446903304,120
1,B,199,False,6.085977480257022,1.596061572296497,1.5960757932672454,3.841026636762134,466
1,B,575,False,6.176416502089984,1.6355737686247687,1.6355876460482113,3.906002074069098,408
1,B,787,False,6.274557950299778,1.6400187673918796,1.6400326072031863,3.957295278751482,338
1,B,684,False,6.271290217289069,1.6423386516804994,1.642352471942555,3.956821344615812,339
1,B,534,False,6.273663593361048,1.6432398152352694,1.6432536279182661,3.9584586106396573,337
1,B,53,False,6.256793784440968,1.5860798391035786,1.5860941495708678,3.921443967005918,389
1,B,670,False,4.71027107075766,0.21092959311366355,0.21103717336809694,2.4606541220628784,627
1,B,285,False,6.0925248421124945,1.6301960781058848,1.630210001307779,3.8613674217101366,438
1,B,231,False,6.3559476587602415,1.627605689925239,1.6276196352861787,3.99178364702321,265
1,B,761,False,6.148903092139084,1.6176814572026978,1.6176954881155923,3.883299290127338,425
1,B,410,True,9.186419528718863,0.9148630197151028,0.9148878292634224,5.050653678991143,27
1,B,277,False,5.638512973926156,1.5967951302121262,1.5968093446499059,3.617661159288031,549
1,B,807,False,6.511988953301775,1.5052902699955182,1.5053053485041767,4.008647150902976,242
1,B,544,False,7.890433498382027,0.8723355165105426,0.8723615355217215,4.381397516951874,65
1,B,357,False,7.52314595738876,1.208381639167389,1.2084004225292897,4.365773189959024,73
1,B,409,True,9.437566952958413,0.6835014964471738,0.6835347035356922,5.060550828247052,26
1,B,777,False,6.205685400352526,1.6446883257675604,1.6447021262855477,3.925193763319037,382
1,B,98,False,5.640713979194284,0.5084464509970537,0.5084910902106347,3.0746025347024593,586
1,B,624,False,7.080984427024462,1.537335188006553,1.537349952214929,4.3091671896196955,92
1,B,449,False,6.334200906355274,1.6443400564457364,1.644353859886633,3.9892773831209536,269
1,B,200,False,6.408197037917423,1.6002098083601437,1.6002239924660886,4.004210515191756,247
1,B,615,False,7.121090953836807,1.4234600993777855,1.423476044692258,4.272283499264533,100
1,B,416,False,7.0552557543971925,1.4393009528541107,1.439316722677414,4.247286238537304,110
1,B,531,True,8.83011606684693,1.2254624832783712,1.2254810048364244,5.0277985358416775,28
1,B,680,False,6.1996588204889775,1.634349936658606,1.634363824473636,3.917011322481307,394
1,B,168,False,7.4163356964139755,0.6479986039253264,0.6480336302857072,4.032184663349842,219
1,B,512,False,6.625763928835074,1.4928478011948707,1.492863005377406,4.059313467106239,189
1,B,727,False,5.45806390385158,0.367631322779132,0.3676930578355198,2.91287848084355,607
1,B,219,False,6.056148575098041,1.6382857270409483,1.6382995814924048,3.8472240782952225,456
1,B,232,False,5.866058254898105,1.5775500202529993,1.5775644080963347,3.7218113314972197,526
1,B,267,False,6.313071659978598,1.6401082457007181,1.6401220847569817,3.97659687236779,303
1,B,272,False,5.973178391397579,1.620842887457717,1.6208568910037584,3.797017641200669,500
1,B,734,False,6.148735298435321,1.5120699214104658,1.5120849323124521,3.8304101153738865,474
1,B,742,False,6.032152470693919,1.5795116950368073,1.5795260650113214,3.8058392678526203,495
1,B,246,False,6.223733659652192,1.6272333486467752,1.6272472971986456,3.9254904784254188,380
1,B,810,False,6.529855130047626,1.482352241667746,1.4823675534999718,4.006111341773799,245
1,B,639,False,6.291265155601141,1.6396674264638886,1.639681269240706,3.9654732124209233,327
1,B,378,True,9.199675851610108,1.027487588197612,1.027509678393467,5.113592765001787,10
1,B,559,False,6.500886547876881,1.0594169599235177,1.0594383843648902,3.7801624661208857,505
1,B,223,False,6.074399668531816,1.6386939106858878,1.6387077616863566,3.8565537151090865,446
1,B,270,False,6.808721962585107,1.4488917007370097,1.4489073661751757,4.128814664380141,148
1,B,63,False,6.590027979011145,1.6293569717626715,1.6293709021348466,4.109699440572996,163
1,B,642,False,5.400829196441771,1.547329789593734,1.5473444584371927,3.474086827439482,561
1,B,47,False,5.459597932762142,0.2911705831775401,0.2912485258332638,2.8754232292977027,611
1,B,249,False,7.377306735713239,0.400962470911881,0.40101907482295845,3.8891629052680985,419
1,B,582,False,7.561636255392299,1.1352480269765322,1.1352680203573997,4.348452137874849,77
1,B,552,False,6.25956199717735,1.5870366415560875,1.5870509433958715,3.9233064702866107,385
1,B,340,False,6.446015449662969,1.5962326607943318,1.596246880240852,4.02113116495191,232
1,B,498,False,6.216690657220332,1.0715456369748013,1.0715668189207024,3.6441287380705174,544
1,B,107,False,6.616943009694399,1.6019863303180182,1.602000498694645,4.109471754194522,164
1,B,550,False,6.251059654512901,1.5814896436250763,1.5815039956274126,3.9162818250701568,395
1,B,515,False,6.59924745943702,1.4904058239539248,1.490421053047721,4.04483425624237,199
1,B,124,False,6.181752201629915,1.530197107347077,1.530211940427032,3.8559820710284733,449
1,B,308,False,7.712448544150785,0.9441120241969326,0.9441360651544513,4.328292304652618,84
1,B,588,False,7.652776395313932,0.8711217230399582,0.8711477783041212,4.261962086809026,103
1,B,260,False,6.054945525995648,1.6217596078552168,1.6217736034856427,3.8383595647406454,467
1,B,122,False,6.961126626571584,1.1338938408362893,1.1339138580944201,4.047520242333002,196
1,B,42,False,7.027419538297325,1.4472359342058436,1.447251617566469,4.237335577931897,114
1,B,480,False,6.523429099791977,1.5504618621964827,1.5504765014078368,4.036952800599907,210
1,B,103,False,5.760143822991144,0.6083190047485946,0.6083563156822005,3.184250069336672,584
1,B,140,False,9.114314467798238,0.6249108866035552,0.6249472069605096,4.869630837379374,38
1,B,247,False,6.595557410909994,1.6041912653730752,1.6042054142756683,4.099881412592831,170
1,B,521,False,4.875681736223627,1.1328963528077896,1.1329163876903239,3.0042990619569756,600
1,B,142,False,7.0248883228206225,1.3836275102785056,1.3836439146296262,4.2042661187251245,123
1,B,220,False,6.056148575098041,1.6382857270409483,1.6382995814924048,3.8472240782952225,457
1,B,336,False,6.044852315266705,1.6216643576338228,1.6216783540862902,3.8332653346764975,471
1,B,192,False,4.710558275128831,0.1667244849201619,0.1668605680320963,2.4387094215804637,629
1,B,83,False,5.755970701947504,0.5212920660639162,0.521335605376505,3.1386531536620046,585
1,B,164,False,7.31551223106009,0.7023461468791635,0.7023784630298028,4.008945347044946,241
1,B,116,False,6.255402552524505,1.6430293413185486,1.6430431557709506,3.949222854147728,345
1,B,513,False,6.57025292890001,1.4953912788188413,1.4954064571411847,4.032829693020598,217
1,B,115,False,6.155150143235207,1.5960931943772292,1.5961074150662318,3.8756287791507193,430
1,B,551,False,6.274917170937442,1.5820836771651436,1.5820980237787046,3.9285075973580734,371
1,B,526,False,8.805642446654815,1.2105542975787456,1.2105730472294807,5.008107746942148,31
1,B,743,False,6.042231477605531,1.5798282544314535,1.5798426215265982,3.811037049566065,489
1,B,131,False,6.424423764997394,1.6111030907744128,1.6111171789770495,4.017770471987222,235
1,B,30,True,9.329394177587659,0.9382504198806584,0.9382746110272474,5.133834394307454,3
1,B,203,False,6.548502334721452,0.9340951316904573,0.9341194304476882,3.7413108825845702,521
1,B,386,False,7.120837465121311,1.522816867059203,1.5228317720260853,4.321834618573698,87
1,B,741,False,5.944564860825225,1.5941817045322146,1.5941959422722596,3.769380401548742,510
1,B,314,False,6.466754113024138,1.6126428113974605,1.6126568861490673,4.039705499586603,207
1,B,159,False,6.19615308695451,1.63573615445117,1.635750030496959,3.9159515587257347,398
1,B,651,False,6.3300197240770215,1.6134475091631073,1.613461576895073,3.9717406504860473,316
1,B,377,True,8.926898326389344,1.227362035067332,1.2273805279605519,5.077139427174948,22
1,B,335,False,6.306312677349229,1.5583239576891705,1.5583385230430968,3.932325600196163,365
1,B,374,False,6.164262831657939,1.570644801118549,1.570659252216351,3.867461041937145,435
1,B,279,False,5.954933229620183,1.5923836930449715,1.5923979468611615,3.7736655882406724,507
1,B,385,False,8.513403532100323,0.234914352224388,0.2350109533045308,4.374207242702427,69
1,B,218,False,6.097448529796075,1.6389042938297427,1.6389181430521989,3.868183336424137,434
1,B,401,False,7.254296011919034,1.5443711230501007,1.5443858199954859,4.39934091595726,55
1,B,454,False,6.346358001966729,1.6126891522221782,1.6127032265693488,3.979530614268039,295
1,B,486,False,6.389737889338133,1.5841894658448012,1.584203793388255,3.986970841363194,275
1,B,407,False,6.162758442210236,1.6034417321213994,1.6034558876378775,3.8831071649240565,426
1,B,463,False,6.177416472541286,1.6403035264236834,1.6403173638323993,3.9088669181868427,403
1,B,62,False,6.531127630304807,1.557853536129848,1.5578681058820005,4.044497868093404,200
1,B,816,False,6.302784635692981,1.645703399030449,1.6457171910363195,3.97425091336465,309
1,B,832,False,6.129281362868831,1.4659105303300128,1.4659260138985595,3.797603688383695,499
1,B,360,False,6.506596907960062,1.4792991700354814,1.479314513468912,3.992955710714487,262
1,B,239,False,4.732193288615536,0.3278378730628754,0.3279071001160093,2.5300501943657725,624
1,B,566,False,6.313037191125748,1.6424703802124527,1.6424841993661123,3.97776069524593,299
1,B,234,False,6.152578007540116,1.5642279677845097,1.5642424781635862,3.858410242851851,442
1,B,793,False,6.2534899994163595,0.7183049028441428,0.7183365010508891,3.485913250233624,559
1,B,586,False,6.185076735558813,1.5479676678315433,1.5479823306304008,3.866529533094607,436
1,B,259,False,6.064966441817992,1.5914455225693216,1.5914597847881804,3.8282131133030863,476
1,B,216,False,6.0545329944481825,1.6379213646715463,1.6379352222049566,3.8462341083265694,458
1,B,447,False,6.3751743722289325,1.6010069887447143,1.60102116578811,3.988097769008521,271
1,B,354,False,7.848960164071375,0.8896572775158258,0.8896827899476147,4.369321477009495,70
1,B,775,False,7.292324204885757,0.7086211002631735,0.7086531302621129,4.000488667573935,252
1,B,613,False,6.613432359252525,1.6333741383862013,1.6333880344979161,4.123410196875221,153
1,B,281,False,6.280691851773883,1.6423453260479624,1.642359146253854,3.9615254990138684,333
1,B,356,False,7.874274918874589,0.8885205519016667,0.888546096971757,4.381410507923173,64
1,B,319,False,4.754761354764985,0.48828821425877905,0.48833469616250685,2.621548025463746,620
1,B,324,False,4.040005842106107,0.36298321924590304,0.36304574470198636,2.2015257934040466,631
1,B,167,False,7.41727938470238,0.6372767011588385,0.6373123167898076,4.027295850746094,224
1,B,369,False,7.145245319681239,0.6449828310209117,0.6450180211465805,3.89513167041391,415
1,B,387,False,7.122826417167665,1.5194244747136623,1.5194394129582756,4.32113291506297,89
1,B,494,False,6.2738790105942055,1.5876981451901369,1.5877124410712102,3.930795725832708,368
1,B,529,True,9.094926907347359,1.1345614162167756,1.1345814216969694,5.114754164522164,9
1,B,221,False,6.070529923481186,1.6386681639673424,1.638682015185436,3.8546059693333112,452
1,B,719,True,9.220755343937892,0.99092868540577,0.9909515905694424,5.1058534672536675,13
1,B,299,False,6.32368569046043,1.6394701973841637,1.6394840418262597,3.9815848661433453,291
1,B,706,True,9.128134920850423,1.0982273667583629,1.0982480340929859,5.113191477471704,11
1,B,576,False,6.17822093597093,1.633255927210528,1.633269824328002,3.9057453801494657,409
1,B,801,False,6.199214670986682,0.47675312644175644,0.4768007328686586,3.3380077019276704,571
1,B,162,False,7.290094352684259,1.0032314257843382,1.003254050065773,4.146674201375016,141
1,B,341,False,6.460490300291958,1.589447714761665,1.5894619949068238,4.024976147599391,225
1,B,353,False,7.8361528625155135,0.8935539842793377,0.8935793854569272,4.3648661239862205,74
1,B,373,False,6.636459925523216,1.617232920279336,1.6172469550836477,4.126853440303432,151
1,B,136,False,7.352830992768722,0.9343333607932004,0.9343576533550829,4.143594323061903,142
1,B,638,False,6.288011026448345,1.6399395262176049,1.6399533666976396,3.9639821965729922,329
1,B,714,True,9.184825155753405,1.0843035386499544,1.0843244713741886,5.1345748135637965,2
1,B,237,False,6.43042154503966,1.5021476423577125,1.5021627524116468,3.9662921487256533,325
1,B,453,False,6.3372355345330735,1.6265101414236596,1.6265240961775247,3.981879815355299,289
1,B,442,False,5.761160980813138,1.564763425671944,1.5647779310856536,3.6629694559493955,540
1,B,473,False,4.765391809391166,0.5605928415061509,0.5606333286917938,2.66301256904148,617
1,B,565,False,6.225665854731349,1.636202875361664,1.6362167474493952,3.930941301090372,367
1,B,154,False,6.3300431862354225,1.6103719597355466,1.6103860543343653,3.970214620284894,317
1,B,800,False,6.246138753955062,0.40829094325329507,0.40834653131227394,3.327242642633668,574
1,B,794,False,6.208863061305441,0.6930690211363554,0.6931017698368735,3.4509824155711573,567
1,B,331,False,6.351411345813698,1.6213855173699665,1.6213995162294745,3.9864054310215864,278
1,B,21,False,6.318824392651329,1.5995615037066913,1.5995756935614245,3.9592000431063763,336
1,B,780,False,6.350461757845621,1.619316520938581,1.61933053768424,3.9848961477649305,280
1,B,792,False,6.2563869409455934,0.7239838963824324,0.724015246740833,3.490201093843213,558
1,B,15,False,6.151505785955234,1.5619798224543306,1.561994353717888,3.856750069836561,445
1,B,567,False,7.591125279091024,0.6402452740273721,0.640280724531424,4.115703001811224,159
1,B,186,False,5.349405064362783,0.6221607119353749,0.6221971928320098,2.985801128597396,602
1,B,327,False,6.47433555973558,1.599544331985206,1.5995585219922714,4.036947040863925,211
1,B,758,False,6.484687505745259,1.5222276583603749,1.5222425690964665,4.003465037420863,248
1,B,458,False,5.910962204727545,1.5521875681991864,1.5522021911349706,3.7315821979312576,523
1,B,549,False,6.246437708237334,1.560707261222391,1.5607218043342626,3.903579756285798,410
1,B,707,True,9.36247358883439,0.8198938375319564,0.8199215207048652,5.091197554769628,18
1,B,258,False,6.08031699341464,1.5905036618916781,1.5905179325562282,3.835417462985434,468
1,B,134,False,7.3791546486062085,0.795865400889199,0.7958939198314221,4.087524284218816,173
1,B,678,False,6.140610509948895,1.6335151522153166,1.6335290471274544,3.8870697785381747,423
1,B,723,False,6.594954086084153,1.5627514116459367,1.562765935734929,4.0788600109095405,176
1,B,205,False,6.555085385608174,0.775528605316416,0.7755578720870068,3.6653216288475905,539
1,B,304,False,6.0849886117963825,1.617355224955992,1.6173692586989985,3.8511789352476904,454
1,B,698,False,6.226142821707589,1.6449596500478882,1.6449734482895981,3.935558134998594,360
1,B,546,False,7.862717800740106,0.9123956555400315,0.912420532178241,4.387569166459174,60
1,B,635,False,6.4375449263783615,1.6385234207888215,1.6385372732304877,4.038041099804425,209
1,B,759,False,6.503862629203562,1.5156857818052256,1.5157007568971583,4.0097816930503605,240
1,B,57,False,6.285687082953823,1.6401084861471442,1.6401223252013788,3.9629047040776006,332
1,B,208,False,6.4628526940609,1.6101923121110933,1.6102064082824192,4.036529551171659,212
1,B,388,False,7.120837465121311,1.522816867059203,1.5228317720260853,4.321834618573698,88
1,B,206,False,6.5224744054354,1.0839497799335454,1.0839707194892683,3.803222562462334,496
1,B,770,False,6.431127505394169,1.5728125168714688,1.5728269480523485,4.001977226723259,251
1,B,585,False,6.413405486233581,1.560737005536436,1.5607515483711498,3.9870785173023657,274
1,B,509,False,6.788550705046446,1.4493640836917434,1.449379744024218,4.118965224535332,156
1,B,455,False,6.377519898538218,1.6114038602879004,1.6114179458609885,3.9944689221996033,260
1,B,643,False,5.391634274908973,1.539264008714602,1.5392787544224231,3.465456514665698,564
1,B,708,True,9.147379407735688,1.0998174985387952,1.0998381359928529,5.12360877186427,7
1,B,55,False,6.420434314469183,1.5606683205840983,1.5606828640588357,3.9905585892640096,266
1,B,657,False,6.019251999389293,1.5104596176840646,1.5104746445890416,3.764863321989167,514
1,B,348,False,6.980428442300286,1.5729276445097495,1.5729420746343743,4.27668525846733,97
1,B,35,True,9.422773238502245,0.7231909592566523,0.7232223439874197,5.072997791244832,23
1,B,366,False,6.2365404592999765,0.7494794298887318,0.7495097138252705,3.4930250865626236,556
1,B,757,False,6.208964324793674,1.642523522925331,1.6425373416318854,3.9257508332127795,379
1,B,441,False,6.193039082730617,1.6446661715603477,1.644679972264231,3.918859527497424,391
1,B,464,False,7.190973320048708,1.5665976765301375,1.5666121649603406,4.378792742504524,67
1,B,65,False,6.58603813633619,1.6271681884177744,1.6271821375282125,4.1066101369322014,165
1,B,754,False,6.339259062662842,1.6246833881472362,1.6246973585913418,3.981978210627092,288
1,B,6,False,5.631352459424321,0.5020869094108371,0.5021321139837869,3.066742286704054,587
1,B,156,False,6.091714804815079,1.5968072829202231,1.596821497249823,3.844268151032451,459
1,B,836,False,6.079874131697032,1.5818101901946477,1.5818245392886432,3.8308493354928377,473
1,B,105,False,5.7143899823045,0.6776204026750519,0.6776538979549959,3.196021940129748,583
1,B,243,False,6.25185163373537,1.640813741052112,1.6408275741580918,3.946339603946731,352
1,B,111,False,8.088466565639518,1.035778477000886,1.0358003903795243,4.562133478009521,46
1,B,472,False,5.4996759984181045,0.5187550579729457,0.5187988101996909,3.0092374043088976,599
1,B,570,False,6.672485946459381,1.5594511582936212,1.5594657131195344,4.115975829789457,158
1,B,70,False,5.348545323868091,0.34062145869235105,0.3406880881595445,2.844616706013818,612
1,B,394,False,6.287134107626087,1.6007974104425124,1.600811589341967,3.9439728484840266,354
1,B,838,False,6.3316701167993825,0.68496479197823,0.6849979281296261,3.5083340224645045,555
1,B,828,False,6.255463935651006,1.6198270095491918,1.6198410218775106,3.9376524787642584,359
1,B,731,False,8.89136473583827,0.8371966826896384,0.8372237937365588,4.864294264787414,39
1,B,495,False,6.283478539094973,1.3223160693953353,1.3223332343525325,3.8029058867237526,497
1,B,364,False,6.28762349169605,1.580426141736887,1.580440503396899,3.9340319975464744,363
1,B,240,False,4.7092647950297195,0.16147531694389508,0.16161581999987473,2.435440307514797,630
1,B,522,False,5.975295575162947,1.5548969579563765,1.5549115554121058,3.765103565287526,513
1,B,276,False,5.681524300458155,1.591311336929565,1.5913256003510596,3.6364249504046073,546
1,B,702,False,5.058819910481892,0.7386065530567544,0.7386372827785507,2.8987285966302214,608
1,B,282,False,6.324683739150968,1.62513782294831,1.6251517894859153,3.974917764318442,306
1,B,766,False,6.706867094465896,1.5941806915385996,1.5941949292876918,4.150531011876794,139
1,B,362,False,5.841706348828771,1.537697638664204,1.5377123993925423,3.6897093741106564,537
1,B,841,False,6.321642137714067,1.6111059580370262,1.6111200462145905,3.9663810919643288,324
1,B,245,False,6.597793068489603,1.610902473194054,1.6109165631511835,4.104354815820393,168
1,B,771,False,6.2501375614771915,1.6374158814865638,1.6374297432978677,3.9437836523875296,355
1,B,848,False,6.330717536256635,1.6072873760526045,1.6073014977004678,3.9690095169785513,318
1,B,244,False,6.060314197181438,1.5657289947571091,1.565743491225561,3.8130288442034996,483
1,B,418,False,7.575328869975694,0.8932004192517752,0.893225830483897,4.234277350229796,116
1,B,217,False,6.048646247274323,1.6376609551219645,1.6376748148588858,3.8431605310666046,461
1,B,18,False,6.040464868931601,1.584338081805259,1.5843524080047557,3.8124086384681783,485
1,B,564,False,6.76842100233906,1.5749166991441963,1.5749311110443376,4.171676056691698,131
1,B,126,False,6.3228410328359255,1.626026184603627,1.6260401435108327,3.974440588173379,307
1,B,554,False,8.734503493329404,0.6932147237984655,0.693247465616055,4.71387547947273,44
1,B,460,False,5.881476602670504,1.540232450072273,1.5402471865086258,3.7108618945895646,529
1,B,525,False,8.24332176549727,1.4150166085121871,1.4150326489722536,4.829177207234762,42
1,B,322,False,7.111791889351276,1.4169940631284204,1.417010081203832,4.264400985277554,101
1,B,291,False,6.323814154288233,1.6438321216179101,1.643845929323956,3.983830041806095,282
1,B,847,False,6.301171487828254,1.4603239157225538,1.4603394585244052,3.88075547317633,428
1,B,724,False,6.544904291952212,1.56554254234286,1.5655570405377908,4.055230666245001,191
1,B,330,False,7.033577591264131,1.5885497871356327,1.5885640753525696,4.31107083330835,91
1,B,169,False,7.407758825181954,0.6579889328269247,0.6580234274057543,4.032891126293854,216
1,B,288,False,6.240876814923766,1.6155108616390355,1.6155249114036587,3.9282008631637124,372
1,B,755,False,6.429038231444828,1.5868241089668804,1.5868384127221757,4.007938322083502,244
1,B,471,False,6.260651779236,1.1521984153515386,1.152218114607949,3.706434946921975,533
1,B,346,False,7.07787856648823,1.5680219687113692,1.5680364439813184,4.322957505234774,86
1,B,25,False,6.128346834515071,1.5889831296677501,1.588997413988084,3.8586721242515774,440
1,B,474,False,5.998344549710543,1.6350445652540817,1.635058447169094,3.8167014984398184,481
1,B,626,False,6.302909101022817,1.6455350532105455,1.6455488466273898,3.9742289738251033,310
1,B,44,False,6.287115400276799,1.641380199569348,1.6413940279014096,3.9642547140891047,328
1,B,143,False,7.0570477778021905,1.3700670328753242,1.3700835995894174,4.2135656886958035,121
1,B,36,False,9.062061828318058,0.751210269132321,0.7512404832954324,4.906651155806745,33
1,B,152,False,6.7787100412780275,1.5027471261217131,1.502762230147926,4.140736135712976,145
1,B,833,False,6.255037653625783,1.5791512292181131,1.5791656024727674,3.917101628049275,393
1,B,195,False,6.350328653274112,1.634156747097919,1.6341706365547486,3.9922496449144305,264
1,B,11,False,6.493026670877448,1.6079411599856173,1.6079552758917124,4.05049097338458,193
1,B,427,False,6.986638830029816,1.5699494253234856,1.569963882822036,4.278301356425926,95
1,B,545,False,7.908191473399991,0.8568858225469851,0.8569123106678558,4.3825518920339235,62
1,B,802,False,6.207840317334285,0.4544223408522495,0.45447228645731363,3.3311563018957995,573
1,B,444,False,8.285119244579793,0.4964307972092991,0.4964765167759305,4.390797880677861,57
1,B,406,False,7.091572886356845,1.5691065510504716,1.56912101631506,4.330346951335953,82
1,B,50,False,4.751017673493151,0.5495247070884578,0.5495660096774144,2.6502918415852825,619
1,B,647,False,6.041606692276358,1.5808169168962942,1.5808312750061613,3.8112189836412593,488
1,B,478,False,6.5267128672702235,1.4367045933798075,1.4367203917014397,3.9817166294858315,290
1,B,393,False,6.190616329214,1.6241411884482486,1.6241551635561764,3.9073857463850885,405
1,B,49,False,4.717131359479619,0.4861421057268951,0.48618879280859634,2.6016600761441073,622
1,B,151,False,6.711711528800599,1.5328716805411402,1.5328864877404065,4.122299008270502,154
1,B,837,False,6.291702109885587,1.6298327694577173,1.629846695763228,3.9607744028244074,334
1,B,420,False,6.091351456237217,1.52422280354939,1.52423769476813,3.8077945755026734,493
1,B,709,True,8.959006533152138,1.1860094307196165,1.1860285683945262,5.072517550773332,24
1,B,29,True,9.195027742680097,1.0163584153954757,1.016380747474736,5.105704245077416,14
1,B,404,False,7.0758967723019515,1.5730758879186042,1.5730903166833765,4.324493544492664,85
1,B,591,False,6.41666974223318,1.6273495471097013,1.6273634946656048,4.022016618449393,231
1,B,4,False,6.160843963950332,1.6432069168833916,1.6432207298429269,3.9020323468966294,411
1,B,506,False,7.071784985515561,1.0683437066973964,1.0683649521263945,4.070074968820977,181
1,B,641,False,6.296648545613676,1.6408217342150375,1.6408355672536306,3.9687420564336535,319
1,B,37,False,9.014502429699291,0.7828902137499685,0.7829192053319243,4.8987108175156076,35
1,B,772,False,6.11377719122308,1.5362247458902656,1.5362395207706745,3.8250083559968773,477
1,B,271,False,6.794318310993851,1.4616870846847487,1.4617026129915416,4.128010461992696,149
1,B,689,False,6.8561293322130155,1.6142235225006982,1.6142375834698752,4.235183457841446,115
1,B,640,False,6.288011026448345,1.6399395262176049,1.6399533666976396,3.9639821965729922,330
1,B,696,False,6.2954529141848115,1.5905220158066962,1.5905362863065706,3.942994600245691,356
1,B,17,False,5.791273841124682,1.503347564373141,1.5033626623668543,3.6473182517457685,543
1,B,656,False,6.035760363206803,1.5127799732693217,1.5127949771257274,3.7742776701662653,506
1,B,499,False,6.272731983652933,1.1520369710625955,1.1520566730795756,3.712394328366254,528
1,B,295,False,6.523539940203831,1.569828642912567,1.569843101523465,4.046691520863648,197
1,B,729,False,6.406880078686063,1.5979752124103042,1.5979894163510149,4.002434747518539,249
1,B,605,False,6.25260554499577,1.6441739573756529,1.644187762211,3.948396653603385,348
1,B,372,False,6.624933787604789,1.616285349766202,1.6162993927985478,4.120616590201668,155
1,B,380,False,6.335323982556779,1.5684938900997751,1.5685083610145105,3.9519161717856446,342
1,B,257,False,6.079490793599858,1.5902018445716686,1.5902161179447396,3.834853455772299,470
1,B,160,False,6.916415848040184,1.2183465176055794,1.2183651473403787,4.0673904976902815,182
1,B,23,False,6.1714342839325775,1.5136019062239212,1.5136169019328467,3.842525592932712,462
1,B,614,False,7.0077805376989355,1.5019484570340598,1.5019635690918383,4.2548720533953865,109
1,B,528,True,9.05788272165626,1.1584829707291393,1.1585025631225476,5.108192642389404,12
1,B,560,False,7.215914247037743,0.27616047158192514,0.2762426494161461,3.7460784482269447,517
1,B,248,False,7.377306735713239,0.400962470911881,0.40101907482295845,3.8891629052680985,420
1,B,337,False,6.0649944464352785,1.6197327819631475,1.6197467951066233,3.842370620770951,463
1,B,744,False,6.040966658272009,1.576826611502452,1.5768410059465112,3.8089038321092605,491
1,B,148,False,7.265296285025193,1.547654529249312,1.547669195014881,4.406482740020037,54
1,B,12,False,5.969402942516,1.6276554094676383,1.6276693544025966,3.7985361484592985,498
1,B,622,False,6.418914937964981,1.5315683799457764,1.531583199745228,3.9752490688551045,304
1,B,713,True,9.021216428353206,1.1742868351640958,1.174306163882234,5.09776129611772,16
1,B,715,True,9.377042188344106,0.9100100145891697,0.9100349564410597,5.143538572392583,1
1,B,817,False,6.302020011175122,1.6457029864507777,1.645716778460106,3.9738683948176137,314
1,B,72,False,6.21993267800562,1.6442661372365288,1.644279941297964,3.932106309651792,366
1,B,73,False,6.213561881238763,1.6356097709510784,1.6356236480690598,3.9245927646539114,383
1,B,426,False,6.460437857601129,1.5724860946882337,1.572500528864761,4.016469193232945,236
1,B,110,False,9.256746848118276,0.38065796399243623,0.3807175867266541,4.818732217422465,43
1,B,214,False,6.255257826858258,1.5996967669983346,1.599710955653247,3.9274843912557524,376
1,B,604,False,8.400566219476822,0.6295153747128286,0.6295514294256932,4.515058824451257,49
1,B,1,False,5.858709037740023,1.5714697970670943,1.571484240578376,3.7150966391591993,527
1,B,363,False,6.324752880016137,1.6408940211830463,1.640907853612252,3.9828303668141944,283
1,B,88,False,5.629193867766195,0.44034214479216965,0.4403936872529722,3.0347937775095835,594
1,B,555,False,7.995602425433405,0.9363095886680203,0.9363338299579792,4.465968127695692,50
1,B,750,False,6.044451663407329,1.576921005667143,1.5769353992495616,3.810693531328445,490
1,B,91,False,5.6805136259373725,0.4196526598219843,0.4197067430811264,3.0501101845092493,590
1,B,482,False,6.211333520047345,1.612564470924495,1.6125785463598656,3.9119560332036056,400
1,B,86,False,5.625307653132185,0.3433800728384366,0.3434461671275872,2.9843769101298863,603
1,B,533,False,6.275837424487179,1.643341956034422,1.643355767858908,3.9595965961730433,335
1,B,74,False,6.216192127150573,1.6344999779418998,1.6345138644820887,3.925352995816331,381
1,B,179,False,6.258807579091982,1.6395084888018703,1.6395223329206263,3.9491649560063045,346
1,B,184,False,5.950071247815729,1.576821340411974,1.576835734904151,3.76345349135994,515
1,B,815,False,5.999398186464289,1.5912919628200304,1.5913062264151818,3.7953522064397354,501
1,B,795,False,6.227920699015197,0.7188972875997248,0.718928859770104,3.4734247793926505,562
1,B,365,False,6.237097163062129,0.7138896991259881,0.7139214927499342,3.4755093279060314,560
1,B,150,False,6.3767642874491175,1.631757650652595,1.6317715605302652,4.0042679239896914,246
1,B,13,False,6.072439681132266,1.4695851972457885,1.4696006420984047,3.7710201616153354,508
1,B,558,False,6.506833766690645,1.0703674965650256,1.0703887018251736,3.788611234257909,503
1,B,266,False,6.634010058512297,1.5761871789022714,1.5762015791858608,4.105105818849079,166
1,B,503,False,5.47165131450045,0.503124191184135,0.503169302568023,2.9874103085342365,601
1,B,212,False,5.939039850076321,1.6019098679273363,1.6019240369802423,3.7704819435282815,509
1,B,619,False,4.474723585081814,1.4519289989515176,1.4519446316194211,2.9633341083506175,605
1,B,823,False,6.100684781679557,1.6321535955865578,1.6321675020898527,3.8664261418847046,437
1,B,856,False,6.340611900912633,1.6037525660175738,1.6037667187905018,3.9721893098515677,315
1,B,490,False,6.13932536869136,1.6292668779052852,1.629280809047764,3.8843030888695615,424
1,B,483,False,6.222369446561911,1.612882483201242,1.612896555861381,3.917633001211646,392
1,B,66,False,6.264607837544488,1.5825878356936138,1.5826021777368742,3.923605007640681,384
1,B,484,False,6.241279526614733,1.6160865630575663,1.6161006078172602,3.9286900672159963,370
1,B,661,False,6.30251814772596,1.645703183524864,1.6457169755325407,3.9741175616292503,312
1,B,316,False,4.826655953771568,0.48907566353970383,0.4891220706111125,2.6578890121913403,618
1,B,68,False,5.944202730069988,1.5177583771671965,1.5177733318098925,3.7309880309399404,525
1,B,467,False,6.320810217129208,1.2679002263076191,1.2679181279416318,3.7943641725354196,502
1,B,289,False,6.260070989792684,1.6200268617436204,1.6200408723433442,3.940055931068014,357
1,B,535,False,7.184655038410756,0.7153789992925617,0.7154107267304058,3.950032882570581,344
1,B,60,False,6.1370991823539764,1.5792790276078683,1.5792933996994207,3.8581962910266987,443
1,B,428,False,6.338849869768028,1.5666925088034298,1.566706996356653,3.9527784330623406,341
1,B,851,False,5.909696363357191,1.5638551625580526,1.5638696763962059,3.7367830198766985,522
1,B,339,False,6.44936608420792,1.595926213537988,1.5959404357148796,4.0226532599614,230
1,B,579,False,8.999105791460545,0.795618061104128,0.7956465889119317,4.897376190186239,36
1,B,402,False,7.230921407748477,1.5344558538541082,1.5344706457665591,4.382696026757518,61
1,B,321,False,7.092208340768137,1.428549760838246,1.4285656493431131,4.260386995055625,104
1,B,519,False,4.451571664876489,0.4997792702006876,0.49982468347854975,2.4756981741775195,626
1,B,20,False,6.325756324781686,1.6388912660643746,1.6389051153969194,3.982330720089303,286
1,B,128,False,8.498467344614916,0.4323837330559363,0.43243622408800086,4.465451784351458,51
1,B,349,False,7.136137535254244,1.5221743156684282,1.5221892269270427,4.329163381090644,83
1,B,630,False,5.9385511061458125,1.594413732460089,1.5944279681281976,3.766489537137005,512
1,B,675,False,6.24176748225978,1.5596317290185087,1.5596462821593118,3.900706882209546,412
1,B,94,False,5.77321215649355,0.30550637110001655,0.30558065723275346,3.0393964068631516,593
1,B,101,False,5.6962129266221595,0.4217566470691517,0.42181046056151045,3.059011693591835,589
1,B,201,False,7.115110982120242,1.253044196364581,1.25306231023643,4.1840866461783355,129
1,B,686,False,6.014216688006324,1.6082670899690152,1.6082812030144185,3.8112489455103713,487
1,B,178,False,6.719082246884764,1.5897986652508014,1.5898129422436245,4.1544475945641945,136
1,B,658,False,6.252882862389455,1.5339815922501285,1.533996388735756,3.893439625562605,416
1,B,440,False,6.533338837340672,1.5587567061529668,1.5587712674632372,4.046055052401955,198
1,B,608,False,6.87278894466277,1.5341183256991462,1.5341331208659996,4.203461032764385,124
1,B,662,False,6.303078017365865,1.6457036656985422,1.6457174577021778,3.9743977375340216,308
1,B,785,False,6.6644010171589345,1.5870800554231932,1.5870943568717601,4.125747687015347,152
1,B,396,False,6.136336977167172,1.6048217353497434,1.6048358786938501,3.870586427930511,432
1,B,610,False,6.7486943396829,1.563767930181593,1.5637824448293707,4.156238392256135,135
1,B,376,True,9.415484477627484,0.8318715182569267,0.8318988028475488,5.123691640237516,6
1,B,644,False,5.19115416041119,1.543768153626336,1.543782856312042,3.367468508361616,570
1,B,405,False,7.089673939832735,1.5724407287316329,1.572455163324592,4.331064551578663,81
1,B,600,False,6.176197093644055,1.639706788904513,1.6397206313490262,3.9079588624965407,404
1,B,323,False,4.8358545820976,0.7132373510689791,0.7132691737710208,2.7745618779343104,614
1,B,763,False,7.291860815433001,1.2558592491920892,1.2558773224616402,4.27386906894732,99
1,B,634,False,6.217641223153575,1.6379298048626711,1.6379436623246748,3.927792442739125,374
1,B,812,False,6.308250153144673,1.6266069902080311,1.6266209441310322,3.9674355486378525,322
1,B,229,False,6.343115624566112,1.6288919737381955,1.6289059080870247,3.9860107663265683,279
1,B,760,False,6.53715552040904,1.502453471251789,1.5024685782300575,4.019812049319548,234
1,B,332,False,6.349748237331423,1.6199670656242389,1.6199810767411167,3.98486465703627,281
1,B,796,False,6.265385781848591,0.5696443441282749,0.5696841880282734,3.4175349849384324,568
1,B,130,False,6.411293677248687,1.6158741075571088,1.615888154163395,4.013590915706041,238
1,B,456,False,6.521531164622808,1.5619667204539738,1.5619812518394205,4.0417562082311145,204
1,B,705,True,9.257706623171508,0.99506934805816,0.9950921579115134,5.12639939054151,5
1,B,125,False,6.322606901596852,1.625807153815879,1.6258211146036299,3.974214008100241,311
1,B,477,False,6.011325441001755,1.6125167766705912,1.6125308525222746,3.811928146762015,486
1,B,352,False,7.8542281904759434,0.8664614203017639,0.8664876157011423,4.360357903088543,76
1,B,844,False,6.104808030690867,1.5533021929253368,1.553316805368036,3.8290624180294515,475
1,B,505,False,7.221380551252925,0.9226395299612327,0.9226641304067178,4.072022340829822,177
1,B,198,False,6.42631799321577,1.6195923599283573,1.6196063742867914,4.022962183751281,229
1,B,329,False,6.479461926419492,1.6029004018058528,1.602914562102879,4.0411882442611855,205
1,B,99,False,5.640827268876254,0.40717604285393727,0.40723178309936947,3.024029525987812,596
1,B,368,False,6.20338314709711,0.7069632951842106,0.7069954002890103,3.45518927369306,566
1,B,598,False,6.263868271472567,1.580636224587983,1.5806505843391996,3.922259427905883,388
1,B,400,False,5.5468043550859845,1.5375241669825903,1.5375389293762967,3.5421716422311404,554
1,B,262,False,6.530397983757806,1.5940500010875476,1.5940642400039313,4.062231111880869,186
1,B,659,False,6.2889955822384245,1.5433474349428473,1.543362141636488,3.916178861937456,397
1,B,293,False,6.468561873497105,1.6162404520636067,1.6162544954860518,4.0424081844915785,203
1,B,804,False,6.7986080346452695,0.6037137264851863,0.6037513220182055,3.7011796783317377,534
1,B,424,False,8.772659702466768,0.9958832052954186,0.9959059965084945,4.884282849487631,37
1,B,769,False,6.4169062202056635,1.5727021283606621,1.572716560554462,3.994811390380063,258
1,B,726,False,6.122700386381193,1.5473634498101378,1.5473781183345043,3.8350392523578485,469
1,B,193,False,6.338195708767086,1.6360525540592439,1.6360664274215382,3.987131068094312,273
1,B,517,False,4.833569523942049,1.0770722872478162,1.0770933605075017,2.955331442224775,606
1,B,280,False,6.283690800537411,1.642486519845749,1.6425003388636181,3.9630955697005144,331
1,B,306,False,7.181351790068806,1.5712581922024074,1.571272637658811,4.376312213863809,68
1,B,112,False,8.067262209593123,1.0475717572615053,1.0475934239503695,4.557427816771746,47
1,B,717,False,6.291810803529517,1.6455064327733977,1.6455202264301503,3.9686655149798336,320
1,B,0,False,5.849651724262172,1.5696281980096338,1.5696426584669108,3.7096471913645415,530
1,B,580,False,9.580686606243361,0.40732980648218087,0.4073855256890105,4.994036065966186,32
1,B,79,False,5.513610492142453,0.2690478971496883,0.26913224677241815,2.8913713694574357,609
1,B,100,False,5.658761853507362,0.38417998936173214,0.3842390655803769,3.0215004595438693,598
1,B,34,True,9.213355327624301,0.9512685678503604,0.9512924279485128,5.082323877786407,20
1,B,730,False,8.700973777377158,1.0181588503521304,1.0181811429418992,4.859577460159528,40
1,B,825,False,6.407782277331146,1.6343983745507975,1.6344122619542443,4.021097269642695,233
1,B,371,False,6.134418063006136,1.5620219439442296,1.5620364748159403,3.848227268911038,455
1,B,492,False,6.278757092712517,1.5883592933548623,1.5883735832853862,3.9335653379989517,364
1,B,188,False,6.772976962855497,1.529739992278828,1.529754829791143,4.15136589632332,138
1,B,121,False,6.9931043696085196,1.5272442822891574,1.5272591440476053,4.260181756828063,105
1,B,157,False,4.893842272241941,0.5886742613217061,0.5887128172842484,2.741277544763095,615
1,B,52,False,6.585742337136219,1.4786446521519792,1.478660002377067,4.032201169756643,218
1,B,273,False,5.869353519625539,1.323271180116768,1.3232883326848026,3.5963209261551707,550
1,B,596,False,6.258200616891133,1.6430553299443449,1.6430691441782421,3.950634880534688,343
1,B,720,False,6.098583531722029,1.5152443048015816,1.5152592842565686,3.806921407989299,494
1,B,367,False,6.235682497024174,0.7498666167405736,0.7498968850409067,3.4927896910325407,557
1,B,805,False,6.739747834386145,0.9755589133009134,0.975582179323177,3.857665006854661,444
1,B,344,False,6.063710823996592,1.6199328931950634,1.6199469046075026,3.8418288643020473,464
1,B,590,False,6.372102411566268,1.5930639001159221,1.5930781478460663,3.982590279706167,284
1,B,114,False,8.417682495326957,0.6416330124972894,0.6416683863324165,4.529675440829687,48
1,B,542,False,7.899185177376526,0.8372519271832128,0.8372790364413196,4.3682321069089225,72
1,B,784,False,7.095593958647188,1.4184397463425844,1.4184557480924513,4.25702485336982,106
1,B,733,False,6.37521449008121,1.5567468418717794,1.5567614219814991,3.9659879560313547,326
1,B,826,False,6.227052875222001,0.25616237311752565,0.25625096427780125,3.241651919749901,579
1,B,315,False,6.5642550284176036,1.6086555734813475,1.6086696831185399,4.086462355768072,174
1,B,625,False,6.647894645510117,0.47750023537476277,0.4775477673228662,3.5627212064164917,552
1,B,597,False,6.268253642519218,1.644163771340451,1.644177576261322,3.95621560939027,340
1,B,721,False,6.480949516224917,1.582797425841434,1.5828117659855736,4.0318806411052455,220
1,B,617,False,7.158526941023818,1.401391799555539,1.4014079959646342,4.279967468494226,94
1,B,425,False,6.292492162826415,1.5778411898795845,1.577855575067859,3.9351738689471367,361
1,B,80,False,5.572081070862863,0.8571574929107201,0.8571839726366165,3.21463252174974,581
1,B,583,False,7.573260731428111,1.1211849094309454,1.1212051535859873,4.347232942507049,78
1,B,695,False,6.262778150471638,1.5905776402668936,1.5905919102677153,3.9266850303696765,378
1,B,510,False,6.529168257519162,1.614859210721225,1.6148732661553593,4.07202076183726,178
1,B,511,False,6.770254464080315,1.5966299012626604,1.5966441171714232,4.18344929062587,130
1,B,230,False,6.3516559712622636,1.6284811480623669,1.6284950859264589,3.990075528594361,268
1,B,621,False,6.913734862453933,1.5753239891735416,1.5753383973476114,4.2445366299007725,113
1,B,48,False,4.722502746741526,0.35231993741774154,0.3523843549224935,2.53744355083201,623
1,B,303,False,6.68243530795837,0.4093210910656566,0.4093765392438606,3.545905923601115,553
1,B,609,False,6.698776475703835,1.5557776786936592,1.5557922678858933,4.127284371794865,150
1,B,190,False,6.157807322025538,1.6188903289298457,1.6189043493655468,3.8883558356955423,422
1,B,54,False,6.1911737002006495,1.629237758184853,1.6292516895763238,3.9102126948884868,401
1,B,674,False,5.913015343706591,1.5750008220625311,1.5750152331929204,3.7440152884497557,519
1,B,827,False,6.226428050658779,0.38711318058113825,0.3871718092420282,3.3067999299504036,575
1,B,235,False,6.172606329537526,1.5675037467805666,1.5675182268360437,3.870062278186785,433
1,B,422,False,6.575126999198602,1.5391619662449572,1.5391767129303713,4.057151856064487,190
1,B,732,False,8.95591652721227,0.7571270750220113,0.757157053076498,4.856536790144384,41
1,B,224,False,6.071206490782145,1.6387151720797013,1.6387290229004627,3.8549677568413037,451
1,B,603,False,6.253523002277252,1.643805567348703,1.6438193752777988,3.948671188777525,347
1,B,123,False,6.725656958468006,1.4961981738310262,1.4962133439678307,4.110935151217919,161
1,B,145,False,6.280211570945655,1.2568859175332487,1.2569039760401337,3.768557773492894,511
1,B,814,False,6.287925150798851,0.11104455660115622,0.11124877007341669,3.1995869604361338,582
1,B,574,False,6.145326531020923,1.632506007969767,1.6325199114710625,3.8889232212459928,421
1,B,532,True,8.807858563763522,1.247238833176508,1.247257031359454,5.027557797561489,29
1,B,204,False,6.557166886903217,0.7581897340908781,0.7582196701305611,3.657693278516889,541
1,B,173,False,6.003296498129623,0.43400953374013385,0.434061828164409,3.2186791631470157,580
1,B,153,False,6.900366217028453,1.5241682307559963,1.5241831225079105,4.212274669768182,122
1,B,155,False,5.8235330561776575,1.5938102263629268,1.593824467421411,3.7086787617995345,531
1,B,117,False,6.1851798493447765,1.6274308838700797,1.6274448307289098,3.906312340036843,407
1,B,242,False,6.388501060877087,1.6361636510579467,1.6361775234782352,4.0123392921776615,239
1,B,325,False,5.970045323155418,1.3992348174945588,1.3992510388708423,3.68464818101313,538
1,B,191,False,6.16615497646865,1.6205513054402576,1.6205653115059027,3.8933601439872763,417
1,B,607,False,6.839724342091107,1.5475850548810015,1.5475997213049415,4.193662031698024,126
1,B,397,False,6.326229153897629,1.6354568076618128,1.6354706860777017,3.9808499199876657,292
1,B,616,False,7.138028150663958,1.413818277211397,1.413834331266964,4.275931240965461,98
1,B,106,False,5.66341750240838,0.8701911868230311,0.8702172699484744,3.266817386178427,577
1,B,602,False,6.650089279401601,1.560045413345252,1.5600599626269684,4.1050746210142846,167
1,B,225,False,6.074033219762616,1.6388312813835875,1.6388451312230425,3.856439175492829,447
1,B,251,False,7.255132994122006,0.7923020131765972,0.7923306603784744,4.0237318272502405,227
1,B,375,False,6.138580051280305,1.5728091539637874,1.572823585175523,3.8557018182279137,450
1,B,253,False,7.243535876834404,0.8446191055358312,0.8446459783413688,4.044090927587886,201
1,B,172,False,7.395246455906451,0.74807702449648,0.7481073652034229,4.071676910554936,179
1,B,318,False,4.802506674295547,0.6257574838346582,0.6257937550560753,2.714150214675811,616
1,B,857,False,6.458108511586419,1.608042639701266,1.6080567547165479,4.0330826331514835,215
1,B,587,False,7.519129787828652,1.1141566649979688,1.1141770368534332,4.316653412341043,90
1,B,530,True,9.074398663375582,1.1199494601574072,1.1199697266439697,5.097184195009776,17
1,B,507,False,7.374272327924067,0.5181311589135876,0.5181749638194014,3.946223645871734,353
1,B,379,False,6.286098720848295,1.274440562133512,1.2744583718989342,3.7802785463736144,504
1,B,788,False,7.644709783590076,0.4972840701467959,0.49732971127197295,4.071019747431024,180
1,B,161,False,7.314984545505288,1.0083452835707047,1.008367793114886,4.161676169310087,133
1,B,436,False,6.272752867041831,1.5872644409862766,1.587278740773522,3.9300158039076765,369
1,B,808,False,6.534821402597988,1.4552042516017554,1.4552198490853283,3.995020625841658,257
1,B,334,False,6.369973740661981,1.5646487745502906,1.5646632810268881,3.967318510844435,323
1,B,722,False,6.480856856780916,1.5828878796814903,1.5829022190061723,4.031879537893544,221
1,B,296,False,6.320479518793211,1.6395645049198013,1.6395783485655737,3.9800289336793924,294
1,B,141,False,6.252617990775485,1.642617903072937,1.6426317209855146,3.9476248558804996,350
1,B,465,False,7.434829291318722,1.1566042963251715,1.1566239205419995,4.29572660593036,93
1,B,43,False,7.0598053490663855,1.4520447566793573,1.45206038810103,4.255932868583708,107
1,B,557,False,7.055647203233573,0.9763528624347595,0.9763761095380452,4.016011656385809,237
1,B,672,False,5.908340570528408,1.5811186216540536,1.58113297702417,3.7447367737762893,518
1,B,861,False,7.763673892555895,1.0952656089314048,1.0952863321524564,4.429480112354176,52
1,B,403,False,7.24024754470754,1.5396373501993699,1.5396520923315884,4.389949818519564,59
1,B,489,False,6.375121636797653,1.6416262201044687,1.6416400463641798,4.008380841580916,243
1,B,61,False,6.162718431022707,1.5788510416071646,1.5788654175945869,3.870791924308647,431
1,B,351,False,7.872101609075732,0.8562604230703188,0.8562869305371079,4.36419426980642,75
1,B,712,False,7.81399983561718,1.5186547803109967,1.5186697261266329,4.666334780871907,45
1,B,468,False,6.366908019453447,1.3542308588196528,1.3542476192600506,3.860577819356749,439
1,B,361,False,6.4455906470686815,1.6245342499596003,1.6245482216862328,4.035069434377457,214
1,B,268,False,6.347635339160865,1.6381802381679895,1.6381940935115813,3.992914716336223,263
1,B,459,False,5.9096039962840345,1.5531926522469566,1.553207265720205,3.7314056310021195,524
1,B,345,False,6.313982220157782,1.6398203423953481,1.6398341838813146,3.9769082020195485,302
1,B,312,False,6.469338686408891,1.609664587757566,1.6096786885502443,4.039508687479568,208
1,B,58,False,4.838967297770109,0.20044071737128136,0.2005539241012612,2.5197606109356854,625
1,B,663,False,6.30248678298987,1.645703497450677,1.6457172894557228,3.9741020362227966,313
1,B,502,False,5.435425824476896,0.325628850937743,0.3256985475176937,2.8805621859972947,610
1,B,779,False,6.352071210018838,1.6207798018482347,1.6207938059393314,3.9864325079790848,277
1,B,41,False,7.071942138822571,1.4222892632214288,1.4223052216620227,4.2471236802422965,111
1,B,176,False,6.001923626948896,0.07764136071998269,0.07793315203782672,3.0399283894933613,592
1,B,553,False,7.113495589133351,1.4150273736868204,1.4150434140248564,4.264269501579104,102
1,B,782,False,7.1929926459607625,0.29168311718954026,0.2917609229240743,3.7423767844424183,520
1,B,33,True,9.358634440616596,0.8135599272188941,0.8135878259097249,5.08611113326316,19
1,B,137,False,6.671606300841513,1.5613010321076979,1.5613155696888001,4.116460935265157,157
1,B,756,False,7.456785504453812,0.653532116460443,0.6535668462654501,4.055176175359631,192
1,B,790,False,6.367182288774655,1.6244550464489749,1.6244690188568207,3.995825653815738,255
1,B,328,False,6.486554763208284,1.5998671289623323,1.599881316106378,4.043218039657331,202
1,B,595,False,7.135835562407004,1.240320993925377,1.240339293606445,4.188087428006725,127
1,B,690,False,5.6851161496718285,1.5909821397690818,1.5909964061418576,3.638056277906843,545
1,B,573,False,6.156723122034682,1.6338301774934776,1.633844069726505,3.895283595880594,414
1,B,343,False,6.062737443856199,1.6207863972166476,1.620800401250759,3.841768922553479,465
1,B,97,False,5.651931152403871,0.46952567995388017,0.46957401911546814,3.0607525857596696,588
1,B,520,False,4.83846435334682,1.1154575326626055,1.1154778807604604,2.9769711170536404,604
1,B,90,False,5.645369779989395,0.39910028908401424,0.3991571570685465,3.022263468528971,597
1,B,423,False,6.207828443657247,1.6374776149642567,1.63749147625297,3.9226599599551086,386
1,B,64,False,6.5923055979939225,1.628773218079921,1.6287871534447105,4.110546375719316,162
1,B,736,False,6.221616565832958,1.5929830161104812,1.59299726456405,3.9073069151985043,406
1,B,307,False,7.188926845691434,1.5744130463701707,1.5744274628806185,4.381677154286026,63
1,B,439,False,6.675819273770311,1.6285294887404074,1.6285434261907763,4.152181349980544,137
1,B,685,False,5.772053988955675,1.496571300521695,1.4965864668763038,3.6343202279159894,547
1,B,618,False,4.136775136517253,1.443908505268626,1.4439242247705308,2.790349680643892,613
1,B,102,False,5.695214210854129,0.3887494589635626,0.38880784088873926,3.042011025871434,591
1,B,207,False,6.624511914760962,1.0168881828331335,1.0169105032783234,3.8207112090196427,479
1,B,508,False,7.328644070791277,0.7925789622488816,0.7926075994409937,4.060625835116135,188
1,B,739,False,6.070414631358229,1.6160034405764352,1.6160174860585441,3.8432160587083866,460
1,B,475,False,6.280887369218021,1.512511756935921,1.5125267634529602,3.896707066335491,413
1,B,310,False,6.071685395464194,1.5942577099619288,1.5942719470232027,3.8329786712436986,472
2,B,269,False,6.410985145429593,1.6166272996795212,1.6166486907367708,4.013816918083182,240
2,B,196,False,6.4924261592997965,1.5963632310519136,1.5963848936413547,4.044405526470576,144
2,B,491,False,6.427233569410821,1.5882272194733404,1.5882489930322112,4.0077412812215165,262
2,B,264,True,7.02123757946662,1.5957997470620635,1.5958214173005576,4.308529498383589,28
2,B,45,False,6.447969915321463,1.6033759623731267,1.6033975302175578,4.02568372276951,186
2,B,14,False,6.410703873000494,1.6166879583106357,1.6167093485652968,4.013706610782895,243
2,B,382,False,6.37367884228372,1.6143690144478648,1.614390435427931,3.9940346388558257,294
2,B,82,False,5.9441007623522415,1.4973861751529844,1.4974092696157248,3.720755015983983,516
2,B,132,False,6.330658474910596,1.6111781909602214,1.6111996543624463,3.970929064636521,349
2,B,10,False,6.392826481205377,1.607398061425225,1.6074195753024119,4.000123028253895,275
2,B,577,False,6.696704882806908,1.2483551389878191,1.2483828404095882,3.9725438616082482,347
2,B,862,False,6.865495591342281,1.5133847534711533,1.5134076037970596,4.18945159756967,38
2,B,636,False,5.988362231728596,1.271458499282664,1.2714856973595645,3.62992396454408,538
2,B,391,False,6.223166142809214,1.4263211822328643,1.4263454273344762,3.8247557850718454,474
2,B,133,False,7.4760774285421165,0.3091463555580916,0.30925819689486644,3.8926678127184915,433
2,B,250,False,7.409990850005865,0.31059599293579826,0.3107073124655878,3.8603490812357264,456
2,B,679,False,6.416052015778095,1.6165064493243109,1.616527841980739,4.0162899288794165,218
2,B,59,False,6.954769612461015,1.3358908236782296,1.3359167099709146,4.145343161215965,55
2,B,488,False,7.906300436402317,0.2613553444825702,0.2614876273964351,4.083894031899376,103
2,B,297,False,6.2968648698552485,1.6123023723369847,1.612323820774004,3.9545943453146264,373
2,B,692,False,6.584159719040906,1.609153721958538,1.609175212363411,4.096667465702159,98
2,B,7,False,6.0948122722453615,1.6096590011606302,1.6096804848196586,3.8522463785325103,460
2,B,746,False,6.330824566554776,1.56746030447624,1.5674823665038664,3.9491534665293213,386
2,B,283,False,6.671175588762846,0.9965516372772231,0.996586337931505,3.8338809633471755,470
2,B,737,False,5.523051242159536,1.404938499684395,1.4049631137817296,3.4640071779706325,562
2,B,197,False,6.438949850670468,1.6163130556859475,1.6163344509019968,4.0276421507862326,183
2,B,853,False,6.3048541380620104,0.2268672009470149,0.2270195807796041,3.2659368594208074,583
2,B,516,False,6.667368568102994,1.5988405973643258,1.598862226388543,4.133115397245769,72
2,B,538,False,6.483429884263826,1.4124244156837802,1.4124488993275055,3.9479393917956656,389
2,B,170,False,6.627890182254374,1.5752210176034045,1.5752429709385531,4.101566576596464,89
2,B,392,False,6.291363085179316,1.5407166906775,1.540739135650173,3.9160511104147444,418
2,B,593,False,6.603687045581194,1.595429363074422,1.5954510383436622,4.099569041962428,90
2,B,829,False,6.072267510049839,1.458249227119266,1.4582729413884599,3.7652702257191493,495
2,B,562,False,6.387539197586982,1.5949911491307032,1.5950128303550086,3.991276013970995,300
2,B,215,False,6.3997683796735725,1.6158407322486394,1.615862133718602,4.007815256696087,259
2,B,725,False,5.8150177320098315,1.5587746422636568,1.558796827221561,3.6869072796156965,527
2,B,747,False,6.32996496502742,1.5671244497521382,1.5671465165078715,3.9485557407676457,388
2,B,822,False,6.325242880361067,1.606043861105016,1.6060653931222484,3.965654136741658,355
2,B,819,False,6.60248079001479,0.09865177163004657,0.09900169310451624,3.3507412415596534,577
2,B,745,False,6.319260834866442,1.5828323833664655,1.5828542311360763,3.9510575330012587,383
2,B,648,False,6.32737689739164,1.0478476770323895,1.0478806790155015,3.687628788203571,526
2,B,22,False,6.462349159904861,1.6161123493300587,1.6161337472031625,4.039241453554012,161
2,B,419,False,6.286146903019729,0.07008095103133573,0.0705726780650305,3.1783597905423795,585
2,B,563,False,6.389592218558007,1.5950726149205658,1.5950942950375524,3.9923432567977795,296
2,B,38,True,9.34704392996161,0.23078037888869035,0.2309301766158365,4.788987053288723,8
2,B,683,False,6.296984545560389,1.612337782647501,1.6123592306134742,3.9546718880869314,372
2,B,77,False,6.707569179597174,1.5502348257774963,1.5502571329444668,4.12891315627082,76
2,B,776,False,7.416101045013075,0.275782574809651,0.2759079407346855,3.8460044928738806,464
2,B,752,False,5.968545926290823,1.4135583943279224,1.413582858330826,3.6910643923108246,525
2,B,19,False,6.308937274869731,1.571373909984059,1.571395917065589,3.9401665959676597,397
2,B,547,False,6.550929124314365,1.595047413263426,1.5950690937229524,4.072999109018658,108
2,B,166,False,6.3847712670885866,1.6054129566277606,1.6054344971066563,3.9951028820976213,287
2,B,446,False,6.379746357067208,1.6161692565605466,1.616190653680216,3.997968505373712,277
2,B,398,False,7.70515655676148,0.24491376033810142,0.24505491873203225,3.9751057377467562,333
2,B,652,False,6.0364083636382775,1.477540419110253,1.4775638237640758,3.7569860937011765,501
2,B,2,False,6.255645800315115,1.6106296982571795,1.610651168968572,3.9331484846418436,401
2,B,735,False,6.381545409234791,1.612224571608395,1.6122460210804326,3.9968957151576117,281
2,B,854,False,6.299202488209488,0.13338229067468177,0.13364130595530432,3.2164218970823963,584
2,B,797,False,6.606413770064305,1.6072071209991274,1.607228637432185,4.106821203748245,83
2,B,501,False,6.343793342306931,0.36428237994568463,0.364377298319621,3.354085320313276,576
2,B,824,False,6.130245592777926,1.4974032248892473,1.4974263190890333,3.8138359559334796,479
2,B,300,False,6.679757581473426,1.604312953218187,1.6043345084661973,4.1420460449698115,58
2,B,849,False,5.912323648562581,1.5987419563090255,1.5987635866677175,3.7555436176151495,502
2,B,165,False,7.4812111882386665,0.28296321804722496,0.28308540400284743,3.882148296120757,439
2,B,762,False,7.808829488275694,0.5928948411066179,0.5929531649318146,4.200891326603754,37
2,B,469,False,6.438619143397023,0.6548804871567037,0.6549332909926135,3.5467762171948185,553
2,B,806,False,6.7776319922829655,0.7612648243684107,0.7613102495123004,3.769471120897633,494
2,B,738,False,5.53814172221137,1.4076688022266717,1.4076933685835444,3.4729175453974572,561
2,B,773,False,6.149181615480543,1.59242182917308,1.5924435453788472,3.8708125804296953,444
2,B,451,False,5.944571264811475,1.5537531666941082,1.553775423349135,3.749173344080305,505
2,B,222,False,6.321039483003631,1.614395618438386,1.6144170390654558,3.9677282610345435,352
2,B,309,False,6.419155896095174,1.6163747658957275,1.6163961602949575,4.017776028195065,207
2,B,139,False,6.417857818027552,1.6166715211771974,1.6166929116493358,4.017275364838444,213
2,B,236,False,6.206117306145253,0.9277766036173999,0.9278138764922907,3.566965591318772,549
2,B,846,False,6.342231082858585,1.6133955450429738,1.6134169789475776,3.977824030903081,326
2,B,592,False,6.535074982841915,1.6090064688361934,1.6090279612078002,4.0720514720248575,110
2,B,355,False,6.546951719683859,1.6063251628388626,1.6063466910854307,4.076649205384645,106
2,B,860,False,6.756651298543712,1.5886778124852818,1.588699579868653,4.1726754392061824,43
2,B,830,False,6.410958788024297,1.6166878979818506,1.6167092882373097,4.0138340381308035,237
2,B,255,False,6.2253073331147535,1.6003116425521102,1.6003332516946733,3.9128202924047133,421
2,B,589,False,6.600328488543358,1.5954233270599736,1.5954450024112174,4.097886745477288,93
2,B,654,False,6.5080977709453975,1.6146514133251302,1.6146728305587652,4.0613853007520815,116
2,B,163,False,6.388905889175746,1.605281697225695,1.6053032394658717,3.997104564320809,280
2,B,606,False,5.43161402068535,1.156906683562284,1.156936574606792,3.294275297646071,579
2,B,16,False,6.413162185605605,1.6165157305751117,1.6165371231087151,4.01484965435716,227
2,B,700,False,6.271711324550829,1.6116164061932572,1.6116378637594377,3.941674594155133,394
2,B,524,False,6.5312803361372636,1.4461888228687834,1.4462127348984353,3.9887465355178495,303
2,B,434,False,6.631963348384834,1.602711610725532,1.6027331875100868,4.1173482679474604,78
2,B,781,False,5.981964971751313,1.2677186667445464,1.26774594505539,3.6248554584033514,539
2,B,284,False,6.264773920616853,1.6099472050135573,1.6099686848267512,3.937371302721802,399
2,B,571,False,6.4312151015766394,1.6161833989062697,1.6162047958387071,4.0237099487076735,190
2,B,135,False,6.458560086876338,1.6068969653890506,1.606918485975052,4.032739286425695,170
2,B,653,False,6.102354136897156,1.5982948222815752,1.5983164586914276,3.8503352977942917,463
2,B,834,False,6.403864386313774,1.6157705434823333,1.6157919458819594,4.009828166097867,254
2,B,443,True,8.390152817297368,0.2183736649542267,0.21853196731223287,4.3043423923048,29
2,B,523,False,6.412541625292947,1.6166228847768127,1.616644275892479,4.014592950592713,231
2,B,718,False,6.332172705312024,1.6147666642714644,1.6147880799765046,3.973480392644264,341
2,B,350,False,6.7266121919887105,1.5934253777748568,1.593447080303817,4.160029636146263,50
2,B,187,False,6.469448104207987,1.6159465291852046,1.6159679292540194,4.042708016731003,148
2,B,835,False,6.476150269497748,1.6159365793843201,1.6159579795848997,4.046054124541324,135
2,B,199,False,6.649540744677772,1.4431861619626642,1.443210123742326,4.046375434210049,134
2,B,575,False,6.900895187025601,1.4386154922668515,1.438639530174953,4.169767358600277,45
2,B,787,False,6.468773710291297,1.6146886143848604,1.614710031125067,4.041741870708182,151
2,B,684,False,6.206577341134759,1.52251008825631,1.5225328016282773,3.864555071381518,451
2,B,534,False,6.0421094916067855,1.4846993545446643,1.4847226463475112,3.7634160689771483,496
2,B,53,False,5.906949341776317,1.313300737576614,1.3133270691305696,3.610138205453443,541
2,B,670,False,5.580470128187837,1.4166172385235454,1.4166416497032301,3.4985558889455337,559
2,B,285,False,6.41688395539673,1.6166720974834692,1.6166934879479826,4.016788721672357,214
2,B,231,False,5.9957040717478085,1.4996591893226932,1.4996822487819916,3.7476931602649,507
2,B,761,False,6.283168469105643,1.6079421075114468,1.6079636141095257,3.9455660416075844,392
2,B,277,False,6.352307955632116,1.6155281398631531,1.6155495454740822,3.9839287505530994,312
2,B,807,False,6.559030634307794,1.5982199661650422,1.5982416035882694,4.078636118948031,105
2,B,544,False,6.700961077557495,1.5733100524548556,1.5733320324544702,4.137146555005983,69
2,B,357,False,6.530244360325039,1.6017746861844537,1.6017962755897266,4.066020317957383,114
2,B,777,False,6.197796480598983,1.613625258385404,1.613646689238749,3.905721584918866,427
2,B,98,False,5.855261930901021,1.4106713982957064,1.4106959123643117,3.6329789216326662,535
2,B,624,False,6.46836514827497,1.6148160731970047,1.6148374882467922,4.041601318260881,152
2,B,449,False,6.335151188558331,1.6124007523010153,1.6124221994293846,3.973786693993858,337
2,B,200,False,6.58412153704916,1.598019350092226,1.5980409902317882,4.091081263640474,100
2,B,615,False,6.452326020623334,1.613792865445639,1.6138142940732247,4.03307015734828,169
2,B,416,False,6.46342149947531,1.594376621857608,1.5943983114384852,4.0289099054568975,182
2,B,680,False,6.41560436775329,1.6162659426190376,1.6162873384587346,4.015945853106013,222
2,B,168,False,6.752446234835402,1.5361109807520272,1.5361334930203068,4.144289863927854,56
2,B,512,False,6.264405481418204,1.6022976512286777,1.6023192335875993,3.9333623575029018,400
2,B,727,False,5.431687878728798,0.12221114957173038,0.12249378870562301,2.7770908337172107,593
2,B,219,False,6.374078093870848,1.6142301234977614,1.6142515463208986,3.9941648200958735,291
2,B,232,False,6.46476039847623,1.612901309654883,1.612922750127312,4.038841574301771,162
2,B,267,False,6.405151118740061,1.613398923371278,1.6134203572310017,4.009285737985532,256
2,B,272,False,6.301457542518146,1.6115628203676515,1.611584278647305,3.9565209105827255,366
2,B,734,False,6.159693437570182,1.1418247648209028,1.1418550506741756,3.6507742441221787,531
2,B,742,False,6.32165213705672,1.5837441112348574,1.5837659464273446,3.9527090417420325,379
2,B,246,False,5.96728761235185,1.3775198651026228,1.3775449691186716,3.672416290735261,530
2,B,810,False,6.775284499838938,0.7760387741586712,0.7760833345649853,3.775683917201962,487
2,B,639,False,6.504932955939624,1.586731232910614,1.5867530269975385,4.045842991468581,136
2,B,559,False,6.609235280627648,0.4313990938196965,0.4314792478674603,3.5203572642475542,556
2,B,223,False,6.425885792946833,1.6152932868212604,1.6153146955443836,4.020600244245609,198
2,B,270,False,7.106307935155705,0.7374864857266762,0.7375333753948339,3.9219206552752697,413
2,B,63,False,6.445844861180221,1.616151029143148,1.616172426504137,4.031008643842179,174
2,B,642,False,6.343649906528494,1.6141206911863928,1.6141421154619107,3.9788960109952023,323
2,B,47,False,5.430053619456195,0.09548848576807063,0.09584995621330761,2.7629517878347514,595
2,B,249,False,7.427946093651996,0.13405389497968823,0.13431161510100026,3.7811288543764983,485
2,B,582,False,6.5106674689898485,1.6076069161285946,1.6076284272108106,4.059147948100329,121
2,B,552,False,5.906720499719396,1.3131123608659965,1.3131386961973535,3.6099295979583745,542
2,B,340,False,7.150265888655731,1.1813714035881941,1.1814006756421607,4.165833282148946,47
2,B,498,False,6.377737260332932,0.4063624968600078,0.4064475883138118,3.392092424323372,571
2,B,107,False,6.388685908502618,1.5955027584408739,1.595524432713035,3.992105170607826,298
2,B,550,False,5.902063306095778,1.307065155366547,1.3070916125372354,3.6045774593165065,543
2,B,515,False,6.235997625499421,1.6067179527738078,1.606739475757495,3.921368550628458,417
2,B,124,False,6.310645881534637,1.6118260819540837,1.6118475367289757,3.9612467091318067,359
2,B,308,False,6.511777464454933,1.6073063734491095,1.607327888553528,4.0595526765042305,120
2,B,588,False,6.49741433916892,1.6070787675748652,1.6071002857263643,4.052257312447642,130
2,B,260,False,6.173557061593206,1.608644196175003,1.6086656933867074,3.8911113774899566,437
2,B,122,False,7.163546587374318,0.4696238456317067,0.4696974766567594,3.816622032015539,477
2,B,42,False,5.453257205943626,1.3658290786155096,1.3658543975049118,3.4095558017242693,570
2,B,480,False,6.372227272736625,1.6123311951425954,1.6123526431961974,3.992289957966411,297
2,B,103,False,6.379892702801262,1.6159181883665812,1.6159395888107166,3.9979161458059895,278
2,B,140,True,9.696385070328292,0.2541644397973548,0.25430046332894707,4.97534276682862,1
2,B,247,False,6.339255240097383,1.6125749508782352,1.612596395689807,3.9759258178935952,331
2,B,521,False,6.685355741265671,1.5967421115190132,1.5967637689683503,4.14105975511701,60
2,B,142,False,6.4249852249723425,1.6149011193791811,1.614922533301194,4.019953879136768,199
2,B,220,False,6.374078093870848,1.6142301234977614,1.6142515463208986,3.9941648200958735,292
2,B,336,False,5.983207923230201,1.5928388587293119,1.592860569249522,3.7880342462398615,483
2,B,192,False,4.700365596810049,0.05408971859480627,0.05472532183075117,2.3775454593204,600
2,B,83,False,6.180044788718911,1.5617510078696946,1.5617731505483827,3.870908969633647,443
2,B,164,False,7.4823407455838415,0.25302690336604944,0.25316353809114395,3.8677521418374927,449
2,B,116,False,6.491393781540961,1.614126735335092,1.6141481595303873,4.052770970535674,129
2,B,513,False,6.263165597301349,1.6023548952255688,1.602376476813473,3.9327710370574107,402
2,B,115,False,6.387855928627269,1.6165443197800011,1.6165657119352743,4.002210820281272,271
2,B,551,False,5.895407784143198,1.3007963937272173,1.3008229783969638,3.598115381270081,545
2,B,526,True,9.73694388912602,0.1760519359828846,0.1762482548995469,4.956596072012783,2
2,B,743,False,6.322068527785255,1.5839005487307598,1.5839223817666748,3.952995454775965,378
2,B,131,False,6.3167616540530025,1.6127279662111795,1.6127494089880987,3.9647555315205505,356
2,B,203,False,6.359836101806136,1.6038971565937736,1.6039187174297227,3.9818774096179292,317
2,B,386,True,7.504697959703185,1.4592282527818319,1.4592519511409028,4.481974955422044,16
2,B,741,False,6.298127707715196,1.6123789690804942,1.61240041649861,3.955264062106903,369
2,B,314,False,6.407972755142017,1.616607878936223,1.6166292702504454,4.0123010126962315,249
2,B,159,False,6.416096217585609,1.6165080413219484,1.6165294339573084,4.016312825771458,217
2,B,651,False,6.241989311950229,1.6136136190076533,1.613635050015582,3.927812180982906,410
2,B,335,False,6.753068318462222,1.5945140158735596,1.594535703585542,4.173802011023882,41
2,B,374,False,6.3438438844560325,1.5612631630801037,1.5612853126775723,3.9525645985668025,380
2,B,279,False,6.3011314043788,1.6141884492452112,1.614209872621424,3.9576706385001117,362
2,B,385,True,8.550540675691053,0.07649731729172145,0.07694805224724187,4.313744363969147,27
2,B,218,False,6.378206262601506,1.6145601470508881,1.6145815654951594,3.996393914048333,282
2,B,401,False,6.633306597533957,1.6064282682572981,1.606449795122137,4.119878196328047,77
2,B,454,False,5.845334123424428,1.2591990161842292,1.2592264790541632,3.552280301239296,552
2,B,486,False,6.425438302925428,1.6165914586471786,1.6166128501786774,4.021025576552052,195
2,B,407,False,6.300013901304803,1.6134826114835954,1.6135040442316024,3.9567589727682027,365
2,B,463,False,6.422366483738754,1.61658735449809,1.6166087460838963,4.019487614911325,201
2,B,62,False,7.192973013660789,1.108525051385807,1.108556246990526,4.150764630325657,54
2,B,816,False,6.424479008919118,1.612249442246831,1.6122708913879924,4.0183749501535555,203
2,B,832,False,6.361990742989246,1.598465702203854,1.5984873363007521,3.980239039644999,321
2,B,360,False,6.997771873963122,0.7746558090498408,0.7747004490036631,3.8862361614833922,438
2,B,239,False,5.970486204625869,1.569406805356876,1.569428840021837,3.7699575223238533,493
2,B,566,False,6.410937181941017,1.6166879414783988,1.6167093317332826,4.013823256837149,239
2,B,234,False,6.3346547334276435,1.6140985173790616,1.6141199419488934,3.9743873376882686,335
2,B,793,False,6.442025506738841,1.51894743744541,1.5189702040901896,3.9804978554145154,318
2,B,586,False,6.201095959438721,0.9154500370587411,0.9154878117936166,3.558291885616169,551
2,B,259,False,6.204942698774477,1.6091491408419274,1.6091706313079814,3.9070566650412295,425
2,B,216,False,6.374609827442034,1.6142299078388465,1.6142513306648456,3.9944305790534402,289
2,B,447,False,6.6445148492435955,1.5613890528765342,1.5614112006881768,4.102963024965886,88
2,B,354,False,6.612430530389997,1.5813314184011342,1.5813532869078804,4.096891908648939,96
2,B,775,False,7.420339278232366,0.2538682293896778,0.2540044115468549,3.8371718448896104,469
2,B,613,False,6.448009140892431,1.6160815541213898,1.616102952402235,4.032056046647333,172
2,B,281,False,6.160559445005801,1.5263107766946062,1.5263334335085195,3.8434464392571606,468
2,B,356,False,6.620340008113096,1.5739339763056766,1.573955947592312,4.097147977852703,95
2,B,319,False,4.666955061972705,0.1666006816019549,0.16680812420877442,2.4168815930907397,598
2,B,324,False,5.972718042568844,1.258979191546535,1.2590066592115312,3.6158623508901875,540
2,B,167,False,6.820227451435652,1.4976722870882262,1.4976953771391206,4.158961414287386,52
2,B,369,False,7.189214203466852,0.2271720731821373,0.22732424865307332,3.708269226059963,522
2,B,387,False,6.469137866978052,1.6147587297015042,1.6147801455117752,4.041959006244913,150
2,B,494,False,6.538059407513911,1.5496501166892915,1.5496724322730109,4.043865919893461,146
2,B,221,False,6.375998289313341,1.614279992874102,1.6143014150354402,3.9951498521743907,285
2,B,299,False,6.184756883472493,1.5430378674030163,1.5430602786124274,3.86390858104246,453
2,B,576,False,6.693321658401476,1.267373741606804,1.267401027341482,3.980361342871479,319
2,B,801,False,6.428601143571028,1.5821485559533555,1.582170413165757,4.005385778368392,269
2,B,162,False,7.464304508057186,0.39744211518608724,0.3975291160599498,3.930916812058568,405
2,B,341,False,7.150164770195403,1.17933114984969,1.179360472543321,4.164762621369362,49
2,B,353,False,6.536556193285644,1.6088555033435323,1.6088769977318296,4.072716595508737,109
2,B,373,False,6.411229903155877,1.6166105469113168,1.6166319381902365,4.013930920673056,232
2,B,136,False,6.4574603232362175,1.6069985609186712,1.607020080144145,4.032240201690181,171
2,B,638,False,6.502915161049717,1.5863859754128198,1.5864077742428957,4.044661467646306,141
2,B,237,False,6.422607488174614,1.5839056126295448,1.5839274455956585,4.003267466885136,270
2,B,453,False,5.9784475010817015,1.4235806974100456,1.423604989184249,3.7010262451329754,524
2,B,442,False,6.284483613172624,1.6140144554256441,1.614035881111307,3.9492597471419653,385
2,B,473,False,6.331475105064232,1.615595077974936,1.6156164826989894,3.9735457938816108,339
2,B,565,False,6.406326437639518,1.6165897050971485,1.6166110966518508,4.011468767145685,252
2,B,154,False,6.3380853867202145,1.6139572013340724,1.6139786277797874,3.976032007250001,330
2,B,800,False,6.225759983970298,0.38658400342225707,0.3866734473606814,3.3062167156654896,578
2,B,794,False,6.450091223245137,1.604984750119921,1.6050062963456933,4.027548759795415,184
2,B,331,False,6.33677981398235,1.6088420814296207,1.6088635759972343,3.972821694989792,345
2,B,21,False,6.321256767595309,1.613520443732098,1.6135418759775777,3.967399321786443,353
2,B,780,False,6.050525382258977,1.431672008149273,1.4316961626371658,3.741110772448071,511
2,B,792,False,6.447308405785107,1.5393325820569317,1.5393550472109656,3.9933317264980364,295
2,B,15,False,6.334187294459321,1.6141100274346787,1.6141314518517362,3.9741593731555285,336
2,B,567,False,7.585918664926179,0.22669026023466038,0.22684275892580746,3.9063807119259932,426
2,B,186,False,6.209101445256728,1.5987562416940682,1.5987778718594887,3.9039396585581083,428
2,B,327,False,6.5278600038204715,1.607535885963952,1.6075573979966382,4.067708700908555,111
2,B,758,False,6.079602146658399,1.6088118737411454,1.6088333687123442,3.8442177576853713,466
2,B,458,False,5.889300678686384,1.5879971872967307,1.588018964009606,3.738659821347995,512
2,B,549,False,6.366066902684015,1.6062861285059522,1.606307657275671,3.986187279979843,307
2,B,258,False,6.206488106860313,1.6091701929230633,1.6091916831079704,3.9078398949841415,424
2,B,134,False,6.304832269699044,1.6025167191419964,1.6025382985505972,3.9536852841248207,375
2,B,678,False,6.416242110148078,1.6165757397720766,1.6165971315115744,4.016419620829826,215
2,B,723,False,6.630211962611296,0.98037601254911,0.9804112857232452,3.8053116241672704,481
2,B,205,False,5.995710907010841,1.5547601587113105,1.5547824009512823,3.775246653981062,488
2,B,304,False,6.4019682114453484,1.6133213166999993,1.6133427515907566,4.007655481518053,264
2,B,698,False,6.251276858247656,1.6024182379323182,1.6024398186671254,3.9268583384573907,412
2,B,546,False,6.525336871044216,1.6078243242998227,1.6078458324733735,4.066591351758794,113
2,B,635,False,6.411126977084781,1.6123046515180846,1.6123260999247846,4.011726538504783,251
2,B,759,False,6.079144426436909,1.6087437079026359,1.6087652037846094,3.8439548151107594,467
2,B,57,False,6.111068477631889,1.6068748985017793,1.6068964193833148,3.858982448507602,457
2,B,208,False,6.393717964572484,1.6075365907505865,1.6075581027738415,4.000638033673162,273
2,B,388,True,7.504697959703185,1.4592282527818319,1.4592519511409028,4.481974955422044,17
2,B,206,False,6.275601653440662,1.6071320606573014,1.6071535780952604,3.941377615767961,395
2,B,770,False,6.42030088655525,1.6159318458095904,1.6159532460728572,4.018127066314054,205
2,B,585,False,6.42946352048659,1.616522762369774,1.6165441548103223,4.0230038376484565,191
2,B,509,False,6.099031303169307,1.6048678561979854,1.6048894039931014,3.851960353581204,461
2,B,455,False,5.839195715543412,1.2508100178302037,1.2508376648854993,3.5450166902144558,554
2,B,643,False,6.342181112479308,1.6140329821112136,1.6140544075509446,3.978117760015126,325
2,B,55,False,6.429007157580644,1.6165234108604682,1.6165448032924348,4.022775980436539,192
2,B,657,False,6.122754769319992,1.6055077760008105,1.6055293152075683,3.86414204226378,452
2,B,348,True,7.825124411670605,0.9545059655818834,0.9545421947317035,4.389833303201154,23
2,B,366,False,6.452157511643434,1.59881471379129,1.5988363431656596,4.0254969274045465,187
2,B,757,False,6.036050579622717,1.601795173110198,1.6018167622393464,3.818933670931032,476
2,B,441,False,6.463371799382752,1.6158299879250244,1.6158513895372923,4.039611594460022,157
2,B,464,False,6.123148224978297,1.5297859398668758,1.5298085452128298,3.8264783850955633,472
2,B,65,False,6.444427043809788,1.6164863803422302,1.6165077732642485,4.030467408537018,178
2,B,754,False,5.958867635191939,1.4052886181843827,1.4053132261493826,3.6820904306706606,529
2,B,6,False,5.644294962310301,0.21439696078368634,0.21455819719855845,2.9294265797544297,588
2,B,156,False,6.412502965379925,1.6166632302922024,1.6166846208740382,4.0145937931269815,230
2,B,836,False,6.495895102453872,1.6128401694696266,1.6128616107548186,4.054378356604345,127
2,B,105,False,6.156454543716608,1.5845034179917938,1.5845252427208256,3.870489893218717,446
2,B,243,False,6.40929312567912,1.6166125468510921,1.6166339381035488,4.012963531891335,245
2,B,111,True,8.484177810770133,0.415653813761892,0.41573700350897264,4.449957407139553,19
2,B,472,False,5.4333815880563865,0.17763735991139712,0.1778319285958098,2.805606758326098,591
2,B,570,False,5.964771798578225,1.4768620930590721,1.476885508462534,3.720828653520379,515
2,B,70,False,5.955417491033458,1.4664316658103764,1.466455247760125,3.7109363693967916,519
2,B,394,False,6.3246180782532235,1.58521131700133,1.585233131984348,3.9549256051187855,371
2,B,838,False,6.305982056552237,0.2466152881666407,0.24675547319021962,3.2763687648712283,582
2,B,828,False,6.466565743696656,1.612914362152371,1.6129358024512954,4.039750773073976,156
2,B,731,True,9.374817384060213,0.25948465504242013,0.25961789112905476,4.817217637594634,6
2,B,495,False,6.392881012916914,0.6010197243286666,0.6010772597794066,3.4969791363481604,560
2,B,364,False,6.192968667033657,1.6115453977854985,1.6115668562971364,3.9022677616653967,429
2,B,240,False,4.722153964033874,0.05400694268409543,0.054643508762680384,2.388398736398277,599
2,B,522,False,6.492228189065159,1.5865040018289462,1.5865257990373416,4.03937699405125,160
2,B,276,False,6.352387210338859,1.6155017780499945,1.6155231840102164,3.9839551971745375,311
2,B,702,False,6.276340384091455,1.6113231381253228,1.611344599596825,3.9438424918441397,393
2,B,282,False,5.9612329572332525,1.406844520173844,1.4068691009241006,3.6840510290786765,528
2,B,766,False,6.408881320360713,1.6165994689946273,1.616620860420131,4.012751090390422,246
2,B,362,False,5.891750210039621,1.5993150168509642,1.599336639459252,3.7455434247494366,510
2,B,841,False,6.026575707910386,1.6029532731221163,1.6029748466537834,3.8147752772820844,478
2,B,245,False,6.417956190124663,1.6166714666910018,1.6166928571638615,4.0173245236442625,211
2,B,771,False,6.413984353184089,1.61668286647549,1.61670425679752,4.015344304990805,226
2,B,848,False,6.41940106525482,1.6165090060362235,1.6165303986588169,4.017965731956818,206
2,B,244,False,6.340441110564916,1.6140336496652052,1.6140550750960752,3.9772480928304956,329
2,B,418,False,6.5033289897295745,1.6073581369180754,1.6073796513296292,4.055354320529602,126
2,B,217,False,6.373912975452019,1.6142209691740688,1.6142423921186941,3.9940776837853567,293
2,B,18,False,6.308937274869731,1.571373909984059,1.571395917065589,3.9401665959676597,398
2,B,564,False,6.460611900306127,1.616139010732033,1.6161604082521415,4.038386154279134,163
2,B,126,False,5.900223602117163,1.5216053843384754,1.5216281112149754,3.7109258566660692,520
2,B,554,True,8.171088702428401,1.2554885853555935,1.2555161293866373,4.713302415907519,13
2,B,460,False,5.8871044190369854,1.587556174300077,1.5875779570623014,3.737341188049643,513
2,B,525,True,9.198709195619669,0.45280843448236385,0.4528847994028759,4.825796997511272,5
2,B,322,False,7.272536343324661,1.3105441691964173,1.3105705561344423,4.291553449729552,32
2,B,291,False,6.340266335354904,1.6148601417919268,1.6148815562573176,3.9775739458061103,327
2,B,847,False,6.460549693458906,1.6160615188985434,1.6160829174446718,4.038316305451788,164
2,B,724,False,6.625152014939669,0.9942149180138801,0.9942497002228164,3.8097008575812428,480
2,B,330,False,6.66761114689159,1.609817191011271,1.6098386725592206,4.138724909725406,65
2,B,169,False,6.660709591659532,1.5564902846586877,1.5565125021755197,4.108611046917526,81
2,B,288,False,6.483112205598296,1.6155948380115046,1.615616242738737,4.049364224168516,131
2,B,755,True,8.123406987796562,1.215642098712067,1.2156705455644194,4.669538766680491,15
2,B,471,False,6.37887092374884,0.4523990097059304,0.45247544372564624,3.415673183737243,567
2,B,346,False,6.6671862470249845,1.6040792932878936,1.6041008516757298,4.135643549350357,70
2,B,25,False,6.412575765768285,1.6166620986122662,1.6166834892090753,4.01462962748868,228
2,B,474,False,6.519803558468745,1.601203426350736,1.6012250234583367,4.060514290963541,117
2,B,626,False,6.520184402747552,1.6147888667772827,1.6148102821878723,4.067497342467712,112
2,B,44,False,6.254615118941276,1.6035224628193205,1.6035440286933045,3.9290795738172903,407
2,B,143,False,6.365816681486109,1.5991724369002485,1.5991940614363516,3.9825053714612304,316
2,B,36,True,9.313196009530383,0.22076795847645708,0.2209245452222922,4.767060277376338,11
2,B,152,False,6.463676970654083,1.616052064602752,1.6160734632740652,4.039875216964074,155
2,B,833,False,6.426115813841107,1.6157657724681154,1.6157871749309374,4.020951494386022,197
2,B,195,False,6.492971236242809,1.595367113952586,1.5953887900675552,4.044180013155183,145
2,B,11,False,7.162265980302198,1.1849776164878185,1.1850067994610687,4.173636389881634,42
2,B,427,False,6.707620719450761,1.5698599609903146,1.5698819892948406,4.1387513543728005,64
2,B,545,False,6.913276489299374,1.5574958240262076,1.557518027199329,4.2353972582493515,34
2,B,802,False,6.549574009880519,1.4644566438563096,1.4644802576090605,4.00702713374479,266
2,B,444,False,8.398581542733401,0.16970199930824192,0.16990565547099515,4.284243599102198,33
2,B,406,False,6.6586867227294775,1.6080512883032192,1.6080727934410983,4.133379758085288,71
2,B,50,False,6.331403124665783,1.6155939728704523,1.6156153776091466,3.973509251137465,340
2,B,647,False,6.330385151817729,1.5672808658289594,1.567302930382441,3.948844041100085,387
2,B,478,False,6.3473551728638835,1.6114458245147771,1.6114672843523459,3.9794112286081145,322
2,B,393,False,6.330680285142092,1.589876000916128,1.589897751895031,3.9602890185185617,360
2,B,49,False,6.2309076720114565,1.6118972007797243,1.6119186546080186,3.9214131633097375,415
2,B,151,False,5.470701861631671,1.3847881160536868,1.3848130883102359,3.4277574749709534,564
2,B,837,False,6.59341486615194,1.57426455821156,1.5742865248844797,4.08385069551821,104
2,B,420,False,6.137425091758786,1.6053728287970668,1.60539436981438,3.871409730786583,441
2,B,404,False,6.666271690198054,1.6096776944535764,1.6096991778631171,4.137985434030586,68
2,B,591,False,6.598173042092107,1.598995708918809,1.5990173358449176,4.098595188968512,92
2,B,4,False,6.36907570738426,1.6100209804240497,1.610042459252995,3.9895590833186274,301
2,B,506,False,7.451116341646645,0.44049191343352057,0.44057041320558304,3.945843377426114,391
2,B,641,False,6.501994147478911,1.5868601168070007,1.586881909123846,4.0444380283013786,143
2,B,37,True,9.320627225394038,0.23818777525562834,0.23833291730904413,4.779480071351541,9
2,B,772,False,6.3452442672486296,1.6001691853566815,1.6001907964230015,3.9727175318358157,346
2,B,271,False,6.5894307382425525,1.6058724384747336,1.605893972790421,4.097662355516487,94
2,B,689,False,6.419775283076097,1.6166637052546826,1.6166850958302343,4.018230189453166,204
2,B,640,False,6.502915161049717,1.5863859754128198,1.5864077742428957,4.044661467646306,142
2,B,696,False,5.772669322314615,1.4030220020297441,1.4030466497488119,3.5878579860317132,548
2,B,17,False,6.227688696073991,1.6007816377570405,1.6008032405551682,3.91424596831458,419
2,B,656,False,6.127080985692783,1.605540500979471,1.605562039747211,3.866321512719997,450
2,B,499,False,6.376341222462265,0.4533695121149763,0.4534457825442702,3.4148935025032676,568
2,B,295,False,7.233458591836702,1.049542716565976,1.0495756652516783,4.14151712854419,59
2,B,729,False,6.41536845140574,1.6166675524422027,1.6166889429668516,4.016028697186296,220
2,B,605,False,5.638907270465586,1.3638418447449747,1.3638672005254726,3.501387235495529,558
2,B,372,False,6.4109873041251655,1.616609465725436,1.6166308570186618,4.013809080571914,241
2,B,380,False,6.482309593753788,1.6139058999221774,1.6139273270489682,4.048118460401378,133
2,B,257,False,6.1769331318159315,1.6068940447853461,1.6069155654104619,3.8919243486131965,434
2,B,160,False,6.213779482547306,1.4359045579036993,1.4359286411937164,3.824854061870511,473
2,B,23,False,6.251785923424667,1.6037993557521215,1.6038209179028482,3.927803420663758,411
2,B,614,False,6.444873124510388,1.6158228336169007,1.6158442353239264,4.030358679917157,179
2,B,560,False,7.190540324746035,0.09026521863342873,0.09064752002539644,3.6405939223857158,534
2,B,248,False,7.427946093651996,0.13405389497968823,0.13431161510100026,3.7811288543764983,486
2,B,337,False,6.174209294297223,1.6085443630076188,1.6085658615535146,3.891387577925369,436
2,B,744,False,6.323074743277336,1.5840449246082573,1.5840667556542538,3.953570749465795,376
2,B,148,False,6.676817066863765,1.6034464803665671,1.6034680472624785,4.140142557063122,61
2,B,12,False,6.4161220270405686,1.616682505788917,1.616703896115719,4.016412961578144,216
2,B,622,False,6.297547240818956,1.6035410599663014,1.6035626255901774,3.9505549332045664,384
2,B,817,False,6.384153013675396,1.5989804180027498,1.5990020451356721,3.991577529405534,299
2,B,72,False,6.411032862397064,1.6166880136921795,1.6167094039461078,4.013871133171586,233
2,B,73,False,6.081353692289279,1.4661568676824313,1.4661804540520147,3.7737670731706467,490
2,B,426,False,7.183327741666019,1.1260708070701853,1.1261015166171797,4.1547146291415995,53
2,B,110,True,9.35944926528909,0.1092202053342695,0.10953637042130779,4.734492817855199,12
2,B,214,False,6.399748640941635,1.6158443123577322,1.6158657137802777,4.007807177360956,260
2,B,604,True,8.536678689049175,0.2227802224156339,0.22293539577952456,4.37980704241435,25
2,B,1,False,6.466120096483577,1.6128248730897325,1.6128463145782757,4.039483205530926,158
2,B,363,False,5.388908771779386,1.3693060301146402,1.3693312847153278,3.379120028247357,572
2,B,88,False,5.854055880415434,1.410740657916404,1.4107651707815236,3.6324105255984787,536
2,B,555,True,8.148549330590303,1.2550340924275414,1.2550616464330493,4.701805488511676,14
2,B,750,False,6.32075016386402,1.5833950431621786,1.5834168831682867,3.9520835235161536,382
2,B,91,False,6.195845358633452,1.5958608748857828,1.5958825442942315,3.895863951463842,431
2,B,482,False,6.2460823536145575,1.6108870905562933,1.6109085578370776,3.928495455725818,409
2,B,86,False,5.529783867603487,0.31933387540574665,0.3194421499637562,2.9246130087836217,589
2,B,533,False,6.041019326681173,1.4844177664212022,1.4844410626423417,3.7627301946617573,497
2,B,74,False,6.748188360053419,1.458468744450569,1.4584924551505343,4.103340407601976,87
2,B,179,False,6.2936351266443875,1.612650615077407,1.6126720588828198,3.953153592763604,377
2,B,184,False,6.243167252658139,1.6141846065517764,1.6142060299789884,3.928686641318564,408
2,B,815,False,6.561210273249818,1.5887758933887994,1.5887976594284094,4.075003966339114,107
2,B,795,False,6.426007419178488,1.5649524443675311,1.5649745417493937,3.9954909804639405,284
2,B,365,False,6.5028097030699,1.5503088169822623,1.5503311230845995,4.02657041307725,185
2,B,150,False,6.017450238593899,1.4818923978117458,1.4819157337325424,3.7496829861632204,504
2,B,13,False,6.650351247378448,1.470132317957915,1.470155840547568,4.060253543963008,118
2,B,558,False,6.564566321082031,1.4133773035487074,1.4134017706860385,3.9889840458840347,302
2,B,266,True,7.004273951894714,1.5961788261641396,1.5962004912562033,4.3002372215754585,30
2,B,503,False,5.433201735388881,0.17186459149703764,0.17206568804458833,2.8026337117167346,592
2,B,212,False,6.301255311234148,1.612933059606335,1.6129544996567222,3.9571049054454353,363
2,B,619,True,7.431449144045846,1.4938554690034715,1.4938786180488013,4.462663881047324,18
2,B,823,False,6.234707859565451,1.5279025065140197,1.5279251397249927,3.881316499645222,440
2,B,856,False,5.939863927905517,1.4654403373785851,1.4654639352805907,3.7026639315930536,523
2,B,490,False,6.708856105880769,1.5064158280413145,1.5064387840749498,4.107647444977859,82
2,B,483,False,6.2487582520278036,1.6109223648088247,1.610943831619548,3.929851041823676,406
2,B,66,False,6.426231950930587,1.6157741691746315,1.6157955715262327,4.02101376122841,196
2,B,484,False,6.252433947034163,1.6110954300587716,1.6111168945635423,3.9317754207988527,404
2,B,661,False,6.410432543921246,1.6159262027381038,1.6159476030761029,4.0131900734986745,244
2,B,316,False,4.730318639673222,0.16666766720827833,0.16687502654520653,2.4485968331092143,597
2,B,68,False,6.304558230905396,1.5996842078096698,1.5997058254277456,3.952132028166571,381
2,B,467,False,6.371272647019154,0.5510536988630745,0.5511164506912218,3.461194548855188,563
2,B,289,False,6.418780265572825,1.6166715456296754,1.6166929361014903,4.017736600837158,209
2,B,535,False,7.291052323115788,0.2573559554736442,0.25749029303949755,3.7742713080776427,489
2,B,60,False,6.856711014076589,1.5766746216539504,1.5766965547496583,4.216703784413124,36
2,B,428,False,6.482947690610171,1.6139359436283582,1.6139573703562846,4.048452530483228,132
2,B,851,False,6.34584476282226,1.6005126722393672,1.6005342786677872,3.9731895207450236,343
2,B,339,False,7.151543139699866,1.1798177762063136,1.179847086805839,4.165695113252853,48
2,B,579,True,7.245527938361732,1.5592541226605536,1.5592763007965416,4.402402119579137,21
2,B,402,False,6.673721867234362,1.6033669967176232,1.6033885646826551,4.138555215958508,67
2,B,321,False,6.572001816024942,1.601646209946329,1.6016678010833751,4.086834808554158,102
2,B,519,False,4.364598757157715,0.1699036288420039,0.17010704360929735,2.2673529003835062,601
2,B,20,False,6.420211884833602,1.611324080648018,1.6113455421069667,4.015778713470285,224
2,B,128,True,8.54582194643509,0.14623320178439028,0.14646949339684415,4.346145719915968,26
2,B,349,False,6.491398541274457,1.4226756215428618,1.4226999287707096,3.957049235022583,364
2,B,630,False,6.29797596226506,1.6123857866409483,1.6124072339683804,3.95519159811672,370
2,B,675,True,7.342269952412141,1.4557214244015733,1.4557451798489869,4.399007566130564,22
2,B,94,False,6.179073740087735,1.5610036365933326,1.5610257898732562,3.8700497649804957,447
2,B,101,False,6.241408101557461,1.601384161015217,1.601405755685368,3.9214069286214146,416
2,B,201,False,7.42606592744967,0.5639053782207648,0.5639667000613757,3.995016313755523,288
2,B,686,False,6.134992242571441,1.5897711804561157,1.589792932869135,3.862392587720288,455
2,B,178,False,6.405142086702905,1.6066929705790793,1.6067144938974194,4.0059282903001625,268
2,B,658,False,6.447000772802762,1.612636084040968,1.6126575280396027,4.0298291504211825,181
2,B,440,False,6.403238717977475,1.6160556128979717,1.6160770115223015,4.009657864749888,255
2,B,608,False,6.445285171036109,1.61590634984685,1.6159277504477683,4.0306064607419385,176
2,B,662,False,6.41100453209838,1.6166827610206969,1.616704151344122,4.013854341721251,235
2,B,785,False,7.131108048867631,1.232225959194855,1.2322540232052377,4.1816810360364345,40
2,B,396,False,6.298715962629447,1.61343154592717,1.6134529793535204,3.9560844709914837,368
2,B,610,False,6.304061344076366,1.612186870970474,1.6122083209440963,3.9581348325102312,361
2,B,644,False,6.345938196722177,1.6146142501551866,1.61463566788177,3.9802869323019734,320
2,B,405,False,6.667852606211699,1.6094193441926135,1.609440831050709,4.138646718631204,66
2,B,600,False,6.408836504832142,1.6166336316398993,1.6166550226133662,4.012745763722754,247
2,B,323,False,6.331836591385749,1.6156054203776233,1.6156268249646546,3.973731708175202,338
2,B,763,False,7.820944217740628,0.5532514937513561,0.5533139963257037,4.187129107033166,39
2,B,634,False,6.416091978120198,1.6163031420153058,1.6163245373625816,4.01620825774139,219
2,B,812,False,6.3742896043254085,1.6159671813170804,1.615988581112405,3.9951390927189068,286
2,B,229,False,5.99475069007029,1.4996860653081667,1.4997091243542213,3.7472299072122555,508
2,B,760,False,6.3752113585556724,1.613448301888274,1.6134697350920373,3.994340546823855,290
2,B,332,False,6.056456476119413,1.4378371301987682,1.4378611811193889,3.747158828619401,509
2,B,796,False,6.602241764284855,1.6076041314199359,1.6076256425394129,4.104933703412134,86
2,B,130,False,6.401817402451018,1.6166546548009666,1.6166760454962665,4.009246723973642,257
2,B,456,False,5.409431611875274,1.3017693624802484,1.3017959272804807,3.355613769577877,575
2,B,125,False,5.67980460781158,1.441624750807634,1.4416487385396581,3.560726673175619,550
2,B,477,False,6.219273104809137,1.6084049766041901,1.608426477013152,3.9138497909111445,420
2,B,352,False,6.625204478848421,1.5873374393791755,1.5873592251430209,4.106281851995721,84
2,B,844,False,6.453501129105449,1.6161553446393035,1.6161767419431579,4.034838935524304,165
2,B,505,False,7.465272743344096,0.3600164874736454,0.3601125302522469,3.9126926367981714,422
2,B,198,False,6.410945441455814,1.6166879001839973,1.6167092904394273,4.013827365947621,238
2,B,329,False,6.255559946806649,1.4840042458138707,1.4840275485264447,3.869793747666547,448
2,B,99,False,5.637817733457472,1.0863019644654848,1.086333798237625,3.3620757658475484,574
2,B,368,False,6.483335710788614,1.5151854395683328,1.5152082627387222,3.9992719867636684,276
2,B,598,False,6.42360125888898,1.6156457605914958,1.6156671646440943,4.019634211766538,200
2,B,400,False,6.343337183281336,1.613891960792378,1.613913388104232,3.978625285692784,324
2,B,262,False,6.401118836524358,1.6158088392815089,1.6158302411738898,4.008474538849124,258
2,B,659,False,6.447735682745241,1.6128425638882171,1.612864005141578,4.030299843943409,180
2,B,293,False,6.408108908994968,1.6166103795415123,1.6166317708226468,4.0123703399088075,248
2,B,804,False,6.820911770622701,0.21033133485784486,0.21049568550185732,3.515703728062279,557
2,B,424,True,9.255225573064909,0.3272765555286142,0.3273822032281047,4.791303888146507,7
2,B,769,False,6.418829923247105,1.6159317240981927,1.6159531243630714,4.017391523805088,210
2,B,726,False,6.38120968321889,1.4431445297211922,1.4431684921920986,3.912189087705494,423
2,B,193,False,6.488539718160092,1.5963007628410228,1.596322426278177,4.042431072219134,149
2,B,517,False,6.683126720959522,1.5959351240261717,1.5959567924264888,4.1395417566930055,62
2,B,280,False,6.663504406515578,1.5354867410438278,1.5355092624641535,4.0995068344898655,91
2,B,306,False,6.655310606202901,1.603982712368781,1.6040042720546994,4.129657439128801,74
2,B,112,True,8.4786219272951,0.42045312550766384,0.42053536586234613,4.449578646578723,20
2,B,717,False,6.387413665753756,1.5791397378832235,1.5791616367407455,3.9832876512472506,314
2,B,0,False,6.465935544486888,1.6128526630650055,1.6128741041841097,4.039404824335499,159
2,B,580,True,9.736529071821964,0.13778509949284545,0.13803585343695052,4.937282462629457,3
2,B,79,False,5.814481128134194,1.393802942684034,1.3938277534281223,3.604154440781158,544
2,B,100,False,5.917649679827497,1.5037916918743301,1.5038146879659324,3.710732183896715,521
2,B,730,True,9.380776137261316,0.33357702643154374,0.3336806793248971,4.857228408293107,4
2,B,825,False,6.588179631453756,1.601047827965896,1.6010694271723906,4.094624529313073,99
2,B,371,False,6.565589631159072,1.524144043384484,1.5241667324069956,4.044878181783034,139
2,B,492,False,6.539839935267477,1.5496694637448023,1.5496917790499236,4.0447658571587,140
2,B,188,False,6.320977668363476,1.6122419478119618,1.6122633970528273,3.9666205327081516,354
2,B,121,False,6.617263598955186,1.6077553904821666,1.6077768995778856,4.112520249266536,79
2,B,157,False,4.382586679451618,1.4071272692966026,1.4071518451076725,2.8948692622796455,590
2,B,52,False,6.390756187623051,1.6003491220759927,1.6003707307124855,3.9955634591677684,283
2,B,273,False,6.958995871831158,1.3593411596230063,1.3593665993531816,4.15918123559217,51
2,B,596,False,6.4762668863750115,1.614475805081449,1.6144972246446283,4.04538205550982,138
2,B,720,False,6.3599804793336165,1.6132418442582779,1.613263280204959,3.9866218797692876,306
2,B,367,False,6.439513112304191,1.5993533041426407,1.5993749262333068,4.019444019268748,202
2,B,805,False,6.811196232798597,0.37877320846093543,0.37886449640947517,3.5950303646040362,546
2,B,344,False,5.982494996857378,1.5923852553857576,1.592406972090294,3.787450984473836,484
2,B,590,False,6.597474246083334,1.595956202801841,1.595977870915974,4.096726058499654,97
2,B,114,True,8.535950061805936,0.22827416700232186,0.2284256082675887,4.3821878350367625,24
2,B,542,False,6.517797239695348,1.6138336878417288,1.6138551159272783,4.065826177811313,115
2,B,784,False,6.497665746663009,1.6078765606673684,1.6078980681421753,4.052781907402593,128
2,B,733,False,6.396845628729359,1.6156605594875724,1.6156819633441197,4.006263796036739,267
2,B,826,False,6.439400346913714,1.3603978976258126,1.360423317595132,3.899911832254423,430
2,B,315,False,6.453178891556046,1.6160334222109112,1.6160548211290742,4.03461685634256,167
2,B,625,False,6.573511846875672,1.3986722476817726,1.3986969720518434,3.9861044094637577,308
2,B,597,False,6.471579570758811,1.6147523014537097,1.614773717349235,4.043176644054023,147
2,B,721,False,5.202870418220357,1.3601517064072854,1.3601771309776032,3.28152377459898,581
2,B,617,False,7.280084712834789,1.306775391441334,1.3068018544785074,4.293443283656648,31
2,B,425,False,6.300641832965893,1.6119232723301729,1.6119447258114736,3.9562932793886834,367
2,B,80,False,5.518397152387953,0.3421212066621347,0.3422222716886922,2.930309712038323,587
2,B,583,False,6.511899242065114,1.6075833945280549,1.6076049059250093,4.059752073995062,119
2,B,695,False,5.779026294318108,1.4042219116469432,1.4042465383048695,3.5916364163114887,547
2,B,510,False,6.4178793882480445,1.6166714321989337,1.6166928226722497,4.017286105460147,212
2,B,511,False,6.3558490476875225,1.6114205762974425,1.6114420364712456,3.983645542079384,313
2,B,230,False,5.996081460540557,1.500149671616028,1.5001727235360236,3.74812709203829,506
2,B,621,False,5.872386663226308,1.4119019776461716,1.411926470349283,3.6421565667877958,533
2,B,48,False,5.970655477060498,1.569454759423337,1.5694767934150473,3.7700661352377725,492
2,B,303,False,6.444624437869359,1.6041571723955983,1.6041787297368255,4.024401583803092,188
2,B,609,False,6.332932874098563,1.6129564312072966,1.6129778709470235,3.9729553725227933,344
2,B,190,False,6.4038871035418445,1.6102800222671543,1.6103014976408985,4.007094300591372,265
2,B,54,False,6.40795638954536,1.6165526371342411,1.6165740291794508,4.012265209362406,250
2,B,674,False,5.923393189493481,1.5839311708924837,1.5839530035063063,3.753673096499894,503
2,B,827,False,6.418629534235926,1.5828473128304812,1.5828691603940261,4.000749347314976,272
2,B,235,False,6.33611933246687,1.6141630315313154,1.614184455244871,3.9751518938558705,332
2,B,422,False,6.095586687433178,1.6080449335132596,1.6080664387361232,3.8518265630846504,462
2,B,732,True,9.305000019896163,0.22941424003313637,0.22956492920695762,4.7672824745515605,10
2,B,224,False,6.379081771852234,1.6157233237530195,1.6157447267781253,3.9974132493151795,279
2,B,603,False,6.339481479130653,1.6072593052183681,1.607280820952843,3.9733811500417477,342
2,B,123,False,6.313686946349688,1.6117972717867188,1.6118187269451003,3.962752836647394,357
2,B,145,False,6.415255985180764,1.6165167981385453,1.6165381906580212,4.0158970879193925,223
2,B,814,False,6.28506064212246,0.036111657573714866,0.03705691574504276,3.1610587789337514,586
2,B,574,False,6.905580713791184,1.4318167539524187,1.4318409059985173,4.168710809894851,46
2,B,204,False,6.458088060320723,1.5864728936565842,1.5864946912923819,4.022291375806552,194
2,B,173,False,6.049712486380535,1.5977194601397018,1.5977411043410363,3.823726795360786,475
2,B,153,False,6.341474622188819,1.61321140985169,1.6132328462027705,3.9773537341957947,328
2,B,155,False,6.083627616246209,1.6048702625764,1.6048918103392071,3.8442597132927077,465
2,B,117,False,6.289491081004077,1.6041816785362832,1.604203235548196,3.9468471582761366,390
2,B,242,False,6.429296022171596,1.6156423698231994,1.6156637739207182,4.022479898046157,193
2,B,325,False,6.463879272628425,1.6159870034319237,1.6160084029647563,4.03994383779659,154
2,B,191,False,6.4051455496222545,1.6103834967084314,1.610404970702304,4.007775260162279,261
2,B,607,False,6.445213231314284,1.6159271187685267,1.6159485190943943,4.030580875204339,177
2,B,397,False,6.502767845480631,1.6118212957227698,1.6118427505613697,4.057305298021,124
2,B,616,False,6.574590692665197,1.6014990734709993,1.6015206665916877,4.088055679628442,101
2,B,106,False,6.156095229026047,1.5849726663076107,1.5849944845752841,3.8705448568006653,445
2,B,602,False,5.964306301756412,1.4768148648404384,1.476838280992708,3.7205722913745602,517
2,B,225,False,6.399299123035777,1.6161145769939038,1.6161359748375133,4.007717548936645,263
2,B,251,False,7.414002325328243,0.291976498358576,0.29209491400150994,3.8530486196648766,459
2,B,375,False,5.8859390642377285,1.5734574754444588,1.5734794533847158,3.729709258811222,514
2,B,253,False,7.4095439198416,0.3156157172031665,0.315725266865804,3.862634593353702,454
2,B,172,False,6.368063149806275,1.5978881925112318,1.5979098344270322,3.9829864921166536,315
2,B,318,False,6.231608419140434,1.6119353733150752,1.6119568266353241,3.921782622887879,414
2,B,857,False,6.392931573189585,1.6074254405968487,1.607446954107596,4.00018926364859,274
2,B,587,False,6.507096075400511,1.6077010161388652,1.6077225259620374,4.057409300681274,123
2,B,507,False,7.487466517560683,0.17909593934580093,0.1792889251514682,3.8333777213560754,471
2,B,379,False,6.415361745740754,1.616516647554944,1.6165380400764124,4.0159498929085835,221
2,B,788,False,7.711109740490046,0.16969846808303515,0.16990212847855338,3.9405059344842996,396
2,B,161,False,7.4632628772177325,0.4012932389445467,0.40137940507008957,3.932321141143911,403
2,B,436,False,6.414534644253437,1.6166457835611794,1.6166671743738579,4.0156009093136475,225
2,B,808,False,6.782017827825043,0.741608746494312,0.7416553755408765,3.7618366016829596,498
2,B,334,False,6.453408732663062,1.6160475403414485,1.6160689390726684,4.0347388358678655,166
2,B,722,False,5.207191421790923,1.3620036838375957,1.362029073837631,3.284610247814277,580
2,B,296,False,6.2968648698552485,1.6123023723369847,1.612323820774004,3.9545943453146264,374
2,B,141,False,6.476407349425302,1.6144845700053674,1.6145059894522629,4.045456669438782,137
2,B,465,False,6.507253804864239,1.6077884853637747,1.6078099940167543,4.057531899440496,122
2,B,43,False,5.470598981105924,1.3785667623716014,1.3785918473237586,3.4245954142148416,565
2,B,557,False,7.2001727491826495,0.3792298542582017,0.37932103230971903,3.7897468907461844,482
2,B,672,False,5.931330914642161,1.585246599438811,1.585268413936305,3.758299664289233,499
2,B,861,False,6.755079233524238,1.5889066097411495,1.588928373990133,4.172003803757185,44
2,B,403,False,6.675328120581083,1.6035543453302752,1.6035759107754834,4.139452015678283,63
2,B,489,False,6.367344526148997,1.6091125525614347,1.609134043516136,3.9882392848325665,304
2,B,61,False,6.862145547885446,1.575967484338803,1.5759894272757635,4.219067487580605,35
2,B,351,False,6.704065230627701,1.5619124898702936,1.5619346302597412,4.132999930443721,73
2,B,712,False,6.411004398417957,1.6166880138632072,1.616709404117133,4.013856901267546,234
2,B,468,False,6.416016699570938,0.6343883760312166,0.6344428854005206,3.5252297924857294,555
2,B,361,False,6.009891918706119,1.5064024069387487,1.506425363176905,3.7581586409415118,500
2,B,268,False,6.411031732663663,1.6166288831392406,1.6166502741755382,4.013841003419601,236
2,B,459,False,5.684743913474475,1.579793983992805,1.5798158737813952,3.632279893627935,537
2,B,345,False,6.4125174521930575,1.6166755818191116,1.616696972237524,4.0146072122152905,229
2,B,312,False,6.361233591864611,1.614055495055816,1.6140769201967078,3.9876552560306595,305
2,B,58,False,4.842650147616366,0.06493960456221683,0.06546995824430508,2.454060052930336,596
2,B,663,False,6.410908724396614,1.6166816219850544,1.61670301232355,4.013805868360082,242
2,B,502,False,5.4309019196596635,0.10744411478963603,0.1077654907414356,2.7693337052005496,594
2,B,779,False,6.335084331602604,1.608665755658649,1.6086872525822495,3.9718857920924266,348
2,B,41,False,5.454484484390495,1.3702990183301291,1.3703242546303884,3.4124043695104413,569
2,B,176,False,6.057408550249855,0.784046332899394,0.7840904382306937,3.4207494942402743,566
2,B,553,False,6.446453840307056,1.6157823208054358,1.6158037230490634,4.03112878167806,173
2,B,782,False,7.193908545970479,0.09556911291933433,0.09593027955761639,3.6449194127640476,532
2,B,137,False,6.63306278989853,1.5773877551108457,1.577409678290788,4.105236234094659,85
2,B,756,False,7.483351559692603,0.23199798296819293,0.23214699501204814,3.8577492773523256,458
2,B,790,False,6.324480366734041,1.6131664172056517,1.613187854154603,3.968834110444322,351
2,B,328,False,6.628806440238742,1.5954267581390442,1.5954484334436743,4.112127436841209,80
2,B,595,False,6.460056408053121,1.606997656246468,1.6070191754840562,4.033537791768588,168
2,B,690,False,6.3524243009544366,1.6154971130984122,1.6155185191204458,3.9839714100374413,310
2,B,573,False,6.68680849215343,1.2837017474004717,1.2837286860823975,3.985268589117914,309
2,B,343,False,6.174165458988031,1.6086104157248422,1.608631913387977,3.891398686188004,435
2,B,97,False,6.008025618008243,1.5340808713275444,1.5341034133867548,3.771064515697499,491
2,B,520,False,6.68774222328886,1.5971240908620619,1.5971457431317224,4.142443983210291,57
2,B,90,False,5.919430038881098,1.5053077112208362,1.5053306841530623,3.71238036151708,518
2,B,423,False,6.405456111396934,1.6165950631018546,1.6166164545856583,4.011036282991296,253
2,B,64,False,6.445725305000447,1.616140563378535,1.6161619608780868,4.030943632939267,175
2,B,736,False,6.4991396328945426,1.615069079990489,1.6150904916855706,4.057115062290056,125
2,B,307,False,6.654780051860691,1.6041826143214721,1.6042041713208102,4.129492111590751,75
2,B,439,False,6.419583815055389,1.6159289574346123,1.6159503577361303,4.017767086395759,208
2,B,685,False,6.432357909915946,1.6158000636588403,1.6158214656674563,4.024089687791701,189
2,B,618,False,5.306686491378092,1.4181647793211927,1.4181891638631785,3.362437827620635,573
2,B,102,False,6.19515054822558,1.5956600733155941,1.5956817454509347,3.8954161468382575,432
2,B,207,False,6.351950469174034,1.5974140135182928,1.597435661858228,3.974693065516131,334
2,B,508,False,6.313872322049682,1.6104955165038821,1.610516989004127,3.9621946555269045,358
2,B,739,False,6.500593250923441,1.5809584519790139,1.580980325644723,4.040786788284082,153
2,B,475,False,6.136675153311698,1.605749196414946,1.6057707323833808,3.871222942847539,442
2,B,310,False,6.3275080890610464,1.6126074086073134,1.612628852987261,3.970068471024154,350
3,B,269,False,6.420484257645221,1.804564359754041,1.8045819682795472,4.112533112962384,170
3,B,196,False,6.43527970242657,1.7925370705437615,1.792554797215076,4.1139172498208225,168
3,B,491,False,6.466592923672233,1.7684074342166023,1.768425402763068,4.117509163217651,161
3,B,45,False,6.177188091467513,1.6438398806250427,1.643859210783736,3.9105236511256245,410
3,B,14,False,6.3650903199284885,1.8072797345118548,1.807297316581423,4.086193818254956,219
3,B,382,False,6.48269215104596,1.79508633095533,1.7951040324526712,4.138898091749316,133
3,B,82,False,5.6922957685446605,1.161408672730316,1.161436032176704,3.4268659003606823,536
3,B,132,False,6.386285341204388,1.6383889142055126,1.6384083086754324,4.01234682493991,334
3,B,10,False,6.417409029321569,1.7344748071501714,1.7344931272229926,4.075951078272281,238
3,B,577,False,6.441511463397933,1.7415980431450548,1.741616288288513,4.091563875843223,204
3,B,862,False,7.570314562935386,1.2401550202949971,1.2401806425307795,4.405247602733083,51
3,B,636,False,4.8742022357755985,1.3287235500187013,1.3287474643887274,3.101474850082163,555
3,B,391,False,6.5705778918734685,1.7557661196317496,1.7557842175483591,4.163181054710914,112
3,B,133,False,7.399565581307008,0.661374056402604,0.6614220998935605,4.030493840600284,309
3,B,250,False,7.327275667179964,0.6661710643715766,0.6662187619326939,3.9967472145563288,358
3,B,679,False,6.361886388723452,1.7991059311485096,1.799123593097183,4.080504990910318,229
3,B,59,False,6.487150001421176,1.7531540451555498,1.7531721700364857,4.120161085728831,159
3,B,488,False,7.8909960759318905,0.5694105987151937,0.569466400830082,4.230231238380986,77
3,B,297,False,6.208607644415192,1.7915860043473162,1.7916037404287686,4.000105692421981,351
3,B,692,True,7.354365010914925,1.7420789545764166,1.7420971946832453,4.548231102799085,24
3,B,7,False,5.730698622696082,1.7378810365988973,1.7378993207649371,3.7342989717305093,474
3,B,746,False,6.346234347547766,1.736551321693061,1.7365696198595348,4.041401983703651,292
3,B,283,False,6.817544853325607,1.5948656490070954,1.5948855727380558,4.2062152130318315,87
3,B,737,True,7.490671060365507,1.6098094200572,1.6098291588395555,4.550250109602532,23
3,B,197,False,6.421343142112709,1.801651930335669,1.8016695673256555,4.111506354719182,172
3,B,853,False,6.349697529577495,0.4962323413704561,0.49629637150313427,3.4229969505403144,538
3,B,516,False,5.802911310817022,1.7401605642428124,1.7401788244577152,3.7715450676373683,462
3,B,538,False,6.711978533284983,1.421196190992536,1.421218549357158,4.066598541321071,256
3,B,170,False,7.051039893691142,1.3021102429686102,1.3021346461057492,4.176587269898445,101
3,B,392,False,6.597314839775185,1.765726058042292,1.7657440538749505,4.181529446825068,98
3,B,593,False,6.556631853855471,1.7162852486349123,1.7163037628657039,4.136467808360587,136
3,B,829,False,6.156118157555533,1.7435138983037604,1.7435321233988055,3.949825140477169,385
3,B,562,False,7.273794934588343,1.6964399531722847,1.696458683983891,4.485126809286117,32
3,B,215,False,6.18638935441917,1.766149633638787,1.7661676251555494,3.9762784897873598,369
3,B,725,False,5.977246005928679,1.7016318985445504,1.7016505722061457,3.839448289067412,435
3,B,747,False,6.351422851612209,1.735087419772701,1.7351057333772664,4.0432642924947375,288
3,B,822,False,6.13526640436065,1.7800766071891958,1.7800944579452436,3.957680431152947,381
3,B,819,False,6.611790515463837,0.22443597457420145,0.22457751095834116,3.4181840132110892,539
3,B,745,False,6.325745417868946,1.7353819655137641,1.735400276010001,4.0305728469394735,308
3,B,648,False,7.470755553530371,1.4909929562113249,1.4910142679454672,4.480884910737919,34
3,B,22,False,6.457748390888685,1.806932715045885,1.8069503004920378,4.132349345690361,140
3,B,419,False,6.300900560435324,0.16030444598923346,0.1605025456155986,3.2307015530254612,547
3,B,563,True,7.330275560184048,1.6946996267876286,1.6947183768341274,4.512496968509088,26
3,B,683,False,6.208975868020259,1.7920043822648282,1.7920221142054917,4.000498991112876,349
3,B,77,False,6.47385076530644,1.6870882052146041,1.687107039852364,4.080478902579402,230
3,B,776,False,7.376524451021552,0.5985791770445825,0.5986322601869548,3.9875783556042537,362
3,B,752,False,6.3798885668787655,1.7846697226369619,1.784687527451868,4.082288047165317,227
3,B,19,False,6.291905327097136,1.755185637100147,1.7552037410021155,4.023554534049626,317
3,B,547,False,7.348432785567292,1.5047836873567146,1.5048048037802255,4.426618794673759,43
3,B,166,False,6.636596922369138,1.550095584570273,1.5501160837335468,4.093356503051343,201
3,B,446,False,6.3951077979896755,1.8080332459183202,1.8080508206605004,4.101579309325088,189
3,B,398,False,7.697868587940769,0.5346355664917892,0.5346949978288265,4.116281792884798,162
3,B,652,False,5.869518295616222,1.7374395249703176,1.7374578137826124,3.803488054699417,448
3,B,2,False,6.5669522298445315,1.754946861071636,1.7549649674367749,4.160958598640653,114
3,B,735,False,6.3768443139758,1.7510965943374146,1.7511147405139573,4.063979527244879,260
3,B,854,False,6.259129766330279,0.30155010367152424,0.3016554603674186,3.2803926133488486,545
3,B,797,False,6.669169240392668,1.5947030514308855,1.5947229771932647,4.131946108792966,141
3,B,501,False,6.384400378301129,0.774935805987083,0.7749768094246576,3.5796885938628935,505
3,B,824,False,6.354465979450694,1.7797226316330945,1.779740485939509,4.067103232695102,254
3,B,300,False,6.3823413612920845,1.7947924040906873,1.7948101084869121,4.088575734889498,208
3,B,849,False,6.0405243116264575,1.7350343615447614,1.7350526757093603,3.887788493667909,419
3,B,165,False,7.400320527643829,0.6097228630306092,0.6097749760751218,4.005047751859475,341
3,B,762,False,7.539700697607917,1.1471228719734488,1.1471505721350557,4.343425634871487,58
3,B,469,False,6.308583749983332,1.2321854285945868,1.2322112165477141,3.770397483265523,463
3,B,806,False,6.657227014271674,1.3708508827677492,1.3708740622428779,4.014050538257276,331
3,B,738,True,7.504791072789839,1.6024085849650727,1.6024284149112369,4.553609743850538,22
3,B,773,False,5.3848897982498904,1.6540374711052308,1.6540566820896312,3.519473240169761,523
3,B,451,False,6.307466343465292,1.804698649822118,1.8047162570373625,4.056091300251327,267
3,B,222,False,6.295684090544258,1.7936629158798183,1.7936806314245757,4.0446823609844165,284
3,B,309,False,6.101817988041646,1.8001679378896136,1.8001855894187453,3.9510017887301956,384
3,B,139,False,6.541339920802858,1.7982688073000097,1.7982864774705314,4.169813199136694,105
3,B,236,False,6.113556090830453,1.535614253194532,1.5356349456688503,3.8245955182496516,441
3,B,846,False,6.605239717719157,1.762476509794936,1.76249453880689,4.1838671282630235,94
3,B,592,False,6.578437820657928,1.7732703218813601,1.7732882411526882,4.175863030905308,102
3,B,355,False,7.274781644064907,1.5461768075844748,1.5461973587020805,4.410489501383494,47
3,B,860,False,7.478017902547438,1.4021363560289788,1.4021590183154673,4.440088460431452,38
3,B,830,False,6.378671490193167,1.806055913706904,1.80607350769033,4.0923724989417485,202
3,B,255,False,5.587076202543817,1.6907250925611148,1.690743886684486,3.6389100446141516,494
3,B,589,False,6.542796600319422,1.709168245078133,1.7091868364016372,4.125991718360529,149
3,B,654,False,6.885321749940531,1.7650493218206096,1.7650673245529662,4.325194537246749,62
3,B,163,False,6.641763751452107,1.5656521233281586,1.565672418811529,4.103718085131818,183
3,B,606,False,5.9773326357975405,1.706943646141119,1.7069622616937696,3.842147448745655,434
3,B,16,False,6.0586981163661076,1.7656897992040301,1.7657077954062332,3.9122029558861704,409
3,B,700,False,6.223300118243176,1.752600785230077,1.7526189158326044,3.9879595170378903,361
3,B,524,False,6.8873717982938825,1.5675063478005866,1.5675266192764656,4.227449208785174,79
3,B,434,False,6.145042848096612,1.7300108236511784,1.7300291909951697,3.937536019545891,392
3,B,781,False,4.806150702214668,1.2967553843638582,1.2967798882701065,3.0514652952423873,558
3,B,284,False,6.069925046653514,1.7880416157450454,1.7880593869839236,3.928992216818719,400
3,B,571,False,6.556299076864203,1.769630638767199,1.7696485948935672,4.162973835878885,113
3,B,135,False,6.512316126955186,1.6182090754338727,1.6182287117591634,4.065272419357175,258
3,B,653,False,5.6069154042864024,1.7078509741356622,1.707869579798558,3.6573924920424803,487
3,B,834,False,6.321513816894877,1.7715769216774897,1.7715948580771685,4.046554337486023,281
3,B,523,False,6.426128479127496,1.8040729709183299,1.8040905842399548,4.115109531683726,166
3,B,718,False,6.344979573137942,1.8068948263337594,1.8069124121486573,4.0759459926433,239
3,B,350,False,6.890493492134276,1.3830871750073246,1.383110149415047,4.136801820774662,135
3,B,187,False,6.669639749904241,1.7480290511948355,1.7480472292150144,4.208843489559627,86
3,B,835,False,6.764788715758805,1.7518522597728285,1.751870398122058,4.258329556940431,69
3,B,199,False,5.9424463146465865,1.7498665236880953,1.7498846826203809,3.846165498633484,432
3,B,575,False,6.356950867232362,1.7745765707330727,1.7745944768143296,4.065772672023345,257
3,B,787,False,6.45359239302773,1.7960832772226638,1.7961009688945875,4.124846680961158,152
3,B,684,False,6.287329837459753,1.7835617087799067,1.7835795246557056,4.035454681057729,298
3,B,534,False,6.3182805660878145,1.801418378650909,1.801436017927487,4.059858292007651,264
3,B,53,False,6.305415642448512,1.7358909268381715,1.7359092319658473,4.0206624372071795,322
3,B,670,False,4.890376211291644,0.9263954676340653,0.9264297675474978,2.908402989419571,562
3,B,285,False,6.338487320368024,1.8021192711361667,1.8021369035524244,4.070312111960225,248
3,B,231,False,6.470903281580228,1.7881722353993332,1.7881900053400983,4.129546643460163,144
3,B,761,False,6.254864747882625,1.7569308690471657,1.7569489549659663,4.005906851424296,339
3,B,277,False,5.81806440094345,1.7695228960479654,1.7695408532676353,3.7938026271055425,455
3,B,807,False,6.557081071884541,1.655435378639225,1.6554545734013866,4.106267822642964,179
3,B,544,False,7.4635745662949216,1.3811445152918003,1.3811675220138193,4.422371044154371,45
3,B,357,False,7.226360969015183,1.5921479490774586,1.5921679068165926,4.409264437915888,49
3,B,777,False,6.170099740581935,1.802172779097243,1.8021904109899853,3.9861450757859602,365
3,B,98,False,5.771206489167701,1.1896995577370004,1.1897262665944577,3.4804663778810796,526
3,B,624,True,7.547092388005233,1.682900042789258,1.682918924299462,4.615005656152348,16
3,B,449,False,6.493336306867005,1.7995283210104884,1.7995459788135448,4.146441142840275,124
3,B,200,False,6.425075689133803,1.742944353671889,1.7429625847223145,4.084019136928059,224
3,B,615,False,7.019171513951426,1.6878625324624692,1.6878813584597088,4.353526436205567,56
3,B,416,False,7.363957495153444,1.6055921828367876,1.6056119734642529,4.484784734308848,33
3,B,680,False,6.388615755686933,1.7985643793794792,1.7985820466461526,4.093598901166543,200
3,B,168,False,7.19573084816898,1.1890254749463927,1.1890521989453056,4.192391523557142,89
3,B,512,False,5.917407854389213,1.649971048759618,1.6499903070897373,3.783699080739475,460
3,B,727,False,5.445113169441205,0.2771554848001009,0.2772701110829496,2.8611916402620774,563
3,B,219,False,6.316372808223565,1.7929710306534363,1.7929887530343345,4.054680780628949,270
3,B,232,False,6.265351909353043,1.7350613672980604,1.7350796811776072,4.0002157952653254,350
3,B,267,False,6.423119326961632,1.7918420584944172,1.7918597920414092,4.107489559501521,175
3,B,272,False,6.126616387199823,1.7729912523035092,1.7730091743953096,3.9498127807975663,386
3,B,734,False,5.543251545405793,1.6066978146299886,1.6067175916389145,3.574984568522354,507
3,B,742,False,6.3246393577768245,1.7383693928739425,1.738387671903506,4.0315135148401655,307
3,B,246,False,6.422653929079113,1.7650573473864681,1.7650753500369687,4.09386463955804,199
3,B,810,False,6.664208708676601,1.3883724624544878,1.3883953494041639,4.026302029040383,313
3,B,639,False,6.370210300295075,1.7808687756202806,1.7808866184360108,4.075548459365543,241
3,B,559,False,6.577655358119676,0.8809805373092521,0.8810166053275448,3.7293359817236107,476
3,B,223,False,6.37220270409517,1.7948840735503135,1.794901777042337,4.083552240568753,225
3,B,270,False,7.12219960060978,1.3384381576375621,1.3384618984361876,4.230330749522984,76
3,B,63,False,6.58155020147499,1.7914153248977582,1.7914330626690222,4.186491632072006,93
3,B,642,False,6.682535228642096,1.7444390466341395,1.7444572620637622,4.213496245352929,82
3,B,47,False,5.438110945085507,0.21783324667332363,0.2179790703288123,2.8280450077071597,565
3,B,249,False,7.410197358893319,0.3032373325816554,0.30334210327023475,3.856769731081777,427
3,B,582,True,7.958530963004165,1.5929790333832465,1.5929989807102183,4.775764971857192,1
3,B,552,False,6.307358607207067,1.7360507425215346,1.7360690459641124,4.021713826585589,320
3,B,340,False,6.588783301428736,1.6928206743379073,1.6928394451958577,4.140811373312297,130
3,B,498,False,6.2354801159257525,0.8700071763024407,0.8700436992260323,3.5527619075758925,517
3,B,107,False,7.275427372123501,1.7055487668264062,1.7055673976035797,4.4904973848635406,31
3,B,550,False,6.300478458182608,1.7331966845286237,1.7332150181111936,4.016846738146901,326
3,B,515,False,5.939756330125515,1.6609359743843175,1.6609551055790623,3.800355717852289,451
3,B,124,False,6.3814537621519225,1.7286238505293703,1.7286422326103683,4.055047997381146,269
3,B,308,True,7.898065973483625,1.5739511457563526,1.5739713342284565,4.736018653856041,3
3,B,588,True,7.774549809998206,1.5795796264734692,1.57959974300936,4.677074776503783,4
3,B,260,False,5.364290005268842,1.761416061558308,1.7614341014243917,3.562862053346617,513
3,B,122,False,7.089798946723283,0.9532795255031765,0.9533128581366841,4.021555902429983,321
3,B,42,True,7.411335787151183,1.5717271333738603,1.5717473504125226,4.4915415687818525,30
3,B,480,False,5.939143036392835,1.7247316540309339,1.7247500775942737,3.8319465569935542,438
3,B,103,False,6.0740010539457305,1.6667633213769022,1.6667823856858264,3.8703917198157782,423
3,B,247,False,6.473424632643233,1.751253663331191,1.7512718078802298,4.112348220261731,171
3,B,521,False,5.758968997720122,1.6794607598554905,1.679479680031751,3.7192243388759367,478
3,B,142,False,6.630253157610294,1.6966692170096398,1.6966879452902577,4.163470551450276,111
3,B,220,False,6.316372808223565,1.7929710306534363,1.7929887530343345,4.054680780628949,271
3,B,336,False,5.282758454985048,1.7559481743469156,1.755966270387173,3.5193623626861106,524
3,B,192,False,4.700020836283917,0.12354516197907296,0.12380209527147598,2.4119114657776963,570
3,B,83,False,5.8977989125006465,1.2563531952982776,1.2563784871929973,3.577088699846822,506
3,B,164,False,7.368925000475769,0.5507985591752729,0.5508562467057343,3.9598906235907516,380
3,B,116,False,6.4747771446354045,1.800528544773944,1.8005461927678914,4.137661668701648,134
3,B,513,False,5.873905826398651,1.6506265761316294,1.6506458268136137,3.7622758266061327,466
3,B,115,False,6.028786706277904,1.784165960997374,1.7841837708394432,3.9064852385586737,412
3,B,551,False,6.303784475512437,1.7319280216404407,1.731946368652489,4.017865422082463,324
3,B,743,False,6.329013343573019,1.738459935341897,1.738478213419462,4.0337457784962405,301
3,B,131,False,6.171177107038843,1.7575985255893154,1.7576166046379136,3.964396855838378,377
3,B,203,False,6.756923963912949,1.6828940252076794,1.6829129067853978,4.219918435349173,80
3,B,741,False,5.85815670519106,1.7507411039166676,1.7507592537777785,3.8044579794844195,446
3,B,314,False,6.463681090377434,1.7887520671566466,1.7887698313372653,4.126225460857349,148
3,B,159,False,6.358502748205337,1.7992430525891028,1.799260713191761,4.07888173069855,233
3,B,651,False,6.242907586753212,1.7668711889704767,1.7668891731399334,4.004898379946573,342
3,B,335,False,6.043849327139955,1.7156395296745728,1.7156580508735304,3.879753689006743,421
3,B,374,False,6.357221181981178,1.673965830642417,1.6739848129249946,4.015602997453086,329
3,B,279,False,5.840794554041747,1.7609984249140604,1.7610164690584167,3.800905511550082,450
3,B,218,False,6.343092140454717,1.7942360170853082,1.794253726971557,4.068672933713136,252
3,B,401,True,7.54912385963783,1.684558408018669,1.6845772709411595,4.616850565289495,14
3,B,454,False,6.310033304955844,1.7373993946862638,1.7374176839209874,4.023725494438416,316
3,B,486,False,6.592441151263113,1.7876545082433344,1.7876722833304457,4.1900567172967795,91
3,B,407,False,5.966766257332816,1.7697801976559724,1.7697981522649369,3.8682822047988763,424
3,B,463,False,6.371257896017308,1.8011012697866287,1.8011189121688156,4.086188404093062,220
3,B,62,False,6.5652370864414396,1.643064931129239,1.6430842704048698,4.104160678423154,182
3,B,816,False,6.39294214517878,1.808021643809201,1.8080392186641576,4.100490681921468,192
3,B,832,False,5.960695897172043,1.6219353374997993,1.6219549287128048,3.791325412942424,456
3,B,360,False,6.7747201236862065,1.3850052813012037,1.3850282238919893,4.079874173789098,231
3,B,239,False,5.05020105119716,1.229820778523332,1.2298466160594606,3.14002383362831,553
3,B,566,False,6.396094717052763,1.807486594360548,1.807504174417936,4.10179944573535,188
3,B,234,False,6.095386117903644,1.7534994847825587,1.7535176060929274,3.9244518619982856,403
3,B,793,False,6.3287995126618055,1.1776699704175464,1.1776969520927005,3.753248232377253,470
3,B,586,False,6.110646929895444,1.5243410257131076,1.524361871216038,3.817504400555741,444
3,B,259,False,5.227468091272898,1.726104018827116,1.7261224277426825,3.47679525950779,527
3,B,216,False,6.315949670253015,1.792584562897477,1.7926022890991495,4.054275979676082,273
3,B,447,False,6.56244690769119,1.727758398624959,1.727776789913632,4.1451118488024115,126
3,B,354,False,7.451778577986108,1.4533553193877697,1.4533771830250737,4.452577880505591,35
3,B,775,False,7.385690826165591,0.5549541425985087,0.5550113982004498,3.9703511121830206,373
3,B,613,False,6.832036295345293,1.7887048851268468,1.78872264977604,4.310379472560666,64
3,B,281,False,6.382915241815039,1.7902941434671555,1.790311892346685,4.086613567080862,216
3,B,356,False,7.431728410439943,1.4382137196677065,1.4382358134831688,4.434982111961556,39
3,B,319,False,4.699536580001878,0.3735774599987784,0.37366250864156964,2.5365995443217235,567
3,B,324,False,4.725246880202619,1.2609161892990242,1.2609413896694581,2.9930941349360385,559
3,B,167,False,7.208101013989118,1.1136434154488208,1.113671948339226,4.160886481164172,115
3,B,369,False,7.188341884847618,0.5004199332573716,0.5004834276441973,3.8444126562459076,433
3,B,387,True,7.545648407958532,1.6759589191024582,1.6759778788111293,4.6108131433848305,17
3,B,494,False,6.385996300771724,1.70287624964689,1.7028949096631387,4.044445605217431,285
3,B,221,False,6.328675139220804,1.7934754382181581,1.793493155614759,4.061084147417782,262
3,B,299,False,6.299114500840776,1.7865342032797729,1.7865519895132258,4.042833245177001,289
3,B,576,False,6.415016421729961,1.7466679624175794,1.7466861546028098,4.080851288166385,228
3,B,801,False,6.338244326166433,1.3126605615843159,1.3126847685884162,3.8254645473774245,440
3,B,162,False,7.309248830489539,0.824682081749362,0.8247206119066224,4.0669847211980805,255
3,B,341,False,6.56419849357043,1.687255622611486,1.6872744553804062,4.125736474475418,151
3,B,353,False,7.306085717673538,1.5551921404045996,1.5552125723904795,4.4306491450320085,41
3,B,373,False,6.5597332248733835,1.7912738082508926,1.791291547423486,4.1755123861484345,103
3,B,136,False,6.525324489062136,1.6190764119129006,1.6190960377191728,4.072210263390654,245
3,B,638,False,6.366739622559275,1.781396819805411,1.7814146573322014,4.0740771399457385,243
3,B,237,False,6.24422682203627,1.6184791259784423,1.6184987590273632,3.931362790531817,399
3,B,453,False,6.381667436591317,1.7871198536277766,1.7871376340326277,4.084402535311972,223
3,B,442,False,5.773312057823749,1.764474751440218,1.76449276003479,3.7689024089292698,464
3,B,473,False,5.507528678908958,1.6114631904155996,1.611482908941201,3.5595057939250796,514
3,B,565,False,6.28788921908656,1.8002801839316516,1.8002978343602352,4.0440935267233975,286
3,B,154,False,6.292740096218017,1.7595409017623285,1.759558960853475,4.026149528535746,314
3,B,800,False,6.231156341997503,0.34659320016370654,0.3466848686413807,3.2889206053194417,544
3,B,794,False,6.369602334383993,1.473820670099474,1.4738422301446092,3.921722282264301,405
3,B,331,False,6.204776455304948,1.7765144183808497,1.7765323049300907,3.9906543801175194,359
3,B,21,False,6.111691449829753,1.7707480057522014,1.7707659505481153,3.941228700188934,390
3,B,780,False,6.0871908914775865,1.7604316097519643,1.7604496597060266,3.9238202755918064,404
3,B,792,False,6.344778078667007,1.2215828031644853,1.2216088149372424,3.783193446802125,461
3,B,15,False,6.0965637936829395,1.7538742692228244,1.7538923866609002,3.92522809017192,402
3,B,567,False,7.566088463702782,0.4990254607495206,0.49908913254191734,4.032588798122349,304
3,B,186,False,5.5106571221622325,1.410950840648606,1.4109733613616453,3.4608152417619387,529
3,B,327,False,6.720631965083777,1.7388370218250373,1.7388552959388361,4.229743630511306,78
3,B,758,False,5.5725835944773925,1.72739248568611,1.7274108808705617,3.6499972376739773,490
3,B,458,False,5.202248785106889,1.7041150692855043,1.7041337157368581,3.4531912504218734,531
3,B,549,False,6.306250019318376,1.7515404557811667,1.7515585973592973,4.028904308338836,312
3,B,258,False,5.2143824780279004,1.7254476388007538,1.7254660547192078,3.469924266373554,528
3,B,134,False,6.6237817335516755,1.553429140053874,1.5534495952278886,4.088615664389782,207
3,B,678,False,6.416482991596784,1.7979846318162536,1.7980023047795575,4.107242648188171,176
3,B,723,False,6.793851666211635,1.5812193408998771,1.5812394365753133,4.187545551393474,92
3,B,205,False,6.405144146833352,1.6227169688263554,1.6227365506027671,4.01394034871806,332
3,B,304,False,6.345462851204815,1.7900592580644323,1.7900770092728855,4.06776993023885,253
3,B,698,False,6.267963626448918,1.8047465051259637,1.8047641118743336,4.036363869161626,297
3,B,546,False,7.252859051898895,1.560377525658049,1.560397889746044,4.4066284708224694,50
3,B,635,False,6.412851747652648,1.7888564558216002,1.788874218965601,4.100862983309124,191
3,B,759,False,5.565510553698198,1.7249304719169547,1.7249488933567916,3.645229723527495,492
3,B,57,False,6.204221079977596,1.7902391844618324,1.7902569338862337,3.9972390069319146,354
3,B,208,False,6.4057165475373345,1.738112355435536,1.7381306371682306,4.071923592352783,246
3,B,206,False,6.461621468430829,1.6812601511188752,1.681279051045791,4.07145025973831,247
3,B,770,False,6.342732182582834,1.7598503804262549,1.7598684363416504,4.051300309462242,278
3,B,585,False,6.501952086621675,1.7637041830226086,1.763722199485117,4.132837143053396,139
3,B,509,False,6.5665523505464805,1.7143930264905298,1.71441156115576,4.14048195585112,132
3,B,455,False,6.3174487055249156,1.7338860077343603,1.7339043340283138,4.0256765197766144,315
3,B,643,False,6.676932698071696,1.7425494970696314,1.7425677322511162,4.209750215161407,85
3,B,55,False,6.502425612991853,1.7637229640909773,1.7637409803616388,4.133083296676746,138
3,B,657,False,5.403628319988984,1.709724824077976,1.7097434093493793,3.5566858646691815,516
3,B,366,False,6.396453814340393,1.433793926766156,1.4338160886866507,3.9151349515135214,407
3,B,757,False,6.249429269506038,1.7972759027449399,1.797293582677246,4.023361426091642,319
3,B,441,False,6.282942639874346,1.804929063017482,1.8049466679850508,4.043944653929699,287
3,B,464,True,7.52195798037355,1.684290985685677,1.6843098516030834,4.603133915988317,20
3,B,65,False,6.637304855805003,1.7890350982073062,1.789052859577603,4.213178857691303,83
3,B,754,False,6.383905708066397,1.783117828588249,1.7831356488989962,4.083520678482697,226
3,B,6,False,5.636250677101538,0.4676644302730892,0.4677323712207926,3.0519915241611653,557
3,B,156,False,6.315383792273841,1.8037129786372095,1.8037305954741374,4.059557193873989,266
3,B,836,False,5.723893653613995,1.7369434018584209,1.7369616958944938,3.7304276747542446,475
3,B,105,False,5.757375126665664,1.313404629915037,1.3134288232056686,3.5354019749356667,521
3,B,243,False,6.3656283690721445,1.8042701041778462,1.804287715575071,4.084958042323608,222
3,B,472,False,5.456355499551086,0.3970940983716344,0.397174111324937,2.9267648054380118,560
3,B,570,False,6.519362061203997,1.7647993030030953,1.7648173082858698,4.142089684744933,129
3,B,70,False,5.471461458166852,1.0045791845577436,1.0046108150880486,3.23803613662745,546
3,B,394,False,6.426323067628478,1.7486182772189736,1.7486364491138298,4.0874797583711535,212
3,B,838,False,6.353997812270231,0.5361720218904187,0.5362312829397702,3.4451145476050007,532
3,B,828,False,6.392187122951471,1.78915687541106,1.7891746355724585,4.090680879261964,206
3,B,495,False,6.278512175343736,1.1609677360118793,1.1609951058491679,3.719753640596452,477
3,B,364,False,6.144928314045742,1.7427887381897504,1.742806970868029,3.943867642456885,388
3,B,240,False,4.721570188648079,0.12368439117213556,0.1239410358387975,2.422755612243438,569
3,B,522,False,6.331444013058163,1.7448739539193712,1.744892164808872,4.038168088933517,294
3,B,276,False,5.8270653472697305,1.7674419110981077,1.7674598894603812,3.797262618365056,454
3,B,702,False,6.145950063556358,1.7366527063908963,1.736671003489146,3.9413105335227523,389
3,B,282,False,6.370315122360819,1.7833231200976545,1.7833409383569945,4.076828030358906,237
3,B,766,False,6.5718883296371615,1.783337092676045,1.783354910795779,4.17762162021647,100
3,B,362,False,5.542750606535657,1.7285032680941836,1.728521651457524,3.6356361289965906,495
3,B,841,False,6.1344813113886225,1.746816463853096,1.7468346544917774,3.9406579829402,391
3,B,245,False,6.5403593903553405,1.7976081520884717,1.7976258287530533,4.168992609554197,106
3,B,771,False,6.4391175809294445,1.8051346497247678,1.8051522526873272,4.122134916808386,158
3,B,848,False,6.358293817713123,1.7898479611863591,1.7898657144903745,4.0740797661017485,242
3,B,244,False,6.175906634292721,1.7461766970525778,1.7461948943559027,3.9610507643243116,379
3,B,418,True,7.7404254376907184,1.5796523898942152,1.5796725055034913,4.660048971597105,6
3,B,217,False,6.311053025980129,1.7922390709099507,1.7922568005286896,4.05165491325441,277
3,B,18,False,6.291905327097136,1.755185637100147,1.7552037410021155,4.023554534049626,318
3,B,564,False,6.586513627536587,1.7772217787505105,1.777239658180714,4.181876642858651,97
3,B,126,False,5.952881097847815,1.755375387937929,1.75539348988294,3.8541372938653775,429
3,B,460,False,5.1690576353311375,1.698813880369893,1.6988325850072998,3.4339451101692187,535
3,B,322,False,7.439114555085905,1.379680113531111,1.3797031446722123,4.409408849879059,48
3,B,291,False,6.445834326971322,1.8018949041554249,1.801912538767201,4.123873432869261,153
3,B,847,False,6.70779598963071,1.7678876437869708,1.767905617616455,4.237850803623583,75
3,B,724,False,6.697766178866155,1.5896785297456282,1.5896985184868841,4.14373234867652,127
3,B,330,True,7.490917112629159,1.7197815932028664,1.719800069794324,4.605358591211742,19
3,B,169,False,7.088403917514608,1.2407743692179543,1.2407999786643231,4.164601948089466,110
3,B,288,False,6.421803945325969,1.7761232281951067,1.776141118683811,4.09897253200489,194
3,B,471,False,6.269545561253075,0.9490988813776154,0.9491323608314138,3.6093389610422446,499
3,B,346,True,7.524325274853398,1.6864718256341975,1.6864906671556517,4.605407971004524,18
3,B,25,False,6.326437927198954,1.803229785751075,1.803247407308559,4.064842667253757,259
3,B,474,False,5.705635879994442,1.7733213092737021,1.773339228029812,3.739487554012127,472
3,B,626,False,6.383300671060834,1.806892604402579,1.8069101902391018,4.0951054306499675,198
3,B,44,False,6.2356562270325036,1.7930259135268054,1.793043635365243,4.014349931198874,330
3,B,143,False,6.720076058074452,1.575635524175688,1.5756556910662836,4.147865874570368,123
3,B,152,False,6.771526967821481,1.7722967293461636,1.772314658461155,4.271920813141318,68
3,B,833,False,6.239378373477406,1.765193974671259,1.7652119759283555,4.002295174702881,346
3,B,195,False,6.440757498026503,1.7903880472609814,1.7904057952096117,4.1155816466180575,164
3,B,11,False,6.706849731241794,1.6986442428372326,1.6986629493425844,4.202756340292189,88
3,B,427,False,7.157479566218543,1.6641354288114512,1.6641545232251256,4.410817044721834,46
3,B,545,True,7.712837199678217,1.2779217412147124,1.2779466062455092,4.495391902961863,29
3,B,802,False,6.31521389586287,1.0433744886425855,1.0434049431047128,3.6793094194837916,486
3,B,444,False,8.403477153651878,0.3725282900838349,0.3726135781985918,4.388045365925235,53
3,B,406,True,7.53686401709046,1.7000197996174884,1.7000384909867945,4.618451254038627,13
3,B,50,False,5.503074801863228,1.6108331979835129,1.6108529242208809,3.5569638630420544,515
3,B,647,False,6.34881193185079,1.7357745573987338,1.7357928637536053,4.042302397802198,290
3,B,478,False,5.794621327078508,1.6795496530337033,1.6795685722085911,3.7370949496435495,473
3,B,393,False,6.403150792769962,1.769478685184427,1.7694966428527579,4.08632371781136,217
3,B,49,False,5.240417939445328,1.484870953785447,1.484892353384876,3.3626551464151015,541
3,B,151,False,6.139977250609372,1.6389054460320671,1.6389248343895277,3.88945104249945,418
3,B,837,False,6.449379425770079,1.7647110634794834,1.7647290696625535,4.1070542477163166,177
3,B,420,False,5.537110562979702,1.7178755323064456,1.7178940293982996,3.627502296189001,496
3,B,404,True,7.605293758107092,1.7109469502232293,1.7109655222193525,4.658129640163223,7
3,B,591,False,6.582455553473617,1.7552295870641286,1.75524769051279,4.168851621993204,107
3,B,4,False,6.245680159818447,1.795270300626344,1.7952880003097487,4.020484080064097,323
3,B,506,False,7.182841370186089,0.8966313688722857,0.8966668073431519,4.03975408876462,293
3,B,641,False,6.367623212241307,1.7842162282923868,1.7842340376326988,4.075928624937003,240
3,B,772,False,6.326290465495148,1.741003341968225,1.7410215933438908,4.03365602941952,302
3,B,271,False,6.909452789514118,1.64727426987482,1.6472935597326888,4.278373174623403,67
3,B,689,False,6.695619534081033,1.7993188204826247,1.7993364803416163,4.247478007211325,72
3,B,640,False,6.366739622559275,1.781396819805411,1.7814146573322014,4.0740771399457385,244
3,B,696,False,6.370179739899977,1.7142813116105793,1.7142998474836486,4.042239793691813,291
3,B,17,False,5.603786353025827,1.6966511066819552,1.6966698351624796,3.650228094094153,489
3,B,656,False,5.455424916984509,1.7118882650139766,1.7119068267980402,3.5836658718912746,504
3,B,499,False,6.284663005677164,0.9502215627939333,0.9502550026933387,3.6174590041852515,497
3,B,295,False,6.668575789693323,1.6181005380479367,1.6181201756903578,4.14334798269184,128
3,B,729,False,6.4101340678074425,1.7965003831748478,1.7965180707392139,4.103326069273328,184
3,B,605,False,6.190096608141802,1.7838746943141939,1.7838925070641816,3.986994557602992,363
3,B,372,False,6.550050388498765,1.7909078263205473,1.790925569118203,4.1704879788084845,104
3,B,380,False,6.405712910314733,1.7702242143208695,1.770242164426413,4.087977537370573,209
3,B,257,False,5.153991218817064,1.7174577158414046,1.717476217433111,3.4357337181250873,533
3,B,160,False,6.571881137594932,1.6735779417367338,1.6735969284188277,4.12273903300688,156
3,B,23,False,5.549624226257469,1.6662799627623928,1.6662990326014755,3.6079616294294725,500
3,B,614,False,6.943808077231302,1.7397921542378005,1.7398104183193577,4.34180924777533,59
3,B,560,False,7.204245697663317,0.20600825206200155,0.20616243999044395,3.7052040688268804,481
3,B,248,False,7.410197358893319,0.3032373325816554,0.30334210327023475,3.856769731081777,428
3,B,337,False,5.383234729637099,1.7602982020956879,1.7603162534176873,3.571775491527393,508
3,B,744,False,6.330460028983847,1.7375467866769265,1.7375650743602338,4.03401255167204,300
3,B,148,True,7.555819296145345,1.6743886676659867,1.6744076451549814,4.615113470650163,15
3,B,12,False,6.378902856816192,1.8036088312179588,1.8036264490721419,4.091264652944167,205
3,B,622,False,5.713143218807696,1.6520946209280425,1.6521138545041454,3.682628536655921,484
3,B,817,False,6.387545336845966,1.8079836050289624,1.8080011802536788,4.0977732585498226,196
3,B,72,False,6.4040844901915435,1.808043383916656,1.8080609585602927,4.1060727243759185,180
3,B,73,False,6.2112564720904215,1.765176278962668,1.7651942804002234,3.9882253762453224,360
3,B,426,False,6.527519929200862,1.6560639297265736,1.65608311720354,4.091801523202201,203
3,B,214,False,6.183700794755095,1.7673096009850044,1.7673275806932194,3.975514187724157,371
3,B,1,False,6.280178743295607,1.7312181598414038,1.731236514376308,4.005707628835958,340
3,B,363,False,6.129297205379368,1.7778196159074335,1.7778374893252833,3.9535673473523256,383
3,B,88,False,5.767565895317266,1.216708153194045,1.2167342691787864,3.4921500822480263,525
3,B,750,False,6.328288384112948,1.736167801228832,1.7361861034373385,4.0322372437751435,306
3,B,91,False,5.765997300493996,1.3301516089074255,1.3301754976032993,3.548086399048648,518
3,B,482,False,6.176688960208244,1.761384403445773,1.7614024436360913,3.969045701922168,375
3,B,86,False,5.542418816963348,0.6469282706037388,0.6469773868161982,3.0946981018897732,556
3,B,533,False,6.319979509983773,1.801465007044986,1.8014826458650008,4.060731077924387,263
3,B,74,False,6.375363350431836,1.7790859266099954,1.7791037873061026,4.077233568868969,236
3,B,179,False,6.200530254067648,1.7931061121870087,1.7931238332328252,3.996827043650237,357
3,B,184,False,5.827839126346937,1.7517953896247829,1.7518135285628482,3.7898263274548927,457
3,B,815,False,6.059759403997711,1.7293353537489375,1.7293537282670468,3.894556566132379,416
3,B,795,False,6.322022378023075,1.2850942236008762,1.2851189498554254,3.80357066393925,447
3,B,365,False,6.374507760259506,1.2528111207948278,1.2528364841959083,3.8136721222277075,445
3,B,150,False,6.609254306092487,1.7716294858752433,1.771647421742755,4.190450863917621,90
3,B,13,False,6.2055546159312325,1.7021350665053259,1.7021537346468627,3.9538541752890475,382
3,B,558,False,6.642402261664496,1.171850400617519,1.1718775162842796,3.907139888974388,411
3,B,503,False,5.447423696010317,0.3847744868405597,0.384857061087085,2.916140378548701,561
3,B,212,False,5.912770280219921,1.7533568087329934,1.7533749315179337,3.8330726058689275,437
3,B,823,False,6.096614433937898,1.7701987738103637,1.7702167241738758,3.933415579055887,396
3,B,856,False,6.366687479416064,1.7729540928119378,1.7729720152793653,4.069829747347715,249
3,B,490,False,6.298183517817859,1.7765073000993714,1.7765251867202814,4.03735435226907,295
3,B,483,False,6.209336448353091,1.7617422624047243,1.7617602989306145,3.9855483736418527,366
3,B,66,False,6.257891522452633,1.7666292752250952,1.766647261857193,4.012269392154913,335
3,B,484,False,6.2439527628505775,1.7648649710841116,1.7648829756969424,4.00441786927376,343
3,B,661,False,6.391800247965335,1.808027426537839,1.8080450013365854,4.099922624650961,193
3,B,316,False,4.762858176637723,0.37384902490461264,0.37393401178189434,2.5683960942098087,566
3,B,68,False,5.62019360194851,1.6903103125576115,1.6903291112927632,3.6552613566206364,488
3,B,467,False,6.271645812111803,1.08858193172149,1.0886111214826268,3.680128466797215,485
3,B,289,False,6.444739334707078,1.8004251968446403,1.800442845851607,4.122591090279343,157
3,B,535,False,7.190809386265579,0.5604579367163156,0.5605146301154698,3.8756620081905244,422
3,B,60,False,6.004343685540418,1.6933950753172107,1.6934138398081413,3.8488787626742793,431
3,B,428,False,6.435991641414361,1.7700125509395477,1.7700305031915966,4.103011072302979,185
3,B,851,False,6.287560461617111,1.7477563256313409,1.7477745064880474,4.017667484052579,325
3,B,339,False,6.599779265150504,1.6921491711129055,1.692167949419698,4.145973607285101,125
3,B,402,True,7.62587247910191,1.6674990179755567,1.6675180738734494,4.64669527648768,8
3,B,321,False,7.129861218074319,1.6146131415422547,1.6146328215994252,4.3722470198368715,55
3,B,519,False,4.427252333880526,0.38085653859294044,0.3809399621123625,2.4040961479964444,571
3,B,20,False,6.323805466194825,1.7852960217355587,1.785313820304426,4.054559643249625,272
3,B,349,False,6.691234697237696,1.4073223169108253,1.4073448956884824,4.049289796463089,280
3,B,630,False,5.8529478905661545,1.7508652643508078,1.7508834129248572,3.8019156517455057,449
3,B,94,False,5.910887464326427,1.2178701966280243,1.2178962876944632,3.564391876010445,511
3,B,101,False,5.814193743455854,1.3710082319763846,1.3710314087912734,3.5926125761235634,503
3,B,201,False,7.213711343369641,1.0970006311518166,1.0970295969082402,4.155370470138941,120
3,B,686,False,6.089981770129234,1.7761691236438035,1.7761870136702298,3.933084391899732,397
3,B,178,False,6.7497328719757075,1.7405408153754784,1.7405590716011643,4.2451459717884354,73
3,B,658,False,6.1476878442917045,1.7269850474904749,1.7270034470147562,3.93734564565323,393
3,B,440,False,6.452004077175956,1.7566163586868107,1.7566344478437401,4.104319262509848,181
3,B,608,False,6.830760714032709,1.7507822116767016,1.7508003611116645,4.290780537572187,65
3,B,662,False,6.3959819733459256,1.8080737782318708,1.8080913525800746,4.102036662963,187
3,B,785,False,7.055062398373684,1.700969540643458,1.700988221576501,4.378025309975093,54
3,B,396,False,5.946450012819152,1.7704410003040312,1.7704589482116524,3.8584544805154026,426
3,B,610,False,6.28824416326726,1.7435726901987674,1.743590914679283,4.015917538973271,327
3,B,644,False,6.4150851609117705,1.7584370244412664,1.7584550948690805,4.086770127890426,215
3,B,405,True,7.588218619679824,1.7039687360300433,1.7039873840826978,4.6461030018812615,9
3,B,600,False,6.287074701334304,1.8042620246332128,1.8042796361093014,4.045677168721802,283
3,B,323,False,5.5216779889328755,1.6192114298258649,1.6192310539956594,3.5704545214642676,509
3,B,763,False,7.570559983305948,1.0873174269118475,1.0873466506185472,4.328953316962248,60
3,B,634,False,6.396926378454907,1.8003661879277042,1.8003838375131302,4.098655107984019,195
3,B,812,False,6.315575614994048,1.7917558493831829,1.7917735837834041,4.053674599388726,274
3,B,229,False,6.4627127893618805,1.7889128207699008,1.788930583354227,4.125821686358054,150
3,B,760,False,6.399374123317828,1.7079303241862882,1.7079489289847782,4.053661526151303,275
3,B,332,False,6.096340001195447,1.761496072995918,1.761514112042595,3.928927056619021,401
3,B,796,False,6.6607276235609545,1.5985487248392876,1.5985686026662993,4.1296481131136265,142
3,B,130,False,6.312950222652425,1.7976762301876346,1.7976939061828066,4.055322064417616,268
3,B,456,False,6.026873664902557,1.763463078690118,1.7634810976158495,3.895177381259203,415
3,B,125,False,5.929120651235553,1.7493207101002486,1.7493388746983272,3.83922976296694,436
3,B,477,False,5.824860028199036,1.7544251532738875,1.7544432650232027,3.7896516466111194,458
3,B,352,False,7.448526862489301,1.447467260666149,1.4474892132397867,4.448008037864543,36
3,B,844,False,6.560511919394791,1.757412976862551,1.7574310578199266,4.158971488607359,117
3,B,505,False,7.311728731740796,0.7543788982077851,0.7544210189319781,4.033074875336387,303
3,B,198,False,6.368098975938656,1.8061452058300222,1.8061627989436462,4.087130887441151,213
3,B,329,False,6.570050663785939,1.7598291632003324,1.7598472193334154,4.164948941559677,109
3,B,99,False,5.57116367470964,0.7650687587364358,0.7651102909644353,3.1681369828370376,551
3,B,368,False,6.345072617588461,1.17185778541427,1.1718849009101575,3.7584787592493094,467
3,B,598,False,6.240715691497639,1.7638387374298021,1.7638567525179392,4.00228622200779,347
3,B,400,False,6.736730625598692,1.741079331078803,1.741097581657899,4.238914103628296,74
3,B,262,False,6.2891057031698265,1.7700018464825462,1.770019798843164,4.0295627510064955,311
3,B,659,False,6.192476039876416,1.7303018747030454,1.7303202389575305,3.961398139416973,378
3,B,293,False,6.462808425679671,1.7899928103278808,1.7900105621952842,4.126409493937477,147
3,B,804,False,6.82305975052897,0.46604729084551494,0.46611546750737226,3.6445876090181715,493
3,B,769,False,6.305346919206615,1.7596188488364923,1.7596369071276707,4.032491913167143,305
3,B,726,False,5.84663253239834,1.5716372896305182,1.5716575078248867,3.709145020111613,480
3,B,193,False,6.429638534438,1.7926323720258606,1.7926500977547837,4.111144316096392,173
3,B,517,False,5.707412438800386,1.6601945242518776,1.6602136639905993,3.6838130513954925,483
3,B,280,False,6.448724661453465,1.7973769509100979,1.7973946298484516,4.123059645650958,155
3,B,306,True,7.483940569094971,1.676561967968131,1.6765809208571905,4.580260744976081,21
3,B,717,False,6.368982382233028,1.8062534662645924,1.8062710583237576,4.087626720278393,210
3,B,0,False,6.28442840009918,1.731292366416069,1.7313107201642703,4.007869560131725,338
3,B,79,False,5.733782493188956,1.1145347354931388,1.1145632455656937,3.424172869377325,537
3,B,100,False,5.565202187601496,1.0863653653418717,1.0863946146587575,3.325798401130127,543
3,B,825,False,6.562242602039656,1.769068625922427,1.7690865877531932,4.165664594896424,108
3,B,371,False,6.197726416663398,1.7537375671578703,1.7537556860081673,3.975741051335783,370
3,B,492,False,6.388811575947123,1.703316638885373,1.7033352940771633,4.0460734350121434,282
3,B,188,False,6.572284120722298,1.734643622702573,1.7346619409925033,4.1534730308574,122
3,B,121,False,6.952983127432714,1.753564693105642,1.7535828137421559,4.3532829705874345,57
3,B,157,False,5.5561202297052255,1.6402169234103356,1.6402362962655226,3.598178262985374,502
3,B,52,False,5.865278888447192,1.6324695403931544,1.6324890051870515,3.748883946817122,471
3,B,273,False,6.2026616996418555,1.68805951895791,1.6880783427582924,3.945370021200074,387
3,B,596,False,6.432796970977066,1.802800986352749,1.8028186121015106,4.117807791539288,160
3,B,720,False,6.0975737402906125,1.6990465496746787,1.6990652517506803,3.8983194960206466,414
3,B,367,False,6.3766332001153305,1.4356261118800206,1.4356482455173056,3.906140722816318,413
3,B,805,False,6.803995278789587,0.795175050803,0.7952150106510351,3.7996051447203114,452
3,B,344,False,5.287192238343353,1.7537949878564798,1.753813106113557,3.520502672228455,522
3,B,590,False,6.543290325032014,1.7110768209935459,1.7110953915800693,4.127192858306041,146
3,B,542,False,7.27120295726008,1.5937456985346032,1.5937656362661115,4.4324842967630955,40
3,B,784,True,7.32975675308559,1.666891717239772,1.666910780080244,4.498333766582917,28
3,B,733,False,6.4126939356547785,1.762411011436078,1.7624290411180563,4.0875614883864175,211
3,B,826,False,6.273260888381477,0.8544899610513125,0.8545271471888098,3.5638940177851435,512
3,B,315,False,6.651327794169937,1.7695057480284437,1.7695237054221327,4.210425749796035,84
3,B,625,False,6.711786693707188,0.9343327124867163,0.9343667210297878,3.8230767073684877,442
3,B,597,False,6.426604301645412,1.804236763460003,1.8042543751826676,4.11542933841404,165
3,B,721,False,6.149103879308414,1.7192194063244242,1.7192378889576851,3.9341708841330494,395
3,B,617,False,7.492843447064348,1.3624611135672713,1.3624844357746408,4.427663941419494,42
3,B,425,False,6.0306694723464105,1.7306563948056946,1.7306747552983535,3.880672113822382,420
3,B,80,False,5.512252677565607,0.7221090490130384,0.7221530519299125,3.11720286474776,554
3,B,583,True,7.950288053366944,1.59029653170436,1.5903165126779286,4.770302283022437,2
3,B,695,False,6.35544556478298,1.7148036446005681,1.7148221748276302,4.035133869805305,299
3,B,510,False,6.521197133594784,1.7981454236328833,1.7981630950158702,4.159680114305327,116
3,B,511,False,6.68818193532897,1.7400649808623827,1.7400832420803254,4.214132588704648,81
3,B,230,False,6.468984207662274,1.7887281556518573,1.788745920069943,4.128865063866108,145
3,B,621,False,6.557427679222059,1.7537128874494594,1.7537310065547373,4.155579342888398,119
3,B,48,False,5.050433656607122,1.2323196741889022,1.232345459332818,3.14138955796997,552
3,B,303,False,6.665277868569779,1.4337405101506717,1.4337626728968362,4.049520270733308,279
3,B,609,False,6.29377543217693,1.7379543854631867,1.7379726688575674,4.015874050517248,328
3,B,190,False,6.171180233210182,1.7680553916634012,1.768073363787599,3.969626798498891,374
3,B,54,False,6.26286907135165,1.7962499619910446,1.7962676520212686,4.02956836168646,310
3,B,674,False,5.501944561816391,1.7075317779799495,1.7075503871208428,3.604747474468617,501
3,B,827,False,6.262130422454923,1.3097637016431205,1.309787962185888,3.7859591923204055,459
3,B,235,False,6.11809638446643,1.755723879347899,1.7557419776999148,3.936919181083172,394
3,B,422,False,5.941484970994741,1.7150429257088242,1.7150614533505952,3.828273212172668,439
3,B,224,False,6.323743215350515,1.7956127182730965,1.795630414581261,4.059686814965888,265
3,B,603,False,6.33298276368211,1.8044236798728108,1.8044412897711324,4.0687120267266215,251
3,B,123,False,6.526767941182188,1.720059446369095,1.7200779199759322,4.12342293057906,154
3,B,145,False,6.257908031849659,1.7467886691993766,1.7468068601275017,4.00235744598858,345
3,B,814,False,6.2924307768110195,0.08194141060313927,0.08232828503500181,3.187379530923011,550
3,B,574,False,6.336771412277837,1.7704143804652912,1.7704323286427734,4.053601870460305,276
3,B,204,False,6.72748178514006,1.5861956248299722,1.5862156574611532,4.156848721300607,118
3,B,173,False,6.060441516490595,1.4711563707010242,1.4711779697913443,3.7658097431409696,465
3,B,153,False,6.625537367767619,1.7417553068249247,1.7417735503210399,4.18365545904433,95
3,B,155,False,5.763919771808277,1.7529973267749814,1.7530154532762692,3.7584676125422734,468
3,B,117,False,6.047746612930781,1.7843637363400366,1.784381544208118,3.916064078569449,406
3,B,242,False,6.489410261205443,1.7920704473096107,1.7920881785965892,4.140749219901016,131
3,B,325,False,6.641732521504881,1.7190017229723116,1.7190202079460695,4.1803763647254755,99
3,B,191,False,6.184407174047977,1.769505410625047,1.7695233680221598,3.9769652710350685,368
3,B,607,False,6.818858467896489,1.7548240628696874,1.7548421705018513,4.2868503191991705,66
3,B,397,False,6.17376041665146,1.7887526107508966,1.788770374926117,3.9812653957887885,367
3,B,616,False,7.172872112404873,1.6077690120221795,1.6077887758545732,4.390330444129723,52
3,B,106,False,5.723684999845571,1.3499094233767146,1.349932962434219,3.5368089811398953,520
3,B,602,False,6.502278207275465,1.7644984460328796,1.7645164543856253,4.133397330830545,137
3,B,225,False,6.341776853815015,1.7974278827604007,1.7974455611978097,4.069611207506412,250
3,B,251,False,7.363561600622967,0.6303350229317696,0.6303854320013802,3.9969735163121736,356
3,B,375,False,5.932588056939958,1.707272296142319,1.7072909081115142,3.819939482525736,443
3,B,253,False,7.343321866206684,0.6757930614980251,0.6758400799849368,4.00958097309581,337
3,B,172,False,6.7565825734087746,1.4492642290637532,1.4492861544184181,4.1029343639135964,186
3,B,318,False,5.262673973764619,1.4955031997028185,1.4955244471644524,3.3790992104645357,540
3,B,857,False,6.421640354739548,1.7358616911897806,1.735879996625751,4.07876017568265,234
3,B,587,True,7.732205019086383,1.6005910226935645,1.6006108751574826,4.666407947121932,5
3,B,507,False,7.42802693924846,0.39811200784064465,0.3981918162545305,3.9131093777514954,408
3,B,379,False,6.272147437697455,1.7477158912264315,1.747734072503758,4.009940755100606,336
3,B,788,False,7.62025340822645,0.37872888558872836,0.3788127776678769,3.9995330929471633,353
3,B,161,False,7.3257485716563675,0.8310004833295335,0.831038720541402,4.078393646098885,235
3,B,436,False,6.2315955983529125,1.7934505309930027,1.7934682486356583,4.012531923494286,333
3,B,808,False,6.656862712161088,1.346641393150792,1.346664989331897,4.001763850746492,348
3,B,334,False,6.484182058800733,1.7749073296075533,1.7749252323519962,4.129553645576364,143
3,B,722,False,6.143061325122851,1.720078790090581,1.7200972634896694,3.93157929430626,398
3,B,296,False,6.208607644415192,1.7915860043473162,1.7916037404287686,4.000105692421981,352
3,B,141,False,6.429518158990907,1.8025938873206386,1.802611515094393,4.11606483704265,163
3,B,465,True,7.67464613576262,1.6094762775792228,1.6094960204472217,4.642071078104921,11
3,B,43,True,7.481145737189571,1.5744689697496652,1.5744891515821073,4.527817444385839,25
3,B,557,False,7.1540854057989876,0.7959638734767289,0.7960037937254134,3.9750445997622004,372
3,B,672,False,5.516872047152225,1.715257102522374,1.7152756278507026,3.616073837501464,498
3,B,861,False,7.445721608766961,1.4071836030607698,1.407206184064106,4.426463896415534,44
3,B,403,True,7.618220900344915,1.672254497363209,1.672273499071444,4.645247199708179,10
3,B,489,False,6.515702456151543,1.7926465219630927,1.7926642475521022,4.154183351851823,121
3,B,61,False,6.037229037505187,1.69312619808571,1.6931449655565063,3.8651870015308467,425
3,B,351,False,7.520315186966948,1.3709529407974654,1.3709761185470706,4.445645652757009,37
3,B,712,False,6.410039100683889,1.8080666538004013,1.808084228217854,4.109061664450872,174
3,B,468,False,6.306000398223753,1.2038812088080355,1.2039076030436342,3.7549540006336937,469
3,B,361,False,6.443415729649112,1.7859148889335656,1.785932681334815,4.114674205491964,167
3,B,268,False,6.422067986051623,1.804817661597884,1.8048352676520996,4.1134516268518615,169
3,B,459,False,5.164215265526858,1.7055752596344413,1.7055938901222247,3.4349045778245415,534
3,B,345,False,6.352680465243892,1.8058422163119892,1.8058598123774086,4.07927013881065,232
3,B,312,False,6.435063597616348,1.7573215764988428,1.7573396583966203,4.096201628006484,197
3,B,58,False,4.8369712665836815,0.14861232671811717,0.1488259903301323,2.492898628456907,568
3,B,663,False,6.39428833699312,1.8080690803716262,1.8080866547654928,4.101187495879307,190
3,B,502,False,5.434539031315861,0.2445321992140265,0.24466211026152082,2.839600570788691,564
3,B,779,False,6.197304142890053,1.7760310026966595,1.7760488941143693,3.986676518502211,364
3,B,41,True,7.454313057329575,1.5630533574137624,1.5630736866403985,4.508693371984987,27
3,B,176,False,6.037201914985012,0.39084923523946774,0.39093052635020586,3.214066220667609,549
3,B,553,False,6.924477955890126,1.7224168275726754,1.722435275895931,4.323456615893028,63
3,B,782,False,7.205262801347831,0.2179469013989631,0.21809264906131426,3.7116777252045727,479
3,B,137,False,6.414593655562374,1.7564643076522113,1.7564823983750404,4.085538026968707,221
3,B,756,False,7.422175937930745,0.5089011911716921,0.5089636275031245,3.9655697827169347,376
3,B,790,False,6.234462126076598,1.7707141966810456,1.7707321418195843,4.0025971339480915,344
3,B,328,False,6.770350462570337,1.7348156474438237,1.734833963917327,4.252592213243832,71
3,B,595,False,6.5335249300677525,1.638916523597566,1.6389359118239808,4.086230420945867,218
3,B,690,False,5.828566563712201,1.767234905012501,1.767252885480659,3.7979097245964297,453
3,B,573,False,6.37084949175334,1.7516973253304888,1.7517154652840057,4.061282478518673,261
3,B,343,False,5.374929773070416,1.7606128375476524,1.7606308856437707,3.5677803293570935,510
3,B,97,False,5.705704507673548,1.2094252121181872,1.209451485365285,3.457577996519417,530
3,B,520,False,5.703686729219292,1.6795876706423831,1.6796065893890386,3.6916466593041655,482
3,B,90,False,5.556862220513018,1.1248177161719453,1.1248459656146006,3.3408540930638093,542
3,B,423,False,6.271863268760791,1.8010428224276003,1.8010604653823115,4.0364618670715515,296
3,B,64,False,6.57583062238959,1.7910009817104164,1.7910187235852246,4.183424672987408,96
3,B,736,False,6.43951194448636,1.774393867207054,1.7744117751320228,4.106961859809191,178
3,B,307,True,7.5728373756345055,1.6791905198348145,1.6792094430559539,4.62602340934523,12
3,B,439,False,6.872856220011308,1.7822872817288027,1.7823051103437415,4.327580665177525,61
3,B,685,False,5.964150696707783,1.7376165120015075,1.7376347989509928,3.8508927478293877,430
3,B,618,False,4.880296223597386,1.5479690550324252,1.547989582356145,3.2141429029767656,548
3,B,102,False,5.776311890720928,1.3136613974387543,1.313685586000666,3.544998738360797,519
3,B,207,False,6.834126962052966,1.6818925904590465,1.681911483279133,4.258019222666049,70
3,B,508,False,6.347988159286173,1.6462046287678258,1.6462239311593632,3.997106045222768,355
3,B,739,False,6.409332729762808,1.7642364679299425,1.764254478956789,4.086793604359799,214
3,B,475,False,5.59015743641103,1.7082887906811925,1.7083073915757032,3.6492324139933663,491
3,B,310,False,6.040673560283998,1.739067561982797,1.7390858336741066,3.8898796969790523,417
4,B,269,False,6.440939192434702,1.796935616047969,1.7969518294510969,4.1189455109429,134
4,B,196,False,6.411016029592987,1.7850341390241706,1.785050460527016,4.098033245060002,167
4,B,491,False,6.5047734025815345,1.7578616907261093,1.7578782645190212,4.131325833550278,120
4,B,45,False,6.1215880048770295,1.635050304966773,1.6350681236321278,3.8783280642545788,398
4,B,14,False,6.3707736409555515,1.799568655454212,1.7995848451349081,4.08517924304523,192
4,B,382,False,6.511864784774964,1.7872724049487807,1.787288706011804,4.149576745393384,97
4,B,82,False,5.691307928617222,1.1596750413341133,1.1597001641110634,3.425504046364143,506
4,B,132,False,6.162434279247645,1.6306577567539953,1.63067562341746,3.8965549513325524,387
4,B,10,False,6.4679990414636634,1.7174235334123285,1.7174404974450899,4.092719769454376,177
4,B,577,False,6.480683352438973,1.7341008738655665,1.7341176747519966,4.1074005135954845,149
4,B,862,True,7.580431575939174,1.23706150937169,1.2370850605818962,4.408758318260535,15
4,B,636,False,4.820232673321096,1.3249033186100347,1.3249253083890553,3.0725789908550754,526
4,B,391,False,6.547979938808121,1.7452725783008802,1.7452892716438018,4.1466346052259615,102
4,B,133,False,7.298648546483214,0.6574128522494773,0.6574571677674091,3.9780528571253115,340
4,B,250,False,7.326306011016868,0.6635996845870312,0.6636435869726742,3.9949747989947713,321
4,B,679,False,6.3525192526229395,1.7914379694622404,1.7914542326213487,4.071986742622144,215
4,B,59,False,6.489631383143646,1.7459964983894591,1.7460131848111005,4.1178222839773735,136
4,B,488,False,7.909237525380451,0.5667509842299268,0.5668023882020442,4.2380199567912475,57
4,B,297,False,6.174942529948218,1.7837643404701153,1.7837806735915533,3.979361601769886,338
4,B,7,False,5.7252679062649445,1.7310465799595636,1.7310634104895326,3.7281656583772387,447
4,B,746,False,6.356973954309896,1.7297579402647671,1.7297747833330672,4.043374368821482,256
4,B,283,False,6.7556956425591626,1.5884550347163813,1.588473376063247,4.172084509311205,76
4,B,197,False,6.501714432073816,1.7924624848725965,1.7924787387362768,4.1470965854050466,100
4,B,853,False,6.3476840555383465,0.49412089251297087,0.49417985143443977,3.4209319534863933,508
4,B,516,False,5.8441496966485555,1.7319079480233843,1.7319247701827352,3.788037233415645,434
4,B,538,False,6.731297388738742,1.4155919945921138,1.4156125756361553,4.073454982187449,212
4,B,170,False,6.87069260330557,1.2985994444004796,1.298621879587428,4.084657241446499,194
4,B,392,False,6.575616811565283,1.7555348325404425,1.7555514283007347,4.165584119933008,80
4,B,593,False,6.564538160231841,1.70869720191304,1.708714252580402,4.136626206406121,109
4,B,829,False,6.168256077816139,1.736470642748762,1.7364874207071723,3.9523717492616557,362
4,B,562,True,8.98094461860556,0.21176396559735172,0.2119015013431156,4.596423059974338,4
4,B,215,False,6.249451805010093,1.7584760607634002,1.7584926287658744,4.003972216887984,314
4,B,725,False,6.085363115874263,1.6926538783189022,1.692671090594381,3.889017103234322,393
4,B,747,False,6.364319295459811,1.7283098632308602,1.7283267204111106,4.046323007935461,251
4,B,822,False,6.124772163433927,1.7726675060048653,1.7726839413701077,3.9487280524020174,366
4,B,819,False,6.614575649427971,0.22356682584242615,0.2236971049504391,3.419136377189205,509
4,B,745,False,6.3296824640421185,1.7286459720338072,1.7286628259364683,4.029172644989293,273
4,B,648,True,8.499189045281152,1.2587026969966641,1.2587258432925836,4.878957444286868,1
4,B,22,False,6.46976683144265,1.7992514889171294,1.7992676814516668,4.134517256447158,113
4,B,419,False,6.300256684110393,0.15964267012804836,0.15982506459114268,3.230040874350768,518
4,B,683,False,6.175959515652152,1.784174804628649,1.7841911339925516,3.9800753248223515,335
4,B,77,False,6.453098110679904,1.679569129340531,1.6795864757075354,4.06634229319372,220
4,B,776,False,7.376063230768153,0.5962698899128577,0.5963187492965835,3.986190990032368,327
4,B,752,False,6.3905811297892745,1.7770304209217163,1.7770468159356867,4.0838139728624805,198
4,B,19,False,6.281430001519625,1.7481253392405829,1.7481420053419439,4.0147860034307845,297
4,B,547,True,7.334063198447876,1.4990139089796768,1.499033344679324,4.416548271563601,14
4,B,166,False,6.3282035891795925,1.5404321869748654,1.5404511001048091,3.9343273446422007,371
4,B,446,False,6.397768024025753,1.8003485779421582,1.8003647606094442,4.0990663923175985,163
4,B,398,False,7.761641521373989,0.5193775810094826,0.519433673149144,4.140537597261567,104
4,B,652,False,5.862265073384042,1.7303521683119236,1.7303690055961258,3.796317039490084,431
4,B,2,False,6.565159815493216,1.7480716328735852,1.7480882994869773,4.156624057490096,89
4,B,735,False,6.447631511842759,1.7341978383344796,1.7342146382815282,4.090923075062143,182
4,B,854,False,6.257300696277346,0.30032828574267817,0.30042527916785866,3.278862987722602,515
4,B,797,False,6.728104829647941,1.5884323485618188,1.5884506901706348,4.1582777599092875,87
4,B,501,False,6.373277920459976,0.7718981187136552,0.7719358618561715,3.5726068911580735,482
4,B,824,False,6.372451661007348,1.7722111478104061,1.772227587407844,4.072339624207596,213
4,B,300,False,6.35094478276658,1.7870119668983528,1.7870282703370615,4.068986526551821,217
4,B,849,False,6.031177583548972,1.7225090530728,1.7225259670216018,3.876851775285287,399
4,B,165,False,7.302681080581366,0.6061562447661649,0.6062043073213592,3.954442693951363,361
4,B,762,False,7.530713333379046,1.1423272049111683,1.1423527092041723,4.336533021291609,33
4,B,469,False,6.242560896798188,1.227021488985111,1.2270452328977888,3.734803064847988,445
4,B,806,False,6.671658159025352,1.3653295036451891,1.3653508423368583,4.0185045006811055,290
4,B,773,False,5.656866463542501,1.6438568586949749,1.6438745819022997,3.6503705227224006,461
4,B,451,False,6.304520954870464,1.7971010277752821,1.7971172396860828,4.050819097278273,243
4,B,222,False,6.294758293501079,1.7860542877959285,1.7860705999764317,4.0404144467387555,258
4,B,309,False,6.126897591863662,1.7925526857838336,1.79256893882963,3.959733265346646,353
4,B,139,False,6.567555589245348,1.7891968063952515,1.7892130899255454,4.178384339585447,74
4,B,236,False,6.093101541304079,1.5289763744273401,1.5289954292616195,3.811048485282849,419
4,B,846,False,6.591670710920706,1.755231437709559,1.7552480363384302,4.173459373629568,75
4,B,592,False,6.564700541159625,1.765426670429713,1.7654431732034008,4.165071857181513,81
4,B,355,True,7.2466402142293065,1.533001983325452,1.5330209881230326,4.389830601176169,20
4,B,860,True,7.41776074528617,1.3276632926587795,1.3276852367257468,4.372722991005959,25
4,B,830,False,6.391419234239052,1.7983832599103724,1.798399460262321,4.094909347250686,171
4,B,255,False,5.667940207187997,1.6840116841660198,1.684028984772419,3.675984595980208,456
4,B,589,False,6.555693548091009,1.7018669128744708,1.7018840319724582,4.1287887900317335,124
4,B,654,False,6.931641075028872,1.7474376774375735,1.7474543500974127,4.339547712563142,32
4,B,163,False,6.2988431978129755,1.5543852943323277,1.554404037688576,3.9266236177507756,373
4,B,606,False,5.9826146869546015,1.699843003582142,1.6998601430626898,3.8412374150086457,409
4,B,16,False,6.188355145708218,1.7568245906339028,1.7568411742106713,3.972598159959445,346
4,B,700,False,6.220127013532045,1.7453764274179735,1.7453931197676582,3.9827600666498513,333
4,B,524,True,7.297926533804921,1.536377034369787,1.5363959974189114,4.417161265611916,13
4,B,434,False,6.424562350896967,1.7127270926940363,1.7127441032431308,4.068653227070049,218
4,B,781,False,4.753410989251383,1.2934969649578822,1.2935194886437558,3.023465238947569,528
4,B,284,False,6.099684132602332,1.7802892419658851,1.780305606969044,3.939994869785688,367
4,B,571,False,6.675772070895582,1.7581375282127627,1.7581540994054057,4.216963085150494,63
4,B,135,False,6.265460856564016,1.6104974224241717,1.6105155127414486,3.9379881846527325,368
4,B,653,False,5.536821573353871,1.700846924562124,1.700864053926235,3.618842813640053,471
4,B,834,False,6.292712964089885,1.7641238818987224,1.7641403968594356,4.02842668047466,275
4,B,523,False,6.441045061853324,1.7963933328573338,1.7964095511548113,4.118727306504068,135
4,B,718,False,6.355327196553896,1.7992251185645955,1.799241311336457,4.077284253945177,209
4,B,350,False,6.858702304931094,1.3532705063948702,1.3532920352326687,4.105997170081881,151
4,B,187,False,6.863388141628915,1.7392778530695927,1.7392946039484865,4.301341372788701,40
4,B,835,True,6.982017217322075,1.742207228984666,1.7422239516986266,4.36212058451035,26
4,B,199,False,6.0372101926043085,1.7389962706448006,1.7390130242360105,3.8881116084201595,394
4,B,575,False,6.400779035907332,1.767076995669574,1.7670934830309792,4.083936259469156,196
4,B,787,False,6.5310970355440485,1.7867760807207378,1.7867923863117703,4.158944710927909,86
4,B,684,False,6.3284604336489405,1.776012218872756,1.7760286232860325,4.052244528467487,239
4,B,534,False,6.304361094213458,1.7937283609342993,1.7937446033273516,4.049052848770405,249
4,B,53,False,6.302756007100484,1.7287107403126873,1.7287275935839022,4.015741800342193,294
4,B,670,False,4.90573051634223,0.9252704231372041,0.9253019102317096,2.9155162132869696,532
4,B,285,False,6.3819079648426955,1.7944178232359043,1.7944340593882604,4.0881710121154775,186
4,B,231,False,6.500203142377726,1.7791520125157119,1.779168387979243,4.139685765178484,105
4,B,761,False,6.2465800018391935,1.7488253226328494,1.748841982063514,3.9977109919513536,317
4,B,277,False,5.827187835084479,1.7621784451810243,1.7621949783740056,3.7946914067292425,432
4,B,807,False,6.595017243706321,1.649507176556032,1.6495248390539023,4.122271041380111,129
4,B,544,True,7.468246262842998,1.3775383242415646,1.3775594738159975,4.422902868329498,10
4,B,357,True,7.20820985955259,1.5808544482615765,1.5808728777907362,4.394541368671663,17
4,B,777,False,6.2138193501282935,1.7941876559045549,1.794203894139747,4.00401162213402,313
4,B,98,False,5.772185457420875,1.1879344519476265,1.1879589770989811,3.480072217259928,499
4,B,449,False,6.567247028185642,1.7912732666056659,1.7912895312601151,4.179268279722879,73
4,B,200,False,6.581873984100959,1.7329661841564226,1.7329829960434182,4.1574284900721885,88
4,B,615,True,7.032725780084327,1.6810439858152744,1.6810613169636777,4.356893548524003,30
4,B,416,True,8.249569234611254,1.472861258930185,1.4728810397324557,4.861225137171855,2
4,B,680,False,6.381655172934392,1.7909762980863462,1.7909925654376744,4.0863238691860335,190
4,B,168,False,7.062870848769875,1.1816115317136682,1.1816361880988036,4.12225351843434,130
4,B,512,False,6.183178282277291,1.6368370192984065,1.636854818513738,3.9100165503955147,381
4,B,727,False,5.4489096819148735,0.27608401232093194,0.27618952008570957,2.8625496010002913,533
4,B,219,False,6.314058870010342,1.7853315045548979,1.7853478233392521,4.049703346674797,246
4,B,232,False,6.300859402661017,1.7278892279787172,1.7279060892626188,4.014382745961818,300
4,B,267,False,6.463560808880154,1.783966172221046,1.7839825034946282,4.123771656187391,128
4,B,272,False,6.1437342931833046,1.7657406184869002,1.765757118326428,3.954745705754866,359
4,B,734,False,5.701542593338068,1.5986640973097959,1.5986823215302328,3.6501124574341506,462
4,B,742,False,6.329085790055431,1.7315984569147982,1.7316152820807686,4.0303505360681,271
4,B,246,False,6.424397611849269,1.7578286713160423,1.7578452454202766,4.091121428634773,181
4,B,810,False,6.6790701763934806,1.3827718444253385,1.382792913954003,4.0309315451737415,270
4,B,639,False,6.400476540891557,1.7727236429559772,1.7727400778007645,4.08660830934616,189
4,B,559,False,6.584714129031232,0.875843100638817,0.8758763646100785,3.7302952468206554,446
4,B,223,False,6.368271179936919,1.787196106909083,1.7872124086680161,4.077741794302467,208
4,B,270,False,7.1755170025329615,1.332592976682316,1.3326148395725548,4.254065921052758,48
4,B,63,False,6.408376639503327,1.7781403920749785,1.77815677685476,4.093266708179043,174
4,B,642,False,6.660827048889149,1.7376928573978638,1.7377096235555303,4.19926833622234,66
4,B,47,False,5.439674921364192,0.21698948497621026,0.21712371067248976,2.828399316018341,535
4,B,249,False,7.409157598944472,0.3020715648723184,0.3021679987198534,3.855662798832163,405
4,B,552,False,6.304481894760567,1.7288519693345101,1.7288688212290033,4.016675357994785,291
4,B,340,False,6.57680493603328,1.680167863581172,1.6801852037667961,4.128495069900039,125
4,B,498,False,6.226161552351837,0.8666069066989203,0.866640525179974,3.5464010387659055,492
4,B,107,True,8.810079185696708,0.7767543029280443,0.7767918101159293,4.7934354979063185,3
4,B,550,False,6.294815977123854,1.726051106064669,1.7260679853044658,4.01044198121416,306
4,B,515,False,6.18499102805198,1.6483675798135113,1.6483852545221953,3.916688141287088,380
4,B,124,False,6.451392843233897,1.720323684676334,1.7203406201111187,4.085866731672508,191
4,B,260,False,5.494195071937709,1.7526271899200216,1.7526438132127422,3.6234194425752255,470
4,B,122,False,7.067589227901532,0.9489858574740279,0.9490165577226068,4.008302892812069,310
4,B,480,False,6.187279226505071,1.7151991622823297,1.7152161483148285,3.95124768740995,363
4,B,103,False,6.076561958263435,1.6617369064606855,1.6617544389708967,3.869158198617166,402
4,B,247,False,6.644901215218054,1.7380207006169697,1.7380374636120628,4.191469339415058,69
4,B,521,False,5.813446917923723,1.6719642622729773,1.6719816875384643,3.7427143027310934,443
4,B,142,False,6.375123098217254,1.6846435335344974,1.6846608276521264,4.02989196293469,272
4,B,220,False,6.314058870010342,1.7853315045548979,1.7853478233392521,4.049703346674797,247
4,B,336,False,5.395948832095172,1.7473618689178294,1.7473785423009978,3.571663687198085,483
4,B,192,False,4.701396171654155,0.12303789907607196,0.12327446513777186,2.4123353183959635,540
4,B,83,False,5.88754748327744,1.2544348896423039,1.2544581146845235,3.571002798980982,484
4,B,164,False,7.305091294774344,0.54808384579612,0.5481370003645213,3.9266141475694325,374
4,B,116,False,6.529757291173674,1.7927437101567552,1.7927599614707368,4.161258626322205,84
4,B,513,False,6.112039192403857,1.6384384828774108,1.6384562646953935,3.875247728549625,400
4,B,115,False,6.016369933619693,1.775691552459367,1.7757079598350365,3.896038946727365,390
4,B,551,False,6.306155016694995,1.7247760301675417,1.724792921885539,4.015473969290267,295
4,B,743,False,6.333214441737286,1.7316871967255558,1.731704021029334,4.03245923138331,267
4,B,131,False,6.301321287959581,1.7483342908408672,1.7483509549504035,4.024836121454992,281
4,B,203,False,6.763614408743232,1.6311480705840038,1.63116593187691,4.1973901703100704,67
4,B,741,False,5.8813076290696324,1.7436481631756664,1.7436648720702685,3.8124862505699504,418
4,B,314,False,6.497393242263238,1.7805742729446148,1.780590635328119,4.138991938795678,106
4,B,159,False,6.351271265372025,1.7915576661107202,1.791573928183272,4.071422596777649,216
4,B,651,False,6.279817366073243,1.7597064752987328,1.7597230317167072,4.019770198894975,287
4,B,335,False,6.216153253712697,1.7034180663115888,1.7034351698208716,3.9597942117667846,352
4,B,374,False,6.422990511587991,1.6606533283008822,1.6606708722509549,4.041830691919473,257
4,B,279,False,5.922228004041344,1.7534041136285394,1.7534207295556403,3.837824366798492,411
4,B,218,False,6.3364801977579335,1.7866477760696378,1.786664082831614,4.061572140294774,225
4,B,454,False,6.301672604241346,1.7300559264684385,1.7300727666357034,4.0158726854385245,293
4,B,486,False,6.708776033267464,1.7768164314723052,1.7768328284607775,4.242804430864121,52
4,B,407,False,6.006174141317322,1.7618628178274351,1.7618793539822128,3.8840267476497674,396
4,B,463,False,6.407116917625132,1.7930149212315838,1.7930311700874173,4.100074043856274,162
4,B,62,False,6.706369938965802,1.6288779436202296,1.6288958298057055,4.167632884385753,79
4,B,816,False,6.411448291863435,1.8002961413625744,1.8003123245012032,4.105880308182319,153
4,B,832,False,6.022347414422271,1.6081829433261703,1.6082010596785385,3.8152742370504047,417
4,B,360,False,6.8650499066834785,1.3785270081437988,1.378548142549923,4.121799024616701,131
4,B,239,False,5.057317346831752,1.228422715120147,1.228446431949356,3.142881889390554,523
4,B,566,False,6.396693447903035,1.7998177785885603,1.7998339660283695,4.098263706965702,166
4,B,234,False,6.097603772322783,1.7465809875174598,1.7465976683550837,3.9221007203389333,377
4,B,793,False,6.326036749157937,1.1758031456668432,1.175827923850252,3.7509323365040945,442
4,B,586,False,6.093552179558818,1.5177494639407387,1.5177686597233289,3.8056604196410735,423
4,B,259,False,5.423271811819379,1.7132153371244552,1.7132323428258092,3.568252077322594,487
4,B,216,False,6.313563819115129,1.7849464158620931,1.7849627381670694,4.049263278641099,248
4,B,447,False,6.616492161984912,1.7204594498611658,1.7204763839595518,4.168484272972232,78
4,B,354,True,7.433593549884674,1.447221655865299,1.4472417871079621,4.440417668496318,8
4,B,775,False,7.386503939968223,0.5528125951229167,0.552865295051592,3.969684617509907,347
4,B,613,False,6.84989161238348,1.7779796483189485,1.7779960345800332,4.313943823481757,37
4,B,281,False,6.404055678441559,1.782770602500424,1.7827869447260587,4.093421311583809,172
4,B,356,True,7.411349961015331,1.4320761747462065,1.4320965188916832,4.421723239953507,11
4,B,319,False,4.702679858248063,0.37213811209874254,0.37221639354328057,2.5374481258956716,537
4,B,324,False,4.6719935348654404,1.258132184285304,1.2581553410769515,2.9650744379711957,529
4,B,167,False,7.075496738286271,1.1086619460636888,1.1086882247934609,4.092092481539866,178
4,B,369,False,7.173175159321532,0.4983618830000123,0.4984203402483369,3.835797749784934,412
4,B,494,False,6.355542091017129,1.6962803917889844,1.696297567266351,4.02591982914174,279
4,B,221,False,6.326776012350976,1.7858367885799609,1.7858531027471263,4.056314557549051,229
4,B,299,False,6.270546775599618,1.7786319572147142,1.7786483374662332,4.0245975565329255,282
4,B,576,False,6.4576661420713775,1.7391513409716963,1.7391680930690971,4.0984171175702375,165
4,B,801,False,6.331796494293736,1.3103846261097425,1.3104068595252085,3.8211016769094726,415
4,B,162,False,7.1736296854888995,0.8199691637502609,0.8200046942836683,3.9968171898862836,318
4,B,341,False,6.619385233714579,1.6747446638920498,1.6747620602285105,4.147073646971545,101
4,B,353,True,7.286036594143026,1.5484331947960595,1.5484520101999548,4.41724430217149,12
4,B,373,False,6.671032248100249,1.7816232062206216,1.7816395589708367,4.226335903535543,59
4,B,136,False,6.289434705698595,1.611409240115576,1.611427320196542,3.9504310129475684,364
4,B,638,False,6.394237164017965,1.7732873595309966,1.7733037891513017,4.083770476584633,199
4,B,237,False,6.20630922007988,1.6096760020802605,1.6096941016289525,3.908001660854416,384
4,B,453,False,6.394483801209379,1.7794914668576869,1.7795078391974768,4.086995820203428,188
4,B,442,False,5.805660462571919,1.7571105254253077,1.7571271063034544,3.781393784437687,436
4,B,473,False,5.534218311230743,1.6071804280635151,1.6071985557162418,3.5707084334734924,485
4,B,565,False,6.319872140125727,1.7925129576616001,1.7925292110676154,4.0562006755966715,230
4,B,154,False,6.4817696280995705,1.7503900308825533,1.750406675421165,4.116088151760367,141
4,B,800,False,6.235609754905256,0.34559481119908203,0.345679103611542,3.290644429258399,514
4,B,794,False,6.371689077445396,1.4705327866749494,1.470552598798133,3.921120838121764,378
4,B,331,False,6.167814756892012,1.7692959222086855,1.769312388892994,3.968563572892503,348
4,B,21,False,6.155654175372783,1.7629522135597853,1.7629687394963351,3.959311457434559,354
4,B,780,False,6.0323697906855,1.7532890505717045,1.753305667589248,3.892837729137374,392
4,B,792,False,6.34290731441598,1.2195155913700282,1.2195394814193348,3.7812233979176573,437
4,B,15,False,6.0986361147131065,1.7469583822649315,1.746975059499035,3.9228055871060707,376
4,B,567,False,7.569672064378589,0.4970997627875898,0.4971583684395025,4.033415216409046,265
4,B,186,False,5.502370287697097,1.4081506479193273,1.4081713377219305,3.455270812709514,502
4,B,327,False,6.836800791474028,1.7058238988579022,1.7058409782452537,4.271320884859641,45
4,B,758,False,5.599205023359909,1.7206134263877726,1.7206303589707526,3.659917691165331,459
4,B,458,False,5.242817209086446,1.6968407885750911,1.6968579583801606,3.4698375837333035,500
4,B,549,False,6.333227591314141,1.743875589692481,1.743892296408023,4.038559943861082,262
4,B,258,False,5.405057759723748,1.7130738196412554,1.713090826747441,3.5590742932355948,490
4,B,134,False,6.37837412646216,1.5322129665263495,1.5322319811103755,3.9553030537862677,358
4,B,678,False,6.438830528531499,1.7902943036753562,1.7903105772235104,4.114570552877504,143
4,B,723,False,6.720444905489893,1.5748086940131292,1.5748271942931666,4.14763604989153,98
4,B,205,False,6.425968990490483,1.6139323712232854,1.6139504230391857,4.019959706764834,286
4,B,304,False,6.331361699767241,1.7826687704292492,1.7826851135883985,4.0570234066778195,228
4,B,698,False,6.311657842357508,1.796748487103574,1.7967647021952908,4.054211272276399,237
4,B,546,True,7.23277732444387,1.5508064254771177,1.5508252120877661,4.391801268265818,18
4,B,635,False,6.423429088677566,1.779680515500698,1.779696886101333,4.10156298738945,161
4,B,759,False,5.596470907699082,1.7181780146003802,1.7181949711840199,3.657332939441551,460
4,B,57,False,6.203503182075125,1.782680887629545,1.782697230677608,3.9931002063763668,323
4,B,208,False,6.465756001565647,1.7204196420340374,1.7204365765242482,4.093096289044947,175
4,B,206,False,6.515984746938762,1.6750616655125037,1.6750790585567814,4.095531902747772,169
4,B,770,False,6.364232723026866,1.746533732180778,1.746550413469725,4.055391568248296,233
4,B,585,False,6.475440943331069,1.7568057449886476,1.7568223287433102,4.116131636037189,139
4,B,509,False,6.621799827856542,1.7079324507969509,1.7079495090989163,4.164874668477729,82
4,B,455,False,6.311415667551899,1.7265497894691904,1.7265666638337647,4.018991165692832,289
4,B,643,False,6.655479923257944,1.7358034849510082,1.7358202693579814,4.195650096307962,68
4,B,55,False,6.4759229330008665,1.7568644131913957,1.7568809963922707,4.116401964696569,138
4,B,657,False,5.416657309578728,1.7027781017247983,1.7027952116621239,3.559726260620426,489
4,B,366,False,6.407278679156873,1.4306372515797672,1.4306576161869269,3.9189681476719,379
4,B,757,False,6.243223242466705,1.7897518528922394,1.789768131372652,4.016495686919678,292
4,B,441,False,6.307005463636536,1.7968885672388184,1.7969047810664658,4.051955122351501,241
4,B,65,False,6.431975998102868,1.7761330707077116,1.7761494740048078,4.104062736053838,157
4,B,754,False,6.407296357559893,1.7755183264554506,1.7755347354318682,4.091415546495881,179
4,B,6,False,5.635685287354184,0.46593310219667244,0.46599562752086515,3.0508404574375243,527
4,B,156,False,6.304258735099282,1.7961300904519373,1.796146311126361,4.050202523112821,244
4,B,836,False,5.864183392791749,1.7201165924458248,1.7201335299195195,3.7921584613556343,433
4,B,105,False,5.7604407008526355,1.3112743480089415,1.3112965663389136,3.5358686335957747,496
4,B,243,False,6.372172883890184,1.7966552734099346,1.7966714893429117,4.084422186616548,195
4,B,472,False,5.460139441689252,0.3955623563660394,0.39563600306317376,2.9278877223762128,530
4,B,570,False,6.757425066709059,1.7514148939109935,1.7514315287099314,4.254428297709495,47
4,B,70,False,5.466613867730032,1.0038421482293773,1.0038711708719008,3.2352425193009666,517
4,B,394,False,6.493634623548434,1.741064988488266,1.7410817221732002,4.1173581728608175,137
4,B,838,False,6.359284354915926,0.5339475285071436,0.5340020902064307,3.4466432225611783,504
4,B,828,False,6.4007901827383895,1.7818244062784792,1.7818407571821913,4.09131546996029,180
4,B,495,False,6.208597768638646,1.1561243812184305,1.156149581150142,3.6823736748943943,455
4,B,364,False,6.221454231261888,1.733506880257534,1.7335236869008046,3.9774889590813465,341
4,B,240,False,4.721886565234916,0.12319479480548755,0.1234310601636243,2.4226588126992703,539
4,B,522,False,6.3150461301571355,1.737987335201877,1.7380040985187786,4.026525114337957,277
4,B,276,False,5.837431731084541,1.7601182890895364,1.7601348416338525,3.7987832863591966,428
4,B,702,False,6.130270831224529,1.7296918053942179,1.7297086491065075,3.929989740165518,372
4,B,282,False,6.382939890029295,1.7757068675353487,1.7757232747695093,4.079331582399402,207
4,B,766,False,6.65417249413372,1.7738641168333698,1.7738805411117686,4.214026517622744,64
4,B,362,False,5.552187849777244,1.7214215201144565,1.7214384447487852,3.6368131472630147,466
4,B,841,False,6.175905891563736,1.7398315233241444,1.7398482688724217,3.9578770802180787,356
4,B,245,False,6.570077005366769,1.788517821493684,1.788534111205728,4.179305558286249,72
4,B,771,False,6.454652269452818,1.7974745092645297,1.7974907178068296,4.126071493629824,127
4,B,848,False,6.403254433243413,1.7823653628164617,1.7823817087576408,4.092818071000527,176
4,B,244,False,6.214844954430163,1.7392009980562322,1.7392177496753374,3.97703135205275,342
4,B,217,False,6.307764416642545,1.7846099863327407,1.784626311714723,4.046195364178634,252
4,B,18,False,6.281430001519625,1.7481253392405829,1.7481420053419439,4.0147860034307845,298
4,B,564,False,6.736668391999416,1.7671118761748228,1.767128363210792,4.251898377605104,50
4,B,126,False,5.850689763425952,1.743177697522732,1.743194410926849,3.7969420871764004,430
4,B,460,False,5.210880631404843,1.6916402520936609,1.6916574746825832,3.451269053043713,503
4,B,322,True,7.388289961568151,1.3738748134240484,1.3738960193940857,4.381092990481118,23
4,B,291,False,6.514179088980181,1.7937096168695719,1.7937258594323537,4.1539524742062675,93
4,B,847,False,6.722410856369337,1.7609196316629032,1.7609361766747156,4.2416735165220265,53
4,B,724,False,6.624854630630791,1.583275455964076,1.5832938573127235,4.104074243971757,156
4,B,169,False,6.890963643551102,1.2373579633623242,1.237381508930091,4.064172576240597,221
4,B,288,False,6.400084758931808,1.7675365548686275,1.7675530379433615,4.083818898437585,197
4,B,471,False,6.257075585043912,0.9453541784431791,0.9453849966262042,3.6012302908350584,474
4,B,25,False,6.31448679570576,1.7956343811145012,1.7956506062668227,4.055068700986292,235
4,B,474,False,5.718366129348576,1.7654874427154552,1.7655039449210834,3.7419350371348297,444
4,B,626,False,6.381034193567222,1.7992171745636627,1.7992333674070187,4.09013378048712,184
4,B,44,False,6.2383353774729775,1.7855308024148209,1.7855471193777173,4.011941248425347,305
4,B,143,False,6.409964771400007,1.5595896781657623,1.5596083589757834,3.9847865651878953,330
4,B,152,False,6.879506602792962,1.7644233585880988,1.7644398707457438,4.321973236769353,36
4,B,833,False,6.20796576838809,1.7582712967882386,1.7582878667201638,3.983126817554127,332
4,B,195,False,6.4142205343866125,1.7829125846598959,1.78292892558413,4.098574729985371,164
4,B,11,False,6.937387728435742,1.6832496548747498,1.6832669633132809,4.310327345874511,39
4,B,427,True,7.322307190917094,1.6535416372071357,1.6535592566109036,4.487933223763999,5
4,B,802,False,6.323354584169485,1.0423965901396146,1.0424245393699467,3.682889561769716,454
4,B,444,True,8.41055549906163,0.37102619239617357,0.37110470839097753,4.390830103726303,19
4,B,50,False,5.530554179910444,1.6065581314415478,1.6065762661159002,3.5685652230131724,486
4,B,647,False,6.360621574885944,1.7289897409577235,1.7290065915094153,4.0448140831976795,253
4,B,478,False,5.9432202628031,1.6725840490096466,1.672601467818157,3.8079108653106286,422
4,B,393,False,6.461367782315409,1.7618121094898969,1.7618286461206125,4.111598214218011,145
4,B,49,False,5.258989405911769,1.4819394134132875,1.4819590730427303,3.3704742394772493,511
4,B,151,False,6.540984259821358,1.6193221721883937,1.619340163920752,4.080162211871055,205
4,B,837,False,6.505535244168046,1.7573076301627262,1.7573242091811307,4.131429726674588,119
4,B,420,False,5.54990311732925,1.710701648508236,1.710718679197356,3.630310898263303,468
4,B,591,False,6.565286034817308,1.7468686267622668,1.7468853048532516,4.15608566983528,90
4,B,4,False,6.240364190317008,1.7877232154386467,1.7877395123910653,4.014051851354036,301
4,B,506,False,7.133476133517827,0.8921918407499861,0.8922244952066709,4.0128503143622485,302
4,B,641,False,6.399231270451329,1.7759839661181092,1.7760003707923484,4.0876158206218385,187
4,B,772,False,6.31965169811255,1.7342971262835152,1.7343139252687816,4.026982811690666,276
4,B,271,False,6.984402922086776,1.641223397882384,1.6412411495275605,4.3128220358071685,38
4,B,689,False,6.648851603583903,1.7889147769226532,1.7889310630200863,4.218891333301995,62
4,B,640,False,6.394237164017965,1.7732873595309966,1.7733037891513017,4.083770476584633,200
4,B,696,False,6.401019690878406,1.7027185917846257,1.702735702319937,4.051877696599171,242
4,B,17,False,5.68884387023842,1.6897263845852177,1.6897436266810952,3.689293748459758,453
4,B,656,False,5.468476796064172,1.7049078962071205,1.7049249847706907,3.5867008904174313,478
4,B,499,False,6.2498788299958425,0.9464301325221316,0.9464609156704833,3.598169872833163,475
4,B,295,False,6.610264068410978,1.6046232870310653,1.6046414435718437,4.107452755991411,148
4,B,729,False,6.427127801264202,1.7890138623330727,1.7890301475285004,4.108078974396351,147
4,B,605,False,6.193686958132009,1.7763515873786,1.7763679886578743,3.9850274733949416,329
4,B,372,False,6.658786032184876,1.7813813269578016,1.781397681928403,4.22009185705664,61
4,B,380,False,6.47752636116976,1.7613099706271393,1.7613265119723045,4.1194264365710325,133
4,B,257,False,5.315994009336909,1.705756773340292,1.7057738533997509,3.5108839313683298,497
4,B,160,False,6.60640990227545,1.6661462032912762,1.6661636894038605,4.136286795839656,110
4,B,23,False,5.546460693995122,1.6600647387052372,1.660082288875596,3.6032714914353594,473
4,B,614,False,6.963670886404376,1.7312245783768516,1.7312414071763818,4.347456146790379,31
4,B,560,False,7.199269427885162,0.2051875350506778,0.20532947593105866,3.7022994519081105,451
4,B,248,False,7.409157598944472,0.3020715648723184,0.3021679987198534,3.855662798832163,406
4,B,337,False,5.509822724579028,1.7514908008395627,1.7515074349175805,3.630665079748304,467
4,B,744,False,6.3350790228498095,1.7307937643423803,1.7308105973307468,4.032944810090278,266
4,B,12,False,6.373441502666954,1.795900728450588,1.7959169511966033,4.084679226931779,193
4,B,622,False,5.681442226753656,1.6462082265151687,1.6462259244077548,3.6638340755807057,458
4,B,817,False,6.410723840692825,1.8002375264145298,1.8002537100800695,4.105488775386447,154
4,B,72,False,6.4065331375795855,1.800354293453594,1.800370476069506,4.103451806824546,158
4,B,73,False,6.2208336827252015,1.7578579605261249,1.7578745343542062,3.989354108539704,325
4,B,426,False,6.622283799240779,1.644013387610787,1.6440311091306774,4.133157454185728,114
4,B,214,False,6.245662626830317,1.7595805579129664,1.759597115515724,4.002629871173021,316
4,B,1,False,6.324555102106354,1.7239647847354467,1.7239816844020952,4.024268393254225,283
4,B,363,False,6.140239438847709,1.768632506088023,1.7686489789489463,3.9544442088983276,360
4,B,88,False,5.7685073397409425,1.2147262421010394,1.2147502263407335,3.491628783040838,498
4,B,750,False,6.3332973056099835,1.7294208243541318,1.7294376707056183,4.031367488157801,268
4,B,91,False,5.763444733781154,1.3281941887617634,1.328216124057553,3.5458304289193534,493
4,B,482,False,6.277687206558165,1.7524180358154826,1.752434661092203,4.0150609338251835,296
4,B,86,False,5.539062415027603,0.6448119638740987,0.6448571453439297,3.0919597801857663,525
4,B,533,False,6.306440767234769,1.7937662879939529,1.7937825300435821,4.0501116486391755,245
4,B,74,False,6.388035695631022,1.7716810232909606,1.7716974678074289,4.079866581719225,206
4,B,179,False,6.195385264202082,1.785499173793006,1.785515491044941,3.9904503776235116,324
4,B,184,False,5.866013755354116,1.7443217211168753,1.7443384235595132,3.8051760894568147,425
4,B,815,False,6.393521826072718,1.7123392635342265,1.7123562779360162,4.052939052004367,238
4,B,795,False,6.328069222672833,1.2828323971395221,1.2828551080682038,3.8054621653705185,424
4,B,365,False,6.395021623196333,1.2507735285223565,1.2507968215494538,3.822909222372893,414
4,B,150,False,6.714999583991327,1.7610243546602025,1.7610408986881403,4.238020241339734,56
4,B,13,False,6.3954349517848845,1.6915763785729423,1.6915936018121789,4.043514276798532,255
4,B,558,False,6.6458843896355955,1.1668392131759096,1.1668641817070768,3.906374285671336,386
4,B,503,False,5.451503981308978,0.38329176206934407,0.38336776601087985,2.9174358736599286,531
4,B,212,False,5.931004032602037,1.7459734865259295,1.7459901731674954,3.8384971028847663,410
4,B,823,False,6.083703400984793,1.7627955263741486,1.762812053779603,3.923257727382198,375
4,B,856,False,6.385041974408642,1.759532256870677,1.7595488149279543,4.0722953946682985,214
4,B,490,False,6.271906905111873,1.76899858111217,1.7690150505642457,4.020460977838059,285
4,B,483,False,6.309195548118354,1.7527563347042736,1.7527729567721855,4.03098425244527,269
4,B,66,False,6.2291023459323975,1.759682124243074,1.7596986808901596,3.9944005134112786,322
4,B,484,False,6.353628908289795,1.755602945485454,1.7556195406018789,4.054624224445837,236
4,B,661,False,6.41161212872993,1.8002999828228095,1.800316165926907,4.105964147328418,152
4,B,316,False,4.764366890962931,0.3724105246135246,0.3724887488084313,2.568427819885681,536
4,B,68,False,5.6605340934591055,1.6836419856692095,1.683659290074482,3.672096691766794,457
4,B,467,False,6.198522235514979,1.0839454129445985,1.0839722908772096,3.641247263196094,465
4,B,289,False,6.466861411870004,1.7926276376742,1.7926438900404433,4.129752650955224,122
4,B,535,False,7.215487736459857,0.5579817877927724,0.5580339995505368,3.886760868005197,395
4,B,60,False,6.023006480393816,1.6857538046934137,1.6857710874209078,3.854388783907362,407
4,B,428,False,6.509048061203815,1.7608904360329203,1.760906981319047,4.1349775212614315,111
4,B,851,False,6.266638885112258,1.7409335471238272,1.7409502820721507,4.003794583592204,315
4,B,339,False,6.605931082719288,1.6792212913214815,1.6792386412816178,4.142584862000453,103
4,B,321,True,7.113706355776282,1.6082630198324381,1.608281135282791,4.3609937455295364,28
4,B,519,False,4.433982412134945,0.3793624982109841,0.3794392892082065,2.4067108506715758,541
4,B,20,False,6.298216042409612,1.777307800385036,1.7773241928403058,4.037770117624959,264
4,B,349,False,6.712720257893453,1.402086700880897,1.402107480164423,4.057413869028938,227
4,B,630,False,5.874502248451042,1.7437755962174666,1.7437923038910144,3.809147276171028,420
4,B,94,False,5.903298074070977,1.2163895250282888,1.2164134764727395,3.5598557752718585,488
4,B,101,False,5.816637617321309,1.3688364429578472,1.3688577269809459,3.5927476721511273,477
4,B,201,False,7.091388892788066,1.0896948443718317,1.0897215804949907,4.090555236641528,183
4,B,686,False,6.154442504339965,1.768289808068406,1.7683062841217725,3.9613743942308686,351
4,B,178,True,7.0503877458517135,1.7135122112102092,1.7135292139652742,4.381958479908494,22
4,B,658,False,6.2561571380236884,1.7165296703648818,1.7165466432313805,3.9863518906275344,326
4,B,440,False,6.512021322199536,1.7456546617811668,1.7456713514703361,4.128846336834936,123
4,B,608,False,6.838157099733469,1.743518287696703,1.7435349978359465,4.290846048784708,41
4,B,662,False,6.405300424605202,1.8003831123072591,1.8003992946641372,4.10284985963467,159
4,B,785,True,7.214492154895412,1.66655795511395,1.6665754369063348,4.4405337959008735,7
4,B,396,False,5.981887055251811,1.7625623883156634,1.762578917907214,3.872232986579512,401
4,B,610,False,6.289562694843803,1.734508931632279,1.7345257285661981,4.012044211705001,303
4,B,644,False,6.411393079193315,1.7514959289194678,1.7515125629487844,4.08145282107105,203
4,B,600,False,6.313636685971792,1.7965525518904986,1.7965687687506462,4.055102727361219,234
4,B,323,False,5.550755458208679,1.6147860751399064,1.6148041174122927,3.5827797878104857,480
4,B,763,False,7.576490412792506,1.0826966934029385,1.0827236023342275,4.329607007563366,34
4,B,634,False,6.393800732680113,1.7927566791023348,1.7927729302987543,4.093286831489434,173
4,B,812,False,6.332794322073822,1.7839087652264685,1.7839250970255938,4.058359709549707,226
4,B,229,False,6.4848439678216065,1.779973907592423,1.7799902754947257,4.132417121658166,116
4,B,760,False,6.329903028754153,1.699334094374928,1.6993512389882812,4.014627133871217,299
4,B,332,False,6.038732009967132,1.7543463273839108,1.7543629343871143,3.896547472177123,388
4,B,796,False,6.716915284612075,1.5923520153502455,1.5923703118106476,4.154642798211362,92
4,B,130,False,6.337623365599421,1.7901015223657517,1.7901177976664362,4.063870581632928,222
4,B,456,False,6.060245891015573,1.7560798061586904,1.7560963967687804,3.9081711438921767,383
4,B,125,False,5.8374002329905625,1.733542035850866,1.7335588421533072,3.785479537571935,435
4,B,477,False,5.851264808145885,1.745654234369975,1.7456709240632309,3.798467866104558,429
4,B,352,True,7.430485894534021,1.4427439780146534,1.4427641717354562,4.436625033134739,9
4,B,844,False,6.5706003891832605,1.7506194418355938,1.750636084193033,4.160618236688147,85
4,B,505,False,7.3839730608547605,0.7503979626786867,0.7504367871701613,4.067204924012461,219
4,B,198,False,6.379985548641731,1.7984747902924845,1.7984909898199508,4.089238269230841,185
4,B,329,False,6.551891189737555,1.749662338542315,1.7496789900033984,4.150785089870476,96
4,B,99,False,5.568230890075698,0.763856733260517,0.763894873718484,3.166062881897091,521
4,B,368,False,6.374742849659018,1.1700347281212615,1.1700596284616203,3.7724012390603194,439
4,B,598,False,6.211383066828913,1.7569214681102323,1.7569380507725831,3.984160558800748,331
4,B,400,False,6.716129294541564,1.7343446755354217,1.7343614740601272,4.2252453843008455,60
4,B,262,False,6.2537842139208015,1.7627334912480344,1.762750019235125,4.008267116577963,311
4,B,659,False,6.271910460172171,1.7187926916803693,1.7188096422000312,3.995360051186101,319
4,B,293,False,6.493538414206718,1.7818097097729286,1.781826060811503,4.137682237509111,107
4,B,804,False,6.826318499557097,0.46424421419242473,0.46430696694869006,3.645312733252893,464
4,B,769,False,6.33164264900288,1.7465983838269403,1.7466150644984229,4.039128856750652,260
4,B,726,False,6.059343717303015,1.557533231074666,1.557551936549096,3.8084478269260558,421
4,B,193,False,6.406586759872923,1.7851185741034676,1.7851348948343224,4.095860827353622,168
4,B,517,False,5.74746882134259,1.6534550072636631,1.6534726275905598,3.700470724466575,452
4,B,280,False,6.474575246959775,1.7897708594931754,1.7897871378007189,4.132181192380247,117
4,B,717,False,6.392179771329758,1.7985055036971471,1.7985217029479736,4.095350737138865,170
4,B,0,False,6.333182661085461,1.7239895316476495,1.724006431071715,4.028594546078588,274
4,B,79,False,5.737065474090725,1.1135415276394094,1.1135676912174939,3.4253165826541094,507
4,B,100,False,5.553079713836669,1.0853336087974617,1.0853604523527065,3.319220083094688,513
4,B,825,False,6.533984212019933,1.7607117987990433,1.7607283457637959,4.1473562788918645,99
4,B,371,False,6.271606113155575,1.7462553640219798,1.7462720479700427,4.008939080562809,308
4,B,492,False,6.355871902542583,1.6967184150476462,1.6967355860910522,4.0263037443168175,278
4,B,188,False,6.633393274785379,1.7268697971433244,1.7268866683809267,4.180139971583153,71
4,B,121,True,7.001502880595478,1.7448733282390847,1.744890025401627,4.3731964529985525,24
4,B,157,False,5.588979788358268,1.634901343613733,1.6349191639025886,3.611949476130428,472
4,B,52,False,5.933430508509657,1.6238941506792808,1.623912091757535,3.778671300133596,438
4,B,273,False,6.277758300665816,1.6820947701563527,1.6821120904783078,3.979935195572062,336
4,B,596,False,6.47116462394175,1.7948277531186259,1.7948439855627578,4.133004304752253,115
4,B,720,False,6.100484892211244,1.691043668110655,1.6910608967754797,3.895772894493362,391
4,B,367,False,6.384596409645628,1.4325462420113575,1.4325665794813214,3.9085814945634745,382
4,B,805,False,6.805508416120507,0.7920739964640172,0.7921107782503847,3.7988095971854454,427
4,B,344,False,5.400749000794192,1.7450614583429975,1.7450781537054836,3.5729135772498375,481
4,B,590,False,6.565593957799921,1.703717703326586,1.703734803827863,4.134664380813892,112
4,B,542,True,7.184379081631115,1.537594779263452,1.5376137272943986,4.360996404462757,27
4,B,733,False,6.4721619506411185,1.7546371641105147,1.7546537683610803,4.113407859501099,144
4,B,826,False,6.26260443142889,0.852680337830022,0.8527145053696873,3.5576594683992884,491
4,B,315,False,6.74676244528005,1.7609862276234038,1.7610027720095323,4.2538826086447905,49
4,B,625,False,6.7224171499857,0.9320524747322831,0.9320837327196111,3.8272504413526556,413
4,B,597,False,6.457727684878758,1.7963465871366928,1.7963628058562096,4.1270452453674835,126
4,B,721,False,6.259905592968735,1.7104987682692028,1.7105158009782926,3.985210696973514,328
4,B,617,True,7.458484986100369,1.35652490625575,1.356546383445152,4.40751568477276,16
4,B,425,False,6.176498486767146,1.721251344934607,1.7212682712422092,3.948883379004678,365
4,B,80,False,5.513007180123029,0.7193376658130562,0.7193781666156724,3.116192673369351,524
4,B,695,False,6.390037442317307,1.7032409839812321,1.7032580892687126,4.0466477657930096,250
4,B,510,False,6.549006562962768,1.7890930686111566,1.789109353085617,4.169057958024193,77
4,B,511,False,6.536289650379654,1.7277124565013644,1.727729319510417,4.132009484945035,118
4,B,230,False,6.494408139669955,1.7797343809590251,1.779750751064192,4.137079445367073,108
4,B,621,False,6.738131174402509,1.7413450634465308,1.7413617944400734,4.239746484421292,54
4,B,48,False,5.057641497953524,1.2308942955369568,1.2309179647447557,3.14427973134914,522
4,B,303,False,6.673069436252781,1.431041811509405,1.4310621703595094,4.052065803306146,240
4,B,609,False,6.312233510337966,1.7293432601786523,1.729360107285721,4.020796808811843,284
4,B,190,False,6.187225327306326,1.7599548547798325,1.7599714088612495,3.9735983680837874,344
4,B,54,False,6.288930597598387,1.7886011108544795,1.7886173998079713,4.03877399870318,261
4,B,674,False,5.470171210190785,1.700845444563171,1.700862573942187,3.585516892066486,479
4,B,827,False,6.329335316631691,1.3072484737545353,1.3072707605081328,3.818303038569912,416
4,B,235,False,6.1214935658839575,1.7487793325714416,1.748795992440218,3.935144779162088,370
4,B,422,False,5.983566217170121,1.7069505695050355,1.7069676376192713,3.8452669273946958,408
4,B,224,False,6.322927996529379,1.787993133671323,1.7880094281635508,4.055468712346465,232
4,B,603,False,6.327733144204636,1.796791638350899,1.7968078530532023,4.062270498628919,224
4,B,123,False,6.5998860384367966,1.7121314601854547,1.7121484766522814,4.156017257544539,91
4,B,145,False,6.312112823694066,1.7396299678534228,1.7396467153418396,4.025879769517953,280
4,B,814,False,6.292054619896345,0.08158393800457689,0.08194027145601061,3.186997445676178,520
4,B,574,False,6.390973111132907,1.7628313366966735,1.7628478637663916,4.076910487449649,210
4,B,204,False,6.659260338927566,1.5716670697232735,1.5716856069833085,4.115472972955438,142
4,B,173,False,6.072255402172901,1.468121242123075,1.4681410867893283,3.770198244481115,440
4,B,153,False,6.766709312122204,1.7331849498646585,1.733201759629648,4.249955535875926,51
4,B,155,False,5.774558587250602,1.745942397498877,1.7459590844375696,3.760258835844086,441
4,B,117,False,6.0164685704946885,1.775880048872603,1.775896454506768,3.896182512500728,389
4,B,242,False,6.5387800143184025,1.7843077086238606,1.7843240367714832,4.1615520255449425,83
4,B,325,False,6.707322543644521,1.7125615494199165,1.7125785616133045,4.2099505526289125,65
4,B,191,False,6.2016230092210725,1.7614167015522382,1.76143324189511,3.981528125558091,334
4,B,607,False,6.814232551276345,1.7475695105575624,1.7475861819596619,4.280909366618004,43
4,B,397,False,6.295615712086682,1.7799600859018612,1.7799764539312621,4.037796083008972,263
4,B,616,True,7.1709309997769655,1.6013019478327173,1.6013201420324434,4.386125570904705,21
4,B,106,False,5.731050874090826,1.3473406438752265,1.3473622674633796,3.539206570777103,495
4,B,602,False,6.726771776112229,1.7517770628517344,1.7517936942115644,4.239282735161897,55
4,B,225,False,6.336950971866743,1.7897667937991146,1.789783072143636,4.06336702200519,223
4,B,251,False,7.3620257290776925,0.6279039688343167,0.6279503668474417,3.994988047962567,320
4,B,375,False,6.020794702980906,1.6965496885481313,1.6965668612992273,3.8586807821400666,404
4,B,253,False,7.340389845072549,0.6731824879352515,0.6732257654075972,4.006807805240073,312
4,B,172,False,6.470198215309407,1.4412165894201987,1.441236804541828,3.955717509925617,357
4,B,318,False,5.283064832065463,1.4924146327786438,1.4924341544194721,3.3877494932424677,510
4,B,857,False,6.492503615125187,1.7179423853510156,1.7179593442603605,4.105231479692774,155
4,B,507,False,7.419710298641128,0.39592472711403504,0.3959983064184406,3.9078543025297843,385
4,B,379,False,6.339695754501086,1.7403591337316442,1.74037587420336,4.0400358143522235,259
4,B,788,False,7.657270516525769,0.36659156221221467,0.3666710278044096,4.011970772165089,304
4,B,161,False,7.193972963970728,0.8260087146126167,0.8260439853675695,4.0100084746691484,307
4,B,436,False,6.252852986359546,1.7857447929766188,1.785761107984228,4.019307047171887,288
4,B,808,False,6.676100813752944,1.3412237893711447,1.3412455115753577,4.0086731626641505,309
4,B,334,False,6.535640678527463,1.7664027214074454,1.7664192150623756,4.151029946794919,95
4,B,722,False,6.247663103870282,1.7113813148459291,1.7113983387714653,3.9795307213208737,337
4,B,296,False,6.174942529948218,1.7837643404701153,1.7837806735915533,3.979361601769886,339
4,B,141,False,6.467850090594358,1.7946258091173888,1.7946420433880936,4.131246066991226,121
4,B,557,False,7.153023298267675,0.7928516712533216,0.7928884169636577,3.9729558576156663,345
4,B,672,False,5.48633160218579,1.708491866574033,1.7085089192906115,3.597420260738201,476
4,B,861,True,7.387308857434476,1.3339885081058351,1.3340103481249244,4.3606596027797,29
4,B,489,False,6.584625133327194,1.7846861589802598,1.7847024836654606,4.184663808496327,70
4,B,61,False,6.0508043198926815,1.685318888052446,1.6853361752399083,3.868070247566295,403
4,B,351,True,7.539050418794866,1.3678591544776266,1.3678804537071936,4.4534654362510295,6
4,B,712,False,6.417474926015823,1.8003786714393097,1.8003948538361034,4.108934889925963,146
4,B,468,False,6.238746964909583,1.1987753734068403,1.1987996767736715,3.7187733208416276,448
4,B,361,False,6.436866481090785,1.7768509016441054,1.776867298314486,4.106866889702635,150
4,B,268,False,6.442860288088033,1.7971835509209746,1.7971997620873628,4.120030025087698,132
4,B,459,False,5.1531448753741405,1.69835042538033,1.698367579923586,3.425756227648863,505
4,B,345,False,6.366534577948601,1.7982149029528252,1.7982311048215098,4.082382841385055,202
4,B,312,False,6.556616066997444,1.7486330851403746,1.7486497464024906,4.152632906699967,94
4,B,58,False,4.83796404076054,0.14803101353428838,0.14822769685163004,2.493095868806085,538
4,B,663,False,6.405086680822306,1.800375325515755,1.800391507942623,4.102739094382464,160
4,B,502,False,5.436148995017151,0.24358456654322166,0.24370414482318362,2.8399265699201672,534
4,B,779,False,6.162208778108649,1.7688171022228527,1.7688335733646623,3.9655211757366557,349
4,B,176,False,6.037104404007085,0.3910357417468063,0.39111024081379536,3.21410732241044,519
4,B,553,False,6.93317487398735,1.715381252424198,1.7153982366536233,4.324286555320487,35
4,B,782,False,7.213933192658145,0.21706226578988325,0.21719644650819678,3.715564819583171,449
4,B,137,False,6.792986452584135,1.7372183482601191,1.737235118997301,4.265110785790718,46
4,B,756,False,7.367457694331833,0.5058524665961991,0.5059100583180857,3.936683876324959,369
4,B,790,False,6.350436288565663,1.7608546665431926,1.7608712121654122,4.055653750365538,231
4,B,328,False,6.825755770955506,1.718470451790628,1.718487405488744,4.272121588222125,44
4,B,595,False,6.297809604707384,1.6299258091642579,1.6299436838509824,3.963876644279183,350
4,B,690,False,5.839352180909146,1.7599117160585998,1.7599282705457844,3.7996402257274653,426
4,B,573,False,6.416653590820457,1.7442186032437381,1.744235306673812,4.0804444487471345,204
4,B,343,False,5.505116566832976,1.7517225353423043,1.751739167219829,3.6284278670264025,469
4,B,97,False,5.706790112342011,1.2076679284421932,1.2076920528569393,3.457241082599475,501
4,B,520,False,5.7371409863868434,1.672612669773856,1.672630088284309,3.704885537335576,450
4,B,90,False,5.544183126774595,1.1234234392672062,1.123449372709295,3.333816249741945,512
4,B,423,False,6.294804363862776,1.7933309303625353,1.7933471763551267,4.044075770108952,254
4,B,64,False,6.388724738837819,1.7775651427557129,1.7775815328378297,4.083153135837825,201
4,B,736,False,6.467994762075631,1.7641901434909146,1.764206657831345,4.116100709953488,140
4,B,439,False,6.803499255691602,1.769328091915857,1.769344558300773,4.286421906996187,42
4,B,685,False,6.037189745416543,1.7283258964332533,1.7283427534571258,3.8827662494368345,397
4,B,618,False,4.987684166378935,1.5397236883023822,1.5397426101350322,3.263713388256984,516
4,B,102,False,5.774740505335233,1.3118992176056747,1.3119214253530322,3.5433309653441327,494
4,B,207,False,6.826832282808723,1.6369798876336763,1.6369976852955883,4.231914984052155,58
4,B,508,False,6.314000166253833,1.6369199261231242,1.6369377244369696,3.9754689453454013,343
4,B,739,False,6.395306612060018,1.7570611864992893,1.7570777678430287,4.076192189951524,211
4,B,475,False,5.58961775273468,1.7014017569804234,1.7014188807586512,3.645518316746666,463
4,B,310,False,6.190723669580643,1.7269091989472762,1.7269260697999418,3.958824869690292,355
5,B,269,False,6.462824910223392,1.7526683761820827,1.7526838480220717,4.107754379122732,77
5,B,196,False,6.373886752307725,1.7389930193393495,1.7390086128480515,4.056447682577888,138
5,B,491,False,6.526297465558844,1.6995023633252206,1.6995183191706782,4.1129078923647615,71
5,B,45,False,6.035392508715608,1.5508822947736762,1.5508997796412187,3.7931461441784133,377
5,B,14,False,6.331829242364119,1.7570989056105308,1.7571143384385781,4.0444717904013485,157
5,B,382,False,6.589118715774829,1.7328375514565848,1.73285320035679,4.160985958065809,46
5,B,82,False,5.667852538333258,1.0320367740502396,1.0320630490627705,3.3499577936980143,473
5,B,132,False,6.212617286649269,1.5173768275103288,1.5173946984598397,3.865005992554554,352
5,B,10,False,6.436324494489244,1.6509380427081841,1.6509544679093509,4.043639481199298,159
5,B,577,False,6.422695648606345,1.6884344737371886,1.688450534174127,4.055573091390236,141
5,B,636,False,4.735301799337636,1.1895645368155419,1.189587332438393,2.9624445658880143,497
5,B,391,False,6.550916303713151,1.6808471384220334,1.680863271355007,4.115889787534079,68
5,B,133,False,7.277520022194146,0.6363580104733122,0.636400622047362,3.956960322120754,283
5,B,250,False,7.310579241635626,0.6445121094258798,0.6445541819314451,3.9775667117835356,249
5,B,679,False,6.311845196379698,1.7441704919065397,1.7441860391271966,4.028015617753447,176
5,B,59,False,6.463654210564654,1.6963033841304727,1.6963193700660295,4.079986790315342,106
5,B,488,True,7.994290824705107,0.5399576215880002,0.5400078400909447,4.267149332398026,13
5,B,297,False,6.138616962718231,1.7360485817774467,1.7360642017333925,3.937340582225812,305
5,B,7,False,5.634513541581327,1.6611709722019106,1.6611872962236853,3.647850418902506,419
5,B,746,False,6.295220367440796,1.669934797287448,1.6699510356415208,3.9825857015411583,246
5,B,283,False,6.755362402286096,1.535112938400723,1.5351306028784715,4.1452465025822836,52
5,B,197,False,6.523880848171235,1.7449183659069654,1.744933906464125,4.13440737731768,57
5,B,853,False,6.369003261606468,0.4786636308275338,0.47872027920876176,3.423861770407615,467
5,B,516,False,5.709829990227377,1.6644724257620553,1.6644887174057197,3.687159353816548,413
5,B,538,False,6.79025274049516,1.1197967860402211,1.1198210018903583,3.955036871192759,286
5,B,170,False,6.936368391179553,1.1549886257916064,1.1550121038139385,4.045690247496745,153
5,B,392,False,6.583962278183415,1.6925159818223843,1.692532003529891,4.138247140856652,54
5,B,593,False,6.516756001350137,1.6435246565793982,1.6435411558683723,4.080148578609254,105
5,B,829,False,6.13112960765035,1.680136981795816,1.680153121547757,3.9056413645990533,330
5,B,215,False,6.192547236729727,1.693262034521955,1.6932780491703503,3.9429126429500387,301
5,B,725,False,6.154579115531607,1.6258859759962907,1.625902654278579,3.890240884905093,340
5,B,747,False,6.306340465879401,1.6681524995957684,1.6681687552991535,3.9872546105892774,239
5,B,822,False,6.0273413295562435,1.722809649676723,1.7228253896631398,3.8750833596096914,348
5,B,819,False,6.618253236496954,0.21675431840043127,0.21687938766501702,3.4175663120809854,468
5,B,745,False,6.260975483791001,1.666960192679914,1.6669764600102106,3.963975971900606,272
5,B,22,False,6.469797623917006,1.7579029211306636,1.75791834690023,4.113857985408618,70
5,B,419,False,6.30091432254952,0.1548757310689377,0.15505072177469897,3.2279825221621095,485
5,B,683,False,6.138465106122968,1.7366248989734816,1.7366405137458278,3.937552809934398,304
5,B,77,False,6.368204155311101,1.6136351609265174,1.6136519658300128,3.990928060570557,234
5,B,776,False,7.375145980221801,0.5791841703755032,0.5792309880024351,3.9771884841121183,250
5,B,752,False,6.462366908099627,1.7294810841935482,1.7294967634638718,4.09593183578175,91
5,B,19,False,6.211281886466967,1.693701743685101,1.693717754175904,3.9524998203214357,289
5,B,166,False,6.433294375153187,1.408134988874817,1.408154246218147,3.920724310685667,319
5,B,446,False,6.378327433923917,1.7596733605572212,1.7596887708067757,4.069008102365347,123
5,B,398,False,7.762590101232629,0.4960535873900381,0.4961082500939118,4.12934917566327,58
5,B,652,False,5.82267953409582,1.6754840220557878,1.675500206628742,3.749089870362281,388
5,B,2,False,6.6492764467037215,1.680352355223558,1.680368492906861,4.164822469805292,44
5,B,735,False,6.423012007808489,1.6691795310817226,1.669195776783214,4.046103892295852,152
5,B,854,False,6.241981531312887,0.2908016925974845,0.29089492719241267,3.2664382292526497,480
5,B,797,False,6.609671729893004,1.4167706711877912,1.416789811152883,4.013230770522943,197
5,B,501,False,6.371678000043668,0.7500043036465279,0.7500404587334142,3.5608592293885413,435
5,B,824,False,6.3682092668813,1.7252757287426732,1.7252914462308329,4.046750356556067,151
5,B,300,False,6.30932880946871,1.7397610008680817,1.7397765874934135,4.024552698481061,180
5,B,849,False,6.124310405816435,1.655989799870606,1.656006174965603,3.8901582903910192,341
5,B,165,False,7.263647950216308,0.5862841767388242,0.5863304274409081,3.924989188828608,314
5,B,762,True,7.7887841008005845,1.0700118590329681,1.070037201558855,4.42941065117972,7
5,B,469,False,6.205126090254652,1.1880483294238104,1.1880711541382627,3.6965986221964573,409
5,B,806,False,6.66374230572924,1.329480803087347,1.329501199708558,3.996621752718899,226
5,B,773,False,5.612137125537972,1.5547458217090615,1.5547632631273811,3.583450194332676,426
5,B,451,False,6.249961126571631,1.7526189716305547,1.7526344439066752,4.001297785239153,217
5,B,222,False,6.259846119135533,1.7381532755685962,1.7381688766108307,3.999007497873182,220
5,B,309,False,6.032869440362109,1.7472603018873107,1.7472758216149087,3.890072630988509,342
5,B,139,False,6.50320172334788,1.7346695425118956,1.7346851748853873,4.1189434491166335,65
5,B,236,False,6.015411141701346,1.4849009799722415,1.4849192417674573,3.7501651917344017,387
5,B,846,False,6.644455342948138,1.6896574906250412,1.689673539437139,4.167064441192639,43
5,B,592,False,6.544240328002202,1.7123546524847248,1.7123704885727271,4.128305408287464,59
5,B,830,False,6.357985128134085,1.7541445997610836,1.7541600585806556,4.056072593357371,139
5,B,255,False,5.487714719608111,1.6009736148310751,1.6009905526373343,3.544352636122723,439
5,B,589,False,6.510204626403352,1.635199111170477,1.6352156944640162,4.072710160433684,119
5,B,654,True,6.914948773946893,1.6673203540334962,1.667336617849887,4.29114269589839,12
5,B,163,False,6.394950537022975,1.4304609060798534,1.430479862868231,3.912715199945603,328
5,B,606,False,5.981729375365501,1.658981259948115,1.6589976055159792,3.82036349044074,370
5,B,16,False,6.069223023311525,1.6849093524358483,1.6849254464736731,3.877074234892599,346
5,B,700,False,6.2539804360088285,1.6643734785902844,1.664389771202479,3.9591851036056536,280
5,B,434,False,6.364014599577421,1.6473728438743405,1.647389304622119,4.00570195209977,211
5,B,781,False,4.663583613060521,1.15062964119457,1.1506532081579846,2.9071184106092525,500
5,B,284,False,6.118043767618445,1.7317940642229104,1.7318097225522275,3.9249267450853367,315
5,B,571,False,6.62768048232108,1.6876274357395908,1.6876435038566955,4.157661993088888,48
5,B,135,False,6.325365555222127,1.495042436363185,1.4950605742830239,3.9102130647525755,329
5,B,653,False,5.504423051990948,1.6264285695210343,1.6264452422393307,3.5654341471151394,431
5,B,834,False,6.291983683065359,1.7044927780057912,1.7045086871361543,3.998246185100757,222
5,B,523,False,6.434719926230111,1.7521547942561275,1.7521702706310964,4.093445098430603,95
5,B,718,False,6.338444697185019,1.757820773992141,1.757836200482584,4.048140448833801,149
5,B,350,False,5.398984135216249,0.8435593286507379,0.8435914741167082,3.121287804666479,491
5,B,187,False,6.759495771754208,1.1524240805664112,1.1524476108344601,3.955971691294334,284
5,B,199,False,5.762630665251113,1.6653526711775752,1.665368954210148,3.7139998097306304,400
5,B,575,False,6.3026818978615555,1.7142870399361387,1.7143028581734692,4.008492378017513,207
5,B,787,False,6.6041289341513565,1.7359801976535076,1.7359958182247528,4.170062376188055,41
5,B,684,False,6.301154119208976,1.7291595315540056,1.7291752137400032,4.01516466647449,194
5,B,534,False,6.2718278750286105,1.7513319064818855,1.7513473901285812,4.011587632578596,199
5,B,53,False,6.2620931746250985,1.6732459696202524,1.6732621758406947,3.9676776752328964,263
5,B,670,False,4.85255485699758,0.7921501072844237,0.7921843388501448,2.8223695979238625,505
5,B,285,False,6.327717521872354,1.7480070678617008,1.7480225809591756,4.037870051415765,166
5,B,231,False,6.490560574149487,1.7264854965854688,1.7265012030603077,4.108530888604897,76
5,B,761,False,6.219814851139363,1.6916026218930815,1.6916186522512293,3.955716751695296,285
5,B,277,False,5.679053229566057,1.7013081374503545,1.7013240763603832,3.6901886529632204,411
5,B,807,False,6.5762162769664645,1.5709108036794321,1.5709280656241,4.073572171295282,117
5,B,777,False,6.18680457681841,1.7508253432623393,1.7508408313888517,3.968822704103631,260
5,B,98,False,5.729559133195134,1.0563517966152793,1.0563774668465082,3.3929683000208213,471
5,B,449,False,6.6095476138169005,1.7457047711465938,1.7457203047031042,4.177633959260002,38
5,B,200,False,6.5218982033566135,1.667796719810532,1.6678129789816025,4.094855591169108,93
5,B,680,False,6.344246674318164,1.7440234562768258,1.7440390048082304,4.0441428395631975,158
5,B,168,False,7.092470679064724,1.0436640501412775,1.043690032435882,4.068080355750303,125
5,B,512,False,6.163751914656624,1.54743784724486,1.5474553710315926,3.855603642844108,355
5,B,727,False,5.453151935172643,0.26797977740857915,0.2680809492460604,2.860616442209352,501
5,B,219,False,6.282487475460721,1.7370794318360114,1.737095042522555,4.009791258991638,205
5,B,232,False,6.230911403581208,1.6591050900105122,1.6591214343584098,3.945016418969809,296
5,B,267,False,6.497596947759046,1.735409831574174,1.7354254572792864,4.116511202519166,67
5,B,272,False,6.084290804510906,1.7110584054475386,1.7110742535323797,3.897682529021643,333
5,B,734,False,5.566261150722787,1.5285496804254746,1.5285674207497482,3.5474142857362674,438
5,B,742,False,6.257981852301383,1.6705061733123838,1.6705224061123818,3.9642521292068826,271
5,B,246,False,6.4098710419448945,1.7091585488450418,1.7091744145460424,4.059522728245469,134
5,B,810,False,6.6753658627343215,1.34671036721134,1.3467305028858667,4.011048182810094,201
5,B,639,False,6.398350579081534,1.725182275143952,1.7251979934835249,4.061774286282529,130
5,B,559,False,6.617525390335659,0.8455121535326434,0.8455442247571238,3.731534807546391,395
5,B,223,False,6.337295241233203,1.7390764310922775,1.739092023853071,4.038193632543138,165
5,B,270,True,7.229622141016204,1.2952024115046825,1.2952233479273998,4.262422744471802,14
5,B,63,False,6.372912940277024,1.7220838828270588,1.722099629446983,4.047506284862004,150
5,B,642,False,6.7453326702059835,1.6616205468561671,1.661636866461293,4.203484768333638,32
5,B,47,False,5.442160854285305,0.21063952447653062,0.21076822227370076,2.826464538279503,504
5,B,249,False,7.406320405232168,0.29335075746359424,0.2934431821548793,3.8498817936935237,358
5,B,552,False,6.263980644866846,1.6734834150120614,1.6734996189330755,3.9687401318999607,261
5,B,340,False,6.498822000301518,1.6100397246952693,1.6100565671259928,4.054439283713755,146
5,B,498,False,6.183845128930427,0.8402510629822865,0.8402833350076506,3.5120642319690387,447
5,B,550,False,6.249966924397463,1.6702129298847173,1.6702291655347206,3.9600980449660916,277
5,B,515,False,6.1293818810227645,1.5587639681668428,1.5587813646255717,3.8440816228241683,361
5,B,124,False,6.582244724286344,1.626556628050883,1.6265732994565525,4.104409011871448,82
5,B,260,False,5.348516205123275,1.6928036711129453,1.692819690097614,3.5206679476104443,445
5,B,122,False,7.056578379518499,0.9221306272614006,0.9221600338239677,3.9893692066712334,236
5,B,480,False,6.196639061343009,1.63387190752745,1.633888504291558,3.9152637828172834,325
5,B,103,False,6.032906904693807,1.545309194829153,1.5453267427545034,3.789116823724155,379
5,B,247,True,6.742456872720107,1.6713355725799024,1.6713517973244614,4.206904335022284,30
5,B,521,False,5.638614995808021,1.5736128212295015,1.5736300535343712,3.6061225246711963,422
5,B,142,False,6.446971450990647,1.590652006917339,1.5906690546304332,4.01882025281054,188
5,B,220,False,6.282487475460721,1.7370794318360114,1.737095042522555,4.009791258991638,206
5,B,336,False,5.255214368654079,1.6887605402523043,1.6887765975883169,3.471995483121198,455
5,B,192,False,4.700754064896803,0.119270222682546,0.11949736510677257,2.410125715001788,510
5,B,83,False,5.864793722370214,1.1125958847512267,1.112620257326857,3.4887069898485357,451
5,B,164,False,7.260164269953229,0.5306223098411312,0.5306734117608066,3.895418840857018,335
5,B,116,False,6.5465198739188235,1.7474631702192431,1.7474786881451245,4.146999281031974,51
5,B,513,False,6.0779473403255695,1.549621798635841,1.5496392977257953,3.8137933190256823,372
5,B,115,False,5.923696376096786,1.7164541708355086,1.7164699691015077,3.820083172599147,371
5,B,551,False,6.27054072024749,1.66928198662341,1.6692982313277984,3.969919475787644,258
5,B,743,False,6.263480082997306,1.6705602857167394,1.6705765179909335,3.96702830049412,265
5,B,131,False,6.322301892877631,1.6869404313724168,1.6869565060331795,4.0046291994554055,214
5,B,203,False,6.79590207307279,1.5292757256216853,1.5292934575235877,4.162597765298189,45
5,B,741,False,5.790414577095541,1.6798980902467695,1.6799142322938574,3.7351644046946992,394
5,B,314,False,6.5532442751474385,1.7248230319775384,1.72483875359087,4.139041514369154,53
5,B,159,False,6.309673101249411,1.7443755892503157,1.744391134643003,4.027032117946207,177
5,B,651,False,6.294145268478543,1.7012492321955506,1.7012651716574545,3.9977052200679988,224
5,B,335,False,6.152155119179397,1.6320815444712105,1.6320981594414745,3.8921266393104355,339
5,B,374,False,6.367611608694,1.5693167209242636,1.569334000403101,3.9684728045485507,262
5,B,279,False,5.800171568436797,1.6888259129212224,1.6888419696356785,3.7445067690362377,390
5,B,218,False,6.307661960011761,1.739029155824527,1.7390447490092036,4.0233533545104825,183
5,B,454,False,6.2879289042698385,1.6814537757295116,1.6814699028420783,3.9846994035559584,241
5,B,486,True,6.787334185423956,1.7165835015140238,1.7165992985897622,4.251966742006859,16
5,B,407,False,5.923316279601681,1.7010465274746274,1.7010624688359346,3.812189374218808,373
5,B,463,False,6.41639194176104,1.7462938391832667,1.7463093674999715,4.081350654630506,104
5,B,62,False,6.597978550591749,1.5499457679675388,1.5499632633998786,4.073970906995814,115
5,B,816,False,6.403923455902875,1.7595890149115552,1.7596044258997916,4.081763940901333,103
5,B,832,False,5.8919520274558215,1.5124281904371233,1.5124461198593582,3.7021990736575896,404
5,B,360,False,6.866774515321136,1.338217130106431,1.3382373935737297,4.102505954447433,84
5,B,239,False,4.966137121816109,1.0755066943678504,1.0755319074201277,3.0208345146181186,496
5,B,566,False,6.376656509113305,1.7581656603979579,1.7581810838623262,4.067418796487815,126
5,B,234,False,6.041701168556765,1.6784074606297008,1.6784236170127487,3.860062392784757,354
5,B,793,False,6.377642166082794,1.0389101655863915,1.0389362667687851,3.70828921642579,402
5,B,586,False,6.018203901179934,1.4741054146653323,1.4741238101985763,3.746163855689255,389
5,B,259,False,5.29621352906427,1.6415456684493102,1.641562187629031,3.4688878583466503,456
5,B,216,False,6.28380158911917,1.7364164221531373,1.7364320388002001,4.0101168139596854,203
5,B,447,False,6.591233590739597,1.6565813834350136,1.6565977526823403,4.123915671710969,60
5,B,775,False,7.383352801731192,0.5370351236748814,0.5370856154368802,3.960219208584036,276
5,B,613,True,7.157149515087529,1.7157739030467165,1.7157897075763338,4.4364696113319315,6
5,B,281,False,6.41313770222559,1.7355362388064774,1.7355518633735068,4.074344782799549,113
5,B,319,False,4.707645602615537,0.3613490936083869,0.36142412993645007,2.534534866275994,507
5,B,324,False,4.569682420811534,1.1068825275589425,1.106907025934875,2.8382947233732048,502
5,B,167,False,7.096586921636705,0.9772141269117856,0.9772418759369047,4.036914398786805,167
5,B,369,False,7.17635020037113,0.48385166311384187,0.48390770416139056,3.8301289522662603,364
5,B,494,False,6.26482999754095,1.637150943909774,1.6371675074326943,3.9509987524868224,291
5,B,221,False,6.298947230254582,1.7377614024889054,1.7377770070492142,4.018362118651898,189
5,B,299,False,6.221288138190471,1.7302864555788042,1.7303021275511912,3.975795132870831,251
5,B,576,False,6.391453619867757,1.6922687027989516,1.6922847268475727,4.041869173357665,161
5,B,801,False,6.299860177767153,1.152940230926001,1.1529637506601922,3.7264119642136726,397
5,B,162,False,7.112317392654243,0.7936442597469191,0.7936784268694421,3.9529979097618426,288
5,B,341,False,6.535708929592326,1.6033076090826153,1.6033245222321428,4.0695167259122345,122
5,B,373,True,6.791094204119544,1.7245953400733682,1.7246110637623469,4.257852633940946,15
5,B,136,False,6.357331201357827,1.4954906636099223,1.4955087960935447,3.926419998725686,313
5,B,638,False,6.392610344366874,1.725901843893468,1.7259175556797577,4.059263950023316,135
5,B,237,False,6.128997811844411,1.5299182025112688,1.5299359269668873,3.8294668694056493,365
5,B,453,False,6.479044473661538,1.7321655611826203,1.732181216153731,4.105612844907634,79
5,B,442,False,5.693082494285511,1.6939231488442104,1.6939391572423732,3.693510825763942,410
5,B,473,False,5.391871201316311,1.4756830703313641,1.4757014461981526,3.433786323757232,465
5,B,565,False,6.312804836402134,1.7456217265953906,1.745637260890873,4.029221048646503,174
5,B,154,False,6.560810430507372,1.686376378808645,1.686392458845946,4.123601444676659,61
5,B,800,False,6.245341069170425,0.32445360752409236,0.324537174579608,3.2849391218750164,479
5,B,794,False,6.390648789738782,1.318624632112153,1.3186451966551231,3.8546469931969525,357
5,B,331,False,6.081849714520634,1.7148109108922713,1.7148267242972097,3.898338219408922,332
5,B,21,False,6.126271941521469,1.7059725104961359,1.7059884058273098,3.9161301736743894,323
5,B,780,False,5.947789507491186,1.6965834473392007,1.696599430635907,3.8221944690635468,368
5,B,792,False,6.421941338591198,1.0785690000972628,1.0785941415655502,3.750267740078374,386
5,B,15,False,6.041579353370601,1.6788989549280462,1.6789151065813908,3.860247229975996,353
5,B,567,False,7.579385210015539,0.4823334449631513,0.4823896623879273,4.030887436201733,173
5,B,186,False,5.426712455138568,1.2624474325962058,1.262468912218225,3.3445906836783967,475
5,B,327,False,6.736365014158216,1.633629940187604,1.6336465394099398,4.185005776784078,36
5,B,758,False,5.537269788225309,1.6444571199282616,1.6444736098616695,3.5908716990434892,423
5,B,458,False,5.070965974973587,1.62495442275856,1.6249711106020692,3.3479685427878283,474
5,B,549,False,6.248438269530362,1.6809292167495025,1.6809453488947261,3.964691809212544,269
5,B,258,False,5.2786580146480615,1.6413313175334245,1.6413478388704585,3.46000292675926,457
5,B,134,False,6.457428145751178,1.3988841350615373,1.3989035197523747,3.9281658327517768,312
5,B,678,False,6.409551080304055,1.7417582956067172,1.741773864358842,4.075662472331449,110
5,B,723,False,6.720482725007559,1.5236736385946317,1.523691435690613,4.122087080349086,62
5,B,205,False,6.5010197768398506,1.4970262468350912,1.49704436071944,3.9990320687796452,219
5,B,304,False,6.243202108518126,1.7329270775222485,1.7329427256140113,3.9880724170660686,237
5,B,698,False,6.288697130214774,1.7539684483266873,1.7539839086987783,4.021340519456777,185
5,B,635,False,6.453024589844153,1.7300648958835834,1.7300805698629738,4.0915525798535635,96
5,B,759,False,5.532960779123261,1.6409452680197616,1.6409617932435734,3.586961286183417,424
5,B,57,False,6.190740279973492,1.7351565331464707,1.7351721611326056,3.962956220553049,273
5,B,208,False,6.43537943753568,1.654908242307112,1.6549246281038699,4.045152032819775,155
5,B,206,False,6.577286864652153,1.5710946969381787,1.5711119568623952,4.0741994107572745,114
5,B,770,False,6.402463518392417,1.6764567295732202,1.6764729047557119,4.039468211574064,164
5,B,585,False,6.449870474531418,1.687664649589393,1.687680717352191,4.068775595941805,124
5,B,509,False,6.78865755956203,1.6168024679011737,1.6168192398842993,4.202738399723165,33
5,B,455,False,6.304697257012096,1.6778180077273537,1.6778341697864254,3.991265713399261,232
5,B,643,False,6.739020665216311,1.6585858522563932,1.6586022017210105,4.198811433468661,35
5,B,55,False,6.4539434819429555,1.687832776179163,1.6878488423414515,4.070896162142203,120
5,B,657,False,5.2679826271990144,1.622591283479455,1.6226079956268618,3.445295311412938,464
5,B,366,False,6.521545954547319,1.2780261823930466,1.2780474001893911,3.899796677368355,331
5,B,757,False,6.223150513906227,1.744800155663153,1.7448156972731763,3.9839831055897017,243
5,B,441,False,6.227274975566728,1.7537058016582443,1.7537212643457631,3.9904981199562455,235
5,B,65,False,6.4743889713381995,1.7177274241504978,1.7177432107062516,4.096066091022226,90
5,B,754,False,6.470518562363645,1.72807781267509,1.7280935046775219,4.099306033520583,86
5,B,6,False,5.629197763143722,0.4498426330900684,0.4499029104085937,3.039550336776158,494
5,B,156,False,6.218162802240673,1.7494755995652045,1.7494910996409065,3.9838269509407898,244
5,B,836,False,5.671923963821856,1.6478081982205681,1.6478246546194264,3.659874309220641,417
5,B,105,False,5.735092327169662,1.1698598976439547,1.169883077219361,3.4524877021945115,461
5,B,243,False,6.368224096848802,1.7526653852892111,1.7526808571556023,4.060452477002203,132
5,B,472,False,5.465340429855582,0.3840797295438052,0.38415032590791814,2.92474537788175,498
5,B,570,False,6.718350170594256,1.6809447174628267,1.6809608494592905,4.199655510026774,34
5,B,70,False,5.428726424504722,0.8666985878841817,0.8667298751567019,3.147728149830712,489
5,B,394,False,6.5375583550013685,1.6825241367084434,1.6825402535616227,4.110049304281496,73
5,B,838,False,6.382267522325794,0.5174444352386454,0.5174968384523309,3.4498821803890625,462
5,B,828,False,6.323436455192705,1.7288326756089665,1.7288483607598368,4.026142407976271,178
5,B,495,False,6.177542707860393,1.120749884903295,1.1207740801604336,3.6491583940104135,418
5,B,364,False,6.255334328347553,1.6641883421435377,1.664204636568224,3.9597694824578884,279
5,B,240,False,4.72049641130098,0.11959520572295172,0.1198217320882666,2.420159071694623,509
5,B,522,False,6.1867406772225335,1.6786982838713285,1.678714437455418,3.9327275573389757,310
5,B,276,False,5.698873705019945,1.698091313617707,1.6981072827217445,3.698490493870845,407
5,B,702,False,6.109601593969412,1.6381418402802816,1.6381583937841864,3.873879993876799,349
5,B,282,False,6.451635155187777,1.728140445807824,1.7281561372415346,4.089895646214655,100
5,B,766,True,6.775245095694517,1.7132012613170542,1.7132170895794445,4.244231092636981,19
5,B,362,False,5.472986591535157,1.6512047939671284,1.6512212165148388,3.562103904024998,433
5,B,841,False,6.200653247688267,1.6792102836893643,1.6792264323481907,3.939939840018229,303
5,B,245,False,6.4988113618573795,1.7328348714065003,1.7328505203309081,4.115830941094144,69
5,B,771,False,6.441245808784071,1.7531332175070566,1.7531486852447404,4.097197247014406,88
5,B,848,False,6.400054193569147,1.7277169344082417,1.7277326296883235,4.063893411628736,128
5,B,244,False,6.1902074580003985,1.6687690377551467,1.6687852874528093,3.9294963727266037,311
5,B,217,False,6.275743851610892,1.7359687515033635,1.7359843721776023,4.0058641118942475,210
5,B,18,False,6.211281886466967,1.693701743685101,1.693717754175904,3.9524998203214357,290
5,B,564,True,6.7758005107044035,1.6987616993238415,1.6987776621260189,4.2372890864152115,23
5,B,126,False,5.737972081025734,1.6871989473412012,1.687215019538996,3.712593550282365,401
5,B,460,False,5.036951553101616,1.6180649425102838,1.6180817014074182,3.3275166272545174,477
5,B,291,False,6.551934745027319,1.7485791239447437,1.7485946319670789,4.150264688497199,49
5,B,847,True,6.7644438198338355,1.6891357850342095,1.6891518388030877,4.226797829318461,25
5,B,724,False,6.603395250635344,1.531360708294815,1.5313784160546062,4.067386833344975,127
5,B,169,False,6.940386276958195,1.0957784181110426,1.0958031647365578,4.018094720847376,192
5,B,288,False,6.3604555162762235,1.7106258354358426,1.7106416875281893,4.035548601902207,168
5,B,471,False,6.219502378614555,0.9173932252361647,0.9174227836488091,3.568462581131682,429
5,B,25,False,6.233501308918392,1.7483417478815684,1.748357258009442,3.9909292834639167,233
5,B,474,False,5.615898182479091,1.7147769695547814,1.7147927832727188,3.665345482875905,416
5,B,626,False,6.352404764540099,1.7578269890461358,1.7578424154820365,4.055123590011068,144
5,B,44,False,6.217015111181903,1.7401683447796341,1.7401839277564337,3.978599519469168,248
5,B,143,False,6.490667443018152,1.454064155135509,1.454082804209808,3.97237512361398,254
5,B,152,True,7.014715867298909,1.6749171185723644,1.6749333086232028,4.344824587961056,9
5,B,833,False,6.14371316655939,1.6942170692620955,1.6942330748830756,3.918973120721233,322
5,B,195,False,6.375982118013741,1.7360395844195142,1.7360552044564126,4.056018661235076,140
5,B,11,True,6.82181491927203,1.6167811108698742,1.6167978830745486,4.21930640117329,26
5,B,802,False,6.251389630196208,0.9038843372406671,0.9039143374002413,3.5776519837982246,427
5,B,50,False,5.386617546683516,1.4747638458500625,1.4747822331704379,3.4306998899269767,466
5,B,647,False,6.300733909434161,1.6689878548228279,1.6690041023900517,3.984869005912106,240
5,B,478,False,5.8892566820791785,1.5815905023189456,1.5816076477035041,3.7354321648913413,393
5,B,393,False,6.500272447067493,1.7092337877585457,1.7092496527611591,4.104761049914326,81
5,B,49,False,5.1334755439492135,1.3320591063331062,1.3320794634756858,3.2327775037124495,484
5,B,151,False,6.646634619761551,1.5402380341652109,1.5402556398656135,4.093445129813582,94
5,B,837,False,6.476200789687479,1.7035869079314334,1.7036028255212832,4.089901807604381,99
5,B,420,False,5.415318664026714,1.6329659640677017,1.6329825700393363,3.5241506170330252,444
5,B,591,False,6.527745875330973,1.6907948510376936,1.6908108890542117,4.109278382192593,75
5,B,4,False,6.177889590027963,1.742934492641297,1.7429500508871425,3.9604198204575525,275
5,B,506,False,7.041975322676673,0.8565470564624443,0.8565787145284401,3.9492770186025563,294
5,B,641,False,6.39846096433422,1.7291164456174948,1.7291321281942555,4.063796546264237,129
5,B,772,False,6.24957820616865,1.6699696293147215,1.6699858673300998,3.959782036749375,278
5,B,271,True,7.07799445868843,1.5554189012741135,1.5554363351450575,4.316715396916743,10
5,B,689,False,6.67501594276201,1.7349761293130903,1.7349917589242176,4.205003850843114,31
5,B,640,False,6.392610344366874,1.725901843893468,1.7259175556797577,4.059263950023316,136
5,B,696,False,6.3779343620598645,1.6331769885412284,1.6331935923672103,4.005563977213537,212
5,B,17,False,5.505327478256421,1.6078973255170532,1.6079141903887813,3.5566208343226013,437
5,B,656,False,5.330231683505041,1.6254160594090827,1.6254327425131032,3.4778322130090724,452
5,B,499,False,6.218504969715302,0.9183300741069816,0.9183596023661165,3.5684322860407094,430
5,B,295,False,6.495191952020665,1.5343639254157617,1.5343815985164782,4.014786775268572,195
5,B,729,False,6.386233254673493,1.736720962109706,1.736736576018361,4.061484915345927,131
5,B,605,False,6.187276673162966,1.7352104587402497,1.7352260862407138,3.96125137970184,274
5,B,372,True,6.7767991944168635,1.7242606009891988,1.7242763277306656,4.2505377610737645,18
5,B,380,False,6.4208224344586835,1.6962288233851905,1.6962448100234309,4.0585336222410575,137
5,B,257,False,5.192014844915494,1.6338563721266928,1.6338729690486087,3.4129439069820515,469
5,B,160,False,6.7029570918855,1.5678554390220947,1.5678727346056764,4.135414913245588,56
5,B,23,False,5.480931868509024,1.5751561583404512,1.5751733737613032,3.5280526211351635,441
5,B,614,True,7.91817932404986,1.5842634918504777,1.584280608307438,4.7512299661786495,3
5,B,560,False,7.206179755532609,0.19911406817040536,0.1992502105195526,3.7027149830260804,403
5,B,248,False,7.406320405232168,0.29335075746359424,0.2934431821548793,3.8498817936935237,359
5,B,337,False,5.370234288875075,1.691123221010727,1.6911392559131295,3.5306867723941022,440
5,B,744,False,6.264061955264806,1.6692017040519649,1.6692179495376573,3.9666399524012315,267
5,B,12,False,6.292563037293382,1.74843260298559,1.7484481123075064,4.020505574800445,186
5,B,622,False,5.610603179737096,1.559447329928739,1.5594647187642916,3.5850339492506937,425
5,B,817,False,6.404348103427481,1.7595019792908961,1.7595173910414463,4.081932747234464,102
5,B,72,False,6.351471228962764,1.759441346827357,1.7594567591090102,4.055463994035887,142
5,B,73,False,6.22451098398442,1.7097104895493065,1.7097263501284778,3.967118667056449,264
5,B,426,False,6.497316937582687,1.5697500469061445,1.5697673216150732,4.03354212959888,171
5,B,214,False,6.186982804197811,1.69495757394823,1.6949735725766308,3.940978188387221,302
5,B,1,False,6.2539335476952935,1.6536919816139752,1.6537083794620724,3.953820963578683,287
5,B,363,False,6.117174027245251,1.7235984179764325,1.7236141507598441,3.9203940890025475,320
5,B,88,False,5.723871263830553,1.0856341327703856,1.0856591106258098,3.4047651872281812,470
5,B,750,False,6.264406656328286,1.6677307622405693,1.6677470220546722,3.966076839191479,268
5,B,91,False,5.737536153653318,1.1763335653136657,1.1763566173283837,3.456946385490851,458
5,B,482,False,6.246559861043019,1.6924625752817593,1.6924785974948344,3.9695192292689265,259
5,B,86,False,5.539928183056748,0.6116224270981062,0.6116667618712786,3.0757974724640134,493
5,B,533,False,6.273715988613379,1.7513968035123118,1.7514122865852748,4.012564137599327,198
5,B,74,False,6.347230895438829,1.7214042150855051,1.7214199679226627,4.034325431680745,169
5,B,179,False,6.15161267797706,1.7379073041622197,1.7379229074124984,3.9447677926947793,297
5,B,184,False,5.802698414470196,1.678888278439336,1.6789044301953922,3.7408014223327943,391
5,B,815,False,6.442134544302862,1.640741594689655,1.6407581219648038,4.041446333133833,162
5,B,795,False,6.439838395043436,1.1356191449446738,1.1356430234072628,3.7877407092253494,380
5,B,365,False,6.452746360664234,1.1049443540645543,1.104968895411926,3.77885762803808,382
5,B,150,True,6.779886519210031,1.6983542842077926,1.6983702508392216,4.239128385024626,21
5,B,13,False,6.306007048668427,1.609285025430887,1.6093018757600477,3.9576544622142373,282
5,B,558,False,6.6406823122689005,1.0699938944330574,1.0700192373844208,3.8553507748266607,356
5,B,503,False,5.45293272775285,0.3721344086417681,0.37220727067572934,2.9125699992142895,499
5,B,212,False,5.850685610424605,1.6838503256691753,1.6838664298289532,3.767276020126779,384
5,B,823,False,5.982515470724315,1.714601166835614,1.7146169821749597,3.848566226449637,360
5,B,856,False,6.299244774401728,1.6959838202018356,1.6959998091494968,3.9976222917756123,225
5,B,490,False,6.216792504070653,1.7167842965641409,1.7168000917922708,3.9667962979314617,266
5,B,483,False,6.282449275626549,1.6927656071395742,1.6927816264844466,3.9876154510554978,238
5,B,66,False,6.170077601711991,1.6964519012592698,1.6964678857953395,3.9332727437536654,309
5,B,484,False,6.331641091481494,1.6965537927618919,1.6965697763379723,4.014105433909733,196
5,B,661,False,6.407548556496754,1.7595654500971536,1.7595808612917783,4.083564708894266,101
5,B,316,False,4.767925242416873,0.36172514889979107,0.36180010723504935,2.564862674825961,506
5,B,68,False,5.546620571467525,1.6031130561684053,1.6031299713704819,3.5748752714190033,428
5,B,467,False,6.175575979807693,1.0506264105170013,1.0506522206346665,3.6131141002211797,421
5,B,289,False,6.448566600737729,1.7443413134977275,1.744356859195874,4.096461729966801,89
5,B,535,False,7.1976514446561755,0.5408982290472721,0.5409483602296918,3.8692999024429335,351
5,B,60,False,5.9549610279661085,1.6204856941581312,1.6205024280203586,3.7877317279932337,381
5,B,428,False,6.452035726842552,1.6953935476681343,1.6954095421824957,4.0737226345125235,116
5,B,851,False,6.164931076620205,1.6797204959051917,1.679736639658938,3.922333858139571,317
5,B,339,False,6.53577446043945,1.6103602379411102,1.6103770770196855,4.073075768729568,118
5,B,519,False,4.437078561492774,0.36828644655090265,0.3683600697168575,2.4027193156048154,511
5,B,20,False,6.229821797994561,1.7279134652348973,1.7279291587298329,3.9788754783621973,247
5,B,349,False,6.7443618734228235,1.0948441202574941,1.0948688880003503,3.919615380711587,321
5,B,630,False,5.781653909923574,1.6800694089124828,1.680085549313563,3.7308697296185684,396
5,B,94,False,5.883497005860473,1.0652622236004543,1.0652876791171957,3.4743923424888346,454
5,B,101,False,5.791389956165716,1.2157963103137381,1.2158186141119967,3.5036042851388562,448
5,B,201,False,7.035883736600115,1.0497230491872427,1.0497488815158031,4.042816309057959,160
5,B,686,False,6.1152564514947905,1.7111847255771993,1.7112005724921413,3.913228511993466,327
5,B,658,False,6.118472998057785,1.6368103083498182,1.636826875319728,3.8776499366887567,345
5,B,440,False,6.62241648004665,1.673915500064511,1.673931699802874,4.148174089924762,50
5,B,608,True,7.852738249294442,1.5945618675508753,1.5945788734634772,4.72365856137896,4
5,B,662,False,6.390890757623132,1.7597222259416117,1.759737635763246,4.0753141966931885,112
5,B,396,False,5.889811769785116,1.702289667798396,1.702305597518228,3.7960586836516717,376
5,B,610,False,6.346344595456842,1.6629096295099697,1.6629259364643099,4.004635265960576,213
5,B,644,False,6.3874626763821905,1.6810701745997843,1.6810863053923395,4.034274490887265,170
5,B,600,False,6.296255927309916,1.7516036758402382,1.7516191570845963,4.023937542197256,182
5,B,323,False,5.410760729153385,1.4869055377362304,1.4869237749122803,3.4488422520328323,463
5,B,763,True,7.716697796690702,1.023300069744676,1.02332656908153,4.370012182886116,8
5,B,634,False,6.362806951196977,1.7470060346494565,1.747021556635846,4.054914253916412,145
5,B,812,False,6.283300771015828,1.7322705780718908,1.7322862320939458,4.007793501554887,208
5,B,229,False,6.472677509171341,1.727877766634656,1.727893460453822,4.100285484812582,85
5,B,760,False,6.4171553032247,1.6147099416847506,1.6147267354027082,4.015941019313704,193
5,B,332,False,5.955270566360731,1.697726062429526,1.697742034969147,3.8265063006649394,366
5,B,796,False,6.60108981599547,1.4219185710321134,1.4219376417039968,4.011513728849733,200
5,B,130,False,6.310408025940355,1.7398485815794535,1.739864167420191,4.025136096680273,179
5,B,456,False,6.033439638378834,1.7088946702561378,1.7089105384070142,3.871175088392924,350
5,B,125,False,5.723460188564019,1.6781483792077558,1.6781645380850876,3.700812363324553,405
5,B,477,False,5.756855967364442,1.6852858473134256,1.6853019377558573,3.7210789525601493,398
5,B,844,False,6.525150551410178,1.6277582459399447,1.6277749050388395,4.0764627282245085,109
5,B,505,False,7.334962822651509,0.7233689620396244,0.7234064483338538,4.0291846354926815,175
5,B,198,False,6.33669541390303,1.7544341487280155,1.7544496049963116,4.045572509449671,154
5,B,329,False,6.554202593094545,1.6858932582423911,1.6859093428876486,4.120055967991097,64
5,B,99,False,5.5645038298534395,0.6859419802567818,0.6859815117970108,3.125242670825225,490
5,B,368,False,6.359666838428845,1.033793745144211,1.0338199755025104,3.6967434069656777,408
5,B,598,False,6.150246213104429,1.692749078714207,1.692765098215495,3.921505655659962,318
5,B,400,True,6.828257600264549,1.6553310402966928,1.655347421908298,4.241802511086424,20
5,B,262,False,6.242048461930145,1.7016682952623154,1.7016842307989082,3.9718663463645267,255
5,B,659,False,6.1518763376376,1.6396922893063992,1.6397088271579128,3.8957925823977564,334
5,B,293,False,6.549231137732379,1.72693386692399,1.7269495693209347,4.138090353526657,55
5,B,804,False,6.828349581126307,0.4510494655977593,0.4511095816592034,3.6397295813927553,420
5,B,769,False,6.359913224121389,1.67654453889556,1.676560713230882,4.018236968676136,191
5,B,726,False,6.221960814173064,1.460535405927711,1.4605539723738867,3.8412573932734757,362
5,B,193,False,6.365322358500781,1.7389810656867073,1.7389966593025972,4.052159508901689,148
5,B,517,False,5.57110225501048,1.550946889022193,1.5509643731615292,3.5610333140860044,434
5,B,280,False,6.453984939831133,1.7426260194740888,1.7426415804739723,4.098313260152553,87
5,B,717,False,6.382395897807865,1.7569260426374758,1.756941476983937,4.069668687395901,121
5,B,0,False,6.264643426380409,1.653575581820113,1.653591980822489,3.959117703601449,281
5,B,79,False,5.689984044463315,0.9674669751412571,0.9674950037275082,3.3287395240954116,476
5,B,100,False,5.547180587685063,0.9476713917540375,0.947700005802338,3.247440296743701,483
5,B,825,False,6.500123640551062,1.7083593481058574,1.7083752212290446,4.104249430890054,83
5,B,371,False,6.252362385884846,1.6875188156161307,1.6875348847674783,3.969948635326162,257
5,B,492,False,6.262758252932958,1.637719902310479,1.6377364600791429,3.9502473565060505,293
5,B,188,True,6.8502092316603935,1.6272524673903628,1.6272691316671442,4.238739181663769,22
5,B,157,False,5.46317032165733,1.5159946619520375,1.5160125491946925,3.489591435426011,450
5,B,52,False,5.946659037925886,1.5338768635355582,1.533894542248064,3.740276790086975,392
5,B,273,False,6.175566278366485,1.5939535288792768,1.5939705412821834,3.8847684098243342,343
5,B,596,False,6.489626482697756,1.7507031877669337,1.750718676974122,4.120172579835939,63
5,B,720,False,6.1848994419762455,1.6034108057323515,1.6034277177933485,3.894163579884797,337
5,B,367,False,6.484519401793715,1.280118986655548,1.280140169764524,3.8823297857791195,344
5,B,805,False,6.810153238715888,0.7701248024832151,0.7701600130158203,3.790156625865854,378
5,B,344,False,5.263120610861121,1.6857081840645933,1.6857242704757698,3.4744224406684454,453
5,B,590,False,6.516761363879045,1.63726878748561,1.6372853498163713,4.077023356847708,108
5,B,733,False,6.470924793587215,1.687408867900784,1.6874249380991506,4.079174865843183,107
5,B,826,False,6.346479212051985,0.7057877208978108,0.7058261409290841,3.526152676490535,443
5,B,315,True,6.804236447147665,1.699069201926826,1.6990851618400353,4.25166080449385,17
5,B,625,False,6.705064953399008,0.8072445208235904,0.8072781123308282,3.756171532864918,385
5,B,597,False,6.471393253123478,1.7531103158703423,1.753125783810086,4.112259518466782,72
5,B,721,False,6.26193457254255,1.6395923441102147,1.6396088829698217,3.950771727756186,292
5,B,425,False,6.175803192552163,1.6506664673338476,1.6506828952373382,3.9132430438947505,326
5,B,80,False,5.500670331252012,0.6969858686768482,0.6970247738667098,3.098847552559361,492
5,B,695,False,6.36276033036138,1.6334845980411923,1.6335011987404577,3.9981307645509188,223
5,B,510,False,6.4761748767392655,1.7337545434927406,1.7337701841162336,4.10497253042775,80
5,B,511,False,6.533186193472922,1.6583345917102739,1.658350943652036,4.0957685685624785,92
5,B,230,False,6.484935850874182,1.7274650146197084,1.7274807121886446,4.106208281531413,78
5,B,621,True,6.762483927909651,1.6736508420935534,1.6736670443935908,4.218075486151621,27
5,B,48,False,4.965864521387106,1.0785301023224203,1.0785552446974274,3.0222098830422666,495
5,B,303,False,6.708536094233534,1.2812180626087544,1.281239227546381,3.9948876608899577,228
5,B,609,False,6.352663083919686,1.655842980322942,1.6558593568698643,4.004261220394775,215
5,B,190,False,6.1439720669764695,1.702222380710732,1.7022383110602433,3.923105189018356,316
5,B,54,False,6.26655088198226,1.73678049312993,1.7367961065033972,4.001673494242828,216
5,B,674,False,5.3702790438705765,1.6334854535568177,1.6335020542473888,3.5018905490589827,449
5,B,827,False,6.4943412207043085,1.0563617940610264,1.0563874640493174,3.775364342376813,383
5,B,235,False,6.069737080704114,1.6815996466906036,1.6816157724042313,3.8756764265541728,347
5,B,422,False,6.011680802210581,1.630224357818394,1.6302409917165965,3.8209608969635886,369
5,B,224,False,6.279680991771134,1.7404142016306912,1.740429782406206,4.01005538708867,204
5,B,603,False,6.293701457040777,1.754569308366042,1.7545847634437068,4.0241431102422425,181
5,B,123,True,6.8084788917438654,1.6056793620397827,1.6056962502071184,4.207087570975492,29
5,B,145,False,6.293253499187095,1.653863750598753,1.6538801467437994,3.9735668229654473,253
5,B,814,False,6.292428966326312,0.07914367198676149,0.07948556513144565,3.185957265728879,486
5,B,574,False,6.290512897491939,1.7080194909637736,1.708035367245323,3.999274132368631,218
5,B,204,False,6.6583382753814755,1.4466282574729519,1.4466470024051985,4.052492638893337,147
5,B,173,False,6.041494622378522,1.3224273047618011,1.3224478101718338,3.681971216275178,415
5,B,153,True,6.9596400948248585,1.635101401318578,1.6351179856030864,4.297379040213972,11
5,B,155,False,5.690755736919771,1.685601227748279,1.6856173151801754,3.6881865260499733,412
5,B,117,False,5.925236993359208,1.7241843906553473,1.7242001180919426,3.8247185557255756,367
5,B,242,False,6.60526643733063,1.7336242336929633,1.7336398754920905,4.16945315641136,42
5,B,325,False,6.600422936711861,1.384879320016265,1.384898900735151,3.992660918723506,230
5,B,191,False,6.163456970818167,1.7041615586094965,1.704177470831916,3.9338172208250417,308
5,B,607,True,7.930192629216492,1.5785940805378489,1.5786112584667114,4.754401943841602,2
5,B,397,False,6.25477904428524,1.7288485054859182,1.7288641904931719,3.991821617389206,231
5,B,106,False,5.693096807870856,1.2151856882259153,1.2152080032314667,3.454152405551161,459
5,B,602,False,6.675322459917335,1.681654159402878,1.6816702845937777,4.178496372255556,37
5,B,225,False,6.293932666232104,1.7425428392319013,1.7425584009745823,4.018245533603343,190
5,B,251,False,7.3583305073990495,0.6097991428839733,0.6098436102073593,3.9840870588032042,242
5,B,375,False,6.053702184266583,1.6158567519962246,1.6158735337954222,3.8347878590310023,363
5,B,253,False,7.335500351107888,0.6537992272521244,0.6538407021623786,3.9946705266351334,229
5,B,172,False,6.573848713839837,1.2994958781216017,1.2995167453725827,3.93668272960621,307
5,B,318,False,5.164770652140422,1.3464293991374414,1.3464495390137459,3.255610095577084,482
5,B,857,False,6.468264957952863,1.6514868084060612,1.6515032281494202,4.059884093051142,133
5,B,507,False,7.403297772923952,0.38281673219469264,0.38288756142886154,3.893092667176407,338
5,B,379,False,6.3360668811467935,1.6552814184759141,1.6552978005786003,3.9956823408626967,227
5,B,788,False,7.664958406954914,0.34930154767452654,0.3493791714692459,4.00716878921208,209
5,B,161,False,7.143412795694754,0.798881185063615,0.7989151282191139,3.971163961956934,256
5,B,436,False,6.154337484952723,1.7316405987587489,1.7316562584757622,3.942996871714243,299
5,B,808,False,6.662138544926961,1.3053969059946515,1.30541767891703,3.9837781119219953,245
5,B,334,False,6.479893383804171,1.7027368546074961,1.7027527801437725,4.091323081973972,97
5,B,722,False,6.245608596590829,1.640324832525552,1.6403413639997917,3.9429749802953102,300
5,B,296,False,6.138616962718231,1.7360485817774467,1.7360642017333925,3.937340582225812,306
5,B,141,False,6.483985007886008,1.7502436072844674,1.7502591005587893,4.117122054222398,66
5,B,557,False,7.1578325629870045,0.7708558100354052,0.7708909871791587,3.9643617750830815,270
5,B,672,False,5.3831974439030645,1.6424488852317034,1.6424653953272752,3.51283141961517,446
5,B,489,False,6.617603352489732,1.7338987026220052,1.7339143419451235,4.175758847217428,39
5,B,61,False,5.986487800691146,1.61996842713779,1.6199851663431992,3.8032364835171726,375
5,B,712,False,6.421133525630063,1.759610064981923,1.7596254757858005,4.0903795007079315,98
5,B,468,False,6.206589156973182,1.161623889587753,1.1616472335049473,3.6841181952390647,414
5,B,361,False,6.388513881557092,1.7221733496930416,1.7221890954949368,4.055351488526014,143
5,B,268,False,6.466745257998726,1.7531580206846145,1.753173488203467,4.109959373101097,74
5,B,459,False,4.995217761070206,1.6284603694589983,1.6284770213752648,3.3118473912227353,478
5,B,345,False,6.324001230197536,1.7553183283815834,1.7553337768643984,4.039667503530967,163
5,B,312,False,6.6320544735975,1.6859737298132194,1.6859898136907636,4.1590221436441315,47
5,B,58,False,4.834154850162144,0.14363891209548116,0.14382757495240805,2.488991212557276,508
5,B,663,False,6.391282852204098,1.7597059773188826,1.7597213872828052,4.075502119743452,111
5,B,502,False,5.435703507623389,0.2364569906676379,0.23657164387202576,2.836137575747707,503
5,B,779,False,6.074979488531149,1.7141922974161186,1.7142081165277068,3.8945938025294278,336
5,B,176,False,6.036474397435201,0.32552890845300336,0.3256121995369968,3.1810432984860992,487
5,B,553,True,8.017451979141468,1.5424206435520564,1.5424382243397163,4.7799451017405925,1
5,B,782,False,7.219466953031176,0.21066275837179638,0.2107914419836134,3.715129197507395,399
5,B,137,True,6.763551066267815,1.6606811141617905,1.660697442998683,4.212124254633249,28
5,B,756,False,7.340870591861689,0.4897999317505441,0.4898552922971792,3.915362942079434,324
5,B,790,False,6.385019890317729,1.7040576138314179,1.7040735270244483,4.0445467086710885,156
5,B,328,False,6.7031719373989285,1.6379467710904867,1.63796332656579,4.170567631982359,40
5,B,595,False,6.371822368857281,1.5253996538132613,1.5254174307717658,3.948619899814523,295
5,B,690,False,5.702148089049202,1.697781373346866,1.697797345366133,3.6999727172076673,406
5,B,573,False,6.346913503852091,1.6970566313988928,1.6970726102390774,4.021993057045584,184
5,B,343,False,5.36390905986081,1.691451263043355,1.6914672948359593,3.527688177348385,442
5,B,97,False,5.68247121828676,1.0718141961161716,1.0718394960276805,3.3771553571572204,472
5,B,520,False,5.552619726757126,1.5736377050887902,1.5736549371211692,3.5631373319391475,432
5,B,90,False,5.535756232909272,0.991397676131216,0.9914250281726261,3.2635906305409494,481
5,B,423,False,6.274159617936979,1.7470563362154108,1.7470718577548927,4.010615737845936,202
5,B,64,False,6.34493140056206,1.721306693098815,1.721322446828454,4.0331269236952565,172
5,B,736,False,6.294852027458404,1.701726320421296,1.701742255414527,3.9982971414364656,221
5,B,439,True,7.215372262031221,1.6985646008115984,1.6985805654660546,4.456976413748638,5
5,B,685,False,5.963095075721492,1.6485312220469377,1.648547671228311,3.8058213734749016,374
5,B,618,False,4.84554352412186,1.451469848597261,1.4514885310038357,3.148516027562848,488
5,B,102,False,5.751269833940663,1.1561770716790336,1.1562005255685635,3.453735179754613,460
5,B,207,True,6.932487629927867,1.5354387413210582,1.5354564020506452,4.233972015989256,24
5,B,508,False,6.362247567632819,1.5243126093078967,1.5243303989436692,3.943288983288244,298
5,B,739,False,6.331342448173434,1.7063418544823974,1.7063577463730004,4.0188500972732175,187
5,B,475,False,5.49708659581554,1.6213678529857978,1.6213845777435076,3.559235586779524,436
5,B,310,False,6.294523948287368,1.6534143607628227,1.6534307613642159,3.9739773548257915,252
6,B,269,False,6.3574782498375555,1.7518566208822657,1.751871887634857,4.0546750687362065,86
6,B,196,False,6.307460396485329,1.7348245327025462,1.7348399493391011,4.021150172912215,142
6,B,491,False,6.354748648465035,1.6875544685248094,1.687570316992551,4.021159482728793,141
6,B,45,False,5.943627371571352,1.5432919176108955,1.543309247532523,3.7434683095519374,356
6,B,14,False,6.2118093459834585,1.7571378031192,1.757153023987056,3.984481184985257,180
6,B,382,True,6.607860258676294,1.7251618732142684,1.7251773761988796,4.166518817437587,27
6,B,82,False,5.662406005316126,1.053031253979946,1.0530566520443545,3.35773132868024,442
6,B,132,False,6.061449445657684,1.52761635735876,1.5276338651084997,3.7945416553830915,341
6,B,10,True,6.938267644707815,1.4754966121898605,1.4755147383676122,4.206891191537713,17
6,B,577,False,6.442419870548787,1.6717666536868667,1.6717826518227994,4.057101261185793,83
6,B,636,False,4.776519556382741,1.2054550423592856,1.2054772290282856,2.9909983927055133,466
6,B,391,False,6.480001999652587,1.6713095638809843,1.6713255663922373,4.075663783022412,59
6,B,133,False,7.322200011334309,0.6047799754233779,0.6048241969608925,3.963512104147601,211
6,B,250,False,7.318118272653327,0.6141473576056702,0.6141909046952045,3.9661545886742657,205
6,B,679,False,6.224234928609098,1.7430017319929956,1.7430170763038637,3.983626002456481,181
6,B,59,False,6.485458951146933,1.684447068325788,1.6844629460298701,4.084960948588401,54
6,B,297,False,6.128574750965228,1.731032570179839,1.7310480205874437,3.929811385776336,254
6,B,7,False,5.492458074124014,1.6556280568468584,1.6556442109266083,3.574051142525311,393
6,B,746,False,6.2718326984589545,1.658995550925596,1.6590116722154817,3.9654221853372182,207
6,B,283,False,6.76203411813864,1.5057752371819526,1.5057929988768883,4.133913558507764,35
6,B,197,False,6.5072138951916205,1.741682516630779,1.7416978725638987,4.12445588387776,39
6,B,853,False,6.370325369559204,0.4545760207436213,0.45463485259204683,3.4124801110756255,438
6,B,516,False,5.71968721992831,1.659507164284314,1.6595232806041775,3.6896052502662435,373
6,B,538,False,6.738657780581137,1.1282046567282438,1.1282283625310885,3.933443071556113,243
6,B,170,False,6.923835960798994,1.1808138663565932,1.1808365160073149,4.0523362384031545,88
6,B,392,False,6.51250228551633,1.68524953803046,1.6852654081740852,4.098883846845208,47
6,B,593,False,6.491760356830943,1.6293352482052819,1.6293516629630493,4.060556009896996,78
6,B,829,False,6.047562178123487,1.6665575427029111,1.6665735908432764,3.8570678844833814,309
6,B,215,False,6.130468144056182,1.678641347980987,1.6786572805989053,3.9045627123275435,283
6,B,725,False,6.4080606031305045,1.6044708017819622,1.6044874709162238,4.006274037023364,163
6,B,747,False,6.285782625123204,1.6571150825916323,1.657131222175528,3.971456923649366,197
6,B,822,False,5.961098074125467,1.71700862724083,1.7170242038409729,3.83906113898322,322
6,B,819,False,6.622828828299435,0.20506866307903746,0.20519904272025902,3.414013935509847,437
6,B,745,False,6.2441819599010495,1.656539641424146,1.656555786614482,3.9503688732577658,228
6,B,22,False,6.4093748678927644,1.7571458221289742,1.757161042927368,4.083267955410066,55
6,B,419,False,6.300709369430864,0.14643467370581645,0.14661720301388867,3.223663286222376,454
6,B,683,False,6.132830685997514,1.73167023988318,1.7316856846013822,3.9322581852994483,247
6,B,77,False,6.42324852496564,1.5988734631847852,1.5988901906737671,4.011069357819704,157
6,B,776,False,7.3792452063049065,0.5512899403601826,0.5513384522220636,3.965291829263485,208
6,B,752,False,6.3282559036620025,1.7229384731264155,1.72295399611698,4.025604949889491,134
6,B,19,False,6.159093515662626,1.684084971210287,1.684100852328221,3.9215971839954236,266
6,B,166,False,6.251944931029881,1.4254287435211341,1.4254475063686232,3.838696218699252,323
6,B,446,False,6.303358635353772,1.7599498545547312,1.759965051102864,4.031661843228318,124
6,B,398,False,7.766552791536547,0.4725812301369286,0.4726378207824884,4.119595306159518,40
6,B,652,False,5.806461430838433,1.6635744643312949,1.6635905412484893,3.7350259860434614,363
6,B,2,True,7.226046528581789,1.6163392627938182,1.616355809531166,4.421201169056477,5
6,B,735,True,6.768582810596889,1.5908316167474768,1.5908484287950495,4.179715619695969,25
6,B,854,False,6.235844582334092,0.27510828245491653,0.2752054825609058,3.255525032447499,453
6,B,797,False,6.640123234767255,1.4308670331790434,1.430885724715599,4.0355044797414275,118
6,B,501,False,6.368525874097857,0.7153810245394099,0.7154184096228882,3.5419721418603727,402
6,B,824,False,6.3362469455280985,1.7128158415631942,1.7128314562928018,4.02453920091045,137
6,B,300,False,6.265488241642321,1.7349879248217293,1.7350033400064384,4.00024579082438,169
6,B,849,False,6.09446834298678,1.6423281405187928,1.6423444254163628,3.8684063842015717,301
6,B,165,False,7.302779707821624,0.5568551831268023,0.5569032102003645,3.9298414590109942,253
6,B,469,False,6.18722041321603,1.1466222963965906,1.1466456214323926,3.6669330173242116,377
6,B,806,False,6.668058289096668,1.2900650267947453,1.2900857583568675,3.9790720237267676,189
6,B,773,False,5.956849978142122,1.528999338187729,1.5290168301018794,3.7429334041220006,358
6,B,451,False,6.1751376581957995,1.7530071940284235,1.7530224507608834,3.9640800544783414,210
6,B,222,False,6.303051669922472,1.732617154216996,1.7326325904943864,4.017842130208429,147
6,B,309,False,5.959962739275552,1.7451212937146205,1.745136619389003,3.8525496793322773,312
6,B,139,True,6.643173313400608,1.731089755796506,1.731105205693719,4.1871392595471635,23
6,B,236,False,5.994263339386204,1.4518610739659676,1.4518794952246898,3.7230714173054467,366
6,B,846,True,7.530047001158808,1.4165595708039493,1.4165784511253008,4.473312726142054,2
6,B,592,False,6.4393698787193046,1.7034956330515374,1.7035113332120644,4.071440605965685,63
6,B,830,False,6.319880385077654,1.7543795483019764,1.7543947931000403,4.037137589088847,114
6,B,255,False,5.5215517883158824,1.5931734265687854,1.5931902139045457,3.557371001110214,397
6,B,589,False,6.473345585858059,1.6211777621381926,1.6211942594913435,4.047269922674701,102
6,B,163,False,6.20753764972159,1.441943809031343,1.4419623569844344,3.824750003353012,328
6,B,606,False,5.930023117561742,1.6385219297587443,1.6385382524850027,3.784280685023372,347
6,B,16,False,6.096781687566801,1.685254753139951,1.6852706232344659,3.8910261554006333,288
6,B,700,False,6.187687862650984,1.669748757508888,1.6697647749784288,3.9287263188147064,257
6,B,434,False,6.15649989088652,1.6281655587055912,1.6281819852557566,3.8923409380711385,286
6,B,781,False,4.713392051658038,1.1726486979875237,1.1726715053450056,2.9430317785015214,467
6,B,284,False,5.967030354613727,1.7237887647724122,1.723804280106035,3.845417317359881,313
6,B,571,False,6.505727404969701,1.6357785066824522,1.6357948567838696,4.070761130876785,65
6,B,135,False,6.164776926187965,1.504289770407599,1.5043075496417726,3.834542237914869,325
6,B,653,False,5.505473965391006,1.6121331406266974,1.612149730534725,3.558811847962865,396
6,B,834,False,6.148063510059729,1.6964243990800036,1.6964401646831633,3.922251837371446,264
6,B,523,False,6.351433972542819,1.7512376030300307,1.7512528751789829,4.051343423860901,91
6,B,718,False,6.2982968138708415,1.7573125086217014,1.7573277279763684,4.027812270923605,133
6,B,350,False,5.3176814516517545,0.8222259152399737,0.8222584424914707,3.0699699470716126,461
6,B,187,False,6.828986203353104,1.111645798671714,1.111669857583968,3.970328030468536,199
6,B,199,False,5.950444734472154,1.6468780268861947,1.6468942667933644,3.7986695006327595,340
6,B,575,False,6.343793273639193,1.7015636530725933,1.701579371059145,4.022686322349169,139
6,B,787,False,6.2944757400514355,1.7258966701078795,1.7259121664921868,4.010193953271811,158
6,B,684,False,6.195709010141644,1.7203507474330044,1.720366293772807,3.9580376519572256,215
6,B,534,False,6.162793224862932,1.7487625197597,1.7487778135236571,3.9557855191932942,219
6,B,53,False,6.205120407723643,1.6609341764813474,1.6609502789548094,3.933035343339226,245
6,B,670,False,4.895530613853941,0.8239000495779226,0.8239325107378578,2.859731562295899,472
6,B,285,False,6.315346003193041,1.7468578060657018,1.746873116505307,4.031109559849174,128
6,B,231,False,6.4709063947042464,1.7086956838753502,1.708711336256226,4.0898088654802365,50
6,B,761,False,6.207624910915023,1.6828589234428009,1.6828748161308225,3.945249863522923,235
6,B,277,False,5.577472928642724,1.6938031354926568,1.693818925493821,3.635645927068272,384
6,B,807,False,6.568167306869096,1.5644847101496278,1.5645018053195887,4.0663345560943425,71
6,B,777,False,6.114635868214617,1.7484465276754098,1.7484618242033436,3.9315488462089805,249
6,B,98,False,5.7417034531850035,1.078932204657294,1.078956993027496,3.41033022310625,439
6,B,449,True,6.549036865460366,1.740948691077804,1.740964053483531,4.145000459471948,30
6,B,200,True,6.762344726915855,1.6439505787671722,1.6439668475931037,4.203155787254479,18
6,B,680,False,6.264774188489195,1.74265390691855,1.7426692542920394,4.003721721390617,166
6,B,168,False,7.060907747474617,1.0682226016392387,1.068247638522637,4.064577692998627,75
6,B,512,False,6.228005754356047,1.5391971135328801,1.5392144895576563,3.8836101219568517,293
6,B,727,False,5.455383287779798,0.2537672252193134,0.253872596299397,2.8546279420395972,473
6,B,219,False,6.330949406303797,1.7312833881448448,1.7312988363141069,4.031124121308952,126
6,B,232,False,6.263879924700013,1.6514707718117019,1.651486966556087,3.95768344562805,216
6,B,267,False,6.414998955415587,1.7291748773275357,1.7291903443337246,4.072094649874656,62
6,B,272,False,6.012200121534873,1.7058955383815428,1.7059112164548131,3.859055668994843,308
6,B,734,False,5.434952656462969,1.5059654719427957,1.5059832313940864,3.470467943928528,428
6,B,742,False,6.238250753702263,1.660654438837343,1.660670544023244,3.9494606488627535,229
6,B,246,False,6.370001526561194,1.6993364900593129,1.6993522286457838,4.034676877603489,121
6,B,810,False,6.6884266915433646,1.3076343306995946,1.3076547837179595,3.998040737630662,171
6,B,639,False,6.367136116298166,1.7183406781919033,1.7183562427172363,4.042746179507701,107
6,B,559,False,6.566320927739021,0.8083255256387732,0.8083586122232421,3.6873397699811314,374
6,B,223,False,6.402839680658988,1.7334522056497534,1.7334676344911322,4.06815365757506,68
6,B,63,False,6.461728072367877,1.7152051521732894,1.715220745151505,4.088474408759691,52
6,B,642,True,7.979619930542653,0.9425259082749473,0.9425542840207143,4.461087107281684,3
6,B,47,False,5.4370798847786785,0.19933877622890572,0.19947290107862936,2.818276392928654,475
6,B,249,False,7.406660644098106,0.2779696756217907,0.2780658755071727,3.842363259802639,316
6,B,552,False,6.207666455513852,1.6611443566762956,1.6611604571123737,3.934413456313113,239
6,B,340,True,6.7297896620275415,1.5610899414370987,1.5611070737820552,4.145448367904798,29
6,B,498,False,6.192765760176352,0.8013653459027061,0.8013987198455278,3.49708224001094,415
6,B,550,False,6.195941545103788,1.6576330954576426,1.6576492299979428,3.9267953875508654,259
6,B,515,False,6.229816373551383,1.551478789164915,1.551496027640715,3.890656200596049,290
6,B,124,True,8.416246772655608,0.9004637265598021,0.9004934277418425,4.658370100198725,1
6,B,260,False,5.318692876385695,1.6860232294091857,1.6860390922703028,3.502365984327999,414
6,B,122,False,7.051090486420329,0.8836454197959558,0.8836756862574967,3.967383086338913,202
6,B,480,False,6.393073064141957,1.6217590238640787,1.6217755153044013,4.007424289723179,162
6,B,103,False,6.055528085493896,1.5687172747605493,1.568734323806441,3.8121312046501687,331
6,B,521,False,5.707804134675892,1.5803560814058562,1.58037300489244,3.644088569784166,382
6,B,142,False,6.334061327217193,1.5942888242930766,1.5943055998841902,3.9641834635506914,209
6,B,220,False,6.330949406303797,1.7312833881448448,1.7312988363141069,4.031124121308952,127
6,B,336,False,5.2166000299937965,1.6805435980291306,1.6805595126126842,3.4485797713032404,433
6,B,192,False,4.698488207605517,0.11267036064978792,0.11290748746314475,2.4056978475343307,480
6,B,83,False,5.8904693923504645,1.1406745498798043,1.1406979965353587,3.5155836944429115,410
6,B,164,False,7.320226597427467,0.49985378077608417,0.4999072841161974,3.9100669407718325,276
6,B,116,False,6.536835285996752,1.739149524506148,1.7391649028042877,4.138000094400519,32
6,B,513,False,6.13401120142514,1.541732433836625,1.5417497812875118,3.8378804913563256,324
6,B,115,False,5.967429164936639,1.7138281382312897,1.7138437437379217,3.84063645433728,319
6,B,551,False,6.211316120906937,1.656340153791128,1.6563563009259525,3.9338362109164446,240
6,B,743,False,6.242616243228715,1.6607385551393734,1.6607546595095557,3.9516854513691353,224
6,B,131,False,6.2926354660661135,1.5745865974574302,1.5746035829531362,3.933619524509625,242
6,B,203,False,4.784547600793517,1.0132975166397988,1.013323910595556,2.8989357556945365,469
6,B,741,False,5.8116921435213245,1.674353261755169,1.6743692351767756,3.74303068934905,357
6,B,314,True,7.188389750878749,1.3672961231194283,1.3673156836859972,4.277852717282373,7
6,B,159,False,6.223561826247556,1.7432131361946674,1.7432284786447056,3.9833951524461306,182
6,B,651,False,6.313323304566822,1.6950637199516645,1.695079498210235,4.004201401388529,165
6,B,335,False,6.114718092515691,1.6156282486695503,1.6156448026887982,3.865181447602245,304
6,B,374,False,6.281912380979628,1.5531514452381958,1.5531686651493402,3.917540523064484,270
6,B,279,False,5.677738450696879,1.6828719724446688,1.6828878650094596,3.680313157853169,375
6,B,218,False,6.360299465217412,1.734310899903017,1.7343263211053161,4.047312893161364,101
6,B,454,False,6.186711585510397,1.6661755510372487,1.6661916028568162,3.926451594183607,260
6,B,407,False,5.803405027569093,1.6921453269967044,1.6921611324673165,3.747783080018205,354
6,B,463,False,6.406108486373563,1.7434230616301318,1.7434384022328033,4.074773444303183,60
6,B,62,True,7.020071817169608,1.474823545322209,1.4748416797721229,4.247456748470865,12
6,B,816,False,6.340864015356991,1.7597919538721258,1.7598071517837859,4.050335583570389,94
6,B,832,False,5.767161867424218,1.4934288249905676,1.4934467335224897,3.630304300473354,385
6,B,360,False,6.425404010668835,1.1977243073412331,1.1977466372118621,3.8115753239403487,332
6,B,239,False,4.980188426270374,1.11347878354528,1.1135028028531242,3.046845614561749,464
6,B,566,False,6.261400811705538,1.7582969790640728,1.758312189897497,4.009856500801518,159
6,B,234,False,6.010611086649577,1.6685584252159176,1.6685744541120453,3.8395927703808113,320
6,B,793,False,6.4154068174813546,1.0583001067793387,1.0583253783999733,3.736866097940664,361
6,B,586,False,6.023701860423052,1.4405285140212631,1.4405470801971714,3.7321244703101115,365
6,B,259,False,5.266441305053286,1.6329330865808227,1.6329494651723488,3.4496953851128174,432
6,B,216,False,6.335808052347012,1.7303935970462214,1.730409053159064,4.033108552753038,123
6,B,447,False,6.614249482488229,1.6410202047636597,1.6410365026405875,4.127642992564408,38
6,B,775,False,7.386276279050669,0.5107671800081297,0.5108195402779186,3.948547909664294,230
6,B,281,False,6.432851156694586,1.7253022774278115,1.7253177791508092,4.079084467922698,57
6,B,319,False,4.708557833191421,0.34272457233054854,0.3428026006836067,2.5256802169375137,477
6,B,324,False,4.624223045525226,1.1360753325300015,1.136098874103588,2.880160959814407,471
6,B,167,False,7.070951370308557,0.999286089082384,0.999312853109502,4.0351321117090295,120
6,B,369,False,7.162196576299002,0.45962301216419377,0.4596811980788137,3.810938887188908,334
6,B,494,False,6.237660095688581,1.6217628724831104,1.6217793638842974,3.929719729786439,256
6,B,221,False,6.350024428951057,1.7319729562602384,1.7319883982790174,4.041006413615038,109
6,B,299,False,6.242585555082745,1.7222113879763294,1.7222269175203488,3.982406236301547,184
6,B,576,False,6.4193508463962905,1.6761579655989027,1.6761739218222373,4.047762384109264,100
6,B,801,False,6.312505740185606,1.1835796211591991,1.1836022178838803,3.748053979034743,353
6,B,162,False,7.148780230529461,0.757650326439527,0.757685625909723,3.9532329282195917,223
6,B,341,True,6.8269975705847346,1.5465693932221307,1.546586686418759,4.186792128501747,24
6,B,136,False,6.202501880252477,1.5052498814345308,1.5052676493285024,3.8538847647904895,311
6,B,638,False,6.354969499613027,1.719137550317605,1.719153107628376,4.0370613036207015,115
6,B,237,False,6.053802587371715,1.5184073658606765,1.5184249797919704,3.786113783581843,345
6,B,453,False,6.334859969020209,1.726129672591839,1.7261451668843777,4.0305025679522934,130
6,B,442,False,5.647195133922471,1.689963140419922,1.6899789662993596,3.6685870501109155,376
6,B,473,False,5.448962858388181,1.5058578700591438,1.5058756307794308,3.477419244583806,423
6,B,565,False,6.2253475906588776,1.7440733803312694,1.7440887152138873,3.9847181529363827,179
6,B,154,True,6.794472473215732,1.6373484999539838,1.6373648343780467,4.21591865379689,15
6,B,800,False,6.25529135561572,0.31312061994088214,0.31320602355071214,3.284248689583216,449
6,B,794,False,6.410124080867162,1.3437851619486783,1.3438050647432918,3.8769645728052264,297
6,B,331,False,6.061052995256361,1.710151756315893,1.7101673953700032,3.8856101953131823,292
6,B,21,False,6.056603138492825,1.6754250162314885,1.6754409794351368,3.866022058963981,303
6,B,780,False,5.912434160192663,1.6883564600015355,1.6883723009411176,3.8004032305668902,339
6,B,792,False,6.46519619138652,1.0990948059568455,1.099119139601164,3.782157665493842,348
6,B,15,False,6.011889618094888,1.669653806511323,1.669669824891747,3.8407797214933175,318
6,B,567,False,7.580980205212354,0.45829987910960474,0.4583582329883093,4.019669219100332,144
6,B,186,False,5.390127074364129,1.2930005410066627,1.2930212255024314,3.34157414993328,444
6,B,327,False,6.563176096174965,1.6163837089133488,1.6164002551957113,4.089788175685339,51
6,B,758,False,5.4364959243028865,1.6384957309470058,1.6385120539342546,3.5375039891185707,404
6,B,458,False,5.008659412925126,1.6138859279430144,1.613902499833485,3.3112809563793055,445
6,B,549,False,6.160012565985996,1.6748412257744476,1.6748571945422515,3.917434880264124,271
6,B,258,False,5.238870850596065,1.6332324279689698,1.6332488035586321,3.4360598270773486,435
6,B,134,False,6.162952518490343,1.4113125545211602,1.411331505035344,3.7871420117628434,344
6,B,678,False,6.37125474892089,1.7392856102846022,1.7393009873795187,4.055277868150204,85
6,B,723,False,6.723766805786659,1.4932159822829123,1.4932338933674822,4.108500349577071,43
6,B,205,False,6.131482452966641,1.4960175283277355,1.4960354058711691,3.8137589294189054,330
6,B,304,False,6.1669223949302925,1.72989273400703,1.729908194594905,3.948415294762599,231
6,B,698,False,6.238202174135871,1.750563656088334,1.7505789341168372,3.9943905541263542,173
6,B,635,False,6.318628656283736,1.7243183271262126,1.7243338376949016,4.021481246989319,140
6,B,759,False,5.431199854449455,1.6348837036711452,1.6349000627211951,3.533049958585325,406
6,B,57,False,6.0337393039194565,1.7290870624767642,1.7291025302684664,3.8814209170939615,296
6,B,208,True,6.969177569377702,1.4663489782354024,1.4663672174896354,4.217772393433669,14
6,B,206,False,6.426738065979412,1.5802795987672524,1.5802965230728931,4.003517294526153,167
6,B,770,False,6.236323685133082,1.6710111323264316,1.6710271376956,3.9536754114143413,222
6,B,585,False,6.428855670239115,1.689318764620475,1.6893345965364988,4.059095133387807,80
6,B,509,True,7.158840130917238,1.588371028726632,1.5883878668179212,4.3736139988675795,6
6,B,455,False,6.204793820560452,1.6619656618505412,1.6619817543302315,3.9333877874453416,244
6,B,643,True,8.02075194798676,0.890512673714292,0.8905427067816927,4.455647327384226,4
6,B,55,False,6.4343629390317885,1.6896207676165254,1.689636596702777,4.061999767867283,77
6,B,657,False,5.313696434411686,1.6148193710899432,1.6148359334011635,3.464266183906425,430
6,B,366,False,6.574029986968322,1.3010132656727866,1.3010338227781997,3.9375319048732607,237
6,B,757,False,6.234134990377714,1.7401897284854588,1.7402050975912529,3.9871700439844835,176
6,B,441,False,6.179694628619794,1.7524788705223704,1.7524941318542697,3.966094380237032,206
6,B,65,False,6.3163190706125025,1.7127875842007176,1.7128031991879327,4.014561134900218,154
6,B,754,False,6.336811507055322,1.721120578728968,1.72113611811519,4.0289738125852566,131
6,B,6,False,5.6306427770747485,0.42857946749086984,0.4286418674266951,3.0296423222507216,465
6,B,156,False,6.158675943372194,1.7502600634025351,1.7502753440810774,3.954475643726636,220
6,B,836,False,5.47668498609439,1.6370302803501007,1.6370466179493532,3.5568658020218713,398
6,B,105,False,5.74530208620265,1.1968246574959152,1.1968470041515338,3.4710745451770917,427
6,B,243,False,6.265574496392261,1.7514390403602915,1.7514543107527714,4.008514403572516,160
6,B,472,False,5.453339356770131,0.364317474407548,0.36439087902276224,2.908865117896447,468
6,B,570,False,6.755827595313111,1.4477335296453862,1.4477520034231606,4.101789799368135,46
6,B,70,False,5.45041179809323,0.8983492547175616,0.8983790258058595,3.1743954119495443,457
6,B,394,False,6.452490890465191,1.6724847346783562,1.6725007259455582,4.062495808205375,76
6,B,838,False,6.385084947484895,0.4917109271379758,0.49176531640933635,3.4384251319471155,434
6,B,828,False,6.3200805921113945,1.7260131631743383,1.726028658512764,4.02305462531208,138
6,B,495,False,6.162755523770481,1.079002092291374,1.0790268790560547,3.6208912014132677,387
6,B,364,False,6.2597839879908035,1.6544617354884184,1.654477900955959,3.957130944473381,217
6,B,240,False,4.721852411360911,0.11310302047157098,0.1133392420835763,2.4175958267222435,479
6,B,522,False,6.144790227487137,1.6693986450141418,1.6694146658428934,3.9071024466650153,280
6,B,276,False,5.606481867378649,1.6909107788085984,1.6909265958188096,3.6487042315987295,381
6,B,702,False,6.071377110208385,1.648717806330338,1.6487340281158176,3.860055569162101,307
6,B,282,False,6.315652058710649,1.7212507038875975,1.721266242099065,4.018459150404857,145
6,B,362,False,5.344992495903195,1.6442930012057666,1.6443092666437644,3.49465088127348,419
6,B,841,False,6.240019267239938,1.66811678620334,1.668132819343126,3.954076043291532,221
6,B,245,True,6.662484261111973,1.72865693348393,1.7286724051243345,4.195578333118154,20
6,B,771,False,6.353497918956191,1.7525492971736814,1.7525645578923053,4.053031238424248,87
6,B,848,False,6.30236972890682,1.726398228269355,1.7264137201516485,4.014391724529235,155
6,B,244,False,6.130331598224522,1.651503862444034,1.6515200568639334,3.890925827544228,289
6,B,217,False,6.32626024284808,1.73004666597047,1.7300621251827422,4.028161184015411,132
6,B,18,False,6.159093515662626,1.684084971210287,1.684100852328221,3.9215971839954236,267
6,B,126,False,5.385427079433003,1.668836205848573,1.6688522320766892,3.527139655754846,409
6,B,460,False,4.987561857392203,1.6072822645512672,1.6072989045281332,3.297430380960168,447
6,B,291,False,6.49035897686816,1.7456909119766741,1.7457062326503388,4.118032604759249,41
6,B,724,False,6.598552048939178,1.5017656264181085,1.5017834355349846,4.050167742237081,96
6,B,169,False,6.941796911351205,1.120470860483614,1.1204947299069181,4.031145820629062,125
6,B,288,False,6.247043414942763,1.7040983896732234,1.7041140842804978,3.9755787496116306,192
6,B,471,False,6.214111312567359,0.876547692890572,0.8765782044222132,3.545344758494786,400
6,B,25,False,6.1735804149356035,1.7492193861825251,1.7492346759520452,3.9614075454438242,212
6,B,474,False,5.470263244702437,1.706737470453387,1.706753140792749,3.588508192747593,390
6,B,626,False,6.2723515824454195,1.757473878474783,1.7574890964320329,4.014920339438726,153
6,B,44,False,6.115519704869307,1.7356798092860481,1.735695218325942,3.9256074615976244,262
6,B,143,False,6.396965407537444,1.4505674661018058,1.4505859037882936,3.9237756556628685,263
6,B,833,False,6.142531653420364,1.6932427241649128,1.6932585193920335,3.9178950864061988,269
6,B,195,False,6.309918423550949,1.7315659811620456,1.731581426810176,4.020749925180562,143
6,B,802,False,6.244102625936951,0.9311935183549054,0.9312222394157447,3.587662432676348,391
6,B,50,False,5.446642872919957,1.5050834354446798,1.505101205303566,3.4758720391117617,424
6,B,647,False,6.278760934082314,1.657996621457544,1.658012752460281,3.9683868432712974,201
6,B,478,False,6.048466463062066,1.573461719972116,1.5734787176107266,3.8109725903363962,333
6,B,393,False,6.430535422091676,1.701288213604734,1.7013039341360126,4.065919678113844,72
6,B,49,False,5.172997793854327,1.368099950103095,1.3681194991770194,3.2705586465156733,450
6,B,151,True,7.044857118942332,1.4825768490032096,1.482594888618119,4.263726003780225,10
6,B,837,False,6.516019633872823,1.6895925776414593,1.6896084069918087,4.102814020432316,45
6,B,420,False,5.448303811514359,1.6243821314901905,1.6243985962998433,3.5363512039071012,405
6,B,591,False,6.422390623616782,1.6782879962223811,1.6783039321947684,4.050347277905775,93
6,B,4,False,6.081416024093505,1.7388335251112008,1.7388489062040244,3.910132465148765,275
6,B,506,False,7.076636472747401,0.8174960730767897,0.81752878851589,3.9470826306316456,233
6,B,641,False,6.3644923793732815,1.7226643870817224,1.7226799125420642,4.043586145957673,105
6,B,772,False,6.224148691714319,1.663386674736903,1.6634027534690987,3.9437757225917087,236
6,B,689,False,6.49515954072893,1.7345145068554937,1.7345299262475824,4.1148447334882565,42
6,B,640,False,6.354969499613027,1.719137550317605,1.719153107628376,4.0370613036207015,116
6,B,696,False,6.079264178855402,1.6091534432280847,1.6091700638556161,3.844217121355509,314
6,B,17,False,5.531857365678135,1.6000842601383833,1.6001009749696689,3.565979170323902,395
6,B,656,False,5.373088888013404,1.6172366506472722,1.6172531882031007,3.4951710381082526,418
6,B,499,False,6.211062773770921,0.8775932176785314,0.8776236928613795,3.5443432333161504,401
6,B,295,False,6.712297108132152,1.483334997682514,1.483353028077292,4.097825068104722,48
6,B,729,False,6.382497578954569,1.7375684468616164,1.7375838391529133,4.060040709053741,79
6,B,605,False,6.129380663765911,1.7272649519526113,1.7272804360613083,3.9283305499136096,258
6,B,380,False,6.5780218984186085,1.689997367166255,1.6900131927251811,4.134017545571895,34
6,B,257,False,5.140154479719076,1.6246665650483403,1.6246830269754957,3.382418753347286,441
6,B,160,False,6.461821868983703,1.5734063931535882,1.5734233913898925,4.017622630186798,148
6,B,23,False,5.4223370833246065,1.569240260149066,1.569257303513033,3.4957971934188197,417
6,B,560,False,7.1930127042991,0.18751640580938028,0.18765898061098782,3.690335842455044,372
6,B,248,False,7.406660644098106,0.2779696756217907,0.2780658755071727,3.842363259802639,317
6,B,337,False,5.332908217033469,1.6842821585809633,1.6842980378396326,3.508603127436551,413
6,B,744,False,6.243649654361378,1.6594954577880152,1.6595115742215665,3.9515806142914722,225
6,B,12,False,6.390723184415486,1.7469432791528912,1.7469585888434056,4.068840886629446,66
6,B,622,False,5.586954834506394,1.5540196106764983,1.5540368209677087,3.5704958277370515,394
6,B,817,False,6.340909410293069,1.759649126100143,1.7596643252453814,4.050286867769225,95
6,B,72,False,6.290517797055738,1.759747078633801,1.7597622769330192,4.025140036994379,135
6,B,73,False,6.167496172305996,1.6979162472239018,1.697931998974984,3.93271408564049,246
6,B,426,True,6.8867486170296,1.4976562443163046,1.497674102298596,4.192211359664098,21
6,B,214,False,6.136134418236551,1.6810129667128457,1.681028876852807,3.908581647544679,279
6,B,1,False,6.294113876119677,1.6460857511005518,1.6461019988240568,3.970107937471867,200
6,B,363,False,6.036736970420798,1.7129601188374914,1.712975732251931,3.8748563513363647,299
6,B,88,False,5.732181691961627,1.1058212515650527,1.1058454371968927,3.41901356457926,436
6,B,750,False,6.244345747707404,1.657734776418172,1.657750909968833,3.951048328838118,227
6,B,91,False,5.752417088430626,1.2101146350513885,1.2101367362913342,3.48127691236098,422
6,B,482,False,6.235058516279822,1.6816849010114863,1.6817008047944495,3.958379660537136,214
6,B,86,False,5.525641841272147,0.5910450747609212,0.5910903238553561,3.0583660825637518,462
6,B,533,False,6.163877697598909,1.7488235110400578,1.7488388042706402,3.9563582509347746,218
6,B,74,False,6.37660477209662,1.7129892033502505,1.7130048164995955,4.044804794298107,104
6,B,179,False,6.085254164242493,1.7339899330312845,1.73400535708807,3.9096297606652817,278
6,B,184,False,5.75111167115063,1.672431525306801,1.6724475170827693,3.7117795941166998,368
6,B,815,False,6.501801088172823,1.628891751359574,1.6289081705865274,4.065354629379676,73
6,B,795,False,6.491673536429922,1.1578927263446908,1.1579158243491745,3.8247946803895485,327
6,B,365,False,6.495149047400238,1.1264147628117505,1.1264385062827615,3.8107937768415,335
6,B,13,False,6.678320013406934,1.580389678867855,1.5804066019946668,4.1293633077008005,36
6,B,558,False,6.606543544212275,1.0617086843936083,1.0617338748825402,3.8341387095474073,326
6,B,503,False,5.443897592342207,0.3529238656992606,0.3529996395697829,2.898448615955995,470
6,B,212,False,5.823621637292399,1.6606610973211708,1.6606772024424983,3.7421494198674483,359
6,B,823,False,5.90336850427575,1.7054800139074815,1.7054956958005347,3.8044321000381425,336
6,B,856,False,6.346172973572,1.6205643499112676,1.6205808535088944,3.983376913540447,183
6,B,490,False,6.250891831252811,1.7083541796175288,1.708369835127326,3.9796308331900683,188
6,B,483,False,6.273868498773398,1.6819165122250026,1.6819324138179288,3.9779004562956635,190
6,B,66,False,6.16862213065987,1.6953112618120572,1.6953270377667775,3.9319745842133234,248
6,B,484,False,6.317473176149673,1.6860329172219095,1.6860487799918809,4.001760978070777,168
6,B,661,False,6.343256401825541,1.759762981283825,1.7597781794457,4.051517290635621,90
6,B,316,False,4.765555321121369,0.3431014376205311,0.3431793802861152,2.554367350703742,476
6,B,68,False,5.6809174684563635,1.5943405898597776,1.5943573649062215,3.6376374166812924,383
6,B,467,False,6.159361338711587,1.0089657209789227,1.0089922282489614,3.5841767834802742,392
6,B,289,False,6.390157132704093,1.7435959434604638,1.74361128254209,4.066884207623092,70
6,B,535,False,7.220268118210138,0.513769042998901,0.5138210973678421,3.8670446077889897,302
6,B,60,False,5.930204902350273,1.6052425639739663,1.6052592250941902,3.7677320637222316,351
6,B,428,False,6.589052027431148,1.689415628223915,1.6894314592322153,4.139241743331682,31
6,B,851,False,6.110668611374754,1.672281136143609,1.6722971293577127,3.891482870366233,287
6,B,339,True,6.786900781070966,1.5582262956551294,1.5582434594848757,4.172572120277921,26
6,B,519,False,4.434153982703103,0.3490853636970459,0.34916197058641096,2.391657976644757,481
6,B,20,False,6.228139077931998,1.719813998366563,1.7198295495582903,3.9739843137451443,194
6,B,349,False,6.6965777973425045,1.1048013237759153,1.1048255317348987,3.9007016645387016,284
6,B,630,False,5.800379486107776,1.6745482939154743,1.674564265476698,3.7374718757922367,360
6,B,94,False,5.918807032913618,1.1009615741160454,1.10098586650164,3.509896449707629,411
6,B,101,False,5.803899108007583,1.2510910317982715,1.2511124091792674,3.527505758593425,408
6,B,201,False,7.0693204786090575,1.0072341415517587,1.0072606943903823,4.03829058649972,112
6,B,686,False,6.251829819617464,1.7037301005933063,1.7037457985931954,3.97778780910533,191
6,B,658,False,6.169331620121865,1.629364166329983,1.6293805807964226,3.8993561004591437,285
6,B,440,False,6.589393100869862,1.6674296189818516,1.6674456587290183,4.12841937979944,37
6,B,662,False,6.321072858110511,1.7600310124140917,1.7600462082614932,4.040559533186002,111
6,B,396,False,5.7732327354274275,1.6935115209230276,1.693527313643129,3.733380024535278,364
6,B,610,False,6.233064413661824,1.6274399863480724,1.6274564202217217,3.9302604169417727,251
6,B,644,True,6.913657811819016,1.5874350901887861,1.5874519382075687,4.250554875013292,11
6,B,600,False,6.25835663223211,1.7510613592066244,1.7510766328927005,4.004716632562405,164
6,B,323,False,5.471485830100722,1.514605269545879,1.5146229276927086,3.493054378896715,420
6,B,634,False,6.285579698796255,1.7457333366869314,1.7457486569882774,4.015664177892266,151
6,B,812,False,6.112504449545275,1.7280931183693282,1.7281085950575317,3.9203065223014035,268
6,B,229,False,6.4464536332884865,1.7108831703114715,1.7108988026798424,4.078676217984165,58
6,B,760,False,6.361607125478695,1.6112432732970567,1.6112598723673661,3.986433498923031,178
6,B,332,False,5.9173815928490034,1.6897812049005747,1.6897970324839384,3.803589312666471,337
6,B,796,False,6.631180215325712,1.435558414364387,1.4355770448181036,4.0333786300719074,122
6,B,130,False,6.323375963107095,1.7380194947040177,1.7380348830007688,4.030705423053932,129
6,B,456,False,5.928779198082728,1.6993630346093038,1.6993787729499357,3.8140789855163315,329
6,B,125,False,5.39729900384218,1.6590620197652655,1.6590781404092723,3.5281885721257265,407
6,B,477,False,5.62480025542763,1.676223944192819,1.6762398997880996,3.650520077607865,380
6,B,844,True,6.829522776531743,1.6018666439079294,1.6018833401409542,4.215703058336349,16
6,B,505,False,7.450578913032462,0.6861007485628675,0.686139729016484,4.068359321024473,67
6,B,198,False,6.294606584718665,1.754735959411912,1.754751201113574,4.0246788929161195,136
6,B,329,False,6.486419848060114,1.677246791740261,1.6772627376053177,4.081841292832716,56
6,B,99,False,5.561009864787005,0.6876421223880952,0.6876810154706111,3.124345440128808,459
6,B,368,False,6.382419030757486,1.053606853702944,1.0536322378923795,3.718025634324933,367
6,B,598,False,6.152737158613522,1.6914812627727358,1.6914970744484117,3.922117116530967,265
6,B,262,False,6.116095966218702,1.6944940912822801,1.6945098748448908,3.9053029205317964,282
6,B,659,False,6.19334040151201,1.6330870521867535,1.63310342923414,3.913221915373075,274
6,B,293,True,7.182860572743243,1.3716918603325539,1.3717113582160314,4.277285965479637,8
6,B,804,False,6.827054972842515,0.4283609293696687,0.42842336113560986,3.6277391669890626,386
6,B,769,False,6.196373498266892,1.6712005474007987,1.6712165509559245,3.9337950246114084,241
6,B,726,False,6.1751917120167,1.429660800440831,1.4296795077475948,3.8024356098821475,338
6,B,193,False,6.296386642504503,1.7348834557519128,1.7348988718648666,4.015642757184684,152
6,B,517,False,5.636366458683776,1.5574226230259924,1.5574397957126462,3.5969031271982113,389
6,B,280,False,6.5359991816513565,1.7345263287269532,1.73454174801395,4.1352704648326535,33
6,B,717,False,6.337788672118959,1.7559703383390775,1.7559855693265083,4.046887120722734,103
6,B,0,False,6.3150257506815635,1.6463171507203653,1.6463333961601792,3.980679573420871,186
6,B,79,False,5.709136739731672,1.0023574447838208,1.0023841268046085,3.3557604332681406,443
6,B,100,False,5.5398304057490755,0.9740908936047603,0.974118349873365,3.25697437781122,452
6,B,825,False,6.3878462785475,1.6978113657961533,1.6978271185202827,4.0428366985338915,106
6,B,371,False,6.355770839678326,1.6779323296188124,1.677948268969071,4.016859554323698,149
6,B,492,False,6.238042558482868,1.6224338861783045,1.622450370758971,3.9302464646209194,252
6,B,157,False,5.4602886502365715,1.5337752869354044,1.533792724382949,3.4970406873097604,416
6,B,52,False,5.964539057032461,1.526936428585165,1.5269539441308326,3.745746500581647,355
6,B,273,False,6.311592653302947,1.5905189353290383,1.5905357506816704,3.951064201992309,226
6,B,596,False,6.389160361513335,1.7467221559113273,1.7467374675399283,4.067948914526632,69
6,B,720,False,6.152960019910967,1.59888428785504,1.5989010152307759,3.875930517570872,298
6,B,367,False,6.530816971194178,1.303260589183468,1.3032811108410676,3.9170490410176226,272
6,B,805,False,6.8022953478358446,0.7357558683940728,0.7357922182468384,3.7690437830413415,350
6,B,344,False,5.224801232186897,1.6774738018300652,1.6774897455372118,3.4511454888620543,431
6,B,590,False,6.478962510667309,1.6234903136575878,1.6235067875116198,4.051234649089465,92
6,B,733,False,6.507156581892723,1.685417618081945,1.685433486642918,4.09629503426782,49
6,B,826,False,6.351028352588781,0.7269495614513275,0.7269863516260565,3.5390073521074186,403
6,B,625,False,6.684502315819196,0.8286270744915303,0.8286593504792418,3.756580833149219,352
6,B,597,False,6.361026530827402,1.7499217567372478,1.7499370403699277,4.055481785598665,84
6,B,721,False,6.244918231624771,1.6256156321185844,1.6256320844350336,3.9352751580299024,238
6,B,425,False,6.1590155635044,1.5276508445987604,1.5276683519532612,3.8433419577288306,315
6,B,80,False,5.480240059018495,0.6656483509150972,0.6656885289925576,3.0729642940055264,460
6,B,695,False,6.0685420679048505,1.6097283756351515,1.6097449903265022,3.8391435291156766,321
6,B,510,True,6.645874956794475,1.7295645378644253,1.7295800013860216,4.187727479090248,22
6,B,511,False,6.446629809732816,1.6524407556924414,1.6524569409305931,4.049543375331704,97
6,B,230,False,6.4618178185317525,1.7100250224554487,1.7100406626685942,4.085929240600174,53
6,B,48,False,4.980644125680735,1.1160074438477976,1.1160314087336352,3.048337767207185,463
6,B,303,False,6.670136005640334,1.3172047508988622,1.3172250553139433,3.9936805304771386,174
6,B,609,False,6.272118786763234,1.6216605192799882,1.6216770117220407,3.9468978992426376,234
6,B,190,False,6.11683288864354,1.694125726419364,1.6941415134138662,3.905487201028703,281
6,B,54,False,6.2415798940932286,1.7352849065871205,1.7353003191336531,3.988440106613441,175
6,B,674,False,5.309105837671327,1.622793550279871,1.6228100312070526,3.4659579344391895,429
6,B,827,False,6.504883389830423,1.0696956799244508,1.0697206823303549,3.787302036080389,343
6,B,235,False,6.038109457725864,1.6722498025499544,1.6722657960637264,3.855187626894795,310
6,B,422,False,5.953551889421405,1.6186537408805244,1.6186702639582908,3.786111076689848,346
6,B,224,False,6.335677258134548,1.735226894386152,1.7352423074479533,4.035459782791251,119
6,B,603,False,6.179713305506914,1.7533512782801144,1.7533665320185619,3.966539918762738,204
6,B,145,False,6.310416360459332,1.6633718795357946,1.6633879584110043,3.986902159435168,177
6,B,814,False,6.29236648467943,0.07478817177393353,0.07514493458360515,3.1837557096315177,456
6,B,574,False,6.382714884224868,1.691156289198792,1.6911721039128202,4.0369434940688445,117
6,B,204,False,6.295331484948146,1.4337602099459712,1.43377886376547,3.864555174356808,305
6,B,173,False,6.035117390463423,1.355552907068072,1.3555726370862566,3.6953450137748396,371
6,B,155,False,5.736887210460834,1.6772562645175664,1.6772722102925652,3.7070797103766995,370
6,B,117,False,5.8425094776432935,1.7196877142461013,1.7197032665798095,3.7811063721115517,349
6,B,242,False,6.418667526783838,1.7260477225046806,1.7260632175328579,4.072365372158348,61
6,B,325,False,6.86956985163729,1.3455114883591373,1.3455313656183223,4.107550608627806,44
6,B,191,False,6.137731279807629,1.6960911236639395,1.6961068923649512,3.91691908608629,273
6,B,397,False,6.227744136985871,1.7217846525332485,1.7218001859261505,3.974772161456011,193
6,B,106,False,5.715084353442579,1.2352762355439675,1.2352978866070978,3.4751911200248387,425
6,B,602,False,6.699571154448629,1.4296131593446437,1.4296318672748103,4.06460151086172,74
6,B,225,False,6.366392649423486,1.737157150242298,1.7371725461779062,4.051782597800696,89
6,B,251,False,7.362180707698148,0.5807796637628665,0.5808257125823505,3.971503210140249,196
6,B,375,False,5.865842014757597,1.6056783760900355,1.6056950326881565,3.735768523722877,362
6,B,253,False,7.336628256386674,0.6230792082474993,0.6231221311321059,3.9798751937593897,187
6,B,172,False,6.453912683674591,1.3209096727141734,1.3209299201797768,3.8874213019271835,291
6,B,318,False,5.204026995990028,1.379720784416481,1.379740168838726,3.291883582414377,448
6,B,857,True,6.996943533348052,1.4646181793518191,1.4646364401598522,4.230789986753952,13
6,B,507,False,7.462447019142974,0.3572997166890604,0.35737456275226104,3.9099107909476176,277
6,B,379,False,6.351983521279538,1.6644548814042845,1.6644709498176404,4.008227235548589,161
6,B,788,False,7.664199469764984,0.33216157137305463,0.33224208049749476,3.9982207751312395,170
6,B,161,False,7.179112494187917,0.7627266552982699,0.762761719843604,3.9709371070157604,198
6,B,436,False,6.190063683094827,1.7319119551475501,1.7319273977102205,3.960995540402524,213
6,B,808,False,6.6806875225191025,1.2651813128424676,1.2652024521483023,3.9729449873337024,195
6,B,334,True,6.842656319049173,1.6873128326531033,1.687328683390443,4.264992501219808,9
6,B,722,False,6.226206702734904,1.6263985782616266,1.626415022658032,3.926310862696468,261
6,B,296,False,6.128574750965228,1.731032570179839,1.7310480205874437,3.929811385776336,255
6,B,141,False,6.3718059727476515,1.7459841406140495,1.745999458714712,4.058902715731182,81
6,B,557,False,7.159929542198122,0.7364776881996392,0.7365140024277691,3.9482217723129454,232
6,B,672,False,5.317791117975904,1.632173073849698,1.6321894600677516,3.474990289021828,426
6,B,489,True,6.580661401760095,1.7270198431375665,1.7270353294438396,4.153848365601967,28
6,B,61,False,5.971827082006754,1.6045700684323734,1.6045867365354103,3.788206909271082,342
6,B,712,False,6.3365658027455645,1.75999633582111,1.7600115319679073,4.0482886673567355,99
6,B,468,False,6.184069848869031,1.1200837984128362,1.1201076760844084,3.65208876247672,378
6,B,361,False,6.40440633502295,1.6931950082226004,1.6932108038948426,4.048808569458896,98
6,B,268,False,6.362372456812231,1.7523187418989958,1.7523340046254785,4.057353230718855,82
6,B,459,False,4.980516666767601,1.6163246841649923,1.616341231051584,3.298428948909592,446
6,B,345,False,6.277630290085685,1.755278800878399,1.755294037866419,4.016462163976052,150
6,B,312,False,6.508637480555912,1.5673916944319746,1.567408757896492,4.038023119226202,113
6,B,58,False,4.832479846580127,0.13579571718759573,0.1359925268637229,2.484236186721925,478
6,B,663,False,6.322218899236043,1.7600062633015796,1.7600214593626624,4.0411201792993525,108
6,B,502,False,5.4352779616356335,0.2238363487463647,0.22395580272989382,2.829616882182764,474
6,B,779,False,6.056475150898176,1.70943116943605,1.709446815082525,3.88296098299035,294
6,B,176,False,6.040958478310287,0.3416476408097937,0.34172591506525335,3.19134219668777,455
6,B,782,False,7.218262841256198,0.1992792763092736,0.199413441178459,3.7088381412173286,369
6,B,756,False,7.396437087265764,0.46460288299185043,0.46466044531531403,3.930548766290539,250
6,B,790,False,6.361102479784182,1.6028516570222109,1.6028683429948745,3.981985411389528,185
6,B,328,True,6.7812917268034,1.6163934548161214,1.6164100009987206,4.19885086390106,19
6,B,595,False,6.199493709439409,1.52864260369581,1.5286600996919466,3.8640769045656778,306
6,B,690,False,5.6119543246208625,1.6906180576867587,1.6906338774355716,3.651294101028217,379
6,B,573,False,6.400627036966204,1.6805921141854527,1.6806080283095808,4.040617532637892,110
6,B,343,False,5.334177850809647,1.684691386856898,1.6847072622583739,3.5094425565340104,412
6,B,97,False,5.682696755024129,1.0978669498465417,1.0978913107050423,3.3902940328645856,440
6,B,520,False,5.632015485588417,1.5812226280649335,1.5812395422771537,3.6066275139327852,388
6,B,90,False,5.521490319736147,1.0131528707020347,1.0131792684259093,3.267334794081028,451
6,B,423,False,6.187525044029193,1.7458167588569569,1.7458320784262433,3.966678561227718,203
6,B,64,False,6.4281599327596055,1.7145077170212604,1.7145233163424,4.071341624551003,64
6,B,736,False,6.337965839893324,1.698010027336898,1.6980257782180281,4.017995809055677,146
6,B,685,False,6.102635125682558,1.6393524089580978,1.6393687234155119,3.871001924549035,300
6,B,618,False,4.88143421105931,1.4399146142575594,1.4399331883489537,3.1606836997041317,458
6,B,102,False,5.772366701177419,1.192636605739134,1.1926590308655907,3.482512866021505,421
6,B,508,False,6.23020763093975,1.5326757163231286,1.5326931662804864,3.8814503986101183,295
6,B,739,False,6.2918065437500905,1.6974777526669067,1.697493508486963,3.994650026118527,172
6,B,475,False,5.498124426428667,1.6118661336288571,1.6118827262849889,3.555003576356828,399
6,B,310,False,6.37894863441927,1.6441369877198964,1.6441532547013196,4.011550944560295,156
7,B,269,False,6.270662397766887,1.721044038732172,1.72105949450048,3.9958609461336834,94
7,B,196,False,6.341793967872437,1.7014380507211317,1.7014536845875137,4.021623826229975,55
7,B,491,False,6.306406847168963,1.6527386164801017,1.6527547110080378,3.9795807790885007,110
7,B,45,False,5.9082514987801025,1.5122011425522683,1.512218732819789,3.7102351157999456,326
7,B,14,False,6.1832568526902705,1.727194698030511,1.7272100987602552,3.955233475725263,161
7,B,82,False,5.661200972847203,1.0601848166173145,1.0602099064527697,3.360705439649986,416
7,B,132,False,6.2082917193448,1.5100182926249168,1.5100359083202528,3.8591638138325264,261
7,B,577,False,6.419944107111511,1.6231518715852604,1.6231682594806478,4.021556183296079,56
7,B,636,False,4.814513472906199,1.204718888643609,1.204740968428232,3.0096272206672157,436
7,B,391,False,6.513830760998639,1.570578139956601,1.570595076416655,4.042212918707647,34
7,B,133,False,7.378651057077879,0.5640910315607344,0.5641381854137825,3.971394621245831,131
7,B,250,False,7.326212201215852,0.5809225088118353,0.5809682965523495,3.9535902488841006,162
7,B,679,False,6.214156976503427,1.71274083658249,1.7127563672781922,3.9634566718908095,146
7,B,59,True,6.4551935715139575,1.6457841566001252,1.645800319136768,4.050496945325363,28
7,B,297,False,6.069779895665052,1.6909282774026346,1.6909440084386425,3.8803619520518473,248
7,B,7,False,5.401925387474984,1.6267718390575192,1.6267881904861754,3.51435678898058,379
7,B,746,False,6.291540291783709,1.6247552511371937,1.624771622860452,3.9581559573220804,154
7,B,283,True,6.800145925397009,1.4574056293455737,1.4574238809635547,4.128784903180282,5
7,B,197,True,6.503807274472232,1.7103048202458646,1.7103203730620007,4.107063823767116,10
7,B,853,False,6.369507472080959,0.4288629688437002,0.4289249892465283,3.3992162306637437,407
7,B,516,False,5.738353684412288,1.629622461867244,1.6296387846933929,3.6839962345528403,335
7,B,538,False,6.726166048358012,1.123775309571555,1.1237989796922516,3.9249825140251318,208
7,B,170,True,7.012763130172824,1.188259750463136,1.1882821360793976,4.100522633126111,13
7,B,392,True,6.552854352378645,1.597594539812808,1.597611189868924,4.075232771123785,20
7,B,593,False,6.501612973408763,1.547061102094792,1.5470782960049094,4.024345634706837,52
7,B,829,False,6.051030999521984,1.623014230214192,1.6230306194993578,3.837030809510671,273
7,B,215,False,5.993495506845818,1.6275729659368476,1.6275893093170553,3.8105424080814365,289
7,B,725,False,6.172870567895046,1.5575122042249745,1.5575292827630691,3.8651999253290574,259
7,B,747,False,6.3025106809741755,1.622922106688504,1.6229384969039813,3.9627245889390785,149
7,B,822,False,5.945957750306295,1.6834849969483583,1.6835007975361687,3.814729273921232,288
7,B,819,False,6.619476878556614,0.19297711568910925,0.1931149075923184,3.406295893074466,406
7,B,745,False,6.2613555519068615,1.6234224049337835,1.6234387900982565,3.942397171002559,181
7,B,22,False,6.351147802336766,1.7258490174366559,1.725864430174564,4.038506116255665,38
7,B,419,False,6.306740933414203,0.13767221968100962,0.13786529812319703,3.2223031157687,425
7,B,683,False,6.075027566955702,1.691816241877143,1.6918319646566564,3.8834297658061794,244
7,B,77,True,6.569533454609829,1.56156642385644,1.5615834580548338,4.065558456332331,23
7,B,776,False,7.38014275801356,0.521019486192599,0.5210705377845706,3.950606647899065,168
7,B,752,False,6.247322941572861,1.688038826813036,1.6880545847759285,3.9676887631743947,137
7,B,19,False,6.1776630610803505,1.6488399662402702,1.6488560988230347,3.9132595799516925,220
7,B,166,False,6.728640539679249,1.3644971278570313,1.3645166222090477,4.046578580944148,33
7,B,446,False,6.259161675996111,1.7295584064742044,1.7295737861566622,3.9943677310763865,96
7,B,398,True,7.7615757467633975,0.4475625112562898,0.447621940745467,4.104598843754432,12
7,B,652,False,5.840384108939617,1.626328091075844,1.6263444469659865,3.7333642779528016,321
7,B,854,False,6.244728468790364,0.2588019423572125,0.25890470394059617,3.25181658636548,422
7,B,797,False,6.592171327655688,1.4184939295149075,1.418512681799266,4.005342004727477,79
7,B,501,False,6.3599685465232705,0.677138428021585,0.6771777101014512,3.5185731283123607,378
7,B,824,False,6.400151396080962,1.6740452490327662,1.674061138717424,4.037106267399193,41
7,B,300,False,6.2507496559492814,1.6980353636139938,1.698051028808737,3.9744003423790093,125
7,B,849,False,6.107038276212176,1.6042114284718756,1.6042280098522397,3.855633143032208,262
7,B,165,False,7.34387448753069,0.519123116962891,0.519174355029184,3.931524421279937,194
7,B,469,False,6.243824662071635,1.095443656129553,1.0954679384213781,3.6696463002465065,342
7,B,806,False,6.665544228125835,1.2338405775536991,1.2338621362100175,3.9497031821679265,170
7,B,773,False,5.905844430093224,1.496835240614514,1.4968530114544354,3.70134872077383,330
7,B,451,False,6.141201513061564,1.7230612731469728,1.7230767108209573,3.9321391119412605,192
7,B,222,False,6.16897823542978,1.6881676758180033,1.6881834325781844,3.928580834003982,202
7,B,309,False,5.939718715124826,1.7136340194158162,1.7136495420166598,3.8266841285707427,284
7,B,236,False,6.002228349490327,1.4000912647974155,1.40011026355667,3.7011693065234983,331
7,B,592,False,6.40473317702968,1.6613946145676468,1.6614106252426224,4.033071901136151,46
7,B,830,False,6.269541457743646,1.7249375671835843,1.72495298806545,3.997247222904548,93
7,B,255,False,5.499232185703011,1.5666667945229877,1.5666837732662058,3.5329579794846087,370
7,B,589,False,6.480517693477526,1.541471879828842,1.5414891360816547,4.011003414779591,74
7,B,163,False,6.690306956893552,1.3762777167525064,1.3762970442401574,4.033302000566854,45
7,B,606,False,5.852499967347894,1.592432867042409,1.5924495710670428,3.7224747692074684,324
7,B,16,False,6.10902946586933,1.660208315497198,1.6602243376124644,3.8846269017408974,243
7,B,700,False,6.162866816829669,1.6469631886869704,1.6469793396532502,3.9049230782414597,227
7,B,434,False,6.107973855362955,1.5912067172264792,1.5912234341227414,3.8495986447428483,266
7,B,781,False,4.75809983606338,1.177179546952389,1.1772021432692574,2.9676509896663186,437
7,B,284,False,5.764901175370835,1.6859304803374249,1.685946258006311,3.725423716688573,323
7,B,571,True,6.551616576811931,1.6136298890534655,1.6136463736523567,4.0826314752321435,18
7,B,135,False,6.429786700979107,1.4768198503413357,1.4768378620271445,3.9533122815031256,166
7,B,653,False,5.576613576894095,1.571413300420293,1.571430227879208,3.5740219023866517,363
7,B,834,False,6.058601307521959,1.6676443457149603,1.6676602963882603,3.86313080195511,260
7,B,523,False,6.318286858333176,1.720738876777465,1.7207543352867294,4.0195205968099526,60
7,B,718,False,6.23822523565823,1.7259971694010061,1.7260125808159648,3.9821189082370974,108
7,B,350,False,5.262542127356832,0.795445758216864,0.7954791981063386,3.029010662731585,434
7,B,187,False,6.712196484397074,1.0531464407042086,1.053171698215749,3.8826840913064116,246
7,B,199,False,5.95340981421158,1.6033526174352666,1.6033692076970987,3.778389510954339,304
7,B,575,False,6.295525882075718,1.6497387277585365,1.6497548515525138,3.9726403668141157,129
7,B,787,False,6.237509341006439,1.6926216336558069,1.6926373489540973,3.965073344980268,140
7,B,684,False,6.183634872525829,1.678078314149406,1.6780941656454247,3.9308645190856266,195
7,B,534,False,6.08736740725433,1.7161415907457016,1.7161570906656212,3.901762248959976,229
7,B,53,False,6.155853874874049,1.623146823401387,1.6231632113477423,3.889508543110896,238
7,B,670,False,4.877098290603053,0.8435124033992113,0.8435439378260124,2.860321114214533,442
7,B,285,False,6.309302501018254,1.7169146132694653,1.7169301062107738,4.013116303614514,71
7,B,231,False,6.3670162064015745,1.6716732809958026,1.6716891932264124,4.019352699813993,61
7,B,761,False,6.182495903853713,1.6485536995043428,1.6485698348884579,3.9155328693710856,218
7,B,277,False,5.553589072999734,1.6642202861720434,1.6642362696628326,3.608912671331283,356
7,B,807,False,6.537226100251397,1.4961409320017638,1.4961587110884356,4.016692405669916,66
7,B,777,False,6.131417787096293,1.7161779200739677,1.7161934196657767,3.9238056033810347,210
7,B,98,False,5.763484903752911,1.0869249380573673,1.0869494106561324,3.4252171572045214,403
7,B,680,False,6.252818638203588,1.7121691731430508,1.7121847090241347,3.9825016736138616,107
7,B,168,True,7.104447687036877,1.0780032762361136,1.0780279513679116,4.091237819202394,17
7,B,512,False,6.236432983286051,1.5128308036331015,1.5128483865793947,3.8746406849327224,254
7,B,727,False,5.443975120267859,0.23893698837202162,0.23904828961319388,2.8415117049405265,443
7,B,219,False,6.219278190206483,1.6874023385028363,1.6874181024095785,3.9533481463080307,163
7,B,232,False,6.332020914608748,1.62066122756256,1.6206776406427301,3.976349277625739,118
7,B,267,False,6.334275163944384,1.694270840359064,1.6942865403601928,4.014280852152289,69
7,B,272,False,6.011221548538789,1.673646564195328,1.6736624576650838,3.8424420031019366,270
7,B,734,False,5.450085313597993,1.4656704758539307,1.4656886245531788,3.4578869690755862,395
7,B,742,False,6.256196083805936,1.627523753916757,1.6275400977911403,3.941868090798538,182
7,B,246,False,6.34807816648215,1.662304001444678,1.662320003360872,4.005199084921511,81
7,B,810,False,6.688906465484329,1.2510392972739006,1.2510605595566813,3.969983512520505,133
7,B,639,False,6.413346760475761,1.6818179382615714,1.6818337545111601,4.047590257493461,32
7,B,559,False,6.584703627203144,0.7663374282120614,0.7663721382157483,3.6755378827094463,341
7,B,223,False,6.353076535284707,1.6928337152968465,1.6928494286263107,4.022962981955509,54
7,B,63,True,6.511700114229693,1.6740341434573562,1.6740500332474255,4.0928750737385595,14
7,B,47,False,5.435394766510967,0.18759911541206156,0.18774085452583256,2.8115678105184,445
7,B,249,False,7.407670326130826,0.261827970701949,0.2619295451005909,3.8347999356157083,275
7,B,552,False,6.158993448507262,1.6233155068882927,1.6233318931317455,3.891162670819504,237
7,B,498,False,6.222781337311222,0.758518746225267,0.7585538139973016,3.490667575654262,383
7,B,550,False,6.146098933563383,1.6197431932099733,1.6197596155926173,3.882929274578,245
7,B,515,False,6.233461627514967,1.5267705003914536,1.5267879228040389,3.880124775159503,251
7,B,260,False,5.25973702400443,1.6542088242744342,1.6542249044982087,3.4569809642513194,396
7,B,122,False,7.054436943814868,0.8392708829096588,0.8393025766996429,3.9468697602572553,173
7,B,480,False,6.2426113912752035,1.5909394858929788,1.5909562055971618,3.9167837984361826,216
7,B,103,False,6.030616249617321,1.5650233464188983,1.5650403429914863,3.7978282963044037,295
7,B,521,False,5.742624885758348,1.5627246208845984,1.5627416424584115,3.6526832641083797,344
7,B,142,False,6.434441234946547,1.5695537868180887,1.5695707343314298,4.002005984638989,88
7,B,220,False,6.219278190206483,1.6874023385028363,1.6874181024095785,3.9533481463080307,164
7,B,336,False,5.138667199171551,1.646867779723967,1.646883931625921,3.392775565398736,408
7,B,192,False,4.70204428881046,0.105919240391088,0.10617007977639889,2.404107184293429,450
7,B,83,False,5.913868404707559,1.1528086401445699,1.1528317141485456,3.5333500594280522,369
7,B,164,False,7.35267298578304,0.4632891384475942,0.4633465508215378,3.908009768302289,224
7,B,116,True,6.56574489178944,1.7055017917169037,1.7055173883324295,4.1356311400609345,3
7,B,513,False,6.1406787526474655,1.5151867177190974,1.5152042733265616,3.827941512987014,282
7,B,115,False,5.971449763648538,1.6855829449738184,1.6855987258957312,3.828524244772135,281
7,B,551,False,6.155945173685655,1.6181159056811827,1.6181323445791251,3.8870387591323903,241
7,B,743,False,6.261313061197325,1.6276598219142555,1.6276761644223485,3.944494612809837,174
7,B,131,False,6.2125015060192395,1.5227671970312082,1.522784665246201,3.86764308563272,258
7,B,203,False,4.833354981248932,1.0205529127625337,1.020578976906145,2.9269669790775383,438
7,B,741,False,5.767462675629613,1.6436416754614718,1.6436578590657167,3.7055602673476646,327
7,B,159,False,6.214598007908656,1.7129417297260965,1.7129572586003812,3.9637776332545185,144
7,B,651,False,6.17233967976449,1.6629657152608226,1.6629817108097256,3.9176606952871076,215
7,B,335,False,6.335691390770268,1.5074273225729524,1.5074449685458378,3.921568179658053,211
7,B,374,False,6.297376571340554,1.5155670314391527,1.5155845826412948,3.9064805769909245,225
7,B,279,False,5.511941367082134,1.6521795386915787,1.6521956386656576,3.582068502873896,360
7,B,218,False,6.277658747050198,1.6918686556290436,1.691884377921473,3.9847715624858355,105
7,B,454,False,6.16133631721408,1.624954715053998,1.6249710847676404,3.8931537009908603,235
7,B,407,False,5.702211140067533,1.660982876022173,1.6609988906659725,3.6816050153667526,338
7,B,463,False,6.154414007937349,1.7086420498470285,1.7086576177982988,3.931535812867824,193
7,B,816,False,6.308989379828786,1.7293052931077675,1.7293206750412844,4.019155027435035,63
7,B,832,False,5.747856092856692,1.4616418287573152,1.461660027478254,3.604758060167473,357
7,B,360,False,6.431930448407583,1.1447860475515326,1.1448092832534866,3.788369865830535,299
7,B,239,False,5.0019038322407265,1.1336395625585463,1.1336630267203012,3.0677834294805137,431
7,B,566,False,6.224985579842516,1.7281162537751102,1.7281316462921519,3.976558613067334,116
7,B,234,False,5.910471905829487,1.6399211249671763,1.639937345287408,3.7752046255584477,307
7,B,793,False,6.411906005424301,1.063821555712164,1.0638465597785005,3.737876282601401,320
7,B,586,False,6.005261156574888,1.3887501417095438,1.388769295618599,3.6970152260967435,333
7,B,259,False,5.259915369842027,1.6022958434286627,1.6023124446322794,3.431113907237153,402
7,B,216,False,6.2260577499347125,1.6855711327949894,1.685586913827491,3.9558223318811017,159
7,B,447,True,6.548564753663581,1.592174768267448,1.5921914749998518,4.070378114331716,22
7,B,775,False,7.389775353182976,0.4824278636433136,0.48248299863741667,3.9361291759101964,189
7,B,281,True,6.436514512595646,1.6886851476304092,1.6887008995622166,4.062607706078931,25
7,B,319,False,4.70140088925016,0.32305192999404747,0.32313425975526144,2.5122675745027108,447
7,B,324,False,4.688418302127605,1.1465779094638373,1.1466011088539751,2.91750970549079,439
7,B,167,True,7.122295716121746,1.008272779162468,1.0082991607428367,4.0652974384322915,24
7,B,369,False,7.164046043950288,0.43365727402096854,0.433718608853712,3.798882326402,294
7,B,494,False,6.267929063700702,1.5837083109541268,1.5837251069992782,3.92582708534999,206
7,B,221,False,6.24821929646353,1.6880639958632784,1.688079753591222,3.9681495250273757,136
7,B,299,False,6.225907517000677,1.674644579813464,1.6746604638114901,3.9502839904060836,169
7,B,576,False,6.397547839431473,1.6257226859615386,1.6257390479424123,4.011643443686943,73
7,B,801,False,6.296975686477605,1.1951300523246542,1.1951523092577918,3.7460639978676986,317
7,B,162,False,7.220852950016303,0.7078961092855692,0.7079336846741708,3.9643933173452366,142
7,B,136,False,6.466450400835334,1.477831784240511,1.4778497835931075,3.9721500922142208,130
7,B,638,False,6.387483536003318,1.6827185648212537,1.6827343726057307,4.035108954304524,43
7,B,237,False,6.046374306056549,1.4870548786591868,1.487072766376545,3.766723536216547,311
7,B,453,False,6.259605382380695,1.6915969011883258,1.6916126260065123,3.9756090041936036,120
7,B,442,False,5.611931215953609,1.661020605920359,1.6610366202003912,3.6364839180770003,346
7,B,473,False,5.4731451626332035,1.5093844484083527,1.5094020715010594,3.4912736170671312,382
7,B,565,False,6.166530928563692,1.7134140375641043,1.7134295621578461,3.939980245360769,185
7,B,800,False,6.2545427598808505,0.3008945467830271,0.3009829374540442,3.2777628486674475,421
7,B,794,False,6.391546641058008,1.347105968657462,1.3471257146782036,3.869336177868106,255
7,B,331,False,6.084848391145086,1.6777850451468737,1.677800899413634,3.88132464527936,247
7,B,21,False,6.016180766754678,1.637566028645,1.6375822722925584,3.826881519523618,283
7,B,780,False,5.952021031189094,1.6527823626079516,1.6527984567098992,3.8024097439494966,293
7,B,792,False,6.4570232702641945,1.1046705183240275,1.1046945978002143,3.7808589340322043,300
7,B,15,False,5.911772233330077,1.6411075044706718,1.6411237130651235,3.7764479731976004,306
7,B,567,False,7.574144907406488,0.4326753841173171,0.43273685812023194,4.00344088276336,85
7,B,186,False,5.3985227285788175,1.3035255620604806,1.3035459682342598,3.3510343484065386,417
7,B,327,False,6.556383873302184,1.3667855083400842,1.3668049700535787,3.9615944216778813,151
7,B,758,False,5.307963295835927,1.6114515537475975,1.6114680606298868,3.4597156782329073,392
7,B,458,False,5.185870781270058,1.5770726003070916,1.577089467022741,3.3814801241463996,411
7,B,549,False,6.148141843094253,1.644254250354903,1.6442704279299272,3.89620613551209,232
7,B,258,False,5.230877152651068,1.602705769772324,1.6027223667298711,3.41679975969047,405
7,B,134,False,6.275631179714118,1.402291400174313,1.4023103691257286,3.8389707744199235,272
7,B,678,False,6.219781285102207,1.7073763359057208,1.707391915397735,3.963586600249971,145
7,B,723,True,6.7653553335075465,1.4439886138860234,1.4440070350892273,4.104681184298387,11
7,B,205,False,6.2164483806809425,1.4858955332835764,1.485913434957362,3.851180907819152,265
7,B,304,False,6.18696048051793,1.6986207123003856,1.6986363720969158,3.942798426307423,180
7,B,698,False,6.236140012211094,1.7184546196806643,1.7184700987379788,3.9773050554745364,115
7,B,635,False,6.186900522961079,1.6884616360961642,1.6884773901131274,3.9376889565371034,186
7,B,759,False,5.303108019710324,1.6081798334027124,1.6081963738666614,3.455652196788493,398
7,B,57,False,5.846788155119279,1.6897679655538076,1.6897837073917348,3.768285931255507,310
7,B,206,False,6.390990725856609,1.5663503585429588,1.5663673407162055,3.978679033286407,112
7,B,770,False,6.213980252626343,1.6445599646432674,1.6445761392110025,3.929278195918673,198
7,B,585,False,6.399718559941274,1.6643876867009009,1.6644036685841204,4.032061114262697,47
7,B,455,False,6.174273264339837,1.6204208491792609,1.6204372646941747,3.8973552645170058,231
7,B,55,False,6.398777779787742,1.6648209482623826,1.6648369259864344,4.031807352887088,48
7,B,657,False,5.325958394398815,1.5860709443301173,1.5860877153559105,3.4560230548773627,397
7,B,366,False,6.568073823316893,1.3037695946214436,1.303789996975765,3.935931910146329,190
7,B,757,False,6.171240595368831,1.7037005530581164,1.7037161661630242,3.9374783807659277,187
7,B,441,False,6.165570015085278,1.7205207754261926,1.7205362358950331,3.9430531254901555,179
7,B,65,False,6.302772745649113,1.6829638848597626,1.682979690340013,3.992876217994563,98
7,B,754,False,6.239458494754704,1.6856354287751694,1.6856512092057332,3.9625548519802187,150
7,B,6,False,5.628957783907601,0.40544594658500777,0.4055115484877278,3.0172346661976643,435
7,B,156,False,6.1460079979688995,1.721262114612993,1.721277568423145,3.933642783196022,191
7,B,836,False,5.59082723201888,1.6070402264383834,1.6070567786316179,3.5989420053252488,358
7,B,105,False,5.722278135240522,1.2070201617392904,1.2070421994279423,3.464660167334232,390
7,B,243,False,6.21856904947844,1.7207401899053767,1.7207556484028446,3.969662348940642,134
7,B,472,False,5.447493283127541,0.3434688499238869,0.3435462868708369,2.895519784999189,440
7,B,570,True,6.746604376239791,1.399721922122001,1.3997409258943638,4.073172651067077,21
7,B,70,False,5.496130550216495,0.9169329386754539,0.9169619481650837,3.2065462491907897,426
7,B,394,False,6.423439500615864,1.6380883837335798,1.6381046222014009,4.030772061408633,49
7,B,838,False,6.374105598406096,0.4640290365464951,0.4640863573872543,3.419095977896675,404
7,B,828,False,6.314485797307341,1.6929028484038542,1.6929185610916389,4.0037021791994905,84
7,B,495,False,6.198989279441387,1.028848485675095,1.0288743396696403,3.6139318095555133,353
7,B,364,False,6.207940146050818,1.6238254743958525,1.6238418554932057,3.915891000772012,217
7,B,240,False,4.722260338137803,0.10638768992425472,0.10663742739826945,2.4144488827680366,449
7,B,522,False,6.154304413904705,1.634959794478802,1.6349760640195525,3.8946402389621286,233
7,B,276,False,5.571228154324357,1.6615761555806097,1.6615921645063028,3.61641015941533,350
7,B,702,False,6.0673517078471395,1.6293238537701324,1.629340179587755,3.8483459437174474,267
7,B,282,False,6.235815834733515,1.6861125541295625,1.686128330094723,3.960972082414119,152
7,B,362,False,5.305447965387227,1.6134157764816042,1.613432263268105,3.4594401143276663,393
7,B,841,False,6.10413898451989,1.6331526030667445,1.633168890610639,3.8686539375652647,256
7,B,771,False,6.287895610827247,1.722498407722337,1.7225138504408866,4.005204730634067,80
7,B,848,False,6.215866654657533,1.6965228033123232,1.6965384824734764,3.9562025685655047,157
7,B,244,False,5.969779552788354,1.6211800018672713,1.6211964096953422,3.795487981241848,297
7,B,217,False,6.216375687769147,1.6853344485054793,1.6853502317542104,3.9508629597616785,167
7,B,18,False,6.1776630610803505,1.6488399662402702,1.6488560988230347,3.9132595799516925,221
7,B,126,False,5.418187466002428,1.6304944785349549,1.6305107926314613,3.5243491293169447,375
7,B,460,False,5.170280965708688,1.570589543254263,1.5706064795913508,3.3704437226500197,413
7,B,291,False,5.854521368386662,1.5007241294110039,1.500741854201154,3.677631611293908,339
7,B,724,True,6.646532944049747,1.4529717361462136,1.45299004346019,4.049761493754969,30
7,B,169,True,7.058793836355939,1.126515160598242,1.126538773150922,4.092666304753431,15
7,B,288,False,6.306624717079047,1.6737996932462103,1.6738155852619516,3.990220151170499,99
7,B,471,False,6.2571502211803445,0.8307394297897991,0.8307714490533377,3.5439608351168412,366
7,B,25,False,6.1600224163362745,1.7204121240933312,1.7204275855385573,3.940225000937416,184
7,B,474,False,5.389561862412744,1.6719815155977666,1.671997424894939,3.5307796436538417,371
7,B,626,False,6.239265785090813,1.7265701292716287,1.7265855355723767,3.982925660331595,106
7,B,44,False,6.051889304466108,1.7023303268628294,1.7023459525347984,3.8771176285004536,253
7,B,143,False,6.545710700100644,1.4108087971833179,1.4108276516160796,3.9782691758583617,113
7,B,833,False,6.207603873699011,1.665677112499093,1.665693082010614,3.9366484778548125,188
7,B,195,False,6.354299888620792,1.698075872255312,1.6980915370763559,4.026195712848574,51
7,B,802,False,6.227453469181532,0.9453608342596558,0.9453889714328246,3.5864212203071784,359
7,B,50,False,5.470499711428549,1.508737769707563,1.5087554003538324,3.489627555891191,384
7,B,647,False,6.297006775175765,1.6237810398878936,1.6237974214335085,3.9604020983046366,153
7,B,478,False,5.99934892150311,1.5488336456025595,1.5488508198355377,3.774099870669324,308
7,B,393,False,6.415076088763107,1.6666497895907315,1.6666657497823405,4.040870919272724,35
7,B,49,False,5.198013736446875,1.3809548228430732,1.380974084872068,3.289493910659471,420
7,B,837,False,6.410181181402329,1.6422244447614804,1.6422406423319498,4.02621091186714,50
7,B,420,False,5.449301852656708,1.5955732180317388,1.5955898891804439,3.5224458709185757,376
7,B,591,False,6.386975750192415,1.621285853139108,1.6213022598959477,4.004139005044181,82
7,B,4,False,6.073694910251328,1.70521119305532,1.7052267923287654,3.889460851290047,239
7,B,506,False,7.095529432180754,0.7552219208304658,0.7552571416792828,3.9253932869300185,207
7,B,641,True,6.413585876324381,1.6863940147391265,1.6864097880712894,4.049997832197835,29
7,B,772,False,6.2068581527605025,1.6321921092218084,1.6322084063503157,3.919533279555409,214
7,B,689,True,6.4752110530723215,1.7072494878789586,1.7072650685285131,4.091238060800418,16
7,B,640,False,6.387483536003318,1.6827185648212537,1.6827343726057307,4.035108954304524,44
7,B,696,False,5.959214464669996,1.5700896573093828,1.570106599038612,3.764660531854304,312
7,B,17,False,5.505371920977401,1.573295150939785,1.5733120581516378,3.5393419895645195,367
7,B,656,False,5.380350261128234,1.5883138520318996,1.5883305993750525,3.484340430251643,387
7,B,499,False,6.239941328614447,0.8318561038405696,0.8318880801234709,3.5359147043689587,368
7,B,295,False,6.589826492877762,0.6410335845360021,0.6410750789554821,3.615450785916622,351
7,B,729,False,6.375603765440786,1.703958574868719,1.703974185609435,4.039788975525111,36
7,B,605,False,6.046604090200267,1.6896763540410507,1.689692096732467,3.868148093466367,257
7,B,380,True,6.9292555375267435,1.4309378786813192,1.4309564678912128,4.180106002708978,1
7,B,257,False,5.133648462202004,1.5932855506544579,1.5933022457396404,3.363475353970822,415
7,B,160,False,6.378031683254578,1.554344267932653,1.5543613812784325,3.9661965322665056,138
7,B,23,False,5.404232793871441,1.5427486726615611,1.5427659146331016,3.4734993542522714,388
7,B,560,False,7.189025682791445,0.17632375614801488,0.17647455152754019,3.6827501171594923,336
7,B,248,False,7.407670326130826,0.261827970701949,0.2619295451005909,3.8347999356157083,276
7,B,337,False,5.265291153082805,1.652516360233185,1.652532456925744,3.4589118050042744,394
7,B,744,False,6.261654067337304,1.6265862459140463,1.6266025992083784,3.944128333272841,176
7,B,12,False,6.261253042247836,1.7151787817921993,1.7151942904128603,3.9882236663303483,101
7,B,622,False,5.6326525042983455,1.5283562715235046,1.5283736758593858,3.5805130900788655,361
7,B,817,False,6.312255627418592,1.7291001824585248,1.729115566216673,4.020685596817633,58
7,B,72,False,6.220277767729836,1.7293543515509366,1.7293697330481017,3.974823750388969,123
7,B,73,False,6.1979846456229755,1.6574728564538201,1.6574889050113994,3.9277367753171877,204
7,B,214,False,6.000366721294179,1.629678711604408,1.6296950338671665,3.8150308775806727,287
7,B,1,False,6.354840726801475,1.615676555957162,1.6156930196743124,3.9852668732378937,104
7,B,363,False,6.033889687846354,1.6703356794213644,1.6703516043943363,3.8521206461203454,264
7,B,88,False,5.758386071854099,1.1110291473797365,1.1110530890475243,3.4347195804508117,400
7,B,750,False,6.263114187110774,1.6247165352884982,1.6247329074018793,3.9439235472563263,177
7,B,91,False,5.745296294888236,1.2253026028243301,1.225324311699878,3.485310303294057,385
7,B,482,False,6.206895449050609,1.6484882809745534,1.648504416998978,3.927699933024794,205
7,B,86,False,5.527084037446743,0.5653136830011333,0.5653607348790749,3.046222386162909,433
7,B,533,False,6.0885150556072425,1.71620621196821,1.7162217113045082,3.902368383455875,228
7,B,74,True,6.430097788965765,1.674638730733561,1.6746546147870656,4.052376201876415,26
7,B,179,False,5.981859913315655,1.6980736581118527,1.6980893229533218,3.8399746181344883,271
7,B,184,False,5.721175898571792,1.6436436423762264,1.643659825961105,3.6824178622664485,337
7,B,815,True,6.670770336813948,1.594646316291867,1.5946629971307176,4.132716666972333,4
7,B,795,False,6.498485432563611,1.1637159685546086,1.163738826293809,3.83111212942871,279
7,B,365,False,6.485011834506532,1.1321128695542606,1.1321363653575856,3.808574099932059,290
7,B,13,True,6.699791053467288,1.5493745725683474,1.5493917408054205,4.124591397136355,7
7,B,558,False,6.6259144158828205,1.0474102562233607,1.0474356520553365,3.8366750339690787,274
7,B,503,False,5.43380236301266,0.3326640532578859,0.332744004731366,2.883273183872013,441
7,B,212,False,5.835179572118862,1.6236191764097292,1.623635559588453,3.7294075658536574,322
7,B,823,False,5.892117126614655,1.6686966559066667,1.6687125965212806,3.7804148615679676,301
7,B,856,False,6.3734208225801705,1.5772824136765893,1.5772992781486175,3.9753600503643938,121
7,B,490,False,6.278779162111162,1.6681156511728086,1.668131597339486,3.973455379725324,127
7,B,483,False,6.238257530827702,1.6485897880498308,1.6486059230807366,3.943431726954219,178
7,B,66,False,6.230345118930403,1.6674894661689676,1.6675054183237819,3.9489252686270926,171
7,B,484,False,6.278801999697206,1.652579395918897,1.6525954919974726,3.9656987458473396,139
7,B,661,False,6.31004687702586,1.7292778826074389,1.7292932647847703,4.019670070905315,59
7,B,316,False,4.759331083777937,0.32341102068641137,0.32349325905825027,2.5414121714180937,446
7,B,68,False,5.656192933310738,1.5643525530727183,1.5643695569333462,3.6102812451220423,355
7,B,467,False,6.19527231544601,0.9602492943717109,0.9602769952967063,3.577774655371358,362
7,B,289,True,6.38718261279314,1.7144215487069652,1.7144370641774782,4.050809838485309,27
7,B,535,False,7.211324073836376,0.48487839837227065,0.48493325475034216,3.8481286642933594,268
7,B,60,False,5.984411880525849,1.568635746054556,1.5686527034862865,3.7765322920060678,305
7,B,428,True,6.9520115910957205,1.4078891927099009,1.4079080862414415,4.179959838668581,2
7,B,851,False,6.133173912221552,1.6401847188895304,1.6402009366030217,3.886687424412287,242
7,B,519,False,4.431544144889909,0.32890575215112716,0.32898661698129983,2.3802653809356045,451
7,B,20,False,6.235903401140274,1.67502597938951,1.6750418597708203,3.955472630455547,160
7,B,349,False,6.685933750915353,1.1020070494578493,1.1020311871310615,3.893982469023207,234
7,B,630,False,5.759009785542451,1.6438616614728703,1.643877842911403,3.701443814226927,329
7,B,94,False,5.935047866277653,1.1196274917434743,1.1196512495516118,3.5273495579146323,373
7,B,101,False,5.785331825299443,1.2663885737149332,1.2664095782922855,3.5258707017958644,374
7,B,201,False,7.115767783206258,0.9227447634599554,0.9227735902416534,4.019270686723956,62
7,B,686,False,6.191727882142189,1.6693458472548737,1.6693617816704065,3.930544831906298,196
7,B,658,False,6.199188701476842,1.5981753869959523,1.5981920310007693,3.8986903662388057,230
7,B,440,True,6.576298117926681,1.6422579447345893,1.642274141974652,4.109286129950666,9
7,B,662,False,6.275033383076565,1.7296662768683018,1.7296816555916164,4.00235751933409,87
7,B,396,False,5.676169218284997,1.6623540478564605,1.6623700492909095,3.669269633787953,343
7,B,610,False,6.179225520901459,1.5993691933992462,1.5993858249807198,3.8893056729410893,240
7,B,600,False,6.205468645764132,1.7202570842571765,1.7202725470958677,3.9628705964299997,147
7,B,323,False,5.491481337259966,1.5161612065966543,1.5161787509206572,3.5038300440903116,380
7,B,634,False,6.271526019160483,1.7151023175814757,1.7151178268935494,3.993321923027016,97
7,B,812,False,5.963012872485765,1.6944934903066367,1.6945091882448646,3.828761030365315,280
7,B,229,False,6.346267098326145,1.6740219288031186,1.6740378187091283,4.010152458517636,76
7,B,760,False,6.3432179154638595,1.5859606835326725,1.585977455724426,3.9645976855941427,141
7,B,332,False,5.953538793221416,1.6544493316151434,1.6544654095013582,3.804002101361387,291
7,B,796,False,6.579579612294946,1.4226419335671763,1.422660631176127,4.0011201217355366,90
7,B,130,False,6.232237306785147,1.7061284000543957,1.706143990941818,3.9691906488634823,135
7,B,456,False,5.88313896851328,1.6609801169128044,1.6609961315832062,3.7720675500482432,309
7,B,125,False,5.4405012605045915,1.6186551548266193,1.6186715882480576,3.5295864243763244,372
7,B,477,False,5.617297798375136,1.643449827546017,1.6434660130394347,3.6303819057072855,347
7,B,505,False,7.392204293755236,0.6390344246624378,0.6390760488849153,4.015640171320076,68
7,B,198,False,6.249526692796199,1.725222792683111,1.7252382110155149,3.987382451905857,102
7,B,329,False,6.518032338093412,1.580697893507922,1.5807147215405706,4.049373529816991,31
7,B,99,False,5.550598463216515,0.683298380686081,0.6833373086572415,3.1169678859368783,429
7,B,368,False,6.372705840821757,1.059643507890639,1.0596686105426925,3.7161872256822246,325
7,B,598,False,6.219407410401767,1.6637304427259196,1.663746430922599,3.9415769206621833,183
7,B,262,False,6.038361806445458,1.6665440569019154,1.6665600181060978,3.852460912275778,263
7,B,659,False,6.25543535864073,1.6021987133508333,1.602215315560854,3.928825337100792,199
7,B,804,False,6.826744353345982,0.4040634847116506,0.404129311028072,3.615436832187027,352
7,B,769,False,6.171908308390046,1.644741817316362,1.644757990095756,3.908333149242901,223
7,B,726,False,6.174821562477915,1.3830865785634305,1.3831058109042123,3.778963686691063,303
7,B,193,False,6.346797938127985,1.7015208209454873,1.701536454051369,4.024167196089677,53
7,B,517,False,5.683296383627922,1.5402961341049697,1.5403134035297545,3.6118048935788383,354
7,B,280,True,6.552436265745259,1.7000541157015383,1.700069762294607,4.126253014019933,6
7,B,717,False,6.355087422323283,1.7239561889218833,1.7239716185821525,4.039529520452718,37
7,B,0,False,6.375288504931829,1.6158551714074418,1.6158716333047236,3.9955800691182763,95
7,B,79,False,5.734366797130349,1.0213369858919372,1.0213630300268015,3.377864913578575,412
7,B,100,False,5.484061908044772,0.9875547122461263,0.9875816472749133,3.235821777659843,424
7,B,825,False,6.350119134007092,1.647340227187652,1.6473563744573811,3.9987377542322364,91
7,B,371,False,6.273148812481157,1.643105626325456,1.6431218152094114,3.9581353138452844,155
7,B,492,False,6.271325928644567,1.5844391793958899,1.5844559676934613,3.927890948169014,203
7,B,157,False,5.483873140766881,1.522771745358676,1.5227892135214942,3.5033311771441875,381
7,B,52,False,5.977514172340127,1.5003280716784113,1.5003458011475095,3.7389299867438184,319
7,B,273,False,6.198927831012079,1.561434328658053,1.5614513642975008,3.8801895976547898,250
7,B,596,False,6.357707446133006,1.7139444655695986,1.7139599853588645,4.035833715745935,42
7,B,720,False,6.1209848400088385,1.5750677520609377,1.575084640245405,3.8480347401271215,269
7,B,367,False,6.523732816170185,1.3061680966219615,1.3061884615122503,3.9149606388412175,219
7,B,805,False,6.799116484351661,0.6968296462429198,0.6968678183398445,3.747992151345753,316
7,B,344,False,5.138665523592495,1.643903471801566,1.643919652828551,3.391292588210523,409
7,B,590,False,6.481427201598712,1.5423951553006228,1.5424124012239833,4.011919801411348,72
7,B,733,True,6.589029512463265,1.6562581736636197,1.6562742339909327,4.122651873227099,8
7,B,826,False,6.353169237396941,0.7373868391879271,0.7374229118777527,3.5452960746373465,365
7,B,625,False,6.679162772649885,0.8417358164683414,0.8417674174499313,3.7604650950499083,313
7,B,597,False,6.320078007454645,1.7174776683117963,1.7174931561739704,4.018785581814308,64
7,B,721,False,6.074831846723866,1.5902109505193234,1.5902276778833502,3.832529762303608,278
7,B,425,False,6.082597931649056,1.4773783697523781,1.4773963746289944,3.7799971531390253,302
7,B,80,False,5.489117064155009,0.6307532554893676,0.6307954261606034,3.059956245157806,432
7,B,695,False,5.94968756544591,1.5707062668491831,1.570723201927698,3.7602053836868037,314
7,B,511,False,6.45804966414444,1.6165570633075292,1.6165735180573029,4.037311591100871,40
7,B,230,False,6.359096583264117,1.6730880661231866,1.6731039648983341,4.016100274081226,67
7,B,48,False,5.0020807058659615,1.135754470580374,1.1357778910500094,3.0689292984579852,430
7,B,303,False,6.647160438010487,1.3311132253432636,1.3311332086002692,3.989146823305378,100
7,B,609,False,6.218617449488738,1.5939703630128026,1.5939870509254044,3.9063022502070712,226
7,B,190,False,5.986713093415478,1.657183137740468,1.6571991891037254,3.8219561412596015,286
7,B,54,False,6.223372848074811,1.7045358750786699,1.7045514805323156,3.963962164303563,143
7,B,674,False,5.27908331497164,1.58972747602469,1.5897442084758584,3.434413761723749,401
7,B,827,False,6.540084279221027,1.067454698314074,1.0674796172796428,3.803781948250335,292
7,B,235,False,5.93485532805095,1.6434636576548465,1.643479843012061,3.7891675855315055,298
7,B,422,False,5.894344235634668,1.586787352464178,1.5868041159182118,3.7405741757764397,318
7,B,224,False,6.246531040878167,1.6958682441828847,1.6958839293957126,3.9712074851369397,132
7,B,603,False,6.138738689466667,1.7218591181709282,1.721874566622978,3.9303066280448222,197
7,B,145,False,6.266658133635012,1.6452526943039438,1.6452688620614833,3.9559634978482476,158
7,B,814,False,6.295273759354897,0.07029797587815863,0.07067535473747542,3.1829745570461863,428
7,B,574,False,6.3236613523906655,1.635224873064595,1.6352411399679936,3.9794512461793294,111
7,B,204,False,6.413897270748787,1.4281847103644505,1.4282033354090347,3.921050303078911,212
7,B,173,False,5.9889741417123235,1.3657284009751491,1.3657478777522738,3.677361009732299,340
7,B,155,False,5.729486717548865,1.638928537254117,1.638944767397798,3.6842157424733317,334
7,B,117,False,5.822409378671278,1.6865875765285387,1.686603348050487,3.7545063633608824,315
7,B,242,False,6.343260857969643,1.6931426158686051,1.6931583263313226,4.018209592150483,65
7,B,325,False,6.792962745258043,1.1598085139935848,1.1598314487401646,3.976397096999104,117
7,B,191,False,6.007834957094552,1.6589811376612298,1.658997171628225,3.8334160643613884,277
7,B,397,False,6.218124391078599,1.6885117881434075,1.6885275416924503,3.953325966385525,165
7,B,106,False,5.6934563488163095,1.2392571813861024,1.239278645814463,3.466367497315386,389
7,B,602,False,6.694236400824821,1.3815735118579704,1.3815927652612645,4.037914583043043,39
7,B,225,False,6.328893961247546,1.6989818365705405,1.6989974930385592,4.013945727143053,70
7,B,251,False,7.363499336839541,0.5491553371721472,0.5492037733841205,3.956351555111831,156
7,B,375,False,5.8304764565171805,1.5717886975138757,1.5718056209299762,3.7011410387235784,332
7,B,253,False,7.335996122210757,0.5894575042020972,0.5895026290143812,3.962749375612569,148
7,B,172,False,6.6422875240873696,1.3092412127166206,1.309261529806169,3.9757745269467692,119
7,B,318,False,5.2237764073349435,1.3903062190376283,1.3903253515092817,3.3070508794221127,419
7,B,507,False,7.455872530404346,0.32786984983096235,0.327950970089859,3.891911750247102,236
7,B,379,False,6.303866247981112,1.6460660030838292,1.6460821628530802,3.9749742054170962,122
7,B,788,False,7.65967469200517,0.3142594056320998,0.3143440382494035,3.987009365127287,103
7,B,161,False,7.246816111365262,0.709474026667903,0.7095115184907643,3.978163814928013,114
7,B,436,False,6.255863408642885,1.6935427494397928,1.6935584561906314,3.974710932416758,124
7,B,808,False,6.680694924124426,1.2080333695331669,1.2080553887385952,3.9443751564315104,175
7,B,722,False,6.05624811848158,1.5910890448093964,1.5911057629419798,3.82367694071178,285
7,B,296,False,6.069779895665052,1.6909282774026346,1.6909440084386425,3.8803619520518473,249
7,B,141,False,6.329757687500399,1.7130369198668378,1.713052447878221,4.02140506768931,57
7,B,557,False,7.159552248973987,0.6978349436935855,0.6978730608029883,3.9287126548884874,201
7,B,672,False,5.282785126525889,1.5990609921919239,1.5990776269789164,3.4409313767524026,399
7,B,61,False,6.025877341797246,1.56790473876326,1.5679217041010014,3.796899522949124,296
7,B,712,False,6.285375190200376,1.7296992931798025,1.7297146716095724,4.007544930904974,77
7,B,468,False,6.232038803715763,1.0692826697452074,1.0693075461120343,3.6506731749138983,345
7,B,361,False,6.359187682643667,1.6546665043618556,1.65468258013789,4.006935131390779,78
7,B,268,False,6.275780860113439,1.7214353637777322,1.7214508160325916,3.9986158380730155,92
7,B,459,False,5.14920879252435,1.5784477001938215,1.5784645522158127,3.3638366723700814,414
7,B,345,False,6.221056594894343,1.7251130038903026,1.7251284232039437,3.973092509049143,128
7,B,312,False,5.659148454440327,1.378267642423797,1.378286942007053,3.51871769822369,377
7,B,58,False,4.831327515385941,0.1277097615227182,0.12791787812065747,2.479622696753299,448
7,B,663,False,6.27619178365972,1.7296321472534695,1.7296475262802389,4.002919654969979,86
7,B,502,False,5.427855616483659,0.21069346148382048,0.21081967428761472,2.819337645385637,444
7,B,779,False,6.082656793697117,1.677002115704112,1.6770179773725653,3.879837385534841,252
7,B,176,False,6.052533330099663,0.3531857991619249,0.3532611061019163,3.2028972181007895,427
7,B,782,False,7.217292100749825,0.1874798075149022,0.1876216367600672,3.702456868754946,328
7,B,756,False,7.414074045799506,0.4354524965015898,0.43551357850722505,3.924793812153365,209
7,B,790,False,6.287727249668994,1.5533782257396307,1.5533953497280417,3.9205612996985177,213
7,B,595,False,6.467817338216382,1.4951066017792338,1.4951243931655154,3.981470865690949,109
7,B,690,False,5.575962834327426,1.6612854101110028,1.6613014218384288,3.6186321280829277,349
7,B,573,False,6.37704244884681,1.6304968622989282,1.6305131763715839,4.003777812609197,83
7,B,343,False,5.2700953259313215,1.6529736320243613,1.6529897242640412,3.4615425250976815,391
7,B,97,False,5.671659042949084,1.1086527187642006,1.1086767117505245,3.3901678773498043,410
7,B,520,False,5.6831157476140515,1.5641931579232087,1.5642101635165533,3.6236629555653024,348
7,B,90,False,5.473817668337261,1.0220077824348366,1.0220338094760242,3.2479257389066425,423
7,B,423,False,6.142172636636514,1.7152979314786103,1.715313439022006,3.9287430378292596,200
7,B,64,True,6.4806426185603865,1.6728215189207836,1.6728374202292162,4.076740019394801,19
7,B,736,False,6.355051854338244,1.6659849851674369,1.6660009517278334,4.0105264030330385,75
7,B,685,False,6.207357078513512,1.6154061226341376,1.6154225891074325,3.9113898338104724,222
7,B,618,False,5.2488240025298065,1.385536308325331,1.3855555066623957,3.317189754596101,418
7,B,102,False,5.75846798763634,1.2103421595403265,1.2103641367437499,3.484416062190045,386
7,B,508,False,6.3799903892107395,1.5164621794924533,1.516479720334467,3.9482350547726033,172
7,B,739,False,6.2862529043114606,1.6617508157075402,1.661766822950614,3.9740098636310375,126
7,B,475,False,5.513618292073982,1.5827874175044534,1.5828042233217343,3.548211257697858,364
7,B,310,False,6.38838374927006,1.614276875108967,1.6142933531010628,4.001338551185562,89
8,B,269,False,6.34851069664305,1.6879655806004406,1.68798053863336,4.018245617638205,55
8,B,196,True,6.406607539240836,1.6664197208593319,1.6664348722893672,4.036521205765101,30
8,B,491,False,6.3529810049655016,1.6205216211063342,1.620537201666869,3.986759103316185,98
8,B,45,False,5.917112151290475,1.481097420923669,1.4811144681556283,3.6991133097230513,298
8,B,14,False,6.27049341808439,1.6945545836387366,1.6945694835102623,3.9825314507973264,105
8,B,82,False,5.663744295279861,1.034588178194631,1.0346125825512036,3.3491784389155326,382
8,B,132,False,6.544812179919295,1.433377021650027,1.4333946364164643,3.9891034081678796,94
8,B,577,False,6.443276657661267,1.5857248098884695,1.585740732342147,4.014508695001707,60
8,B,636,False,4.848889208226211,1.1764781189228366,1.1764995800328197,3.0126943941295155,403
8,B,391,False,6.0682860819088855,0.5665188009135677,0.5665633674195079,3.3174247246641966,383
8,B,133,False,7.368481923007178,0.5300300401488746,0.5300776744717733,3.9492797987394757,151
8,B,250,False,7.32359656609847,0.5687171425454579,0.5687615367957439,3.946179051447107,155
8,B,679,False,6.246540223901265,1.6797010503452696,1.6797160819746257,3.963128152937945,137
8,B,297,False,6.236140520832518,1.652481517660275,1.6524967968870592,3.944318658859789,159
8,B,7,False,5.4933726391743525,1.592387207612975,1.5924030634492743,3.5428878513118134,333
8,B,746,False,6.426078684233258,1.5875847115420794,1.5876006153423263,4.006839649787792,67
8,B,853,False,6.359737563094001,0.4218853653100817,0.4219452084998795,3.39084138579694,378
8,B,516,False,5.817966179854053,1.5977244711695595,1.5977402740393178,3.7078532269466855,295
8,B,538,False,6.735946194864046,1.0981478987964763,1.0981708906833678,3.917058542773707,184
8,B,593,False,6.458122978997966,1.5156912374741358,1.515707895628001,3.9869154373129834,97
8,B,829,False,6.186660803679061,1.4735655240529053,1.4735826584180811,3.830121731048571,246
8,B,215,False,6.054219579754734,1.5921781037923364,1.5921939617109926,3.823206770732863,250
8,B,725,False,6.279782071253402,1.526843128146866,1.5268596646327692,3.9033208679430857,198
8,B,747,False,6.438037000578242,1.5857936143252176,1.5858095360880584,4.01192326833315,63
8,B,822,False,5.962887813970989,1.6520953877567384,1.6521106705545707,3.8074992422627796,262
8,B,819,False,6.617950558676221,0.190066973601365,0.1901997685781129,3.404075163627167,377
8,B,745,False,6.388072039728998,1.5870539601156648,1.587069869234496,3.987570954481747,95
8,B,22,True,6.436945173815413,1.693892543000847,1.6939074486957846,4.065426311255599,15
8,B,419,False,6.310673285106002,0.13546472461859924,0.13565098277999554,3.2231621339429988,390
8,B,683,False,6.238403131152824,1.6534225715824575,1.6534378421130722,3.945920486632948,156
8,B,776,False,7.380206515706786,0.5113076775381598,0.5113570559038493,3.9457817858053175,157
8,B,752,False,6.30992162496149,1.6536226953505426,1.6536379640331131,3.9817797944973012,108
8,B,19,False,6.229685471825821,1.6155893922187186,1.615605020344649,3.922645246085235,179
8,B,166,True,6.954011134231958,1.2656284625163825,1.265648411939417,4.109829773085687,5
8,B,446,False,6.340996311255951,1.6977965854762418,1.6978114568961922,4.0194038840760715,53
8,B,652,False,5.862180228440901,1.591646607463992,1.5916624706780078,3.7269213495594546,288
8,B,854,False,6.249551283623518,0.25461229261517737,0.25471143881644265,3.2521313612199805,388
8,B,797,False,6.617052512602346,1.387530245261818,1.3875484420478825,4.0023004773251145,75
8,B,501,False,6.327568242683794,0.6530479768273392,0.653086638625739,3.4903274406547666,355
8,B,824,True,6.6738669610481995,1.5667322949328457,1.5667484104024891,4.1203076857253444,4
8,B,300,False,6.405870346477373,1.6560432452841203,1.6560584916494787,4.030964419063426,38
8,B,849,False,6.178698127070217,1.571379560376255,1.5713956281858041,3.8750468776280105,223
8,B,165,False,7.319391916232012,0.48120941078575147,0.48126187729962133,3.9003268967658165,200
8,B,469,False,6.262416108595107,1.0369346431939817,1.036958992327573,3.64968755046134,312
8,B,806,False,6.702619020369667,1.2109130706537063,1.210933921480926,3.9567764709252966,146
8,B,773,False,6.064360293925027,1.449126713562741,1.449144136887127,3.756752215406077,276
8,B,451,False,6.2636995687962695,1.6905366753221525,1.6905516106059768,3.977125589701123,117
8,B,222,False,6.2224216334688585,1.6563684939739807,1.6563837373455519,3.939402685407205,166
8,B,309,False,6.144065862680908,1.6801161347330404,1.6801311626487612,3.912098512664835,185
8,B,236,False,6.041174275159196,1.3756796744816968,1.375698028018959,3.708436151589077,294
8,B,592,True,6.444617220651007,1.6297456140177125,1.6297611063966264,4.037189163523816,28
8,B,830,False,6.34456320774832,1.6927352067219252,1.6927501226079131,4.018656665178116,54
8,B,255,False,5.5275452564350305,1.535312868164239,1.5353293134255879,3.531437284930309,340
8,B,589,False,6.440378620566348,1.5088527961168794,1.5088695297682007,3.974624075167274,122
8,B,163,True,6.8932402644055575,1.2814191197928788,1.2814388233871885,4.087339543896373,7
8,B,606,False,5.901119050632661,1.564623595956284,1.5646397331450963,3.7328793918888787,283
8,B,16,False,6.195187507244174,1.6255824663473502,1.6255979984021631,3.910392752823169,187
8,B,700,False,6.234779344536154,1.6138948938029263,1.6139105383373467,3.9243449414367504,177
8,B,434,False,6.184878066626061,1.55855121897424,1.5585674190355947,3.871722742830828,224
8,B,781,False,4.792388258548545,1.1487834750441888,1.1488054535245678,2.9705968560365563,404
8,B,284,False,5.880621504331005,1.653548041567825,1.6535633109397339,3.7670924076353693,273
8,B,135,False,6.618419048017345,1.413419736676316,1.4134376001576199,4.015928324087483,57
8,B,653,False,5.831752608190019,1.5248830324137508,1.5248995901555424,3.678326099172781,305
8,B,834,False,6.18465792732429,1.6328835636503976,1.6328990262575354,3.9087784767909124,191
8,B,523,False,6.371363986975453,1.684531868032259,1.6845468565550314,4.027955421765242,43
8,B,718,False,6.323061485842261,1.694145392126083,1.6941602955963833,4.008610890719322,66
8,B,350,False,5.281181374099688,0.7801549203079912,0.7801872834095374,3.030684328754613,401
8,B,187,False,6.689283011290061,1.0355819973325977,1.0356063782695422,3.8624446947798017,232
8,B,199,False,5.947007121972142,1.5147558862380894,1.5147725546781357,3.7308898383251385,285
8,B,575,False,6.310954889350768,1.6092898293198765,1.60930551862149,3.960130203986129,143
8,B,787,False,6.312767207475941,1.6598697834499447,1.659884994667809,3.9863261010718753,99
8,B,684,False,6.384644881110315,1.6201677595489303,1.6201833435123898,4.002414112311352,74
8,B,534,False,6.151623996954729,1.6838365876042944,1.6838515823159892,3.917737789635359,182
8,B,53,False,6.202905474845645,1.5910490848439613,1.5910649540153894,3.8969852144305173,202
8,B,670,False,4.890892200659296,0.820052808843822,0.8200835974495696,2.855487899054433,409
8,B,285,True,8.193053115755719,1.396663089524455,1.3966811673224429,4.794867141539081,1
8,B,231,False,6.412606273303978,1.6364142815282132,1.6364297107736354,4.024517992038807,48
8,B,761,False,6.203162469210131,1.6157134785602212,1.6157291054859275,3.9094457873480293,188
8,B,277,False,5.620343315913817,1.6305796086793523,1.6305950931344346,3.625469204524126,317
8,B,807,False,6.598321933226177,1.4596477170783764,1.459665014818572,4.028993474022374,41
8,B,777,False,6.151817999625508,1.6832265698647821,1.6832415700106584,3.9175297848180834,183
8,B,98,False,5.76204261791332,1.0606196766796208,1.0606434820773514,3.4113430499953354,374
8,B,680,False,6.291409970699307,1.6786517183943839,1.6786667594199878,3.9850383650596477,102
8,B,512,False,6.440295342938684,1.4694126785520296,1.4694298613416823,3.9548626021401834,147
8,B,727,False,5.443773245858876,0.2354032655554825,0.23551049859267575,2.839641872225776,410
8,B,219,False,6.275911391627795,1.6555671828199838,1.6555824335694322,3.965746912598614,131
8,B,232,False,6.347934759981243,1.5802253921098965,1.5802413699755053,3.964088064978374,134
8,B,267,False,6.398085099074304,1.6615003063242462,1.6615155026146309,4.029800300844467,39
8,B,272,False,6.013195298596667,1.6410033177639258,1.641018703862146,3.8271070012294066,248
8,B,734,False,5.43552393178037,1.4370203583305747,1.4370379284381185,3.4362809301092443,368
8,B,742,False,6.38283336377525,1.5912274185359563,1.5912432859288956,3.9870383248520724,96
8,B,246,False,6.3959633783861785,1.6310015716147652,1.6310170520638403,4.013490215225009,61
8,B,810,False,6.737707018496876,1.2284866707265276,1.2285072232860228,3.9831071208914497,103
8,B,639,False,4.758361835188456,0.43407615538275024,0.4341343181378952,2.5962480766631755,415
8,B,559,False,6.635462331575202,0.7529371674668153,0.7529707004034997,3.694216515989351,302
8,B,223,False,6.41036491996738,1.660665487543867,1.6606806914733774,4.035522805720379,32
8,B,47,False,5.438227075659899,0.18478594362048445,0.18492253100392764,2.8115748033319132,412
8,B,249,False,7.408690049033191,0.25789554808803616,0.25799343254589696,3.833341740789544,241
8,B,552,False,6.203550499383988,1.5911221458181888,1.591138014260945,3.8973442568224668,201
8,B,498,False,6.200938497348968,0.7214764413560227,0.721511436461638,3.461224966905303,363
8,B,550,False,6.192322575343959,1.5874375463182528,1.5874534515928649,3.889888013468412,214
8,B,515,False,6.382489153601059,1.485117709918885,1.4851347110036515,3.933811932302355,170
8,B,260,False,5.43572560904023,1.6146010675097742,1.6146167052018532,3.525171157121042,345
8,B,122,False,7.052966767885408,0.8259258534182631,0.8259564230986233,3.939461595492016,165
8,B,480,False,6.33224779718744,1.5572530587264946,1.5572692722924346,3.9447585347399374,158
8,B,103,False,6.099883642769726,1.530485156512282,1.53050165364746,3.8151926482085927,258
8,B,521,False,5.774255338007661,1.5299035876566625,1.5299200910629,3.6520877145352806,311
8,B,142,True,6.73112406217591,1.5099895033319337,1.5100062243864447,4.120565143281177,3
8,B,220,False,6.275911391627795,1.6555671828199838,1.6555824335694322,3.965746912598614,132
8,B,336,False,5.284484136122831,1.6100506777122179,1.6100663595997395,3.4472752478612856,365
8,B,192,False,4.702206011813985,0.10429484332455917,0.10453665317619491,2.40337133249509,420
8,B,83,False,5.947597624792911,1.1239614803058762,1.1239839441578168,3.5357907844753638,337
8,B,164,False,7.335322394019233,0.43662659407689375,0.4366844171348163,3.8860034055770245,219
8,B,513,False,6.342975649702389,1.4706573663282423,1.470674534575447,3.906825092138918,194
8,B,115,False,6.161327211053281,1.6491063732190705,1.6491216837168026,3.9052244473850415,197
8,B,551,False,6.198809410863415,1.5861634707539722,1.5861793888042655,3.8924943998338404,208
8,B,743,False,6.388264032499355,1.5913703051493733,1.5913861711176187,3.9898251018084867,92
8,B,131,False,6.183550752838874,1.4938980121890697,1.493914913352042,3.838732833095458,239
8,B,203,False,4.789370852941836,0.9942834146164623,0.9943088082153138,2.891839830578575,407
8,B,741,False,5.853561035373007,1.6072766966130592,1.6072924055655131,3.73042672046926,286
8,B,159,False,6.247301922836099,1.6798393518191892,1.6798543822109997,3.9635781525235494,135
8,B,651,False,6.217610465255522,1.6305089737765583,1.6305244589024326,3.9240674620789773,178
8,B,335,True,6.716247866544777,1.4297199188013827,1.4297375786243496,4.072992722584564,9
8,B,374,False,6.3067749856286595,1.4620184477935416,1.4620357174849807,3.88440535155682,220
8,B,279,False,5.5989204628074605,1.6174835717333564,1.6174991815579016,3.608209822182681,322
8,B,218,False,6.350218363570724,1.6596407977079046,1.6596560110244882,4.004937187297606,69
8,B,454,False,6.16034777810079,1.5697951475893062,1.5698112316161192,3.8650795048584543,230
8,B,407,False,5.804966814316838,1.6246106256591555,1.6246261670051416,3.71479649066099,292
8,B,463,False,6.240707393088466,1.6762023705540494,1.676217433558129,3.9584624133232977,145
8,B,816,True,6.386843743752731,1.6975192247643938,1.6975340986141911,4.042188921183461,24
8,B,832,False,5.669840926171968,1.415368685919521,1.4153865248032909,3.5426137254876293,334
8,B,360,False,6.445490102576394,1.125699322796574,1.1257217519697533,3.7856059272730738,270
8,B,239,False,5.014778708864232,1.1047217319243832,1.10474458699701,3.059761647930621,397
8,B,566,False,6.297105619992989,1.69597426902093,1.6959891564200118,3.9965473882065004,82
8,B,234,False,6.001747425667308,1.604694703894616,1.604710438122908,3.8032289318951076,265
8,B,793,False,6.419862133161927,1.0382893880319175,1.0383137053958593,3.7290879192788933,287
8,B,586,False,6.033497451449707,1.364372854605945,1.364391360240441,3.698944405845074,299
8,B,259,False,5.378116282327272,1.5611892905276181,1.561205463214664,3.469660872770968,361
8,B,216,False,6.280056282992083,1.6537313935397624,1.653746661218746,3.9669014721054143,129
8,B,775,False,7.3911603380159425,0.4742048917743542,0.4742581331889973,3.93270923560247,171
8,B,319,False,4.703695934424641,0.31821702221167714,0.31829635677847895,2.51099614560156,417
8,B,324,False,4.723310036780134,1.1179809104011922,1.1180034944197017,2.920656765599918,405
8,B,369,False,7.161780782523375,0.42704054509076916,0.42709966596171317,3.7944402242425443,268
8,B,494,False,6.333001231256171,1.5448005986286448,1.5448169428888994,3.938909087072535,168
8,B,221,False,6.30434057803792,1.6562225209451054,1.6562377656601561,3.980289171849038,111
8,B,299,False,6.379600954272366,1.6097922731896457,1.609807957594406,3.9947044559333857,86
8,B,576,False,6.4162312203860585,1.5859593326576162,1.585975252756794,4.001103236571426,77
8,B,801,False,6.3156683987106055,1.1660737873165072,1.1660954399104082,3.7408819193105067,279
8,B,162,False,7.191037067195634,0.6633436076089554,0.6633816693795883,3.927209368287611,175
8,B,136,True,6.660441761612229,1.4163498231096663,1.416367649636198,4.038404705624213,26
8,B,638,False,4.841592805638255,0.6965032895096608,0.6965395393019438,2.7690661724700996,413
8,B,237,False,6.076930428955425,1.4563226729296088,1.4563400101631576,3.766635219559291,274
8,B,453,False,6.329779471140255,1.657883414301995,1.6578986437447936,3.9938390574425244,87
8,B,442,False,5.7671933320635995,1.625773355323694,1.6257888855548397,3.6964911088092194,300
8,B,473,False,5.517225090592037,1.475280269562696,1.4752973840125139,3.4962612373022752,353
8,B,565,False,6.21219896497525,1.6813601082723673,1.6813751250696116,3.9467870450224307,154
8,B,800,False,6.255639240589176,0.295468924391596,0.29555436520936784,3.2755968028992717,387
8,B,794,False,6.415233113405701,1.3161753991848861,1.316194582473534,3.865713847939617,229
8,B,331,False,6.145469516755342,1.6449331642231906,1.6449485135634196,3.895209015159381,203
8,B,21,False,6.010762423983683,1.6067568226150781,1.6067725366501904,3.808767480316937,260
8,B,780,False,6.01617186016471,1.6193671031005425,1.6193826947690373,3.817777277466874,257
8,B,792,False,6.466656861958333,1.0782522846691047,1.0782757007868302,3.7724662813725813,271
8,B,15,False,6.009140512196091,1.6057605374533641,1.6057762612380664,3.807458386717079,263
8,B,567,False,7.57928913545944,0.42618088271214566,0.4262401228210331,4.002764629140237,71
8,B,186,False,5.458297078482346,1.2712408101749073,1.271260671525451,3.3647788750038985,381
8,B,327,False,6.461328124814355,1.313768899633154,1.3137881180603261,3.8875581214373405,215
8,B,758,False,5.473449139531727,1.5765237303848703,1.5765397457659647,3.524994442648846,346
8,B,458,False,5.329432961027345,1.5362347190209629,1.5362511544140829,3.4328420577207144,369
8,B,549,False,6.1782463968299535,1.6039688342753688,1.6039845756240525,3.8911154862270028,211
8,B,258,False,5.3622507843093254,1.5630922482719025,1.5631084012700132,3.4626795927896694,362
8,B,134,False,6.119757651479932,1.3166826466471124,1.3167018225455718,3.718229737012752,291
8,B,678,False,6.281008095053073,1.674957499073863,1.6749725732730536,3.977990334163063,115
8,B,205,False,6.206600792907554,1.4327902245137591,1.4328078464942093,3.8197043197008815,253
8,B,304,False,6.266376939272823,1.663060329290957,1.6630755113266902,3.964726225299757,133
8,B,698,False,6.129266104874219,1.677102181239232,1.6771172361616749,3.903191670517947,199
8,B,635,False,6.226940049284436,1.6568669932803683,1.6568822320657295,3.941911140675083,164
8,B,759,False,5.4698826422521165,1.5731053826222448,1.5731214328043035,3.52150203752821,347
8,B,57,False,5.926065797281629,1.6559047781428624,1.6559200257831137,3.790992911532371,269
8,B,206,False,6.4214395284442345,1.5326578231885584,1.5326742969379619,3.977056912691098,118
8,B,770,False,6.175941057246021,1.6076582151391485,1.607673920363697,3.891807488804859,210
8,B,585,False,6.433842180520435,1.631464724396721,1.6314802004511286,4.032661190485782,37
8,B,455,False,6.171639900891127,1.564745591155204,1.5647617270858953,3.868200813988511,226
8,B,55,False,6.435230359099021,1.6319621059145,1.6319775772522354,4.033603968175628,34
8,B,657,False,5.453960873901794,1.5506552866657934,1.5506715692169506,3.502316221559372,352
8,B,366,False,6.584380692936564,1.2736634629101535,1.2736832864827385,3.9290319897096513,173
8,B,757,False,6.249682696247868,1.6718618989122056,1.6718770010223574,3.960779848635113,142
8,B,441,False,6.2022981720915515,1.6856645997440889,1.6856795781949738,3.943988875143263,161
8,B,65,True,6.4976388670781375,1.6396361294434525,1.6396515283710413,4.06864519772459,12
8,B,754,False,6.300816861399834,1.6516487595884197,1.651664046518889,3.9762404539593614,120
8,B,6,False,5.631924229121648,0.399192535360387,0.3992557799213927,3.01559000452152,402
8,B,156,False,6.249428884252092,1.6888695719444247,1.688884521970916,3.969156703111504,126
8,B,836,False,5.627481655036264,1.5711103814362761,1.571126451998701,3.5993040535174825,324
8,B,105,False,5.720540815244135,1.1777759160918309,1.1777973535541406,3.449169084399138,364
8,B,243,False,6.308782272175441,1.6879585559121126,1.6879735140072816,3.9983778930913614,80
8,B,472,False,5.455779678952584,0.3383103849349533,0.3383850086336893,2.8970823437931363,406
8,B,70,False,5.525126263652085,0.8916480847401858,0.8916764012432017,3.2084013324476435,392
8,B,394,True,6.51683216637365,1.6003770845968877,1.6003928612737621,4.058612513823706,18
8,B,838,False,6.360817602124229,0.45633522059135506,0.45639054664327394,3.408604074383751,375
8,B,828,False,6.251178395270376,1.5674875413057532,1.567503649010726,3.909341022140551,189
8,B,495,False,6.195866887030153,0.9816953446729272,0.9817210638800021,3.5887939754550775,325
8,B,364,False,6.347906667417837,1.5870167041560155,1.5870326136483168,3.9674696405330767,128
8,B,240,False,4.722108149164475,0.1048372548332959,0.10507781647030519,2.41359298281739,419
8,B,522,False,6.190117942610711,1.595900945317786,1.5959167662442137,3.8930173544274624,206
8,B,276,False,5.643561002918183,1.6277722562175243,1.627787767377761,3.635674385147972,315
8,B,702,False,6.137881835316248,1.5956240036029157,1.595639827275248,3.866760831295748,228
8,B,282,False,6.3014172909898925,1.6517378067402348,1.6517530928465753,3.976585191918234,119
8,B,362,False,5.272548057763676,1.5735350410666094,1.5735510868661626,3.4230495723149192,370
8,B,841,False,6.135585939988017,1.600728045450451,1.6007438186683112,3.868164879328164,227
8,B,771,False,6.376595728661535,1.6889355381357898,1.6889504875783705,4.032773108119953,35
8,B,848,False,6.295245787671883,1.6614973992290518,1.661512595546025,3.978379191608954,114
8,B,244,False,6.081343499591345,1.5853039636565431,1.5853198903370675,3.833331694964206,243
8,B,217,False,6.272897040984698,1.6534425277109812,1.6534577980572909,3.9631774195209943,136
8,B,18,False,6.229685471825821,1.6155893922187186,1.615605020344649,3.922645246085235,180
8,B,126,False,5.4557327581178665,1.5975579272428062,1.5975737317599827,3.5266532449389247,344
8,B,460,False,5.312567472323571,1.5294453245415398,1.5294618328925904,3.421014652608081,371
8,B,291,False,5.869573118572129,1.4688454930882866,1.468862682512888,3.6692179005425087,310
8,B,288,True,7.401176203806166,1.5333565835033316,1.5333730497456237,4.467274626775895,2
8,B,471,False,6.250691240951354,0.7894567836267447,0.7894887654219472,3.5200900031866507,349
8,B,25,False,6.266613129112288,1.6879570746889507,1.6879720327972456,3.9772925809547672,116
8,B,474,False,5.446846180200838,1.6405786171152366,1.6405940071964566,3.5437200936986475,332
8,B,626,False,6.3102181486432976,1.6947045228729374,1.6947194214262065,4.002468785034752,72
8,B,44,False,6.150712066722123,1.6705862728242287,1.6706013864659437,3.9106567265940333,186
8,B,143,True,6.837668481476135,1.3077284116808496,1.3077477188779583,4.072708100177047,10
8,B,833,False,6.342173485156176,1.6225097652329286,1.6225253267019897,3.982349405929083,106
8,B,195,True,6.422620430248958,1.6628389763311267,1.662854160387836,4.042737295318397,22
8,B,802,False,6.238019236004549,0.9211909424856084,0.921218350897717,3.5796187934511328,326
8,B,50,False,5.514112638065901,1.4746091387238431,1.4746262609627772,3.4943694495143394,354
8,B,647,False,6.432066901503564,1.5866280516614664,1.5866439650508384,4.009355433277201,65
8,B,478,False,6.149458895387949,1.5125916015549306,1.5126082938446739,3.8310335946163114,244
8,B,393,True,6.492805335041823,1.629118364396542,1.6291338627403364,4.06096959889108,16
8,B,49,False,5.21468780058429,1.348026686339566,1.3480454163702411,3.2813666084772657,386
8,B,837,True,6.519745279743525,1.5931348468142805,1.5931506952096988,4.056447987476612,19
8,B,420,False,5.565461809837842,1.559734267812507,1.5597504555863426,3.5626061327120926,329
8,B,591,False,6.421261009950227,1.5899635783606332,1.589979458366219,4.005620234158223,68
8,B,4,False,6.047893283923525,1.6726299122703887,1.6726450074462405,3.8602691456848826,234
8,B,506,False,7.05150751567239,0.7343355976866657,0.7343699800121314,3.8929387478422606,207
8,B,772,False,6.258820121766639,1.5966518335924442,1.5966676470785335,3.9277438844225863,174
8,B,640,False,4.841592805638255,0.6965032895096608,0.6965395393019438,2.7690661724700996,414
8,B,696,False,5.940470598419425,1.538533003034279,1.5385494138762208,3.739510006147823,281
8,B,17,False,5.5334048982994,1.5418445103449065,1.5418608859407228,3.5376328921200617,336
8,B,656,False,5.503538658473323,1.5528268273431725,1.5528430871243393,3.528190872798831,343
8,B,499,False,6.237780972847295,0.7907452420633554,0.7907771717487931,3.514279072298044,350
8,B,295,False,6.607029060194451,0.6305764279500907,0.6306164674344317,3.6188227638144412,318
8,B,729,True,6.461185590610964,1.6702673122014249,1.6702824287292728,4.065734009670118,14
8,B,605,False,6.103158220914999,1.6592298026591057,1.6592450197440283,3.8812016203295134,222
8,B,257,False,5.268880132028151,1.5539190450010476,1.553935293353669,3.4114077126909104,373
8,B,160,False,6.320960975217739,1.4903069507416853,1.4903238926294398,3.9056424339235893,196
8,B,23,False,5.588922168032019,1.4991908373100602,1.4992076788049162,3.5440649234184676,331
8,B,560,False,7.191197519303382,0.17372211863968795,0.17386739780029933,3.6825324585518406,304
8,B,248,False,7.408690049033191,0.25789554808803616,0.25799343254589696,3.833341740789544,242
8,B,337,False,5.444284733048137,1.6136605501720367,1.6136761969784104,3.528980465013274,342
8,B,744,False,6.3905257050952144,1.5901922875615353,1.590208165283204,3.9903669351892095,90
8,B,12,False,6.372580658127099,1.6825738237580221,1.682588829723078,4.027584743925089,44
8,B,622,False,5.886822454007794,1.4584738991436854,1.4584912108053893,3.6726568324065916,308
8,B,817,True,6.387732127422081,1.6973160840886397,1.697330959718575,4.042531543570328,23
8,B,72,False,6.307289992118461,1.6975609463330905,1.697575819817331,4.002432905967896,73
8,B,73,False,5.8272164991430895,1.3123195070516194,1.3123387467042915,3.5697776229236906,328
8,B,214,False,6.055775180969986,1.5949082459904087,1.5949240767639654,3.825349628866976,249
8,B,1,False,6.362261846702461,1.5747370867050101,1.5747531202564318,3.9685074834794465,127
8,B,363,False,6.18100936863203,1.6361855034680706,1.6362009348708517,3.908605151751441,193
8,B,88,False,5.754745068259816,1.0846293301598116,1.0846526086061412,3.4196988384329785,372
8,B,750,False,6.392263084099504,1.5882060002833114,1.5882218978622287,3.9902424909808665,91
8,B,91,False,5.751081433993836,1.1949530565318844,1.1949741858417189,3.4730278099177774,360
8,B,482,False,6.3374807516306015,1.6114050678430627,1.6114207365500455,3.9744507440903236,123
8,B,86,False,5.51882492621524,0.5558068938096555,0.5558523191635737,3.037338622689407,400
8,B,533,False,6.151932057846816,1.683932844810923,1.6839478386654954,3.9179399482561554,181
8,B,179,False,6.050645388235495,1.66458551118829,1.6646006793135601,3.8576230337745274,235
8,B,184,False,5.7829712360256424,1.6093927574026368,1.6094084457008568,3.6961898408632496,301
8,B,795,False,6.507574145745496,1.136050292603074,1.1360725174198678,3.8218233315826815,252
8,B,365,False,6.496279181227165,1.1050301659196855,1.1050530146131783,3.8006660979201716,266
8,B,558,False,6.640154656718785,1.0218836418164516,1.0219083495721324,3.831031503145459,245
8,B,503,False,5.438365956442034,0.3276800778708352,0.3277571218854326,2.8830615391637333,408
8,B,212,False,5.847706710550108,1.5920631573636583,1.5920790164272394,3.7198928634886737,290
8,B,823,False,5.902116428628137,1.637957731972772,1.637973146679326,3.7700447876537315,272
8,B,856,False,6.426196149447668,1.5331176595809128,1.5331341283893074,3.9796651389184876,113
8,B,490,False,6.202884848006999,1.5850752582827234,1.5850911872612339,3.8939880176341166,204
8,B,483,False,6.367744312889189,1.6110847781163584,1.611100449938309,3.9894223814137493,93
8,B,66,False,6.364576889634391,1.625023011862057,1.625038549264114,3.9948077194492524,85
8,B,484,False,6.409918173144229,1.614763653735183,1.61477928985276,4.012348731498495,62
8,B,661,True,6.388071219439758,1.697503048177435,1.6975179221689733,4.042794570804365,21
8,B,316,False,4.761810359049603,0.3186294004790854,0.318708632394617,2.54025949572211,416
8,B,68,False,5.685324217933308,1.525291657061472,1.5253082103675037,3.605316214150406,323
8,B,467,False,6.213017322874222,0.9287948492111548,0.9288220332412219,3.570919678057722,327
8,B,535,False,7.205052733642422,0.4774042634812184,0.47745714813292967,3.8412549408876755,238
8,B,60,False,6.154134595898582,1.5317225743430116,1.5317390581509531,3.8429368270247677,237
8,B,851,False,6.173410417715907,1.6066808815479465,1.606696596325788,3.8900535070208475,213
8,B,519,False,4.431296886542473,0.32392259052636907,0.32400052803429114,2.377648707288382,421
8,B,20,False,6.401252955617158,1.6281999381595975,1.628215445245531,4.014734200431345,59
8,B,349,False,6.696009519283502,1.076569415021308,1.0765928677417973,3.8863011935126495,218
8,B,630,False,5.8443417025307935,1.607457599374946,1.6074733065595368,3.725907504545165,289
8,B,94,False,5.972989229432767,1.0907262467238832,1.0907493950516567,3.531869312242212,338
8,B,101,False,5.806170608939211,1.2350928551550666,1.235113297786191,3.520641953362701,348
8,B,201,False,7.092960306490704,0.894413168317135,0.8944413972822822,3.993700851886493,88
8,B,686,False,6.257620774896182,1.637141075150747,1.637156497546563,3.9473886362213726,153
8,B,658,False,6.255861230108721,1.5615365950544824,1.5615527641445652,3.908706997126643,192
8,B,662,False,6.357125228891784,1.6978955448017072,1.6979104153549067,4.027517822123345,45
8,B,396,False,5.775145412260805,1.626154913594233,1.626170440181426,3.7006579262211154,297
8,B,610,False,6.332053314217923,1.5628911400680439,1.562907295144653,3.947480304681288,152
8,B,600,False,6.276714048807933,1.68764730802157,1.6876622688753924,3.9821881588416628,107
8,B,323,False,5.538006549731297,1.4820662398858304,1.4820832759742313,3.510044912852764,351
8,B,634,False,6.311765772669438,1.681782362352331,1.6817973753792617,3.9967815740243497,81
8,B,812,False,5.996081316938793,1.6613317944745516,1.6613469923063091,3.828714154622551,247
8,B,229,False,6.393153638397974,1.6388792425896015,1.6388946486288407,4.016024143513407,56
8,B,760,False,6.448533434510642,1.5500908835285658,1.5501071720082955,3.9993203032594686,78
8,B,332,False,6.017890463386026,1.621158534486701,1.6211741089260752,3.8195322861560506,255
8,B,796,False,6.606794046298018,1.391649244846921,1.391667387774892,3.999230717036455,79
8,B,130,False,6.375353082216506,1.671507590889983,1.6715226962012872,4.023437889208896,49
8,B,456,False,5.98992658809807,1.6303577865191383,1.6303732730809746,3.8101499305895223,259
8,B,125,False,5.478190882355786,1.585427424449325,1.5854433498896154,3.531817116122701,339
8,B,477,False,5.774142192598464,1.6076320369088342,1.6076477423891196,3.690894967493792,303
8,B,505,False,7.367172498596435,0.6251346658915722,0.6251750538949498,3.9961737762456924,83
8,B,198,False,6.3266702896679,1.6929755037283207,1.692990417497201,4.009830353582551,64
8,B,329,False,6.047130561198137,0.3545151109031018,0.3545863242876469,3.200858442742892,393
8,B,99,False,5.545170581452458,0.6677150895324142,0.667752902129572,3.106461741791015,396
8,B,368,False,6.389915531860808,1.0340591707744582,1.0340835876155978,3.711999559738203,293
8,B,598,False,6.350558153589011,1.6203312209418406,1.620346803333182,3.9854524784610965,101
8,B,262,False,6.143143159387762,1.6319537215017188,1.6319691929189395,3.8875561761533506,216
8,B,659,False,6.3099615200737835,1.5655068943647232,1.5655230224486212,3.9377422712612025,169
8,B,804,False,6.8391900415259075,0.39799086102626435,0.3980542965144491,3.6186221690201785,319
8,B,769,False,6.133945809237293,1.6077908514624955,1.6078065553914382,3.8708761823143654,225
8,B,726,False,6.240959395356645,1.3529173522234088,1.3529360145477631,3.7969477049522045,267
8,B,193,True,6.409658954012775,1.6664133567445452,1.666428508232444,4.03804373112261,27
8,B,517,False,5.723484078326902,1.5072366023814074,1.507253353975845,3.615368716151374,320
8,B,717,True,6.426758769528592,1.6919596200451883,1.691974542768491,4.0593666561485415,17
8,B,0,False,6.388841793236257,1.5746342007915703,1.5746502353906067,3.981746014313432,109
8,B,79,False,5.736659829901027,0.9949128492953754,0.9949382268292982,3.3657990283651626,380
8,B,100,False,5.478815150585669,0.9623578405677295,0.9623840765595456,3.2205996135726074,391
8,B,825,False,6.391145914079427,1.6159799500371321,1.6159955743860184,4.003570744232722,70
8,B,371,False,6.3127976198263,1.611381494412744,1.6113971633489472,3.9620973915876236,140
8,B,492,False,6.337892292562062,1.545983226395965,1.5459995581535149,3.941945925357788,163
8,B,157,False,5.462521602254904,1.4894045445325266,1.4894214966849808,3.475971549469943,358
8,B,52,False,6.231755900144293,1.459951948705462,1.459969242841116,3.8458625714927046,236
8,B,273,False,6.194838030303351,1.5266851717596148,1.5267017099564244,3.8607698701298876,233
8,B,596,True,6.3978435727926035,1.6821357826259138,1.6821507924986039,4.039997182645604,25
8,B,720,False,6.236529530966516,1.5381554127397477,1.5381718276102214,3.8873506792883687,217
8,B,367,False,6.54259601875285,1.2760361183535893,1.2760559050668905,3.90932596190987,190
8,B,805,False,6.820874248430975,0.6859452445087046,0.6859820522268002,3.7534281503288875,277
8,B,344,False,5.283270388208004,1.6077966675210331,1.607812371393169,3.4455413798005865,367
8,B,590,False,6.453182513474668,1.5101610651924944,1.5101777843474309,3.9816801489110496,110
8,B,826,False,6.388453550901878,0.7174506830005448,0.7174858744610475,3.5529697126814628,330
8,B,625,False,6.644733836842003,0.8183996644718023,0.8184305152673282,3.731582176054666,284
8,B,597,False,6.367670847089842,1.6856523320651509,1.6856673106250437,4.026669078857443,47
8,B,721,False,6.079758952481685,1.5559556071516865,1.555971834237355,3.81786539335952,256
8,B,425,False,6.075221465968371,1.4488142883319324,1.4488317154134738,3.7620265906909225,275
8,B,80,False,5.488810393597019,0.621046755109573,0.6210874089412179,3.0549489012691184,399
8,B,695,False,5.932055719559941,1.5391368786619917,1.5391532830652586,3.7356045013126,282
8,B,511,False,6.449728381756575,1.5808183607979616,1.5808343326702958,4.015281357213436,58
8,B,230,False,6.405895506337006,1.637933365173431,1.6379487801093005,4.021922143223153,50
8,B,48,False,5.012630794132172,1.1068484397145486,1.106871250874155,3.0597510225031637,398
8,B,303,False,6.666283478622504,1.2990531508473968,1.299072586978778,3.9826780328006413,104
8,B,609,False,6.364313540670436,1.5580945664994885,1.5581107713087714,3.9612121559896036,141
8,B,190,False,6.020858297228579,1.623861241492889,1.6238767900108715,3.822367543619725,251
8,B,54,False,6.278995825211986,1.6715698073901952,1.6715849121392787,3.9752903686756325,121
8,B,674,False,5.3995971857301175,1.5550578628514575,1.555074099305023,3.4773356425175703,357
8,B,827,False,6.56975404929867,1.0411153394001045,1.0411395907597503,3.8054468200292098,264
8,B,235,False,6.030866471230658,1.6083137130769516,1.6083294119006084,3.819597941565633,254
8,B,422,False,5.942009325466683,1.5503345565825266,1.5503508425021495,3.746180083984416,278
8,B,224,False,6.308645100094521,1.6637128286421967,1.6637280047236702,3.986186552409096,100
8,B,603,False,6.215401929211453,1.6898141833237523,1.6898291249932065,3.9526155271023296,149
8,B,145,False,6.313037760066125,1.6118764308598263,1.6118920949848343,3.9624649275254797,139
8,B,814,False,6.297158123816748,0.06917919470932712,0.06954321313986515,3.183350668478307,395
8,B,574,False,6.333673400655337,1.5915882268138875,1.5916040906097724,3.9626387456325545,138
8,B,204,False,6.402587962755218,1.3783407935320575,1.3783591116351963,3.8904735371952075,212
8,B,173,False,6.007763136286916,1.3331035707248555,1.3331225104215088,3.6704428233542123,309
8,B,155,False,5.7440621271508014,1.6032761897070338,1.6032919378562003,3.673677032503501,307
8,B,117,False,5.837557089507499,1.6427944548999334,1.6428098242228633,3.740183456865181,280
8,B,242,False,6.381839575562038,1.6596575215215243,1.6596727346848097,4.020756155123424,52
8,B,325,False,6.808516446261026,1.1403397399239903,1.1403618811426046,3.9744391637018155,124
8,B,191,False,6.0464494961265896,1.6255671417594735,1.6255826739607093,3.8360160850436493,240
8,B,397,False,6.330060154836891,1.6537822104909263,1.6537974777007733,3.9919288162688322,89
8,B,106,False,5.683061378002468,1.2102085019225497,1.2102293648886593,3.4466453714455634,366
8,B,602,True,7.908259878896028,0.26196858372143084,0.26206494685516035,4.085162412875595,8
8,B,225,False,6.392869200751747,1.6666753549434612,1.6666905040495965,4.029779852400671,40
8,B,251,False,7.364181957147078,0.5386275387782691,0.5386744128353614,3.95142818499122,150
8,B,375,False,5.831219065402437,1.5236092748775496,1.5236258464616825,3.67742245593206,306
8,B,253,False,7.339422579015681,0.5781091834383072,0.5781528565084602,3.9587877177620703,144
8,B,172,True,7.010340827665192,1.1235410195298001,1.1235634917881803,4.066952159726686,13
8,B,318,False,5.243353099393613,1.357455151265868,1.3574737512053137,3.3004134252994635,384
8,B,507,False,7.445705613474803,0.31970920291389177,0.31978816729363474,3.882746890384219,221
8,B,379,False,6.347732070363255,1.6126812359449336,1.6126968922528697,3.9802144813080624,112
8,B,788,False,7.655541039740712,0.2908194465371467,0.29090625293616157,3.973223646338437,125
8,B,161,False,7.217044531066924,0.6692979395123956,0.6693356626900467,3.9431900968784857,162
8,B,436,True,6.431455063328406,1.6544153140127973,1.6544305753803175,4.042942819354362,20
8,B,808,False,6.721190195168245,1.1844264054724312,1.1844477225667367,3.952818958867491,148
8,B,722,False,6.059645804007854,1.5566802350128564,1.556696454544966,3.8081711292764098,261
8,B,296,False,6.236140520832518,1.652481517660275,1.6524967968870592,3.944318658859789,160
8,B,141,False,6.375819735754338,1.681267390775796,1.6812824084011702,4.028551072077754,42
8,B,557,False,7.162794321587067,0.6872482335420373,0.6872849714782336,3.9250396465326505,176
8,B,672,False,5.400702378318864,1.5644294877602607,1.5644456269512907,3.4825740026350775,356
8,B,61,False,6.195964271672008,1.5305087280179464,1.5305252248990533,3.8632447482855303,231
8,B,712,False,6.372558375799739,1.6979277332165903,1.6979426034878842,4.035250489643811,33
8,B,468,False,6.262479030219921,1.0225279670744676,1.0225526592614336,3.642515844740677,313
8,B,361,True,6.5307991700683665,1.6096301761370186,1.6096458621212542,4.070222516094811,11
8,B,268,False,6.355349935573184,1.6884333793500852,1.6884483332387563,4.02189913440597,51
8,B,459,False,5.2700598479022265,1.5386682686531472,1.5386846780524133,3.40437226297732,376
8,B,345,False,6.298667809011093,1.6932557843956444,1.6932706956959052,3.995969252353499,84
8,B,312,False,5.72696886908618,1.3493940754316125,1.3494127864827432,3.5381908277844616,335
8,B,58,False,4.833158415073981,0.12582131125314303,0.12602182302540307,2.479590119049692,418
8,B,663,False,6.357013510991292,1.697859139897711,1.697874010769757,4.027443760880525,46
8,B,502,False,5.4256742804102025,0.20758609422116953,0.20770768889760916,2.816690984653906,411
8,B,779,False,6.1431513282567725,1.644070363400366,1.6440857207957853,3.893618524526279,205
8,B,176,False,6.054040622713072,0.34289238708808145,0.34296601382082803,3.19850331826695,394
8,B,782,False,7.217933825854534,0.18462852963791843,0.18476523338941622,3.7013495296219747,296
8,B,756,False,7.401086977297224,0.41149931551199487,0.41156066889345244,3.906323823095338,195
8,B,790,False,6.260927026638127,1.5240089202244538,1.5240254874630186,3.8924762570505727,209
8,B,595,True,6.633930813342281,1.4399204469207345,1.4399379816414295,4.036934397491855,29
8,B,690,False,5.64704059482678,1.627453344446015,1.6274688586457515,3.637254726736266,314
8,B,573,False,6.415640920904416,1.5866575662883815,1.5866734793817396,4.001157200143077,76
8,B,343,False,5.4454264531244,1.6137091472288865,1.613724793564059,3.5295756233442295,341
8,B,97,False,5.6729869463870495,1.081404025120632,1.0814273729938086,3.377207159690429,379
8,B,520,False,5.731519672970319,1.5310312835656483,1.5310477748162734,3.6312837238932962,316
8,B,90,False,5.465726052697065,0.9967428531975905,0.9967681841399529,3.2312471184185085,389
8,B,423,False,6.195278949549867,1.683303549307571,1.683318548767479,3.9392987491586733,167
8,B,736,False,6.434126268732676,1.631278253704781,1.6312937315282325,4.0327100001304546,36
8,B,685,False,6.282323792895693,1.5794244179051076,1.5794404038734964,3.9308820983845947,172
8,B,618,False,5.238302838916985,1.3583139009187324,1.3583324890991342,3.2983176640080596,385
8,B,102,False,5.7677089245039355,1.1799931325862063,1.1800145297680846,3.47386172713601,359
8,B,508,False,6.604111518015154,1.4684884357332033,1.4685056293372987,4.0363085736762265,31
8,B,739,False,6.3109843076191705,1.6211168960622377,1.6211324709016377,3.966058389260404,130
8,B,475,False,5.672157760347272,1.5461425011697885,1.5461588312449517,3.609158295796112,321
8,B,310,True,6.633145066716391,1.544999456730484,1.5450157988870783,4.089080432801735,6
9,B,269,False,6.351862128137484,1.6435439406795194,1.6435593576331,3.997710742885292,55
9,B,491,False,6.416929835907078,1.5890218360898412,1.589037782020709,4.002983808963894,46
9,B,45,False,5.983705867517278,1.4670750833005393,1.467092354679912,3.725399111098595,247
9,B,14,False,6.32985884216983,1.6496736258994031,1.64968898556881,3.98977391386932,60
9,B,82,False,5.693137583000786,1.046091497256483,1.046115719101513,3.3696266510511497,343
9,B,132,False,6.257544725763909,1.3432633501080096,1.343282213409512,3.8004134695867102,221
9,B,577,True,6.51865330751747,1.5539159541566754,1.5539322603323529,4.036292783924911,18
9,B,636,False,4.927883830871414,1.184848157808531,1.1848695431064276,3.0563766869889206,370
9,B,391,False,6.042884921164765,0.5834090364267656,0.5834524667043338,3.3131686939345495,353
9,B,133,False,7.485896538303224,0.5229305661748017,0.5229790188514865,4.004437778577355,43
9,B,250,False,7.309972145774763,0.5659681041774689,0.5660128727027354,3.9379925092387493,109
9,B,679,False,6.110940424457094,1.63256709991766,1.6325826205287508,3.871761522492922,166
9,B,297,False,6.216816898721118,1.6140100741834238,1.614025773240485,3.915421335980801,126
9,B,7,False,5.573317175218492,1.566274122001565,1.5662902995200914,3.5698037373692912,294
9,B,746,False,6.326281845330209,1.5528520619010748,1.5528683792483458,3.9395751122892775,108
9,B,853,False,6.352588428800459,0.42089387993922917,0.42095407741137625,3.3867712531059175,342
9,B,516,False,5.86859316281322,1.570296694379132,1.5703128304567198,3.71945299663497,252
9,B,538,False,6.741635615159477,1.1108306021663352,1.1108534123943572,3.926244513776917,119
9,B,593,True,6.682126676073303,1.456734756435991,1.4567521504111778,4.0694394132422405,6
9,B,829,False,6.220940259387671,1.4072580365799479,1.4072760420890476,3.814108150738359,212
9,B,215,False,6.10451560718634,1.5667198790353418,1.5667360519511515,3.8356258295687455,193
9,B,725,False,6.217886177939128,1.504959971091228,1.5049768076970074,3.8614314928180677,173
9,B,747,False,6.341206322925153,1.5513887728484108,1.5514051055862432,3.946305714255698,98
9,B,822,False,6.0585564041833715,1.6154591483553868,1.6154748333304598,3.8370156187569155,192
9,B,819,False,6.616357284821867,0.18983786961828789,0.18997129746405053,3.403164291142959,338
9,B,745,False,6.272331672790702,1.5529160102130661,1.5529323268884039,3.9126319998395527,130
9,B,419,False,6.308843305151524,0.1353178635189528,0.1355049862783604,3.222174145714942,361
9,B,683,False,6.221487923409718,1.6148226865737694,1.6148383777308153,3.9181631505702668,125
9,B,776,False,7.371272304354261,0.5091134029890758,0.5091631705279575,3.940217737441109,105
9,B,752,False,6.135957900968609,1.593737232452795,1.5937531312048485,3.864855516086729,170
9,B,19,False,6.138341146518669,1.57953153391175,1.5795475756496133,3.858944361084141,176
9,B,446,True,6.3819203678774885,1.6519015164588713,1.6519168554131543,4.0169186116453215,29
9,B,652,False,5.844436825998182,1.5619915592435205,1.5620077811160127,3.703222303557097,262
9,B,854,False,6.260039140916813,0.2544077867176794,0.2545073654367452,3.257273253176779,357
9,B,797,False,6.620795199748325,1.3856364392176141,1.3856547256826406,4.003224962715483,45
9,B,501,False,6.320417441288036,0.6500732306221454,0.6501122074615103,3.4852648243747733,322
9,B,300,False,6.411059018305772,1.6163770010596836,1.6163926771281973,4.013725847716985,32
9,B,849,False,6.04141238279081,1.544600302657142,1.5446167071760877,3.793014544983449,224
9,B,165,True,7.619647500236591,0.46851002816812165,0.46856410832783474,4.044105804282213,12
9,B,469,False,6.230415973375067,1.0284793287973168,1.028503965418872,3.629459969396969,280
9,B,806,False,6.727890061550177,1.1942930740118776,1.1943142901898582,3.9611021758700176,84
9,B,773,False,6.0266360919213735,1.4209462511509174,1.4209640832121024,3.723800087566738,248
9,B,451,False,6.309770711195756,1.6467118720419878,1.6467272593368316,3.9782489852662937,67
9,B,222,False,6.261119727788424,1.6188496105420838,1.6188652626674096,3.9399924952279166,106
9,B,309,False,6.241911256810035,1.633643999944307,1.6336595103242904,3.9377853835671623,110
9,B,236,False,6.113116548779267,1.3551449702365765,1.3551636681509938,3.7341401084651302,246
9,B,830,True,6.388920373105956,1.6486321952227283,1.648647564594652,4.018783968850304,27
9,B,255,False,5.590457670728249,1.5175278572419144,1.5175445544115669,3.5540011125699076,302
9,B,589,True,6.671779149977231,1.4433117787427583,1.4433293344821025,4.057554242229667,8
9,B,606,False,5.957343146638583,1.5322054532462401,1.532221990468901,3.7447825685537417,242
9,B,16,False,6.311127688249202,1.5964130111095913,1.596428883213705,3.9537782857314534,90
9,B,700,False,6.219455022722855,1.5869095059503773,1.5869254731066091,3.903190247914732,140
9,B,434,False,6.262537251799857,1.5328207899911448,1.532837320575162,3.8976872861875096,146
9,B,781,False,4.86968349869231,1.159388403967743,1.1594102588703599,3.014546878781335,373
9,B,284,False,5.926415269416965,1.6144929883997383,1.614508682761069,3.770461976089017,231
9,B,135,False,6.733546786510496,0.16653576295001113,0.16668784436876916,3.4501173154396327,333
9,B,653,False,5.590023547550991,1.4956214216477581,1.4956383633788704,3.5428309554649307,306
9,B,834,False,6.304283134238259,1.5981776350297487,1.5981934896088912,3.951238311923575,92
9,B,523,False,6.321068541894178,1.6406275639148866,1.64064300827336,3.9808557750837688,65
9,B,718,True,6.754506770340637,1.6213127636916491,1.6213283920379664,4.187917581189302,1
9,B,350,False,5.308078552490153,0.7886079089823139,0.7886400390725937,3.0483592957813737,371
9,B,187,False,6.72820655780739,1.0274016680630238,1.0274263305257698,3.8778164441665797,162
9,B,199,False,6.068203156825468,1.4901617849315822,1.490178788732897,3.7791909727791824,230
9,B,575,False,6.434170587554937,1.5765262634147623,1.5765423357320532,4.005356461643495,38
9,B,787,False,6.341734991142286,1.6074136610193257,1.607429424500658,3.974582207821472,72
9,B,684,False,6.411610689950593,1.575734601594103,1.5757506819861737,3.9936806859683833,59
9,B,534,False,6.1228111898211885,1.638377184083489,1.638392649655237,3.8806019197382127,157
9,B,53,False,5.889516544154369,1.5418417503653625,1.5418581842337802,3.715687364194075,255
9,B,670,False,4.934959815888648,0.8381643024206608,0.8381945328927394,2.886577174390694,378
9,B,231,True,6.523140360831966,1.5683490988380155,1.56836525495338,4.045752807892673,11
9,B,761,False,6.174277343133453,1.5852654079606276,1.5852813916764241,3.8797793674049386,158
9,B,277,False,5.7173702254714796,1.5990899371277467,1.5991057826617305,3.658238004066605,274
9,B,807,True,6.668393751531184,1.4364639216483341,1.4364815610777175,4.052437656304451,9
9,B,777,False,6.18673839309169,1.640605202325416,1.6406206468943951,3.9136795199930425,129
9,B,98,False,5.791170689037864,1.0724809289271933,1.0725045547835683,3.4318376219107165,336
9,B,680,False,6.091158541692982,1.6277544501945287,1.627770016693715,3.8594642791933484,175
9,B,512,False,6.31818105467617,1.454481349758215,1.4544987706813106,3.8863399126787406,151
9,B,727,False,5.445041837567332,0.23467886802357932,0.23478681439934668,2.8399143259833393,380
9,B,219,False,6.312786188729328,1.6182551542089816,1.6182708120839662,3.965528500406647,77
9,B,232,False,6.436459220543267,1.5532781332735577,1.553294446144952,3.99487683334411,56
9,B,267,True,6.405881721385803,1.6223989420024214,1.622414559885833,4.014148140635818,30
9,B,272,False,6.0858172103944375,1.6068367026061987,1.6068524717475858,3.8463348410710116,187
9,B,734,False,5.548447276847122,1.4212738482869427,1.4212916762379706,3.484869476542546,323
9,B,742,False,6.2675880905572345,1.556535078194186,1.556551356932352,3.9120697237447932,133
9,B,246,False,6.320223503561901,1.5947357774727495,1.5947516662698864,3.957487584915894,87
9,B,810,False,6.7587942163369545,1.2115380974234125,1.211559011615739,3.9851766139763467,62
9,B,639,False,4.765312852335134,0.4325187191179489,0.43257729888009133,2.5989450756076127,385
9,B,559,False,6.564587278852865,0.7475824397561988,0.7476163329882481,3.6561018059205566,275
9,B,223,True,6.439125693688013,1.622748965895069,1.6227645804097648,4.030945137048889,19
9,B,47,False,5.44010563412302,0.1844100054968674,0.18454735773323705,2.8123264959281284,382
9,B,249,False,7.407060880349397,0.2572019252634488,0.25730042261564484,3.832180651482521,198
9,B,552,False,5.883619890292958,1.5410287326319272,1.541045175170452,3.712332532731705,258
9,B,498,False,6.201090001226175,0.7190073518081437,0.7190425919743033,3.4600662966002393,328
9,B,550,False,5.894238766789819,1.5403338756185823,1.5403503255743891,3.717294546182104,253
9,B,515,False,6.2386352243630245,1.4695623310048476,1.4695795731525958,3.8541073987578103,182
9,B,260,False,5.1596745689730845,1.570585138543798,1.5706012716579616,3.365137920315523,346
9,B,122,False,7.064644708071922,0.8200552406300832,0.820086138648757,3.94236542336034,103
9,B,480,False,6.355711878489619,1.534257495461245,1.5342740105659016,3.9449929445277605,101
9,B,103,False,6.116129484105709,1.5158257582599102,1.515842474178368,3.8159859791420385,210
9,B,521,False,5.851348873906065,1.5141123252414177,1.514129060076101,3.682738966991083,269
9,B,220,False,6.312786188729328,1.6182551542089816,1.6182708120839662,3.965528500406647,78
9,B,336,False,5.028490331166065,1.5670815663484716,1.5670977355315603,3.2977940333488127,354
9,B,192,False,4.703084931190809,0.10424947879483233,0.10449225305236222,2.403788592121586,390
9,B,83,False,5.969004361694384,1.1353756520366605,1.135397969152947,3.552201165423665,304
9,B,164,False,7.466667435456721,0.43530713623476164,0.4353653408068608,3.951016388131791,93
9,B,513,False,6.227545849212327,1.4554297237044893,1.4554471332760563,3.841496491244192,190
9,B,115,False,6.035363186788827,1.610959010051126,1.6109747388410125,3.82316896281492,204
9,B,551,False,5.892843050556898,1.537845556904427,1.5378620334768824,3.7153525420168902,256
9,B,743,False,6.2680978452372385,1.556533668317049,1.5565499470699595,3.912323896153599,131
9,B,131,False,6.237086035033247,1.4713003522154797,1.4713175739956208,3.854201804514434,181
9,B,203,False,4.863217176965399,1.0087430436717202,1.0087681623024443,2.935992669633922,376
9,B,741,False,5.904640155785007,1.5783966272412404,1.5784126805133973,3.741526418149202,244
9,B,159,False,6.096431582139674,1.6317641964341323,1.6317797246820094,3.864105653410842,171
9,B,651,False,6.275138897056195,1.5983098849125166,1.5983257381798077,3.9367323176180014,111
9,B,374,False,6.09273947266223,1.4439422065712286,1.4439597546457983,3.7683496136540144,232
9,B,279,False,5.666425773718163,1.5866626844060616,1.5866786540461222,3.6265522138821424,281
9,B,218,False,6.387297959455875,1.6217580948065284,1.6217737188613786,4.004535839158627,41
9,B,454,False,5.885980999113494,1.5243520251430804,1.524368647564222,3.705174823338858,261
9,B,407,False,5.858796045502166,1.5868781803080123,1.5868941477794394,3.722845096640803,250
9,B,463,False,6.227794283415568,1.6352087596685874,1.6352242552065588,3.9315092693110634,116
9,B,832,False,5.673063431082794,1.4056564341825593,1.4056744602068405,3.539368945644817,307
9,B,360,False,6.469473118827796,1.1132468576004941,1.1132696183208899,3.7913713685743433,226
9,B,239,False,5.062481563800807,1.1186312304015995,1.1186538815687188,3.0905677226847628,367
9,B,566,False,6.347546149672052,1.6507477398506805,1.6507630895259,3.999154619598976,50
9,B,234,False,6.068780399661264,1.570392381133165,1.5704085162275632,3.819594457944414,206
9,B,793,False,6.4329419139029484,1.050764190519595,1.0507883046538273,3.741865109278388,243
9,B,586,False,6.100293635871298,1.3445061784062233,1.3445250242712004,3.722409330071249,251
9,B,259,False,5.104300403134689,1.5272923539067353,1.5273089443268972,3.315804673730793,351
9,B,216,False,6.316434870241575,1.6167099415225188,1.6167256143627808,3.966580242302178,75
9,B,775,False,7.375393750973759,0.4721667726618658,0.47222043403995845,3.9238070925068587,121
9,B,319,False,4.703104011977346,0.31728995711463803,0.3173698063848758,2.5102369091811108,387
9,B,324,False,4.807884319358571,1.1310286966804424,1.1310510995678422,2.9694677094632067,375
9,B,369,False,7.16648269231574,0.4255698519404515,0.4256293880826164,3.7960560401991783,223
9,B,494,False,6.089546582121136,1.5057947604178907,1.5058115876898206,3.7976790849054782,222
9,B,221,False,6.337625843036727,1.618773873324197,1.6187895261818281,3.9782076846092775,68
9,B,299,False,6.353352547118983,1.5766082817978737,1.576624353279058,3.9649884501990207,79
9,B,576,True,6.497533465965868,1.5547054938136775,1.5547217917085345,4.026127628837202,23
9,B,801,False,6.341924154526556,1.1772613019085552,1.1772828250214096,3.7596034897739825,235
9,B,162,True,7.6100082230286334,0.6430757451532148,0.6431151460845306,4.126561684556582,4
9,B,638,False,4.861096833650313,0.692330322388643,0.6923669203664535,2.776731877008383,383
9,B,237,False,6.141326443409843,1.4425196688305604,1.442537234209916,3.7919318388098797,225
9,B,453,False,6.153612622193559,1.596235842626708,1.5962517164924714,3.874932169343015,163
9,B,442,False,5.708735693326918,1.5945177921936025,1.5945336831628627,3.6516346882448905,277
9,B,473,False,5.601472045936296,1.4672314113535372,1.4672486808927303,3.534360363414513,309
9,B,565,False,6.297262850819107,1.6399612468641387,1.639976697497603,3.9686197741583547,73
9,B,800,False,6.2520974177422,0.29745633485919815,0.29754150679666885,3.274819462269434,356
9,B,794,False,6.438171230338971,1.319867998467353,1.3198871961259346,3.8790292132324526,159
9,B,331,False,6.192908291654845,1.6092539453333814,1.609269690788346,3.9010889912215956,142
9,B,21,False,6.050039637708621,1.5756010412909802,1.575617123046137,3.812828380377379,215
9,B,780,False,6.045701166305098,1.586191834274024,1.5862078086545148,3.8159544874798064,211
9,B,792,False,6.480042899613385,1.0901712008781583,1.0901944433646185,3.7851186714890015,227
9,B,15,False,6.069228223516129,1.5714976201830921,1.5715137439297457,3.8203709837229374,205
9,B,567,False,7.572848394864474,0.4247413718805848,0.42480102413478943,3.998824709499632,52
9,B,186,False,5.445004221908861,1.2753224714100042,1.275342339610148,3.3601732807595046,347
9,B,327,False,6.481281432649164,1.3203368140265168,1.320356004868633,3.9008187187588983,143
9,B,758,False,5.475475689063935,1.5524490243021292,1.5524653458855684,3.5139705174747515,314
9,B,458,False,5.394544082927495,1.5136000755851555,1.5136168160833683,3.4540804495054314,332
9,B,549,False,6.015891890419313,1.5469314397380305,1.5469478195365676,3.7814198549779405,228
9,B,258,False,5.105640073852335,1.529603476937208,1.529620042290686,3.3176300580715106,350
9,B,134,False,5.728578198058778,1.2638495706248003,1.263869619180498,3.496223908619638,319
9,B,678,False,6.363086305822752,1.6350870887406468,1.635102585431669,3.9990944456272106,51
9,B,205,False,6.068432297404486,1.4249908422011575,1.425008623649741,3.7467204605271136,240
9,B,304,False,6.093559880247433,1.6164823640975607,1.6164980391443116,3.8550289596958724,180
9,B,698,False,6.175071883827693,1.635607019828608,1.6356225115935477,3.90534719771062,137
9,B,635,False,6.275899495584783,1.619772775756778,1.6197884189614957,3.947843957273139,96
9,B,759,False,5.47050393525824,1.5495447840258247,1.5495611361997321,3.510032535728986,315
9,B,57,False,6.007862749144836,1.6165137267789638,1.6165294015215992,3.8121960753332176,216
9,B,206,False,6.293435109428271,1.5170952090404382,1.51711191097177,3.9052735102000202,138
9,B,770,False,6.120466593962075,1.5748716793452024,1.574887768548141,3.847677181255108,186
9,B,585,True,6.475083447701057,1.6011486395362509,1.601164464696788,4.038123956198922,14
9,B,455,False,5.9040055574250525,1.5205029571606188,1.520519621660027,3.7122625895425396,259
9,B,55,True,6.473026503049183,1.6015598143859229,1.6015756354836435,4.037301069266413,16
9,B,657,False,5.48624495927871,1.5293148868347008,1.5293314553141182,3.507788207296414,317
9,B,366,False,6.5902699075942985,1.2795803977109432,1.2796001997987732,3.934935053696536,113
9,B,757,False,6.300655967806867,1.63142497456494,1.631440506041572,3.9660482369242196,76
9,B,441,False,6.248675049504734,1.642918935630814,1.6429343584493117,3.9458047039770228,99
9,B,754,False,6.155237838377961,1.5920986557364094,1.592114570851183,3.873676204614572,165
9,B,6,False,5.62655106042791,0.3983594120443143,0.398423014248997,3.0124870373384534,374
9,B,156,False,6.351226778499482,1.6447129427489358,1.6447283487448099,3.997977563622146,54
9,B,836,False,5.698607101920592,1.5454803455774002,1.5454967407552191,3.6220519213379054,283
9,B,105,False,5.737577477273409,1.187814569784669,1.1878359016765334,3.462706689474971,327
9,B,243,False,6.29267748858849,1.642674460823484,1.6426898859372967,3.9676836872628933,74
9,B,472,False,5.450915475389189,0.3370082858405084,0.3370834642104571,2.893999469799823,377
9,B,70,False,5.454469879948994,0.9084698732638592,0.9084977643049085,3.1814838221269515,365
9,B,838,False,6.3546551831457725,0.45505939223665387,0.4551150707038359,3.404885126924804,337
9,B,828,False,6.315208610938671,1.5411172546584149,1.5411336962524873,3.9281711535955792,118
9,B,495,False,6.177870351209671,0.974330026600709,0.974356032389959,3.576113191799815,292
9,B,364,False,6.195806981878897,1.5610821619491833,1.5610983932715135,3.878452687575205,161
9,B,240,False,4.722223895669208,0.10465402170563275,0.10489585968057918,2.4135598776748934,389
9,B,522,False,5.968070109780654,1.552589725458104,1.5526060455624393,3.7603380776715465,234
9,B,276,False,5.733534719436388,1.5968385243792922,1.5968543922539713,3.6651945558451797,273
9,B,702,False,6.135950468950543,1.5720418491068844,1.572057967271677,3.85400421811111,183
9,B,282,False,6.1267752389841315,1.5908098410231155,1.5908257690315917,3.8588005040078617,178
9,B,362,False,5.360873463239447,1.5482381003531336,1.5482544663278206,3.4545639647836337,331
9,B,841,False,6.200042689518654,1.572112755266975,1.5721288727048062,3.88608578111173,153
9,B,771,True,6.400943628959282,1.6447781370072698,1.6447935423925004,4.022868585675891,25
9,B,848,False,6.3020335788484045,1.6235501155947558,1.6235657224044582,3.9627996506264314,81
9,B,244,False,6.091191750743459,1.5551302181924016,1.5551465116361582,3.8231691311898084,203
9,B,217,False,6.311180838923062,1.616485868629443,1.6165015436422108,3.9638411912826363,80
9,B,18,False,6.138341146518669,1.57953153391175,1.5795475756496133,3.858944361084141,177
9,B,126,False,5.543185769640106,1.5672574913497495,1.5672736587178624,3.555229714178984,301
9,B,460,False,5.361752065728151,1.5081332290395602,1.50815003021989,3.4349510479740206,335
9,B,291,False,5.908139677822438,1.4578837527217563,1.4579011329884604,3.6830204054054496,268
9,B,471,False,6.251868548185823,0.785929574573603,0.7859618141541034,3.5189151811699633,313
9,B,25,False,6.358297576868381,1.6444138076048083,1.644429216403159,4.00136339663577,48
9,B,474,False,5.514680463560586,1.6047544505662306,1.6047702401686943,3.55972535186464,299
9,B,626,False,6.359228676247791,1.6496689255956705,1.6496842853088403,4.004456480778316,42
9,B,44,False,6.209053133198708,1.630486347424701,1.630501887842301,3.9197775105205044,123
9,B,833,False,6.274337255456743,1.5917863502660117,1.5918022685032696,3.9330697619800064,114
9,B,802,False,6.254967992477221,0.9373831354450651,0.937410166221695,3.596189079349458,289
9,B,50,False,5.5990978850134105,1.4666573425563045,1.4666746188549409,3.5328862519341757,311
9,B,647,False,6.333746201111045,1.5520663449489738,1.55208267055664,3.9429144358338424,102
9,B,478,False,6.218166633811055,1.4926003310500506,1.4926173070716033,3.855391970441329,179
9,B,49,False,5.278107139531137,1.351565348449976,1.3515840958851466,3.314845617708142,352
9,B,420,False,5.613996649485517,1.5372658225464575,1.5372823053324984,3.5756394774090077,293
9,B,591,True,6.953906419254428,1.1428406368679478,1.1428628082126486,4.048384613733538,10
9,B,4,False,6.139014136476735,1.6321877819129973,1.6322033061310206,3.885608721303878,154
9,B,506,True,7.487688796482258,0.7092917386585991,0.7093274615072386,4.098508128994748,5
9,B,772,False,6.167691309177798,1.5642089994175823,1.5642251982940047,3.865958253735901,169
9,B,640,False,4.861096833650313,0.692330322388643,0.6923669203664535,2.776731877008383,384
9,B,696,False,5.995426784359786,1.5143507268642318,1.514367459064408,3.754897121712097,237
9,B,17,False,5.60251589692949,1.5232719667803463,1.5232886009872946,3.5629022489583924,297
9,B,656,False,5.533506828269517,1.5312557364996284,1.5312722839789088,3.5323895561242127,312
9,B,499,False,6.231091498392644,0.7873367249310487,0.7873689068944204,3.5092302026435322,316
9,B,295,False,6.668088719210985,0.6269404242140412,0.626980839127199,3.647534779169092,278
9,B,605,False,6.153626692071999,1.6187697629012263,1.6187854157986032,3.886206053935301,152
9,B,257,False,4.988379099408152,1.519474098156011,1.519490773939081,3.2539349366736166,358
9,B,160,False,6.314972487410822,1.4773722324639673,1.47738938346481,3.896180935437816,149
9,B,23,False,5.491699937569755,1.4791998197201601,1.4792169495307708,3.4854584435502627,321
9,B,560,False,7.190404904933536,0.17346828970275205,0.1736142985222203,3.682009601727878,270
9,B,248,False,7.407060880349397,0.2572019252634488,0.25730042261564484,3.832180651482521,199
9,B,337,False,5.165694414393891,1.5700642858370324,1.5700804243031359,3.3678874193485133,344
9,B,744,False,6.2657355434490745,1.5552419856841972,1.5552582779570374,3.910496910703056,134
9,B,12,True,6.408288530220728,1.6412075435802764,1.641222982480982,4.024755756350856,24
9,B,622,False,5.797546689127602,1.4461165677986372,1.44613408948848,3.6218403893080406,284
9,B,72,False,6.358830322325328,1.6517870155771255,1.6518023555946855,4.005316338960007,39
9,B,73,False,5.862210131970739,1.300151290759612,1.3001707795450756,3.5811904557579073,290
9,B,214,False,6.1093931524063185,1.5689790521000613,1.5689952017287279,3.8391941770675233,191
9,B,1,False,6.439775863570982,1.5486922516356714,1.5487086128111156,3.994242238191049,57
9,B,363,False,6.2616997527204585,1.5989186249730543,1.5989344722047514,3.930317112462605,117
9,B,88,False,5.789914488093762,1.0952583941112126,1.0952815286445932,3.4425980083691776,334
9,B,750,False,6.270977517117491,1.553608121132306,1.5536244305388671,3.912300973828179,132
9,B,91,False,5.76468812124798,1.206286055600012,1.2063070608489364,3.4854975910484582,320
9,B,482,False,6.266690802538545,1.581522374936981,1.5815383964814995,3.924114599510022,120
9,B,86,False,5.53094560652083,0.5560716607564181,0.5561172259653226,3.043531416243076,372
9,B,533,False,6.129849900052552,1.6386016369760354,1.6386171004293553,3.8842335002409536,156
9,B,179,False,6.123281589760623,1.6254188373694292,1.6254344262363682,3.8743580079984956,164
9,B,184,False,5.791161869883673,1.5798142539901259,1.579830292857224,3.6854960813704487,266
9,B,795,False,6.5205001058827285,1.1468918140410784,1.1469139070712329,3.8337070064769807,195
9,B,365,False,6.50444776333388,1.1169366101086327,1.1169592956414878,3.810703529487684,217
9,B,558,False,6.62848341233092,1.027430439248104,1.0274551010202424,3.827969256675581,201
9,B,503,False,5.435941821243857,0.3261547898369161,0.32623246934130823,2.8810871452925824,379
9,B,212,False,5.8363637863177695,1.563204808995405,1.56322101827775,3.69979240229776,265
9,B,823,False,6.004602994954725,1.6023269967630571,1.6023428102858273,3.803472902620276,219
9,B,856,False,6.479533630083715,1.4893635496865272,1.489380562601049,3.984457096342382,63
9,B,490,False,6.251183532336082,1.553973160659604,1.5539894662350076,3.902586499285545,141
9,B,483,False,6.29789228894168,1.5814018059173867,1.5814178286834055,3.939655058812543,107
9,B,66,False,6.2892200366940525,1.5937939812089696,1.5938098793949367,3.9415149580444946,104
9,B,484,False,6.338350703771079,1.5846651609315243,1.5846811507016478,3.9615159272363636,83
9,B,316,False,4.762436518396715,0.31763250927057163,0.31771227244864886,2.540074395422682,386
9,B,68,False,5.686626916312651,1.5075896818953205,1.507606489133089,3.59711670272287,288
9,B,467,False,6.189192669076606,0.9224873750089351,0.9225148422490775,3.5558537556628416,300
9,B,535,False,7.213334216517885,0.47588505647913587,0.4759382986261087,3.844636257571997,189
9,B,60,False,6.129060664214911,1.5080117373275446,1.5080285398614324,3.8185446020381715,207
9,B,851,False,6.033919545336828,1.5683932684033786,1.5684094240637543,3.8011644847002914,220
9,B,519,False,4.425074520327472,0.3231070373592652,0.32318544940953997,2.3741299848685062,391
9,B,20,False,6.423788962819895,1.5941991666771163,1.5942150608224026,4.009002011821149,37
9,B,349,False,6.702240748496154,1.090800038678689,1.0908232677663205,3.896532008131237,148
9,B,630,False,5.895635976282011,1.5785534554281955,1.5785695071054873,3.7371027416937492,245
9,B,94,False,5.972278735473559,1.1046327512656775,1.1046556894742112,3.538467212473885,308
9,B,101,False,5.821408974805687,1.244778601264283,1.24479895697435,3.5331039658900183,310
9,B,201,True,7.4394328975688016,0.8188606256809992,0.8188915687743049,4.129162233171553,3
9,B,686,False,6.2890319466650615,1.6038066638094386,1.6038224627428455,3.9464272047039533,97
9,B,658,False,6.183856153837154,1.5380779420567827,1.538094416139852,3.860975284988503,174
9,B,662,False,6.110216177053147,1.6324142883795405,1.6324298104435138,3.87132299374833,168
9,B,396,False,5.841260867612832,1.5887274684169916,1.588743417302375,3.7150021424576036,257
9,B,610,False,6.255472705771696,1.5386260772048201,1.5386425454190644,3.89705762559538,147
9,B,600,False,6.343747089363851,1.644636546813281,1.644651953524781,3.9941995214443162,58
9,B,323,False,5.62413189013799,1.47314813915692,1.4731653393358333,3.5486486147369116,305
9,B,634,False,6.112299179245684,1.6303664809153406,1.6303820224754801,3.871340600860582,167
9,B,812,False,6.078282804792359,1.6243934417284882,1.624409040435779,3.851345922614069,184
9,B,229,True,6.5044675564213605,1.571741360600928,1.5717574818471904,4.038112519134275,15
9,B,760,False,6.383034571459989,1.5223770668061738,1.5223937107911127,3.9527141411255506,91
9,B,332,False,6.048064695439841,1.587686524228887,1.587702483570826,3.8178835895053336,208
9,B,796,False,6.613049426201499,1.3892789439886326,1.3892971825096079,4.001173304355554,49
9,B,130,True,6.410041295700259,1.6314883846976678,1.631503915570652,4.020772605635456,26
9,B,456,False,6.09620216289566,1.5934903428383111,1.5935062440536352,3.8448542034746476,188
9,B,125,False,5.569566875551659,1.5558646438009058,1.5558809295536353,3.562723902552647,298
9,B,477,False,5.6749997709457,1.5768531370753105,1.5768692060609253,3.6259344885033125,282
9,B,505,False,7.402214943120495,0.6217796847758709,0.6218204351088392,4.012017689114668,35
9,B,198,False,6.377578637961131,1.6487726426734863,1.6487880107362125,4.013183324348672,33
9,B,329,False,6.037494441135653,0.36442340989501015,0.3644929338114407,3.200993687473547,363
9,B,99,False,5.555208073319946,0.6774414167087317,0.6774788189982756,3.1163434461591106,366
9,B,368,False,6.400629371492895,1.0468177665292844,1.046841971569885,3.7237356715313896,249
9,B,598,False,6.280852940327535,1.5897561239795523,1.589772062545274,3.9353125014364045,112
9,B,262,False,6.298813748677485,1.5970683986064633,1.5970842641972207,3.9479490064373532,95
9,B,659,False,6.21595193380735,1.5414840615028385,1.5415004991845611,3.8787262164959557,160
9,B,804,False,6.837999335912707,0.3964167407943648,0.39648065463650467,3.617239995274606,286
9,B,769,False,6.0841881637298645,1.5750385455172986,1.5750546330156971,3.829621398372781,200
9,B,726,False,6.289541627815359,1.3374586377709214,1.3374775829399959,3.813509605377677,213
9,B,517,False,5.790556506357117,1.4940069451680649,1.4940239052068003,3.6422902057819586,279
9,B,0,False,6.458791583333278,1.548847869256711,1.5488642287883139,4.003827906060796,44
9,B,79,False,5.7650354524636365,1.0111285722612788,1.01115363163176,3.388094542047698,341
9,B,100,False,5.482924371100038,0.9792216616021745,0.97924753748472,3.231085954292379,360
9,B,825,True,6.941897290395099,1.1324195587930967,1.1324419341653313,4.037169612280215,17
9,B,371,False,6.2485299215687276,1.5810406310218166,1.581056657448059,3.9147932895083932,128
9,B,492,False,6.104818141570522,1.5078736902958723,1.5078904943680285,3.8063543179692756,218
9,B,157,False,5.489128228739508,1.4789267700540734,1.4789439030272713,3.48403606588339,324
9,B,52,False,5.991088988081863,1.4420790127419874,1.4420965834887307,3.7165927857852967,254
9,B,273,False,6.308446600004652,1.5077499429572185,1.5077667484085395,3.908106674206596,135
9,B,720,False,5.981528758202119,1.5108690291998064,1.510885799957803,3.746207279079961,241
9,B,367,False,6.556022506322909,1.2817786962669548,1.2817984643939855,3.9189104853584475,124
9,B,805,False,6.817795965528094,0.6817092092278876,0.6817463773758365,3.7497711714519655,239
9,B,344,False,5.028705651292862,1.5656513099142326,1.5656674938680681,3.2971865725804648,355
9,B,590,True,6.678242241391385,1.4425438356165567,1.442561400701645,4.060401821046515,7
9,B,826,False,6.424712551484001,0.7335827095749234,0.7336172495969893,3.579164900540495,291
9,B,625,False,6.682644921836707,0.835156857904695,0.835187197234373,3.75891605953554,236
9,B,597,False,6.469680255299891,0.6350536421012322,0.6350935407205812,3.552386898010236,303
9,B,721,False,6.113953787743508,1.5330612534569132,1.533077781448106,3.823515784595807,202
9,B,425,False,6.128995894679774,1.4307082086472787,1.4307259190388877,3.7798609068593305,229
9,B,80,False,5.499282276221059,0.6182214603961194,0.6182624452554718,3.0587723607382657,369
9,B,695,False,5.9870534766616865,1.5148539086109085,1.5148706352532917,3.750962055957489,238
9,B,511,False,6.4082205799796235,1.5547129614785669,1.5547292592951418,3.9814749196373826,64
9,B,230,True,6.516489443356431,1.570355976913969,1.5703721123824095,4.04343077786942,13
9,B,48,False,5.059730184813102,1.1206189498327799,1.120641560822767,3.0901858728179343,368
9,B,303,False,6.6563514509574135,1.304568931761298,1.3045883545531822,3.980469902755298,66
9,B,609,False,6.279041751845007,1.5352988405884318,1.5353153444915308,3.907178548168269,136
9,B,190,False,6.1101044554070665,1.59173526632642,1.5917511850745405,3.8509278202408037,185
9,B,54,True,6.403314177036381,1.6321768929615026,1.6321924172830937,4.017753297159738,28
9,B,674,False,5.38546096100014,1.5313636644275945,1.5313802107406493,3.4584205858703947,330
9,B,827,False,6.611653301228221,1.0572235810175634,1.057247547823387,3.8344504245258038,194
9,B,235,False,6.09110166097759,1.57387888853335,1.5738949878851312,3.8324983244313606,196
9,B,422,False,5.875912877261779,1.5280480875814506,1.5280646697965021,3.701988773529141,263
9,B,224,False,6.348698164416287,1.6254373300832035,1.6254529187727886,3.987075541594538,61
9,B,603,False,6.221487176684767,1.643726483947853,1.6437418991893271,3.932614537937047,115
9,B,145,False,6.339647165025433,1.5852871942885605,1.5853031777846978,3.962475171405065,82
9,B,814,False,6.296196516765837,0.06912836412328575,0.06949394106917729,3.1828452289175075,364
9,B,574,False,6.464064340191992,1.5603643822503264,1.560380621039113,4.012222480615552,34
9,B,204,False,6.252206038307339,1.3738058611098312,1.3738243050472974,3.813015171677318,214
9,B,173,False,6.030391346071043,1.3361676794291106,1.3361866429020832,3.683288994486563,267
9,B,155,False,5.764781817130123,1.5750990337852775,1.5751151206658767,3.6699484688979997,271
9,B,117,False,5.923897384399041,1.6067196891021645,1.6067354593919687,3.7653164218955046,233
9,B,242,False,6.403723447614144,1.619523616669737,1.619539262281094,4.011631354947619,36
9,B,325,False,6.816777717439794,1.1343155502129967,1.1343378881858694,3.9755578028128316,71
9,B,191,False,6.131305620761041,1.593185407184813,1.5932013114435988,3.86225346610232,172
9,B,397,False,6.392426880167842,1.616645227166115,1.6166609006337551,4.004543890400798,40
9,B,106,False,5.70067660536139,1.2175437848724149,1.2175645959046322,3.4591206006330113,329
9,B,225,True,6.43205908372636,1.6279507904161283,1.6279663550379233,4.030012719382142,20
9,B,251,False,7.354878830297786,0.5362547444265171,0.5363019933199148,3.9455904118088507,100
9,B,375,False,5.628176895205058,1.5020262728941058,1.5020431423841074,3.565110018794583,295
9,B,253,False,7.332926651275563,0.5754132043939927,0.5754572381245435,3.954191944700053,89
9,B,318,False,5.305464574883853,1.359991982812229,1.3600106140881782,3.332737594486016,349
9,B,507,False,7.480211076098051,0.31807737912879447,0.31815703077632523,3.899184053437188,145
9,B,379,False,6.367862111999591,1.585909708978806,1.5859256862010291,3.9768938991003098,69
9,B,788,False,7.660314174172946,0.2926021402183482,0.2926887247218837,3.9765014494474147,70
9,B,161,True,7.657777681707911,0.6363150959768978,0.6363549155047468,4.147066298606329,2
9,B,808,False,6.7437669975846095,1.1689176925527964,1.1689393692924877,3.956353183438549,88
9,B,722,False,6.099297894810437,1.5337136352098542,1.5337301561707621,3.8165140254905996,209
9,B,296,False,6.216816898721118,1.6140100741834238,1.614025773240485,3.915421335980801,127
9,B,141,False,6.479506570464847,0.6469590966816278,0.6469982611244581,3.5632524157946524,296
9,B,557,False,7.15963113460951,0.6829594540491859,0.6829965541597753,3.9213138443846427,122
9,B,672,False,5.389248306972895,1.5397240263826224,1.5397404828538086,3.464494394913352,326
9,B,61,False,6.1582888664982,1.5066757298484488,1.5066925472814023,3.8324907068898013,197
9,B,712,True,6.4048673372120355,1.6519984390670641,1.65201377712142,4.028440557166728,21
9,B,468,False,6.225181568837741,1.01410391127946,1.0141288971285967,3.619655232983169,285
9,B,268,False,6.36083604427059,1.6439389190017142,1.6439543322512002,4.002395188260895,47
9,B,459,False,5.271042511008465,1.5153920282748026,1.515408748977577,3.393225629993021,340
9,B,345,False,6.347657786766341,1.6488624808334438,1.64887784805885,3.9982678174125956,53
9,B,312,False,5.655881781101246,1.3450053971225127,1.3450242359926652,3.5004530085469554,318
9,B,58,False,4.834839237255863,0.1256567103762566,0.12585819791156688,2.480348717583715,388
9,B,663,False,6.136894274684483,1.6321973696784777,1.6322128938053104,3.884553584244897,155
9,B,502,False,5.427592699010337,0.20696641395862989,0.20708880613364802,2.817340752571993,381
9,B,779,False,6.1900594703320655,1.6085679189092001,1.6085836710792634,3.8993215707056645,144
9,B,176,False,6.055539901881019,0.3541979895684427,0.3542695201866671,3.2049047110338433,362
9,B,782,False,7.215915444096013,0.18430232344851072,0.18443975587569011,3.7001775999858517,264
9,B,756,False,7.5056533049143646,0.40941710998658604,0.4094789946611828,3.9575661497877737,86
9,B,790,False,6.2911260074630535,1.4982463013511427,1.4982632134012182,3.894694610432136,150
9,B,690,False,5.734503921636086,1.5965743495096627,1.5965902200098707,3.6655470708229783,272
9,B,573,True,6.497397054818197,1.5555154904036155,1.5555317798118318,4.026464417315014,22
9,B,343,False,5.162170448373068,1.5697298088920126,1.569745950796854,3.365958199584961,345
9,B,97,False,5.703844406697849,1.093033157159849,1.0930563387903627,3.3984503727441058,339
9,B,520,False,5.793681785682455,1.515108206959848,1.515124930794834,3.654403358238645,276
9,B,90,False,5.481512986939141,1.0114436397963351,1.0114686913609454,3.246490839150043,359
9,B,423,False,6.280662155760117,1.641440674881363,1.641456111589326,3.9610591336747216,85
9,B,736,False,6.428425857996408,1.5995780942529505,1.5995939349512631,4.014009896473835,31
9,B,685,False,6.343547211051663,1.552385195283256,1.5524015175377783,3.947974364294721,94
9,B,618,False,5.346616134109311,1.3511009513284735,1.3511197052073778,3.3488679196583444,348
9,B,102,False,5.76997419221435,1.192606514931676,1.1926277611125957,3.481300976663473,325
9,B,508,False,6.37683719399136,1.4311109400069146,1.431128645414674,3.903982919703017,139
9,B,739,False,5.87013095140534,1.5505032452791472,1.5505195873448783,3.710325269375109,260
9,B,475,False,5.673929777069469,1.524469555324228,1.5244861764638649,3.5992079767666674,287
10,B,269,False,6.302665884778105,1.6283206510367056,1.6283357930308164,3.965500838904461,36
10,B,491,False,6.352635581347737,1.5761042376130636,1.576119881257309,3.9643777313025232,37
10,B,45,False,5.864319502120885,1.4450301170751234,1.4450471796888993,3.654683340904892,243
10,B,14,False,6.266860587618222,1.6362444970809917,1.6362595657476,3.951560076682911,45
10,B,82,False,5.680205084308385,1.0443126180682711,1.0443362277204138,3.3622706560143993,315
10,B,132,False,6.127655690724302,1.3343136617209919,1.334332140109043,3.7309939154166725,207
10,B,636,False,4.940541792094983,1.1821492978260018,1.1821701546829906,3.061355973388987,339
10,B,391,False,6.049129043914556,0.583944296059058,0.5839865179716102,3.316557780943083,320
10,B,133,False,6.730128228544678,0.2707202490387144,0.27081130979388696,3.5004697691692823,287
10,B,250,False,7.310177692038664,0.5650667825667205,0.5651104149040277,3.9376440534713457,53
10,B,679,False,6.073722813039304,1.6202949210153177,1.6203101380108476,3.847016475525076,146
10,B,297,False,6.212729640217739,1.6012050321671034,1.6012204305809838,3.9069750353993613,90
10,B,7,False,5.575570969118366,1.5555367006033032,1.5555525510880395,3.565561760103203,265
10,B,746,False,6.3048744919982145,1.5434639915838801,1.543479966047095,3.924177229022655,67
10,B,853,False,6.346359612358907,0.4204150861575787,0.4204737291931345,3.383416670776021,311
10,B,516,False,5.854349994207338,1.560307024102102,1.560322826127675,3.7073364101675064,225
10,B,538,False,6.737214780319032,1.109587932298011,1.1096101530601064,3.9234124666895696,71
10,B,829,False,6.42967411349024,1.3933874933057913,1.3934051882972496,3.9115396508937446,85
10,B,215,False,6.145595349113451,1.555018917298225,1.5550347730607317,3.8503150610870915,142
10,B,725,False,6.230872764914808,1.4960889493801852,1.496105429684086,3.863489097299447,130
10,B,747,False,6.3184976599367015,1.5420447540448359,1.542060743210168,3.930279201573435,61
10,B,822,False,6.020955536167311,1.603136101429716,1.6031514812955032,3.8120535087314074,174
10,B,819,False,6.613922215731893,0.1896734337895641,0.189803381840844,3.4018627987863685,307
10,B,745,False,6.254967162576168,1.5434884281510575,1.5435044023613664,3.899235782468767,98
10,B,419,False,6.305909323395302,0.1352194948938009,0.13540171369680562,3.220655518546054,331
10,B,683,False,6.215710309980198,1.6020599892615712,1.6020753794579963,3.908892844719097,86
10,B,776,False,7.370611221189853,0.5083318751478263,0.5083803768478897,3.9394957990188715,52
10,B,752,False,6.129149530098773,1.5814866929673081,1.5815022833702674,3.85532590673452,140
10,B,19,False,6.119529472308629,1.56926964490832,1.5692853566841762,3.8444074144964024,150
10,B,652,False,5.836165704515303,1.5519622844226924,1.5519781714132448,3.694071937964274,228
10,B,854,False,6.261154857894024,0.25422314967966836,0.25432011738308896,3.2577374876385563,328
10,B,797,True,6.576466549681775,1.3799113682924222,1.379929236089794,3.978197892885784,29
10,B,501,False,6.325444642609342,0.649012742534298,0.6490507316416707,3.4872476871255063,289
10,B,300,True,6.391283020670602,1.6041252062190399,1.6041405766016812,3.9977117986361415,18
10,B,849,False,6.020312800439476,1.5352758175544372,1.5352918772142783,3.777802338826877,196
10,B,469,False,6.213001090461918,1.0256373483226653,1.0256613878600702,3.619331239160994,251
10,B,806,True,7.510836198299728,1.0540268607209329,1.0540502527839561,4.282443225541842,2
10,B,773,False,6.040563540818556,1.4145857425653139,1.4146031723920873,3.7275833566053214,209
10,B,451,False,6.235857638221466,1.6336588640426888,1.6336739565586351,3.9347657973900505,58
10,B,222,True,7.144941475149254,1.0364063939766128,1.036430183730821,4.090685829440037,11
10,B,309,False,6.19427748175291,1.621190638646548,1.6212058472346746,3.907741664493792,88
10,B,236,False,5.9756170065670124,1.338233955790379,1.338252380047599,3.6569346933073055,241
10,B,255,False,5.626348454133485,1.5086997699132119,1.5087161124641293,3.567532283298807,264
10,B,606,False,5.9263673353209505,1.5224264574798885,1.5224426526826749,3.7244049940018127,215
10,B,16,False,6.278703992878561,1.5659197258532527,1.5659354712404412,3.922319732059501,73
10,B,700,False,6.203816492826528,1.5765354386311117,1.5765510779966785,3.8901837854116033,109
10,B,434,False,6.292326463148403,1.5235113378729317,1.5235275215433646,3.907926992345884,87
10,B,781,False,4.872478847545704,1.1570254978827923,1.1570468076199945,3.014762827582849,344
10,B,284,False,5.929589011528652,1.602445427281944,1.6024608137765832,3.7660249126526173,198
10,B,135,False,6.703872158741416,0.16513869712291146,0.16528793531334873,3.4345800470273824,304
10,B,653,False,5.650133127022611,1.484944075483586,1.4849606794748809,3.567546903248746,263
10,B,834,False,6.227271357111356,1.586749991476205,1.5867655301658259,3.9070184436385906,89
10,B,523,False,6.2752860527784255,1.6270001548014217,1.6270153090848736,3.9511506809316495,46
10,B,350,False,5.318344175859226,0.7887841190100094,0.7888153767993458,3.053579776329286,341
10,B,187,False,6.725635467822766,1.024409626365501,1.024433694712841,3.8750345812678035,119
10,B,199,False,6.088075816436106,1.4701922406112982,1.4702090112043138,3.77914241382021,195
10,B,575,True,6.674831359584586,1.3175360018620612,1.3175547155527783,3.9961930375686823,20
10,B,787,False,6.315422516179523,1.5961615285978632,1.5961769756667223,3.9557997459231227,42
10,B,684,True,6.475554290577849,1.5620315407330787,1.5620473253130498,4.018800807945449,15
10,B,534,False,6.107004633308428,1.6242141731146909,1.6242293533917358,3.865616993350082,129
10,B,53,False,5.914223929830797,1.5325792043466822,1.5325952922636186,3.7234096110472077,216
10,B,670,False,4.948220722888026,0.837858224927291,0.8378876519862362,2.893054187437131,347
10,B,761,False,6.198827773162893,1.5741049561472236,1.5741206196603708,3.886474196411632,111
10,B,277,False,5.708286011370566,1.5874840695165486,1.5874996010209008,3.6478928061957334,245
10,B,777,False,6.131898056141837,1.6277275373807945,1.627742684892315,3.8798203705170757,115
10,B,98,False,5.7795026729057435,1.0706531405829838,1.0706761693961921,3.4250894211509677,306
10,B,680,False,6.054065039039586,1.6157022450916232,1.6157175053414532,3.8348912721905197,160
10,B,512,False,6.358775194719464,1.447783223291253,1.4478002534591254,3.903287724089295,94
10,B,727,False,5.443048591577233,0.2344003207161109,0.23450548527595833,2.8387770384265956,350
10,B,219,True,7.232057952100269,0.97788046526662,0.977905678796661,4.104981815448465,9
10,B,232,True,6.443865346537686,1.543217929048268,1.5432339060585476,3.993549626298117,23
10,B,272,False,6.04428589712723,1.5934318958552975,1.5934473693855424,3.818866633256386,171
10,B,734,False,5.630806911181217,1.4147099188606906,1.4147273471575783,3.522767129169398,279
10,B,742,False,6.2501645742835565,1.547005338335255,1.5470212762307034,3.89859292525713,102
10,B,246,False,6.272025447808432,1.5837809457188174,1.5837965135378627,3.9279109806731474,63
10,B,810,True,7.509893649885505,1.0859907591363858,1.0860134627168856,4.297953556301195,1
10,B,639,False,4.76505111194803,0.4319257211861303,0.4319828016192958,2.598516956783663,355
10,B,559,False,6.586315664230863,0.74609811937938,0.7461311654221023,3.666223414826483,235
10,B,47,False,5.436555984574503,0.18423334572792832,0.18436712817311937,2.810461556373811,352
10,B,249,False,7.4066429963090386,0.25692675848907726,0.257022706196168,3.8318328512526034,163
10,B,552,False,5.909893289065813,1.5317645606767039,1.5317806571496433,3.7208369731077284,217
10,B,498,False,6.212090606152263,0.718007162123083,0.7180415009821788,3.465066053567221,298
10,B,550,False,5.921400653837769,1.5311085482686717,1.5311246516381667,3.726262652737968,212
10,B,515,False,6.288041282894181,1.4623111073661073,1.462327968343281,3.875184625618731,118
10,B,260,False,5.162290032662918,1.5608037650331437,1.5608195620296197,3.361554797346269,316
10,B,122,False,7.042557834617207,0.8178707922293539,0.8179009384115952,3.930229386514401,62
10,B,480,False,6.375376759286833,1.5222640758230408,1.5222802727533697,3.948828516020101,49
10,B,103,False,6.078588040124713,1.5074412297753546,1.5074575859702755,3.7930228130474943,187
10,B,521,False,5.865848414170918,1.505431395542152,1.505447773573261,3.6856480938720892,230
10,B,220,True,7.232057952100269,0.97788046526662,0.977905678796661,4.104981815448465,10
10,B,336,False,5.03244380144614,1.5573892126200706,1.557405044250872,3.2949244228485064,324
10,B,192,False,4.70422686598476,0.10418258646805856,0.104418981013375,2.4043229234990675,360
10,B,83,False,5.949692910550769,1.132902585813605,1.1329243492907413,3.541308629920755,273
10,B,164,False,6.821465214773227,0.2590232082666415,0.259118379690521,3.5402917972318737,274
10,B,513,False,6.272199602078931,1.448740401200444,1.4487574201166737,3.8604785110978024,132
10,B,115,False,6.001543695554087,1.5991832894403537,1.5991987073212532,3.8003712014376703,181
10,B,551,False,5.920246454223167,1.5286414084392541,1.5286575377983926,3.72445199601078,214
10,B,743,False,6.2509007314926155,1.5470048689882063,1.54702080688849,3.898960769190553,100
10,B,131,False,6.27522742833437,1.4623310863886556,1.4623479471354697,3.86878768773492,122
10,B,203,False,4.880477534904985,1.0076644722720314,1.0076889405724212,2.9440832377387034,346
10,B,741,False,5.894977416226967,1.5673256402066642,1.5673413714701487,3.7311593938485577,206
10,B,159,False,6.059507779174837,1.6195370778660865,1.6195523019821618,3.839530040578499,157
10,B,651,False,6.237934208260506,1.5862761267869296,1.5862916701183425,3.912112939189424,84
10,B,374,False,6.28876586656145,1.431098868055334,1.431116096765722,3.859940981663586,134
10,B,279,False,5.703808703864597,1.5745144407054648,1.5745301001450367,3.639169402004817,247
10,B,218,True,6.969872137919112,1.3574527365186126,1.3574708999291907,4.1636715189241515,4
10,B,454,False,5.907272898914958,1.5154088354891846,1.515425105688626,3.7113490023017923,223
10,B,407,False,6.046770348443497,1.5699716749518422,1.5699873797020758,3.808378864072786,176
10,B,463,False,6.150720537811383,1.6212386852432512,1.6212538933806644,3.885987215596024,112
10,B,832,False,5.6703114078746735,1.394715266384037,1.3947329445300245,3.532522176202349,276
10,B,360,False,6.463139749840829,1.1094025584003353,1.1094247828753,3.786282266358065,190
10,B,239,False,5.048632064332028,1.1164938435620555,1.1165159268835663,3.082573995607797,338
10,B,566,True,6.330337907399059,1.6313781502096716,1.6313932638251964,3.9808655856121278,26
10,B,234,False,6.13681031704031,1.5567923929772103,1.5568082306772424,3.846809273858776,147
10,B,793,False,6.405419619953473,1.0491586476529629,1.0491821482553403,3.7273008841044066,210
10,B,586,False,5.896662767585186,1.2956186250111072,1.2956376552680031,3.596150211426594,255
10,B,259,False,5.111758669548994,1.5184220622293023,1.5184383001417556,3.315098484845375,322
10,B,216,True,7.249530516645719,0.9718081142096648,0.9718334852825571,4.110682000964138,7
10,B,775,False,7.375723566276485,0.47146990073325945,0.47152219414373975,3.9236228802101123,68
10,B,319,False,4.70289939103313,0.3169177587302192,0.31699554897708343,2.5099474700051068,357
10,B,324,False,4.8003324432484575,1.1290028232318225,1.1290246618821589,2.9646785525653083,345
10,B,369,False,7.162762053242205,0.42488612593608904,0.4249441519607902,3.793853102601498,186
10,B,494,False,6.091368920918362,1.4976185527577865,1.4976350162295966,3.7945019685739796,185
10,B,221,True,7.2872022077477,0.9458327981774748,0.9458588659947788,4.116530536871239,6
10,B,299,False,6.355843890532649,1.564359816529824,1.5643755776174473,3.960109734075048,39
10,B,801,False,6.319145191667536,1.1747070121258554,1.1747280011178551,3.7469365963926955,203
10,B,638,False,4.860510656666631,0.6908808320735211,0.6909165191246319,2.7757135878956314,353
10,B,237,False,6.010828956371601,1.4216997941355833,1.4217171367462154,3.716273046558908,221
10,B,453,False,6.140122683956001,1.5843782459862805,1.584393807936417,3.862258245946209,131
10,B,442,False,5.739061782873372,1.5817591940194198,1.5817747817365346,3.660418282304953,238
10,B,473,False,5.553576802406631,1.4599274801695266,1.4599443686753413,3.5067605855409862,285
10,B,565,False,6.241240114723018,1.6239190357789939,1.6239342188149353,3.9325871667689767,60
10,B,800,False,6.250753325993884,0.297370788431537,0.29745369065636257,3.274103508325123,326
10,B,794,False,6.404141759584075,1.315618086090819,1.315636827062076,3.8598892933230755,135
10,B,331,False,6.138155521416787,1.5975918445961323,1.5976072778354415,3.8678813996261145,125
10,B,21,False,6.025460860693476,1.565214622939766,1.565230375419916,3.7953456180566962,184
10,B,780,False,5.995222458130844,1.5750415073903452,1.5750571615897462,3.7851398098602953,191
10,B,792,False,6.452794490263284,1.0883007331370265,1.088323388529019,3.7705589393961514,197
10,B,15,False,6.13735471810916,1.558375638088742,1.55839145969849,3.847873088903825,143
10,B,567,True,7.569973359810676,0.42415724579781877,0.4242153715219291,3.9970943656663027,19
10,B,186,False,5.425634757885852,1.2715215088869583,1.271540899788467,3.3485878288371596,318
10,B,327,False,6.527514743516273,1.3161211568438762,1.3161398906517348,3.921827317084004,74
10,B,758,False,5.428841853673033,1.5411662061233937,1.5411822044033185,3.4850120290381756,290
10,B,458,False,5.412145910500178,1.5047955164404017,1.5048119013922745,3.4584789059462264,300
10,B,549,False,6.041626862620589,1.537106458402433,1.5371224989359722,3.7893746807782804,188
10,B,258,False,5.111189159409637,1.5207480931993942,1.5207643062757261,3.3159767328426817,321
10,B,134,False,5.709220361749173,1.2595998215803759,1.2596193960073858,3.4844198788782794,291
10,B,678,False,6.249887918565685,1.6185588881428463,1.618574121459658,3.9342310200126716,59
10,B,205,False,6.048028924098001,1.4191508516301412,1.4191682253895244,3.7335985747437626,205
10,B,304,False,6.079217880716999,1.6049015190706521,1.6049168820185,3.8420673813677495,154
10,B,698,False,6.155718623047004,1.6229075437991365,1.6229227362979555,3.8893206796724797,110
10,B,635,True,6.352463656871036,1.6068583169888428,1.606873661228198,3.979668659049617,27
10,B,759,False,5.426947068939428,1.5383591146563584,1.5383751421285357,3.482661105533982,292
10,B,57,False,6.138095296624324,1.6002667969222384,1.6002822043641107,3.8691887504942173,121
10,B,206,False,6.287380602827199,1.5090235708823165,1.509039909926545,3.898210256376872,103
10,B,770,False,6.117722452183245,1.5649259558201762,1.5649417112060084,3.8413320816946266,155
10,B,455,False,5.924249406355839,1.5116668719413213,1.5116831824154016,3.7179662943856204,220
10,B,657,False,5.50468144910759,1.5202728164296866,1.5202890345745932,3.5124852418410915,283
10,B,366,False,6.557186550451439,1.2759165740612515,1.2759358981692217,3.91656122431033,78
10,B,757,False,6.228416545396253,1.6184807625562727,1.6184959966084043,3.9234562710023284,70
10,B,441,False,6.155860587116357,1.6284247207194373,1.6284398617458598,3.8921502244311084,108
10,B,754,False,6.157008570074256,1.579735293187917,1.5797509008752648,3.86837973547476,123
10,B,6,False,5.633605517651359,0.39786816138079584,0.3979301271746487,3.015767822413004,343
10,B,156,False,6.270419100171019,1.6313469045809423,1.6313620184859396,3.950890559328479,47
10,B,836,False,5.73699449385526,1.5362423431753691,1.536258392731394,3.636626443293327,248
10,B,105,False,5.729540907663008,1.1849556045573506,1.1849764120203292,3.457258659841669,301
10,B,243,False,6.221115694543883,1.627880780528236,1.6278959266138349,3.924505810578859,66
10,B,472,False,5.449006071317845,0.3365673925794532,0.33664064225881707,2.892823356788331,348
10,B,70,False,5.472302618534986,0.9078632272254105,0.9078903852452863,3.190096501890136,334
10,B,838,False,6.348118150335846,0.45449358681751584,0.4545478332705458,3.401332991803196,308
10,B,828,True,6.431027327309448,1.5269551191480484,1.5269712663194184,3.9789992968144334,28
10,B,495,False,6.168673245229018,0.9717833930427746,0.9718087647610639,3.5702410049950406,262
10,B,364,False,6.2192807771175325,1.5499679702454168,1.5499838776772468,3.8846323273973895,114
10,B,240,False,4.722574492597079,0.10456293188229403,0.10479846848364882,2.413686480540364,359
10,B,522,False,5.9639599289995315,1.5432978773863852,1.5433138535690074,3.7536368912842697,202
10,B,276,False,5.730738051148464,1.5852516877454956,1.5852672411213953,3.6580026461349293,240
10,B,702,False,6.122813285357995,1.5619729401556781,1.5619887253278337,3.8424010053429143,153
10,B,282,False,6.117024840633,1.578624432437382,1.5786400511075802,3.8478324458702904,144
10,B,362,False,5.36914765451316,1.5380412125080092,1.538057243292916,3.453602448903038,302
10,B,841,False,6.159263010011862,1.5610259809412554,1.5610417756890127,3.8601523928504373,133
10,B,848,False,6.28409815844144,1.6072001636367168,1.6072155046124297,3.945656831526935,50
10,B,244,False,6.190626077615038,1.5409066004141596,1.5409226013893818,3.86577433950221,128
10,B,217,True,7.229174185726037,0.9879593340450705,0.9879842903606698,4.108579238043354,8
10,B,18,False,6.119529472308629,1.56926964490832,1.5692853566841762,3.8444074144964024,151
10,B,126,False,5.5332871500925025,1.5566806798838357,1.5566965187204276,3.5449918344064653,272
10,B,460,False,5.384952828532511,1.4996258621317775,1.4996423035668118,3.4422975660496613,303
10,B,291,False,5.907705477226413,1.450692448807439,1.4507094448233324,3.679207461024873,233
10,B,471,False,6.249342189455002,0.7846305557510277,0.7846619790016996,3.517002084228351,282
10,B,25,False,6.281194442288256,1.631089698129067,1.6311048144173532,3.9561496283528044,41
10,B,474,False,5.518455962708741,1.593135923100275,1.593151399505164,3.555803681106952,269
10,B,626,False,6.190831279052656,1.6346488230865452,1.6346639064624033,3.9127475927575297,82
10,B,44,False,6.140604835714353,1.617767110323791,1.617782351096119,3.879193593405236,116
10,B,833,False,6.2441074164457415,1.581324206364357,1.5813397983692694,3.9127236074075054,83
10,B,802,False,6.2328827038413905,0.9365592784226812,0.9365856043482146,3.584734154094803,258
10,B,50,False,5.552075705266278,1.4593669215608633,1.4593838165536606,3.5057297609099694,286
10,B,647,False,6.311705852234996,1.5427020843482557,1.5427180667008311,3.927211959467914,65
10,B,478,False,6.236854144853588,1.4826730467035658,1.4826896761271158,3.859771910490352,136
10,B,49,False,5.2601709827125305,1.3466994773205672,1.3467177857621788,3.3034443842373546,323
10,B,420,False,5.628800886582249,1.5278381731899922,1.5278543110287806,3.578327598805515,261
10,B,4,False,6.09851651023096,1.6192710497157194,1.6192862763329234,3.8589013932819416,137
10,B,772,False,6.126619732393918,1.554648213904296,1.5546640734475454,3.8406419029207317,156
10,B,640,False,4.860510656666631,0.6908808320735211,0.6909165191246319,2.7757135878956314,354
10,B,696,False,6.016844181148704,1.5057134002023596,1.5057297751660648,3.7612869781573846,199
10,B,17,False,5.642855094539902,1.514310282707344,1.514326564709836,3.578590829624869,260
10,B,656,False,5.553217077974062,1.522167591619408,1.5221837895763857,3.537700433775224,275
10,B,499,False,6.230532992878735,0.7860227920150425,0.7860541596097689,3.508293576244252,284
10,B,295,False,6.514068366553516,0.612929645076675,0.6129698704557311,3.5635191185046238,266
10,B,605,False,6.1042600947746735,1.6067527127667647,1.6067680580146142,3.855514076394644,139
10,B,257,False,5.007960696588384,1.5109086522145532,1.510924970873635,3.2594428337310095,327
10,B,160,False,6.333339696990464,1.4698401594332953,1.4698569340434438,3.901598315516954,95
10,B,23,False,5.480910369252051,1.471670602100865,1.4716873558472328,3.476298862549642,296
10,B,560,False,7.189162146546626,0.17331631769940264,0.17345852026803799,3.681310333407332,232
10,B,248,False,7.4066429963090386,0.25692675848907726,0.257022706196168,3.8318328512526034,164
10,B,337,False,5.169816672790158,1.560298962463208,1.560314764570425,3.3650657186802913,313
10,B,744,False,6.249597662186591,1.5457556617332324,1.5457716125136471,3.8976846373501193,104
10,B,622,False,5.760959133172605,1.43973082582676,1.4397479512430298,3.6003535422078174,253
10,B,72,False,6.216652182404402,1.6378863316857606,1.6379013852475168,3.9272767838259592,64
10,B,73,False,5.901240937248867,1.2956678510365176,1.2956868805704118,3.5984639089096393,254
10,B,214,False,6.144404909718063,1.5571432269140497,1.557159061045787,3.850781985381925,141
10,B,1,True,6.461641014800253,1.538858004112896,1.5388740263891074,4.00025752059468,17
10,B,363,False,6.243474315607294,1.587159233125248,1.587174767808329,3.9153245417078115,80
10,B,88,False,5.774761071185792,1.0932318274575736,1.0932543806630381,3.434007725924415,305
10,B,750,False,6.253672422103819,1.54417412628287,1.5441900933998258,3.8989312577518227,101
10,B,91,False,5.752036336811024,1.2034841394810172,1.2035046266030978,3.477770481707061,294
10,B,482,False,6.300350026469803,1.5705346790360561,1.570550378156519,3.9354502023131612,57
10,B,86,False,5.525890219920475,0.5554060836492567,0.5554504748645933,3.0406703473925343,342
10,B,533,False,6.110195494305428,1.6243524470013408,1.6243676259861686,3.8672815601457984,126
10,B,179,False,6.044545046816179,1.6109369306026327,1.6109522359933979,3.8277486414047885,167
10,B,184,False,5.796946439282038,1.5695972965789566,1.56961300507503,3.6832797221785336,231
10,B,795,False,6.491116196869997,1.1446155407648708,1.1446370815385787,3.8178766392042878,172
10,B,365,False,6.477710205465655,1.1149434114053285,1.1149655254351358,3.7963378654503956,183
10,B,558,False,6.6442254041806175,1.0253333092148667,1.0253573558804785,3.834791380030548,161
10,B,503,False,5.434903179048383,0.3257191741205255,0.3257948628546102,2.8803490209514964,349
10,B,212,False,5.844137756697029,1.5529347405648668,1.5529506176070014,3.6985441871520153,227
10,B,823,False,5.969169044593314,1.5905319724733908,1.5905474742153385,3.7798582594043264,194
10,B,856,True,6.83525122970656,1.460838895496934,1.4608557734661554,4.148053501586357,5
10,B,490,False,6.2055208439112794,1.542117275550014,1.5421332639634278,3.8738270539373536,120
10,B,483,False,6.331050477361844,1.5703974429498295,1.5704131434422155,3.9507318104020297,48
10,B,66,False,6.263901933539025,1.5832516147636262,1.5832671877874331,3.923584560663229,69
10,B,484,False,6.3668968377977695,1.5736481412287306,1.5736638092887998,3.9702803235432844,33
10,B,316,False,4.761538503866635,0.31724948401319036,0.3173271929402405,2.539432848403438,356
10,B,68,False,5.692316663278405,1.4990643502345997,1.4990807978281155,3.59569873055326,256
10,B,467,False,6.176910577342295,0.9202950228837294,0.9203218140505315,3.5486161956964133,271
10,B,535,False,7.209887917991207,0.4748678601729475,0.47491977943430735,3.842403848712757,152
10,B,60,False,6.115305946776786,1.499800675287303,1.4998171148059842,3.8075615307913853,177
10,B,851,False,6.00627206404979,1.5586022392826933,1.5586180585922014,3.782445061320996,192
10,B,519,False,4.4257373766475565,0.32274932105021936,0.32282570608778144,2.374281541367669,361
10,B,20,True,6.4103003694370075,1.5817093786555243,1.5817249668635638,3.9960126681502857,21
10,B,349,False,6.698558617888646,1.0898686566642697,1.0898912794640927,3.8942249486763694,106
10,B,630,False,5.8864933242476205,1.5674802142938236,1.5674959440060152,3.726994634126818,211
10,B,94,False,5.959489215399765,1.1025380502531286,1.1025604130970181,3.5310248142483918,277
10,B,101,False,5.8130308930231465,1.2415137378102354,1.2415335973884232,3.527282245205785,278
10,B,686,False,6.281631683640487,1.5898429632082913,1.5898584716683488,3.935745077654418,55
10,B,658,False,6.229128951534391,1.5286700437157428,1.5286861727727468,3.878907562153569,117
10,B,662,False,6.045514432830681,1.6200907585185476,1.6201059774316926,3.832810205131187,162
10,B,396,False,6.028579140422167,1.5716595326129912,1.5716752204975375,3.800127180459852,182
10,B,610,False,6.257097515668199,1.5282346150559216,1.5282507487084107,3.8926741321883047,107
10,B,600,False,6.278557792889686,1.6257823800533848,1.6257975456878835,3.9521776692887847,44
10,B,323,False,5.576738407795801,1.4657029868487896,1.4657198088073178,3.5212291083015597,280
10,B,634,False,6.071616173301383,1.6181898495470823,1.6182050863379172,3.84491062981965,149
10,B,812,False,6.042542411012626,1.610340103563381,1.6103554146266028,3.826448912819614,168
10,B,760,False,6.360854322460565,1.513204640605962,1.513220934504977,3.937037628482771,54
10,B,332,False,5.9963557584843,1.576442315298012,1.5764579555874156,3.7864068570358578,189
10,B,796,False,6.569534435617191,1.3834804779147023,1.3834982996172385,3.976516367617215,31
10,B,456,False,6.052774328966619,1.5823221505538152,1.5823377327252068,3.8175560308459127,173
10,B,125,False,5.569089956951652,1.5454405819143868,1.5454565359467654,3.557273246449209,268
10,B,477,False,5.716662798949678,1.5666226560139003,1.5666383943363398,3.641650596643009,246
10,B,505,True,7.415776515853985,0.5614307700682046,0.5614746849610179,3.9886256004075014,25
10,B,198,False,6.77012388129526,0.5575842425629699,0.5576284603812989,3.663876170838279,236
10,B,329,False,6.044555456484937,0.36488939526323416,0.3649569605422889,3.2047562085136128,332
10,B,99,False,5.55289030782847,0.6772099343685858,0.6772463417990542,3.115068324813762,336
10,B,368,False,6.384454872959525,1.0452980983952311,1.0453216857892995,3.7148882793744122,222
10,B,598,False,6.251632751041452,1.5793665627843914,1.5793821741155876,3.91550746257852,79
10,B,262,False,6.224992262457675,1.5855048507560343,1.5855204016484972,3.905256332053086,93
10,B,659,False,6.238930578065349,1.532132864771629,1.5321489573752338,3.8855397677202914,113
10,B,804,False,7.027415411277702,0.3888850563409002,0.38894845329164407,3.708181932284673,224
10,B,769,False,6.086893692986209,1.565102243471035,1.5651179970822533,3.826005845034231,169
10,B,726,False,6.29219323338616,1.3317193209058418,1.331737835291396,3.8119655343387784,175
10,B,517,False,5.826831738154564,1.4862054992632656,1.4862220891620033,3.6565269136582836,242
10,B,0,True,6.4853452408154455,1.5390002949357489,1.5390163157306096,4.012180778273027,16
10,B,79,False,5.753991713105895,1.0099014625597993,1.0099258766627968,3.381958794884346,312
10,B,100,False,5.476815472488777,0.9784554404970802,0.9784806392111356,3.2276480558499565,330
10,B,371,False,6.257505649876053,1.5706767703730513,1.570692468073307,3.9140990589746796,81
10,B,492,False,6.103326062120933,1.4996129189173777,1.4996293604943172,3.8014777113076255,180
10,B,157,False,5.511260092704879,1.4715031939694536,1.471519949621819,3.4913900211633493,288
10,B,52,False,6.0141026357465215,1.4356275616758454,1.43564473603884,3.724873685892681,213
10,B,273,False,6.319533117849738,1.4931964059890235,1.49321291821737,3.9063730180335536,92
10,B,720,False,5.984868667468699,1.5030995976427102,1.5031160010812121,3.7439923342749553,204
10,B,367,False,6.5199213691362266,1.2780777639059429,1.2780970553379394,3.899009212237083,99
10,B,805,False,6.928618775637293,0.6775821584834278,0.6776185459148518,3.8031186607760725,179
10,B,344,False,5.032298761436887,1.5559946069751198,1.5560104527953387,3.2941546071161127,325
10,B,826,False,6.425818848140019,0.7337205829834949,0.7337541864727838,3.5797865173064016,259
10,B,625,False,6.684548957785288,0.8347353341829433,0.8347648713297698,3.759656914557529,200
10,B,597,False,6.464548565311312,0.6337940760280771,0.6338329772747558,3.549190771293034,270
10,B,721,False,6.150070720422241,1.5225804173801796,1.522596610945361,3.836333665683801,158
10,B,425,False,6.142708495239785,1.4214900591378852,1.421507404307317,3.7821079497735512,193
10,B,80,False,5.502505574391289,0.6170499742131433,0.61708993100612,3.059797752698705,340
10,B,695,False,6.009721928757981,1.5062062024612106,1.5062225720673947,3.7579722504126876,201
10,B,511,False,6.391201902080084,1.5445948593713295,1.5446108221390378,3.967906362109561,35
10,B,48,False,5.0472875388120535,1.1184698193694471,1.118491863677613,3.0828897012448335,337
10,B,303,False,6.627493173399321,1.3001030618919869,1.3001220265089029,3.963807599954112,38
10,B,609,False,6.264986076729177,1.5246019418812282,1.5246181139750075,3.8948020953520923,105
10,B,190,False,6.094462969100093,1.5779330639223834,1.5779486894358061,3.8362058292679495,159
10,B,674,False,5.422314833644688,1.5223788917219194,1.5223950874307093,3.4723549605376984,297
10,B,827,False,6.604343252220615,1.0567092074175881,1.0567325401035987,3.830537896162107,165
10,B,235,False,6.156362606289557,1.5605374669829886,1.5605532666751172,3.858457936482337,138
10,B,422,False,5.920014865861905,1.5177752514700462,1.5177914963023278,3.7189031810821165,218
10,B,224,True,7.112088596849297,1.0624718821993744,1.0624950883354605,4.0872918425923785,12
10,B,603,False,6.16923968048234,1.6299326036002093,1.629947730619499,3.8995937055509193,97
10,B,145,False,6.273801415339825,1.567528477149767,1.567544206377659,3.920672810858742,75
10,B,814,False,6.29477752609606,0.06907829725694943,0.0694343101399916,3.1821059181180256,335
10,B,574,True,6.780915941347863,1.3164270451229476,1.3164457745778335,4.048680857962848,13
10,B,204,False,6.2404434546859235,1.3688135113484,1.368831524009669,3.804637489347796,178
10,B,173,False,6.023457304283334,1.3314334601941742,1.331451978554739,3.6774546414190366,234
10,B,155,False,5.756777973905251,1.5650412227753845,1.5650569770008274,3.660917475453039,237
10,B,117,False,5.867977160234375,1.5938526124837618,1.5938680819296211,3.730922621081998,208
10,B,242,True,6.447176493089639,1.606922699168327,1.6069380427929132,4.027057267941276,14
10,B,325,False,6.812923429797751,1.1313643450661854,1.1313861381331025,3.9721547839654265,32
10,B,191,False,6.115527897686448,1.5792521458830326,1.5792677583452595,3.8473978280158536,145
10,B,397,True,6.382201611689978,1.6048738569568575,1.6048892201695035,3.9935454159297405,24
10,B,106,False,5.705324888949979,1.2142793904520448,1.2142996954414864,3.4598122921957324,299
10,B,251,False,7.354405820425193,0.5354077900884296,0.5354538392430043,3.944929829834099,51
10,B,375,False,5.750227668444775,1.4919157168837873,1.4919322432863908,3.621079955865583,250
10,B,253,False,7.3325448176786425,0.5744584507108373,0.5745013697684216,3.953523093723532,43
10,B,318,False,5.286396320543599,1.3549663312309126,1.3549845279714658,3.320690424257532,319
10,B,507,False,7.1735475177969334,0.2635783958712253,0.2636719231217943,3.718609720459364,219
10,B,379,False,6.302334441878704,1.5690144446437304,1.569030158975082,3.935682300426893,56
10,B,788,True,7.661892589896082,0.29266062002007925,0.2927448561174633,3.9773187230067726,30
10,B,808,True,7.5303131210862455,1.0005258618174,1.0005505046913663,4.265431812888806,3
10,B,722,False,6.134941564223835,1.523140164218344,1.5231563518325297,3.8290489580281823,166
10,B,296,False,6.212729640217739,1.6012050321671034,1.6012204305809838,3.9069750353993613,91
10,B,141,False,6.473948164525152,0.6455698524717458,0.645608044166961,3.5597781043460563,267
10,B,557,False,7.155703060666648,0.6814802678385374,0.6815164471426803,3.918609753904664,76
10,B,672,False,5.426060562234888,1.5304991990352101,1.5305153088159937,3.4782879355254406,293
10,B,61,False,6.145272056504064,1.4984612542135882,1.4984777084268077,3.821874882465436,170
10,B,468,False,6.208150843604053,1.0113223834534135,1.0113467632551112,3.609748803429582,252
10,B,268,False,6.310242336208648,1.6285261303161176,1.628541270399705,3.969391803304177,34
10,B,459,False,5.295565531361013,1.5064536828425379,1.5064700497595505,3.4010177905602816,309
10,B,345,False,6.2804609159168905,1.6356519968916703,1.635667071016717,3.9580639934668036,40
10,B,312,False,5.695947894400082,1.3404932123615656,1.3405116055671156,3.518229749983599,281
10,B,58,False,4.83693642476294,0.12555525558112424,0.1257514790240596,2.4813439518935,358
10,B,663,False,6.071974390966321,1.619881203363493,1.619896424245407,3.8459354076058636,148
10,B,502,False,5.427155964082793,0.20671269980865933,0.206831942733423,2.816993953408108,351
10,B,779,False,6.136293689003828,1.5969575869409196,1.5969730263097313,3.86663335765678,127
10,B,176,False,6.0540813344366,0.3547112424818147,0.35478074611749977,3.20443104027705,333
10,B,782,False,7.214207929022342,0.18407964837315302,0.18421354243887914,3.6992107357306105,226
10,B,756,False,6.978071327345511,0.2904429583271022,0.2905278374175113,3.634299582381511,249
10,B,790,False,6.310235198625461,1.4891454427702633,1.489161999916779,3.8996985992711197,96
10,B,690,False,5.733665812045353,1.5850138694000657,1.5850294251095989,3.659347618577476,239
10,B,343,False,5.165378619031362,1.5599751965371982,1.559991001924039,3.3626848104777003,314
10,B,97,False,5.69444023596269,1.090947949301115,1.0909705497202962,3.392705392841493,310
10,B,520,False,5.802378718987639,1.506628540042387,1.5066449050598991,3.6545118120237694,244
10,B,90,False,5.4697267435847845,1.0103036559971743,1.0103280603813565,3.2400274019830704,329
10,B,423,False,6.21034513370471,1.6257363376123053,1.6257515036763055,3.9180483186905075,77
10,B,736,True,6.399165278016477,1.5885066136627344,1.5885221351693357,3.9938437065929064,22
10,B,685,False,6.303391687352947,1.5424258841249041,1.542441869339389,3.9229167783461683,72
10,B,618,False,5.369329866058994,1.3457615130943898,1.3457798342963823,3.357554850177688,317
10,B,102,False,5.763037233616434,1.1900286291685636,1.1900493479320542,3.476543290774244,295
10,B,508,False,6.310979552311233,1.4247712769488896,1.4247885821732524,3.8678840672422425,124
10,B,739,False,5.843361722047442,1.540967180224152,1.540983180570337,3.6921724513088896,229
10,B,475,False,5.671972820771522,1.5156420786804048,1.5156583463760411,3.5938155835737815,257
