dataset,representation,kernel,protocol,mae_gain_mean,mae_gain_sd,recall_gain_mean,recall_gain_sd,auc_gain_mean,auc_gain_sd
biodolphin_Kd,chemberta,linear,random,0.0,0.0,0.0,0.0,0.0,0.0
biodolphin_Kd,chemberta,linear,thompson,-0.09674750054147496,0.0856974344763996,0.48571428571428577,0.014285714285714297,0.34095238095238095,0.06999392587835002
biodolphin_Kd,chemberta,linear,ucb_alternate,-0.07362194567113929,0.07989368659709664,0.46666666666666673,0.008247860988423237,0.3552380952380952,0.02439401621732039
biodolphin_Kd,chemberta,linear,ucb_balanced,-0.10420172262407361,0.022849316113006016,0.480952380952381,0.02182178902359927,0.46166666666666667,0.03270409489848714
biodolphin_Kd,chemberta,linear,ucb_exploit_heavy,-0.09218460253233089,0.08144762647519734,0.461904761904762,0.02182178902359922,0.503095238095238,0.03374826778119576
biodolphin_Kd,chemberta,linear,ucb_explore_heavy,-0.0931661964843109,0.09488279429977749,0.4000000000000001,0.07953949089757167,0.013333333333333336,0.019591925311591152
biodolphin_Kd,chemberta,linear,ucb_gradual,-0.1398302726225097,0.052395941493341244,0.461904761904762,0.02182178902359922,0.2816666666666667,0.03714514644959568
biodolphin_Kd,chemberta,linear,ucb_sandwich,-0.0974060529184112,0.03334789235589213,0.461904761904762,0.02182178902359922,0.37785714285714284,0.026944765876942948
biodolphin_Kd,chemberta,matern32,random,0.0,0.0,0.0,0.0,0.0,0.0
biodolphin_Kd,chemberta,matern32,thompson,-0.048685688090594335,0.04492588171076794,0.5285714285714286,0.0377964473009227,0.47214285714285714,0.0692857142857143
biodolphin_Kd,chemberta,matern32,ucb_alternate,-0.1438802751337104,0.08710899624954743,0.4142857142857143,0.10301575072754254,0.36214285714285716,0.05215753218151051
biodolphin_Kd,chemberta,matern32,ucb_balanced,-0.1172525575731755,0.028873494196515772,0.5190476190476191,0.00824786098842326,0.5426190476190477,0.04422999567043619
biodolphin_Kd,chemberta,matern32,ucb_exploit_heavy,-0.12792639207227105,0.05932517037539006,0.4761904761904763,0.021821789023599276,0.5171428571428572,0.03847209431284363
biodolphin_Kd,chemberta,matern32,ucb_explore_heavy,-0.12026329736729169,0.11253157998767244,0.40952380952380957,0.04592214648091884,0.03380952380952381,0.03496596985097155
biodolphin_Kd,chemberta,matern32,ucb_gradual,-0.12811362036867793,0.034890503505760895,0.5142857142857143,0.02857142857142861,0.3047619047619048,0.06529889415779792
biodolphin_Kd,chemberta,matern32,ucb_sandwich,-0.13585535588705097,0.059562286581086005,0.4285714285714286,0.02857142857142858,0.33761904761904765,0.04195073236045141
biodolphin_Kd,chemberta,rbf,random,0.0,0.0,0.0,0.0,0.0,0.0
biodolphin_Kd,chemberta,rbf,thompson,-0.10923345000952651,0.03229998903548983,0.5,0.04948716593053935,0.43404761904761907,0.052708929912463676
biodolphin_Kd,chemberta,rbf,ucb_alternate,-0.12645266930251717,0.042357525921288296,0.5095238095238096,0.0786795792469443,0.3754761904761905,0.033291640592397004
biodolphin_Kd,chemberta,rbf,ucb_balanced,-0.1078434429412299,0.04914337646785213,0.5476190476190478,0.04592214648091879,0.5297619047619049,0.04359094020581821
biodolphin_Kd,chemberta,rbf,ucb_exploit_heavy,-0.13345534344073226,0.050144707386070256,0.43809523809523815,0.0577350269189625,0.48238095238095235,0.04271603754967877
biodolphin_Kd,chemberta,rbf,ucb_explore_heavy,-0.12531764809357182,0.10419200732159568,0.43809523809523815,0.01649572197684645,0.04571428571428574,0.04216101303821064
biodolphin_Kd,chemberta,rbf,ucb_gradual,-0.13263426891620203,0.030738482057316493,0.4904761904761905,0.06441785361175563,0.3178571428571429,0.06168964455156112
biodolphin_Kd,chemberta,rbf,ucb_sandwich,-0.1315844270692219,0.037000523822269614,0.3428571428571429,0.12453996981544779,0.30333333333333334,0.0652207137081359
biodolphin_Kd,chemberta,rq,random,0.0,0.0,0.0,0.0,0.0,0.0
biodolphin_Kd,chemberta,rq,thompson,-0.08786855617055138,0.02883960969747715,0.5000000000000001,0.0654653670707977,0.4388095238095238,0.05994186526030335
biodolphin_Kd,chemberta,rq,ucb_alternate,-0.08977274696734223,0.06791129574228821,0.5142857142857143,0.0714285714285714,0.38095238095238093,0.029660780582478015
biodolphin_Kd,chemberta,rq,ucb_balanced,-0.149334263136103,0.07987554171811377,0.5333333333333333,0.02182178902359917,0.5276190476190478,0.044563262377675016
biodolphin_Kd,chemberta,rq,ucb_exploit_heavy,-0.14316319856968976,0.06671887711126019,0.47142857142857153,0.02474358296526971,0.5088095238095237,0.031186840936828643
biodolphin_Kd,chemberta,rq,ucb_explore_heavy,-0.11616178351093365,0.09302878767800747,0.43809523809523815,0.01649572197684645,0.040952380952381,0.03889633877459461
biodolphin_Kd,chemberta,rq,ucb_gradual,-0.14254272761873965,0.031275455811349114,0.5000000000000001,0.0515078753637712,0.3188095238095238,0.06223037078162918
biodolphin_Kd,chemberta,rq,ucb_sandwich,-0.13273495629265727,0.0387559983425582,0.3428571428571429,0.12453996981544779,0.30333333333333334,0.0652207137081359
biodolphin_Kd,chemberta,tanimoto,random,0.0,0.0,0.0,0.0,0.0,0.0
biodolphin_Kd,chemberta,tanimoto,thompson,-0.06127932753229822,0.021778181241578206,0.5190476190476191,0.06441785361175559,0.46309523809523817,0.0678095070893506
biodolphin_Kd,chemberta,tanimoto,ucb_alternate,-0.08857776855204824,0.038855888562982444,0.4761904761904763,0.0719031850978167,0.39904761904761915,0.07048423377525188
biodolphin_Kd,chemberta,tanimoto,ucb_balanced,-0.11914733943354021,0.002266839803647798,0.480952380952381,0.02973808570665905,0.5197619047619049,0.0472203547716651
biodolphin_Kd,chemberta,tanimoto,ucb_exploit_heavy,-0.13101887257978803,0.05148855159966207,0.49523809523809526,0.03299144395369291,0.5147619047619049,0.0499046710286342
biodolphin_Kd,chemberta,tanimoto,ucb_explore_heavy,-0.10258471986841174,0.07337419986775291,0.43809523809523815,0.08728715609439693,0.033809523809523796,0.043197064652101304
biodolphin_Kd,chemberta,tanimoto,ucb_gradual,-0.12739673461350146,0.04895356130957232,0.5285714285714286,0.0515078753637713,0.3221428571428571,0.07154633149938866
biodolphin_Kd,chemberta,tanimoto,ucb_sandwich,-0.09511987863275069,0.045442153247639776,0.5190476190476191,0.07190318509781665,0.39071428571428574,0.07687785169756409
biodolphin_Kd,ecfp,linear,random,0.0,0.0,0.0,0.0,0.0,0.0
biodolphin_Kd,ecfp,linear,thompson,-0.09655987624845563,0.029877841128028527,0.480952380952381,0.06598288790738577,0.39690476190476187,0.02149196970742239
biodolphin_Kd,ecfp,linear,ucb_alternate,-0.11952485340929546,0.058487791652472775,0.5285714285714286,0.042857142857142885,0.3902380952380953,0.017876180328281883
biodolphin_Kd,ecfp,linear,ucb_balanced,-0.1145513792458817,0.020486578679413718,0.5380952380952381,0.01649572197684639,0.506904761904762,0.030113165245261607
biodolphin_Kd,ecfp,linear,ucb_exploit_heavy,-0.12100256196851462,0.04188651870481827,0.5000000000000001,0.049487165930539326,0.48404761904761906,0.018644544714716035
biodolphin_Kd,ecfp,linear,ucb_explore_heavy,-0.12921146028874234,0.029029491570273368,0.48571428571428577,0.05150787536377128,0.09428571428571432,0.03821929206191932
biodolphin_Kd,ecfp,linear,ucb_gradual,-0.1583553539738672,0.057757557647626974,0.480952380952381,0.008247860988423252,0.31023809523809526,0.008581343471876229
biodolphin_Kd,ecfp,linear,ucb_sandwich,-0.11944291463325844,0.04612499221093098,0.4666666666666668,0.016495721976846418,0.37333333333333335,0.018424325830621938
biodolphin_Kd,ecfp,matern32,random,0.0,0.0,0.0,0.0,0.0,0.0
biodolphin_Kd,ecfp,matern32,thompson,-0.08673145999869865,0.054204672425412374,0.48571428571428577,0.0654653670707977,0.4385714285714286,0.08115555735620276
biodolphin_Kd,ecfp,matern32,ucb_alternate,-0.06936836640899573,0.09605335982288603,0.46666666666666673,0.13875049794603295,0.37714285714285717,0.03301978380378915
biodolphin_Kd,ecfp,matern32,ucb_balanced,-0.08021113099256254,0.05874109527020883,0.47142857142857153,0.11338934190276813,0.4640476190476191,0.07063969129600263
biodolphin_Kd,ecfp,matern32,ucb_exploit_heavy,-0.40797665152723983,0.40923915245601317,0.36190476190476195,0.10135141263710837,0.41523809523809524,0.060171240898725886
biodolphin_Kd,ecfp,matern32,ucb_explore_heavy,-0.08420464662231981,0.09385262397196145,0.4238095238095238,0.07867957924694431,0.0540476190476191,0.02866354199075521
biodolphin_Kd,ecfp,matern32,ucb_gradual,-0.13094911527693687,0.035529550280511364,0.4285714285714286,0.09999999999999994,0.29190476190476194,0.02369376622285126
biodolphin_Kd,ecfp,matern32,ucb_sandwich,-0.11418893986017697,0.08378500861964207,0.39523809523809533,0.10816968277714807,0.33357142857142863,0.06367968310863621
biodolphin_Kd,ecfp,rbf,random,0.0,0.0,0.0,0.0,0.0,0.0
biodolphin_Kd,ecfp,rbf,thompson,-0.10081876018979741,0.028628190677861175,0.480952380952381,0.07867957924694433,0.45500000000000007,0.04656025282209216
biodolphin_Kd,ecfp,rbf,ucb_alternate,-0.1589400233136059,0.1303189896174148,0.42380952380952386,0.11980710119437257,0.36880952380952375,0.0443336913698396
biodolphin_Kd,ecfp,rbf,ucb_balanced,-0.14616974325117568,0.10669594927669313,0.5000000000000001,0.04285714285714286,0.48785714285714293,0.017942652410114987
biodolphin_Kd,ecfp,rbf,ucb_exploit_heavy,-0.1416237439412851,0.04778285557380842,0.46666666666666673,0.03299144395369292,0.46571428571428575,0.035109159221269996
biodolphin_Kd,ecfp,rbf,ucb_explore_heavy,-0.15863777495344147,0.0850003478510584,0.4000000000000001,0.03779644730092275,0.03095238095238097,0.0460829627496141
biodolphin_Kd,ecfp,rbf,ucb_gradual,-0.1789439204630029,0.0809791217377558,0.48571428571428577,0.014285714285714346,0.29571428571428576,0.03171138982917598
biodolphin_Kd,ecfp,rbf,ucb_sandwich,-0.17114560949859395,0.13453065574230083,0.4190476190476191,0.03595159254890831,0.3333333333333333,0.005729147340721882
biodolphin_Kd,ecfp,rq,random,0.0,0.0,0.0,0.0,0.0,0.0
biodolphin_Kd,ecfp,rq,thompson,-0.09490622081630469,0.045017167564644224,0.5047619047619049,0.04592214648091878,0.47000000000000003,0.03278719262151001
biodolphin_Kd,ecfp,rq,ucb_alternate,-0.13957806892834443,0.11179598747975646,0.42857142857142866,0.14914723584157927,0.3461904761904762,0.03329164059239692
biodolphin_Kd,ecfp,rq,ucb_balanced,-0.1532000690893388,0.055753281678467034,0.4761904761904763,0.02182178902359928,0.5080952380952382,0.05561499088271401
biodolphin_Kd,ecfp,rq,ucb_exploit_heavy,-0.18281299315293523,0.08740611350850144,0.4523809523809524,0.04592214648091886,0.4564285714285714,0.02882919438658656
biodolphin_Kd,ecfp,rq,ucb_explore_heavy,-0.10993070106623341,0.055406396292046134,0.4142857142857143,0.028571428571428636,0.03071428571428574,0.04542318027309905
biodolphin_Kd,ecfp,rq,ucb_gradual,-0.16854985342386708,0.06700073513774399,0.46666666666666673,0.008247860988423127,0.27666666666666667,0.03452545152088663
biodolphin_Kd,ecfp,rq,ucb_sandwich,-0.11862706355945744,0.08499228926824397,0.4761904761904763,0.021821789023599217,0.36047619047619056,0.03164159408421894
biodolphin_Kd,ecfp,tanimoto,random,0.0,0.0,0.0,0.0,0.0,0.0
biodolphin_Kd,ecfp,tanimoto,thompson,-0.11206017132319213,0.1053315209298146,0.5000000000000001,0.05150787536377125,0.45595238095238094,0.05977992519050445
biodolphin_Kd,ecfp,tanimoto,ucb_alternate,-0.12706284906134802,0.06895361237930457,0.4333333333333334,0.03299144395369285,0.35023809523809524,0.01864454471471618
biodolphin_Kd,ecfp,tanimoto,ucb_balanced,-0.1490114610141278,0.05130070705209204,0.5095238095238096,0.01649572197684643,0.5292857142857144,0.022990681342044475
biodolphin_Kd,ecfp,tanimoto,ucb_exploit_heavy,-0.11437282610467332,0.025180825260298318,0.4761904761904763,0.021821789023599204,0.49238095238095236,0.005167270098621691
biodolphin_Kd,ecfp,tanimoto,ucb_explore_heavy,-0.11420497146993054,0.017886479459947226,0.34761904761904766,0.07867957924694426,0.0059523809523809685,0.0309239796437458
biodolphin_Kd,ecfp,tanimoto,ucb_gradual,-0.13957844150427842,0.03918593297542571,0.4904761904761905,0.02973808570665904,0.295952380952381,0.03261035685406807
biodolphin_Kd,ecfp,tanimoto,ucb_sandwich,-0.10008348548251378,0.07056224478905422,0.4523809523809524,0.0733085919920983,0.3516666666666666,0.03691090578658826
biodolphin_Kd,maccs,linear,random,0.0,0.0,0.0,0.0,0.0,0.0
biodolphin_Kd,maccs,linear,thompson,-0.08758891821398389,0.03885307564863225,0.4904761904761905,0.06598288790738578,0.3988095238095239,0.05785861256216784
biodolphin_Kd,maccs,linear,ucb_alternate,-0.06797016351204248,0.055344251413211046,0.5238095238095238,0.054084841388574036,0.39285714285714285,0.05170066908342158
biodolphin_Kd,maccs,linear,ucb_balanced,-0.1181284296531742,0.07872760431389654,0.4904761904761905,0.02973808570665905,0.5030952380952382,0.024705751347810976
biodolphin_Kd,maccs,linear,ucb_exploit_heavy,-0.1243474818909885,0.06308614669430412,0.5238095238095238,0.029738085706659062,0.5209523809523811,0.03666125501190086
biodolphin_Kd,maccs,linear,ucb_explore_heavy,-0.08159484773236514,0.09608376131789757,0.4714285714285715,0.07142857142857144,0.031190476190476175,0.02515597601469085
biodolphin_Kd,maccs,linear,ucb_gradual,-0.08928397998140085,0.019049182057650618,0.5285714285714286,0.0515078753637713,0.2907142857142857,0.01991051409252337
biodolphin_Kd,maccs,linear,ucb_sandwich,-0.07404151104198649,0.06219219361511778,0.5333333333333333,0.02182178902359924,0.38333333333333336,0.03854717050240519
biodolphin_Kd,maccs,matern32,random,0.0,0.0,0.0,0.0,0.0,0.0
biodolphin_Kd,maccs,matern32,thompson,-0.08729537903819791,0.04108408233388473,0.4142857142857143,0.14846149779161802,0.4216666666666667,0.052960002877283675
biodolphin_Kd,maccs,matern32,ucb_alternate,-0.09586450349658988,0.06474783135094006,0.48571428571428577,0.05150787536377132,0.4104761904761905,0.07035744500781145
biodolphin_Kd,maccs,matern32,ucb_balanced,-0.12436382365583525,0.05144470374659368,0.5190476190476191,0.07330859199209837,0.5254761904761905,0.029052497638716424
biodolphin_Kd,maccs,matern32,ucb_exploit_heavy,-0.13720953099276736,0.053434059139435365,0.4428571428571429,0.051507875363771265,0.4673809523809524,0.04193248541803033
biodolphin_Kd,maccs,matern32,ucb_explore_heavy,-0.06887084300220558,0.05414103483751617,0.4428571428571429,0.11693361102674926,0.03119047619047623,0.029917687531139263
biodolphin_Kd,maccs,matern32,ucb_gradual,-0.12152626586765321,0.025513890777308444,0.5238095238095238,0.05408484138857403,0.33523809523809533,0.05037782418949857
biodolphin_Kd,maccs,matern32,ucb_sandwich,-0.11479266792531624,0.052990927283982504,0.5095238095238096,0.07190318509781662,0.395,0.0818535277187245
biodolphin_Kd,maccs,rbf,random,0.0,0.0,0.0,0.0,0.0,0.0
biodolphin_Kd,maccs,rbf,thompson,-0.10658483967437875,0.09547384666962055,0.43809523809523815,0.07330859199209831,0.43476190476190474,0.03306096203809496
biodolphin_Kd,maccs,rbf,ucb_alternate,-0.10366039047351287,0.04785574812222173,0.4428571428571429,0.14285714285714285,0.3892857142857144,0.10288690045731916
biodolphin_Kd,maccs,rbf,ucb_balanced,-0.38957983228566634,0.4155359226852436,0.5142857142857143,0.0654653670707977,0.5276190476190478,0.02990062907444628
biodolphin_Kd,maccs,rbf,ucb_exploit_heavy,-0.3776764923764057,0.41650261235902186,0.3666666666666667,0.11547005383792514,0.4354761904761905,0.078263465729721
biodolphin_Kd,maccs,rbf,ucb_explore_heavy,-0.10733560830071147,0.05786268099507987,0.4428571428571429,0.09999999999999998,0.04642857142857145,0.04750402775619377
biodolphin_Kd,maccs,rbf,ucb_gradual,-0.11417339207095271,0.04185772612027912,0.5428571428571429,0.03779644730092267,0.3390476190476191,0.05613546540459496
biodolphin_Kd,maccs,rbf,ucb_sandwich,-0.12234111289657361,0.03380201363547846,0.48571428571428577,0.08689660757568883,0.38095238095238093,0.09371671744812507
biodolphin_Kd,maccs,rq,random,0.0,0.0,0.0,0.0,0.0,0.0
biodolphin_Kd,maccs,rq,thompson,-0.10095553171255038,0.09108685148850867,0.39523809523809533,0.09511897312113417,0.4083333333333334,0.05855545659115507
biodolphin_Kd,maccs,rq,ucb_alternate,-0.14366088033431332,0.10084118023158814,0.4333333333333334,0.15735915849388862,0.3935714285714285,0.10145874802608398
biodolphin_Kd,maccs,rq,ucb_balanced,-0.4371444065626135,0.387761493277183,0.48571428571428577,0.08921425711997709,0.49904761904761913,0.05436241448688185
biodolphin_Kd,maccs,rq,ucb_exploit_heavy,-0.17279392940531935,0.10237449601650471,0.39523809523809533,0.14451419909993823,0.44023809523809526,0.08161111535605836
biodolphin_Kd,maccs,rq,ucb_explore_heavy,-0.11403465491213782,0.0820256441176956,0.44761904761904775,0.07867957924694431,0.062380952380952426,0.036591605297271346
biodolphin_Kd,maccs,rq,ucb_gradual,-0.10845919839216438,0.04499466238761251,0.5285714285714286,0.051507875363771286,0.3216666666666667,0.07196347335001724
biodolphin_Kd,maccs,rq,ucb_sandwich,-0.10113917066804083,0.04052578415104288,0.5095238095238096,0.07190318509781662,0.3878571428571429,0.09156240205121186
biodolphin_Kd,maccs,tanimoto,random,0.0,0.0,0.0,0.0,0.0,0.0
biodolphin_Kd,maccs,tanimoto,thompson,-0.0643225465116749,0.08251717896841859,0.5190476190476191,0.06441785361175559,0.4711904761904762,0.04174957737372147
biodolphin_Kd,maccs,tanimoto,ucb_alternate,-0.12634138408332105,0.07942008990130021,0.4904761904761905,0.08728715609439694,0.3788095238095239,0.08331564438110924
biodolphin_Kd,maccs,tanimoto,ucb_balanced,-0.12085965322900454,0.03686571993773937,0.4904761904761905,0.02973808570665905,0.5369047619047619,0.038040883842747585
biodolphin_Kd,maccs,tanimoto,ucb_exploit_heavy,-0.12265329595489187,0.019096877188794673,0.4428571428571429,0.03779644730092271,0.5088095238095239,0.03741884642833355
biodolphin_Kd,maccs,tanimoto,ucb_explore_heavy,-0.0818966511949123,0.08964456457876127,0.3904761904761906,0.10033955955097844,-0.009523809523809499,0.03595159254890837
biodolphin_Kd,maccs,tanimoto,ucb_gradual,-0.12405003710927787,0.07187532469290188,0.4952380952380953,0.03595159254890838,0.28571428571428575,0.06257648381405438
biodolphin_Kd,maccs,tanimoto,ucb_sandwich,-0.1306786203212824,0.04594059988730092,0.4761904761904763,0.08123201004396188,0.37047619047619046,0.07374920730578266
biodolphin_Kd_889201f64e9f,chemberta,linear,random,0.0,0.0,0.0,0.0,0.0,0.0
biodolphin_Kd_889201f64e9f,chemberta,linear,thompson,-0.0045386677436178675,0.05260733913962066,0.0,0.0,1.850371707708594e-17,0.16666666666666666
biodolphin_Kd_889201f64e9f,chemberta,linear,ucb_alternate,0.015214644863775115,0.026372243356093256,0.0,0.0,0.16666666666666666,0.28867513459481287
biodolphin_Kd_889201f64e9f,chemberta,linear,ucb_balanced,0.019737431108319825,0.023461098895906952,0.0,0.0,0.16666666666666666,0.28867513459481287
biodolphin_Kd_889201f64e9f,chemberta,linear,ucb_exploit_heavy,0.008913966064015325,0.007741727407941617,0.0,0.0,0.16666666666666666,0.28867513459481287
biodolphin_Kd_889201f64e9f,chemberta,linear,ucb_explore_heavy,0.015214690223967329,0.026372225672425316,0.0,0.0,0.05555555555555556,0.09622504486493764
biodolphin_Kd_889201f64e9f,chemberta,linear,ucb_gradual,0.015214628222030532,0.02637218150038819,0.0,0.0,0.0,0.0
biodolphin_Kd_889201f64e9f,chemberta,linear,ucb_sandwich,0.008913961907851172,0.00774172398096022,0.0,0.0,0.05555555555555556,0.09622504486493764
biodolphin_Kd_889201f64e9f,chemberta,matern32,random,0.0,0.0,0.0,0.0,0.0,0.0
biodolphin_Kd_889201f64e9f,chemberta,matern32,thompson,0.028573513579365883,0.06590496115869278,-0.3333333333333333,0.5773502691896258,-0.4166666666666667,0.46398036356916844
biodolphin_Kd_889201f64e9f,chemberta,matern32,ucb_alternate,0.034858750133069126,0.059743071481592004,0.0,0.0,0.16666666666666666,0.28867513459481287
biodolphin_Kd_889201f64e9f,chemberta,matern32,ucb_balanced,0.03486304089994219,0.059739395569945154,0.0,0.0,0.16666666666666666,0.28867513459481287
biodolphin_Kd_889201f64e9f,chemberta,matern32,ucb_exploit_heavy,0.03485872911245395,0.059743089878455155,0.0,0.0,0.16666666666666666,0.28867513459481287
biodolphin_Kd_889201f64e9f,chemberta,matern32,ucb_explore_heavy,0.010164740195002084,0.08906662216128505,0.0,0.0,-0.2777777777777778,0.3469443332443555
biodolphin_Kd_889201f64e9f,chemberta,matern32,ucb_gradual,0.03471861172346502,0.05986333686875487,0.0,0.0,0.05555555555555556,0.25458753860865774
biodolphin_Kd_889201f64e9f,chemberta,matern32,ucb_sandwich,0.03469827324403522,0.05988097555411041,0.0,0.0,0.05555555555555556,0.25458753860865774
biodolphin_Kd_889201f64e9f,chemberta,rbf,random,0.0,0.0,0.0,0.0,0.0,0.0
biodolphin_Kd_889201f64e9f,chemberta,rbf,thompson,0.02795484207847031,0.06627780012034291,-0.3333333333333333,0.5773502691896258,-0.4166666666666667,0.46398036356916844
biodolphin_Kd_889201f64e9f,chemberta,rbf,ucb_alternate,0.03545974346196774,0.059242562284667136,-0.3333333333333333,0.5773502691896258,-0.1388888888888889,0.718473175354309
biodolphin_Kd_889201f64e9f,chemberta,rbf,ucb_balanced,0.035459744881399274,0.05924256111209447,0.0,0.0,-0.11111111111111115,0.6735753140545634
biodolphin_Kd_889201f64e9f,chemberta,rbf,ucb_exploit_heavy,0.035459744881399274,0.05924256111209447,-0.3333333333333333,0.5773502691896258,-0.1388888888888889,0.718473175354309
biodolphin_Kd_889201f64e9f,chemberta,rbf,ucb_explore_heavy,0.00038327937160830455,0.10292491342635725,-0.3333333333333333,0.5773502691896258,-0.36111111111111116,0.4882887730901929
biodolphin_Kd_889201f64e9f,chemberta,rbf,ucb_gradual,0.03436320544588584,0.06017153491451956,-0.3333333333333333,0.5773502691896258,-0.19444444444444445,0.6472877887628358
biodolphin_Kd_889201f64e9f,chemberta,rbf,ucb_sandwich,0.03402993883024407,0.06046172386373036,-0.3333333333333333,0.5773502691896258,-0.19444444444444445,0.6472877887628358
biodolphin_Kd_889201f64e9f,chemberta,rq,random,0.0,0.0,0.0,0.0,0.0,0.0
biodolphin_Kd_889201f64e9f,chemberta,rq,thompson,0.028356067620917507,0.0660496602464512,-0.3333333333333333,0.5773502691896258,-0.4166666666666667,0.46398036356916844
biodolphin_Kd_889201f64e9f,chemberta,rq,ucb_alternate,0.03462740119237512,0.05994332239361819,0.0,0.0,0.16666666666666666,0.28867513459481287
biodolphin_Kd_889201f64e9f,chemberta,rq,ucb_balanced,0.03462805404171607,0.05994275725511657,0.0,0.0,0.16666666666666666,0.28867513459481287
biodolphin_Kd_889201f64e9f,chemberta,rq,ucb_exploit_heavy,0.03462740120583605,0.059943322376637534,0.0,0.0,0.16666666666666666,0.28867513459481287
biodolphin_Kd_889201f64e9f,chemberta,rq,ucb_explore_heavy,-0.0011600186977035742,0.10534561679862227,0.0,0.0,-0.2777777777777778,0.3469443332443555
biodolphin_Kd_889201f64e9f,chemberta,rq,ucb_gradual,0.0005037429032390498,0.1030770297858093,0.0,0.0,0.05555555555555556,0.25458753860865774
biodolphin_Kd_889201f64e9f,chemberta,rq,ucb_sandwich,0.0005037429032390498,0.1030770297858093,0.0,0.0,0.05555555555555556,0.25458753860865774
biodolphin_Kd_889201f64e9f,chemberta,tanimoto,random,0.0,0.0,0.0,0.0,0.0,0.0
biodolphin_Kd_889201f64e9f,chemberta,tanimoto,thompson,0.0436382616276987,0.054104556385474546,-0.3333333333333333,0.5773502691896258,-0.24999999999999997,0.5833333333333334
biodolphin_Kd_889201f64e9f,chemberta,tanimoto,ucb_alternate,0.028670182467995225,0.049648442319981875,0.0,0.0,0.16666666666666666,0.28867513459481287
biodolphin_Kd_889201f64e9f,chemberta,tanimoto,ucb_balanced,0.008915192819292409,0.007721831059691325,0.0,0.0,0.16666666666666666,0.28867513459481287
biodolphin_Kd_889201f64e9f,chemberta,tanimoto,ucb_exploit_heavy,0.008913014190418816,0.07303848171837872,0.0,0.0,0.16666666666666666,0.28867513459481287
biodolphin_Kd_889201f64e9f,chemberta,tanimoto,ucb_explore_heavy,0.008914923350256584,0.07303886887346667,0.0,0.0,-0.3333333333333333,0.3333333333333333
biodolphin_Kd_889201f64e9f,chemberta,tanimoto,ucb_gradual,-0.0018818028215345877,0.016111153047964902,0.0,0.0,1.850371707708594e-17,0.16666666666666666
biodolphin_Kd_889201f64e9f,chemberta,tanimoto,ucb_sandwich,0.008913768595506086,0.07303742500866117,0.0,0.0,1.850371707708594e-17,0.16666666666666666
biodolphin_Kd_889201f64e9f,ecfp,linear,random,0.0,0.0,0.0,0.0,0.0,0.0
biodolphin_Kd_889201f64e9f,ecfp,linear,thompson,0.08779292208248847,0.2716528082730784,-0.3333333333333333,0.5773502691896258,-0.1388888888888889,0.718473175354309
biodolphin_Kd_889201f64e9f,ecfp,linear,ucb_alternate,0.10798479028075973,0.25412767918821805,-0.3333333333333333,0.5773502691896258,-0.1388888888888889,0.2405626121623441
biodolphin_Kd_889201f64e9f,ecfp,linear,ucb_balanced,0.058706399746312865,0.21815853805953236,0.0,0.0,-0.11111111111111112,0.1924500897298753
biodolphin_Kd_889201f64e9f,ecfp,linear,ucb_exploit_heavy,0.0914587738453873,0.2577942112580283,0.0,0.0,-0.11111111111111112,0.1924500897298753
biodolphin_Kd_889201f64e9f,ecfp,linear,ucb_explore_heavy,0.058706533177455444,0.21815875820750297,0.0,0.0,-0.11111111111111112,0.1924500897298753
biodolphin_Kd_889201f64e9f,ecfp,linear,ucb_gradual,0.05870639962590074,0.21815853815475014,0.0,0.0,-0.11111111111111112,0.1924500897298753
biodolphin_Kd_889201f64e9f,ecfp,linear,ucb_sandwich,0.08296727225205884,0.25858794859018724,0.0,0.0,-0.11111111111111112,0.1924500897298753
biodolphin_Kd_889201f64e9f,ecfp,matern32,random,0.0,0.0,0.0,0.0,0.0,0.0
biodolphin_Kd_889201f64e9f,ecfp,matern32,thompson,-0.006269205209823732,0.01086205144135344,0.0,0.0,-0.3888888888888889,0.4194352464039306
biodolphin_Kd_889201f64e9f,ecfp,matern32,ucb_alternate,0.018924397976527008,0.04996264729781228,0.0,0.0,-0.11111111111111112,0.1924500897298753
biodolphin_Kd_889201f64e9f,ecfp,matern32,ucb_balanced,0.02974248711737104,0.040282350473317394,0.0,0.0,0.0,0.0
biodolphin_Kd_889201f64e9f,ecfp,matern32,ucb_exploit_heavy,0.029742586279978056,0.04028224064777193,0.0,0.0,0.0,0.0
biodolphin_Kd_889201f64e9f,ecfp,matern32,ucb_explore_heavy,0.017722532078544646,0.05134837612816671,0.0,0.0,-0.3333333333333333,0.3333333333333333
biodolphin_Kd_889201f64e9f,ecfp,matern32,ucb_gradual,0.02971507354374542,0.040298809442623144,0.0,0.0,-0.1111111111111111,0.09622504486493763
biodolphin_Kd_889201f64e9f,ecfp,matern32,ucb_sandwich,0.032538053053905024,0.03736645899418081,-0.3333333333333333,0.5773502691896258,-0.19444444444444442,0.20971762320196527
biodolphin_Kd_889201f64e9f,ecfp,rbf,random,0.0,0.0,0.0,0.0,0.0,0.0
biodolphin_Kd_889201f64e9f,ecfp,rbf,thompson,0.028343889898765528,0.06605745200857584,-0.3333333333333333,0.5773502691896258,-0.4166666666666667,0.46398036356916844
biodolphin_Kd_889201f64e9f,ecfp,rbf,ucb_alternate,0.028343889898765823,0.06605745200857552,-0.3333333333333333,0.5773502691896258,-0.3055555555555555,0.529237746757157
biodolphin_Kd_889201f64e9f,ecfp,rbf,ucb_balanced,0.008904476944165593,0.03307972384017646,-0.3333333333333333,0.5773502691896258,-0.4166666666666667,0.4166666666666667
biodolphin_Kd_889201f64e9f,ecfp,rbf,ucb_exploit_heavy,0.03461442494385694,0.05995394267753971,-0.3333333333333333,0.5773502691896258,-0.36111111111111116,0.4882887730901929
biodolphin_Kd_889201f64e9f,ecfp,rbf,ucb_explore_heavy,0.008904476944165593,0.03307972384017646,0.0,0.0,-0.2777777777777778,0.4811252243246882
biodolphin_Kd_889201f64e9f,ecfp,rbf,ucb_gradual,0.008904476944165593,0.03307972384017646,-0.3333333333333333,0.5773502691896258,-0.4166666666666667,0.4166666666666667
biodolphin_Kd_889201f64e9f,ecfp,rbf,ucb_sandwich,0.03461442494385694,0.05995394267753971,-0.3333333333333333,0.5773502691896258,-0.36111111111111116,0.4882887730901929
biodolphin_Kd_889201f64e9f,ecfp,rq,random,0.0,0.0,0.0,0.0,0.0,0.0
biodolphin_Kd_889201f64e9f,ecfp,rq,thompson,-0.006267095933359279,0.010864214234289286,0.0,0.0,-0.3888888888888889,0.4194352464039306
biodolphin_Kd_889201f64e9f,ecfp,rq,ucb_alternate,0.07343457101157573,0.1437929198152255,0.0,0.0,-0.11111111111111112,0.1924500897298753
biodolphin_Kd_889201f64e9f,ecfp,rq,ucb_balanced,0.08425213722152207,0.1342899151116793,0.0,0.0,0.0,0.0
biodolphin_Kd_889201f64e9f,ecfp,rq,ucb_exploit_heavy,0.084254348844038,0.13428783382573622,0.0,0.0,0.0,0.0
biodolphin_Kd_889201f64e9f,ecfp,rq,ucb_explore_heavy,0.07342667862422332,0.14377715007788128,0.0,0.0,-0.3333333333333333,0.3333333333333333
biodolphin_Kd_889201f64e9f,ecfp,rq,ucb_gradual,0.08425362284395084,0.13428731326912213,-0.3333333333333333,0.5773502691896258,-0.19444444444444442,0.20971762320196527
biodolphin_Kd_889201f64e9f,ecfp,rq,ucb_sandwich,0.08425306986383403,0.13428774942221508,-0.3333333333333333,0.5773502691896258,-0.19444444444444442,0.20971762320196527
biodolphin_Kd_889201f64e9f,ecfp,tanimoto,random,0.0,0.0,0.0,0.0,0.0,0.0
biodolphin_Kd_889201f64e9f,ecfp,tanimoto,thompson,0.1149826207311584,0.21570058390971186,-0.3333333333333333,0.5773502691896258,-0.4166666666666667,0.46398036356916844
biodolphin_Kd_889201f64e9f,ecfp,tanimoto,ucb_alternate,0.08460625462788557,0.16315561618605004,0.0,0.0,-0.11111111111111112,0.1924500897298753
biodolphin_Kd_889201f64e9f,ecfp,tanimoto,ucb_balanced,0.08808431184688535,0.15992372197284888,0.0,0.0,0.0,0.0
biodolphin_Kd_889201f64e9f,ecfp,tanimoto,ucb_exploit_heavy,0.09542172371308043,0.15366054542452837,0.0,0.0,0.0,0.0
biodolphin_Kd_889201f64e9f,ecfp,tanimoto,ucb_explore_heavy,0.09541632972583425,0.18185109354508716,0.0,0.0,-0.3333333333333333,0.3333333333333333
biodolphin_Kd_889201f64e9f,ecfp,tanimoto,ucb_gradual,0.0880874870796055,0.15992211182391022,-0.3333333333333333,0.5773502691896258,-0.19444444444444442,0.20971762320196527
biodolphin_Kd_889201f64e9f,ecfp,tanimoto,ucb_sandwich,0.0954027162732108,0.15367915670990637,-0.3333333333333333,0.5773502691896258,-0.19444444444444442,0.20971762320196527
biodolphin_Kd_889201f64e9f,maccs,linear,random,0.0,0.0,0.0,0.0,0.0,0.0
biodolphin_Kd_889201f64e9f,maccs,linear,thompson,0.043586741279137815,0.05401911521702929,-0.3333333333333333,0.5773502691896258,-0.24999999999999997,0.5833333333333334
biodolphin_Kd_889201f64e9f,maccs,linear,ucb_alternate,0.015212635427845603,0.02634334750392284,-0.3333333333333333,0.5773502691896258,-0.1388888888888889,0.2405626121623441
biodolphin_Kd_889201f64e9f,maccs,linear,ucb_balanced,0.004387574192020498,0.007593673062853903,-0.3333333333333333,0.5773502691896258,-0.1388888888888889,0.2405626121623441
biodolphin_Kd_889201f64e9f,maccs,linear,ucb_exploit_heavy,0.008927718069446625,0.007734468786385395,0.0,0.0,-0.11111111111111112,0.1924500897298753
biodolphin_Kd_889201f64e9f,maccs,linear,ucb_explore_heavy,0.004387759188028935,0.007593508297283183,-0.3333333333333333,0.5773502691896258,-0.1388888888888889,0.2405626121623441
biodolphin_Kd_889201f64e9f,maccs,linear,ucb_gradual,0.004388497726996991,0.007592872594282684,-0.3333333333333333,0.5773502691896258,-0.1388888888888889,0.2405626121623441
biodolphin_Kd_889201f64e9f,maccs,linear,ucb_sandwich,0.008927850620815173,0.007734589583567406,0.0,0.0,-0.11111111111111112,0.1924500897298753
biodolphin_Kd_889201f64e9f,maccs,matern32,random,0.0,0.0,0.0,0.0,0.0,0.0
biodolphin_Kd_889201f64e9f,maccs,matern32,thompson,-0.03131588954773048,0.06699570640363312,-0.3333333333333333,0.5773502691896258,-0.24999999999999997,0.5833333333333334
biodolphin_Kd_889201f64e9f,maccs,matern32,ucb_alternate,0.0974876998483407,0.1271378003200247,-0.3333333333333333,0.5773502691896258,-0.4166666666666667,0.4166666666666667
biodolphin_Kd_889201f64e9f,maccs,matern32,ucb_balanced,0.09748770296801218,0.12713779673140682,-0.3333333333333333,0.5773502691896258,-0.4166666666666667,0.4166666666666667
biodolphin_Kd_889201f64e9f,maccs,matern32,ucb_exploit_heavy,0.09748770296801218,0.12713779673140682,-0.3333333333333333,0.5773502691896258,-0.4166666666666667,0.4166666666666667
biodolphin_Kd_889201f64e9f,maccs,matern32,ucb_explore_heavy,0.08299060889423307,0.14503340000893217,-0.3333333333333333,0.5773502691896258,-0.4166666666666667,0.4166666666666667
biodolphin_Kd_889201f64e9f,maccs,matern32,ucb_gradual,0.0829902461070874,0.14503357724864271,-0.3333333333333333,0.5773502691896258,-0.4166666666666667,0.4166666666666667
biodolphin_Kd_889201f64e9f,maccs,matern32,ucb_sandwich,0.0829902461070874,0.14503357724864271,-0.3333333333333333,0.5773502691896258,-0.4166666666666667,0.4166666666666667
biodolphin_Kd_889201f64e9f,maccs,rbf,random,0.0,0.0,0.0,0.0,0.0,0.0
biodolphin_Kd_889201f64e9f,maccs,rbf,thompson,-0.027750166227831274,0.06116447657075999,-0.3333333333333333,0.5773502691896258,-0.24999999999999997,0.5833333333333334
biodolphin_Kd_889201f64e9f,maccs,rbf,ucb_alternate,0.004890967345772268,0.008425722826276565,-0.6666666666666666,0.5773502691896258,-0.4444444444444445,0.4589642122738418
biodolphin_Kd_889201f64e9f,maccs,rbf,ucb_balanced,0.004890967345772268,0.008425722826276565,-0.6666666666666666,0.5773502691896258,-0.4444444444444445,0.4589642122738418
biodolphin_Kd_889201f64e9f,maccs,rbf,ucb_exploit_heavy,0.004890967345772268,0.008425722826276565,-0.6666666666666666,0.5773502691896258,-0.4444444444444445,0.4589642122738418
biodolphin_Kd_889201f64e9f,maccs,rbf,ucb_explore_heavy,0.004890967345772268,0.008425722826276565,-0.6666666666666666,0.5773502691896258,-0.4444444444444445,0.4589642122738418
biodolphin_Kd_889201f64e9f,maccs,rbf,ucb_gradual,0.004890967345772268,0.008425722826276565,-0.6666666666666666,0.5773502691896258,-0.4444444444444445,0.4589642122738418
biodolphin_Kd_889201f64e9f,maccs,rbf,ucb_sandwich,0.004890967345772268,0.008425722826276565,-0.6666666666666666,0.5773502691896258,-0.4444444444444445,0.4589642122738418
biodolphin_Kd_889201f64e9f,maccs,rq,random,0.0,0.0,0.0,0.0,0.0,0.0
biodolphin_Kd_889201f64e9f,maccs,rq,thompson,-0.032539470891818745,0.06978649311780911,-0.3333333333333333,0.5773502691896258,-0.24999999999999997,0.5833333333333334
biodolphin_Kd_889201f64e9f,maccs,rq,ucb_alternate,0.08004789879747448,0.13864296155470054,-0.3333333333333333,0.5773502691896258,-0.4166666666666667,0.4166666666666667
biodolphin_Kd_889201f64e9f,maccs,rq,ucb_balanced,0.08004789879773101,0.13864296155447836,-0.3333333333333333,0.5773502691896258,-0.4166666666666667,0.4166666666666667
biodolphin_Kd_889201f64e9f,maccs,rq,ucb_exploit_heavy,0.08004789879773101,0.13864296155447836,-0.3333333333333333,0.5773502691896258,-0.4166666666666667,0.4166666666666667
biodolphin_Kd_889201f64e9f,maccs,rq,ucb_explore_heavy,0.08004441636359293,0.13864597771585402,-0.3333333333333333,0.5773502691896258,-0.4166666666666667,0.4166666666666667
biodolphin_Kd_889201f64e9f,maccs,rq,ucb_gradual,0.10616928954595471,0.12245904991489252,-0.3333333333333333,0.5773502691896258,-0.4166666666666667,0.4166666666666667
biodolphin_Kd_889201f64e9f,maccs,rq,ucb_sandwich,0.10616928954595471,0.12245904991489252,-0.3333333333333333,0.5773502691896258,-0.4166666666666667,0.4166666666666667
biodolphin_Kd_889201f64e9f,maccs,tanimoto,random,0.0,0.0,0.0,0.0,0.0,0.0
biodolphin_Kd_889201f64e9f,maccs,tanimoto,thompson,0.04360826375480514,0.05405101490132212,-0.3333333333333333,0.5773502691896258,-0.24999999999999997,0.5833333333333334
biodolphin_Kd_889201f64e9f,maccs,tanimoto,ucb_alternate,0.03472401539715903,0.06012318435417852,-0.3333333333333333,0.5773502691896258,-0.4166666666666667,0.4166666666666667
biodolphin_Kd_889201f64e9f,maccs,tanimoto,ucb_balanced,0.028690530063432095,0.04967944483214242,-0.3333333333333333,0.5773502691896258,-0.25,0.22047927592204924
biodolphin_Kd_889201f64e9f,maccs,tanimoto,ucb_exploit_heavy,0.03472311701724309,0.06012396236734771,-0.3333333333333333,0.5773502691896258,-0.25,0.22047927592204924
biodolphin_Kd_889201f64e9f,maccs,tanimoto,ucb_explore_heavy,0.03472385017135767,0.06012332450086729,-0.3333333333333333,0.5773502691896258,-0.36111111111111116,0.33678765702728164
biodolphin_Kd_889201f64e9f,maccs,tanimoto,ucb_gradual,0.02869210273445365,0.049678082284869925,-0.3333333333333333,0.5773502691896258,-0.25,0.22047927592204924
biodolphin_Kd_889201f64e9f,maccs,tanimoto,ucb_sandwich,0.03472387937522028,0.06012330195080286,-0.3333333333333333,0.5773502691896258,-0.25,0.22047927592204924
biodolphin_Kd_e1eca46439c9,chemberta,linear,random,0.0,0.0,0.0,0.0,0.0,0.0
biodolphin_Kd_e1eca46439c9,chemberta,linear,thompson,-0.01364126559714525,0.023620993869368757,0.0,0.0,-0.11111111111111109,0.1924500897298752
biodolphin_Kd_e1eca46439c9,chemberta,linear,ucb_alternate,-0.0028385895163550953,0.00489565340923741,0.0,0.0,0.0,0.0
biodolphin_Kd_e1eca46439c9,chemberta,linear,ucb_balanced,-0.007370490978517695,0.01274513567828568,0.0,0.0,0.0,0.0
biodolphin_Kd_e1eca46439c9,chemberta,linear,ucb_exploit_heavy,-0.0028385999416826505,0.004894136462165716,0.0,0.0,0.0,0.0
biodolphin_Kd_e1eca46439c9,chemberta,linear,ucb_explore_heavy,-0.0028381091743514414,0.0048948214328332525,0.0,0.0,0.0,0.0
biodolphin_Kd_e1eca46439c9,chemberta,linear,ucb_gradual,-0.007370490978517695,0.01274513567828568,0.0,0.0,0.0,0.0
biodolphin_Kd_e1eca46439c9,chemberta,linear,ucb_sandwich,-0.0028385999416826505,0.004894136462165716,0.0,0.0,0.0,0.0
biodolphin_Kd_e1eca46439c9,chemberta,matern32,random,0.0,0.0,0.0,0.0,0.0,0.0
biodolphin_Kd_e1eca46439c9,chemberta,matern32,thompson,-0.029559892997023465,0.051199003635206096,0.0,0.0,-0.055555555555555546,0.0962250448649376
biodolphin_Kd_e1eca46439c9,chemberta,matern32,ucb_alternate,-0.013607608827332618,0.023569243017654222,0.0,0.0,-0.055555555555555546,0.0962250448649376
biodolphin_Kd_e1eca46439c9,chemberta,matern32,ucb_balanced,-0.013607693404979854,0.023569097257132236,0.0,0.0,-0.055555555555555546,0.0962250448649376
biodolphin_Kd_e1eca46439c9,chemberta,matern32,ucb_exploit_heavy,-0.021374844742839183,0.020479927592336217,0.0,0.0,-0.055555555555555546,0.0962250448649376
biodolphin_Kd_e1eca46439c9,chemberta,matern32,ucb_explore_heavy,-0.05854577257994322,0.06913175370783664,-0.6666666666666666,0.5773502691896258,-0.611111111111111,0.529237746757157
biodolphin_Kd_e1eca46439c9,chemberta,matern32,ucb_gradual,-0.013607890025945734,0.023568926972281436,0.0,0.0,-0.16666666666666663,0.16666666666666663
biodolphin_Kd_e1eca46439c9,chemberta,matern32,ucb_sandwich,-0.021375003751288674,0.02047939915346148,0.0,0.0,-0.16666666666666663,0.16666666666666663
biodolphin_Kd_e1eca46439c9,chemberta,rbf,random,0.0,0.0,0.0,0.0,0.0,0.0
biodolphin_Kd_e1eca46439c9,chemberta,rbf,thompson,-0.029560270064297057,0.051198694141096256,0.0,0.0,-0.055555555555555546,0.0962250448649376
biodolphin_Kd_e1eca46439c9,chemberta,rbf,ucb_alternate,-0.029560384970901295,0.05119859462891152,0.0,0.0,-0.055555555555555546,0.0962250448649376
biodolphin_Kd_e1eca46439c9,chemberta,rbf,ucb_balanced,-0.029560468035396862,0.05119852269224453,0.0,0.0,-0.055555555555555546,0.0962250448649376
biodolphin_Kd_e1eca46439c9,chemberta,rbf,ucb_exploit_heavy,-0.037327965023455735,0.04597268988263487,0.0,0.0,-0.055555555555555546,0.0962250448649376
biodolphin_Kd_e1eca46439c9,chemberta,rbf,ucb_explore_heavy,-0.08714270789369143,0.05799798547680592,-0.6666666666666666,0.5773502691896258,-0.611111111111111,0.529237746757157
biodolphin_Kd_e1eca46439c9,chemberta,rbf,ucb_gradual,-0.02956051654193996,0.051198480684207626,0.0,0.0,-0.16666666666666663,0.16666666666666663
biodolphin_Kd_e1eca46439c9,chemberta,rbf,ucb_sandwich,-0.037327575914593694,0.04597282548678311,0.0,0.0,-0.16666666666666663,0.16666666666666663
biodolphin_Kd_e1eca46439c9,chemberta,rq,random,0.0,0.0,0.0,0.0,0.0,0.0
biodolphin_Kd_e1eca46439c9,chemberta,rq,thompson,-0.029559818163525566,0.05119911769252567,0.0,0.0,-0.055555555555555546,0.0962250448649376
biodolphin_Kd_e1eca46439c9,chemberta,rq,ucb_alternate,-0.013608134531936183,0.023569997650571408,0.0,0.0,-0.055555555555555546,0.0962250448649376
biodolphin_Kd_e1eca46439c9,chemberta,rq,ucb_balanced,-0.0027899417471946805,0.004832309705106082,0.0,0.0,-0.055555555555555546,0.0962250448649376
biodolphin_Kd_e1eca46439c9,chemberta,rq,ucb_exploit_heavy,-0.021374785657038015,0.020479894775330063,0.0,0.0,-0.055555555555555546,0.0962250448649376
biodolphin_Kd_e1eca46439c9,chemberta,rq,ucb_explore_heavy,-0.04728862002936724,0.06379960029658847,-0.6666666666666666,0.5773502691896258,-0.611111111111111,0.529237746757157
biodolphin_Kd_e1eca46439c9,chemberta,rq,ucb_gradual,-0.013608056727524529,0.02356981521660824,0.0,0.0,-0.16666666666666663,0.16666666666666663
biodolphin_Kd_e1eca46439c9,chemberta,rq,ucb_sandwich,-0.02137506622910183,0.020480103274791488,0.0,0.0,-0.16666666666666663,0.16666666666666663
biodolphin_Kd_e1eca46439c9,chemberta,tanimoto,random,0.0,0.0,0.0,0.0,0.0,0.0
biodolphin_Kd_e1eca46439c9,chemberta,tanimoto,thompson,-0.029589283336455306,0.051236855081133736,0.0,0.0,-0.11111111111111109,0.1924500897298752
biodolphin_Kd_e1eca46439c9,chemberta,tanimoto,ucb_alternate,-0.03727910621526178,0.04604672409787537,0.0,0.0,0.0,0.0
biodolphin_Kd_e1eca46439c9,chemberta,tanimoto,ucb_balanced,-0.0028335130662980926,0.004889984112904142,0.0,0.0,0.0,0.0
biodolphin_Kd_e1eca46439c9,chemberta,tanimoto,ucb_exploit_heavy,-0.03480891529369089,0.04191894545919422,0.0,0.0,0.0,0.0
biodolphin_Kd_e1eca46439c9,chemberta,tanimoto,ucb_explore_heavy,-0.015065347618499347,0.013018487275414162,-0.3333333333333333,0.5773502691896258,-0.5277777777777778,0.4738533919231106
biodolphin_Kd_e1eca46439c9,chemberta,tanimoto,ucb_gradual,-0.002835279406275167,0.004887409653652651,0.0,0.0,-0.16666666666666663,0.16666666666666663
biodolphin_Kd_e1eca46439c9,chemberta,tanimoto,ucb_sandwich,-0.03480922924828712,0.04191861465590522,0.0,0.0,-0.16666666666666663,0.16666666666666663
biodolphin_Kd_e1eca46439c9,ecfp,linear,random,0.0,0.0,0.0,0.0,0.0,0.0
biodolphin_Kd_e1eca46439c9,ecfp,linear,thompson,-0.041546625712838736,0.04719774163648354,0.0,0.0,-0.16666666666666666,0.28867513459481287
biodolphin_Kd_e1eca46439c9,ecfp,linear,ucb_alternate,-0.048920115627430594,0.028081753207087674,0.0,0.0,0.0,0.0
biodolphin_Kd_e1eca46439c9,ecfp,linear,ucb_balanced,-0.024631976495395058,0.014198764781431122,0.0,0.0,0.0,0.0
biodolphin_Kd_e1eca46439c9,ecfp,linear,ucb_exploit_heavy,-0.04892325949612738,0.02808726567181005,0.0,0.0,0.0,0.0
biodolphin_Kd_e1eca46439c9,ecfp,linear,ucb_explore_heavy,-0.024632127827952526,0.014198511107091596,0.0,0.0,-0.5555555555555556,0.4811252243246882
biodolphin_Kd_e1eca46439c9,ecfp,linear,ucb_gradual,-0.02463197830439351,0.014198766428458794,0.0,0.0,-0.38888888888888884,0.3469443332443554
biodolphin_Kd_e1eca46439c9,ecfp,linear,ucb_sandwich,0.005201034920493619,0.09174053736540803,-0.3333333333333333,0.5773502691896258,-0.5833333333333334,0.5068968775248516
biodolphin_Kd_e1eca46439c9,ecfp,matern32,random,0.0,0.0,0.0,0.0,0.0,0.0
biodolphin_Kd_e1eca46439c9,ecfp,matern32,thompson,-0.02955969638709406,0.05119866211976669,0.0,0.0,-0.055555555555555546,0.0962250448649376
biodolphin_Kd_e1eca46439c9,ecfp,matern32,ucb_alternate,-0.0027895217392505437,0.004831597067733529,0.0,0.0,0.0,0.0
biodolphin_Kd_e1eca46439c9,ecfp,matern32,ucb_balanced,-0.00278990926879071,0.004832268284184081,0.0,0.0,0.0,0.0
biodolphin_Kd_e1eca46439c9,ecfp,matern32,ucb_exploit_heavy,-0.00278990926879071,0.004832268284184081,0.0,0.0,0.0,0.0
biodolphin_Kd_e1eca46439c9,ecfp,matern32,ucb_explore_heavy,-0.013444825851888137,0.02371193859496552,0.0,0.0,-0.5555555555555556,0.4811252243246882
biodolphin_Kd_e1eca46439c9,ecfp,matern32,ucb_gradual,-0.02955976832347613,0.05119854884581829,0.0,0.0,-0.5,0.44095855184409843
biodolphin_Kd_e1eca46439c9,ecfp,matern32,ucb_sandwich,-0.029559621260047134,0.051198676206276175,0.0,0.0,-0.4444444444444444,0.4194352464039306
biodolphin_Kd_e1eca46439c9,ecfp,rbf,random,0.0,0.0,0.0,0.0,0.0,0.0
biodolphin_Kd_e1eca46439c9,ecfp,rbf,thompson,-0.02955980991725789,0.05119909263876904,0.0,0.0,-0.055555555555555546,0.0962250448649376
biodolphin_Kd_e1eca46439c9,ecfp,rbf,ucb_alternate,-0.03732676534648979,0.04597341295336416,0.0,0.0,-0.38888888888888884,0.4194352464039306
biodolphin_Kd_e1eca46439c9,ecfp,rbf,ucb_balanced,-0.029559809917255223,0.05119909263877136,0.0,0.0,-0.3333333333333333,0.3333333333333333
biodolphin_Kd_e1eca46439c9,ecfp,rbf,ucb_exploit_heavy,-0.03732676534648979,0.04597341295336416,0.0,0.0,-0.38888888888888884,0.4194352464039306
biodolphin_Kd_e1eca46439c9,ecfp,rbf,ucb_explore_heavy,-0.029559809917255223,0.05119909263877136,0.0,0.0,-0.27777777777777773,0.3469443332443555
biodolphin_Kd_e1eca46439c9,ecfp,rbf,ucb_gradual,-0.029559809917255223,0.05119909263877136,0.0,0.0,-0.3333333333333333,0.3333333333333333
biodolphin_Kd_e1eca46439c9,ecfp,rbf,ucb_sandwich,-0.03732676534648979,0.04597341295336416,0.0,0.0,-0.38888888888888884,0.4194352464039306
biodolphin_Kd_e1eca46439c9,ecfp,rq,random,0.0,0.0,0.0,0.0,0.0,0.0
biodolphin_Kd_e1eca46439c9,ecfp,rq,thompson,-0.038839595013716074,0.045351460932372745,0.0,0.0,-0.055555555555555546,0.0962250448649376
biodolphin_Kd_e1eca46439c9,ecfp,rq,ucb_alternate,-0.013608566262118557,0.023569622396777047,0.0,0.0,0.0,0.0
biodolphin_Kd_e1eca46439c9,ecfp,rq,ucb_balanced,-0.013608210809901706,0.023569006489512778,0.0,0.0,0.0,0.0
biodolphin_Kd_e1eca46439c9,ecfp,rq,ucb_exploit_heavy,-0.013608210809901706,0.023569006489512778,0.0,0.0,0.0,0.0
biodolphin_Kd_e1eca46439c9,ecfp,rq,ucb_explore_heavy,-0.029564492580803976,0.051194852047113444,0.0,0.0,-0.5555555555555556,0.4811252243246882
biodolphin_Kd_e1eca46439c9,ecfp,rq,ucb_gradual,-0.002794896714654387,0.004827926055120877,0.0,0.0,-0.22222222222222218,0.1924500897298752
biodolphin_Kd_e1eca46439c9,ecfp,rq,ucb_sandwich,-0.002794627310862959,0.004828158769087872,0.0,0.0,-0.22222222222222218,0.1924500897298752
biodolphin_Kd_e1eca46439c9,ecfp,tanimoto,random,0.0,0.0,0.0,0.0,0.0,0.0
biodolphin_Kd_e1eca46439c9,ecfp,tanimoto,thompson,-0.02957480147467734,0.051187387807651356,0.0,0.0,-0.16666666666666666,0.28867513459481287
biodolphin_Kd_e1eca46439c9,ecfp,tanimoto,ucb_alternate,-0.02957273381329686,0.051183802652437084,0.0,0.0,0.0,0.0
biodolphin_Kd_e1eca46439c9,ecfp,tanimoto,ucb_balanced,-0.0028133097017497602,0.0048454198972481,0.0,0.0,0.0,0.0
biodolphin_Kd_e1eca46439c9,ecfp,tanimoto,ucb_exploit_heavy,-0.0028154542088166348,0.00483886420252246,0.0,0.0,0.0,0.0
biodolphin_Kd_e1eca46439c9,ecfp,tanimoto,ucb_explore_heavy,-0.029572800077503444,0.05118391774609809,0.0,0.0,-0.5555555555555556,0.4811252243246882
biodolphin_Kd_e1eca46439c9,ecfp,tanimoto,ucb_gradual,-0.0028172179774412867,0.004841916986058951,0.0,0.0,-0.16666666666666663,0.16666666666666663
biodolphin_Kd_e1eca46439c9,ecfp,tanimoto,ucb_sandwich,-0.0028172175894079546,0.0048419173210375,0.0,0.0,-0.16666666666666663,0.16666666666666663
biodolphin_Kd_e1eca46439c9,maccs,linear,random,0.0,0.0,0.0,0.0,0.0,0.0
biodolphin_Kd_e1eca46439c9,maccs,linear,thompson,-0.029561093702703854,0.05120743558636833,0.0,0.0,-0.055555555555555546,0.0962250448649376
biodolphin_Kd_e1eca46439c9,maccs,linear,ucb_alternate,-0.002793880308202684,0.004853354747230158,0.0,0.0,0.0,0.0
biodolphin_Kd_e1eca46439c9,maccs,linear,ucb_balanced,-0.029555850564600018,0.05120644081450276,0.0,0.0,0.0,0.0
biodolphin_Kd_e1eca46439c9,maccs,linear,ucb_exploit_heavy,-0.0027930256075189655,0.00485187445393192,0.0,0.0,0.0,0.0
biodolphin_Kd_e1eca46439c9,maccs,linear,ucb_explore_heavy,-0.029558103102558988,0.05121034217937731,0.0,0.0,-0.16666666666666663,0.16666666666666663
biodolphin_Kd_e1eca46439c9,maccs,linear,ucb_gradual,-0.029555850502887754,0.05120644086796197,0.0,0.0,-0.11111111111111109,0.0962250448649376
biodolphin_Kd_e1eca46439c9,maccs,linear,ucb_sandwich,-0.0027930255858815978,0.004851874472725266,0.0,0.0,-0.11111111111111109,0.0962250448649376
biodolphin_Kd_e1eca46439c9,maccs,matern32,random,0.0,0.0,0.0,0.0,0.0,0.0
biodolphin_Kd_e1eca46439c9,maccs,matern32,thompson,-0.04370680681759814,0.07569786146702265,0.0,0.0,-0.055555555555555546,0.0962250448649376
biodolphin_Kd_e1eca46439c9,maccs,matern32,ucb_alternate,-0.03865180384324105,0.0804334418392276,0.0,0.0,0.0,0.0
biodolphin_Kd_e1eca46439c9,maccs,matern32,ucb_balanced,0.021176616921117247,0.1639100633035567,0.0,0.0,0.0,0.0
biodolphin_Kd_e1eca46439c9,maccs,matern32,ucb_exploit_heavy,-0.03865210526702225,0.0804339615971762,0.0,0.0,0.0,0.0
biodolphin_Kd_e1eca46439c9,maccs,matern32,ucb_explore_heavy,-0.03929394028534391,0.07979437128526619,0.0,0.0,-0.4444444444444444,0.3849001794597505
biodolphin_Kd_e1eca46439c9,maccs,matern32,ucb_gradual,0.021168933206713536,0.16392077216263784,0.0,0.0,-0.11111111111111109,0.0962250448649376
biodolphin_Kd_e1eca46439c9,maccs,matern32,ucb_sandwich,-0.038549667143220244,0.08055786868029778,0.0,0.0,-0.11111111111111109,0.0962250448649376
biodolphin_Kd_e1eca46439c9,maccs,rbf,random,0.0,0.0,0.0,0.0,0.0,0.0
biodolphin_Kd_e1eca46439c9,maccs,rbf,thompson,-0.02956201690543085,0.051203716599441416,0.0,0.0,-0.055555555555555546,0.0962250448649376
biodolphin_Kd_e1eca46439c9,maccs,rbf,ucb_alternate,-0.024545217416540144,0.056055860399581624,0.0,0.0,0.0,0.0
biodolphin_Kd_e1eca46439c9,maccs,rbf,ucb_balanced,-0.024545217416540144,0.056055860399581624,0.0,0.0,0.0,0.0
biodolphin_Kd_e1eca46439c9,maccs,rbf,ucb_exploit_heavy,-0.024545217416540144,0.056055860399581624,0.0,0.0,0.0,0.0
biodolphin_Kd_e1eca46439c9,maccs,rbf,ucb_explore_heavy,-0.04158127596658088,0.044600833797155424,-0.6666666666666666,0.5773502691896258,-0.611111111111111,0.529237746757157
biodolphin_Kd_e1eca46439c9,maccs,rbf,ucb_gradual,-0.02454621793822831,0.05605480029886638,-0.3333333333333333,0.5773502691896258,-0.3611111111111111,0.4882887730901929
biodolphin_Kd_e1eca46439c9,maccs,rbf,ucb_sandwich,-0.02454621793822831,0.05605480029886638,-0.3333333333333333,0.5773502691896258,-0.3611111111111111,0.4882887730901929
biodolphin_Kd_e1eca46439c9,maccs,rq,random,0.0,0.0,0.0,0.0,0.0,0.0
biodolphin_Kd_e1eca46439c9,maccs,rq,thompson,-0.029579475116550125,0.051231146877522345,0.0,0.0,-0.055555555555555546,0.0962250448649376
biodolphin_Kd_e1eca46439c9,maccs,rq,ucb_alternate,-0.028260213562030085,0.05241612719422329,0.0,0.0,0.0,0.0
biodolphin_Kd_e1eca46439c9,maccs,rq,ucb_balanced,0.03476425717583814,0.14406912388332888,0.0,0.0,0.0,0.0
biodolphin_Kd_e1eca46439c9,maccs,rq,ucb_exploit_heavy,-0.024636336418462523,0.05601019361850262,0.0,0.0,0.0,0.0
biodolphin_Kd_e1eca46439c9,maccs,rq,ucb_explore_heavy,-0.02959804263581874,0.051219893136323726,0.0,0.0,-0.5,0.44095855184409843
biodolphin_Kd_e1eca46439c9,maccs,rq,ucb_gradual,0.034764262701907946,0.1440691167258355,0.0,0.0,-0.11111111111111109,0.0962250448649376
biodolphin_Kd_e1eca46439c9,maccs,rq,ucb_sandwich,-0.024613011621571257,0.05603484210571943,0.0,0.0,-0.11111111111111109,0.0962250448649376
biodolphin_Kd_e1eca46439c9,maccs,tanimoto,random,0.0,0.0,0.0,0.0,0.0,0.0
biodolphin_Kd_e1eca46439c9,maccs,tanimoto,thompson,-0.029571668241769124,0.05121389929546144,0.0,0.0,-0.055555555555555546,0.0962250448649376
biodolphin_Kd_e1eca46439c9,maccs,tanimoto,ucb_alternate,-0.03847744262519697,0.04550167479695499,0.0,0.0,0.0,0.0
biodolphin_Kd_e1eca46439c9,maccs,tanimoto,ucb_balanced,-0.029563449883001816,0.051214048938622754,0.0,0.0,0.0,0.0
biodolphin_Kd_e1eca46439c9,maccs,tanimoto,ucb_exploit_heavy,-0.03729127939124988,0.04600457971854185,0.0,0.0,0.0,0.0
biodolphin_Kd_e1eca46439c9,maccs,tanimoto,ucb_explore_heavy,-0.029566670127494078,0.051210971884245414,0.0,0.0,-0.5,0.44095855184409843
biodolphin_Kd_e1eca46439c9,maccs,tanimoto,ucb_gradual,-0.0295688695654719,0.05120905066447587,0.0,0.0,-0.16666666666666663,0.16666666666666663
biodolphin_Kd_e1eca46439c9,maccs,tanimoto,ucb_sandwich,-0.0372884663785215,0.04600562435900987,0.0,0.0,-0.16666666666666663,0.16666666666666663
biodolphin_Ki,chemberta,linear,random,0.0,0.0,0.0,0.0,0.0,0.0
biodolphin_Ki,chemberta,linear,thompson,-0.027805860688969248,0.03613520186172984,0.18520662279103337,0.03213995000671813,0.3116330453548281,0.03829716823524506
biodolphin_Ki,chemberta,linear,ucb_alternate,-0.013765829124906018,0.08347826302886667,0.1711221157487798,0.048086257504433724,0.24801887938488365,0.03715149212603035
biodolphin_Ki,chemberta,linear,ucb_balanced,-0.08156468823676062,0.09296108785686025,0.18520662279103337,0.03213995000671813,0.3428564895205836,0.052720824633056114
biodolphin_Ki,chemberta,linear,ucb_exploit_heavy,-0.011044685813874114,0.08421502855473692,0.18520662279103337,0.03213995000671813,0.3892441814764793,0.02901600575082823
biodolphin_Ki,chemberta,linear,ucb_explore_heavy,0.03170387198744549,0.05227246177796206,0.1517410908883029,0.025525000405471048,-0.12620904524049423,0.030835730425500394
biodolphin_Ki,chemberta,linear,ucb_gradual,-0.017409745757428003,0.05519664737615717,0.18520662279103337,0.03213995000671813,0.07252342058438908,0.12485420962005553
biodolphin_Ki,chemberta,linear,ucb_sandwich,0.025352296817378234,0.06375266376868081,0.18520662279103337,0.03213995000671813,0.2417701745735703,0.0316399597110177
biodolphin_Ki,chemberta,matern32,random,0.0,0.0,0.0,0.0,0.0,0.0
biodolphin_Ki,chemberta,matern32,thompson,-0.03566064108196093,0.07368394120811816,0.18520662279103337,0.03213995000671813,0.317229689654926,0.05447677599360067
biodolphin_Ki,chemberta,matern32,ucb_alternate,-0.7844495475429151,0.6890516005815605,0.18520662279103337,0.03213995000671813,0.2391334919716166,0.06762731126396584
biodolphin_Ki,chemberta,matern32,ucb_balanced,-0.0790513022444056,0.07669769523387786,0.18520662279103337,0.03213995000671813,0.3756495951865429,0.031103267712318177
biodolphin_Ki,chemberta,matern32,ucb_exploit_heavy,-0.005975267660586943,0.0712603565318157,0.18520662279103337,0.03213995000671813,0.37880492493265017,0.05176041388310652
biodolphin_Ki,chemberta,matern32,ucb_explore_heavy,-0.45857878134047675,0.6853641712919567,0.15841819052314898,0.009493970278254927,-0.10405142167056121,0.031013042050180815
biodolphin_Ki,chemberta,matern32,ucb_gradual,-0.7881296459017925,0.6882223351160126,0.18520662279103337,0.03213995000671813,0.112348060968551,0.03525171387702953
biodolphin_Ki,chemberta,matern32,ucb_sandwich,-0.7835971675374641,0.6912405051658439,0.1777992153836259,0.019365344398787218,0.19520462194782082,0.07514287551539638
biodolphin_Ki,chemberta,rbf,random,0.0,0.0,0.0,0.0,0.0,0.0
biodolphin_Ki,chemberta,rbf,thompson,0.09399086151520909,0.09325958244867136,0.18520662279103337,0.03213995000671813,0.29644021409022364,0.07262984724096114
biodolphin_Ki,chemberta,rbf,ucb_alternate,-0.2985660314756548,0.5828377367061636,0.1711221157487798,0.048086257504433724,0.2487258916257565,0.04959472459958116
biodolphin_Ki,chemberta,rbf,ucb_balanced,0.05968037628016113,0.16188019095504866,0.18520662279103337,0.03213995000671813,0.3696140516360466,0.04260081405539645
biodolphin_Ki,chemberta,rbf,ucb_exploit_heavy,-0.3725670644092203,0.7279595545011787,0.18520662279103337,0.03213995000671813,0.3674291308480002,0.03798018016351942
biodolphin_Ki,chemberta,rbf,ucb_explore_heavy,0.10909188498351745,0.12062803926238322,0.1711221157487798,0.048086257504433724,-0.12174880842640834,0.046182216172688556
biodolphin_Ki,chemberta,rbf,ucb_gradual,0.04072164256972453,0.1929820626657536,0.18520662279103337,0.03213995000671813,0.13745749994640596,0.028891164222702773
biodolphin_Ki,chemberta,rbf,ucb_sandwich,-0.30915787651743915,0.581874657121239,0.18520662279103337,0.03213995000671813,0.2049117842519347,0.07135729575403389
biodolphin_Ki,chemberta,rq,random,0.0,0.0,0.0,0.0,0.0,0.0
biodolphin_Ki,chemberta,rq,thompson,-0.03892862203110611,0.07434593354779737,0.18520662279103337,0.03213995000671813,0.2985223772875712,0.07802434641062661
biodolphin_Ki,chemberta,rq,ucb_alternate,-0.44042659733036754,0.7697425867534411,0.1711221157487798,0.048086257504433724,0.1492788389392672,0.09519275470235071
biodolphin_Ki,chemberta,rq,ucb_balanced,-0.05296457159611558,0.08500069626083132,0.18520662279103337,0.03213995000671813,0.37726570483275085,0.024740491034838795
biodolphin_Ki,chemberta,rq,ucb_exploit_heavy,-0.016890485909587843,0.059952818370918454,0.18520662279103337,0.03213995000671813,0.37068178732465823,0.05669061800244863
biodolphin_Ki,chemberta,rq,ucb_explore_heavy,-0.4472820863327329,0.7694913297202728,0.1711221157487798,0.048086257504433724,-0.13027282926376127,0.042779528236395914
biodolphin_Ki,chemberta,rq,ucb_gradual,-0.513092981079003,0.7338030119225823,0.18520662279103337,0.03213995000671813,0.13659613694342612,0.02615062630296312
biodolphin_Ki,chemberta,rq,ucb_sandwich,-0.45242388664665345,0.7824555971516045,0.18520662279103337,0.03213995000671813,0.19353956310159282,0.0077292487665079805
biodolphin_Ki,chemberta,tanimoto,random,0.0,0.0,0.0,0.0,0.0,0.0
biodolphin_Ki,chemberta,tanimoto,thompson,-0.03482155667928396,0.035781108738785455,0.18520662279103337,0.03213995000671813,0.3035019043739861,0.05676559240728155
biodolphin_Ki,chemberta,tanimoto,ucb_alternate,-0.0025932657799589234,0.045690824656179956,0.1711221157487798,0.048086257504433724,0.252998549388671,0.05059928788823976
biodolphin_Ki,chemberta,tanimoto,ucb_balanced,-0.017975174052005178,0.06706234809589183,0.18520662279103337,0.03213995000671813,0.3674655747779421,0.03736502627043342
biodolphin_Ki,chemberta,tanimoto,ucb_exploit_heavy,-0.021433939224748844,0.0821940701155202,0.18520662279103337,0.03213995000671813,0.38116034614587574,0.040710882732815014
biodolphin_Ki,chemberta,tanimoto,ucb_explore_heavy,0.030444461499870068,0.01765697547375944,0.16113076224980524,0.014572117187234076,-0.12332325765858476,0.02554980533623284
biodolphin_Ki,chemberta,tanimoto,ucb_gradual,-0.05760588470376108,0.07105901690577873,0.18520662279103337,0.03213995000671813,0.1420622976825948,0.02473552047533615
biodolphin_Ki,chemberta,tanimoto,ucb_sandwich,-0.001329761189325059,0.06478755923841573,0.1711221157487798,0.048086257504433724,0.20804174616445495,0.06121372977208182
biodolphin_Ki,ecfp,linear,random,0.0,0.0,0.0,0.0,0.0,0.0
biodolphin_Ki,ecfp,linear,thompson,-0.018513071802807885,0.027335688779493952,0.18520662279103337,0.03213995000671813,0.34240544229353786,0.05153691236811333
biodolphin_Ki,ecfp,linear,ucb_alternate,-0.06869492173779122,0.01908545836751206,0.18520662279103337,0.03213995000671813,0.32120079176224264,0.042419630666378
biodolphin_Ki,ecfp,linear,ucb_balanced,-0.036041275812079034,0.04520151917834221,0.18520662279103337,0.03213995000671813,0.37101907232333625,0.03222999681985476
biodolphin_Ki,ecfp,linear,ucb_exploit_heavy,-0.07128597237194455,0.041533883554953355,0.18520662279103337,0.03213995000671813,0.36199984279089037,0.06147557026453668
biodolphin_Ki,ecfp,linear,ucb_explore_heavy,-0.05482427150926981,0.01012321334612822,0.1711221157487798,0.048086257504433724,-0.048769195589569936,0.07972037946338992
biodolphin_Ki,ecfp,linear,ucb_gradual,-0.07034457919676845,0.07860825345621467,0.18520662279103337,0.03213995000671813,0.21917536676170668,0.05568531727780396
biodolphin_Ki,ecfp,linear,ucb_sandwich,-0.06235474261012249,0.035712032133807796,0.18520662279103337,0.03213995000671813,0.29490127982506914,0.04015748117741549
biodolphin_Ki,ecfp,matern32,random,0.0,0.0,0.0,0.0,0.0,0.0
biodolphin_Ki,ecfp,matern32,thompson,-0.022603893793606927,0.019392235663479456,0.07782279675005895,0.11535646525286733,0.19128554176402904,0.11894857484085876
biodolphin_Ki,ecfp,matern32,ucb_alternate,-0.05046534669148223,0.06741654066928321,0.18520662279103337,0.03213995000671813,0.27997341736874826,0.029757128843170524
biodolphin_Ki,ecfp,matern32,ucb_balanced,-0.046426221951691604,0.06293433012603177,0.15703760870652628,0.06915084935755172,0.3345346967650653,0.03743781639275864
biodolphin_Ki,ecfp,matern32,ucb_exploit_heavy,0.7768160583003588,0.7616704797421303,0.18520662279103337,0.03213995000671813,0.35921281111325487,0.06821394314757262
biodolphin_Ki,ecfp,matern32,ucb_explore_heavy,0.3749293669314879,0.6675212277698277,0.18520662279103337,0.03213995000671813,-0.025496030469983832,0.06798968693430432
biodolphin_Ki,ecfp,matern32,ucb_gradual,0.3245630677223897,0.6910281337044196,0.18520662279103337,0.03213995000671813,0.20330467840018293,0.0387812159702958
biodolphin_Ki,ecfp,matern32,ucb_sandwich,0.32618646409174185,0.7133232837140847,0.18520662279103337,0.03213995000671813,0.2603945948649788,0.02712916091539543
biodolphin_Ki,ecfp,rbf,random,0.0,0.0,0.0,0.0,0.0,0.0
biodolphin_Ki,ecfp,rbf,thompson,-0.039130914242467396,0.07905286543008186,0.06158595408064819,0.12939156928983236,0.1433221143196061,0.1519993133566716
biodolphin_Ki,ecfp,rbf,ucb_alternate,-0.055372036627254095,0.068537155266527,0.18520662279103337,0.03213995000671813,0.2795785366690248,0.06438810768623887
biodolphin_Ki,ecfp,rbf,ucb_balanced,-0.03681240039722844,0.05119323236901123,0.1617324443872775,0.061857959383514904,0.32064405713836547,0.030575913128637423
biodolphin_Ki,ecfp,rbf,ucb_exploit_heavy,0.7262037084930243,0.740720531241452,0.17150799265404704,0.04951440223056446,0.3556163668974783,0.07602575852122159
biodolphin_Ki,ecfp,rbf,ucb_explore_heavy,0.2960751165454883,0.6366599040902704,0.17039180797621856,0.006802561865123228,-0.013074509972059703,0.068662626690652
biodolphin_Ki,ecfp,rbf,ucb_gradual,0.26890921971534687,0.6155448790988616,0.18520662279103337,0.03213995000671813,0.21829070822703853,0.022844283059619018
biodolphin_Ki,ecfp,rbf,ucb_sandwich,0.2819126469448741,0.6286516240340888,0.18520662279103337,0.03213995000671813,0.2619748322507342,0.03189062755708625
biodolphin_Ki,ecfp,rq,random,0.0,0.0,0.0,0.0,0.0,0.0
biodolphin_Ki,ecfp,rq,thompson,0.3346628897854687,0.6348679076781875,0.11008925189901457,0.1470029160510328,0.24391064805882476,0.13261160227619748
biodolphin_Ki,ecfp,rq,ucb_alternate,0.30520322426210456,0.7135740419499059,0.18520662279103337,0.03213995000671813,0.2823236935565703,0.015983368281661952
biodolphin_Ki,ecfp,rq,ucb_balanced,0.33202496921274366,0.7029178988534334,0.1617324443872775,0.061857959383514904,0.3378231540434898,0.02650706814178087
biodolphin_Ki,ecfp,rq,ucb_exploit_heavy,0.8034317937245352,0.7487502466563577,0.18520662279103337,0.03213995000671813,0.36080662564938076,0.07210654406491784
biodolphin_Ki,ecfp,rq,ucb_explore_heavy,0.3643918107718825,0.6847898347212537,0.18520662279103337,0.03213995000671813,-0.03830228453419656,0.09486466257136993
biodolphin_Ki,ecfp,rq,ucb_gradual,0.315289239726162,0.7077901149552223,0.18520662279103337,0.03213995000671813,0.1937042039145068,0.04351208775850803
biodolphin_Ki,ecfp,rq,ucb_sandwich,0.31506362168842733,0.6999976743961752,0.18520662279103337,0.03213995000671813,0.22576714472527706,0.018019999597409693
biodolphin_Ki,ecfp,tanimoto,random,0.0,0.0,0.0,0.0,0.0,0.0
biodolphin_Ki,ecfp,tanimoto,thompson,0.002418776472612516,0.02907739031559766,0.18520662279103337,0.03213995000671813,0.3257051185856897,0.02904665416044216
biodolphin_Ki,ecfp,tanimoto,ucb_alternate,0.018165533696561636,0.011871388732951158,0.18520662279103337,0.03213995000671813,0.29135135521398303,0.019810805126339957
biodolphin_Ki,ecfp,tanimoto,ucb_balanced,-0.03079722186799801,0.024724917291044087,0.18520662279103337,0.03213995000671813,0.3696554976740198,0.04719819593129581
biodolphin_Ki,ecfp,tanimoto,ucb_exploit_heavy,0.006366497079843029,0.027554733985478225,0.18520662279103337,0.03213995000671813,0.3621980691863,0.06399960040206525
biodolphin_Ki,ecfp,tanimoto,ucb_explore_heavy,0.020633109042176728,0.021239316458806827,0.18520662279103337,0.03213995000671813,-0.08036058053036643,0.0250564543166254
biodolphin_Ki,ecfp,tanimoto,ucb_gradual,-0.053225879081013304,0.0482223795575021,0.18520662279103337,0.03213995000671813,0.18544072144689538,0.01473037957676433
biodolphin_Ki,ecfp,tanimoto,ucb_sandwich,0.01566121871553487,0.007810146943071228,0.18520662279103337,0.03213995000671813,0.26507270921316833,0.007871422110851787
biodolphin_Ki,maccs,linear,random,0.0,0.0,0.0,0.0,0.0,0.0
biodolphin_Ki,maccs,linear,thompson,-0.04364217736171144,0.04871503323778488,0.18520662279103337,0.03213995000671813,0.3434120093467961,0.031974746659304325
biodolphin_Ki,maccs,linear,ucb_alternate,-0.01884848164451149,0.10637740842627941,0.18520662279103337,0.03213995000671813,0.23477208252049073,0.04188731068892175
biodolphin_Ki,maccs,linear,ucb_balanced,-0.061620475115035635,0.05223431759856051,0.18520662279103337,0.03213995000671813,0.36195282297539677,0.023995620729503783
biodolphin_Ki,maccs,linear,ucb_exploit_heavy,-0.057719052157297245,0.07611216456682497,0.15324315247139864,0.0780685505301849,0.3577226831307479,0.04908941192141069
biodolphin_Ki,maccs,linear,ucb_explore_heavy,0.016365596731982363,0.0501014826721008,0.18064041274537124,0.037158775840344514,-0.10395759641563239,0.04599575507030082
biodolphin_Ki,maccs,linear,ucb_gradual,-0.09611266558648833,0.07858701727246377,0.18520662279103337,0.03213995000671813,0.15281968829721096,0.04529107354615295
biodolphin_Ki,maccs,linear,ucb_sandwich,-0.010876284280292156,0.05351446340165181,0.18520662279103337,0.03213995000671813,0.20583574506399124,0.055015714358499015
biodolphin_Ki,maccs,matern32,random,0.0,0.0,0.0,0.0,0.0,0.0
biodolphin_Ki,maccs,matern32,thompson,-0.018987721096521543,0.04672515181621067,0.18520662279103337,0.03213995000671813,0.325061847492872,0.04780257397050374
biodolphin_Ki,maccs,matern32,ucb_alternate,-0.02289022338255553,0.04844560988136662,0.18520662279103337,0.03213995000671813,0.26063598230682933,0.06304324478754982
biodolphin_Ki,maccs,matern32,ucb_balanced,0.017039523137755308,0.14081605919967424,0.18520662279103337,0.03213995000671813,0.35229075110225017,0.04079826183574368
biodolphin_Ki,maccs,matern32,ucb_exploit_heavy,0.041490616408285,0.1688017761774537,0.18064041274537124,0.037158775840344514,0.3744148605483739,0.0456177162497598
biodolphin_Ki,maccs,matern32,ucb_explore_heavy,0.09210183932168776,0.1417620598284155,0.18520662279103337,0.03213995000671813,-0.12647930199155363,0.02540900143217214
biodolphin_Ki,maccs,matern32,ucb_gradual,0.017543103144569527,0.12431425850235492,0.18520662279103337,0.03213995000671813,0.11702588948199598,0.03078851855021568
biodolphin_Ki,maccs,matern32,ucb_sandwich,0.04033271675156828,0.1576381823980893,0.16694178260838496,0.05634517902206586,0.21924353834830387,0.050501393909176025
biodolphin_Ki,maccs,rbf,random,0.0,0.0,0.0,0.0,0.0,0.0
biodolphin_Ki,maccs,rbf,thompson,-0.00816859800389084,0.05767113455234617,0.18520662279103337,0.03213995000671813,0.30885901915807373,0.07671952202906997
biodolphin_Ki,maccs,rbf,ucb_alternate,-0.5097312128712993,0.7189981838260682,0.14295310166427277,0.09187835329770905,0.2148613344195053,0.05404297994546095
biodolphin_Ki,maccs,rbf,ucb_balanced,-0.05823176282405133,0.06079390220351568,0.18520662279103337,0.03213995000671813,0.34069929470276755,0.05077545875324324
biodolphin_Ki,maccs,rbf,ucb_exploit_heavy,-0.43439303344635,0.6262124791955697,0.15780936251706076,0.07068444295490771,0.3652009060961405,0.053118361264698453
biodolphin_Ki,maccs,rbf,ucb_explore_heavy,-0.41704433351558534,0.802296668238215,0.15247139866086415,0.06887496858164235,-0.10691384226209627,0.01830628726901515
biodolphin_Ki,maccs,rbf,ucb_gradual,-0.50474436404132,0.7425257561038806,0.1617324443872775,0.061857959383514904,0.10377809219599686,0.018152919394353696
biodolphin_Ki,maccs,rbf,ucb_sandwich,-0.45307648660946204,0.790282503250376,0.1712507413838689,0.044415927443661615,0.18338249690941186,0.014319220873983579
biodolphin_Ki,maccs,rq,random,0.0,0.0,0.0,0.0,0.0,0.0
biodolphin_Ki,maccs,rq,thompson,-0.12397371624483801,0.12393747352678261,0.0968250905738847,0.0627986870657115,0.28440878656005036,0.08234674706691135
biodolphin_Ki,maccs,rq,ucb_alternate,-0.4464320183360642,0.7709993633274417,0.14295310166427277,0.09187835329770905,0.1784635667888609,0.019371294132099887
biodolphin_Ki,maccs,rq,ucb_balanced,-0.05142345615915023,0.034348967183573054,0.18520662279103337,0.03213995000671813,0.35655997884822893,0.030413513499498855
biodolphin_Ki,maccs,rq,ucb_exploit_heavy,-0.09115350415062669,0.04099021533175427,0.18520662279103337,0.03213995000671813,0.3763451740376302,0.04254384970070258
biodolphin_Ki,maccs,rq,ucb_explore_heavy,-0.421246538214817,0.7980543970180115,0.15703760870652628,0.06915084935755172,-0.0961426601210511,0.022984116271027397
biodolphin_Ki,maccs,rq,ucb_gradual,-0.48786633467526347,0.7569543289232824,0.1617324443872775,0.061857959383514904,0.10507420984557775,0.022749249780614107
biodolphin_Ki,maccs,rq,ucb_sandwich,-0.45418333343691364,0.7895694621844311,0.17581695142953102,0.041876031452981036,0.18600553090230884,0.016640450331604172
biodolphin_Ki,maccs,tanimoto,random,0.0,0.0,0.0,0.0,0.0,0.0
biodolphin_Ki,maccs,tanimoto,thompson,-0.08696384124521393,0.07580351408582198,0.18520662279103337,0.03213995000671813,0.3094731351069379,0.052630821187554876
biodolphin_Ki,maccs,tanimoto,ucb_alternate,-0.0031058432392252477,0.033453085623312735,0.18520662279103337,0.03213995000671813,0.23638504798450777,0.0766517379182075
biodolphin_Ki,maccs,tanimoto,ucb_balanced,-0.06988113966504454,0.06124931773108889,0.18520662279103337,0.03213995000671813,0.34595822525207054,0.050480056215583526
biodolphin_Ki,maccs,tanimoto,ucb_exploit_heavy,-0.04433162432109857,0.058499827294638526,0.15324315247139864,0.0780685505301849,0.3615908847299933,0.05726383835783656
biodolphin_Ki,maccs,tanimoto,ucb_explore_heavy,0.021610460070065618,0.04593793212483253,0.18064041274537124,0.037158775840344514,-0.10633202563937665,0.021993530367754647
biodolphin_Ki,maccs,tanimoto,ucb_gradual,-0.05108420319794917,0.038395395294771276,0.18064041274537124,0.037158775840344514,0.11897063762585659,0.06389734671073545
biodolphin_Ki,maccs,tanimoto,ucb_sandwich,-0.016449864825695566,0.03122380406395223,0.15755211124688262,0.05814552676250404,0.20901922953244578,0.050738054111145986
traak_a_Kd1,chemberta,linear,random,0.0,0.0,0.0,0.0,0.0,0.0
traak_a_Kd1,chemberta,linear,thompson,-0.025005148193741805,0.07805644777162753,0.0,0.5,-0.02777777777777778,0.2055367859298436
traak_a_Kd1,chemberta,linear,ucb_alternate,-0.05579635223704573,0.08877777686607537,0.5,0.5,0.04166666666666669,0.23199018178458425
traak_a_Kd1,chemberta,linear,ucb_balanced,-0.04577726799284637,0.09005102211651024,0.16666666666666666,0.2886751345948129,0.013888888888888876,0.37807382191156114
traak_a_Kd1,chemberta,linear,ucb_exploit_heavy,-0.05795830364038001,0.09096048543680155,0.5,0.5,0.125,0.23199018178458425
traak_a_Kd1,chemberta,linear,ucb_explore_heavy,-0.027605523017242766,0.02923129409150999,0.3333333333333333,0.2886751345948129,0.22222222222222224,0.22948210613692088
traak_a_Kd1,chemberta,linear,ucb_gradual,-0.010539475555573524,0.06759801090063444,0.0,0.5,-0.02777777777777779,0.3592365876771546
traak_a_Kd1,chemberta,linear,ucb_sandwich,-0.055791640288245396,0.0887892201531973,0.5,0.5,0.125,0.23199018178458425
traak_a_Kd1,chemberta,matern32,random,0.0,0.0,0.0,0.0,0.0,0.0
traak_a_Kd1,chemberta,matern32,thompson,-0.051000069605529996,0.06396957723184876,0.3333333333333333,0.2886751345948129,0.19444444444444442,0.18788540636762058
traak_a_Kd1,chemberta,matern32,ucb_alternate,0.014014232646658334,0.022204465300282,-0.16666666666666666,0.2886751345948129,-0.04166666666666664,0.04166666666666666
traak_a_Kd1,chemberta,matern32,ucb_balanced,-0.04129889002055107,0.06477949771742647,0.0,0.5,0.13888888888888892,0.22948210613692094
traak_a_Kd1,chemberta,matern32,ucb_exploit_heavy,-0.0491350550963413,0.0854142009348251,0.16666666666666666,0.7637626158259734,0.12500000000000003,0.2083333333333333
traak_a_Kd1,chemberta,matern32,ucb_explore_heavy,-0.0096919050182111,0.06813448006467612,-0.16666666666666666,0.7637626158259734,-0.12500000000000003,0.31457643480294795
traak_a_Kd1,chemberta,matern32,ucb_gradual,-0.036707600307431594,0.058627346868720086,0.0,0.5,0.02777777777777778,0.18788540636762058
traak_a_Kd1,chemberta,matern32,ucb_sandwich,-0.03450028186232993,0.08196380315213864,0.0,0.5,0.02777777777777778,0.18788540636762058
traak_a_Kd1,chemberta,rbf,random,0.0,0.0,0.0,0.0,0.0,0.0
traak_a_Kd1,chemberta,rbf,thompson,-0.04275816215874309,0.051521439860263835,0.3333333333333333,0.2886751345948129,0.19444444444444442,0.18788540636762058
traak_a_Kd1,chemberta,rbf,ucb_alternate,-0.029401980085162233,0.07893638440564907,0.0,0.5,0.02777777777777779,0.15774745405000756
traak_a_Kd1,chemberta,rbf,ucb_balanced,-0.02967824341843836,0.08403549190940322,-0.16666666666666666,0.7637626158259734,-0.013888888888888876,0.19690898442719196
traak_a_Kd1,chemberta,rbf,ucb_exploit_heavy,-0.047098574289045764,0.061373750087375466,0.16666666666666666,0.2886751345948129,0.04166666666666666,0.15023130314433286
traak_a_Kd1,chemberta,rbf,ucb_explore_heavy,-0.03291011533896243,0.07465910796205054,0.16666666666666666,0.2886751345948129,0.20833333333333334,0.2534484387624258
traak_a_Kd1,chemberta,rbf,ucb_gradual,-0.02967824341843886,0.08403549190940236,-0.16666666666666666,0.7637626158259734,-0.06944444444444443,0.24414438654509643
traak_a_Kd1,chemberta,rbf,ucb_sandwich,-0.04582415859573663,0.06216031644721813,0.16666666666666666,0.2886751345948129,-0.013888888888888904,0.2294821061369209
traak_a_Kd1,chemberta,rq,random,0.0,0.0,0.0,0.0,0.0,0.0
traak_a_Kd1,chemberta,rq,thompson,-0.05521874580432241,0.07060077438215241,0.3333333333333333,0.2886751345948129,0.19444444444444442,0.18788540636762058
traak_a_Kd1,chemberta,rq,ucb_alternate,0.007694318884697765,0.014304883752695728,-0.16666666666666666,0.2886751345948129,-0.04166666666666664,0.04166666666666666
traak_a_Kd1,chemberta,rq,ucb_balanced,-0.036769999999252206,0.05487536424602191,0.0,0.5,0.13888888888888892,0.22948210613692094
traak_a_Kd1,chemberta,rq,ucb_exploit_heavy,-0.03294995994196694,0.05870625010772362,0.0,0.5,0.11111111111111116,0.1878854063676206
traak_a_Kd1,chemberta,rq,ucb_explore_heavy,-0.006776129670857102,0.06651258483785687,-0.16666666666666666,0.7637626158259734,-0.12500000000000003,0.31457643480294795
traak_a_Kd1,chemberta,rq,ucb_gradual,-0.034621997821183165,0.055130977439949255,0.0,0.5,0.02777777777777778,0.18788540636762058
traak_a_Kd1,chemberta,rq,ucb_sandwich,-0.0050628659776334,0.033339416021945234,0.0,0.5,0.02777777777777778,0.18788540636762058
traak_a_Kd1,chemberta,tanimoto,random,0.0,0.0,0.0,0.0,0.0,0.0
traak_a_Kd1,chemberta,tanimoto,thompson,-0.044625326671617095,0.10801578505739093,0.16666666666666666,0.7637626158259734,0.18055555555555558,0.3071297831596664
traak_a_Kd1,chemberta,tanimoto,ucb_alternate,-0.026495719942950035,0.07124289671750325,0.0,0.5,-0.027777777777777807,0.44552819256515114
traak_a_Kd1,chemberta,tanimoto,ucb_balanced,-0.04979066235018174,0.09076628744571907,0.0,0.5,0.13888888888888892,0.31273139581104725
traak_a_Kd1,chemberta,tanimoto,ucb_exploit_heavy,-0.02648798953163292,0.07124588551400939,0.0,0.5,0.13888888888888892,0.31273139581104725
traak_a_Kd1,chemberta,tanimoto,ucb_explore_heavy,-0.02639246146754189,0.0712753717550177,0.0,0.5,-0.1111111111111111,0.2294821061369209
traak_a_Kd1,chemberta,tanimoto,ucb_gradual,-0.03354952645272107,0.10008554925172622,-0.16666666666666666,0.5773502691896258,-0.04166666666666665,0.38188130791298663
traak_a_Kd1,chemberta,tanimoto,ucb_sandwich,-0.010025360193894097,0.08163110354259069,-0.16666666666666666,0.5773502691896258,-0.04166666666666665,0.38188130791298663
traak_a_Kd1,ecfp,linear,random,0.0,0.0,0.0,0.0,0.0,0.0
traak_a_Kd1,ecfp,linear,thompson,-0.05384947162235806,0.0940817273336951,0.3333333333333333,0.5773502691896258,0.08333333333333336,0.3004626062886658
traak_a_Kd1,ecfp,linear,ucb_alternate,0.013804923105702444,0.01717703809980844,-0.16666666666666666,0.2886751345948129,-0.18055555555555558,0.2138167266436202
traak_a_Kd1,ecfp,linear,ucb_balanced,-0.06520244262461354,0.1248606169293044,0.3333333333333333,0.5773502691896258,-0.05555555555555558,0.31549490810001524
traak_a_Kd1,ecfp,linear,ucb_exploit_heavy,-0.011819905580960197,0.07524721652609363,-0.16666666666666666,0.5773502691896258,-0.04166666666666665,0.3632415786283894
traak_a_Kd1,ecfp,linear,ucb_explore_heavy,-0.005997449906762625,0.0706644971467187,-0.16666666666666666,0.7637626158259734,-0.15277777777777776,0.18788540636762052
traak_a_Kd1,ecfp,linear,ucb_gradual,-0.01642769547448807,0.07748038562313804,0.0,0.5,-0.13888888888888892,0.2441443865450965
traak_a_Kd1,ecfp,linear,ucb_sandwich,-0.0016100988446599018,0.06917264954431605,-0.16666666666666666,0.5773502691896258,-0.06944444444444445,0.3469443332443554
traak_a_Kd1,ecfp,matern32,random,0.0,0.0,0.0,0.0,0.0,0.0
traak_a_Kd1,ecfp,matern32,thompson,-0.04364266729861074,0.05281388953222397,0.3333333333333333,0.2886751345948129,0.19444444444444442,0.18788540636762058
traak_a_Kd1,ecfp,matern32,ucb_alternate,-0.06732589869274401,0.17151417791549375,0.0,1.0,-0.055555555555555546,0.19245008972987518
traak_a_Kd1,ecfp,matern32,ucb_balanced,-0.06369913860851244,0.1212686061710673,0.16666666666666666,0.7637626158259734,0.06944444444444449,0.21381672664362017
traak_a_Kd1,ecfp,matern32,ucb_exploit_heavy,-0.025437207803975365,0.06375921083044636,0.0,0.5,0.05555555555555558,0.19690898442719199
traak_a_Kd1,ecfp,matern32,ucb_explore_heavy,0.0009028975188700253,0.05115588289244639,-0.16666666666666666,0.7637626158259734,-0.013888888888888848,0.2646188733785785
traak_a_Kd1,ecfp,matern32,ucb_gradual,-0.038977626765477114,0.06183865811074041,0.0,0.5,-0.055555555555555546,0.24414438654509646
traak_a_Kd1,ecfp,matern32,ucb_sandwich,-0.0214227994952442,0.08696803341803037,-0.16666666666666666,0.5773502691896258,-0.125,0.28867513459481287
traak_a_Kd1,ecfp,rbf,random,0.0,0.0,0.0,0.0,0.0,0.0
traak_a_Kd1,ecfp,rbf,thompson,-0.04275890629514407,0.051522648571476114,0.3333333333333333,0.2886751345948129,0.19444444444444442,0.18788540636762058
traak_a_Kd1,ecfp,rbf,ucb_alternate,-0.01854587636254613,0.032509827259847246,0.16666666666666666,0.2886751345948129,-0.013888888888888876,0.1463285243451769
traak_a_Kd1,ecfp,rbf,ucb_balanced,-0.04506682557376712,0.14372628566174936,0.0,1.0,-0.027777777777777745,0.24056261216234404
traak_a_Kd1,ecfp,rbf,ucb_exploit_heavy,-0.033688221431348496,0.05871809143741737,0.16666666666666666,0.2886751345948129,0.013888888888888886,0.18788540636762055
traak_a_Kd1,ecfp,rbf,ucb_explore_heavy,-0.05853650838832603,0.12071631247752228,0.3333333333333333,0.5773502691896258,0.22222222222222224,0.26787918780535985
traak_a_Kd1,ecfp,rbf,ucb_gradual,-0.054217362691037115,0.14007168263472058,0.0,1.0,-0.027777777777777745,0.24056261216234404
traak_a_Kd1,ecfp,rbf,ucb_sandwich,-0.0335326727610202,0.05886017120951272,0.16666666666666666,0.2886751345948129,0.013888888888888886,0.18788540636762055
traak_a_Kd1,ecfp,rq,random,0.0,0.0,0.0,0.0,0.0,0.0
traak_a_Kd1,ecfp,rq,thompson,-0.042760968873945156,0.051522508412892666,0.3333333333333333,0.2886751345948129,0.19444444444444442,0.18788540636762058
traak_a_Kd1,ecfp,rq,ucb_alternate,-0.014681909658194658,0.046090260930252716,0.0,0.5,-0.08333333333333333,0.19094065395649334
traak_a_Kd1,ecfp,rq,ucb_balanced,-0.06990106771330669,0.12083083972702623,0.16666666666666666,0.7637626158259734,0.041666666666666706,0.26020824993326663
traak_a_Kd1,ecfp,rq,ucb_exploit_heavy,-0.034229335763529,0.06241760690112467,0.0,0.5,0.02777777777777779,0.24414438654509646
traak_a_Kd1,ecfp,rq,ucb_explore_heavy,0.0016441493051706686,0.06171119232301568,-0.16666666666666666,0.7637626158259734,-0.04166666666666664,0.2916666666666667
traak_a_Kd1,ecfp,rq,ucb_gradual,-0.03671507059902315,0.06306712454423427,0.0,0.5,-0.055555555555555546,0.24414438654509646
traak_a_Kd1,ecfp,rq,ucb_sandwich,-0.028674081559182236,0.08577022756059055,0.0,0.5,-0.11111111111111116,0.2646188733785785
traak_a_Kd1,ecfp,tanimoto,random,0.0,0.0,0.0,0.0,0.0,0.0
traak_a_Kd1,ecfp,tanimoto,thompson,-0.05800103137066153,0.09161598738568487,0.3333333333333333,0.5773502691896258,0.08333333333333336,0.3004626062886658
traak_a_Kd1,ecfp,tanimoto,ucb_alternate,-0.03200966555683111,0.10706279637744,-0.16666666666666666,0.5773502691896258,-0.18055555555555558,0.25458753860865774
traak_a_Kd1,ecfp,tanimoto,ucb_balanced,-0.06961819141784294,0.12179347280458697,0.3333333333333333,0.5773502691896258,0.02777777777777779,0.31549490810001524
traak_a_Kd1,ecfp,tanimoto,ucb_exploit_heavy,-0.0343091546067642,0.11489248578344763,-0.16666666666666666,0.5773502691896258,-0.04166666666666665,0.3632415786283894
traak_a_Kd1,ecfp,tanimoto,ucb_explore_heavy,-0.02084843371044573,0.10160242632229155,-0.16666666666666666,0.5773502691896258,-0.15277777777777776,0.29265704869035386
traak_a_Kd1,ecfp,tanimoto,ucb_gradual,-0.027917123402029637,0.10569566903906319,-0.16666666666666666,0.5773502691896258,-0.04166666666666665,0.38188130791298663
traak_a_Kd1,ecfp,tanimoto,ucb_sandwich,-0.0299495368037572,0.0943033835788914,0.0,0.5,-0.02777777777777779,0.3592365876771546
traak_a_Kd1,maccs,linear,random,0.0,0.0,0.0,0.0,0.0,0.0
traak_a_Kd1,maccs,linear,thompson,-0.062341327842994405,0.11239251935554224,0.3333333333333333,0.5773502691896258,0.19444444444444445,0.33678765702728175
traak_a_Kd1,maccs,linear,ucb_alternate,-0.013300790579768768,0.0655298089680214,-0.16666666666666666,0.5773502691896258,-0.18055555555555558,0.25458753860865774
traak_a_Kd1,maccs,linear,ucb_balanced,0.007710997586594909,0.01898867489248673,0.16666666666666666,0.2886751345948129,0.013888888888888876,0.31273139581104736
traak_a_Kd1,maccs,linear,ucb_exploit_heavy,-0.005684362116903162,0.023863714194640714,0.16666666666666666,0.2886751345948129,0.12500000000000003,0.18162078931419476
traak_a_Kd1,maccs,linear,ucb_explore_heavy,0.038797058332011164,0.031451124097332105,-0.5,0.5,-0.2083333333333333,0.23199018178458425
traak_a_Kd1,maccs,linear,ucb_gradual,0.015100669778958428,0.018929380582671018,-0.16666666666666666,0.2886751345948129,-0.18055555555555558,0.2138167266436202
traak_a_Kd1,maccs,linear,ucb_sandwich,-0.003584516402622695,0.024551006775088917,0.0,0.5,0.02777777777777779,0.024056261216234418
traak_a_Kd1,maccs,matern32,random,0.0,0.0,0.0,0.0,0.0,0.0
traak_a_Kd1,maccs,matern32,thompson,-0.039768509925712146,0.07914274561179512,0.5,0.5,0.1527777777777778,0.37807382191156114
traak_a_Kd1,maccs,matern32,ucb_alternate,0.018070409212472594,0.041354560247097154,-0.3333333333333333,0.2886751345948129,-0.19444444444444442,0.23692669596155524
traak_a_Kd1,maccs,matern32,ucb_balanced,-0.0125108181856653,0.09282527015524722,0.16666666666666666,0.7637626158259734,-0.09722222222222225,0.32364389438141783
traak_a_Kd1,maccs,matern32,ucb_exploit_heavy,0.024860278046424027,0.031387870087787,-0.3333333333333333,0.2886751345948129,-0.19444444444444442,0.23692669596155524
traak_a_Kd1,maccs,matern32,ucb_explore_heavy,0.022542629864609257,0.03972917804462896,-0.16666666666666666,0.2886751345948129,-0.0694444444444444,0.3592365876771546
traak_a_Kd1,maccs,matern32,ucb_gradual,-0.010145220741867605,0.09511706330912528,0.0,0.8660254037844386,-0.13888888888888892,0.31273139581104725
traak_a_Kd1,maccs,matern32,ucb_sandwich,0.026744450716676055,0.0335032508815546,-0.3333333333333333,0.2886751345948129,-0.19444444444444442,0.23692669596155524
traak_a_Kd1,maccs,rbf,random,0.0,0.0,0.0,0.0,0.0,0.0
traak_a_Kd1,maccs,rbf,thompson,-0.0397839466077737,0.07916362063622696,0.5,0.5,0.1527777777777778,0.37807382191156114
traak_a_Kd1,maccs,rbf,ucb_alternate,0.01932143279684184,0.04226761555165474,-0.3333333333333333,0.2886751345948129,-0.19444444444444442,0.23692669596155524
traak_a_Kd1,maccs,rbf,ucb_balanced,-0.015537795512954028,0.10845717069592549,0.0,0.8660254037844386,-0.13888888888888892,0.31273139581104725
traak_a_Kd1,maccs,rbf,ucb_exploit_heavy,0.027383822936754395,0.03396058889420303,-0.3333333333333333,0.2886751345948129,-0.19444444444444442,0.23692669596155524
traak_a_Kd1,maccs,rbf,ucb_explore_heavy,0.03377839830312974,0.04994282452416942,0.16666666666666666,0.2886751345948129,0.12500000000000003,0.18162078931419476
traak_a_Kd1,maccs,rbf,ucb_gradual,-0.015537958368342162,0.10845699966995902,0.0,0.8660254037844386,-0.13888888888888892,0.31273139581104725
traak_a_Kd1,maccs,rbf,ucb_sandwich,0.016138191338329538,0.03326828458120474,-0.16666666666666666,0.2886751345948129,-0.15277777777777776,0.16839382851364082
traak_a_Kd1,maccs,rq,random,0.0,0.0,0.0,0.0,0.0,0.0
traak_a_Kd1,maccs,rq,thompson,-0.03974699028664033,0.07911801637843113,0.5,0.5,0.1527777777777778,0.37807382191156114
traak_a_Kd1,maccs,rq,ucb_alternate,0.018101299151112665,0.04130135558402856,-0.3333333333333333,0.2886751345948129,-0.19444444444444442,0.23692669596155524
traak_a_Kd1,maccs,rq,ucb_balanced,-0.018659821959354672,0.10526525667535896,0.16666666666666666,0.7637626158259734,-0.09722222222222225,0.32364389438141783
traak_a_Kd1,maccs,rq,ucb_exploit_heavy,0.024883810242765186,0.03134727733193289,-0.3333333333333333,0.2886751345948129,-0.19444444444444442,0.23692669596155524
traak_a_Kd1,maccs,rq,ucb_explore_heavy,0.02255747518649777,0.03969820175329804,-0.16666666666666666,0.2886751345948129,-0.0694444444444444,0.3592365876771546
traak_a_Kd1,maccs,rq,ucb_gradual,-0.016033123946633237,0.10774763139322831,0.0,0.8660254037844386,-0.13888888888888892,0.31273139581104725
traak_a_Kd1,maccs,rq,ucb_sandwich,0.02702907791656119,0.03377087372319143,-0.3333333333333333,0.2886751345948129,-0.19444444444444442,0.23692669596155524
traak_a_Kd1,maccs,tanimoto,random,0.0,0.0,0.0,0.0,0.0,0.0
traak_a_Kd1,maccs,tanimoto,thompson,0.0059904014751510914,0.04827170631668224,-0.16666666666666666,0.5773502691896258,-0.04166666666666663,0.41666666666666663
traak_a_Kd1,maccs,tanimoto,ucb_alternate,-0.03290660861526248,0.09947479692228818,0.0,0.5,-0.1666666666666667,0.23199018178458425
traak_a_Kd1,maccs,tanimoto,ucb_balanced,-0.059537564491506316,0.08907107917518967,0.5,0.5,0.125,0.23199018178458428
traak_a_Kd1,maccs,tanimoto,ucb_exploit_heavy,0.0033967554737840966,0.00417544660774922,0.0,0.0,0.02777777777777779,0.2926570486903539
traak_a_Kd1,maccs,tanimoto,ucb_explore_heavy,-0.07151917866187507,0.13944578501250932,0.3333333333333333,0.7637626158259734,-0.08333333333333337,0.23199018178458425
traak_a_Kd1,maccs,tanimoto,ucb_gradual,-0.05954392785400934,0.08906922330050172,0.5,0.5,0.013888888888888859,0.2646188733785785
traak_a_Kd1,maccs,tanimoto,ucb_sandwich,0.02932962312788333,0.025641784486406898,-0.3333333333333333,0.2886751345948129,-0.13888888888888887,0.27743033826997465
traak_b_Kd1,chemberta,linear,random,0.0,0.0,0.0,0.0,0.0,0.0
traak_b_Kd1,chemberta,linear,thompson,0.024109721044830904,0.015300776270302366,0.0,0.5,-0.02777777777777778,0.2055367859298436
traak_b_Kd1,chemberta,linear,ucb_alternate,0.0408752841071592,0.03539026442341999,0.3333333333333333,0.7637626158259734,-1.850371707708594e-17,0.2732266051792501
traak_b_Kd1,chemberta,linear,ucb_balanced,0.05741412800429583,0.026264689448626543,-0.16666666666666666,0.5773502691896258,0.013888888888888914,0.4110735718596873
traak_b_Kd1,chemberta,linear,ucb_exploit_heavy,0.036399840466468124,0.04250233628786185,0.3333333333333333,0.5773502691896258,0.05555555555555558,0.29265704869035386
traak_b_Kd1,chemberta,linear,ucb_explore_heavy,0.042584606598383395,0.04202673467894571,0.3333333333333333,0.7637626158259734,0.1666666666666667,0.27322660517925007
traak_b_Kd1,chemberta,linear,ucb_gradual,0.03290643683573087,0.006909363134613701,0.0,0.5,0.08333333333333337,0.23199018178458425
traak_b_Kd1,chemberta,linear,ucb_sandwich,0.04115525638268605,0.03510849049378154,0.3333333333333333,0.7637626158259734,0.05555555555555557,0.24414438654509646
traak_b_Kd1,chemberta,matern32,random,0.0,0.0,0.0,0.0,0.0,0.0
traak_b_Kd1,chemberta,matern32,thompson,0.023673535854847123,0.049375605859497525,0.16666666666666666,0.2886751345948129,0.06944444444444446,0.2774303382699747
traak_b_Kd1,chemberta,matern32,ucb_alternate,0.013984572856397454,0.001973888994938917,0.0,0.5,0.05555555555555556,0.14632852434517696
traak_b_Kd1,chemberta,matern32,ucb_balanced,0.015181255629757301,0.006849513922325557,0.0,0.5,0.13888888888888892,0.19690898442719204
traak_b_Kd1,chemberta,matern32,ucb_exploit_heavy,0.015873841644254583,0.019710329490560213,0.0,0.5,0.13888888888888892,0.19690898442719204
traak_b_Kd1,chemberta,matern32,ucb_explore_heavy,0.035226180541050624,0.02754503981445787,-0.16666666666666666,0.5773502691896258,-0.125,0.3333333333333333
traak_b_Kd1,chemberta,matern32,ucb_gradual,0.019103868093452825,0.0054017533688595675,0.0,0.5,0.02777777777777779,0.24414438654509646
traak_b_Kd1,chemberta,matern32,ucb_sandwich,-0.007871039914106898,0.04492356733724882,0.0,0.5,0.02777777777777779,0.24414438654509646
traak_b_Kd1,chemberta,rbf,random,0.0,0.0,0.0,0.0,0.0,0.0
traak_b_Kd1,chemberta,rbf,thompson,0.011626804418374206,0.06392640239943242,0.3333333333333333,0.2886751345948129,0.19444444444444442,0.18788540636762058
traak_b_Kd1,chemberta,rbf,ucb_alternate,0.03350425011868109,0.04592873467678303,0.16666666666666666,0.2886751345948129,0.09722222222222222,0.15774745405000756
traak_b_Kd1,chemberta,rbf,ucb_balanced,0.03293918037705033,0.0478685474869919,0.0,0.5,-9.25185853854297e-18,0.1816207893141947
traak_b_Kd1,chemberta,rbf,ucb_exploit_heavy,0.02562293209898603,0.05253943031941749,0.16666666666666666,0.2886751345948129,0.04166666666666666,0.15023130314433286
traak_b_Kd1,chemberta,rbf,ucb_explore_heavy,0.03235129390205979,0.04678087928164782,0.16666666666666666,0.2886751345948129,0.20833333333333334,0.2534484387624258
traak_b_Kd1,chemberta,rbf,ucb_gradual,0.03293918037705033,0.0478685474869919,0.0,0.5,0.02777777777777779,0.22948210613692094
traak_b_Kd1,chemberta,rbf,ucb_sandwich,0.03293921800085741,0.0652066640362574,0.3333333333333333,0.5773502691896258,0.08333333333333333,0.2204792759220492
traak_b_Kd1,chemberta,rq,random,0.0,0.0,0.0,0.0,0.0,0.0
traak_b_Kd1,chemberta,rq,thompson,0.022322835486901654,0.05078795823933607,0.16666666666666666,0.2886751345948129,0.06944444444444446,0.2774303382699747
traak_b_Kd1,chemberta,rq,ucb_alternate,-0.025213042581783324,0.05537612756470541,0.16666666666666666,0.2886751345948129,0.09722222222222222,0.2138167266436202
traak_b_Kd1,chemberta,rq,ucb_balanced,0.006960128442317887,0.026588172644564517,0.0,0.5,0.11111111111111112,0.16839382851364085
traak_b_Kd1,chemberta,rq,ucb_exploit_heavy,0.017779549059718597,0.022075676235576828,0.0,0.5,0.13888888888888892,0.19690898442719204
traak_b_Kd1,chemberta,rq,ucb_explore_heavy,-0.009149296809908744,0.0954572981929721,-0.16666666666666666,0.5773502691896258,-0.125,0.3333333333333333
traak_b_Kd1,chemberta,rq,ucb_gradual,0.020362914598458667,0.007569885445123203,0.0,0.5,3.700743415417188e-17,0.21650635094610968
traak_b_Kd1,chemberta,rq,ucb_sandwich,-0.03744100794871948,0.0949644411609042,0.0,0.5,0.02777777777777779,0.24414438654509646
traak_b_Kd1,chemberta,tanimoto,random,0.0,0.0,0.0,0.0,0.0,0.0
traak_b_Kd1,chemberta,tanimoto,thompson,0.03117852390766193,0.04485226756222911,0.16666666666666666,0.7637626158259734,0.18055555555555558,0.3071297831596664
traak_b_Kd1,chemberta,tanimoto,ucb_alternate,0.03691078365241276,0.012406968601998802,0.0,0.5,-0.027777777777777807,0.44552819256515114
traak_b_Kd1,chemberta,tanimoto,ucb_balanced,0.04089049996701693,0.038251596939225585,0.0,0.5,0.13888888888888892,0.31273139581104725
traak_b_Kd1,chemberta,tanimoto,ucb_exploit_heavy,0.04337787302038553,0.030821914712535214,0.0,0.5,0.13888888888888892,0.31273139581104725
traak_b_Kd1,chemberta,tanimoto,ucb_explore_heavy,0.037465913270318736,0.012389578435274622,0.0,0.5,-0.1111111111111111,0.2294821061369209
traak_b_Kd1,chemberta,tanimoto,ucb_gradual,0.037744607455742894,0.03305341509131848,0.0,0.5,0.027777777777777818,0.2369266959615553
traak_b_Kd1,chemberta,tanimoto,ucb_sandwich,0.04039263481874963,0.012457538651070264,-0.16666666666666666,0.7637626158259734,-0.013888888888888848,0.2646188733785785
traak_b_Kd1,ecfp,linear,random,0.0,0.0,0.0,0.0,0.0,0.0
traak_b_Kd1,ecfp,linear,thompson,0.032071648416028234,0.041341895987768905,0.3333333333333333,0.5773502691896258,0.08333333333333336,0.3004626062886658
traak_b_Kd1,ecfp,linear,ucb_alternate,0.0449164533870147,0.022360200425795555,0.0,0.5,-0.05555555555555558,0.32364389438141794
traak_b_Kd1,ecfp,linear,ucb_balanced,0.051388376761499065,0.027746060852855265,0.0,0.5,-0.08333333333333336,0.2916666666666667
traak_b_Kd1,ecfp,linear,ucb_exploit_heavy,0.04491748915975169,0.02236222915467816,0.0,0.5,0.11111111111111116,0.2441443865450965
traak_b_Kd1,ecfp,linear,ucb_explore_heavy,0.0519532443254332,0.015274924555581024,-0.16666666666666666,0.7637626158259734,-0.15277777777777776,0.18788540636762052
traak_b_Kd1,ecfp,linear,ucb_gradual,0.04285972909003042,0.0317110861258867,0.0,0.5,-0.08333333333333333,0.19094065395649334
traak_b_Kd1,ecfp,linear,ucb_sandwich,0.044181999939899595,0.02256812426865018,0.0,0.5,0.08333333333333336,0.15023130314433286
traak_b_Kd1,ecfp,matern32,random,0.0,0.0,0.0,0.0,0.0,0.0
traak_b_Kd1,ecfp,matern32,thompson,-0.01817612151441351,0.03654203197798336,0.16666666666666666,0.2886751345948129,0.06944444444444446,0.2774303382699747
traak_b_Kd1,ecfp,matern32,ucb_alternate,-0.004483753090902413,0.016545276138199692,0.0,0.0,0.08333333333333336,0.22047927592204924
traak_b_Kd1,ecfp,matern32,ucb_balanced,0.022768302584486883,0.03159843922936423,0.16666666666666666,0.7637626158259734,0.12500000000000003,0.1816207893141947
traak_b_Kd1,ecfp,matern32,ucb_exploit_heavy,0.021200794831902087,0.017299629873918244,0.16666666666666666,0.2886751345948129,0.12500000000000003,0.18162078931419473
traak_b_Kd1,ecfp,matern32,ucb_explore_heavy,0.027114517388161258,0.01789067395615516,0.0,0.8660254037844386,2.7755575615628914e-17,0.2534484387624258
traak_b_Kd1,ecfp,matern32,ucb_gradual,0.004879723236163998,0.02118026295935778,0.0,0.5,3.700743415417188e-17,0.21650635094610968
traak_b_Kd1,ecfp,matern32,ucb_sandwich,0.009069052822128268,0.009331383228044842,0.0,0.0,-0.027777777777777762,0.2097176232019653
traak_b_Kd1,ecfp,rbf,random,0.0,0.0,0.0,0.0,0.0,0.0
traak_b_Kd1,ecfp,rbf,thompson,-0.011620988373506605,0.05354503320307966,0.16666666666666666,0.2886751345948129,0.06944444444444446,0.2774303382699747
traak_b_Kd1,ecfp,rbf,ucb_alternate,0.01436333797959509,0.013382527157078453,0.0,0.0,0.0277777777777778,0.12729376930432892
traak_b_Kd1,ecfp,rbf,ucb_balanced,0.04679890552957072,0.03429360728279104,0.0,1.0,2.7755575615628914e-17,0.2204792759220492
traak_b_Kd1,ecfp,rbf,ucb_exploit_heavy,0.03942431519200666,0.014816020044021298,-0.16666666666666666,0.7637626158259734,-0.013888888888888876,0.19690898442719196
traak_b_Kd1,ecfp,rbf,ucb_explore_heavy,0.01741855222842859,0.018431985117687528,0.16666666666666666,0.2886751345948129,0.20833333333333334,0.2534484387624258
traak_b_Kd1,ecfp,rbf,ucb_gradual,0.037723268945061596,0.03721064720289219,0.16666666666666666,0.7637626158259734,0.013888888888888895,0.20553678592984365
traak_b_Kd1,ecfp,rbf,ucb_sandwich,0.03942431519200675,0.014816020044021364,-0.16666666666666666,0.7637626158259734,-0.013888888888888876,0.19690898442719196
traak_b_Kd1,ecfp,rq,random,0.0,0.0,0.0,0.0,0.0,0.0
traak_b_Kd1,ecfp,rq,thompson,-0.011613202544261939,0.05356050838956882,0.16666666666666666,0.2886751345948129,0.06944444444444446,0.2774303382699747
traak_b_Kd1,ecfp,rq,ucb_alternate,-0.0030267337297943675,0.03441788763246012,0.0,0.0,0.08333333333333336,0.22047927592204924
traak_b_Kd1,ecfp,rq,ucb_balanced,0.030256786057024476,0.04460454618935391,0.16666666666666666,0.7637626158259734,0.12500000000000003,0.1816207893141947
traak_b_Kd1,ecfp,rq,ucb_exploit_heavy,0.029248766018822033,0.02281129417519046,0.16666666666666666,0.2886751345948129,0.12500000000000003,0.18162078931419473
traak_b_Kd1,ecfp,rq,ucb_explore_heavy,0.0318758569240982,0.031353292873215144,0.0,0.8660254037844386,-0.027777777777777745,0.2774303382699747
traak_b_Kd1,ecfp,rq,ucb_gradual,0.01075502154168794,0.028475813631470837,0.0,0.5,0.027777777777777818,0.16839382851364088
traak_b_Kd1,ecfp,rq,ucb_sandwich,0.001326119135081331,0.03400869685507438,0.16666666666666666,0.2886751345948129,0.06944444444444446,0.20553678592984362
traak_b_Kd1,ecfp,tanimoto,random,0.0,0.0,0.0,0.0,0.0,0.0
traak_b_Kd1,ecfp,tanimoto,thompson,0.023214603648992343,0.048572321694642026,0.3333333333333333,0.5773502691896258,0.08333333333333336,0.3004626062886658
traak_b_Kd1,ecfp,tanimoto,ucb_alternate,0.03575033084217861,0.0170467509833241,-0.16666666666666666,0.2886751345948129,0.04166666666666669,0.15023130314433292
traak_b_Kd1,ecfp,tanimoto,ucb_balanced,0.01532545537521876,0.06611364973561135,0.3333333333333333,0.2886751345948129,0.16666666666666666,0.11023963796102462
traak_b_Kd1,ecfp,tanimoto,ucb_exploit_heavy,0.048520053911907945,0.034566564558785914,0.0,0.5,0.11111111111111112,0.16839382851364085
traak_b_Kd1,ecfp,tanimoto,ucb_explore_heavy,0.04495318329692547,0.025974851013091906,0.0,0.5,-0.1111111111111111,0.2294821061369209
traak_b_Kd1,ecfp,tanimoto,ucb_gradual,0.037727771402483304,0.039874521375943286,0.0,0.5,0.027777777777777818,0.16839382851364088
traak_b_Kd1,ecfp,tanimoto,ucb_sandwich,0.038547017511615336,0.015080683270577214,-0.16666666666666666,0.2886751345948129,-0.013888888888888848,0.14632852434517696
traak_b_Kd1,maccs,linear,random,0.0,0.0,0.0,0.0,0.0,0.0
traak_b_Kd1,maccs,linear,thompson,0.032059678768005896,0.04587839678276322,0.3333333333333333,0.5773502691896258,0.19444444444444445,0.33678765702728175
traak_b_Kd1,maccs,linear,ucb_alternate,0.010602907550527174,0.020578752598439005,-0.16666666666666666,0.2886751345948129,-0.18055555555555558,0.2138167266436202
traak_b_Kd1,maccs,linear,ucb_balanced,-0.019280545128610837,0.032811241115653145,0.16666666666666666,0.2886751345948129,0.12500000000000003,0.18162078931419476
traak_b_Kd1,maccs,linear,ucb_exploit_heavy,0.012200889897878325,0.01163160087835237,0.0,0.0,0.02777777777777779,0.2926570486903539
traak_b_Kd1,maccs,linear,ucb_explore_heavy,0.01700167010795466,0.024706448117227782,-0.3333333333333333,0.5773502691896258,-0.19444444444444445,0.2097176232019653
traak_b_Kd1,maccs,linear,ucb_gradual,-0.021426796954661376,0.03015326515684603,0.16666666666666666,0.2886751345948129,0.013888888888888895,0.024056261216234418
traak_b_Kd1,maccs,linear,ucb_sandwich,0.015415483401145721,0.00707415443229427,0.0,0.5,0.02777777777777779,0.024056261216234418
traak_b_Kd1,maccs,matern32,random,0.0,0.0,0.0,0.0,0.0,0.0
traak_b_Kd1,maccs,matern32,thompson,0.028706645068676862,0.04390746915775074,0.5,0.5,0.20833333333333334,0.32542706982944397
traak_b_Kd1,maccs,matern32,ucb_alternate,0.050812615512586,0.01680988920753081,-0.16666666666666666,0.5773502691896258,-0.18055555555555558,0.25458753860865774
traak_b_Kd1,maccs,matern32,ucb_balanced,0.035480164007965165,0.01848225815321173,0.0,0.8660254037844386,-0.027777777777777773,0.486507774670472
traak_b_Kd1,maccs,matern32,ucb_exploit_heavy,0.029625832761885167,0.008074142319011776,-0.16666666666666666,0.2886751345948129,-0.15277777777777776,0.16839382851364082
traak_b_Kd1,maccs,matern32,ucb_explore_heavy,0.047918317725897164,0.021265510434656035,0.16666666666666666,0.7637626158259734,-0.013888888888888859,0.38714888513239876
traak_b_Kd1,maccs,matern32,ucb_gradual,0.04497717140307896,0.007100516598545318,0.0,0.8660254037844386,-0.027777777777777773,0.486507774670472
traak_b_Kd1,maccs,matern32,ucb_sandwich,0.041102008477994036,0.011397546468801064,0.0,0.8660254037844386,-0.027777777777777773,0.486507774670472
traak_b_Kd1,maccs,rbf,random,0.0,0.0,0.0,0.0,0.0,0.0
traak_b_Kd1,maccs,rbf,thompson,0.028256215766646997,0.04334136500467842,0.3333333333333333,0.2886751345948129,0.1388888888888889,0.20553678592984365
traak_b_Kd1,maccs,rbf,ucb_alternate,0.0494927498421703,0.014748195282747947,-0.16666666666666666,0.5773502691896258,-0.18055555555555558,0.25458753860865774
traak_b_Kd1,maccs,rbf,ucb_balanced,0.03547452120348139,0.01836953436341148,0.0,0.8660254037844386,-0.027777777777777773,0.486507774670472
traak_b_Kd1,maccs,rbf,ucb_exploit_heavy,0.029560578014507562,0.007971765984642054,-0.16666666666666666,0.2886751345948129,-0.15277777777777776,0.16839382851364082
traak_b_Kd1,maccs,rbf,ucb_explore_heavy,0.0345902157920828,0.021032796510049377,0.5,0.5,0.18055555555555558,0.14632852434517696
traak_b_Kd1,maccs,rbf,ucb_gradual,0.044912843016653325,0.007186294779991128,0.0,0.8660254037844386,-0.027777777777777773,0.486507774670472
traak_b_Kd1,maccs,rbf,ucb_sandwich,0.03948725423902937,0.01795792934073216,0.16666666666666666,0.7637626158259734,0.013888888888888895,0.4336804165554443
traak_b_Kd1,maccs,rq,random,0.0,0.0,0.0,0.0,0.0,0.0
traak_b_Kd1,maccs,rq,thompson,0.024374523326505432,0.038771804568650384,0.5,0.5,0.20833333333333334,0.32542706982944397
traak_b_Kd1,maccs,rq,ucb_alternate,0.05064077707065673,0.016974793689714242,-0.16666666666666666,0.5773502691896258,-0.18055555555555558,0.25458753860865774
traak_b_Kd1,maccs,rq,ucb_balanced,0.0354781585698586,0.018206168878496083,0.0,0.8660254037844386,-0.027777777777777773,0.486507774670472
traak_b_Kd1,maccs,rq,ucb_exploit_heavy,0.028039922688669602,0.009897597831346994,-0.16666666666666666,0.2886751345948129,-0.15277777777777776,0.16839382851364082
traak_b_Kd1,maccs,rq,ucb_explore_heavy,0.04132718539257216,0.010399295361057482,0.16666666666666666,0.7637626158259734,-0.013888888888888859,0.38714888513239876
traak_b_Kd1,maccs,rq,ucb_gradual,0.0415356861296061,0.00957840240148768,0.0,0.8660254037844386,-0.027777777777777773,0.486507774670472
traak_b_Kd1,maccs,rq,ucb_sandwich,0.042398874588374304,0.013900361502873496,0.0,0.8660254037844386,-0.027777777777777773,0.486507774670472
traak_b_Kd1,maccs,tanimoto,random,0.0,0.0,0.0,0.0,0.0,0.0
traak_b_Kd1,maccs,tanimoto,thompson,0.024725870667631045,0.006207081844492476,-0.16666666666666666,0.5773502691896258,-0.04166666666666663,0.41666666666666663
traak_b_Kd1,maccs,tanimoto,ucb_alternate,0.0185462679590548,0.0119279319258776,-0.16666666666666666,0.2886751345948129,-0.18055555555555558,0.2138167266436202
traak_b_Kd1,maccs,tanimoto,ucb_balanced,0.01446969003064317,0.07907424343617146,0.5,0.5,0.23611111111111113,0.3236438943814179
traak_b_Kd1,maccs,tanimoto,ucb_exploit_heavy,0.019692497177348504,0.00826023364638954,0.0,0.0,0.02777777777777779,0.2926570486903539
traak_b_Kd1,maccs,tanimoto,ucb_explore_heavy,0.04433225005412844,0.046468420246108325,0.16666666666666666,0.7637626158259734,-0.12500000000000003,0.2916666666666667
traak_b_Kd1,maccs,tanimoto,ucb_gradual,0.017391456786200143,0.07490756439973503,0.5,0.5,0.18055555555555558,0.3127313958110473
traak_b_Kd1,maccs,tanimoto,ucb_sandwich,0.04774694274196834,0.04051149012701012,0.16666666666666666,0.7637626158259734,0.09722222222222222,0.37807382191156114
