round,phase,row_index,selected,predicted_mean_pK,latent_sd_pK,observation_sd_pK,acquisition_score,acquisition_rank
1,E,325,False,5.918352237055927,1.608817937334317,1.6088365193301615,1.6088365193301615,71
1,E,340,False,8.273097253441367,0.46571304695621923,0.46577723489559725,0.46577723489559725,290
1,E,298,False,5.247106028906257,1.4760506800108473,1.4760709333911521,1.4760709333911521,122
1,E,284,False,6.020209238887759,1.6877383710120033,1.6877560841033852,1.6877560841033852,37
1,E,293,False,5.564136474720412,0.2614776852926144,0.2615919921322635,0.2615919921322635,337
1,E,402,False,6.068923532474836,1.6066200418537795,1.606638649269954,1.606638649269954,73
1,E,415,False,8.066250407372838,0.685994739531911,0.6860383175211113,0.6860383175211113,264
1,E,445,False,7.593121660261847,0.186232196983829,0.18639265445603373,0.18639265445603373,358
1,E,363,False,7.357398785981629,0.6444342481090164,0.6444806363092501,0.6444806363092501,267
1,E,101,False,7.27142500949911,0.4705743746947935,0.47063789962256397,0.47063789962256397,289
1,E,119,False,5.58834943537111,0.25476064141251586,0.2548779607079812,0.2548779607079812,340
1,E,234,False,8.225155613807186,0.7196762798587535,0.719717818476851,0.719717818476851,259
1,E,139,False,6.677341357601354,1.529970263221916,1.5299898028369605,1.5299898028369605,103
1,E,126,False,5.710251902673226,0.3027438038119607,0.3028425353022221,0.3028425353022221,322
1,E,547,False,9.692134262562243,0.4620058284211156,0.4620705313443219,0.4620705313443219,291
1,E,64,False,9.716589454686853,1.1822734531331012,1.1822987390778228,1.1822987390778228,198
1,E,533,False,5.84104868931955,1.5771960105723046,1.5772149651226797,1.5772149651226797,79
1,E,529,False,8.086668643910588,0.6924993123027549,0.6925424809941488,0.6925424809941488,262
1,E,475,False,10.086032960042818,0.2830754852106794,0.2831810741716407,0.2831810741716407,329
1,E,501,False,5.536511890427395,1.1232126099335746,1.1232392254348738,1.1232392254348738,208
1,E,307,False,3.8043186230094252,1.654436500054481,1.6544545696858113,1.6544545696858113,46
1,E,183,False,6.890235787310661,1.060102610185421,1.0601308101190559,1.0601308101190559,212
1,E,254,False,8.799134891484224,0.286733167806871,0.28683741032561627,0.28683741032561627,326
1,E,358,False,7.35594700019355,1.6851598620224917,1.685177602216872,1.685177602216872,38
1,E,469,False,9.493180771542638,0.20492925210464086,0.20507508090918836,0.20507508090918836,354
1,E,8,False,8.042498247518065,0.7348703271677275,0.7349110069888363,0.7349110069888363,254
1,E,180,False,6.816049981736416,0.9640840666646266,0.9641150751016949,0.9641150751016949,223
1,E,174,False,8.912962693112592,0.4773628358780522,0.477425457552568,0.477425457552568,286
1,E,348,False,6.190941675617041,1.5456737500747628,1.545693091176875,1.545693091176875,95
1,E,6,False,9.798842331736623,0.3571765042532352,0.3572601931818098,0.3572601931818098,312
1,E,192,False,6.03454657821174,1.2999358674655948,1.2999588647204463,1.2999588647204463,174
1,E,133,True,6.582526442132404,1.7492106423857847,1.7492277329946013,1.7492277329946013,20
1,E,38,False,6.270076126770065,1.5767502598555123,1.5767692197643155,1.5767692197643155,80
1,E,295,False,5.103757374077205,1.557650545423225,1.5576697378131903,1.5576697378131903,90
1,E,160,False,6.602573898131881,1.401623113656935,1.4016444424957082,1.4016444424957082,153
1,E,292,False,5.507230731876455,0.15360733131534746,0.15380182923348354,0.15380182923348354,370
1,E,326,False,6.135167612741972,1.5239004739206579,1.5239200913621909,1.5239200913621909,104
1,E,82,False,6.243871315858233,1.2825953290413323,1.2826186372107597,1.2826186372107597,178
1,E,86,False,7.015752191577119,1.186432356009255,1.1864575533188761,1.1864575533188761,197
1,E,310,False,6.6315525510676725,0.3975200013954713,0.3975951986017917,0.3975951986017917,304
1,E,414,False,8.747461199030862,0.6098840923309576,0.6099331082340905,0.6099331082340905,271
1,E,461,False,6.543028001845622,0.15238546969587297,0.152581525146967,0.152581525146967,371
1,E,241,False,8.830649517638589,0.5034719292271272,0.5035313038545152,0.5035313038545152,283
1,E,544,True,6.404734090187474,1.7452761830157089,1.7452933121523226,1.7452933121523226,21
1,E,483,False,8.821641762173723,1.0059084316166476,1.005938150802129,1.005938150802129,216
1,E,104,False,7.231112052049582,1.353567983420701,1.3535900694757355,1.3535900694757355,162
1,E,426,False,6.7822812984556045,1.5696956131275603,1.569714658246412,1.569714658246412,86
1,E,147,False,6.088685178493442,1.6190207970841322,1.619039261979981,1.619039261979981,67
1,E,222,False,7.2224279220042416,1.4059230655901274,1.4059443291966023,1.4059443291966023,150
1,E,202,True,6.832109260427296,1.9404602725702014,1.940475678761515,1.940475678761515,2
1,E,423,False,9.75470321583913,0.48184709203364157,0.4819091310019134,0.4819091310019134,285
1,E,230,False,8.45274374787769,0.6512337176303397,0.6512796215300888,0.6512796215300888,266
1,E,269,False,9.68961785437962,0.2456168035170021,0.2457384882586615,0.2457384882586615,342
1,E,367,False,4.91237262895498,1.5732135047736324,1.5732325073058586,1.5732325073058586,83
1,E,31,False,5.641392987387187,1.6328229329720418,1.6328412417871994,1.6328412417871994,56
1,E,281,False,5.485399180243604,1.5454154352862346,1.5454347796211538,1.5454347796211538,96
1,E,392,False,7.082386472403369,1.6936410651788862,1.6936587165370758,1.6936587165370758,33
1,E,416,False,8.460632079716683,0.20657001025293442,0.20671468157254852,0.20671468157254852,352
1,E,118,False,5.591918786491319,0.22403110331520074,0.22416450587541473,0.22416450587541473,346
1,E,506,False,6.435600874079786,0.27754570325153594,0.27765339514425597,0.27765339514425597,332
1,E,444,True,5.885899675491937,1.7096677645981457,1.7096852504913773,1.7096852504913773,29
1,E,24,False,10.789633999443012,0.2793569190777106,0.2794639130162126,0.2794639130162126,331
1,E,515,True,5.906794154095435,1.7328818071607677,1.7328990588117101,1.7328990588117101,25
1,E,462,False,8.49993795717686,0.7512713351065194,0.7513111268938288,0.7513111268938288,252
1,E,482,False,9.679588821894042,0.13223292008875814,0.13245880717016367,0.13245880717016367,375
1,E,450,False,6.194580226887052,1.622300674567982,1.6223191021329533,1.6223191021329533,64
1,E,315,False,6.898434627791824,1.5166145199068282,1.5166342315911114,1.5166342315911114,108
1,E,382,False,6.846428246256493,0.8404211287998906,0.8404566997621145,0.8404566997621145,238
1,E,422,False,5.228494855130562,0.8227565077062379,0.8227928423453301,0.8227928423453301,241
1,E,68,False,10.645838208523132,0.408182497220493,0.4082557304911965,0.4082557304911965,299
1,E,198,False,6.003073033126559,1.671675265507638,1.6716931488020683,1.6716931488020683,41
1,E,338,False,9.700871509142521,0.20691133697947608,0.20705576981184806,0.20705576981184806,351
1,E,56,False,5.987123784841757,1.6316629216833265,1.6316812435147716,1.6316812435147716,58
1,E,495,False,9.003723737517449,0.9129841938263304,0.9130169377500382,0.9130169377500382,229
1,E,204,True,6.792728463508462,1.8160050953145173,1.816021557319745,1.816021557319745,8
1,E,197,False,5.96799819287587,1.4779886477971267,1.4780088746211646,1.4780088746211646,119
1,E,19,False,9.586536264757056,0.27556591339934533,0.27567437869587774,0.27567437869587774,333
1,E,162,False,8.368634982167155,0.7643014252550396,0.7643405386924257,0.7643405386924257,251
1,E,259,False,8.10135367771358,0.6908449902242232,0.69088826228244,0.69088826228244,263
1,E,260,False,6.563078041619138,1.4093153162986467,1.4093365287239585,1.4093365287239585,148
1,E,258,False,5.501015780883222,1.4779293087881322,1.477949536424268,1.477949536424268,120
1,E,30,True,5.777806299714659,1.7707503102512845,1.7707671929694098,1.7707671929694098,15
1,E,60,True,6.643934448501689,1.8110242043209643,1.811040711601516,1.811040711601516,10
1,E,239,False,9.666640239571606,0.27424079329541534,0.27434978248404246,0.27434978248404246,335
1,E,485,False,5.0360488382617135,1.5364270046894675,1.5364464621915048,1.5364464621915048,101
1,E,73,False,4.896149963487815,0.9492441563017692,0.9492756494900731,0.9492756494900731,225
1,E,511,False,5.124532522811152,1.4654558893364684,1.465476289140388,1.465476289140388,123
1,E,3,False,6.689837413223853,1.5104363190698529,1.5104561113806085,1.5104561113806085,110
1,E,395,False,3.2483863668393327,1.569242697654048,1.5692617482696427,1.5692617482696427,87
1,E,16,False,8.248916397721318,0.27520645395191995,0.27531506086397256,0.27531506086397256,334
1,E,480,False,9.698488799800252,0.1428251451744757,0.14303430545100976,0.14303430545100976,373
1,E,460,True,5.6241624892180955,1.7399096951164603,1.7399268770847802,1.7399268770847802,23
1,E,468,False,8.5455764423194,0.9985606354329183,0.9985905732971527,0.9985905732971527,220
1,E,373,False,8.542319230735469,1.2420265802816655,1.2420506497594659,1.2420506497594659,184
1,E,331,False,7.208299101415807,1.6546362157806767,1.654654283231014,1.654654283231014,45
1,E,411,False,6.14974719467327,1.6255747946116357,1.6255931850615037,1.6255931850615037,61
1,E,62,False,5.865683100733765,1.4652708583679457,1.4652912607478688,1.4652912607478688,125
1,E,127,False,7.609939530586235,1.189910144889836,1.1899352685560223,1.1899352685560223,195
1,E,146,False,6.21893480698764,1.544495844710629,1.5445152005629927,1.5445152005629927,97
1,E,283,False,6.116338220020392,0.29473406462770346,0.294835478349723,0.294835478349723,324
1,E,299,False,5.203802008765853,0.2151364107701184,0.2152753252948229,0.2152753252948229,349
1,E,27,False,5.839774937135359,0.2850659816860323,0.2851708336354965,0.2851708336354965,328
1,E,249,False,9.232587539581923,1.2138912255892664,1.213915852933948,1.213915852933948,188
1,E,427,False,6.281506795036833,1.4881086878358152,1.4881287771070668,1.4881287771070668,116
1,E,265,False,5.908559444443979,1.4583462161892873,1.4583667154441486,1.4583667154441486,128
1,E,434,False,6.188722310851256,1.5836006115397847,1.5836194894326487,1.5836194894326487,76
1,E,247,False,9.945876291166881,0.857102638773096,0.8571375174576988,0.8571375174576988,237
1,E,519,False,7.863981597621922,1.4764117587625905,1.4764320071896937,1.4764320071896937,121
1,E,228,False,8.02373147771481,0.1668681926433181,0.16704725127277678,0.16704725127277678,367
1,E,294,False,5.968810155816333,1.636856448810582,1.63687471250995,1.63687471250995,53
1,E,143,False,7.651756502020763,1.2100553113419594,1.210080016754524,1.210080016754524,190
1,E,289,False,5.5436017593519775,0.16719266404881375,0.1673713755499494,0.1673713755499494,366
1,E,545,True,6.323413626866115,1.7106651640643489,1.7106826397625738,1.7106826397625738,28
1,E,210,False,6.345693771036741,0.3593220525018078,0.3594052418313548,0.3594052418313548,311
1,E,238,False,8.60252523857491,1.008159747102399,1.0081893999240996,1.0081893999240996,215
1,E,89,False,6.648243963690732,1.2621470514673845,1.2621707372497413,1.2621707372497413,181
1,E,319,False,6.336529864091418,0.521383719431345,0.5214410545112518,0.5214410545112518,280
1,E,148,False,6.185461306999748,1.6354156431807458,1.635433922970303,1.635433922970303,54
1,E,196,True,7.00956364873926,1.7669608659834593,1.7669777849081065,1.7669777849081065,16
1,E,457,False,5.180488690217643,1.3103427469360178,1.310365561547453,1.310365561547453,171
1,E,409,False,5.7794771163980885,1.3890892399457946,1.3891107612335771,1.3891107612335771,159
1,E,134,False,5.861907166172273,1.6216506357937237,1.6216690707453019,1.6216690707453019,65
1,E,12,False,9.55296777115253,0.28559137202904156,0.2856960311575454,0.2856960311575454,327
1,E,497,False,6.017261181227589,1.6474686773844938,1.6474868234388873,1.6474868234388873,50
1,E,67,False,10.588968836482785,0.42639207038142746,0.42646217666506236,0.42646217666506236,298
1,E,441,False,6.9784639257871195,1.3943732083496587,1.3943946480839144,1.3943946480839144,158
1,E,229,False,7.894310226557151,0.7727438770034462,0.772782563136656,0.772782563136656,250
1,E,201,False,5.91380135592729,1.621561495260034,1.6215799312250074,1.6215799312250074,66
1,E,487,True,5.980013362941422,1.927477409725827,1.9274929196874178,1.9274929196874178,3
1,E,531,True,6.364882745008359,1.8031794350613564,1.8031960141565129,1.8031960141565129,12
1,E,7,False,8.114190309085739,0.787940189233673,0.7879781292975961,0.7879781292975961,248
1,E,446,False,7.675300417708787,0.18166949546778716,0.18183397929227374,0.18183397929227374,359
1,E,543,False,8.45795823250554,1.12643194441648,1.1264584838526606,1.1264584838526606,207
1,E,327,False,5.365212047146294,1.4530831825244828,1.4531037560261213,1.4531037560261213,130
1,E,25,False,10.82872322185471,0.4013449714750465,0.4014194521570281,0.4014194521570281,301
1,E,92,False,6.563421936135659,1.6530034006347747,1.653021485931708,1.653021485931708,47
1,E,304,False,5.883303882172408,1.450451142085615,1.4504717529201345,1.4504717529201345,131
1,E,400,False,7.225292430839234,0.8619053372998258,0.8619400216416854,0.8619400216416854,235
1,E,233,False,9.374966677746164,0.39692427297756744,0.39699958302309735,0.39699958302309735,305
1,E,478,False,9.701899674035031,0.28758846371766833,0.28769239632849414,0.28769239632849414,325
1,E,512,False,8.663199252700394,0.5197626026443044,0.5198201165300587,0.5198201165300587,281
1,E,291,False,5.529327430959752,0.1487544405262959,0.14895527522727756,0.14895527522727756,372
1,E,181,False,6.870795800327194,0.8222449909807512,0.8222813482225401,0.8222813482225401,242
1,E,75,False,7.747629396367653,1.162433552199383,1.1624592697039402,1.1624592697039402,203
1,E,250,False,8.987125523046982,0.8836673234311655,0.8837011536383456,0.8837011536383456,231
1,E,419,False,5.5168118666472346,1.1223703135077008,1.1223969489824521,1.1223969489824521,209
1,E,165,False,6.904574122431846,0.9454592508229176,0.9454908700819776,0.9454908700819776,226
1,E,417,False,8.49239610258568,0.1982356251512162,0.1983863743326043,0.1983863743326043,355
1,E,525,False,6.56791892327881,0.9182191311911309,0.9182516884423017,0.9182516884423017,228
1,E,149,True,6.63107016338219,1.8568152469420878,1.856831347139085,1.856831347139085,6
1,E,336,False,9.681563975209315,0.23218770706052358,0.23231642591897417,0.23231642591897417,343
1,E,70,False,7.72188663029259,1.435588260338991,1.4356090845577958,1.4356090845577958,134
1,E,255,False,6.236691028675095,0.8064007269745523,0.8064377985355282,0.8064377985355282,243
1,E,356,False,8.549821896815232,0.16518402288214717,0.1653649051560591,0.1653649051560591,368
1,E,466,False,9.760830575092902,0.21382453871911075,0.2139643049674015,0.2139643049674015,350
1,E,54,False,4.974207045412742,1.4440380115318139,1.4440587138999914,1.4440587138999914,132
1,E,343,False,7.291068390212902,1.4142212148349418,1.4142423536759747,1.4142423536759747,145
1,E,318,False,5.896172934981492,1.4301793942140202,1.4302002971878185,1.4302002971878185,136
1,E,169,False,6.374712318092864,0.5433218306269725,0.5433768508848967,0.5433768508848967,279
1,E,527,False,8.31072457107253,1.0551089539420926,1.0551372873377756,1.0551372873377756,213
1,E,322,False,7.130623883703433,1.3517070981662858,1.351729214626533,1.351729214626533,163
1,E,215,False,7.131777626981666,1.4013974073545563,1.4014187396284576,1.4014187396284576,155
1,E,43,False,7.158398391421172,1.426090550123764,1.4261115130290627,1.4261115130290627,139
1,E,23,False,10.767391394039194,0.3064815327332633,0.306579060518283,0.306579060518283,321
1,E,158,False,8.326078739162053,0.9060056539043204,0.9060386500300845,0.9060386500300845,230
1,E,136,False,7.845734967809877,1.1784866735976982,1.178512040790891,1.178512040790891,201
1,E,546,True,6.558097265616135,1.7499533950129609,1.7499704783678867,1.7499704783678867,19
1,E,95,False,6.393669469471508,0.31205660452007344,0.3121523904543103,0.3121523904543103,318
1,E,334,False,8.667525213645051,0.7405579113029657,0.7405982787146848,0.7405982787146848,253
1,E,175,False,7.661172573323888,1.1792941185422963,1.1793194683673267,1.1793194683673267,200
1,E,387,False,8.575433007944264,0.12324953954893278,0.12349185981580586,0.12349185981580586,377
1,E,186,False,6.712250887412393,0.2589556764159624,0.2590710960137995,0.2590710960137995,338
1,E,263,False,5.1337797061004995,0.7894139555491554,0.7894518247857221,0.7894518247857221,247
1,E,257,False,6.244777002394598,1.6432404570975703,1.643258649843041,1.643258649843041,51
1,E,421,False,5.550505218111844,1.0031091796236684,1.003138981740323,1.003138981740323,219
1,E,316,False,5.824430728379637,0.3808465807861765,0.3809250694536451,0.3809250694536451,307
1,E,393,False,6.946657390462794,1.418925092626201,1.418946161390916,1.418946161390916,144
1,E,517,False,9.703788292637677,0.45182519561591133,0.45189135622967963,0.45189135622967963,294
1,E,360,False,5.3780462690794275,1.6975495976798394,1.6975672083969835,1.6975672083969835,31
1,E,88,False,6.831225650890693,1.482404245403679,1.4824244119794416,1.4824244119794416,117
1,E,452,False,6.3172340404275005,1.6903887039108885,1.690406389230494,1.690406389230494,35
1,E,240,False,8.492922352773919,0.5075984403469789,0.5076573323457745,0.5076573323457745,282
1,E,449,False,6.206181446999573,1.6256220620249977,1.6256404519401415,1.6256404519401415,60
1,E,248,False,9.816442456150224,1.1931591393794774,1.1931841946348927,1.1931841946348927,194
1,E,337,False,9.609541340329098,0.25676391824865347,0.2568803226332136,0.2568803226332136,339
1,E,214,False,7.131777626981666,1.4013974073545563,1.4014187396284576,1.4014187396284576,156
1,E,37,False,5.823560022115978,1.656695004705672,1.6567130497036806,1.6567130497036806,43
1,E,465,False,8.396530334340811,0.5535711460044482,0.5536251476680054,0.5536251476680054,276
1,E,270,False,9.43203741273372,0.3520501550049275,0.35213506227119185,0.35213506227119185,313
1,E,435,False,6.185010389243051,1.5680455234005644,1.5680645885607813,1.5680645885607813,88
1,E,276,False,6.162175370033842,1.291133205860206,1.2911563599024696,1.2911563599024696,177
1,E,161,False,7.990815137084474,0.9797111671703015,0.9797416810159385,0.9797416810159385,222
1,E,216,False,7.131777626981666,1.4013974073545563,1.4014187396284576,1.4014187396284576,157
1,E,207,False,5.374200980662945,1.5186066548407664,1.5186263406672509,1.5186263406672509,106
1,E,394,False,5.10917770772557,1.667437907810568,1.6674558365502299,1.6674558365502299,42
1,E,173,True,6.57952291579278,1.713891271606921,1.7139087144104646,1.7139087144104646,27
1,E,112,True,6.2977760142968275,1.716027086972701,1.7160445080666633,1.7160445080666633,26
1,E,18,False,8.0531850556112,0.7001451813504658,0.7001878786511655,0.7001878786511655,261
1,E,153,False,8.431956711398252,0.7962311030255413,0.7962686480497728,0.7962686480497728,246
1,E,11,False,9.584537970035871,0.22766959047239096,0.22780086230655255,0.22780086230655255,345
1,E,498,False,8.423070374614918,1.0687557869175672,1.0687837585365578,1.0687837585365578,211
1,E,205,True,6.669791523908228,1.8017133686830316,1.801729961268586,1.801729961268586,13
1,E,335,False,9.483597530142344,0.5621344251695425,0.5621876042767526,0.5621876042767526,275
1,E,391,False,7.482771103714822,1.248768388068871,1.248792327603701,1.248792327603701,182
1,E,510,False,7.389233688274705,1.229619093952458,1.2296434062988368,1.2296434062988368,185
1,E,66,False,9.123916679575226,1.2039625514748746,1.203987381908811,1.203987381908811,191
1,E,9,False,8.087275039348619,0.7282199391220696,0.7282609904262987,0.7282609904262987,255
1,E,362,False,7.2862946761897325,1.316894109652383,1.3169168107663007,1.3169168107663007,170
1,E,474,False,9.850685255601139,0.13609174648945183,0.13631123909748574,0.13631123909748574,374
1,E,59,True,6.691926058256286,1.814882149192487,1.814898621383377,1.814898621383377,9
1,E,513,False,6.536266165943159,1.5355829160911212,1.5356023842885416,1.5356023842885416,102
1,E,508,False,7.413267309779738,1.3887414832733658,1.3887630099502402,1.3887630099502402,160
1,E,404,False,5.794493734220796,1.4103338539822976,1.4103550510883078,1.4103550510883078,147
1,E,4,False,5.963133524247865,1.3231782880508647,1.3232008813520946,1.3232008813520946,167
1,E,94,False,6.531093767932573,0.36879433879746815,0.3688753919290421,0.3688753919290421,310
1,E,48,False,7.218459746268942,0.1264706820734714,0.12670684222200387,0.12670684222200387,376
1,E,323,False,5.33447494299896,1.5521953714166792,1.552214631257258,1.552214631257258,93
1,E,93,False,6.572518652698048,1.650413773442912,1.6504318871167674,1.6504318871167674,48
1,E,350,False,8.515660370931906,0.17299675302173542,0.17316947478642425,0.17316947478642425,364
1,E,425,False,7.134017817931888,1.6725592091082184,1.6725770829514708,1.6725770829514708,40
1,E,443,False,9.851826447015405,0.1781684382938924,0.17833615125887192,0.17833615125887192,361
1,E,380,False,8.740527218364726,0.7251651203053437,0.725206344531821,0.725206344531821,256
1,E,328,False,5.958791722546753,1.6079499403386317,1.6079685323652175,1.6079685323652175,72
1,E,251,True,5.642088038430023,1.807859168401701,1.8078757045814384,1.8078757045814384,11
1,E,389,False,8.590343272384489,0.11253878986580113,0.11280412078555305,0.11280412078555305,379
1,E,412,False,6.049598148887004,1.6242377829800094,1.6242561885680344,1.6242561885680344,63
1,E,32,False,5.641392987387187,1.6328229329720418,1.6328412417871994,1.6328412417871994,57
1,E,386,False,8.57734903111956,0.3119658141594902,0.31206162796142733,0.31206162796142733,319
1,E,406,False,6.017823808572175,1.4992138389180876,1.4992337793837398,1.4992337793837398,115
1,E,155,False,6.987137680745181,1.5740585442762403,1.5740775366070057,1.5740775366070057,82
1,E,381,False,6.710154627218149,1.1334746808315723,1.1335010553713558,1.1335010553713558,206
1,E,128,False,6.102148798217917,1.0392311487189307,1.0392599149921116,1.0392599149921116,214
1,E,121,False,7.835899832160789,0.8806756898351409,0.8807096349582784,0.8807096349582784,232
1,E,227,False,8.215314371330328,0.7184001219217653,0.718441734324329,0.718441734324329,260
1,E,369,True,6.558389827200514,1.8998236848979555,1.899839420619803,1.899839420619803,4
1,E,130,True,6.469804191094169,1.7500138757042372,1.7500309584687659,1.7500309584687659,18
1,E,364,False,7.3485164383756905,1.198721665778531,1.1987466047704154,1.1987466047704154,192
1,E,81,False,6.631435871504837,1.2262902207662594,1.2263145991093412,1.2263145991093412,186
1,E,308,False,6.16671636015354,1.4999074836851578,1.4999274149292974,1.4999274149292974,114
1,E,370,True,6.366935672637178,2.0204844682326426,2.020499264244134,2.020499264244134,1
1,E,311,False,7.814742652061422,0.3708081702469631,0.37088878328097696,0.37088878328097696,308
1,E,361,True,7.199767639599203,1.8664328233295526,1.8664488405642592,1.8664488405642592,5
1,E,52,False,5.916751547024994,1.5031646588976415,1.5031845469537684,1.5031845469537684,112
1,E,493,False,10.777763594793118,0.26341158809545934,0.263525056085213,0.263525056085213,336
1,E,342,False,9.393651925538114,0.47268447298561367,0.47274771437144997,0.47274771437144997,288
1,E,28,False,5.332865976003612,1.56119646327874,1.5612156120779055,1.5612156120779055,89
1,E,267,False,9.618635968584778,0.17183006343578053,0.17200395676288108,0.17200395676288108,365
1,E,209,False,6.309672339511284,0.39773003415365377,0.3978051916574359,0.3978051916574359,303
1,E,106,False,7.4068786558734745,1.5124523227666546,1.5124720886958514,1.5124720886958514,109
1,E,505,False,5.484868891988633,1.2802269221326152,1.2802502734211354,1.2802502734211354,179
1,E,376,False,8.532161707982278,1.3441028510073776,1.3441250925891917,1.3441250925891917,164
1,E,396,False,7.419973982464005,0.44022570834419616,0.44029361195558125,0.44029361195558125,296
1,E,14,False,9.571623620993158,0.17804096127310345,0.17820879420722602,0.17820879420722602,362
1,E,21,False,9.783761859413001,0.20597323982331847,0.2061183300074425,0.2061183300074425,353
1,E,218,False,7.053838166484391,1.40150025090702,1.4015215816155608,1.4015215816155608,154
1,E,384,False,7.316748390399147,1.2125327111530617,1.212557366089513,1.212557366089513,189
1,E,105,False,6.765880590051242,0.5907579556590018,0.5908085583470722,0.5908085583470722,273
1,E,266,False,5.948677738054434,1.4654343011852764,1.465454701289713,1.465454701289713,124
1,E,347,False,9.84609900264449,0.33787649462505354,0.33796496277255805,0.33796496277255805,316
1,E,190,False,5.78430861034538,1.3068256632783244,1.3068485392900646,1.3068485392900646,173
1,E,431,False,6.185922452009858,1.591268363868342,1.5912871507964779,1.5912871507964779,74
1,E,39,False,6.6070460400578686,1.580736393432278,1.5807553055305645,1.5807553055305645,77
1,E,458,False,5.2477330301043335,1.309009069858675,1.3090319077142527,1.3090319077142527,172
1,E,188,False,8.163119545848922,0.7968517978706522,0.7968893136511703,0.7968893136511703,245
1,E,403,False,6.023944529189047,1.6254371386475606,1.625455530654872,1.625455530654872,62
1,E,13,False,9.549495320272134,0.21539783735019008,0.21553658338407808,0.21553658338407808,348
1,E,189,False,8.160875057576213,0.7969598008799625,0.7969973115766277,0.7969973115766277,244
1,E,453,False,6.01968347095803,1.4251083788703935,1.4251293562229161,1.4251293562229161,140
1,E,467,False,9.808779689321783,0.2290583207512016,0.2291887971675384,0.2291887971675384,344
1,E,220,False,7.170913316578683,1.4031346632978563,1.4031559691601398,1.4031559691601398,151
1,E,5,False,5.143068159644951,1.6173054542108873,1.6173239386907086,1.6173239386907086,69
1,E,85,False,6.443419214238805,0.33103001402422955,0.33112031140753706,0.33112031140753706,317
1,E,479,False,10.091727225211127,0.27963785002158303,0.2797447365124786,0.2797447365124786,330
1,E,523,False,5.95950748218563,1.617897143174014,1.617915620893864,1.617915620893864,68
1,E,442,False,5.826964563448346,1.4306701280882508,1.430691023892229,1.430691023892229,135
1,E,472,False,8.07559633294722,0.5509226822129589,0.5509769434545003,0.5509769434545003,278
1,E,476,False,8.730509835541964,1.0058712964624796,1.0059010167451132,1.0059010167451132,217
1,E,433,False,6.477628336535188,1.5574253589845106,1.5574445541494486,1.5574445541494486,91
1,E,385,False,8.675571501538299,0.430765384280204,0.430834778930177,0.430834778930177,297
1,E,332,False,7.396154648490428,1.5182869916959907,1.5183066816671142,1.5183066816671142,107
1,E,278,False,8.612584475916684,1.340576347109908,1.3405986471991858,1.3405986471991858,165
1,E,359,False,7.499072482658273,1.6349989400373823,1.6350172244857564,1.6350172244857564,55
1,E,78,False,6.546312901262792,1.4074006362280411,1.4074218775110887,1.4074218775110887,149
1,E,528,False,8.02202772781069,0.7243881416135612,0.7244294100546247,0.7244294100546247,258
1,E,375,False,8.786186909702078,0.6372937208497164,0.6373406287662972,0.6373406287662972,269
1,E,539,False,5.9468877521901415,1.422831237794191,1.4228522487189919,1.4228522487189919,141
1,E,114,True,6.191042016834511,1.7408689330766436,1.7408861055776033,1.7408861055776033,22
1,E,170,False,6.448254953504682,1.688166673787707,1.6881843823851685,1.6881843823851685,36
1,E,339,False,9.671323065597191,0.21610403271508244,0.2162423256383082,0.2162423256383082,347
1,E,123,False,7.395557253757555,0.4513012151939983,0.45136745261186284,0.45136745261186284,295
1,E,301,False,6.276056451569257,1.5394061212559238,1.5394255411035476,1.5394255411035476,99
1,E,103,False,6.391403849037778,1.459793954355565,1.4598144332807508,1.4598144332807508,127
1,E,90,False,6.697288848084377,1.2754095643376897,1.2754330038248962,1.2754330038248962,180
1,E,199,False,6.411181880149583,1.144974342794921,1.145000452445502,1.145000452445502,205
1,E,274,False,8.51840465666364,0.8765810079416715,0.8766151116229856,0.8766151116229856,234
1,E,499,False,7.886373481585956,1.1131316263701405,1.113158482906714,1.113158482906714,210
1,E,206,False,5.432321885616091,1.6962438337187493,1.6962614579924353,1.6962614579924353,32
1,E,87,False,6.972840837801422,1.1956328449090692,1.1956578483274791,1.1956578483274791,193
1,E,221,False,7.170913316578683,1.4031346632978563,1.4031559691601398,1.4031559691601398,152
1,E,456,False,7.686241856835029,1.4790700712424623,1.4790902832778414,1.4790902832778414,118
1,E,142,False,7.67976180405594,1.1800128543464201,1.180038188731419,1.180038188731419,199
1,E,111,False,4.607483730459837,0.11334517211307732,0.11360861975697892,0.11360861975697892,378
1,E,329,False,6.1770420075567305,1.5235579476271308,1.5235775694790001,1.5235775694790001,105
1,E,484,False,8.142804688595273,0.5884000106193187,0.5884508160743402,0.5884508160743402,274
1,E,277,False,8.872766677034997,0.3404367199771432,0.3405245229796799,0.3405245229796799,315
1,E,407,False,6.065619429624143,1.655401138143028,1.6554191972449077,1.6554191972449077,44
1,E,349,False,8.502271767284022,1.2976870989405223,1.2977101360467258,1.2977101360467258,175
1,E,471,False,7.622532968214948,0.7248732306368187,0.7249144714623935,0.7249144714623935,257
1,E,109,False,9.69118355956237,0.641944361195693,0.641990929307174,0.641990929307174,268
1,E,187,False,7.157250410326492,1.2464087853590118,1.246432770213408,1.246432770213408,183
1,E,65,False,9.906459054117214,0.857911938584783,0.8579467843683798,0.8579467843683798,236
1,E,535,False,9.892215683287503,0.34429091243554094,0.3443777327694693,0.3443777327694693,314
1,E,99,False,7.0427086961233165,0.9924549616222511,0.9924850836613952,0.9924850836613952,221
1,E,71,True,6.6553914859414025,1.8163637008397004,1.8163801595948563,1.8163801595948563,7
1,E,279,False,8.816300793645025,0.6203478098022557,0.6203959989943506,0.6203959989943506,270
1,E,69,False,10.654938190071757,0.39971890661369647,0.39979369022808714,0.39979369022808714,302
1,E,410,False,6.514299768344116,1.4366406338365538,1.4366614428013433,1.4366614428013433,133
1,E,489,False,8.067495591652914,0.5512427449464957,0.5512969746859582,0.5512969746859582,277
1,E,125,False,5.0192180721953115,1.5712581494950817,1.57127717567476,1.57127717567476,85
1,E,177,False,6.541641550222355,0.8322062353005677,0.8322421573766174,0.8322421573766174,239
1,E,224,True,6.347103356177719,1.797731725571322,1.7977483549060436,1.7977483549060436,14
1,E,22,False,10.78660801222457,0.3690685480103018,0.36914954093453123,0.36914954093453123,309
1,E,117,True,5.206774648031924,1.7528205167236877,1.7528375721353187,1.7528375721353187,17
1,E,74,False,4.90237714652908,0.9540973525432578,0.9541286855407902,0.9541286855407902,224
1,E,372,False,7.205921066551193,0.1801839180370633,0.18034975675317624,0.18034975675317624,360
1,E,10,False,7.960944274373351,0.5910221676735633,0.5910727477420188,0.5910727477420188,272
1,E,116,False,5.918758274693287,1.456972063302529,1.4569925818911267,1.4569925818911267,129
1,E,509,False,7.353403189267328,1.3616354714096328,1.3616574266101866,1.3616574266101866,161
1,E,157,False,8.302690684489578,0.9285422840696433,0.9285744793752481,0.9285744793752481,227
1,E,63,False,9.180101475135064,0.8774759689083225,0.8775100378077404,0.8775100378077404,233
1,E,223,False,4.870606281967197,1.539403200276728,1.5394226201612,1.5394226201612,100
1,E,439,False,5.853610712234616,0.45245546371268847,0.4525215321785325,0.4525215321785325,293
1,E,500,False,5.614302450346616,1.0032652534786284,1.0032950509592278,1.0032950509592278,218
1,E,1,False,9.737750407977657,0.3025400365611394,0.30263883452749135,0.30263883452749135,323
1,E,42,False,7.098690380959087,1.4268176384155953,1.4268385906386185,1.4268385906386185,138
1,E,122,False,5.901259146875473,1.6736471248365528,1.6736649870614495,1.6736649870614495,39
1,E,17,False,9.572302987014234,0.17499581647583776,0.17516656708912176,0.17516656708912176,363
1,E,167,False,6.909328346353319,1.2140396384641923,1.2140642627983123,1.2140642627983123,187
1,E,297,False,8.386113570047295,0.7798328645755446,0.7798711990539479,0.7798711990539479,249
1,E,309,False,7.611066194755769,1.4225650157187437,1.4225860305755194,1.4225860305755194,142
1,E,76,False,4.849421672534815,1.543821916482594,1.5438412807843076,1.5438412807843076,98
1,E,313,False,6.640223669575013,1.296806597316965,1.2968296500645518,1.2968296500645518,176
1,E,296,False,5.118991168198676,1.5566484430372747,1.5566676477823114,1.5566676477823114,92
1,E,502,False,5.513529987628245,1.501181658799782,1.5012015731268762,1.5012015731268762,113
1,E,490,False,8.237984822148652,0.2511677766690788,0.25128677338576927,0.25128677338576927,341
1,E,516,False,7.299543428898427,1.4137085911546967,1.4137297376607525,1.4137297376607525,146
1,E,290,False,5.547877073108392,0.1933276871802316,0.19348226035531058,0.19348226035531058,356
1,E,212,False,4.857240050431192,1.6119711940208044,1.611989739667905,1.611989739667905,70
1,E,530,False,6.78634367350835,1.4287050232233052,1.428725947767887,1.428725947767887,137
1,E,317,False,4.813289826063032,1.545878275819816,1.5458976143630565,1.5458976143630565,94
1,E,57,False,5.987123784841757,1.6316629216833265,1.6316812435147716,1.6316812435147716,59
1,E,272,False,8.256583319694611,0.38934957709473655,0.38942635199173786,0.38942635199173786,306
1,E,15,False,9.576024992741393,0.155395364524352,0.1555876272632208,0.1555876272632208,369
1,E,432,False,6.193076521401794,1.5742458856360144,1.574264875706646,1.574264875706646,81
1,E,503,False,5.864340607715753,1.3400592482538631,1.3400815569481028,1.3400815569481028,166
1,E,137,False,5.998804290465403,1.3172120072553273,1.3172347028906242,1.3172347028906242,169
1,E,287,False,7.391724292747582,0.4046098648753549,0.40468374466513435,0.40468374466513435,300
1,E,451,False,5.633128980397136,1.5096522075350813,1.5096720101258043,1.5096720101258043,111
1,E,300,False,6.3031699982904055,1.5838962108917591,1.583915085261522,1.583915085261522,75
1,E,195,True,6.507239445340101,1.7337985824568392,1.7338158249857705,1.7338158249857705,24
1,E,34,False,5.920608080634563,1.4646557642278302,1.4646761751757797,1.4646761751757797,126
1,E,286,False,7.398382470559842,1.188076431834947,1.1881015942769382,1.1881015942769382,196
1,E,314,False,6.236382042351774,1.5719699788194659,1.5719889963836944,1.5719889963836944,84
1,E,333,True,6.575551153310983,1.7068341185632079,1.7068516334858121,1.7068516334858121,30
1,E,182,False,6.766474000278557,0.8263090751895198,0.8263452536212101,0.8263452536212101,240
1,E,49,False,8.080675453430596,0.6847853019504467,0.6848289569002667,0.6848289569002667,265
1,E,518,False,9.709933420334439,0.45981762238204826,0.4598826331737508,0.4598826331737508,292
1,E,102,False,5.03893734156962,1.693044740446719,1.6930623980220105,1.6930623980220105,34
1,E,41,False,7.0157698681244955,1.6496271991437599,1.6496453214544722,1.6496453214544722,49
1,E,366,False,4.9044139706005465,1.5794999186834835,1.5795188455864886,1.5795188455864886,78
1,E,534,False,6.752807484481615,1.1487553865585813,1.14878141027312,1.14878141027312,204
1,E,275,False,6.03008794890302,1.3213318888446297,1.321354513716686,1.321354513716686,168
1,E,303,False,5.943273803584393,1.4208798495653872,1.420900889345453,1.420900889345453,143
1,E,113,False,5.1692274417767266,1.6405635848363753,1.6405818072662275,1.6405818072662275,52
1,E,437,False,5.5108141652327545,0.30813530809036904,0.30823231260477757,0.30823231260477757,320
1,E,491,False,9.529870821820936,0.18777208941737566,0.18793123211938356,0.18793123211938356,357
1,E,526,False,9.699466898622044,0.4896469370998512,0.48970798794078124,0.48970798794078124,284
1,E,141,False,7.572061339050154,1.1679429047303278,1.1679685009244292,1.1679685009244292,202
1,E,548,False,9.702350099692994,0.47331280787461666,0.47337596531710024,0.47337596531710024,287
2,E,325,False,4.889129902553616,1.783943226142114,1.7839668009769312,1.7839668009769312,41
2,E,340,False,8.377643907402595,0.5061587322875144,0.5062418149071005,0.5062418149071005,263
2,E,298,False,5.225749969621024,1.6394607431648187,1.6394863955727328,1.6394863955727328,84
2,E,284,True,5.785676406137102,1.903687355358977,1.903709447327293,1.903709447327293,13
2,E,293,False,5.601351728741037,0.29576977138480515,0.29591193040252933,0.29591193040252933,306
2,E,402,False,5.920099373791269,1.7649571840374656,1.7649810124686869,1.7649810124686869,46
2,E,415,False,8.389887786322248,0.7206454775135485,0.720703834560537,0.720703834560537,235
2,E,445,False,7.518749031793481,0.20255145676640585,0.20275898383974167,0.20275898383974167,328
2,E,363,False,7.326210576702314,0.7286587357366809,0.7287164510664691,0.7287164510664691,232
2,E,101,False,7.1976561201945,0.5286910327574832,0.5287705750206847,0.5287705750206847,256
2,E,119,False,5.713449136733663,0.2726233367354205,0.2727775588685512,0.2727775588685512,310
2,E,234,False,8.314461950497035,0.7758947541206892,0.7759489560283822,0.7759489560283822,229
2,E,139,False,6.532811979334298,1.7264432032852552,1.7264675632804065,1.7264675632804065,57
2,E,126,False,5.869153973779339,0.3310339903164329,0.3311610116459237,0.3311610116459237,293
2,E,547,False,9.556903226364401,0.5136127965343952,0.5136946735692453,0.5136946735692453,260
2,E,64,False,10.06175477527174,1.227324664548271,1.2273589308340318,1.2273589308340318,175
2,E,533,False,6.064947743185188,1.8400154686374612,1.8400383250668089,1.8400383250668089,31
2,E,529,False,8.423271969675683,0.7281296237256347,0.7281873809922593,0.7281873809922593,233
2,E,475,False,10.129762370710424,0.2959314193142297,0.29607350071707855,0.29607350071707855,305
2,E,501,False,5.490496932271666,1.172109336111916,1.172145216553925,1.172145216553925,178
2,E,307,True,2.3109278342018706,1.87464648707431,1.8746689212737224,1.8746689212737224,18
2,E,183,False,7.223324700332086,1.1000970079215608,1.100135237017478,1.100135237017478,182
2,E,254,False,8.827759907034668,0.3152211127159359,0.3153545033631266,0.3153545033631266,297
2,E,358,True,7.332844224947198,2.0359937360843636,2.036014392450185,2.036014392450185,1
2,E,469,False,9.441037594299631,0.2258468219567853,0.2260329619270413,0.2260329619270413,324
2,E,8,False,8.079752893908818,0.7957638061029432,0.7958166547597343,0.7958166547597343,224
2,E,180,False,7.114984145879831,0.9933201276959172,0.9933624660592751,0.9933624660592751,197
2,E,174,False,8.951485617057704,0.516664648012734,0.5167460414900668,0.5167460414900668,259
2,E,348,False,6.072219588493261,1.70745900262534,1.7074836334606116,1.7074836334606116,64
2,E,6,False,9.750574682408349,0.39717925102127544,0.39728512472952315,0.39728512472952315,282
2,E,192,False,5.906694631932019,1.3848323889079652,1.3848627579143262,1.3848627579143262,144
2,E,38,False,5.67449430221242,1.6823163765756595,1.682341375519305,1.682341375519305,68
2,E,295,False,4.868933119419697,1.6394608416864482,1.6394864940928207,1.6394864940928207,83
2,E,160,False,6.82007861833745,1.5316519878363324,1.5316794458151222,1.5316794458151222,125
2,E,292,False,5.530199488533773,0.17495714343624688,0.17519735993702332,0.17519735993702332,339
2,E,326,False,5.2168012860713056,1.6437843953691964,1.643809980304538,1.643809980304538,82
2,E,82,False,6.581595645052784,1.3880079251975193,1.3880382247260532,1.3880382247260532,143
2,E,86,False,6.802133160921064,1.2287066157824333,1.2287408435292821,1.2287408435292821,173
2,E,310,False,6.994777342909695,0.4315818654109863,0.43167930161308193,0.43167930161308193,275
2,E,414,False,8.834417880453598,0.6331409510501795,0.6332073726562707,0.6332073726562707,243
2,E,461,False,6.553296506264645,0.1671232177824465,0.1673746779279664,0.1673746779279664,342
2,E,241,False,8.968181107391016,0.5456418201210855,0.5457188916966156,0.5457188916966156,254
2,E,483,False,9.120841133594997,1.0324557148049902,1.0324964483827608,1.0324964483827608,186
2,E,104,False,7.276899217402863,1.4789611391163644,1.478989575320227,1.478989575320227,133
2,E,426,False,7.073553580865218,1.8132261527645555,1.813249346879486,1.813249346879486,38
2,E,147,False,5.640258976047428,1.825087606814725,1.8251106501903471,1.8251106501903471,36
2,E,222,False,7.596772374801855,1.5789684396520267,1.5789950748202755,1.5789950748202755,109
2,E,423,False,9.664282792282355,0.5348521656316177,0.5349307917575533,0.5349307917575533,255
2,E,230,False,8.600114699885768,0.7090964787323751,0.7091557861571639,0.7091557861571639,238
2,E,269,False,9.734969393860242,0.27202199591039244,0.2721765587786814,0.2721765587786814,311
2,E,367,False,4.135339398922839,1.7199649512836457,1.7199894030294738,1.7199894030294738,60
2,E,31,True,5.01180132400602,1.915655629970135,1.915677583917974,1.915677583917974,9
2,E,281,False,5.516072949849319,1.6683252720237522,1.6683504806133087,1.6683504806133087,72
2,E,392,True,7.128143701263604,1.9313973197924648,1.931419094808542,1.931419094808542,5
2,E,416,False,8.427860242888745,0.22930666107918427,0.22948999478150528,0.22948999478150528,321
2,E,118,False,5.705033884828288,0.23984010790702,0.24001539586114562,0.24001539586114562,317
2,E,506,False,6.59220807523644,0.30488464076570254,0.30502255173079074,0.30502255173079074,300
2,E,24,False,10.726050561962914,0.3104754872604153,0.31061091590464707,0.31061091590464707,299
2,E,462,False,8.497689762320023,0.8111747770587776,0.8112266217438189,0.8112266217438189,218
2,E,482,False,9.65598300569486,0.14258756136188516,0.14288220863585785,0.14288220863585785,344
2,E,450,False,6.1388683188630315,1.8320624576291538,1.8320854132773685,1.8320854132773685,35
2,E,315,False,7.155404943109517,1.6672916235980713,1.6673168478156226,1.6673168478156226,73
2,E,382,False,6.805188059648963,0.8624111377622601,0.862459902503257,0.862459902503257,210
2,E,422,False,5.462043141742011,0.8338368155928358,0.8338872513280992,0.8338872513280992,216
2,E,68,False,10.541968713870084,0.45398040344507656,0.4540730333346013,0.4540730333346013,270
2,E,198,True,5.715963929183458,1.8886984409753165,1.888720708265815,1.888720708265815,16
2,E,338,False,9.700617025096935,0.22814986320801078,0.22833412572667597,0.22833412572667597,322
2,E,56,False,6.445732079818681,1.8378414897916076,1.8378643732574411,1.8378643732574411,32
2,E,495,False,9.300557737923278,0.9599090120938923,0.9599528240432463,0.9599528240432463,201
2,E,197,False,5.713595841719774,1.603376830410344,1.603403060115033,1.603403060115033,97
2,E,19,False,9.536799853443505,0.3036000209411552,0.3037385151820581,0.3037385151820581,303
2,E,162,False,8.572105499771235,0.8056901995595251,0.8057423971442728,0.8057423971442728,221
2,E,259,False,8.446999192133653,0.727697495967947,0.7277552875297792,0.7277552875297792,234
2,E,260,False,5.865679543847377,1.5024754953549078,1.5025034865289022,1.5025034865289022,129
2,E,258,False,5.1068217615361355,1.6623658982494813,1.6623911972073047,1.6623911972073047,76
2,E,239,False,9.71840676282585,0.30037004450997135,0.3005100273342865,0.3005100273342865,304
2,E,485,False,4.109976283987721,1.7189873849212287,1.7190118505722571,1.7190118505722571,61
2,E,73,False,4.259566314062399,1.0428965079652137,1.0429368337610714,1.0429368337610714,185
2,E,511,False,4.87276198504702,1.6389292079532205,1.638954868680557,1.638954868680557,86
2,E,3,False,7.301379950228824,1.7367215519669055,1.7367457677955829,1.7367457677955829,53
2,E,395,True,2.9479851164929545,1.9288802298039065,1.9289020332349445,1.9289020332349445,6
2,E,16,False,8.299341366330442,0.30462863835421194,0.3047666651638146,0.3047666651638146,301
2,E,480,False,9.673335932661804,0.1567114671986746,0.15697960644966819,0.15697960644966819,343
2,E,468,False,8.33149084598833,1.0178403807880536,1.0178816992422555,1.0178816992422555,194
2,E,373,False,8.940729133604131,1.3259462839791258,1.3259780016605043,1.3259780016605043,155
2,E,331,True,7.744219903555782,1.8639985300789892,1.864021092430599,1.864021092430599,24
2,E,411,False,5.586552061462568,1.7653864546771836,1.7654102773143716,1.7654102773143716,45
2,E,62,False,5.499092463285637,1.5882664830349227,1.5882929622779463,1.5882929622779463,103
2,E,127,False,7.5728966425016635,1.2935722647381638,1.2936047761930047,1.2936047761930047,162
2,E,146,False,6.115913968025575,1.705628829704988,1.705653486969243,1.705653486969243,66
2,E,283,False,5.740832582546072,0.31819844138962977,0.318330584443784,0.318330584443784,295
2,E,299,False,5.23015542693874,0.24493593446970816,0.245107578185744,0.245107578185744,316
2,E,27,False,5.6517528848812795,0.3213391658073819,0.3214700178419685,0.3214700178419685,294
2,E,249,False,9.34737273633033,1.2677996418296555,1.2678328141805346,1.2678328141805346,167
2,E,427,False,6.495412746924837,1.6310585415417354,1.6310843260928554,1.6310843260928554,91
2,E,265,False,5.553555431888965,1.5801915151385488,1.5802181296914024,1.5802181296914024,108
2,E,434,False,6.234581766327998,1.750654233791992,1.750678256900267,1.750678256900267,52
2,E,247,False,10.157202773154504,0.8779295451120586,0.8779774479280192,0.8779774479280192,208
2,E,519,False,8.23395632657036,1.6379106720979864,1.6379363487822134,1.6379363487822134,87
2,E,228,False,7.985231127011255,0.18040854116564786,0.18064150856059827,0.18064150856059827,338
2,E,294,True,4.893851787051155,1.8699985799099132,1.8700210698691668,1.8700210698691668,19
2,E,143,False,7.7659728783883635,1.3547662326087013,1.3547972755753184,1.3547972755753184,150
2,E,289,False,5.538083799673156,0.1897478296336907,0.18996934421171105,0.18996934421171105,336
2,E,210,False,6.3436994036771175,0.40127321796759025,0.40137801178888294,0.40137801178888294,281
2,E,238,False,8.764720701305915,1.0270150875677257,1.027056036923631,1.027056036923631,188
2,E,89,False,6.251217891208954,1.3649445199125074,1.3649753313993322,1.3649753313993322,149
2,E,319,False,6.459747793754554,0.5763885090107241,0.5764614698391707,0.5764614698391707,250
2,E,148,True,6.104515019284047,1.85218237816227,1.8522050844505242,1.8522050844505242,28
2,E,457,False,5.232301633349241,1.4464629995509204,1.4464920746272263,1.4464920746272263,137
2,E,409,False,5.22890537918823,1.5456455454051892,1.5456727547965758,1.5456727547965758,123
2,E,134,True,5.13464347230375,1.8664497664775836,1.8664722991980776,1.8664722991980776,22
2,E,12,False,9.52079089141225,0.31240603097766473,0.31254062308882197,0.31254062308882197,298
2,E,497,False,5.740483922950383,1.766294110286575,1.766317920682054,1.766317920682054,44
2,E,67,False,10.487451452101093,0.4741896843009139,0.474278367192656,0.474278367192656,267
2,E,441,False,6.8812894092010675,1.5209401149446546,1.5209677663045296,1.5209677663045296,128
2,E,229,False,7.907581485521769,0.835233965197598,0.8352843165708511,0.8352843165708511,215
2,E,201,False,5.461387214913659,1.7881619707029357,1.788185489919247,1.788185489919247,39
2,E,7,False,8.295802483246295,0.8642081733671428,0.864256836712389,0.864256836712389,209
2,E,446,False,7.669320382133436,0.198534487493353,0.19874620905511578,0.19874620905511578,329
2,E,543,False,8.481384294509011,1.193415525906237,1.19345076578952,1.19345076578952,176
2,E,327,False,5.383416198212054,1.5999115186811985,1.5999378051969115,1.5999378051969115,98
2,E,25,False,10.827711215160999,0.44857048765426744,0.4486642344603799,0.4486642344603799,271
2,E,92,True,5.8218245765541,1.8668922436627569,1.8669147710427743,1.8669147710427743,21
2,E,304,False,6.4992872526351695,1.6514820208213727,1.6515074865061243,1.6515074865061243,80
2,E,400,False,7.214553086737049,0.9992009666571626,0.9992430558468443,0.9992430558468443,196
2,E,233,False,9.520768153403615,0.4346607810023157,0.4347575271701164,0.4347575271701164,274
2,E,478,False,9.751374378983565,0.31537229332850025,0.315505620058992,0.315505620058992,296
2,E,512,False,8.80535197129991,0.5637507293196242,0.5638253255201824,0.5638253255201824,251
2,E,291,False,5.5522336745750325,0.16872568340690666,0.16897475885663854,0.16897475885663854,340
2,E,181,False,6.992203406649307,0.8390738995576926,0.8391240205169224,0.8391240205169224,214
2,E,75,False,7.923035452262412,1.3018969004714895,1.3019292040455976,1.3019292040455976,161
2,E,250,False,9.23214778302178,0.9302392384468906,0.9302844477017674,0.9302844477017674,202
2,E,419,False,5.465277299747235,1.1709217445402023,1.1709576613723496,1.1709576613723496,179
2,E,165,False,6.8883324600620055,0.9685379538070259,0.9685813754425758,0.9685813754425758,200
2,E,417,False,8.470166465335451,0.21813925039882276,0.21833196159539203,0.21833196159539203,326
2,E,525,False,7.12601625773794,0.9251009364677935,0.9251463968168064,0.9251463968168064,204
2,E,336,False,9.679220004809874,0.2560886864016605,0.25625285987176705,0.25625285987176705,313
2,E,70,False,7.765789580414365,1.6177868457801057,1.6178128418542965,1.6178128418542965,94
2,E,255,False,6.246951281200644,0.9030473624915089,0.9030939329839405,0.9030939329839405,206
2,E,356,False,8.58428019207187,0.18182183822448164,0.1820529970773923,0.1820529970773923,337
2,E,466,False,9.73071612918583,0.23536406491892034,0.2355426839124688,0.2355426839124688,320
2,E,54,False,4.0817788631721195,1.576573982487307,1.5766006581076322,1.5766006581076322,111
2,E,343,False,7.690043886061526,1.5804031994820824,1.5804298104701562,1.5804298104701562,107
2,E,318,False,5.849027367027079,1.6081461805726165,1.6081723324879786,1.6081723324879786,95
2,E,169,False,6.222076393511718,0.6091574425310602,0.6092264789719117,0.6092264789719117,247
2,E,527,False,8.699875821755574,1.1004530839082407,1.100491300634716,1.100491300634716,181
2,E,322,False,6.914069009036401,1.4609475993461796,1.4609763861626568,1.4609763861626568,134
2,E,215,False,7.480834338972958,1.563461986809654,1.5634888861416065,1.5634888861416065,116
2,E,43,False,6.898999717520026,1.58648296639077,1.5865094754011362,1.5865094754011362,105
2,E,23,False,10.67029584730062,0.3410030764817218,0.34112638575684884,0.34112638575684884,289
2,E,158,False,8.60985903191035,0.9898659335571957,0.9899084196563791,0.9899084196563791,198
2,E,136,False,8.109283712127628,1.3277186191643162,1.327750294507642,1.327750294507642,154
2,E,95,False,6.4617269786898195,0.3445789976832759,0.34470102775295364,0.34470102775295364,288
2,E,334,False,8.688724616224727,0.8016665500840976,0.8017190096369616,0.8017190096369616,222
2,E,175,False,7.780891837214317,1.3160498086271366,1.316081764814426,1.316081764814426,158
2,E,387,False,8.57407555152041,0.13575125927853446,0.13606071176221052,0.13606071176221052,347
2,E,186,False,6.7482148627836995,0.28901054050539843,0.28915602261193524,0.28915602261193524,308
2,E,263,False,5.354806307880112,0.791445373883019,0.7914985108832254,0.7914985108832254,225
2,E,257,True,6.248673439237867,1.8639212812934813,1.8639438445801593,1.8639438445801593,25
2,E,421,False,5.6494636446849755,1.0257278186887773,1.0257688194332915,1.0257688194332915,189
2,E,316,False,5.72585448165567,0.43127985317366097,0.43137735759196494,0.43137735759196494,276
2,E,393,False,6.123996900645037,1.527499648929866,1.5275271815487916,1.5275271815487916,127
2,E,517,False,9.575953765043849,0.5022084953048663,0.5022922313214782,0.5022922313214782,265
2,E,360,True,5.609060261723282,1.9162912667497198,1.9163132134154839,1.9163132134154839,8
2,E,88,False,6.930946069619959,1.6705658248274584,1.6705909996079165,1.6705909996079165,71
2,E,452,True,6.169182011365168,1.8892787363950534,1.8893009968461938,1.8893009968461938,15
2,E,240,False,8.46881010491003,0.5477443494220817,0.5478211251981352,0.5478211251981352,253
2,E,449,False,6.154575853802716,1.8343199088144528,1.8343428362120844,1.8343428362120844,34
2,E,248,False,10.194812423058917,1.2401417737186606,1.2401756858653523,1.2401756858653523,172
2,E,337,False,9.58735009238681,0.28210556413470245,0.28225460528623825,0.28225460528623825,309
2,E,214,False,7.480834338972958,1.563461986809654,1.5634888861416065,1.5634888861416065,117
2,E,37,True,5.939625309688044,1.93797724955228,1.9379989506374227,1.9379989506374227,4
2,E,465,False,8.541022798537579,0.5967627723898017,0.596833242539232,0.596833242539232,249
2,E,270,False,9.403860326207967,0.3880123425234625,0.38812071683958876,0.38812071683958876,283
2,E,435,False,6.229394497331412,1.7261820617480725,1.7262064254284184,1.7262064254284184,58
2,E,276,False,6.857009689506964,1.4891622876883592,1.4891905291005443,1.4891905291005443,132
2,E,161,False,8.252474631809003,1.0284352370054652,1.0284761298173228,1.0284761298173228,187
2,E,216,False,7.480834338972958,1.563461986809654,1.5634888861416065,1.5634888861416065,118
2,E,207,False,4.86284212526631,1.686980552284289,1.6870054821117018,1.6870054821117018,67
2,E,394,True,5.467956889314463,1.848116265111244,1.8481390213558786,1.8481390213558786,30
2,E,18,False,8.122341589482271,0.7583239338027766,0.7583793915103768,0.7583793915103768,231
2,E,153,False,8.699771445441769,0.8472568489402263,0.8473064858512845,0.8473064858512845,212
2,E,11,False,9.575039755814561,0.25058380734295754,0.2507515850239514,0.2507515850239514,315
2,E,498,False,8.538718240295863,1.1132360628381137,1.1132738407475657,1.1132738407475657,180
2,E,335,False,9.46125104999463,0.6243079834305721,0.6243753446963444,0.6243753446963444,245
2,E,391,False,7.619056556920777,1.3154181939839402,1.3154501655150235,1.3154501655150235,159
2,E,510,False,8.126825199041145,1.3539848564761916,1.3540159173570983,1.3540159173570983,151
2,E,66,False,9.199764089798808,1.255852785197631,1.2558862731068363,1.2558862731068363,169
2,E,9,False,8.113563807352278,0.7973908549297227,0.7974435957577723,0.7974435957577723,223
2,E,362,False,6.846454451524615,1.3842198687659277,1.3842502512103414,1.3842502512103414,145
2,E,474,False,9.827570191536907,0.14158311462660866,0.14187984788863728,0.14187984788863728,345
2,E,513,False,7.01818867867085,1.6709321570752562,1.6709573263365225,1.6709573263365225,70
2,E,508,False,8.346414259162795,1.527905081781363,1.5279326070945816,1.5279326070945816,126
2,E,404,False,5.218476152713263,1.5713428156386957,1.5713695800634793,1.5713695800634793,113
2,E,4,False,4.960331836844999,1.3928825157206972,1.3929127092140232,1.3929127092140232,141
2,E,94,False,6.752751256476935,0.4029574890661243,0.40306184498660635,0.40306184498660635,280
2,E,48,False,7.20979168537681,0.13774510873861492,0.13805009189038697,0.13805009189038697,346
2,E,323,False,4.685560806995598,1.763978818235105,1.764002659882249,1.764002659882249,48
2,E,93,True,5.809777247044648,1.8623168497454947,1.8623394324707607,1.8623394324707607,26
2,E,350,False,8.505710612249418,0.19139149589033927,0.1916111102954972,0.1916111102954972,334
2,E,425,True,7.2791648439583385,1.9038560750137221,1.9038781650242713,1.9038781650242713,12
2,E,443,False,9.830871535925182,0.19785659994509128,0.19806904612120324,0.19806904612120324,330
2,E,380,False,8.941008278713642,0.7826045049555267,0.7826582421888986,0.7826582421888986,227
2,E,328,False,4.991553449571484,1.7841719900510502,1.7841955618631764,1.7841955618631764,40
2,E,389,False,8.593172362281013,0.12367390821330497,0.12401350112904813,0.12401350112904813,348
2,E,412,False,5.251801299056083,1.7649281478354717,1.7649519766587078,1.7649519766587078,47
2,E,32,True,5.01180132400602,1.915655629970135,1.915677583917974,1.915677583917974,10
2,E,386,False,8.633669467751483,0.34070133065973096,0.34082474910552313,0.34082474910552313,290
2,E,406,False,5.607931342495589,1.6556582061230274,1.6556836075748447,1.6556836075748447,78
2,E,155,False,6.8510793714013944,1.7562800903040738,1.7563040364606628,1.7563040364606628,51
2,E,381,False,6.74998828782914,1.2605924357860299,1.260625797788736,1.260625797788736,168
2,E,128,False,6.105558674441216,1.074887197510999,1.0749263231787474,1.0749263231787474,183
2,E,121,False,7.8398811874622485,0.9745890488506003,0.9746322008989079,0.9746322008989079,199
2,E,227,False,8.346498892289745,0.7832069716811371,0.7832606675810224,0.7832606675810224,226
2,E,364,False,6.915476321636105,1.2282549574129649,1.2282891977458141,1.2282891977458141,174
2,E,81,False,7.088583085835772,1.3405166633442918,1.3405480362871167,1.3405480362871167,152
2,E,308,False,5.713248510820719,1.7328018546400323,1.7328261252455386,1.7328261252455386,55
2,E,311,False,7.753035115172208,0.4113376290283432,0.4114398594499448,0.4114398594499448,278
2,E,52,False,5.595614232565366,1.6222493591841909,1.6222752837490466,1.6222752837490466,93
2,E,493,False,10.785735239700305,0.2936434552708321,0.2937866431833221,0.2937866431833221,307
2,E,342,False,9.403173621345196,0.5224177437582648,0.52249824103341,0.52249824103341,258
2,E,28,False,4.641531696740064,1.7764581055940576,1.7764817797603103,1.7764817797603103,42
2,E,267,False,9.65219680355041,0.19043607278214195,0.19065678772657613,0.19065678772657613,335
2,E,209,False,6.366361318028872,0.4441329705725188,0.44422765384327584,0.44422765384327584,272
2,E,106,False,7.7182156973174845,1.7078125594270137,1.7078371851632046,1.7078371851632046,63
2,E,505,False,4.497384410222561,1.3346863580648836,1.3347178680507856,1.3347178680507856,153
2,E,376,False,8.987110566489497,1.4508368850054392,1.4508658724299146,1.4508658724299146,135
2,E,396,False,7.38565842422959,0.5074013669407417,0.5074842461228374,0.5074842461228374,262
2,E,14,False,9.556062402040999,0.1936455732271528,0.19386263415110205,0.19386263415110205,333
2,E,21,False,9.767979281513526,0.22720788396226646,0.22739290979303242,0.22739290979303242,323
2,E,218,False,7.382038263152862,1.562229644570195,1.5622565651209308,1.5622565651209308,119
2,E,384,False,7.422546003233565,1.2724671583993912,1.2725002090744633,1.2725002090744633,166
2,E,105,False,7.283987750319165,0.6434458108764711,0.6435111688417,0.6435111688417,241
2,E,266,False,5.6522092477612285,1.5907523855962666,1.5907788234603026,1.5907788234603026,102
2,E,347,False,9.793281570853726,0.377119718825907,0.3772312224841186,0.3772312224841186,285
2,E,190,False,5.686733137570523,1.390233809971032,1.3902640609884525,1.3902640609884525,142
2,E,431,False,6.238045499251825,1.7598252802801657,1.7598491781975794,1.7598491781975794,49
2,E,39,False,6.049208384485661,1.6376371628891635,1.6376628438617027,1.6376628438617027,88
2,E,458,False,5.261114417261467,1.448193182782286,1.4482222231227566,1.4482222231227566,136
2,E,188,False,8.03543930235445,0.8061424574761891,0.8061946257792102,0.8061946257792102,220
2,E,403,False,5.424538343502759,1.7596397614237456,1.759663661860683,1.759663661860683,50
2,E,13,False,9.507844185613639,0.2361466718566025,0.23632469934071926,0.23632469934071926,319
2,E,189,False,8.067779538129589,0.8066968888522756,0.8067490213030767,0.8067490213030767,219
2,E,453,False,5.178851114682587,1.5470714683502433,1.5470986526634005,1.5470986526634005,121
2,E,467,False,9.813837652072989,0.2521922602315871,0.25235896855520706,0.25235896855520706,314
2,E,220,False,7.52225835605385,1.566315815348978,1.5663426656711696,1.5663426656711696,114
2,E,5,True,4.0831403340807615,1.8775275709827306,1.877549970757062,1.877549970757062,17
2,E,85,False,6.694097101224665,0.3601381267055382,0.3602548864297412,0.3602548864297412,287
2,E,479,False,10.093655080193075,0.3043234973384097,0.30446166248283624,0.30446166248283624,302
2,E,523,True,5.277404604400367,1.868629315129605,1.8686518215684986,1.8686518215684986,20
2,E,442,False,6.014156256299156,1.599501933783221,1.5995282270300186,1.5995282270300186,99
2,E,472,False,8.145006318731053,0.6042994330384085,0.6043690244048526,0.6043690244048526,248
2,E,476,False,8.577890588344076,1.025404830386713,1.0254458440453766,1.0254458440453766,191
2,E,433,False,6.602406819379584,1.7220563946818905,1.7220808167314106,1.7220808167314106,59
2,E,385,False,8.848708670303264,0.4742226489312917,0.4743113256595741,0.4743113256595741,266
2,E,332,False,7.691413267953476,1.7159921058713157,1.71601661422674,1.71601661422674,62
2,E,278,False,9.086514683628415,1.4457717335503142,1.44580082252799,1.44580082252799,138
2,E,359,True,7.316932730207129,1.9702733743438234,1.9702947197152327,1.9702947197152327,2
2,E,78,False,5.8332968844994575,1.4993639952300555,1.4993920444906212,1.4993920444906212,130
2,E,528,False,8.433005315189224,0.7660739680554295,0.7661288647621383,0.7661288647621383,230
2,E,375,False,8.776417012548675,0.6992374757348511,0.699297619302095,0.699297619302095,239
2,E,539,False,4.59853504536424,1.5459375951855423,1.5459647994367753,1.5459647994367753,122
2,E,170,False,4.334539533511051,1.010378328120506,1.0104199517156816,1.0104199517156816,195
2,E,339,False,9.661411635846965,0.2393259661923762,0.2395016304400574,0.2395016304400574,318
2,E,123,False,7.457107546683506,0.5061248385855238,0.5062079267679971,0.5062079267679971,264
2,E,301,False,6.336575241210852,1.815430341603072,1.8154535075574305,1.8154535075574305,37
2,E,103,False,6.642147872788825,1.5871623426063362,1.587188840269854,1.587188840269854,104
2,E,90,False,6.287686729373093,1.382649644379675,1.3826800613275556,1.3826800613275556,147
2,E,199,False,6.400629015455298,1.1870749727087557,1.187110400814105,1.187110400814105,177
2,E,274,False,8.680938808840208,0.9288090652613207,0.928854344125676,0.928854344125676,203
2,E,499,False,7.793402569268884,1.2726889527314704,1.2727219976468775,1.2727219976468775,165
2,E,206,True,5.4767085052599604,1.9053253508777388,1.9053474238539567,1.9053474238539567,11
2,E,87,False,6.771285662406868,1.2409194720317913,1.2409533629259366,1.2409533629259366,171
2,E,221,False,7.52225835605385,1.566315815348978,1.5663426656711696,1.5663426656711696,115
2,E,456,False,7.818113167317481,1.5515881152569504,1.5516152204384135,1.5516152204384135,120
2,E,142,False,7.695235361511706,1.3213825962834642,1.321414423506252,1.321414423506252,157
2,E,111,False,4.588527594750142,0.12163612040936833,0.12198138660375112,0.12198138660375112,349
2,E,329,False,5.318662857846743,1.6442402150627022,1.6442657929054452,1.6442657929054452,81
2,E,484,False,8.234189403522873,0.6292065811303099,0.6292734180205173,0.6292734180205173,244
2,E,277,False,8.935189371672717,0.3684052789417141,0.3685194193548742,0.3685194193548742,286
2,E,407,True,6.18826402931073,1.8647776903331428,1.864800243257637,1.864800243257637,23
2,E,349,False,8.960475518106792,1.3972615342054306,1.3972916330743719,1.3972916330743719,140
2,E,471,False,7.658122353241201,0.7796608373061477,0.7797147774144432,0.7797147774144432,228
2,E,109,False,9.571633404190635,0.7147458549248709,0.7148046936204434,0.7148046936204434,237
2,E,187,False,7.491524341540443,1.3231535778292747,1.3231853624537804,1.3231853624537804,156
2,E,65,False,10.106259250817757,0.8789096567374485,0.8789575061377376,0.8789575061377376,207
2,E,535,False,9.912020066509042,0.3816386343908076,0.38174881813728245,0.38174881813728245,284
2,E,99,False,6.971041499763544,1.01878020519725,1.0188214855367366,1.0188214855367366,193
2,E,279,False,9.023497952273335,0.6749917403871568,0.6750540441182574,0.6750540441182574,240
2,E,69,False,10.585510580532471,0.44348823094040296,0.44358305183153657,0.44358305183153657,273
2,E,410,False,6.216303806852229,1.5737481229112849,1.573774846430176,1.573774846430176,112
2,E,489,False,8.178237792944664,0.6103286196551444,0.6103975236349549,0.6103975236349549,246
2,E,125,False,4.401719227657806,1.6353158146526459,1.6353415320790265,1.6353415320790265,89
2,E,177,False,6.66338051973382,0.8531343100668902,0.8531836050363605,0.8531836050363605,211
2,E,22,False,10.763602217540242,0.4106626814111298,0.41076507981242827,0.41076507981242827,279
2,E,74,False,4.264303057921725,1.0477795219901225,1.0478196598610758,1.0478196598610758,184
2,E,372,False,7.228107416245509,0.19635266304469898,0.19656673465842722,0.19656673465842722,331
2,E,10,False,7.989902761345007,0.6416257678855776,0.6416913112270481,0.6416913112270481,242
2,E,116,False,5.557538074830416,1.5771146305049235,1.5771412969807788,1.5771412969807788,110
2,E,509,False,8.263473327220481,1.4936403495589488,1.4936685063025565,1.4936685063025565,131
2,E,157,False,8.513568331760016,1.0201284180995176,1.0201696438846608,1.0201696438846608,192
2,E,63,False,9.216206246104282,0.9135383888569493,0.9135844245634237,0.9135844245634237,205
2,E,223,False,4.55586702181863,1.6562276405243581,1.6562530332429324,1.6562530332429324,77
2,E,439,False,5.841516244840536,0.45559955274077624,0.45569185350094504,0.45569185350094504,268
2,E,500,False,5.741122675347457,1.0255709123934753,1.0256119194106108,1.0256119194106108,190
2,E,1,False,9.675956976654373,0.33419754983618144,0.3343233692191415,0.3343233692191415,292
2,E,42,False,6.890316067556748,1.585831917095499,1.5858584369887236,1.5858584369887236,106
2,E,122,True,5.327103690258376,1.9196264676699726,1.9196483762055558,1.9196483762055558,7
2,E,17,False,9.539469121211399,0.19379862670856243,0.1940155163992204,0.1940155163992204,332
2,E,167,False,7.100833264885129,1.2795197975169805,1.2795526660233358,1.2795526660233358,164
2,E,297,False,8.615495201391346,0.8262265843947485,0.8262774846564221,0.8262774846564221,217
2,E,309,False,7.55600490529795,1.5947601224580756,1.594786493883124,1.594786493883124,100
2,E,76,False,4.4853105037184715,1.6630646109947662,1.663089899323757,1.663089899323757,75
2,E,313,False,6.810305389322049,1.3697528148932487,1.3697835182237776,1.3697835182237776,148
2,E,296,False,4.8898018329076365,1.6338006885582967,1.6338264298336884,1.6338264298336884,90
2,E,502,False,5.381490805257623,1.6517740768718727,1.6517995380540154,1.6517995380540154,79
2,E,490,False,8.288183892992997,0.2654811360984959,0.2656395048061932,0.2656395048061932,312
2,E,516,False,7.845478036987615,1.6390832133840405,1.6391088717003772,1.6391088717003772,85
2,E,290,False,5.574667878964496,0.21959702451346283,0.21978845753291465,0.21978845753291465,325
2,E,212,True,4.447597483531029,1.9029883569094317,1.9030104569923911,1.9030104569923911,14
2,E,530,False,6.764057083084382,1.5909368615928503,1.590963296391353,1.590963296391353,101
2,E,317,False,4.471748140602631,1.6658156476998105,1.6658408942666374,1.6658408942666374,74
2,E,57,False,6.445732079818681,1.8378414897916076,1.8378643732574411,1.8378643732574411,33
2,E,272,False,8.386480187529166,0.4242891146196423,0.42438822518332364,0.42438822518332364,277
2,E,15,False,9.556955868887638,0.16862097355218825,0.16887020344400375,0.16887020344400375,341
2,E,432,False,6.2403991607820295,1.7345375180587266,1.7345617643782127,1.7345617643782127,54
2,E,503,False,5.882115505788061,1.4361312724608786,1.4361605567030566,1.4361605567030566,139
2,E,137,False,5.058362146328848,1.3841558954054987,1.384186279254107,1.384186279254107,146
2,E,287,False,7.467326901272018,0.4541257916018895,0.45421839184204577,0.45421839184204577,269
2,E,451,False,5.304125973920151,1.70586813461468,1.7058927884199815,1.7058927884199815,65
2,E,300,True,6.42266042693135,1.8594810975249996,1.8595037146890316,1.8595037146890316,27
2,E,34,False,4.136560149306982,1.6079411567601876,1.6079673120100488,1.6079673120100488,96
2,E,286,False,7.202757666067564,1.243613881797947,1.2436476992661907,1.2436476992661907,170
2,E,314,False,6.135331660985762,1.7737815285137584,1.7738052384030598,1.7738052384030598,43
2,E,182,False,7.002229692284391,0.8396068543256728,0.8396569434716675,0.8396569434716675,213
2,E,49,False,8.393170773842966,0.7179640375067761,0.7180226124869348,0.7180226124869348,236
2,E,518,False,9.57820666311484,0.5107492501151932,0.510831586124785,0.510831586124785,261
2,E,102,True,3.7077274425325246,1.9404683210944136,1.9404899943211515,1.9404899943211515,3
2,E,41,True,7.065447789521148,1.8506702076602537,1.8506929325014396,1.8506929325014396,29
2,E,366,False,4.121819695954386,1.731440561770247,1.7314648514575166,1.7314648514575166,56
2,E,534,False,6.795974351533902,1.2841757772543145,1.284208526593814,1.284208526593814,163
2,E,275,False,6.545155783856952,1.5391476802272546,1.539175004487297,1.539175004487297,124
2,E,303,False,6.579928343339279,1.6231228613758124,1.6231487719892888,1.6231487719892888,92
2,E,113,False,4.372911178666822,1.680471743879043,1.6804967702633062,1.6804967702633062,69
2,E,437,False,5.4573973994422245,0.3381008813925676,0.33822524874403226,0.33822524874403226,291
2,E,491,False,9.54938598650539,0.20397120205577599,0.2041772860962003,0.2041772860962003,327
2,E,526,False,9.648948062798187,0.550658309210137,0.5507346787625583,0.5507346787625583,252
2,E,141,False,7.547459321255316,1.3020841878033433,1.302116486731131,1.302116486731131,160
2,E,548,False,9.578729334164851,0.5267941075663941,0.5268739362088478,0.5268739362088478,257
3,E,325,False,5.697984892056254,1.7217185243912847,1.7329970918783608,1.7329970918783608,52
3,E,340,False,8.439255097118199,0.7308919725006513,0.7570781456974216,0.7570781456974216,231
3,E,298,False,5.844096799021239,1.764877893567187,1.7758823785456355,1.7758823785456355,42
3,E,293,False,5.5298621918354725,0.4742117704952095,0.5136545984442802,0.5136545984442802,277
3,E,402,False,6.298794297713098,1.4739050811353216,1.487064366940205,1.487064366940205,105
3,E,415,False,8.014758271403752,0.9024113100129297,0.9237480260688006,0.9237480260688006,199
3,E,445,False,7.5574410658128865,0.3597963313897149,0.410387187066374,0.410387187066374,300
3,E,363,False,7.262361436676558,1.0415523955716013,1.0600922770908647,1.0600922770908647,169
3,E,101,False,7.159801483202998,0.7950849608078798,0.8192217881194452,0.8192217881194452,215
3,E,119,False,5.653923071029746,0.46176681171868944,0.502188044094637,0.502188044094637,280
3,E,234,False,8.479862958930829,1.0733493956262061,1.0913492421392408,1.0913492421392408,163
3,E,139,True,6.209278925908189,1.8521921130950523,1.8626808280106038,1.8626808280106038,14
3,E,126,False,5.8097991699119085,0.5249103425931869,0.5607986367565905,0.5607986367565905,260
3,E,547,False,9.33720664242883,0.7597123216146917,0.7849376120685887,0.7849376120685887,222
3,E,64,False,9.818214566713618,1.2762692432081286,1.2914439300201161,1.2914439300201161,131
3,E,533,True,6.2662915180349925,2.0525413463642384,2.0620112079621378,2.0620112079621378,1
3,E,529,False,8.072557568850726,0.9148934233941769,0.9359456284403866,0.9359456284403866,195
3,E,475,False,10.000713153983376,0.4945917402107399,0.5325272131182045,0.5325272131182045,270
3,E,501,False,5.342942607111783,1.0545350945999747,1.0728506461617717,1.0728506461617717,166
3,E,183,False,7.115175274859406,0.9684400207115341,0.9883523242966094,0.9883523242966094,184
3,E,254,False,8.805937807969283,0.5152374686856517,0.5517552830416319,0.5517552830416319,262
3,E,469,False,9.547578814768405,0.35979797072704794,0.4103886243136561,0.4103886243136561,299
3,E,8,False,8.314897966976496,1.091137397140504,1.1088485300821331,1.1088485300821331,159
3,E,180,False,7.038517617989114,0.8943225645808625,0.9158477453950763,0.9158477453950763,200
3,E,174,False,8.898127445502507,0.7685930363832926,0.7935360727803386,0.7935360727803386,219
3,E,348,False,7.215800045867881,1.201733542246322,1.2178373248454188,1.2178373248454188,143
3,E,6,False,9.586229750853732,0.5991195045566737,0.6307998287626493,0.6307998287626493,249
3,E,192,False,6.043484003977864,1.2601285166626346,1.2754952456724897,1.2754952456724897,135
3,E,38,True,6.374472469342546,1.8150804480193807,1.8257823736713499,1.8257823736713499,20
3,E,295,False,5.878491214844794,1.6872865401230572,1.6987937225299576,1.6987937225299576,64
3,E,160,False,7.420087419659327,1.4603876254114885,1.4736676218475315,1.4736676218475315,106
3,E,292,False,5.55303320450392,0.3233447468115298,0.3788351468876216,0.3788351468876216,310
3,E,326,False,5.768102418702202,1.6632299934890524,1.6749024611804553,1.6749024611804553,72
3,E,82,False,6.864724848557248,1.5589157167826153,1.5713632473933608,1.5713632473933608,95
3,E,86,False,7.251537472605552,1.188704471276812,1.204982391265631,1.204982391265631,144
3,E,310,False,7.076244896325387,0.6563509384004074,0.6853909815323287,0.6853909815323287,240
3,E,414,False,8.75834867944261,0.6843065876587526,0.7122076587203479,0.7122076587203479,239
3,E,461,False,6.584125478569773,0.3252000792907176,0.3804199453202244,0.3804199453202244,309
3,E,241,False,8.837601260632479,0.7389593625346096,0.7648693893105607,0.7648693893105607,229
3,E,483,False,9.15376163150792,0.9589657402036309,0.979070750309216,0.979070750309216,187
3,E,104,False,6.7103953344143665,1.484299591837744,1.4973675305536869,1.4973675305536869,104
3,E,426,False,7.091503931585119,1.1087930235283323,1.126226536826341,1.126226536826341,154
3,E,147,False,7.42246198614142,1.1453674597296837,1.1622524945270636,1.1622524945270636,150
3,E,222,False,7.100831643102718,1.7737632395006935,1.7847129385508325,1.7847129385508325,38
3,E,423,False,9.377066943092236,0.7847705569961059,0.8092150952340988,0.8092150952340988,216
3,E,230,False,8.726273454989226,0.995098054978948,1.0144872509054212,1.0144872509054212,178
3,E,269,False,9.6070119927697,0.48790146531143624,0.5263193736504482,0.5263193736504482,273
3,E,367,True,4.4504331810604505,1.7940564987438794,1.8048830887101526,1.8048830887101526,29
3,E,281,True,5.601388586639448,1.809264974492542,1.8200010964700686,1.8200010964700686,22
3,E,416,False,8.426850690915591,0.4055161236130011,0.4510072834632145,0.4510072834632145,291
3,E,118,False,5.649672894076839,0.4182906010895301,0.46252704805945555,0.46252704805945555,287
3,E,506,False,6.674173946068633,0.4952696700856921,0.5331569087365781,0.5331569087365781,269
3,E,24,False,10.682648145627617,0.5110886041182741,0.5478830208049154,0.5478830208049154,264
3,E,462,False,8.036866717785234,1.0162198129849374,1.0352134811380185,1.0352134811380185,172
3,E,482,False,9.666960817119715,0.34432513976187373,0.3968929894805241,0.3968929894805241,305
3,E,450,False,7.8112520119609625,0.593253050866316,0.6252306978939415,0.6252306978939415,250
3,E,315,False,7.000627324353338,1.675174733154145,1.686764544868315,1.686764544868315,68
3,E,382,False,6.9838714333235,0.8424630124160776,0.8652792442419531,0.8652792442419531,208
3,E,422,False,5.132347589807484,0.8339314400923401,0.85697484793968,0.85697484793968,210
3,E,68,False,10.45501105823972,0.7144774543623698,0.7412437359053267,0.7412437359053267,234
3,E,338,False,9.705869582181728,0.3815425279291475,0.4295799621087066,0.4295799621087066,293
3,E,56,True,6.747053555249911,1.893184533176415,1.903447377755727,1.903447377755727,8
3,E,495,False,9.230477410925817,1.2880113669991493,1.3030493178486264,1.3030493178486264,129
3,E,197,True,5.747415842224646,1.7997541562678674,1.8105466760705775,1.8105466760705775,25
3,E,19,False,9.554241905402844,0.49905697136872434,0.5366769082963019,0.5366769082963019,267
3,E,162,False,8.520928161399029,0.9439139530654227,0.9643328232609043,0.9643328232609043,191
3,E,259,False,8.083038980927656,0.9032350534017297,0.9245527594033663,0.9245527594033663,198
3,E,260,False,6.08695135917543,1.3746491161785352,1.3887492343246068,1.3887492343246068,114
3,E,258,True,6.08205754619498,1.8270481321747898,1.8376803640759025,1.8376803640759025,17
3,E,239,False,9.713069838722756,0.49534983963648843,0.5332313820984735,0.5332313820984735,268
3,E,485,True,5.683917652534007,1.8205300956233534,1.8312001726455602,1.8312001726455602,18
3,E,73,False,4.274407162042072,1.35963311725761,1.3738873522856228,1.3738873522856228,122
3,E,511,True,5.0976062272766605,1.8096154804620839,1.8203495352142598,1.8203495352142598,21
3,E,3,True,6.520243238601899,1.939123142219974,1.9491441208694187,1.9491441208694187,4
3,E,16,False,8.327797491594549,0.49263880378176145,0.5307138911110942,0.5307138911110942,271
3,E,480,False,9.716814344023405,0.29387773784869825,0.3540174685376722,0.3540174685376722,315
3,E,468,False,8.82922280653961,0.9796701048361477,0.9993586731181264,0.9993586731181264,182
3,E,373,False,8.353706129880853,1.2686047257475128,1.283870006431989,1.283870006431989,133
3,E,411,False,6.1525508899682855,1.573425852324556,1.585759488696192,1.585759488696192,90
3,E,62,False,5.595880170666128,1.7843384183632973,1.7952236168438702,1.7952236168438702,35
3,E,127,False,6.633830182857644,1.2718274284477153,1.2870544864063378,1.2870544864063378,132
3,E,146,False,7.218943142692138,1.2468599106087062,1.2623881653080813,1.2623881653080813,137
3,E,283,False,5.735012436845058,0.5082422421922641,0.5452287776478545,0.5452287776478545,265
3,E,299,False,5.292963921890713,0.4066891996281276,0.4520623279160967,0.4520623279160967,290
3,E,27,False,5.7281848108828335,0.5129605078203892,0.5496296260302068,0.5496296260302068,263
3,E,249,False,9.357536527256205,1.3497560741272598,1.3641135227209598,1.3641135227209598,123
3,E,427,False,6.876109524773274,1.7047950828763567,1.7161848728578624,1.7161848728578624,58
3,E,265,False,5.639139387434761,1.7746956180811684,1.7856395997130141,1.7856395997130141,37
3,E,434,False,6.889725813457706,1.7086736930600321,1.720037799753878,1.720037799753878,57
3,E,247,False,10.061666269564306,1.1011397568856742,1.1186925437406807,1.1186925437406807,156
3,E,519,False,7.998880881775237,1.7140000019192558,1.7253290265355077,1.7253290265355077,54
3,E,228,False,8.042285779435785,0.3390407508288413,0.3923173128340603,0.3923173128340603,307
3,E,143,False,7.458108335848913,1.662924577160719,1.674599173698563,1.674599173698563,73
3,E,289,False,5.503887565918451,0.34165965401399395,0.394582770034014,0.394582770034014,306
3,E,210,False,6.315876623707124,0.6387538004023178,0.6685586442154177,0.6685586442154177,244
3,E,238,False,8.622047582360139,0.9625775768078703,0.9826086884411642,0.9826086884411642,185
3,E,89,False,6.298198613054957,1.5493871617191954,1.561910631286892,1.561910631286892,97
3,E,319,False,6.29150212763026,0.8661464907777181,0.8883546514277444,0.8883546514277444,205
3,E,457,False,6.148915289259655,1.6602705423441375,1.6719636709577304,1.6719636709577304,75
3,E,409,False,5.704423202025181,1.368486303283832,1.3826492706041549,1.3826492706041549,116
3,E,12,False,9.584647019358373,0.5058229859832688,0.5429743422812755,0.5429743422812755,266
3,E,497,True,5.519140677519067,1.851217026471367,1.8617112349460223,1.8617112349460223,15
3,E,67,False,10.403067343147285,0.7383287508697927,0.7642601570065666,0.7642601570065666,230
3,E,441,False,6.8029282611132995,1.6678425858143628,1.6794829961278839,1.6794829961278839,70
3,E,229,False,8.520282164497791,1.0039934696069865,1.0232141174945881,1.0232141174945881,176
3,E,201,True,5.916813207820536,1.8064442811852541,1.817197068084159,1.817197068084159,23
3,E,7,False,8.315167930483286,1.1598695352661372,1.1765464640485894,1.1765464640485894,149
3,E,446,False,7.6329784844543065,0.35596286169423097,0.40703046830955997,0.40703046830955997,303
3,E,543,False,8.491981686203799,1.127557938869853,1.1447057039847335,1.1447057039847335,151
3,E,327,False,5.63118661085218,1.676424082293494,1.6880053160225343,1.6880053160225343,67
3,E,25,False,10.631372400099204,0.6901983718176153,0.7178704867080418,0.7178704867080418,237
3,E,304,True,6.458533094023865,1.794582235239118,1.805405672490973,1.805405672490973,27
3,E,400,False,7.134704068578522,1.3320325439710263,1.3465789770469005,1.3465789770469005,125
3,E,233,False,9.114039760134169,0.620265395539706,0.6509173558377296,0.6509173558377296,246
3,E,478,False,9.74676353256891,0.5209121272605098,0.5570580647956038,0.5570580647956038,261
3,E,512,False,8.6068083271057,0.8146841069155374,0.8382567848144864,0.8382567848144864,214
3,E,291,False,5.527649375460134,0.31691169352030024,0.3733594310000194,0.3733594310000194,312
3,E,181,False,6.956403795133777,0.7570926589453892,0.7824024140145229,0.7824024140145229,223
3,E,75,False,7.809648986138472,1.5706621050511724,1.583017274533204,1.583017274533204,91
3,E,250,False,9.221742944365278,1.2591692399204357,1.2745475346131903,1.2745475346131903,136
3,E,419,False,5.320042379084789,1.0510916546040387,1.0694661797387561,1.0694661797387561,167
3,E,165,False,6.865243433157241,0.8465692285304396,0.8692776897639655,0.8692776897639655,207
3,E,417,False,8.45208764520102,0.3671988481761218,0.416892357004328,0.416892357004328,297
3,E,525,False,6.9076411858408004,0.9150960915820071,0.9361437389927995,0.9361437389927995,194
3,E,336,False,9.665623535877195,0.4541076302282041,0.49515450422896173,0.49515450422896173,282
3,E,70,True,7.283936364884025,1.8956597736672198,1.9059092897425125,1.9059092897425125,7
3,E,255,False,6.454973777042583,1.246281161261569,1.2618165382266306,1.2618165382266306,138
3,E,356,False,8.566228645128334,0.3185614155289176,0.3747607485990778,0.3747607485990778,311
3,E,466,False,9.708173299217773,0.4324201792719644,0.4753435122817512,0.4753435122817512,286
3,E,54,False,4.788984394594475,1.7307479978282871,1.741968103959822,1.741968103959822,50
3,E,343,False,7.240976129611624,1.7887472095795887,1.7996057409903756,1.7996057409903756,32
3,E,318,True,5.852639069790485,1.8813585834797522,1.8916855877390653,1.8916855877390653,10
3,E,169,False,6.260262032791935,0.9103157622728605,0.9314714328787398,0.9314714328787398,196
3,E,527,False,8.373356405050284,1.1678219705939379,1.184386929271284,1.184386929271284,148
3,E,322,False,6.474857211250738,1.500219258969138,1.5131497177109288,1.5131497177109288,102
3,E,215,False,7.0915583047954796,1.7634305838219815,1.774444044534932,1.774444044534932,43
3,E,43,False,7.427285347845189,1.5114843734041898,1.5243192757004058,1.5243192757004058,99
3,E,23,False,10.629880073787463,0.5482962762754667,0.5827461280903515,0.5827461280903515,256
3,E,158,False,8.373173404403802,1.206766880653094,1.2228043782502385,1.2228043782502385,142
3,E,136,False,7.841726406854116,1.5931313476743867,1.6053135937160568,1.6053135937160568,88
3,E,95,False,6.650001027154888,0.5408416669522749,0.5757377457996556,0.5757377457996556,259
3,E,334,False,8.218712315408954,1.0167185616933068,1.0357030833778857,1.0357030833778857,171
3,E,175,False,7.496366996062902,1.6237910086336018,1.6357449321168882,1.6357449321168882,82
3,E,387,False,8.498227192929109,0.2840141889877562,0.34587324668601704,0.34587324668601704,317
3,E,186,False,6.765046459061454,0.46941156159328457,0.5092263321787273,0.5092263321787273,278
3,E,263,False,5.042947550083646,0.7301070465414279,0.7563203968135463,0.7563203968135463,232
3,E,421,False,5.3058016929626985,0.9882840958127851,1.0078043943460693,1.0078043943460693,180
3,E,316,False,5.708923776532933,0.6556111722426644,0.6846825924442319,0.6846825924442319,241
3,E,393,False,5.699255678536185,1.5801504443175873,1.5924319985179343,1.5924319985179343,89
3,E,517,False,9.344771502583118,0.746478800046616,0.7721365437186543,0.7721365437186543,226
3,E,88,True,6.092540160612615,1.794453920677848,1.8052781272321599,1.8052781272321599,28
3,E,240,False,8.786799057311027,0.7736782892463755,0.7984624840767109,0.7984624840767109,218
3,E,449,False,7.913107932031165,0.30660026975391885,0.3646477322566662,0.3646477322566662,313
3,E,248,False,9.933410191688035,1.2954348562570828,1.310387618238421,1.310387618238421,127
3,E,337,False,9.615628524066377,0.4595739855216368,0.5001724616519737,0.5001724616519737,281
3,E,214,False,7.0915583047954796,1.7634305838219815,1.774444044534932,1.774444044534932,44
3,E,465,False,8.600145525538359,0.8577845411726963,0.8802037050033399,0.8802037050033399,206
3,E,270,False,9.444558657614287,0.5923384099320751,0.6243629033723997,0.6243629033723997,251
3,E,435,False,6.881915840569198,1.6954806544108105,1.706932597587867,1.706932597587867,62
3,E,276,True,6.289994212513247,1.831537143671437,1.8421434666916903,1.8421434666916903,16
3,E,161,False,8.317424967687597,1.0853501850344125,1.1031542355359867,1.1031542355359867,162
3,E,216,False,7.0915583047954796,1.7634305838219815,1.774444044534932,1.774444044534932,45
3,E,207,True,5.449587926211007,1.797110004276391,1.8079183086348354,1.8079183086348354,26
3,E,18,False,8.34038592288473,1.0439984992953686,1.062495698700816,1.062495698700816,168
3,E,153,False,8.567315127311135,1.0060127182765293,1.025195509432657,1.025195509432657,175
3,E,11,False,9.612076181521719,0.4633198426729942,0.5036164411943693,0.5036164411943693,279
3,E,498,False,8.49675637422721,1.089126609606914,1.106869917822598,1.106869917822598,161
3,E,335,False,9.346873335598842,0.8753970517297209,0.897376309807564,0.897376309807564,202
3,E,391,False,7.735439630530786,1.4134497810254762,1.427166607901026,1.427166607901026,110
3,E,510,False,7.722434797191212,1.635985367020757,1.6478508319422587,1.6478508319422587,78
3,E,66,False,9.219391689747857,1.3347097650782282,1.3492273345222192,1.3492273345222192,124
3,E,9,False,8.332690398201347,1.0902441413243467,1.107969553245402,1.107969553245402,160
3,E,362,False,7.035364319550073,1.4343511961715771,1.4478700208187154,1.4478700208187154,109
3,E,474,False,9.817657092892043,0.3005722400685559,0.3595940971798384,0.3595940971798384,314
3,E,513,False,7.008679645420371,1.440815810093869,1.45427454142717,1.45427454142717,107
3,E,508,False,7.758716794237877,1.696918736305362,1.7083610393739783,1.7083610393739783,61
3,E,404,False,5.6789448417051815,1.3633621193623704,1.377577769760752,1.377577769760752,120
3,E,4,False,5.2254695590758695,1.610706027996597,1.6227563439565804,1.6227563439565804,85
3,E,94,False,6.913015547659131,0.6096836372866054,0.6408419312137577,0.6408419312137577,247
3,E,48,False,7.239039637558227,0.287737138881603,0.34893681995244413,0.34893681995244413,316
3,E,323,True,5.308496577210039,1.9392671716543675,1.9492874098713824,1.9492874098713824,3
3,E,350,False,8.499220230509323,0.3617488317512375,0.41210006127169974,0.41210006127169974,298
3,E,443,False,9.806440805452668,0.35663418142279396,0.4076176916988023,0.4076176916988023,301
3,E,380,False,9.004096955766844,1.0995416103409872,1.1171195084224448,1.1171195084224448,158
3,E,328,False,5.744131059195071,1.7315340349608108,1.742749080462939,1.742749080462939,49
3,E,389,False,8.556757059950453,0.2713931545100346,0.3355867809399843,0.3355867809399843,318
3,E,412,False,6.021620557944374,1.5700508554667096,1.5824107974791186,1.5824107974791186,92
3,E,386,False,8.649571328391849,0.5470241626442706,0.5815493768747576,0.5815493768747576,257
3,E,406,False,5.797048462954557,1.3676078957553004,1.38177986660647,1.38177986660647,117
3,E,155,True,6.915804872158081,1.9090976451920167,1.9192754002759627,1.9192754002759627,6
3,E,381,False,6.896189174648153,1.4860763556682446,1.4991288063748773,1.4991288063748773,103
3,E,128,False,5.856011474828705,0.9545205454638286,0.9747172487133479,0.9747172487133479,188
3,E,121,False,8.198926106881718,1.2601382858883934,1.275504897202865,1.275504897202865,134
3,E,227,False,8.427707175017925,1.0727244635032105,1.0907346230064414,1.0907346230064414,164
3,E,364,False,7.1501777195355345,1.118577345215615,1.1358606958850044,1.1358606958850044,152
3,E,81,False,7.1583919077068385,1.5530910050051405,1.5655848469676215,1.5655848469676215,96
3,E,308,True,6.4560828255933185,1.8757749720629273,1.886132548111195,1.886132548111195,11
3,E,311,False,7.788643846191873,0.6257496754087578,0.6561454865355085,0.6561454865355085,245
3,E,52,False,5.9573947129071385,1.5993328660010884,1.6114682309924726,1.6114682309924726,86
3,E,493,False,10.727763671760906,0.48776053942680747,0.5261887370979008,0.5261887370979008,274
3,E,342,False,9.262850270640424,0.7397733184813579,0.7656558012342582,0.7656558012342582,228
3,E,28,True,5.27527272068332,1.9489525596564656,1.9589232560307825,1.9589232560307825,2
3,E,267,False,9.587914108598943,0.34843549549905817,0.40046415289065224,0.40046415289065224,304
3,E,209,False,6.346376416446251,0.6848826435337384,0.7127611652163124,0.7127611652163124,238
3,E,106,False,6.683816595632603,1.7856435269775914,1.7965208177651952,1.7965208177651952,33
3,E,505,False,4.722311649603406,1.3626113174916885,1.3768347198495499,1.3768347198495499,121
3,E,376,False,8.212658374970584,1.3955319325628532,1.4094231508065154,1.4094231508065154,112
3,E,396,False,7.385823791531142,0.7404338918279139,0.7662940632643479,0.7662940632643479,227
3,E,14,False,9.587924475415747,0.38121348665166954,0.42928774223343036,0.42928774223343036,294
3,E,21,False,9.663824345444526,0.4331333987590333,0.4759924204725378,0.4759924204725378,285
3,E,218,False,7.0312514558732975,1.759365490750335,1.7704042400734137,1.7704042400734137,46
3,E,384,False,7.692499313144572,1.3040741465013896,1.3189289680646494,1.3189289680646494,126
3,E,105,False,7.223505240238003,0.9463347145103655,0.9667024542816516,0.9667024542816516,189
3,E,266,False,5.714801044485599,1.7842637072084273,1.795149358713061,1.795149358713061,36
3,E,347,False,9.694884696275633,0.5837251901289586,0.6161974852414138,0.6161974852414138,252
3,E,190,False,5.814963494214198,1.278902488376264,1.2940462966995245,1.2940462966995245,130
3,E,431,False,6.974605500716855,1.7224317308335013,1.733705658584768,1.733705658584768,51
3,E,39,True,6.475385889804198,1.8560768318380108,1.8665437173858481,1.8665437173858481,13
3,E,458,False,6.170002926723941,1.662589829471066,1.6742667601930648,1.6742667601930648,74
3,E,188,False,8.216078120332547,0.8278955005111042,0.8511023457806265,0.8511023457806265,211
3,E,403,False,6.064867862356914,1.545338330963204,1.5578943482697711,1.5578943482697711,98
3,E,13,False,9.568606296520024,0.411058338954221,0.4559969311854596,0.4559969311854596,288
3,E,189,False,8.245931256517057,0.824801377518437,0.8480928932511252,0.8480928932511252,212
3,E,453,False,5.270145367672364,1.630916172607049,1.6428182508415161,1.6428182508415161,79
3,E,467,False,9.714331490135384,0.4335629880019767,0.4763833622115236,0.4763833622115236,284
3,E,220,False,7.13129641093704,1.7681246627707663,1.7791090653259538,1.7791090653259538,40
3,E,85,False,6.813943262605297,0.5548817576247029,0.5889465240337471,0.5889465240337471,255
3,E,479,False,9.988697205949867,0.4862575548012784,0.5247958201320508,0.5247958201320508,275
3,E,442,False,5.456006671762605,1.7894843425714093,1.8003384280559536,1.8003384280559536,31
3,E,472,False,8.348119444270301,0.8415386196647716,0.8643792521885533,0.8643792521885533,209
3,E,476,False,8.994455990733922,1.0090828628397925,1.028208377374793,1.028208377374793,174
3,E,433,False,6.9289737973054475,1.713033965153544,1.7243693365971302,1.7243693365971302,55
3,E,385,False,8.762080049316024,0.7168070101528474,0.7434894303425018,0.7434894303425018,233
3,E,332,True,6.5634778171031325,1.7927233806547045,1.803557973222038,1.803557973222038,30
3,E,278,False,8.329885824020483,1.3938152582344308,1.4077234164827501,1.4077234164827501,113
3,E,78,False,6.0854814910433905,1.3698526530508248,1.384001638112158,1.384001638112158,115
3,E,528,False,8.104579838177845,0.9831641003025614,1.002784070151944,1.002784070151944,181
3,E,375,False,8.769240779643408,0.9984978119449572,1.017822245623282,1.017822245623282,177
3,E,539,False,5.66696803378907,1.6232070801949492,1.6351652725097134,1.6351652725097134,83
3,E,170,False,4.502272262267097,1.0179999118689882,1.0369609750574134,1.0369609750574134,170
3,E,339,False,9.690623922860292,0.38941761367899225,0.4365894193291844,0.4365894193291844,292
3,E,123,False,7.344592735236462,0.7613205638790554,0.786494274748314,0.786494274748314,221
3,E,301,False,5.26140051690997,0.5576153319450605,0.5915226974909361,0.5915226974909361,254
3,E,103,False,6.664441882361642,1.6638473104515574,1.67551547761387,1.67551547761387,71
3,E,90,False,6.31817575835594,1.5681871426945593,1.5805616589488938,1.5805616589488938,93
3,E,199,False,6.3664118768736655,1.063938219059999,1.0820946248842178,1.0820946248842178,165
3,E,274,False,9.089158548944281,1.1757566300549542,1.1922113471800777,1.1922113471800777,146
3,E,499,False,7.703638982245268,1.6398156003254936,1.651653549113013,1.651653549113013,76
3,E,87,False,7.188502270846099,1.2164511689813107,1.2323626453859882,1.2323626453859882,140
3,E,221,False,7.13129641093704,1.7681246627707663,1.7791090653259538,1.7791090653259538,41
3,E,456,False,7.4616665383529135,1.6146998781772084,1.626720609020567,1.626720609020567,84
3,E,142,False,7.397283400870942,1.637956026019757,1.6498073179620667,1.6498073179620667,77
3,E,111,False,4.623821831552465,0.270730220926415,0.33505088531388627,0.33505088531388627,319
3,E,329,False,5.812666954656046,1.6732779193403866,1.6848807787433646,1.6848807787433646,69
3,E,484,False,8.374838382341204,0.8845020228779887,0.9062604877749044,0.9062604877749044,201
3,E,277,False,8.90931040140298,0.5806795794664094,0.6133131477769245,0.6133131477769245,253
3,E,349,False,8.50760374638014,1.2892915955954316,1.304314786276598,1.304314786276598,128
3,E,471,False,8.329358222322483,0.9445592631144814,0.9649644784975898,0.9649644784975898,190
3,E,109,False,9.133782481826874,1.012331867521275,1.031397136522041,1.031397136522041,173
3,E,187,False,7.2346540882985115,1.2115361869787638,1.2275113749313262,1.2275113749313262,141
3,E,65,False,10.025171061051855,1.100024197297815,1.1175945051168854,1.1175945051168854,157
3,E,535,False,9.788111385097132,0.6034805800577268,0.6349433468692808,0.6349433468692808,248
3,E,99,False,6.955122935683281,0.9204009554726023,0.9413299963677099,0.9413299963677099,193
3,E,279,False,8.72680826783955,0.9600925906944727,0.9801744874935165,0.9801744874935165,186
3,E,69,False,10.486716110809827,0.7044986695983085,0.731630110569911,0.731630110569911,235
3,E,410,False,6.238995762749935,1.3965691966400697,1.410450199131697,1.410450199131697,111
3,E,489,False,8.095180431463712,0.8739254225885525,0.8959407834635801,0.8959407834635801,204
3,E,125,False,4.936031794450022,1.741335590652155,1.7524879122261137,1.7524879122261137,48
3,E,177,False,6.50929932710945,0.7476303668005722,0.773249900477919,0.773249900477919,225
3,E,22,False,10.666056003642286,0.6469854482265218,0.6764276853024475,0.6764276853024475,243
3,E,74,False,4.2673185442573836,1.364966728172804,1.3791658392831236,1.3791658392831236,119
3,E,372,False,7.307789126597367,0.35599798237304514,0.4070611829693817,0.4070611829693817,302
3,E,10,False,8.025291784234629,0.9033606098329964,0.9246754212287664,0.9246754212287664,197
3,E,116,False,5.660917520980574,1.7717495612615608,1.7827116286874012,1.7827116286874012,39
3,E,509,False,7.757384440253052,1.683309359848674,1.694843545635085,1.694843545635085,65
3,E,157,False,8.318814126420252,1.2443400879663031,1.2598993998517265,1.2598993998517265,139
3,E,63,False,9.478571955789292,1.1786779862407948,1.195092481139183,1.195092481139183,145
3,E,223,False,5.039339395096855,1.6939219025002117,1.7053843129912654,1.7053843129912654,63
3,E,439,False,5.860749477972559,0.4779481026028651,0.5171060162175957,0.5171060162175957,276
3,E,500,False,5.366006838848364,0.9897090179137864,1.0092017555308874,1.0092017555308874,179
3,E,1,False,9.549803038437737,0.5420930254816413,0.5769134176829248,0.5769134176829248,258
3,E,42,False,7.395210975131932,1.50639136001286,1.5192692890821389,1.5192692890821389,101
3,E,17,False,9.558518191937395,0.3363114244532515,0.3899610460604092,0.3899610460604092,308
3,E,167,False,7.042249011112029,1.1027442419949,1.120271889533813,1.120271889533813,155
3,E,297,False,8.521713542393812,0.974353676141353,0.9941475390689867,0.9941475390689867,183
3,E,309,True,7.6921446773480415,1.8152934387999946,1.825994116139771,1.825994116139771,19
3,E,76,False,5.022521354418009,1.7003818842118643,1.7118010384921032,1.7118010384921032,60
3,E,313,False,6.919707231136153,1.3666918744413623,1.3808732464968672,1.3808732464968672,118
3,E,296,False,5.861133972478961,1.6818082776060526,1.69335268796875,1.69335268796875,66
3,E,502,False,5.468649519677121,1.4370828348505384,1.450576201875935,1.450576201875935,108
3,E,490,False,8.351432690115132,0.4419130309853442,0.4839952171059207,0.4839952171059207,283
3,E,516,True,6.858981256408887,1.9283463144627606,1.938423006396918,1.938423006396918,5
3,E,290,False,5.522494816548866,0.37719746714509006,0.4257254660546217,0.4257254660546217,295
3,E,530,False,7.084887898180644,1.719704126344075,1.7309958189988768,1.7309958189988768,53
3,E,317,False,5.002224907428646,1.701143939506471,1.7125580124907736,1.7125580124907736,59
3,E,57,True,6.747053555249911,1.893184533176415,1.903447377755727,1.903447377755727,9
3,E,272,False,8.438690832133348,0.6511254717336488,0.680388582478513,0.680388582478513,242
3,E,15,False,9.57003807831845,0.3715449200076641,0.420725410226498,0.420725410226498,296
3,E,432,False,6.955434253223054,1.7113149151659663,1.722661598253195,1.722661598253195,56
3,E,503,False,5.8267224679034735,1.5661219626136424,1.578512668624348,1.578512668624348,94
3,E,137,False,5.346681530622865,1.5989175422108177,1.611056035653706,1.611056035653706,87
3,E,287,False,7.3946381187291195,0.6923907243155115,0.7199785818653999,0.7199785818653999,236
3,E,451,False,7.295709523893374,1.174793159562039,1.1912611850389954,1.1912611850389954,147
3,E,34,False,4.523330571387158,1.7854043420616281,1.796283081220571,1.796283081220571,34
3,E,286,False,7.527202704778144,1.1096370026806686,1.12705746124361,1.12705746124361,153
3,E,314,False,7.706506503058044,0.9433875991359489,0.9638176204190518,0.9638176204190518,192
3,E,182,False,6.951033875983209,0.7644917859810878,0.7895643951314592,0.7895643951314592,220
3,E,49,False,7.9883904747692265,0.8753308203588968,0.8973117007466985,0.8973117007466985,203
3,E,518,False,9.36120662766064,0.7568182900815115,0.7821369237087944,0.7821369237087944,224
3,E,366,True,4.4709628072767,1.8056639643750736,1.816421370571669,1.816421370571669,24
3,E,534,False,6.920804374049678,1.5080164125133746,1.520880581648823,1.520880581648823,100
3,E,275,True,6.094280008999576,1.8681131827805768,1.8785130041885072,1.8785130041885072,12
3,E,303,False,6.533801109322237,1.7496117376720484,1.7607116390330808,1.7607116390330808,47
3,E,113,False,5.204433721107049,1.6256704338278596,1.637610638292514,1.637610638292514,81
3,E,437,False,5.53171605517657,0.4895787607954311,0.5278746122411491,0.5278746122411491,272
3,E,491,False,9.579804031306585,0.41058535832243764,0.4555706089021964,0.4555706089021964,289
3,E,526,False,9.606418889260409,0.818279807699697,0.8417517965028686,0.8417517965028686,213
3,E,141,False,7.336057071618255,1.6285912639767484,1.6405102097604076,1.6405102097604076,80
3,E,548,False,9.327970827656424,0.7739941680153088,0.7987685618177919,0.7987685618177919,217
4,E,325,True,6.050335394903729,1.8109474498155822,1.815584849299662,1.815584849299662,7
4,E,340,False,8.416388728804561,0.7248062936392803,0.7363164009527606,0.7363164009527606,193
4,E,298,True,5.998085785931353,1.7443494744476724,1.7491634480570382,1.7491634480570382,25
4,E,293,False,5.522769483344637,0.4228800773058055,0.44231802901880457,0.44231802901880457,248
4,E,402,False,6.474090205677264,1.7097657317147021,1.7146768023038124,1.7146768023038124,36
4,E,415,False,8.028348551854611,0.9895695647973894,0.9980308625419411,0.9980308625419411,165
4,E,445,False,7.595398481311671,0.31719428954711276,0.342680458057085,0.342680458057085,269
4,E,363,False,7.302321660655779,0.9614396246593793,0.9701462935444758,0.9701462935444758,170
4,E,101,False,7.084081550521731,0.7318326561385282,0.7432339575151886,0.7432339575151886,191
4,E,119,False,5.688222942198595,0.41965304465855324,0.43923382941675804,0.43923382941675804,250
4,E,234,False,8.444848210757023,1.076578675205315,1.0843612511150271,1.0843612511150271,147
4,E,126,False,5.7562277660273,0.481635785825296,0.49878924326860374,0.49878924326860374,229
4,E,547,False,9.560177541436246,0.7080308563697416,0.7198092612523026,0.7198092612523026,195
4,E,64,False,9.183760816760591,1.5038809862789766,1.509462056463939,1.509462056463939,91
4,E,529,False,8.05803879588482,0.998062962030897,1.0064528579078127,1.0064528579078127,163
4,E,475,False,9.976780840444684,0.48023768495635555,0.4974393561683231,0.4974393561683231,231
4,E,501,False,5.62712334150309,1.3586299033054172,1.3648050751549112,1.3648050751549112,106
4,E,183,False,7.065624577410361,1.2797907839409863,1.2863444832832303,1.2863444832832303,115
4,E,254,False,8.78310842021793,0.4731712212768364,0.4906207126258826,0.4906207126258826,233
4,E,469,False,9.554218483274774,0.3359001778420597,0.3600647281909786,0.3600647281909786,264
4,E,8,False,8.360244244475325,1.0924773053396748,1.100147418165017,1.100147418165017,143
4,E,180,False,6.985818400374258,1.1792245656830698,1.1863339560694284,1.1863339560694284,135
4,E,174,False,8.97111546979609,0.7473602869256601,0.7585282311730533,0.7585282311730533,189
4,E,348,False,7.420454745954435,1.15538915451172,1.1626443038935956,1.1626443038935956,139
4,E,6,False,9.65475787561987,0.5655477943014056,0.5802258066064461,0.5802258066064461,216
4,E,192,False,6.128492605038589,1.5385420777731553,1.5439978640177758,1.5439978640177758,82
4,E,295,True,6.303597655179963,1.7783278089311265,1.7830500483807787,1.7830500483807787,10
4,E,160,False,7.1606300571430435,1.6740189380347235,1.6790345690044086,1.6790345690044086,46
4,E,292,False,5.5288243819883895,0.27236885079091305,0.30166615636176136,0.30166615636176136,281
4,E,326,True,6.1232225999545316,1.7453886809814427,1.7501997962264355,1.7501997962264355,23
4,E,82,False,6.949012750324711,1.5276053918731107,1.5331000985887113,1.5331000985887113,85
4,E,86,False,7.230075829153596,1.4639744257773633,1.469707045074996,1.469707045074996,96
4,E,310,False,6.931890366503459,0.6276472760851409,0.6409046592044819,0.6409046592044819,206
4,E,414,False,8.783050958221526,0.8169794574706143,0.8272080227741359,0.8272080227741359,181
4,E,461,False,6.513228413814135,0.27960030858061224,0.3082109854811953,0.3082109854811953,280
4,E,241,False,8.871445688134477,0.7644808740515833,0.7754022735352204,0.7754022735352204,186
4,E,483,False,9.151838110049743,1.2426523450493125,1.2494008682842637,1.2494008682842637,128
4,E,104,False,7.079457527590795,1.6106124629577672,1.615824923946837,1.615824923946837,59
4,E,426,False,6.9080946668008085,1.3994746095151296,1.4054703346888686,1.4054703346888686,102
4,E,147,False,7.094585032413601,1.4353346833297351,1.441181228084167,1.441181228084167,99
4,E,222,False,7.043565635933034,1.7203594223215288,1.725240337165631,1.725240337165631,31
4,E,423,False,9.578722713096843,0.7329359113598389,0.7443203135571362,0.7443203135571362,190
4,E,230,False,8.577436731852256,0.9794234553028278,0.9879716513191289,0.9879716513191289,168
4,E,269,False,9.607349259528007,0.4357728093888636,0.45465989532350315,0.45465989532350315,245
4,E,416,False,8.459969196440715,0.357114699879044,0.3799323464547546,0.3799323464547546,262
4,E,118,False,5.663820155661406,0.37577414779756346,0.39752218701086495,0.39752218701086495,257
4,E,506,False,6.560313374866045,0.4539278356808348,0.47208914308507766,0.47208914308507766,242
4,E,24,False,10.687028513892567,0.4661053205250582,0.4838097237909582,0.4838097237909582,236
4,E,462,False,8.734806397970017,1.0976892487484422,1.1053231951926257,1.1053231951926257,142
4,E,482,False,9.688414791058047,0.289281885509406,0.3170200124547235,0.3170200124547235,278
4,E,450,False,7.729190839648878,0.7879803106500206,0.7985803960685605,0.7985803960685605,184
4,E,315,True,7.270911791643485,1.7835522376373445,1.78826068105131,1.78826068105131,9
4,E,382,False,6.909811980400225,1.0657319270171715,1.0735931348870715,1.0735931348870715,150
4,E,422,False,5.1719796592282625,1.0515470799515967,1.059513539492368,1.059513539492368,151
4,E,68,False,10.520520796859905,0.6622038458476083,0.6747826409061505,0.6747826409061505,202
4,E,338,False,9.670490523646569,0.3478886720891747,0.37127376311946053,0.37127376311946053,263
4,E,495,False,8.719225625774005,1.3393351465386238,1.3455988680756805,1.3455988680756805,110
4,E,19,False,9.604601332402504,0.4619346955312986,0.4797930199039056,0.4797930199039056,238
4,E,162,False,8.695787600730494,1.0221638142530873,1.0303574827123527,1.0303574827123527,159
4,E,259,False,8.09955198213141,0.9938146760092186,1.002240135528519,1.002240135528519,164
4,E,260,False,6.1326091981629105,1.6526794497950847,1.6577596456627541,1.6577596456627541,49
4,E,239,False,9.710612210112721,0.4576740138505809,0.4756923185915637,0.4756923185915637,241
4,E,73,False,4.897921522727854,1.2923839340094405,1.2988740939362189,1.2988740939362189,113
4,E,16,False,8.303368697933555,0.4510406745306246,0.46931372139961647,0.46931372139961647,243
4,E,480,False,9.69924473927745,0.2593183951538151,0.2899374226933567,0.2899374226933567,284
4,E,468,False,8.617943140758378,1.26053182288126,1.2671851307166087,1.2671851307166087,119
4,E,373,False,8.408564689407754,1.5155109399925488,1.521049337875013,1.521049337875013,87
4,E,411,True,6.1987068577834545,1.7782804761019368,1.7830028409114347,1.7830028409114347,11
4,E,62,False,7.43905704903133,0.5186416890415888,0.534609091416175,0.534609091416175,224
4,E,127,False,6.920639607642809,1.4486178951582662,1.4544110440950597,1.4544110440950597,97
4,E,146,False,7.4134314594873825,1.1991422310822153,1.2061342252741811,1.2061342252741811,133
4,E,283,False,5.800094747978538,0.4710304701563922,0.4885564274765689,0.4885564274765689,235
4,E,299,False,5.2921239465889744,0.3579428332411901,0.38071084944042033,0.38071084944042033,260
4,E,27,False,5.776648730402119,0.46013830779686915,0.478063741895453,0.478063741895453,240
4,E,249,False,8.74131476198269,1.5511714638796237,1.5565829850564892,1.5565829850564892,77
4,E,427,True,6.805409383789162,1.7574240702201454,1.7622023270901837,1.7622023270901837,20
4,E,265,False,7.475034187285691,0.4601874100442681,0.4781110031950398,0.4781110031950398,239
4,E,434,True,6.726370055990322,1.8273167525192167,1.831912714364495,1.831912714364495,2
4,E,247,False,9.602908949286066,1.2529529436256874,1.2596462828719779,1.2596462828719779,122
4,E,519,True,7.723788232364004,1.7728111263401956,1.77754802148592,1.77754802148592,15
4,E,228,False,8.031494381663071,0.3010163630185771,0.32776291708771416,0.32776291708771416,276
4,E,143,False,6.986582316417646,1.5833568565473963,1.5886587469272841,1.5886587469272841,68
4,E,289,False,5.504355479191222,0.2909891484993421,0.3185786614908289,0.3185786614908289,277
4,E,210,False,6.397814423057196,0.5801557881937377,0.5944732269729336,0.5944732269729336,215
4,E,238,False,8.41033785028004,1.2304482658674785,1.237263356763305,1.237263356763305,130
4,E,89,False,6.216451122040641,1.612237536994435,1.6174447609444962,1.6174447609444962,58
4,E,319,False,6.195718060755172,0.8053474722365642,0.8157219073009745,0.8157219073009745,182
4,E,457,False,5.913551343109908,1.6065941481111141,1.6118196039748967,1.6118196039748967,61
4,E,409,False,5.832895333186338,1.5672999584107978,1.5726559822947308,1.5726559822947308,72
4,E,12,False,9.56955773340629,0.4723079320846613,0.4897881804647852,0.4897881804647852,234
4,E,67,False,10.462203732548538,0.6866904728491693,0.6988286517557302,0.6988286517557302,199
4,E,441,False,6.7677581566079255,1.6590226138198776,1.6640834450767952,1.6640834450767952,48
4,E,229,False,7.791013951147097,1.1033154339208593,1.1109107190683192,1.1109107190683192,141
4,E,7,False,8.352985342962157,1.1600475346841292,1.16727373042472,1.16727373042472,138
4,E,446,False,7.636840948864566,0.3119885722625736,0.3378676489919612,0.3378676489919612,272
4,E,543,False,8.331358845214538,1.3848463148678838,1.39090509914087,1.39090509914087,104
4,E,327,True,5.914755075720554,1.7234141639165899,1.728286451778534,1.728286451778534,29
4,E,25,False,10.662091091464953,0.6392488236948388,0.6522704482100589,0.6522704482100589,204
4,E,400,False,7.248232481792252,1.2338735367516886,1.2406698125242819,1.2406698125242819,129
4,E,233,False,9.32341673233528,0.6233829252587085,0.6367291029291975,0.6367291029291975,208
4,E,478,False,9.740435378527092,0.4808391811689359,0.49802007706530144,0.49802007706530144,230
4,E,512,False,8.64063558825585,0.8003575397191751,0.8107958253458432,0.8107958253458432,183
4,E,291,False,5.520518424201209,0.26540947729898207,0.29539781592461867,0.29539781592461867,282
4,E,181,False,6.899520391180883,1.0176404341760414,1.02587023169742,1.02587023169742,160
4,E,75,False,8.056828554540576,1.5279283374767108,1.5334218869825946,1.5334218869825946,84
4,E,250,False,8.734227539066561,1.3043527201006244,1.3107836196134028,1.3107836196134028,111
4,E,419,False,5.611845722525086,1.3570136968589395,1.363196190016566,1.363196190016566,107
4,E,165,False,6.789029530557113,1.152945657949478,1.1602160872861014,1.1602160872861014,140
4,E,417,False,8.476177190456422,0.33308584587262247,0.35744070799727945,0.35744070799727945,266
4,E,525,False,6.948695639025695,1.1874358107422436,1.1944963305284806,1.1944963305284806,134
4,E,336,False,9.585328050275942,0.408294931485273,0.42839517981587955,0.42839517981587955,252
4,E,255,False,6.253251682629316,1.1678848643550077,1.1750628644470178,1.1750628644470178,136
4,E,356,False,8.522770053627415,0.28500913966299946,0.31312599493551974,0.31312599493551974,279
4,E,466,False,9.726660709422706,0.38876543904764244,0.40982465227316695,0.40982465227316695,255
4,E,54,False,4.77931371057339,1.6047685750912033,1.609999956091045,1.609999956091045,62
4,E,343,True,7.114712466011245,1.7260333742333305,1.7308982893226894,1.7308982893226894,27
4,E,169,False,6.350357938807906,0.8472159242845028,0.8570837189995855,0.8570837189995855,178
4,E,527,False,8.255099674937142,1.3547456504395106,1.360938446954045,1.360938446954045,108
4,E,322,False,6.854253198208767,1.616028944677509,1.6212239910167932,1.6212239910167932,56
4,E,215,False,7.053166660041477,1.7077833057069218,1.7127000607999574,1.7127000607999574,37
4,E,43,False,7.263544638500417,1.7001361007766396,1.7050749074972957,1.7050749074972957,43
4,E,23,False,10.657956816216473,0.5022842811476683,0.5187554125991805,0.5187554125991805,227
4,E,158,False,8.474553168516024,1.222105151954328,1.2289665094892648,1.2289665094892648,131
4,E,136,False,8.08692886722698,1.5419649697073199,1.547408687715502,1.547408687715502,80
4,E,95,False,6.5865162183618216,0.5036704527310152,0.5200976869465791,0.5200976869465791,226
4,E,334,False,8.857664266460308,1.0820687289621822,1.0898120999561112,1.0898120999561112,146
4,E,175,False,7.040369082788986,1.5562704612123726,1.561664313306508,1.561664313306508,76
4,E,387,False,8.548279671559262,0.2355197601649313,0.26886285805418114,0.26886285805418114,287
4,E,186,False,6.75803622124294,0.4225857980972129,0.44203669052056577,0.44203669052056577,249
4,E,263,False,5.073344440108357,0.9890376731182761,0.997503482630577,0.997503482630577,166
4,E,421,False,5.447168992354958,1.2494468003226389,1.2561588219048563,1.2561588219048563,126
4,E,316,False,5.75652574438269,0.5968598980003631,0.6107859009947101,0.6107859009947101,211
4,E,393,False,6.180428627802672,1.7033604826319881,1.7082899674250844,1.7082899674250844,41
4,E,517,False,9.560171577262324,0.6964293245085001,0.7084006515018756,0.7084006515018756,198
4,E,240,False,8.548848981487753,0.7811898335429064,0.7918808212374573,0.7918808212374573,185
4,E,449,False,7.867554711028099,0.25742322819970487,0.2882436424791938,0.2882436424791938,285
4,E,248,False,9.237123430475984,1.5185104645715075,1.524037962134176,1.524037962134176,86
4,E,337,False,9.585165581535602,0.4253386923806926,0.4446691829315738,0.4446691829315738,246
4,E,214,False,7.053166660041477,1.7077833057069218,1.7127000607999574,1.7127000607999574,38
4,E,465,False,8.523452916812046,0.8511782730686833,0.8610006571176947,0.8610006571176947,177
4,E,270,False,9.488700982065554,0.5631777101543032,0.5779159214172597,0.5779159214172597,217
4,E,435,True,6.719984043630241,1.8152143627474706,1.819840889126745,1.819840889126745,6
4,E,161,False,8.292656496548897,1.247252371272209,1.2539761387909516,1.2539761387909516,127
4,E,216,False,7.053166660041477,1.7077833057069218,1.7127000607999574,1.7127000607999574,39
4,E,18,False,8.356597735929272,1.0469391117897529,1.0549403693138455,1.0549403693138455,153
4,E,153,False,8.737446964509438,1.068945266650627,1.076783015332103,1.076783015332103,149
4,E,11,False,9.67317731614314,0.410794551863885,0.43077818288994874,0.43077818288994874,251
4,E,498,False,8.226660449058159,1.3399048863459178,1.3461659568814623,1.3461659568814623,109
4,E,335,False,9.39860994896177,0.8526074386946784,0.8624135455397346,0.8624135455397346,176
4,E,391,False,7.646081208083675,1.5674876279123642,1.5728430127228994,1.5728430127228994,71
4,E,510,False,7.789327142663466,1.604360292938283,1.6095930009073502,1.6095930009073502,63
4,E,66,False,8.672377277981507,1.5387020396052162,1.5441572606759224,1.5441572606759224,81
4,E,9,False,8.377479482708718,1.0822777626709832,1.090019648715116,1.090019648715116,145
4,E,362,False,6.987449371495342,1.5932676462391016,1.5985366656930966,1.5985366656930966,66
4,E,474,False,9.844075430771456,0.2624334664440703,0.2927268407966153,0.2927268407966153,283
4,E,513,False,6.945457042306145,1.4736082634389533,1.4793035500155078,1.4793035500155078,95
4,E,508,True,7.645198533639148,1.7218519681790792,1.726728664074088,1.726728664074088,30
4,E,404,False,5.824058564971659,1.570127049045288,1.575473461901717,1.575473461901717,70
4,E,4,False,5.496999160517809,1.6485261872284356,1.6536191426658193,1.6536191426658193,51
4,E,94,False,6.807769652155323,0.5814808228884331,0.5957664193288551,0.5957664193288551,214
4,E,48,False,7.225559127075782,0.24030132533797516,0.27306117624463455,0.27306117624463455,286
4,E,350,False,8.496896697327989,0.3120391319500269,0.3379143366018114,0.3379143366018114,271
4,E,443,False,9.825401282361359,0.3084485250970841,0.3346015117232475,0.3346015117232475,274
4,E,380,False,8.919590464038405,1.0857273333892803,1.0934447958088755,1.0934447958088755,144
4,E,328,True,6.092908623791388,1.8153143175032331,1.8199405897844978,1.8199405897844978,5
4,E,389,False,8.59196650221928,0.22206724291451233,0.2571605323306223,0.2571605323306223,288
4,E,412,True,6.060809389968311,1.7768963012909518,1.7816223349953775,1.7816223349953775,12
4,E,386,False,8.64884501206456,0.5044523526346725,0.5208549271069363,0.5208549271069363,225
4,E,406,False,6.034189212702509,1.596429646421928,1.6016882639851484,1.6016882639851484,64
4,E,381,False,6.775124046004112,1.4946344416789132,1.5002499102702034,1.5002499102702034,93
4,E,128,False,5.958440545706606,1.2567733629008153,1.2634464629377615,1.2634464629377615,120
4,E,121,False,7.912903831167604,1.2505642594092217,1.2572703153755962,1.2572703153755962,124
4,E,227,False,8.424869700979619,1.0741941818342062,1.0819939090860797,1.0819939090860797,148
4,E,364,False,7.060114697154278,1.4308259743381473,1.4366908671852914,1.4366908671852914,100
4,E,81,False,7.12837490139097,1.5331296975997384,1.538604675891498,1.538604675891498,83
4,E,311,False,7.869599884063085,0.5826531625921288,0.5969107026109732,0.5969107026109732,213
4,E,52,False,6.46795886486536,1.686687985706103,1.691666054556344,1.691666054556344,45
4,E,493,False,10.726946345052442,0.4410223751902358,0.45969382683624666,0.45969382683624666,244
4,E,342,False,9.350885822365886,0.7270008750391901,0.7384767777802251,0.7384767777802251,192
4,E,267,False,9.621020302543775,0.31007457823528545,0.33610106081460994,0.33610106081460994,273
4,E,209,False,6.446235518899531,0.625056900669479,0.6383680819773581,0.6383680819773581,207
4,E,106,False,5.775693956605342,0.5259965139645998,0.5417471843173967,0.5417471843173967,222
4,E,505,False,5.111367319420026,1.595270317298503,1.6005327438907904,1.6005327438907904,65
4,E,376,False,8.191416450594918,1.6170501098584205,1.6222418860348926,1.6222418860348926,55
4,E,396,False,7.389507756795158,0.6763710863765444,0.6886911684486036,0.6886911684486036,200
4,E,14,False,9.591136034387379,0.3358759328498019,0.36004211042687856,0.36004211042687856,265
4,E,21,False,9.71603965456547,0.37794723089751425,0.39957701179624305,0.39957701179624305,256
4,E,218,False,7.01247541264868,1.7043856689149592,1.7093121971762821,1.7093121971762821,40
4,E,384,False,7.571033741777324,1.5104360492558335,1.5159929874192979,1.5159929874192979,88
4,E,105,False,7.108955876607292,0.9044602516205167,0.9137100337494191,0.9137100337494191,173
4,E,266,False,7.543453940652892,0.3908717920132355,0.41182330774806086,0.41182330774806086,254
4,E,347,False,9.763588572644402,0.5386977029054392,0.5540874426735484,0.5540874426735484,220
4,E,190,False,6.112715214064236,1.5463007336852614,1.5517292412043069,1.5517292412043069,79
4,E,431,True,6.748265366757078,1.833988486331843,1.8385677705786863,1.8385677705786863,1
4,E,458,False,5.913181167688143,1.6093970903501615,1.6146134749346304,1.6146134749346304,60
4,E,188,False,8.27427035607923,1.029717376765138,1.037851412787492,1.037851412787492,156
4,E,403,True,6.087874466930251,1.7611495010383573,1.765917677588786,1.765917677588786,19
4,E,13,False,9.56418103905899,0.37231190474585407,0.39425097771394546,0.39425097771394546,258
4,E,189,False,8.278629796041727,1.0283136613717687,1.0364587136865262,1.0364587136865262,157
4,E,453,False,5.343414937493899,1.7129259523126918,1.7178279882221208,1.7178279882221208,33
4,E,467,False,9.795786781682024,0.3945150326750448,0.41528278319659206,0.41528278319659206,253
4,E,220,False,7.071891292748491,1.7116950550773316,1.7166006060202545,1.7166006060202545,34
4,E,85,False,6.74037456836139,0.5240485376083914,0.539856044499281,0.539856044499281,223
4,E,479,False,9.948844877940463,0.4632322038152953,0.4810423616112112,0.4810423616112112,237
4,E,442,False,5.713637027251958,1.6458739204333634,1.650975057647936,1.650975057647936,52
4,E,472,False,8.396643164283718,0.8369274243964396,0.8469151036082507,0.8469151036082507,180
4,E,476,False,8.76278641127021,1.2764464637793422,1.283017246145859,1.283017246145859,117
4,E,433,True,6.695854309848575,1.8189028828284775,1.823520050938476,1.823520050938476,4
4,E,385,False,8.65780229571062,0.6758256320910219,0.6881554795278065,0.6881554795278065,201
4,E,278,False,8.25750450618062,1.615574450432617,1.6207709535599313,1.6207709535599313,57
4,E,78,False,6.1070894770732655,1.6507746924270228,1.655860732118027,1.655860732118027,50
4,E,528,False,8.068814815923748,1.0465777483728713,1.0545817476147334,1.0545817476147334,154
4,E,375,False,8.879691850493353,0.9637398278767377,0.9724259019836936,0.9724259019836936,169
4,E,539,False,5.539760856894789,1.6603583313630643,1.6654151036722513,1.6654151036722513,47
4,E,170,False,4.670238365782598,1.262499117124432,1.2691421117246429,1.2691421117246429,118
4,E,339,False,9.604005716667665,0.3578797102098502,0.38065150202357323,0.38065150202357323,261
4,E,123,False,7.2719038530694595,0.7025610736843109,0.7144296615268487,0.7144296615268487,197
4,E,301,False,5.3284633945545234,0.7548761914361092,0.7659345555659448,0.7659345555659448,188
4,E,103,True,6.268090181699452,1.7338800282917806,1.7387229887253524,1.7387229887253524,26
4,E,90,False,6.26596812786514,1.626279742637807,1.6314421474042553,1.6314421474042553,54
4,E,199,False,6.7380622594518504,1.368800793472162,1.3749302859501409,1.3749302859501409,105
4,E,274,False,8.20019818307936,1.2790100102637971,1.2855676899206492,1.2855676899206492,116
4,E,499,False,7.796090704901882,1.5080090521964635,1.5135749008619932,1.5135749008619932,90
4,E,87,False,7.186336019152351,1.4791537788253037,1.4848277948725541,1.4848277948725541,94
4,E,221,False,7.071891292748491,1.7116950550773316,1.7166006060202545,1.7166006060202545,35
4,E,456,True,7.581514080561547,1.7462988269310986,1.7511074415791419,1.7511074415791419,22
4,E,142,False,7.027297121603263,1.5659370728864768,1.5712977423942232,1.5712977423942232,73
4,E,111,False,4.600264687216262,0.22169838257122226,0.25684207569557604,0.25684207569557604,289
4,E,329,True,6.163265122472604,1.7504634605038065,1.7552606659900625,1.7552606659900625,21
4,E,484,False,8.38211044943785,0.9039813378028627,0.9132359706607978,0.9132359706607978,174
4,E,277,False,8.915926021078128,0.5507522184419412,0.5658141789771937,0.5658141789771937,219
4,E,349,False,8.234643314318019,1.5624933498313998,1.5678657937719878,1.5678657937719878,74
4,E,471,False,7.724857464070823,1.0471459067094016,1.0551455960914449,1.0551455960914449,152
4,E,109,False,9.358135737493745,0.9540516323986724,0.9628251119987926,0.9628251119987926,171
4,E,187,False,7.154629487491457,1.4967969061111668,1.5024042921786656,1.5024042921786656,92
4,E,65,False,9.577290004428296,1.2529989910268151,1.2596920856015301,1.2596920856015301,121
4,E,535,False,9.837110760165057,0.5536956779782001,0.5686796838508078,0.5686796838508078,218
4,E,99,False,7.6181855179408196,1.1618933151450979,1.1691081022693246,1.1691081022693246,137
4,E,279,False,8.672339365550876,0.9490369456507783,0.9578563583455895,0.9578563583455895,172
4,E,69,False,10.529981846971364,0.6533639011272967,0.6661096503648599,0.6661096503648599,203
4,E,410,False,6.4498455367833545,1.585769349883463,1.5910632011465595,1.5910632011465595,67
4,E,489,False,8.2387911191116,0.8465817755001147,0.8564568766854771,0.8564568766854771,179
4,E,125,True,5.961394874595703,1.7453523888049471,1.7501636038153838,1.7501636038153838,24
4,E,177,False,6.515058584762724,1.016130494020886,1.0243724224577924,1.0243724224577924,161
4,E,22,False,10.679230581296734,0.598958657379591,0.6128369703786466,0.6128369703786466,210
4,E,74,False,4.891777672323498,1.2966814298922333,1.3031501869087396,1.3031501869087396,112
4,E,372,False,7.2648007254850215,0.3159306653270554,0.34151114814440814,0.34151114814440814,270
4,E,10,False,8.164514371734748,0.8997182448399198,0.9090162809932184,0.9090162809932184,175
4,E,116,False,7.466380493448411,0.537428366212523,0.5528534415401406,0.5528534415401406,221
4,E,509,False,7.6485650203609605,1.7022320480628155,1.7071647912445487,1.7071647912445487,42
4,E,157,False,8.419546239999,1.2498085405153336,1.2565186297695645,1.2565186297695645,125
4,E,63,False,8.921152881141406,1.2904327068217478,1.2969326311910805,1.2969326311910805,114
4,E,223,True,5.644226255643364,1.769763672151572,1.7745087022272765,1.7745087022272765,18
4,E,439,False,5.9108228443883934,0.5964021961096894,0.6103386425070728,0.6103386425070728,212
4,E,500,False,5.472283441371468,1.2513012139544928,1.2580033414331233,1.2580033414331233,123
4,E,1,False,9.651424220905158,0.4992484414115037,0.515816522869064,0.515816522869064,228
4,E,42,False,7.249653564820685,1.6988804323615347,1.7038228788444623,1.7038228788444623,44
4,E,17,False,9.607471125635463,0.3025277185685557,0.3291514841455393,0.3291514841455393,275
4,E,167,False,6.9837673661917306,1.43627840439978,1.4421211231925335,1.4421211231925335,98
4,E,297,False,8.707616114867749,1.045621515855576,1.0536327792134357,1.0536327792134357,155
4,E,76,True,5.608411089889377,1.77291723752064,1.7776538499130625,1.7776538499130625,14
4,E,313,False,6.890201027254204,1.5814168098393844,1.586725182712965,1.586725182712965,69
4,E,296,True,6.275617836478732,1.776468901282905,1.7811960690048154,1.7811960690048154,13
4,E,502,True,5.835491375102818,1.7246288231736173,1.7294976891381302,1.7294976891381302,28
4,E,490,False,8.335917581390277,0.42412281227528664,0.4435063008630363,0.4435063008630363,247
4,E,290,False,5.506648489701124,0.3268419910396502,0.35162958652490944,0.35162958652490944,267
4,E,530,False,6.964294887775515,1.7188814096842733,1.7237665095862347,1.7237665095862347,32
4,E,317,True,5.615608126397785,1.7708777447299644,1.7756197976461068,1.7756197976461068,17
4,E,272,False,8.393374800546276,0.6189693241006803,0.6324086520522699,0.6324086520522699,209
4,E,15,False,9.605591670338008,0.3179749274731631,0.34340316468326165,0.34340316468326165,268
4,E,432,True,6.743512630059063,1.8221910286720773,1.8267998861358403,1.8267998861358403,3
4,E,503,False,5.54161468040148,1.5605015700343075,1.5658808476676809,1.5658808476676809,75
4,E,137,False,5.527612451758782,1.6414811928685986,1.6465959387640412,1.6465959387640412,53
4,E,287,False,7.311007419525625,0.6372428707076084,0.6503046634313718,0.6503046634313718,205
4,E,451,False,6.819421495125231,1.3882265503686142,1.3942706459512295,1.3942706459512295,103
4,E,34,True,4.793539463166347,1.7926843748962111,1.7973688956388267,1.7973688956388267,8
4,E,286,False,7.366019487223455,1.4091613478251215,1.4151160317151483,1.4151160317151483,101
4,E,314,False,7.451140227476684,1.2209266913001353,1.2277946345142627,1.2277946345142627,132
4,E,182,False,6.942465738253969,1.0222879621106238,1.0304806434325722,1.0304806434325722,158
4,E,49,False,8.04152511529545,0.9804528311035622,0.9889921299140384,0.9889921299140384,167
4,E,518,False,9.575497849551232,0.7054646448552456,0.7172851902511677,0.7172851902511677,196
4,E,534,False,6.794990653616064,1.5091684015236262,1.5147299901864666,1.5147299901864666,89
4,E,303,False,5.398979040839783,1.0156078574363743,1.02385399305732,1.02385399305732,162
4,E,113,True,5.409421482263035,1.771248581648946,1.7759896443972638,1.7759896443972638,16
4,E,437,False,5.4859719316704085,0.4795640936378542,0.4967890889699698,0.4967890889699698,232
4,E,491,False,9.582563454551718,0.3605632202614648,0.38317556657260077,0.38317556657260077,259
4,E,526,False,9.689289853865652,0.7583617722349593,0.7693700387981482,0.7693700387981482,187
4,E,141,False,6.970803429097399,1.5497190231537463,1.5551355985050044,1.5551355985050044,78
4,E,548,False,9.570360375171965,0.7206158525490053,0.73219183685551,0.73219183685551,194
5,E,340,False,8.38045186612355,0.676909279063162,0.6843881630512764,0.6843881630512764,157
5,E,293,False,5.523030493747546,0.3957612423050692,0.40842128562764995,0.40842128562764995,216
5,E,402,False,4.964031092747088,1.2075102874997277,1.2117186472364638,1.2117186472364638,71
5,E,415,False,8.126691636604223,0.9191703339270182,0.924691888368443,0.924691888368443,129
5,E,445,False,7.572630716360614,0.2903858110378475,0.3074165006875838,0.3074165006875838,238
5,E,363,False,7.307840470556037,0.9191862203697301,0.9247076799510647,0.9247076799510647,128
5,E,101,False,7.104363767762059,0.6926706214653416,0.6999811250912936,0.6999811250912936,152
5,E,119,False,5.721508436560256,0.38640105326629937,0.3993579341996303,0.3993579341996303,220
5,E,234,False,8.381978238699771,1.013780202369228,1.0187891265412503,1.0187891265412503,108
5,E,126,False,5.75699628803745,0.4499861511183906,0.4611599742402128,0.4611599742402128,197
5,E,547,False,9.477160933155703,0.6651977851051185,0.6728068660110762,0.6728068660110762,158
5,E,64,False,9.44574501888892,1.4075999915608886,1.4112117920018612,1.4112117920018612,46
5,E,529,False,8.169616564315849,0.9271835963103364,0.9326577115479503,0.9326577115479503,125
5,E,475,False,9.991786075442413,0.4403683750962605,0.4517801361589634,0.4517801361589634,200
5,E,501,False,4.893394364137209,1.1666722965613676,1.1710274263255607,1.1710274263255607,80
5,E,183,False,7.191275320207744,1.1882047199767127,1.1924812125219537,1.1924812125219537,76
5,E,254,False,8.835154537886167,0.4369100236189434,0.4484098062950858,0.4484098062950858,203
5,E,469,False,9.563098438090881,0.3112389645608424,0.32718600016473204,0.32718600016473204,234
5,E,8,False,8.29231637216429,1.0292711047068217,1.0342050051258174,1.0342050051258174,104
5,E,180,False,7.097923190891965,1.0908819401243068,1.0955384032211113,1.0955384032211113,97
5,E,174,False,9.02632281927836,0.6993832753856966,0.7066243355079952,0.7066243355079952,151
5,E,348,False,7.4094589980804235,1.0894482055450514,1.094110770538442,1.094110770538442,98
5,E,6,False,9.668080081707672,0.5302436277561093,0.5397585482591732,0.5397585482591732,180
5,E,192,False,6.101539989394212,1.4387148450382812,1.4422487271536821,1.4422487271536821,41
5,E,160,True,7.261146489295325,1.5896737277124964,1.592872733843553,1.592872733843553,5
5,E,292,False,5.524275526694073,0.24878312025333507,0.2684660622236563,0.2684660622236563,251
5,E,82,False,6.8360420901472105,1.4019290963355475,1.405555469127809,1.405555469127809,48
5,E,86,False,7.384901822623197,1.3602503392292393,1.363987525975275,1.363987525975275,55
5,E,310,False,6.949416123442953,0.5854887775595753,0.5941195959494153,0.5941195959494153,170
5,E,414,False,8.897917401044566,0.7508644990678284,0.7576136756971007,0.7576136756971007,145
5,E,461,False,6.525482602320724,0.2540830791363408,0.27338470466778997,0.27338470466778997,250
5,E,241,False,8.891967104791384,0.7149781617205105,0.7220628486358589,0.7220628486358589,150
5,E,483,False,9.377768065636914,1.1473904040118412,1.1518184426641842,1.1518184426641842,90
5,E,104,True,7.19187485727406,1.5333555376959702,1.536671790144463,1.536671790144463,12
5,E,426,False,6.891576737944796,1.3056743116191434,1.3095672543497012,1.3095672543497012,61
5,E,147,False,7.101563731753593,1.3363678970647028,1.3401716837584754,1.3401716837584754,59
5,E,222,False,9.44160387923683,0.8538499173594223,0.8597910600940109,0.8597910600940109,135
5,E,423,False,9.493546887687003,0.6886085136298389,0.6959616876570052,0.6959616876570052,153
5,E,230,False,8.588832087666328,0.9240356516472814,0.929528305732594,0.929528305732594,126
5,E,269,False,9.628873751635288,0.40056751875199176,0.41308028604863006,0.41308028604863006,215
5,E,416,False,8.475998651283524,0.3289826981267097,0.3441084150520306,0.3441084150520306,231
5,E,118,False,5.688994854538608,0.3448207377836449,0.3592802900919392,0.3592802900919392,227
5,E,506,False,6.574851628354817,0.4190549134192029,0.4310313284480218,0.4310313284480218,213
5,E,24,False,10.694470410295299,0.43514639825639395,0.4466915866214663,0.4466915866214663,204
5,E,462,False,8.7408923610321,1.0238634499977617,1.0288232840892597,1.0288232840892597,105
5,E,482,False,9.71230509590518,0.2563212127336289,0.2754660591436429,0.2754660591436429,249
5,E,450,False,7.737269625599293,0.719866821121942,0.726903862828573,0.726903862828573,148
5,E,382,False,7.0371580886849525,0.983457923085014,0.988620489430388,0.988620489430388,113
5,E,422,False,5.105252290751546,0.9682621257981663,0.9735052798511545,0.9735052798511545,117
5,E,68,False,10.53996768850323,0.622367446475921,0.6304936352381753,0.6304936352381753,165
5,E,338,False,9.666760470528097,0.3226268624957889,0.33803709566668483,0.33803709566668483,233
5,E,495,False,8.840382808557496,1.2635739070720395,1.267596151885998,1.267596151885998,66
5,E,19,False,9.609303568968707,0.4279222249988976,0.4396571576704943,0.4396571576704943,208
5,E,162,False,8.75646499411651,0.9528409560722733,0.9581684993839104,0.9581684993839104,118
5,E,259,False,8.186322482299584,0.9216786212824283,0.9271852385429615,0.9271852385429615,127
5,E,260,True,6.089641384432144,1.5331925109304243,1.5365091152401373,1.5365091152401373,13
5,E,239,False,9.70170967759282,0.42520089623895635,0.4370089104415406,0.4370089104415406,211
5,E,73,False,4.3540656487061,1.2048505542197643,1.209068171629112,1.209068171629112,72
5,E,16,False,8.330384173878883,0.42067318936267184,0.43260480567309134,0.43260480567309134,212
5,E,480,False,9.710460843886318,0.2357871485360979,0.25646942324120164,0.25646942324120164,253
5,E,468,False,8.761088669544979,1.1471942023595822,1.151622995415743,1.151622995415743,91
5,E,373,False,8.326796400621143,1.41431379959545,1.4179084982356969,1.4179084982356969,44
5,E,62,False,7.444693559648753,0.4850188557932165,0.49540314504235,0.49540314504235,189
5,E,127,False,6.974472406660335,1.365731842969238,1.369454070987064,1.369454070987064,54
5,E,146,False,7.415109778428701,1.1337344121996955,1.1382155784598451,1.1382155784598451,93
5,E,283,False,5.8071311274747535,0.43733000120533483,0.448819023212195,0.448819023212195,202
5,E,299,False,5.267508750515873,0.33190699619141584,0.34690523167530823,0.34690523167530823,230
5,E,27,False,5.777265366834436,0.4316892831080221,0.4433245118343997,0.4433245118343997,205
5,E,249,False,8.976847094935353,1.4563739898180816,1.4598651252295634,1.4598651252295634,35
5,E,265,False,7.48140114468484,0.4287540155186677,0.44046678815351414,0.44046678815351414,206
5,E,247,False,9.785616755204215,1.1635664900448994,1.1679332011713246,1.1679332011713246,82
5,E,228,False,8.038725415374959,0.27391310091046617,0.29190644476146455,0.29190644476146455,246
5,E,143,True,6.952955891226931,1.5145152716748471,1.5178726869468424,1.5178726869468424,21
5,E,289,False,5.501885658580822,0.26711854458415185,0.28554036930641913,0.28554036930641913,247
5,E,210,False,6.371725680457692,0.5433355128772503,0.5526250674702292,0.5526250674702292,177
5,E,238,False,8.510675847558621,1.1395133256732273,1.1439718549989546,1.1439718549989546,92
5,E,89,True,6.000545494148966,1.5097230736603149,1.5130911224328953,1.5130911224328953,23
5,E,319,False,6.212562778838412,0.7548414024733815,0.7615553351732705,0.7615553351732705,144
5,E,457,True,5.62055396597185,1.5221882576365302,1.5255287861359506,1.5255287861359506,19
5,E,409,False,5.221627226001254,1.3510278390711985,1.3547904663040269,1.3547904663040269,57
5,E,12,False,9.562631786206111,0.43892529232251815,0.4503736203235029,0.4503736203235029,201
5,E,67,False,10.490427698205231,0.6454410429179908,0.6532802809866178,0.6532802809866178,162
5,E,441,True,6.890804169996575,1.561685781431702,1.5649420007044468,1.5649420007044468,8
5,E,229,False,7.860122154530212,1.0333086325702348,1.0382233458110346,1.0382233458110346,102
5,E,7,False,8.307602202527393,1.0977051954169976,1.102332836165357,1.102332836165357,96
5,E,446,False,7.628832433453015,0.28570962579320325,0.30300326056625687,0.30300326056625687,240
5,E,543,False,8.379984519180924,1.2917179988592749,1.2956528756653538,1.2956528756653538,63
5,E,25,False,10.67863864160655,0.602553931596219,0.6109437176409555,0.6109437176409555,167
5,E,400,False,7.261569564119851,1.189543135236094,1.193814833309675,1.193814833309675,75
5,E,233,False,9.328991526363584,0.5820477525818958,0.5907288480585036,0.5907288480585036,171
5,E,478,False,9.737177523752067,0.447061346542853,0.45830648393362233,0.45830648393362233,198
5,E,512,False,8.71452005132103,0.7479845824886006,0.7547595122179891,0.7547595122179891,146
5,E,291,False,5.520207190729791,0.24189981251948567,0.2621001811137357,0.2621001811137357,252
5,E,181,False,6.933470890709313,0.9353793158450987,0.9408057451747069,0.9408057451747069,123
5,E,75,False,8.141008428948828,1.4609116142739298,1.4643919319510574,1.4643919319510574,33
5,E,250,False,8.844983989840447,1.230241817365251,1.234372680691308,1.234372680691308,69
5,E,419,False,4.874352915348288,1.1658692421818464,1.170227360605008,1.170227360605008,81
5,E,165,False,6.789828613806236,1.0628937427311034,1.0676722783606512,1.0676722783606512,101
5,E,417,False,8.484559329196825,0.30856505523754146,0.3246434643676625,0.3246434643676625,235
5,E,525,False,6.89968909944343,1.0869159885287598,1.0915893695718835,1.0915893695718835,99
5,E,336,False,9.587149173898485,0.3760535455486906,0.3893549213283836,0.3893549213283836,222
5,E,255,False,6.276709734604325,1.1178046741684147,1.1223494443512887,1.1223494443512887,95
5,E,356,False,8.551386955936717,0.2628893883423065,0.2815880255726134,0.2815880255726134,248
5,E,466,False,9.738264744762278,0.3553458390247754,0.36939362603476567,0.36939362603476567,225
5,E,54,True,4.231886329745656,1.4786341585451122,1.4820728593626236,1.4820728593626236,29
5,E,169,False,6.3275327194159905,0.8009189575727015,0.8072497520855819,0.8072497520855819,140
5,E,527,False,8.2415551060398,1.2545501994438077,1.2586012826019957,1.2586012826019957,67
5,E,322,True,6.9536205774337985,1.5355460013687412,1.5388575333546706,1.5388575333546706,11
5,E,215,False,9.754856657748405,0.4690603848253942,0.47979019399674855,0.47979019399674855,191
5,E,43,True,7.445621146113257,1.6136002423662583,1.6167519066966765,1.6167519066966765,2
5,E,23,False,10.65567803389564,0.47029033894420297,0.4809927115322477,0.4809927115322477,190
5,E,158,False,8.57133176692703,1.1559022226587206,1.1602977781544965,1.1602977781544965,89
5,E,136,True,8.134916037863198,1.479280009905007,1.482717212872181,1.482717212872181,28
5,E,95,False,6.586871958508886,0.4690530945510003,0.4797830667611774,0.4797830667611774,194
5,E,334,False,8.856990392307381,1.0108869845933228,1.0159101738161065,1.0159101738161065,110
5,E,175,True,6.986205376778534,1.4866357810489355,1.4900560161074043,1.4900560161074043,26
5,E,387,False,8.536679001320119,0.21074844119453925,0.23365763653007127,0.23365763653007127,257
5,E,186,False,6.7991081255410855,0.3942266670277535,0.4069344549662783,0.4069344549662783,218
5,E,263,False,5.004242064714055,0.9050360038680642,0.9106432638197931,0.9106432638197931,132
5,E,421,False,5.38352115594987,1.1584016640721075,1.1627877712497319,1.1627877712497319,88
5,E,316,False,5.75613562824673,0.5643086399307753,0.5732584292824765,0.5732584292824765,173
5,E,393,True,6.002432523268076,1.6162811040938336,1.619427551048108,1.619427551048108,1
5,E,517,False,9.476680531696047,0.6547812375113987,0.6625099656909694,0.6625099656909694,161
5,E,240,False,8.540491962312847,0.7305639087706753,0.7374988884338595,0.7374988884338595,147
5,E,449,False,7.896169475846334,0.2330512221106955,0.25395640919295476,0.25395640919295476,255
5,E,248,False,9.509968246610585,1.4229709862715352,1.4265438701328035,1.4265438701328035,43
5,E,337,False,9.582930861925146,0.394928915176055,0.4076148104338535,0.4076148104338535,217
5,E,214,False,9.754856657748405,0.4690603848253942,0.47979019399674855,0.47979019399674855,192
5,E,465,False,8.489639809747976,0.7970264190006857,0.8033878877777205,0.8033878877777205,142
5,E,270,False,9.537282945633581,0.5245160865736087,0.5341330458952939,0.5341330458952939,181
5,E,161,False,8.29404046191998,1.1632199792277647,1.1675879862852017,1.1675879862852017,84
5,E,216,False,9.754856657748405,0.4690603848253942,0.47979019399674855,0.47979019399674855,193
5,E,18,False,8.297946584286613,0.9845912689288405,0.9897479237127983,0.9897479237127983,112
5,E,153,False,8.807766381724502,0.9997256508335924,1.0048046390107586,1.0048046390107586,111
5,E,11,False,9.665387853895833,0.37653470836271097,0.38981966631338977,0.38981966631338977,221
5,E,498,False,8.133145015538616,1.2415478392468184,1.2456412094906522,1.2456412094906522,68
5,E,335,False,9.365881974550753,0.8052148734424474,0.8115121552113851,0.8115121552113851,139
5,E,391,False,7.802655739160625,1.4726114316449372,1.476064163325647,1.476064163325647,31
5,E,510,False,7.653973028698946,1.031163799605934,1.036088686966824,1.036088686966824,103
5,E,66,False,8.89479668804182,1.443066050882153,1.4465893034484607,1.4465893034484607,39
5,E,9,False,8.328108261574974,1.0216953486251081,1.0266656568937484,1.0266656568937484,106
5,E,362,True,6.937246777221959,1.5125765324359914,1.5159382415253528,1.5159382415253528,22
5,E,474,False,9.834473918253519,0.23373284162331134,0.25458206318631066,0.25458206318631066,254
5,E,513,False,7.332876985216901,1.3764665687381785,1.3801598459949287,1.3801598459949287,53
5,E,404,False,5.210346854803526,1.3527163620613902,1.3564743056289317,1.3564743056289317,56
5,E,4,True,5.645827386396141,1.5152031666631676,1.5185590610539261,1.5185590610539261,20
5,E,94,False,6.8039497423856625,0.5422481284381186,0.5515559975537688,0.5515559975537688,178
5,E,48,False,7.227549662920711,0.21495376644802072,0.23745759064111,0.23745759064111,256
5,E,350,False,8.50837306420333,0.2844277920540744,0.3017948881867394,0.3017948881867394,242
5,E,443,False,9.825304359473158,0.2827706965800849,0.3002336631480174,0.3002336631480174,244
5,E,380,False,8.999434396037891,1.0199633698478112,1.0249420771312854,1.0249420771312854,107
5,E,389,False,8.613536642770176,0.1973634179224425,0.2216603355968754,0.2216603355968754,258
5,E,386,False,8.613091166139377,0.4683481296106704,0.4790938907486757,0.4790938907486757,195
5,E,406,False,5.534665540327709,1.3980044264574665,1.4016409533249095,1.4016409533249095,49
5,E,381,False,6.993059050535722,1.4240060559391134,1.4275763492696847,1.4275763492696847,42
5,E,128,False,6.030425232591817,1.1628731899667317,1.1672424947654594,1.1672424947654594,85
5,E,121,False,8.049906659141103,1.1869745255172643,1.1912554343505952,1.1912554343505952,77
5,E,227,False,8.392144067977705,1.0130252330687766,1.0180378718284206,1.0180378718284206,109
5,E,364,False,7.0012920881634875,1.3349239180189345,1.3387318075484402,1.3387318075484402,60
5,E,81,False,7.148119800559485,1.380623182966865,1.3843053705698205,1.3843053705698205,51
5,E,311,False,7.869730324315923,0.5453253252813234,0.554581550392791,0.554581550392791,175
5,E,52,True,5.949730877246147,1.5621626466125833,1.5654178739603435,1.5654178739603435,7
5,E,493,False,10.75972319096101,0.41094075493164595,0.42314688904289705,0.42314688904289705,214
5,E,342,False,9.352614992832768,0.6816700412438262,0.6890972578469968,0.6890972578469968,155
5,E,267,False,9.615979057100997,0.2835356124410321,0.3009541977863108,0.3009541977863108,243
5,E,209,False,6.409729883797816,0.5861829211120934,0.5948036673108172,0.5948036673108172,169
5,E,106,False,5.7523959201615575,0.4894722287449503,0.49976399265597327,0.49976399265597327,187
5,E,505,True,5.254679882776443,1.474782375919412,1.4782300368905366,1.4782300368905366,30
5,E,376,True,8.158291481508346,1.5249070221830048,1.5282416078441032,1.5282416078441032,17
5,E,396,False,7.39953430759499,0.64419051388018,0.6520447866643067,0.6520447866643067,163
5,E,14,False,9.591923901244169,0.30511284690057255,0.3213640225455596,0.3213640225455596,236
5,E,21,False,9.720199534655272,0.34508028353601655,0.3595293975854941,0.3595293975854941,226
5,E,218,False,9.668441106854969,0.5445836768999194,0.553852296906609,0.553852296906609,176
5,E,384,False,7.702440566843746,1.4107318519605427,1.4143356545668053,1.4143356545668053,45
5,E,105,False,7.084175674886878,0.8492270089087879,0.8552002679507632,0.8552002679507632,136
5,E,266,False,7.537680380078477,0.36197757842324785,0.3757775311591278,0.3757775311591278,224
5,E,347,False,9.727629777606095,0.5044996277549368,0.5144908746010569,0.5144908746010569,185
5,E,190,False,6.034783902327536,1.4481600738062803,1.451670963066184,1.451670963066184,37
5,E,458,True,5.621477031246088,1.5261047060399973,1.5294366804285549,1.5294366804285549,15
5,E,188,False,8.192853404625852,0.9453105133076304,0.9506802576117936,0.9506802576117936,119
5,E,13,False,9.561662913388542,0.34348822366941856,0.3580015997764022,0.3580015997764022,228
5,E,189,False,8.21224821983425,0.9440647171170169,0.9494415072810563,0.9494415072810563,120
5,E,453,True,4.985224346590757,1.5531736468196948,1.556447674294925,1.556447674294925,9
5,E,467,False,9.790198053607092,0.3646611725909014,0.3783632598948554,0.3783632598948554,223
5,E,220,False,9.810384019456041,0.4254502020447143,0.43725148377424516,0.43725148377424516,209
5,E,85,False,6.757521172430401,0.4859458128743472,0.4963107078161832,0.4963107078161832,188
5,E,479,False,9.962565125577118,0.42873053175182346,0.44044392889344275,0.44044392889344275,207
5,E,442,True,5.257995987424866,1.5389084480800048,1.5422127600350415,1.5422127600350415,10
5,E,472,False,8.367578784384678,0.7853482785285174,0.7918035767983095,0.7918035767983095,143
5,E,476,False,8.92359881432715,1.1615431165521453,1.1659174058450972,1.1659174058450972,86
5,E,385,False,8.609752623750827,0.6316911449160669,0.6396989043356742,0.6396989043356742,164
5,E,278,True,8.222535701835616,1.5232367231612276,1.5265749573571044,1.5265749573571044,18
5,E,78,True,6.051755801089136,1.5319833452325686,1.535302561618674,1.535302561618674,14
5,E,528,False,8.16777376295377,0.9748592397891752,0.9800671012972629,0.9800671012972629,116
5,E,375,False,8.985967625333025,0.9090325750531777,0.9146153334329694,0.9146153334329694,130
5,E,539,True,5.421506037809561,1.562588186160213,1.5658425288547875,1.5658425288547875,6
5,E,170,False,4.658099501484489,1.1723544794274408,1.1766885786292294,1.1766885786292294,79
5,E,339,False,9.61669714417349,0.3327427228912941,0.347704911210646,0.347704911210646,229
5,E,123,False,7.301612937941987,0.663068155758522,0.6707013976606119,0.6707013976606119,159
5,E,301,False,5.318150094242578,0.687745021030608,0.6951073295508271,0.6951073295508271,154
5,E,90,True,6.071442394271518,1.525757178598601,1.5290899102695217,1.5290899102695217,16
5,E,199,False,6.696538498130694,1.2664641214309367,1.2704772160549456,1.2704772160549456,65
5,E,274,False,8.402708841132565,1.1974651096341424,1.2017086478984826,1.2017086478984826,74
5,E,499,False,7.847202733738321,1.4575338907746762,1.4610222545874025,1.4610222545874025,34
5,E,87,False,7.353327465661171,1.3767020002445236,1.3803946475990707,1.3803946475990707,52
5,E,221,False,9.810384019456041,0.4254502020447143,0.43725148377424516,0.43725148377424516,210
5,E,142,True,6.948868012088572,1.4995180837070876,1.502909002237816,1.502909002237816,25
5,E,111,False,4.588876587093743,0.19557803362868564,0.2200721538063233,0.2200721538063233,259
5,E,484,False,8.353479104417257,0.8457997027732883,0.8517969962698116,0.8517969962698116,138
5,E,277,False,8.948862474330202,0.5126231614816017,0.522459081010449,0.522459081010449,184
5,E,349,False,8.383421426167292,1.4655839377895732,1.469053186358371,1.469053186358371,32
5,E,471,False,7.806915316190918,0.9777518609241633,0.9829443967913725,0.9829443967913725,114
5,E,109,False,9.234787355163407,0.8992941161905309,0.9049369552945657,0.9049369552945657,133
5,E,187,False,7.339583309538196,1.406077995772459,1.4096936957503874,1.4096936957503874,47
5,E,65,False,9.761350483160411,1.163476880648269,1.1678439268352243,1.1678439268352243,83
5,E,535,False,9.877100472581343,0.5194280842326472,0.5291375249710502,0.5291375249710502,182
5,E,99,False,7.735185171418014,1.0647383551829162,1.0695086491658272,1.0695086491658272,100
5,E,279,False,8.757859605020588,0.8911865429709802,0.8968803933721918,0.8968803933721918,134
5,E,69,False,10.561537139870925,0.6133933551734233,0.6216368665175837,0.6216368665175837,166
5,E,410,False,5.780939400702631,1.3829105923929481,1.386586705617613,1.386586705617613,50
5,E,489,False,8.223916241114376,0.7989086948579586,0.8052552939053165,0.8052552939053165,141
5,E,177,False,6.546973951613445,0.9358457523473955,0.9412694926691045,0.9412694926691045,122
5,E,22,False,10.696383834437288,0.5626434161741121,0.5716192783723847,0.5716192783723847,174
5,E,74,False,4.356091622675508,1.2095830562836007,1.2137842294622498,1.2137842294622498,70
5,E,372,False,7.276679300635709,0.28855399099686296,0.3056867536598673,0.3056867536598673,239
5,E,10,False,8.129463615262848,0.8473187776603262,0.8533053946968107,0.8533053946968107,137
5,E,116,False,7.469788993175942,0.5030504479983794,0.513069916165683,0.513069916165683,186
5,E,509,False,7.557476978724599,0.5143606600217477,0.5241639764624222,0.5241639764624222,183
5,E,157,False,8.49013946146555,1.1843295182050388,1.1886199532797141,1.1886199532797141,78
5,E,63,False,9.111959868122938,1.204804077229264,1.2090218567714768,1.2090218567714768,73
5,E,439,False,5.877540123800868,0.5420912521863092,0.5514017694384117,0.5514017694384117,179
5,E,500,False,5.411569682241712,1.160477283167273,1.1648555749062566,1.1648555749062566,87
5,E,1,False,9.61885671687486,0.4644420103491773,0.4752760951489945,0.4752760951489945,196
5,E,42,True,7.420346558311413,1.611955863840373,1.615110736950335,1.615110736950335,3
5,E,17,False,9.58613191889683,0.27843674704318383,0.2961553777105536,0.2961553777105536,245
5,E,167,False,7.060271826099735,1.3422418508923195,1.3460290382936508,1.3460290382936508,58
5,E,297,False,8.771575104621045,0.9760026600212379,0.9812044527066839,0.9812044527066839,115
5,E,313,False,6.989851245404494,1.4492397212168193,1.4527480012705216,1.4527480012705216,36
5,E,490,False,8.287249272667076,0.38934488556804514,0.4022069437004847,0.4022069437004847,219
5,E,290,False,5.504954478094906,0.3024316742607794,0.3188195465134923,0.3188195465134923,237
5,E,530,True,7.250459884361483,1.6108756416382277,1.6140326262087341,1.6140326262087341,4
5,E,272,False,8.394970091491366,0.5796145122611055,0.5883315123861461,0.5883315123861461,172
5,E,15,False,9.626570339932991,0.2847461055673804,0.302094902768452,0.302094902768452,241
5,E,503,False,5.285573575762899,1.4461032027863032,1.4496190736713197,1.4496190736713197,38
5,E,137,True,5.685309443299773,1.5027175847720589,1.506101299788982,1.506101299788982,24
5,E,287,False,7.346401141535405,0.5999407371927974,0.6083665620218849,0.6083665620218849,168
5,E,451,False,6.850316525699381,1.2875550511222977,1.291502611423389,1.291502611423389,64
5,E,286,False,7.231020052984921,1.2998851822451747,1.3037954105853655,1.3037954105853655,62
5,E,314,False,7.41999588571205,1.1259478453335379,1.130459878126653,1.130459878126653,94
5,E,182,False,7.043546352043993,0.9401864029952721,0.9455852462999192,0.9455852462999192,121
5,E,49,False,8.115983643133854,0.9074024632850901,0.9129951894828033,0.9129951894828033,131
5,E,518,False,9.497600533868328,0.6626073819219938,0.6702458714683811,0.6702458714683811,160
5,E,534,False,6.987533410033235,1.4412465701694093,1.4447742597610107,1.4447742597610107,40
5,E,303,False,5.4146947791052895,0.9342024911257139,0.939635716684067,0.939635716684067,124
5,E,437,False,5.478499382594773,0.44558568973383655,0.45686714976945936,0.45686714976945936,199
5,E,491,False,9.614069041581589,0.3260764218643205,0.3413309516271987,0.3413309516271987,232
5,E,526,False,9.752447946533843,0.7177597955196686,0.7248172940178286,0.7248172940178286,149
5,E,141,True,6.882469209348692,1.4800254617704955,1.483460937514655,1.483460937514655,27
5,E,548,False,9.489837047348095,0.6773613632286167,0.6848353101569901,0.6848353101569901,156
6,E,340,False,8.349045723331683,0.6391105867137106,0.664475738681946,0.664475738681946,124
6,E,293,False,5.529826297739566,0.390989133808177,0.4312054823439087,0.4312054823439087,186
6,E,402,False,5.026944718853354,1.2218464345819255,1.235303353410788,1.235303353410788,33
6,E,415,False,8.304096729419356,0.8312930744450977,0.8509487886281742,0.8509487886281742,95
6,E,445,False,7.596158480967976,0.3049309297731365,0.35503314940957825,0.35503314940957825,207
6,E,363,False,6.916284390791736,0.7760993615124736,0.797117233653522,0.797117233653522,106
6,E,101,False,7.157564617809353,0.6480654411666192,0.6730932188648607,0.6730932188648607,123
6,E,119,False,5.715341250912636,0.3776735180796012,0.419169358977964,0.419169358977964,191
6,E,234,False,8.324804523748343,0.9561029958499144,0.9732412876160547,0.9732412876160547,78
6,E,126,False,5.707564151231108,0.4238677269751045,0.46122609988856456,0.46122609988856456,170
6,E,547,False,9.609802186197774,0.6187622011376487,0.6449281563120675,0.6449281563120675,129
6,E,64,True,9.419563598750127,1.388313592449271,1.4001715238594075,1.4001715238594075,9
6,E,529,False,8.339257909935103,0.8376509711434331,0.8571609036259826,0.8571609036259826,93
6,E,475,False,10.029490226241276,0.43435151226275204,0.4708788606980717,0.4708788606980717,167
6,E,501,False,5.051272173587451,1.1844860083652091,1.1983625366558823,1.1983625366558823,37
6,E,183,False,7.367257579029649,1.2128158496367007,1.2263718646386856,1.2263718646386856,34
6,E,254,False,8.846352310063097,0.42109754985326575,0.45868160170187555,0.45868160170187555,171
6,E,469,False,9.542786313206882,0.29854166193668064,0.3495608518688694,0.3495608518688694,212
6,E,8,False,8.21984169109643,0.9697942763591987,0.9866947875135635,0.9866947875135635,72
6,E,180,False,7.272229533542147,1.113566584994109,1.1283156493033395,1.1283156493033395,56
6,E,174,False,9.000293267510477,0.6524076321360471,0.677274969061118,0.677274969061118,122
6,E,348,False,7.573307934268915,1.0091850720645237,1.025436577719584,1.025436577719584,69
6,E,6,False,9.715196237318168,0.5011551930003814,0.5331249316235585,0.5331249316235585,151
6,E,192,True,6.139265641669822,1.443204743397733,1.4546152744327592,1.4546152744327592,3
6,E,292,False,5.534954251894073,0.2736219671947173,0.32853408678382423,0.32853408678382423,220
6,E,82,True,7.136236093017617,1.3201902549767237,1.3326544843217545,1.3326544843217545,20
6,E,86,True,7.511149752617126,1.3498232323223625,1.3620163081859793,1.3620163081859793,17
6,E,310,False,6.9629031275362365,0.5490545798792832,0.5783827425967951,0.5783827425967951,143
6,E,414,False,8.969233518411123,0.7490360625494265,0.7707922471372703,0.7707922471372703,110
6,E,461,False,6.5611190282255825,0.2773115929657658,0.33161330618747037,0.33161330618747037,219
6,E,241,False,8.956002872816686,0.6728024732972658,0.6969424892502196,0.6969424892502196,120
6,E,483,False,9.451216568221312,1.1573744918132323,1.171572182815601,1.171572182815601,42
6,E,426,True,6.957336153229536,1.2694394905834538,1.2823970857344276,1.2823970857344276,29
6,E,147,True,6.988013015239129,1.3435354259016477,1.3557850515107828,1.3557850515107828,19
6,E,222,False,9.525333292134105,0.7909835538368071,0.8116160716050905,0.8116160716050905,104
6,E,423,False,9.641452103819638,0.6382042247706333,0.6636040218100395,0.6636040218100395,126
6,E,230,False,8.551303645113652,0.8660830840490628,0.8849664251955044,0.8849664251955044,90
6,E,269,False,9.646885578367758,0.41006021795953235,0.44857000301000244,0.44857000301000244,181
6,E,416,False,8.472275701769165,0.3364139111227346,0.382413369071048,0.382413369071048,201
6,E,118,False,5.68516186882013,0.3446836473640609,0.38970820110380877,0.38970820110380877,197
6,E,506,False,6.584510309311755,0.4073596119777854,0.44610258766125344,0.44610258766125344,183
6,E,24,False,10.71021440501299,0.41711502794251604,0.45502814394591057,0.45502814394591057,176
6,E,462,False,8.842997849624455,0.9589530577197402,0.9760413065835962,0.9760413065835962,77
6,E,482,False,9.747278861831225,0.288098365756942,0.34068509447757633,0.34068509447757633,216
6,E,450,False,7.697687137523998,0.7461699318515139,0.7680073127559837,0.7680073127559837,111
6,E,382,False,7.07934867311893,0.996670922425857,1.013123187404465,1.013123187404465,70
6,E,422,False,5.305504386619354,0.9550747752324109,0.9722311924293597,0.9722311924293597,80
6,E,68,False,10.55480707556165,0.5813163891219012,0.6090931041385218,0.6090931041385218,135
6,E,338,False,9.694441480937336,0.3156244431507577,0.36425877389789846,0.36425877389789846,204
6,E,495,False,8.791170997886592,1.193919240329018,1.207687384083809,1.207687384083809,36
6,E,19,False,9.612590889535902,0.41766083146946936,0.45552852313674375,0.45552852313674375,175
6,E,162,False,9.292859472312061,0.7914311013793129,0.812052247997533,0.812052247997533,103
6,E,259,False,8.328377009614588,0.8366978922714395,0.8562295417578418,0.8562295417578418,94
6,E,239,False,9.694596652014448,0.4068779857067176,0.4456628327560313,0.4456628327560313,184
6,E,73,False,4.567163985766356,1.1143105269842866,1.129049873032796,1.129049873032796,55
6,E,16,False,8.324153605796546,0.41100751250269957,0.44943613626524415,0.44943613626524415,180
6,E,480,False,9.731379526781812,0.2489978902146711,0.3083271226777362,0.3083271226777362,225
6,E,468,False,8.831011712771751,1.120764534445832,1.1354201015126326,1.1354201015126326,51
6,E,373,False,8.937758206924999,1.1280944448757286,1.1426560032690734,1.1426560032690734,49
6,E,62,False,7.442843243960656,0.464072326030825,0.4984263125428218,0.4984263125428218,158
6,E,127,False,7.967522679894013,0.7943524039963226,0.8148996300048928,0.8148996300048928,102
6,E,146,False,7.584848317568746,1.0512442587959858,1.0668552652065302,1.0668552652065302,62
6,E,283,False,5.809680428133795,0.4090830999427996,0.447676945917684,0.447676945917684,182
6,E,299,False,5.278564922132494,0.33683050695421424,0.38277990498771924,0.38277990498771924,200
6,E,27,False,5.756176842481629,0.420241924187577,0.45789621104814965,0.45789621104814965,173
6,E,249,True,8.954598842831093,1.4301453110297435,1.4416592093514111,1.4416592093514111,5
6,E,265,False,7.4806460546230085,0.4159664900000196,0.45397553463849877,0.45397553463849877,177
6,E,247,False,9.75855328128508,1.1170868224126567,1.13179001323363,1.13179001323363,53
6,E,228,False,8.05294441365755,0.2921895702403592,0.34415172555810347,0.34415172555810347,215
6,E,289,False,5.508812333073178,0.28776433698230347,0.34040267167905586,0.34040267167905586,217
6,E,210,False,6.39468528288212,0.5220906616610116,0.5528510868588461,0.5528510868588461,147
6,E,238,False,8.521811366182359,1.1473510305225485,1.1616712325303267,1.1616712325303267,46
6,E,319,False,6.230701156904629,0.7014939108501967,0.7246788062357545,0.7246788062357545,116
6,E,409,False,5.221346963753112,1.2647554688281857,1.277760564886152,1.277760564886152,31
6,E,12,False,9.578043921103536,0.4203054528839713,0.45795451626921924,0.45795451626921924,172
6,E,67,False,10.52796327553052,0.60147543304724,0.6283616488987368,0.6283616488987368,133
6,E,229,False,7.692523239331649,0.9811251860851098,0.9978338018016406,0.9978338018016406,71
6,E,7,False,8.222848205501457,1.0353289574574192,1.0511763483817742,1.0511763483817742,66
6,E,446,False,7.648613019506992,0.30122978677405143,0.35185941750550725,0.35185941750550725,209
6,E,543,True,8.395168425803266,1.2922105619844708,1.3049420683507742,1.3049420683507742,26
6,E,25,False,10.70583169356929,0.5644048830685324,0.5929743141814645,0.5929743141814645,138
6,E,400,False,7.293337831202342,1.1070493578631968,1.1218841054194015,1.1218841054194015,57
6,E,233,False,9.37946362646811,0.5538410529797723,0.582928449479966,0.582928449479966,141
6,E,478,False,9.735081235658615,0.4275691686647158,0.46463002404064524,0.46463002404064524,169
6,E,512,False,8.814560593844455,0.6960494676181427,0.7194098460675071,0.7194098460675071,117
6,E,291,False,5.530360207536266,0.26899479729247777,0.3246904159623373,0.3246904159623373,221
6,E,181,False,7.015932901167403,0.9614738130328347,0.9785180419365158,0.9785180419365158,75
6,E,75,False,9.539255384518643,0.6805840008114472,0.7044574134806805,0.7044574134806805,119
6,E,250,False,8.802638963689411,1.1608908184958133,1.1750460236583307,1.1750460236583307,41
6,E,419,False,5.031713474373075,1.1838693043968411,1.197752977512657,1.197752977512657,38
6,E,165,False,6.810656337231877,1.0899070085054199,1.1049719238227764,1.1049719238227764,59
6,E,417,False,8.503281184797473,0.29897902725772674,0.34993445670203854,0.34993445670203854,211
6,E,525,False,6.905216014384801,1.082604211333743,1.0977693490186953,1.0977693490186953,60
6,E,336,False,9.625674095499429,0.3751921877514916,0.41693505848887896,0.41693505848887896,192
6,E,255,False,6.173234385412425,1.0397389772545085,1.0555201590067458,1.0555201590067458,64
6,E,356,False,8.533785310782788,0.2625905323175004,0.31940484171371386,0.31940484171371386,223
6,E,466,False,9.73692248446358,0.3629340926213412,0.4059394300068061,0.4059394300068061,194
6,E,169,False,6.348171280223553,0.7350308964780052,0.7571895958243448,0.7571895958243448,114
6,E,527,False,8.408030222826614,1.2011713323311568,1.2148572899158077,1.2148572899158077,35
6,E,215,False,9.716480172615631,0.450244367642864,0.48557765171133743,0.48557765171133743,162
6,E,23,False,10.682262123872587,0.4474172151296871,0.48295737870103933,0.48295737870103933,165
6,E,158,False,9.091494597208296,1.017669897386886,1.0337880272545286,1.0337880272545286,68
6,E,95,False,6.559002871631026,0.450335414567082,0.4856620747605067,0.4856620747605067,161
6,E,334,False,8.962357935828617,0.9458574475433466,0.9631780605477831,0.9631780605477831,81
6,E,387,False,8.560135759799905,0.24511893204527593,0.30520313906378976,0.30520313906378976,227
6,E,186,False,6.797884007765527,0.38913349785123436,0.42952362495829144,0.42952362495829144,187
6,E,263,False,5.184639687394596,0.9033391872454049,0.921459360178496,0.921459360178496,88
6,E,421,False,5.558279409186368,1.1618611491668924,1.176004674816723,1.176004674816723,40
6,E,316,False,5.736450473304566,0.5344061016582674,0.5644958341183404,0.5644958341183404,145
6,E,517,False,9.598839213051551,0.608321412338076,0.6349177946446027,0.6349177946446027,131
6,E,240,False,8.475971418117563,0.6910648914715162,0.714588237708901,0.714588237708901,118
6,E,449,False,7.8760485824904265,0.2609032993602369,0.3180191768815708,0.3180191768815708,224
6,E,248,True,9.487635027370693,1.402608030787128,1.4143461221624356,1.4143461221624356,8
6,E,337,False,9.598425903643328,0.37981602231728745,0.42110079085214336,0.42110079085214336,190
6,E,214,False,9.716480172615631,0.450244367642864,0.48557765171133743,0.48557765171133743,163
6,E,465,False,8.45189026940152,0.7517963598869124,0.77347490714734,0.77347490714734,108
6,E,270,False,9.484559685048703,0.4951035140979698,0.527440190845875,0.527440190845875,152
6,E,161,False,8.5945060097444,1.048938674240727,1.0645834901806754,1.0645834901806754,63
6,E,216,False,9.716480172615631,0.450244367642864,0.48557765171133743,0.48557765171133743,164
6,E,18,False,8.20782434149898,0.9276813674201552,0.9453350647817436,0.9453350647817436,86
6,E,153,False,9.300365488673028,0.8532237852105534,0.8723855185045193,0.8723855185045193,91
6,E,11,False,9.684757314562232,0.3827381434313065,0.42373830566119197,0.42373830566119197,189
6,E,498,False,8.21273663305786,1.230889124681775,1.2442482479422023,1.2442482479422023,32
6,E,335,False,9.451080501662176,0.7451714739656324,0.7670372812709221,0.7670372812709221,112
6,E,391,True,8.092275895109102,1.4318879181723725,1.4433879157923504,1.4433879157923504,4
6,E,510,False,7.650904945901497,1.0247034786117497,1.04071268096742,1.04071268096742,67
6,E,66,True,8.873034776358988,1.4174183836943277,1.4290348280157537,1.4290348280157537,6
6,E,9,False,8.24380410484688,0.9610088546959686,0.9780611862513673,0.9780611862513673,76
6,E,474,False,9.811774158705,0.2658370795307393,0.32207921091061903,0.32207921091061903,222
6,E,513,True,7.449772662963418,1.306120543254642,1.3187177631165723,1.3187177631165723,23
6,E,404,True,5.196995592673986,1.2850401913223275,1.2978420391407803,1.2978420391407803,27
6,E,94,False,6.797553122510987,0.5125994598851145,0.5438969309730342,0.5438969309730342,150
6,E,48,False,7.257262950135357,0.2464878992925457,0.30630368875517405,0.30630368875517405,226
6,E,350,False,8.500244732265145,0.3036683149835497,0.35394930537058944,0.35394930537058944,208
6,E,443,False,9.80812989627244,0.2984573401661761,0.3494888398024219,0.3494888398024219,213
6,E,380,False,8.897383530905977,0.9433272411227819,0.960693473013996,0.960693473013996,82
6,E,389,False,8.594898210441924,0.2351746197400563,0.2972755742022114,0.2972755742022114,229
6,E,386,False,8.615161506758415,0.4463612967813182,0.48197932788831765,0.48197932788831765,166
6,E,406,True,5.619574101256959,1.3440135890828668,1.3562588959659523,1.3562588959659523,18
6,E,381,True,7.046401007811897,1.3688946170822147,1.3809193089837066,1.3809193089837066,12
6,E,128,False,6.290579407173588,1.1573522224996482,1.171550183377669,1.171550183377669,43
6,E,121,False,7.924178286709976,1.0958168233385925,1.1108015914461316,1.1108015914461316,58
6,E,227,False,8.307031337882137,0.9560201828312416,0.9731599330161794,0.9731599330161794,79
6,E,364,False,5.630939740513922,0.7671175632559918,0.7883749241973549,0.7883749241973549,107
6,E,81,True,7.369365028892597,1.3023984249343974,1.315031300965484,1.315031300965484,24
6,E,311,False,7.869854934285059,0.5164905098826158,0.5475656235066066,0.5475656235066066,148
6,E,493,False,10.743747917797975,0.3991961133260475,0.43866069135722313,0.43866069135722313,185
6,E,342,False,9.42210835067112,0.6390229608866949,0.6643914582441385,0.6643914582441385,125
6,E,267,False,9.614107714258147,0.29375039903518546,0.3454778750957941,0.3454778750957941,214
6,E,209,False,6.4291230852451395,0.5566690286724651,0.5856159771817366,0.5856159771817366,140
6,E,106,False,5.761427431312455,0.4687974826175903,0.5028287431680535,0.5028287431680535,157
6,E,396,False,7.39691965004018,0.6039780027755495,0.6307575549164006,0.6307575549164006,132
6,E,14,False,9.621676894317911,0.3167598483426913,0.3652430242584506,0.3652430242584506,203
6,E,21,False,9.764609958133136,0.3630730838122529,0.4060637012050124,0.4060637012050124,193
6,E,218,False,9.598226829336786,0.5153744142730378,0.5465129935643354,0.5465129935643354,149
6,E,384,True,7.914177097718983,1.3867837696128686,1.3986546710711163,1.3986546710711163,10
6,E,105,False,7.175428483100516,0.7836406610841566,0.8044615285716207,0.8044615285716207,105
6,E,266,False,7.527338754878025,0.3605746369088789,0.4038313187821671,0.4038313187821671,196
6,E,347,False,9.783063684537291,0.4779727054006264,0.5113937547089996,0.5113937547089996,156
6,E,190,True,6.1227624353051056,1.4504267831825146,1.4617809407091582,1.4617809407091582,2
6,E,188,False,8.239115398353011,0.9418369725621151,0.9592301851653464,0.9592301851653464,84
6,E,13,False,9.578271493492153,0.3394620370188756,0.38509757182353005,0.38509757182353005,199
6,E,189,False,8.247608999369481,0.9419287946513774,0.9593203424512434,0.9593203424512434,83
6,E,467,False,9.822881938842452,0.3610625157867635,0.40426699785369724,0.40426699785369724,195
6,E,220,False,9.774052477704164,0.41348263657006556,0.45170073720584886,0.45170073720584886,178
6,E,85,False,6.765144460587792,0.46391540377909757,0.49828020943129736,0.49828020943129736,159
6,E,479,False,9.985294189407767,0.41875501121964,0.45653195361215976,0.45653195361215976,174
6,E,472,False,8.286822308775198,0.7378785580739243,0.7599542300116686,0.7599542300116686,113
6,E,476,False,9.039078916785652,1.1266954412788708,1.1412748497386438,1.1412748497386438,50
6,E,385,False,8.664702702418909,0.5875021365475848,0.6149995330854743,0.6149995330854743,134
6,E,528,False,8.31537507963039,0.8805365298916482,0.899116369398867,0.899116369398867,89
6,E,375,False,8.924253413986587,0.840897300098365,0.860333618173842,0.860333618173842,92
6,E,170,False,4.64238269404237,1.1571176720141383,1.1713184759640707,1.1713184759640707,44
6,E,339,False,9.634246599828005,0.32190704404114545,0.3697158506889884,0.3697158506889884,202
6,E,123,False,7.344242672750421,0.6210544339771731,0.6471277116690966,0.6471277116690966,128
6,E,301,False,5.360582293020935,0.7130787199830939,0.7358987200288516,0.7358987200288516,115
6,E,199,True,6.769356056295327,1.2674446639725303,1.2804224464917096,1.2804224464917096,30
6,E,274,False,8.210723723550847,1.130125827582287,1.1446615444820025,1.1446615444820025,48
6,E,499,True,7.822759150508458,1.357753866338606,1.3698763545681074,1.3698763545681074,16
6,E,87,True,7.481915365375487,1.3631656766463056,1.375240461604426,1.375240461604426,14
6,E,221,False,9.774052477704164,0.41348263657006556,0.45170073720584886,0.45170073720584886,179
6,E,111,False,4.638999034767091,0.2353630622957756,0.2974246733891113,0.2974246733891113,228
6,E,484,False,8.293012958570623,0.8001571459327693,0.8205590310481322,0.8205590310481322,100
6,E,277,False,8.934114987203127,0.4872457865429136,0.5200712660311055,0.5200712660311055,154
6,E,349,True,8.575451022286313,1.4584447536499066,1.4697369712626511,1.4697369712626511,1
6,E,471,False,7.613705187106305,0.925887411722524,0.9435746734803818,0.9435746734803818,87
6,E,109,False,9.444554264852934,0.8262498543509931,0.8460227461850016,0.8460227461850016,97
6,E,187,True,7.566607915057508,1.4160170724291399,1.4276449189690574,1.4276449189690574,7
6,E,65,False,9.732441324985995,1.1170582310192643,1.1317617932830488,1.1317617932830488,54
6,E,535,False,9.832712554045546,0.4949252051018043,0.5272728173274605,0.5272728173274605,153
6,E,99,False,7.861065938744808,1.0665967058442414,1.08198622826964,1.08198622826964,61
6,E,279,False,8.876351242209905,0.8215116898773052,0.8413959364368478,0.8413959364368478,98
6,E,69,False,10.567520300268349,0.5732216338542733,0.6013723528446722,0.6013723528446722,136
6,E,410,True,5.898787659809966,1.3156023798599494,1.3281096668349859,1.3281096668349859,21
6,E,489,False,8.179118639332483,0.7497630615595784,0.7714987451231314,0.7714987451231314,109
6,E,177,False,6.5718710272431275,0.9674364752395516,0.9843774676775683,0.9843774676775683,73
6,E,22,False,10.713551146647994,0.5265984961289738,0.5571100801212191,0.5571100801212191,146
6,E,74,False,4.568673682338544,1.118588610904729,1.1332723175358803,1.1332723175358803,52
6,E,372,False,7.2796830687621,0.2994926823426982,0.3503734179760199,0.3503734179760199,210
6,E,10,False,8.115825690669114,0.7961836335390379,0.8166847883748046,0.8166847883748046,101
6,E,116,False,7.4692186941527225,0.47946450851985795,0.512788338574078,0.512788338574078,155
6,E,509,False,7.582883635353767,0.5446297231126884,0.5741839431272684,0.5741839431272684,144
6,E,157,False,9.027615387288055,1.0388851137392148,1.0546790719438381,1.0546790719438381,65
6,E,63,False,9.039886338061411,1.148171880522296,1.162481970814808,1.162481970814808,45
6,E,439,False,5.8789996114465195,0.5595566156466582,0.5883615141741652,0.5883615141741652,139
6,E,500,False,5.583331267076353,1.1620714137522268,1.1762124110497532,1.1762124110497532,39
6,E,1,False,9.669017673291238,0.45408936744259454,0.48914498757708846,0.48914498757708846,160
6,E,17,False,9.587844947863111,0.2815428247190629,0.33515970431745423,0.33515970431745423,218
6,E,167,True,7.1467173489995846,1.3672301723584663,1.379269375232676,1.379269375232676,13
6,E,297,False,9.277686478625442,0.8173275847791263,0.8373112002644263,0.8373112002644263,99
6,E,313,True,6.990999684024562,1.3627057253242085,1.3747845500582088,1.3747845500582088,15
6,E,490,False,8.270078756655398,0.38820021862169707,0.42867828844636835,0.42867828844636835,188
6,E,290,False,5.51406265765139,0.3150661020530833,0.36377508698411204,0.36377508698411204,205
6,E,272,False,8.36035655425338,0.5512166096769204,0.5804355399448701,0.5804355399448701,142
6,E,15,False,9.655288237890131,0.30983165984453237,0.3592510580212568,0.3592510580212568,206
6,E,503,True,5.108289122903541,1.3089937734029353,1.3215636057545734,1.3215636057545734,22
6,E,287,False,7.358662255276434,0.5647849335464329,0.5933360653191604,0.5933360653191604,137
6,E,451,True,6.655642845758218,1.2711914234218187,1.2841313407235897,1.2841313407235897,28
6,E,286,True,7.230420037117646,1.3003068194660239,1.3129598204047301,1.3129598204047301,25
6,E,314,False,7.380784705033347,1.1338269191852448,1.1483157875412486,1.1483157875412486,47
6,E,182,False,7.166474800449981,0.965330269746918,0.9823075867247651,0.9823075867247651,74
6,E,49,False,8.283819510200376,0.8298015585739636,0.8494917844565383,0.8494917844565383,96
6,E,518,False,9.628890658194305,0.6162545486235901,0.642522633022868,0.642522633022868,130
6,E,534,True,7.033079680069962,1.385806332806231,1.3976855359104308,1.3976855359104308,11
6,E,303,False,5.520382682664295,0.9368723960013111,0.9543560926806157,0.9543560926806157,85
6,E,437,False,5.511973362347551,0.4328817181402398,0.4695234255576823,0.4695234255576823,168
6,E,491,False,9.62664232231009,0.3434085706480051,0.3885808945919502,0.3885808945919502,198
6,E,526,False,9.7218147969447,0.668679091542754,0.6929627643054258,0.6929627643054258,121
6,E,548,False,9.61893644223108,0.6296106750424073,0.6553436254170252,0.6553436254170252,127
7,E,340,False,8.37169391311648,0.649576571875577,0.6680868275479795,0.6680868275479795,93
7,E,293,False,5.510756878450999,0.39313139363000615,0.4230160506067917,0.4230160506067917,156
7,E,402,True,4.813038202539446,1.1555960115426294,1.166101379943755,1.166101379943755,4
7,E,415,False,8.380836163348821,0.8213259995563315,0.8360422740272789,0.8360422740272789,59
7,E,445,False,7.606444425200644,0.2989680250655086,0.3373012991748883,0.3373012991748883,179
7,E,363,False,6.756522713512683,0.780370335486441,0.7958442981643565,0.7958442981643565,71
7,E,101,False,7.182398122198264,0.6627602979628712,0.6809122549707346,0.6809122549707346,90
7,E,119,False,5.70966382148386,0.37885815927593314,0.40978505495374673,0.40978505495374673,161
7,E,234,False,8.362314437816897,0.969651500932838,0.9821478094842968,0.9821478094842968,34
7,E,126,False,5.689463675651517,0.4272998828227831,0.45494557506789873,0.45494557506789873,140
7,E,547,False,9.621025686012903,0.6325809900484385,0.6515742439539485,0.6515742439539485,98
7,E,529,False,8.410353473576418,0.8278223666858772,0.8424251641534124,0.8424251641534124,56
7,E,475,False,10.014618932014793,0.43214514538879784,0.4594994157739508,0.4594994157739508,139
7,E,501,True,5.027849947398336,1.1310165764237685,1.1417481257084852,1.1417481257084852,8
7,E,183,False,6.684833581684906,0.7721730933719162,0.7878080810330971,0.7878080810330971,73
7,E,254,False,8.82349366286941,0.42579630884995323,0.4535336625254422,0.4535336625254422,142
7,E,469,False,9.572633208192274,0.3017217591970141,0.3397444721940857,0.3397444721940857,178
7,E,8,True,8.265734381527256,0.9841395444524839,0.9964541782584081,0.9964541782584081,30
7,E,180,False,6.755903222967198,0.8552022643456402,0.8693452705084482,0.8693452705084482,52
7,E,174,False,9.040002499205821,0.6652894791723212,0.6833742587417786,0.6833742587417786,89
7,E,348,True,7.4888458127798545,1.0101079249215414,1.02210973305355,1.02210973305355,28
7,E,6,False,9.709401107130201,0.5102510569357389,0.5336163673628608,0.5336163673628608,118
7,E,292,False,5.52657454034504,0.264741246730986,0.30737308622287296,0.30737308622287296,190
7,E,310,False,6.8599087214405685,0.5301019578133147,0.5526286023099114,0.5526286023099114,113
7,E,414,False,8.872082552419684,0.7244768809677791,0.7411187741990473,0.7411187741990473,81
7,E,461,False,6.542751880628356,0.26748408846418303,0.3097386382016487,0.3097386382016487,189
7,E,241,False,8.880259969316349,0.6625472858392151,0.6807049231395403,0.6807049231395403,91
7,E,483,True,9.368733369608432,1.105253383889036,1.1162326500383608,1.1162326500383608,16
7,E,222,False,9.37089296558229,0.8098943619199938,0.8248146239509159,0.8248146239509159,66
7,E,423,False,9.653448226437837,0.652385305055365,0.67081806226851,0.67081806226851,92
7,E,230,False,8.570067918351626,0.8799824606925278,0.8937334152531017,0.8937334152531017,47
7,E,269,False,9.6442173137922,0.40654684330174823,0.43551190823227,0.43551190823227,154
7,E,416,False,8.468286286427247,0.33172084294428783,0.36664561098854814,0.36664561098854814,171
7,E,118,False,5.681271181644118,0.34310675562182963,0.3769781587397801,0.3769781587397801,167
7,E,506,False,6.537357448525565,0.4093960148048828,0.43817277796734105,0.43817277796734105,153
7,E,24,False,10.681698633514761,0.4183473638218596,0.4465476494509811,0.4465476494509811,148
7,E,462,False,8.695791474972564,0.9603612027179262,0.9729768373909622,0.9729768373909622,35
7,E,482,False,9.728523101718967,0.27976888551928486,0.3204074214468192,0.3204074214468192,188
7,E,450,False,7.555467629876983,0.6910421953037397,0.7084699020450402,0.7084699020450402,85
7,E,382,False,6.393387293701878,0.6471376966333902,0.6657157687913564,0.6657157687913564,95
7,E,422,False,5.240882145428529,0.907078205063419,0.9204244436750747,0.9204244436750747,43
7,E,68,False,10.534607530756288,0.5792071245433738,0.5998926400076102,0.5998926400076102,104
7,E,338,False,9.677530709999303,0.31832517240801145,0.3545718570361826,0.3545718570361826,173
7,E,495,True,8.8162854025305,1.1805535005680474,1.1908387187679814,1.1908387187679814,1
7,E,19,False,9.613180946852449,0.4205929551172707,0.4486521150153818,0.4486521150153818,144
7,E,162,False,9.28346395917071,0.7880885138919681,0.8034138361653648,0.8034138361653648,70
7,E,259,False,8.385880675786948,0.8249154035516738,0.8395687639677394,0.8395687639677394,58
7,E,239,False,9.713145153552917,0.4126706669813904,0.44123391279497376,0.44123391279497376,152
7,E,73,True,4.435177569242626,1.129955513935833,1.1406970456205667,1.1406970456205667,10
7,E,16,False,8.339258044162804,0.4128712376091446,0.4414215052060827,0.4414215052060827,151
7,E,480,False,9.73652740273791,0.24480015397032112,0.290374588759743,0.290374588759743,194
7,E,468,True,8.867833598909542,1.086776702338672,1.0979407484739856,1.0979407484739856,18
7,E,373,True,8.769124413521414,1.0759230997125795,1.0871986032499408,1.0871986032499408,19
7,E,62,False,7.4652482013711605,0.4716006670225793,0.4967871531648525,0.4967871531648525,127
7,E,127,False,7.987163687512617,0.791120696626093,0.8063883946608182,0.8063883946608182,69
7,E,146,True,7.509981832154908,1.0526266203724288,1.0641489972415414,1.0641489972415414,21
7,E,283,False,5.835311187144278,0.4183564646171347,0.4465561755260415,0.4465561755260415,147
7,E,299,False,5.281685716676125,0.3348324124296902,0.3694631657242479,0.3694631657242479,170
7,E,27,False,5.738115144058671,0.42468083063345774,0.4524865681111656,0.4524865681111656,143
7,E,265,False,7.494476796642576,0.4205348355235959,0.4485976307364482,0.4485976307364482,145
7,E,247,False,9.61477960027095,0.8767458579127265,0.8905467903376103,0.8905467903376103,49
7,E,228,False,8.057402479545658,0.2817919934848012,0.32217543979272406,0.32217543979272406,185
7,E,289,False,5.516886292977032,0.280397772547228,0.3209566906343345,0.3209566906343345,187
7,E,210,False,6.4087545206917875,0.5265320776069821,0.5492051667297222,0.5492051667297222,114
7,E,238,False,8.5866747584219,0.907035992457386,0.9203828431835591,0.9203828431835591,45
7,E,319,False,6.137843392748177,0.7141184075861615,0.7309961603639872,0.7309961603639872,82
7,E,409,False,4.658224654800032,0.43865935513609267,0.4656310946037749,0.4656310946037749,136
7,E,12,False,9.605194621700363,0.42619910058733385,0.4539118413909789,0.4539118413909789,141
7,E,67,False,10.474513010350167,0.6025937189597791,0.6225025915956288,0.6225025915956288,102
7,E,229,False,7.819687966377019,0.9726702407658243,0.9851282574796764,0.9851282574796764,32
7,E,7,True,8.250816564942594,1.050655667081066,1.0621994243940527,1.0621994243940527,23
7,E,446,False,7.654934893424626,0.2949150627034131,0.33371421998898254,0.33371421998898254,180
7,E,25,False,10.613466023406831,0.5653982752191768,0.5865709641930097,0.5865709641930097,107
7,E,400,True,7.297116230017585,1.1353318178113425,1.1460229591715447,1.1460229591715447,6
7,E,233,False,9.325469661022375,0.552658197247135,0.5743007656254258,0.5743007656254258,110
7,E,478,False,9.748062761250345,0.43418860756972005,0.4614217521496243,0.4614217521496243,138
7,E,512,False,8.580303326838074,0.6866310048678401,0.7041678942264528,0.7041678942264528,86
7,E,291,False,5.520999926316314,0.25931967234635883,0.30271600367228657,0.30271600367228657,192
7,E,181,False,6.630089522136542,0.7765416468421916,0.7920904087879614,0.7920904087879614,72
7,E,75,False,9.55513630203727,0.6995068549527078,0.7167287677631794,0.7167287677631794,84
7,E,250,True,8.835410978241272,1.1455644097228443,1.1561609331045335,1.1561609331045335,5
7,E,419,True,5.009197309945827,1.1302803571573672,1.141018830777688,1.141018830777688,9
7,E,165,False,6.2509342114412645,0.9026497173824564,0.916060477645513,0.916060477645513,46
7,E,417,False,8.54174409739365,0.3018410560981533,0.3398504223330397,0.3398504223330397,177
7,E,525,True,6.828336234768882,1.047016241034484,1.0585996860964382,1.0585996860964382,24
7,E,336,False,9.587934145533968,0.3763647411423849,0.407480925674652,0.407480925674652,162
7,E,255,True,6.209474495725769,1.0660222307830898,1.0774013564764302,1.0774013564764302,20
7,E,356,False,8.554755836596764,0.2623903990025331,0.30535063108204874,0.30535063108204874,191
7,E,466,False,9.74081249446863,0.3614132281328582,0.393712849527305,0.393712849527305,164
7,E,169,False,6.317597366982973,0.7505337763177341,0.7666102241734423,0.7666102241734423,79
7,E,527,True,8.330986131004087,1.1610086543767588,1.1714654847460206,1.1714654847460206,3
7,E,215,False,9.71545082582303,0.45651709425034775,0.4824915996743133,0.4824915996743133,130
7,E,23,False,10.646353877939509,0.45068176241313135,0.47697414750204553,0.47697414750204553,133
7,E,158,True,9.06454814092655,1.0279850294495618,1.039780509139267,1.039780509139267,26
7,E,95,False,6.566588287327036,0.4449220710626202,0.4715357205261847,0.4715357205261847,135
7,E,334,False,8.798770966947295,0.9483278018406488,0.9611014026404362,0.9611014026404362,37
7,E,387,False,8.564132422262402,0.23228208986702967,0.27990222522604524,0.27990222522604524,197
7,E,186,False,6.817991209594679,0.38213743412651235,0.412818731375275,0.412818731375275,160
7,E,263,False,5.131108483060674,0.8467740797686872,0.8610555316479908,0.8610555316479908,54
7,E,421,True,5.586082918149799,1.1152792522465356,1.126160777555802,1.126160777555802,13
7,E,316,False,5.707588985131761,0.5454544979377147,0.5673719201141182,0.5673719201141182,111
7,E,517,False,9.61135542047067,0.6216894506989438,0.6410055066252172,0.6410055066252172,100
7,E,240,False,8.55500952604471,0.6997038883207984,0.71692106800173,0.71692106800173,83
7,E,449,False,7.874118862747338,0.24453280805788855,0.29014923854832547,0.29014923854832547,195
7,E,337,False,9.600040455333154,0.3849087812772354,0.4153854310370352,0.4153854310370352,158
7,E,214,False,9.71545082582303,0.45651709425034775,0.4824915996743133,0.4824915996743133,131
7,E,465,False,8.455390668353788,0.7647635152211972,0.78054693685068,0.78054693685068,76
7,E,270,False,9.502881671895942,0.502917428746844,0.5266082287154596,0.5266082287154596,122
7,E,161,True,8.649015097873859,1.0178525372934342,1.0297640866179878,1.0297640866179878,27
7,E,216,False,9.71545082582303,0.45651709425034775,0.4824915996743133,0.4824915996743133,132
7,E,18,False,8.24594239531014,0.9418538905973511,0.9547141130447712,0.9547141130447712,38
7,E,153,False,9.298819263716476,0.85467078097892,0.8688224388634389,0.8688224388634389,53
7,E,11,False,9.667846927737484,0.382255949174363,0.41292844064400563,0.41292844064400563,159
7,E,498,True,8.02972825779405,1.166511317187093,1.1769192578673628,1.1769192578673628,2
7,E,335,False,9.414326348227975,0.7604797571515585,0.7763502736850102,0.7763502736850102,77
7,E,510,False,7.204159260931573,0.9224776601962603,0.9356042539314707,0.9356042539314707,39
7,E,9,False,8.286801218669174,0.976802167314735,0.9892081482095972,0.9892081482095972,31
7,E,474,False,9.83229158874089,0.25320826111647077,0.2974974116040739,0.2974974116040739,193
7,E,94,False,6.75684095743085,0.503635825171513,0.5272943493056679,0.5272943493056679,120
7,E,48,False,7.239284975836347,0.23440486945141004,0.2816663438113072,0.2816663438113072,196
7,E,350,False,8.473888682576758,0.29445424508480944,0.33330704892330426,0.33330704892330426,181
7,E,443,False,9.812546627293404,0.2923786922300908,0.33147486493499784,0.33147486493499784,183
7,E,380,False,8.909626340415278,0.9582154942265075,0.970859011282919,0.970859011282919,36
7,E,389,False,8.569445272807375,0.22020635909047537,0.26996504773281355,0.26996504773281355,199
7,E,386,False,8.572107644554336,0.4491434299328,0.475520879736418,0.475520879736418,134
7,E,128,True,6.414777295320554,1.1063160662604217,1.1172848897570533,1.1172848897570533,15
7,E,121,True,8.030719244570882,1.1097053690359506,1.1206410185606772,1.1206410185606772,14
7,E,227,False,8.33506937373141,0.9701376956701518,0.9826278211885154,0.9826278211885154,33
7,E,364,False,5.774764372383032,0.7720912893554831,0.7877279006815167,0.7877279006815167,74
7,E,311,False,7.926261738002515,0.5251598938001448,0.5478897703641457,0.5478897703641457,116
7,E,493,False,10.729062496336887,0.3979001208160559,0.42745150901468204,0.42745150901468204,155
7,E,342,False,9.374530632558686,0.6491704688506432,0.6676919829092312,0.6676919829092312,94
7,E,267,False,9.60323460576611,0.2907653553869242,0.3300526901977641,0.3300526901977641,184
7,E,209,False,6.444104823960086,0.5638420765119142,0.5850710842784527,0.5850710842784527,108
7,E,106,False,5.726220908904267,0.4752525013743846,0.5002551613687822,0.5002551613687822,126
7,E,396,False,7.400281012244225,0.6198984650452932,0.6392686394458964,0.6392686394458964,101
7,E,14,False,9.616439768667696,0.313867547579702,0.3505754181872902,0.3505754181872902,174
7,E,21,False,9.732029435114066,0.35808064131237155,0.3906558998609598,0.3906558998609598,166
7,E,218,False,9.58790018113212,0.5250546788059118,0.5477889211635045,0.5477889211635045,117
7,E,105,False,6.89504870838642,0.7256572522220793,0.7422726817794087,0.7422726817794087,80
7,E,266,False,7.5312275245044065,0.3610176724505028,0.393349775943848,0.393349775943848,165
7,E,347,False,9.801986710745517,0.4850276882028392,0.5095509245766192,0.5095509245766192,125
7,E,188,False,7.918904677199892,0.8169070442376746,0.8317015121656512,0.8317015121656512,60
7,E,13,False,9.595480060079142,0.34140307490711347,0.3754282167998685,0.3754282167998685,168
7,E,189,False,7.934496415813825,0.8158307349150715,0.8306443730294949,0.8306443730294949,63
7,E,467,False,9.780281244065721,0.36266290847760524,0.39486031909896036,0.39486031909896036,163
7,E,220,False,9.775531172712487,0.4173082640927172,0.4455743189340853,0.4455743189340853,149
7,E,85,False,6.725279631853009,0.46356994435974286,0.4891700928380557,0.4891700928380557,128
7,E,479,False,9.986409576349796,0.41933541269143415,0.4474734346870128,0.4474734346870128,146
7,E,472,False,8.316110151861908,0.7512384745585848,0.7673001577418099,0.7673001577418099,78
7,E,476,True,9.062570496952144,1.092826025647161,1.1039288965985383,1.1039288965985383,17
7,E,385,False,8.588065641006168,0.597267349297399,0.617348016073785,0.617348016073785,103
7,E,528,False,8.376243552257828,0.8745117522890073,0.8883473933687694,0.8883473933687694,50
7,E,375,False,8.973460790563712,0.8570848006233526,0.8711972462497048,0.8711972462497048,51
7,E,170,True,4.668867355340439,1.129731120013847,1.1404747651488119,1.1404747651488119,11
7,E,339,False,9.609658027880883,0.32571258240764067,0.36121873255985915,0.36121873255985915,172
7,E,123,False,7.3393145855178314,0.6333532240804979,0.6523239937842684,0.6523239937842684,97
7,E,301,False,5.3326094238732535,0.6768346454565364,0.6946189053745746,0.6946189053745746,88
7,E,274,True,8.244625129675963,1.0297094701281875,1.041485419621979,1.041485419621979,25
7,E,221,False,9.775531172712487,0.4173082640927172,0.4455743189340853,0.4455743189340853,150
7,E,111,False,4.6262753424857,0.2208703464265963,0.2705069247618286,0.2705069247618286,198
7,E,484,False,8.320644622876243,0.8112258199888823,0.8261220354343125,0.8261220354343125,65
7,E,277,False,8.932002518377434,0.4935857627984076,0.5177037682408568,0.5177037682408568,123
7,E,471,False,7.72876274399985,0.9182417015448328,0.9314279944630431,0.9314279944630431,40
7,E,109,False,9.450691910519858,0.8458493096361097,0.8601461160903887,0.8601461160903887,55
7,E,65,False,9.594914689393368,0.8781250404439481,0.8919046322719613,0.8919046322719613,48
7,E,535,False,9.826622618237478,0.503265534397428,0.5269406840677856,0.5269406840677856,121
7,E,99,True,7.715118227845734,0.9964069177345362,1.0085717783691628,1.0085717783691628,29
7,E,279,False,8.659479441249019,0.8253272308622451,0.8399734069696723,0.8399734069696723,57
7,E,69,False,10.55382145877691,0.5703156422448521,0.591312284839961,0.591312284839961,106
7,E,489,False,8.150739492743575,0.7651216389789189,0.7808978222836097,0.7808978222836097,75
7,E,177,False,6.594793719074242,0.9174087951257377,0.9306068900387288,0.9306068900387288,42
7,E,22,False,10.659180450265765,0.5261182786969895,0.54880846348483,0.54880846348483,115
7,E,74,True,4.443606483637923,1.134136149389093,1.144838456623735,1.144838456623735,7
7,E,372,False,7.257650642708441,0.29386177902042715,0.33278376099585644,0.33278376099585644,182
7,E,10,False,8.10949253599601,0.808383117910382,0.8233307669072056,0.8233307669072056,67
7,E,116,False,7.504249928850119,0.4878014708193802,0.5121919184710431,0.5121919184710431,124
7,E,509,False,7.486925356641807,0.5097392660986715,0.5331270072096416,0.5331270072096416,119
7,E,157,True,9.01787976718573,1.0511276216094416,1.0626662520866175,1.0626662520866175,22
7,E,63,False,9.173862820393635,0.9180645070803966,0.9312533090272852,0.9312533090272852,41
7,E,439,False,5.907776907653106,0.5328965999365493,0.5553098888345421,0.5553098888345421,112
7,E,500,True,5.607650456547484,1.1157958056118389,1.1266723420029754,1.1266723420029754,12
7,E,1,False,9.644137255435442,0.45718229308800074,0.4831210361045144,0.4831210361045144,129
7,E,17,False,9.584450044465367,0.28055329569108023,0.3210925694198226,0.3210925694198226,186
7,E,297,False,9.280797777081482,0.8167105710533222,0.831508534702886,0.831508534702886,61
7,E,490,False,8.264651291398538,0.3864731214928034,0.41683541122352846,0.41683541122352846,157
7,E,290,False,5.516314469291514,0.31067183818416716,0.3477172377870074,0.3477172377870074,175
7,E,272,False,8.3836437716839,0.5582831824313823,0.5797157908830921,0.5797157908830921,109
7,E,15,False,9.63729435659369,0.30326519159000087,0.3411159082241942,0.3411159082241942,176
7,E,287,False,7.356769352039276,0.5759598565349149,0.5967579431840155,0.5967579431840155,105
7,E,314,False,6.398994847865665,0.8157133010400588,0.8305290337532858,0.8305290337532858,64
7,E,182,False,6.824280165786789,0.8054667781597562,0.8204675600732516,0.8204675600732516,68
7,E,49,False,8.338287550698324,0.8162059230175591,0.831012873054589,0.831012873054589,62
7,E,518,False,9.638570960730453,0.6299000181593651,0.6489717399784566,0.6489717399784566,99
7,E,303,False,5.460796378065604,0.9070561094477828,0.9204026684555218,0.9204026684555218,44
7,E,437,False,5.5090164177003444,0.43513816809610256,0.46231538125778265,0.46231538125778265,137
7,E,491,False,9.624695669744565,0.33902244173634266,0.37326465465453434,0.37326465465453434,169
7,E,526,False,9.71513092023607,0.6846051492638613,0.7021926351166685,0.7021926351166685,87
7,E,548,False,9.626515105899053,0.643761229135221,0.6624340016569104,0.6624340016569104,96
8,X,340,False,8.343945236450654,0.48130668086321193,0.6130069971175769,8.343945236450654,92
8,X,293,False,5.5363855895206875,0.4732046037708162,0.6066663452849864,5.5363855895206875,163
8,X,415,False,8.285890810455427,0.7489118385769205,0.8396370641129479,8.285890810455427,99
8,X,445,False,7.614530959930955,0.42436118766276976,0.5693890366578055,7.614530959930955,111
8,X,363,False,6.925730925822508,0.7427253013751851,0.8341236903327988,6.925730925822508,125
8,X,101,False,7.27394883734656,0.6440751011322908,0.7476323918679004,7.27394883734656,123
8,X,119,False,5.681050335290275,0.44720632422648665,0.5866131211451997,5.681050335290275,152
8,X,234,False,8.342540728851725,0.37963463414147725,0.5368835189417538,8.342540728851725,93
8,X,126,False,5.615706661966897,0.4880077394361054,0.6182823070580986,5.615706661966897,156
8,X,547,False,9.580979487820912,0.6199502572749287,0.7269523911280555,9.580979487820912,40
8,X,529,False,8.30962545083442,0.7495090409427336,0.8401697804172937,8.30962545083442,94
8,X,475,True,9.690706236906035,0.4816559890434187,0.613281297002396,9.690706236906035,20
8,X,183,False,6.7646656691630564,0.8406200216450685,0.9223684070164713,6.7646656691630564,132
8,X,254,False,8.762753775434907,0.4767725963383104,0.609453497890299,8.762753775434907,73
8,X,469,False,9.543236035394148,0.3097028282930133,0.4899360155410489,9.543236035394148,53
8,X,180,False,6.808342457695879,0.9170268694573649,0.992501756561832,6.808342457695879,128
8,X,174,False,9.056525506117657,0.6422741675580222,0.7460814726180363,9.056525506117657,66
8,X,6,True,9.762358911346869,0.48287253919083084,0.6142372070919733,9.762358911346869,14
8,X,292,False,5.579987285702343,0.4082916211293302,0.5575154754407843,5.579987285702343,158
8,X,310,False,6.797103732532244,0.5405476352787,0.6605400846859648,6.797103732532244,130
8,X,414,False,8.848446625891016,0.7510379580010874,0.8415339992121473,8.848446625891016,71
8,X,461,False,6.601815403638876,0.3926780601911212,0.5461845076775879,6.601815403638876,138
8,X,241,False,8.921256474383162,0.6146143374129422,0.7224072544106248,8.921256474383162,69
8,X,222,False,9.319131768204128,0.7452550206555044,0.8363770102554131,9.319131768204128,61
8,X,423,True,9.630537016396698,0.6337626904097784,0.738766949197775,9.630537016396698,28
8,X,230,False,8.59183069874107,0.47619751358154283,0.6090037187183596,8.59183069874107,76
8,X,269,True,9.634380214432571,0.4513584179285066,0.5897846038228461,9.634380214432571,27
8,X,416,False,8.35590364371653,0.40209490662893305,0.5529934641643404,8.35590364371653,90
8,X,118,False,5.6443518990192,0.4298459422599394,0.5734884406410319,5.6443518990192,154
8,X,506,False,6.470867005152988,0.4602302266038773,0.5966014741445108,6.470867005152988,140
8,X,24,True,10.537886812252639,0.447527842605721,0.5868582685613948,10.537886812252639,4
8,X,462,False,9.224570572897099,0.8446352810209281,0.9260292735204699,9.224570572897099,64
8,X,482,True,9.658288472362845,0.33993318689749363,0.509584172660252,9.658288472362845,24
8,X,450,False,7.356648228196217,0.7698474578246258,0.8583627239055679,7.356648228196217,120
8,X,382,False,6.192230008228417,0.6410684350576165,0.7450437543518962,6.192230008228417,146
8,X,422,False,5.330368919887848,0.8922619178279532,0.9696663279074736,5.330368919887848,165
8,X,68,True,10.45231666163874,0.5514480659058606,0.6694896764423344,10.45231666163874,7
8,X,338,True,9.652500409833042,0.33496038238979275,0.5062804709271961,9.652500409833042,25
8,X,19,False,9.59660950728527,0.424938184233553,0.569819197545376,9.59660950728527,36
8,X,162,False,9.588854263712042,0.4729725382075607,0.6064853496747055,9.588854263712042,39
8,X,259,False,8.260546389332626,0.7615483187759419,0.8509273172850962,8.260546389332626,101
8,X,239,True,9.73657536347552,0.4088874823909474,0.557951996795024,9.73657536347552,16
8,X,16,False,8.459148523492857,0.4293515798779558,0.5731179953685313,8.459148523492857,85
8,X,480,True,9.72040367367756,0.29759928066163754,0.4823761906664458,9.72040367367756,18
8,X,62,False,7.3870920723800015,0.5124293599778017,0.6377345109360216,7.3870920723800015,119
8,X,127,False,7.644188514118159,0.7403641237802836,0.8320219307521253,7.644188514118159,110
8,X,283,False,5.843892953631607,0.41864420721553514,0.5651410706245575,5.843892953631607,150
8,X,299,False,5.289301123725758,0.4383254293450588,0.5798712266374987,5.289301123725758,166
8,X,27,False,5.697703064501069,0.4891787270231276,0.6192069802929508,5.697703064501069,151
8,X,265,False,7.404503986795114,0.48148732433505836,0.6131488407938818,7.404503986795114,118
8,X,247,True,9.664870783154468,0.8165447247475678,0.9004813962457129,9.664870783154468,22
8,X,228,False,8.12938563087463,0.4025471615415411,0.5533223967423502,8.12938563087463,104
8,X,289,False,5.549208155382264,0.4165969916575137,0.5636262156160213,5.549208155382264,162
8,X,210,False,6.387615590025186,0.5474055438725461,0.6661638589220712,6.387615590025186,142
8,X,238,False,8.533855225910015,0.8541994767815416,0.9347610409112088,8.533855225910015,79
8,X,319,False,6.1343174464763,0.6654191147307753,0.7660966360196577,6.1343174464763,147
8,X,409,False,4.6135909915211055,0.5122817607960796,0.6376159188068307,4.6135909915211055,169
8,X,12,False,9.549337519551115,0.41362376391265315,0.5614321646867211,9.549337519551115,52
8,X,67,True,10.398213327365372,0.5659085578133362,0.68144989051134,10.398213327365372,8
8,X,229,False,6.809001017952036,0.7535681253605102,0.8437928519671761,6.809001017952036,127
8,X,446,False,7.65422336329071,0.4231154842886107,0.5684612304426158,7.65422336329071,108
8,X,25,True,10.548425961518504,0.5445215790612314,0.6637960586918877,10.548425961518504,3
8,X,233,False,9.250057316852438,0.5512132397970971,0.6692962671337405,9.250057316852438,63
8,X,478,True,9.775411352712817,0.42733334184774724,0.5716075948815855,9.775411352712817,9
8,X,512,False,8.686650008500564,0.6582256400493162,0.7598568619745952,8.686650008500564,74
8,X,291,False,5.5642608313299515,0.407516646569356,0.5569481795487625,5.5642608313299515,159
8,X,181,False,6.712543747043746,0.8511623549596392,0.9319864870114728,6.712543747043746,134
8,X,75,False,9.554053086395843,0.6450165231510897,0.7484435667500038,9.554053086395843,50
8,X,165,False,6.277394853306297,0.9825712414114599,1.053360195716738,6.277394853306297,145
8,X,417,False,8.50613293362964,0.3480816769403862,0.515055639026677,8.50613293362964,83
8,X,336,False,9.513511485821555,0.3911857127734174,0.5451125749325489,9.513511485821555,58
8,X,356,False,8.518683531334675,0.32949498327726895,0.5026812125755596,8.518683531334675,81
8,X,466,True,9.762147954255514,0.38105022295200913,0.5378854244942161,9.762147954255514,15
8,X,169,False,6.296180031835571,0.662296788003953,0.7633862016514972,6.296180031835571,143
8,X,215,False,9.570158911869488,0.5013069317283696,0.6288323284234514,9.570158911869488,45
8,X,23,True,10.509092261507321,0.4692070294332878,0.6035533894703577,10.509092261507321,5
8,X,95,False,6.493922232370384,0.49165398906389446,0.6211643119449051,6.493922232370384,139
8,X,334,False,9.299217471856423,0.8345013446932842,0.9167954797916745,9.299217471856423,62
8,X,387,False,8.498991442326611,0.38864103822362145,0.5432893465392834,8.498991442326611,84
8,X,186,False,6.788045777313701,0.46072384786353043,0.5969823460218273,6.788045777313701,131
8,X,263,False,5.241029707995492,0.8659215216571214,0.9454848169804377,5.241029707995492,167
8,X,316,False,5.66157261996112,0.562205121076575,0.6783775170480473,5.66157261996112,153
8,X,517,False,9.575747118339022,0.6124410055200793,0.7205591181256351,9.575747118339022,41
8,X,240,False,8.417331448137244,0.5052543577817719,0.6319837209367168,8.417331448137244,86
8,X,449,False,7.6503100895109135,0.37208554647654024,0.5315723011672945,7.6503100895109135,109
8,X,337,False,9.5736074755317,0.3828588138123825,0.5391681822820888,9.5736074755317,42
8,X,214,False,9.570158911869488,0.5013069317283696,0.6288323284234514,9.570158911869488,46
8,X,465,False,8.536187762547076,0.4922891913030341,0.6216671982221216,8.536187762547076,78
8,X,270,False,9.524674033487884,0.46039543551510353,0.5967289288401301,9.524674033487884,56
8,X,216,False,9.570158911869488,0.5013069317283696,0.6288323284234514,9.570158911869488,47
8,X,18,False,8.305064220515392,0.4273154383065217,0.5715942103333814,8.305064220515392,96
8,X,153,False,9.619092282803164,0.5674950250111745,0.6827679407265552,9.619092282803164,31
8,X,11,False,9.612187734234237,0.40322464032400374,0.5538154638830243,9.612187734234237,32
8,X,335,False,9.553603139438907,0.6669756007517696,0.767448962126949,9.553603139438907,51
8,X,510,False,7.110317321067915,0.9129714406276311,0.9887559399939094,7.110317321067915,124
8,X,9,False,8.2975854420453,0.3433762000536357,0.5118873628395427,8.2975854420453,97
8,X,474,False,9.61105090947655,0.39766799529425395,0.5497829498564847,9.61105090947655,33
8,X,94,False,6.666212530594138,0.5246431473667259,0.6475892907934868,6.666212530594138,135
8,X,48,False,7.311021264190759,0.3733099764118552,0.5324300855137387,7.311021264190759,121
8,X,350,False,8.366069344327244,0.38526377645086457,0.5408785768698265,8.366069344327244,88
8,X,443,True,9.736026996739117,0.41975134554525284,0.5659617032614463,9.736026996739117,17
8,X,380,False,8.930746447018926,0.8721428244993089,0.9511858723704739,8.930746447018926,68
8,X,389,False,8.52467764706535,0.38206059899353406,0.5386016698589462,8.52467764706535,80
8,X,386,False,8.558089333847295,0.49536904004536336,0.624108919425938,8.558089333847295,77
8,X,227,False,8.388645949843578,0.34336363612191906,0.511878934986011,8.388645949843578,87
8,X,364,False,5.619990199400178,0.7315175605991683,0.8241598139538867,5.619990199400178,155
8,X,311,False,7.938814851660591,0.5510279908873631,0.6691437096864253,7.938814851660591,105
8,X,493,True,10.585122434945674,0.44123255506422615,0.5820718384529976,10.585122434945674,1
8,X,342,False,9.536216114808466,0.5824921405995119,0.6952830728068595,9.536216114808466,55
8,X,267,False,9.608517269499881,0.3393102081872957,0.5091688078149065,9.608517269499881,34
8,X,209,False,6.433858635536966,0.5651803963772364,0.6808453113010894,6.433858635536966,141
8,X,106,False,5.859687286156347,0.5156899174097861,0.6403573599090271,5.859687286156347,149
8,X,396,False,7.427238889031772,0.5675414931418435,0.6828065640495999,7.427238889031772,113
8,X,14,False,9.539164421516311,0.3459218644085566,0.513598475219153,9.539164421516311,54
8,X,21,True,9.712013647364412,0.41900644846677804,0.5654094634230046,9.712013647364412,19
8,X,218,False,9.477104849180275,0.5433844348384974,0.662863561750305,9.477104849180275,59
8,X,105,False,6.906740196081226,0.6877822681896735,0.7855990745333646,6.906740196081226,126
8,X,266,False,7.42160749631225,0.4497122013440618,0.588525718647256,7.42160749631225,115
8,X,347,True,9.76697888198079,0.5226604538309959,0.6459840613129474,9.76697888198079,12
8,X,188,False,7.802077852628132,0.8383773506559312,0.9203249641101807,7.802077852628132,107
8,X,13,False,9.517105855616688,0.35562903061204704,0.5201859906664265,9.517105855616688,57
8,X,189,False,7.809236874862416,0.8391735209645836,0.9210503003417586,7.809236874862416,106
8,X,467,True,9.763605603840416,0.3922781868301668,0.5458970904248441,9.763605603840416,13
8,X,220,True,9.620697850325659,0.47902549207320705,0.6112175386288627,9.620697850325659,29
8,X,85,False,6.6368504335134775,0.49448737598397213,0.6234093538591328,6.6368504335134775,136
8,X,479,True,9.773280073763086,0.47872646414573833,0.6109832116719969,9.773280073763086,10
8,X,472,False,8.306500051254375,0.4343365704267711,0.5768619539210718,8.306500051254375,95
8,X,385,False,8.604074095037838,0.5869226368026884,0.6989990265107439,8.604074095037838,75
8,X,528,False,8.294283802827035,0.7778896045221809,0.8655828639103377,8.294283802827035,98
8,X,375,False,8.864687767246744,0.7855432988890589,0.8724676108034342,8.864687767246744,70
8,X,339,False,9.572459764034155,0.33474810348786416,0.5061400500457053,9.572459764034155,43
8,X,123,False,7.405600588603132,0.621323182155987,0.7281235843975864,7.405600588603132,117
8,X,301,False,5.499837835370974,0.7629750697358827,0.8522044440801879,5.499837835370974,164
8,X,221,True,9.620697850325659,0.47902549207320705,0.6112175386288627,9.620697850325659,30
8,X,111,False,4.685915845894911,0.38720107400709614,0.5422602043150464,4.685915845894911,168
8,X,484,False,8.264923233088824,0.4009094351033861,0.5521320789688491,8.264923233088824,100
8,X,277,False,8.932359425429887,0.5256933457099948,0.6484403991079792,8.932359425429887,67
8,X,471,False,6.712740987240273,0.7256174263964168,0.8189274125108443,6.712740987240273,133
8,X,109,False,9.435896417042159,0.779146209367356,0.8667123358087543,9.435896417042159,60
8,X,65,True,9.637279846053993,0.8171546866705144,0.9010345384163326,9.637279846053993,26
8,X,535,True,9.770975636882525,0.5399203045892585,0.6600268121669792,9.770975636882525,11
8,X,279,False,8.765132720142415,0.7627843326052888,0.8520336821626496,8.765132720142415,72
8,X,69,True,10.470643380702171,0.544141124595832,0.6634840020286578,10.470643380702171,6
8,X,489,False,8.352685624993578,0.5600259483216574,0.676572627487337,8.352685624993578,91
8,X,177,False,6.62420287270001,1.0130703105345749,1.0818654775701864,6.62420287270001,137
8,X,22,True,10.56659184764568,0.5110426441310825,0.6366207988999695,10.56659184764568,2
8,X,372,False,7.300017126170833,0.3887822407796113,0.5433903644868603,7.300017126170833,122
8,X,10,False,8.13816746085769,0.5190170039007873,0.6430397404590925,8.13816746085769,103
8,X,116,False,7.425060258482622,0.5214911190608564,0.6450383281099593,7.425060258482622,114
8,X,509,False,7.538125149261411,0.616063368319148,0.7236404709911417,7.538125149261411,112
8,X,63,False,9.217067083195175,0.8549111135622431,0.9354113905463102,9.217067083195175,65
8,X,439,False,5.916516807521662,0.6167418059540398,0.7242181388801289,5.916516807521662,148
8,X,1,True,9.661160192767014,0.4700216267127387,0.6041868808979853,9.661160192767014,23
8,X,17,False,9.570875360398935,0.3230859654337023,0.4985037597970297,9.570875360398935,44
8,X,297,False,9.60235650510866,0.5209283512137725,0.6445834349173477,9.60235650510866,35
8,X,490,False,8.35989274130096,0.3531152921276791,0.518470700238657,8.35989274130096,89
8,X,290,False,5.558127210597046,0.4300597217223394,0.5736486919007514,5.558127210597046,160
8,X,272,False,8.508795634744317,0.44466859283542925,0.5846807803629156,8.508795634744317,82
8,X,15,False,9.56241714022723,0.35414030411628705,0.519169348547392,9.56241714022723,49
8,X,287,False,7.409748695512906,0.5821846331372521,0.6950254704201163,7.409748695512906,116
8,X,314,False,6.288064057040487,0.8477623431817051,0.9288823649894976,6.288064057040487,144
8,X,182,False,6.802066806610204,0.8804510669576654,0.9588094381984559,6.802066806610204,129
8,X,49,False,8.240740199105353,0.7590883051697129,0.8487264061621828,8.240740199105353,102
8,X,518,False,9.596602916919553,0.6181007607593775,0.7253757701514908,9.596602916919553,37
8,X,303,False,5.599640883221068,0.9324302550419243,1.0067510307862095,5.599640883221068,157
8,X,437,False,5.556002731294926,0.48339165087531266,0.6146453819947787,5.556002731294926,161
8,X,491,False,9.565818032073908,0.3803287265593591,0.537374541374832,9.565818032073908,48
8,X,526,True,9.676570513486489,0.6617143066654692,0.7628809088693397,9.676570513486489,21
8,X,548,False,9.591074466169633,0.6282020455732006,0.734002225837157,9.591074466169633,38
9,X,340,False,8.316133908902613,0.4354835413748151,0.5316172090893184,8.316133908902613,63
9,X,293,False,5.512466599074282,0.4082238861070997,0.5095269211532872,5.512466599074282,132
9,X,415,False,8.274935257522465,0.7215546777753654,0.7833339614819961,8.274935257522465,68
9,X,445,False,7.62653801246684,0.35877171674948105,0.4708376439187246,7.62653801246684,80
9,X,363,False,7.036035219927653,0.6962321319384392,0.760072446372785,7.036035219927653,95
9,X,101,False,7.281017648032138,0.5808990008671417,0.6560598992470196,7.281017648032138,91
9,X,119,False,5.6930285024597,0.38834218271022936,0.4937414232811655,5.6930285024597,122
9,X,234,False,8.330671550166253,0.333186427948137,0.4516460317111233,8.330671550166253,62
9,X,126,False,5.641255775948663,0.4281880782270375,0.5256576571565656,5.641255775948663,126
9,X,547,True,9.78236277973516,0.2902619126373088,0.4209785269101437,9.78236277973516,8
9,X,529,False,8.296154277103048,0.7213105877899461,0.783109127931378,8.296154277103048,64
9,X,183,False,6.7754944628610545,0.8746797880970202,0.9263021504331155,6.7754944628610545,101
9,X,254,False,8.749854446894403,0.4174945374528705,0.5169841689979996,8.749854446894403,43
9,X,469,True,9.536996076322271,0.20735641269539157,0.36873787990585866,9.536996076322271,28
9,X,180,False,6.825929186827377,0.9533995887966661,1.0009703882279524,6.825929186827377,97
9,X,174,False,9.065320685036557,0.5877276175275511,0.6621138078881736,9.065320685036557,36
9,X,292,False,5.564731180385378,0.3411678470651578,0.4575657789461978,5.564731180385378,127
9,X,310,False,6.8046375179561345,0.48850890322735674,0.5758575264107962,6.8046375179561345,99
9,X,414,False,8.8344153194564,0.7434120727505289,0.8035125712164082,8.8344153194564,41
9,X,461,False,6.56227989455367,0.3294043973831992,0.4488632299564696,6.56227989455367,108
9,X,241,False,8.902254319878352,0.5334029498306948,0.6144018628549661,8.902254319878352,39
9,X,222,True,9.81755116229954,0.5945457948228527,0.6681733639805642,9.81755116229954,5
9,X,230,False,8.560226219289927,0.4283128863395252,0.5257593278260129,8.560226219289927,48
9,X,416,False,8.373751234494767,0.3515933792325527,0.4653910683626529,8.373751234494767,59
9,X,118,False,5.655402316052754,0.3697433093533223,0.47925051591324597,5.655402316052754,124
9,X,506,False,6.479063694277402,0.40504012131717687,0.5069797255001418,6.479063694277402,110
9,X,462,False,9.324262753980438,0.7373876892173765,0.7979420695770516,9.324262753980438,33
9,X,450,False,7.407229326795475,0.7899326512903097,0.846737583768492,7.407229326795475,88
9,X,382,False,6.131692660757016,0.6210427893041193,0.6918562627729885,6.131692660757016,117
9,X,422,False,5.327891717324809,0.9048121154031729,0.9548067377076528,5.327891717324809,135
9,X,19,True,9.579979297190956,0.24849383130632166,0.39334479326522237,9.579979297190956,19
9,X,162,True,9.655840207588952,0.45061014998721705,0.5440776134551651,9.655840207588952,14
9,X,259,False,8.229403258905798,0.7350234628726365,0.7957577729214136,8.229403258905798,71
9,X,16,False,8.425129970769099,0.37519042910414147,0.4834654075349297,8.425129970769099,55
9,X,62,False,7.432457402295521,0.45172219845086825,0.544998978682393,7.432457402295521,87
9,X,127,False,7.588586824748442,0.7177291917868126,0.7798116022056335,7.588586824748442,81
9,X,283,False,5.858293843482093,0.37319027383415276,0.48191485002640855,5.858293843482093,119
9,X,299,False,5.2768929085731875,0.3740997084375719,0.4826194505452947,5.2768929085731875,136
9,X,27,False,5.707149728967119,0.42517948542844247,0.5232098403325007,5.707149728967119,121
9,X,265,False,7.448606997771667,0.4200806480267208,0.5190748433878447,7.448606997771667,85
9,X,228,False,8.094809528010169,0.3406879682373473,0.4572080859884891,8.094809528010169,74
9,X,289,False,5.529849881918639,0.3494023443382904,0.46373800838475504,5.529849881918639,130
9,X,210,False,6.41278743573908,0.490635939729091,0.5776630224840552,6.41278743573908,112
9,X,238,False,8.45902650348545,0.7551686596056445,0.8144020178278978,8.45902650348545,54
9,X,319,False,6.13576898476327,0.6079407545818023,0.6801197712705145,6.13576898476327,116
9,X,409,False,4.615066997007544,0.5093598885586837,0.5936484130056111,4.615066997007544,139
9,X,12,True,9.555256499115131,0.28271144266822823,0.41580849198533304,9.555256499115131,25
9,X,229,False,6.700860141276463,0.6990171567492431,0.7626243686254471,6.700860141276463,103
9,X,446,False,7.657455007862303,0.3570665127503005,0.46953960079979024,7.657455007862303,79
9,X,233,False,9.322600483783344,0.5019353108463016,0.5872903868325611,9.322600483783344,34
9,X,512,False,8.731938799553511,0.6108285813200351,0.6827023494532685,8.731938799553511,44
9,X,291,False,5.545199086782856,0.33981525535763785,0.4565581561699916,5.545199086782856,128
9,X,181,False,6.725312828471819,0.8849258225800005,0.9359832550107168,6.725312828471819,102
9,X,75,True,9.61395067075908,0.59124267916832,0.6652359339825975,9.61395067075908,15
9,X,165,False,6.267255983092089,1.025009888909971,1.0693999319968173,6.267255983092089,114
9,X,417,False,8.530938991253425,0.3011136109878057,0.42853278627624447,8.530938991253425,51
9,X,336,True,9.537031544716728,0.25578327617974045,0.39798998299556143,9.537031544716728,27
9,X,356,False,8.542629288287912,0.28160314933959396,0.4150557503631814,8.542629288287912,49
9,X,169,False,6.3269901492379255,0.611030437960549,0.682882960913381,6.3269901492379255,113
9,X,215,True,10.10690406058033,0.2152839334805987,0.3732534182113337,10.10690406058033,1
9,X,95,False,6.50157944813536,0.4356189937483283,0.5317281729472982,6.50157944813536,109
9,X,334,False,9.396047343481722,0.7159834905898037,0.7782051792353514,9.396047343481722,32
9,X,387,False,8.537672640706228,0.3242854102680866,0.44512017422748557,8.537672640706228,50
9,X,186,False,6.786345150588395,0.4015735467243394,0.5042144936634915,6.786345150588395,100
9,X,263,False,5.2425578198771365,0.8810080219435285,0.9322800421120333,5.2425578198771365,137
9,X,316,False,5.671013554326097,0.5000059809264739,0.5856423167376238,5.671013554326097,123
9,X,517,True,9.769862426280246,0.29763435633882557,0.4260952384911064,9.769862426280246,9
9,X,240,False,8.398028225894128,0.45975116418111484,0.5516720721202554,8.398028225894128,56
9,X,449,False,7.717778028788804,0.316121397254372,0.4392080144915645,7.717778028788804,78
9,X,337,True,9.557148526143553,0.20463419427800464,0.36721396441226745,9.557148526143553,24
9,X,214,True,10.10690406058033,0.2152839334805987,0.3732534182113337,10.10690406058033,2
9,X,465,False,8.502860864608204,0.4477705967882352,0.5417282063356662,8.502860864608204,52
9,X,270,True,9.551643010569542,0.34166990394028374,0.45794024222613217,9.551643010569542,26
9,X,216,True,10.10690406058033,0.2152839334805987,0.3732534182113337,10.10690406058033,3
9,X,18,False,8.2856694673393,0.37668824300135306,0.48462869767174566,8.2856694673393,66
9,X,153,True,9.692198003335665,0.5389844453806997,0.619253723891836,9.692198003335665,11
9,X,11,True,9.591113338620033,0.27593782458365945,0.41123305463876353,9.591113338620033,17
9,X,335,False,9.516857689163265,0.527475636711204,0.6092630708613939,9.516857689163265,31
9,X,510,False,7.065278916956789,0.8982876173362959,0.948626156950822,7.065278916956789,94
9,X,9,False,8.280615590110642,0.2950838610917286,0.42431760188374046,8.280615590110642,67
9,X,474,True,9.737952651898668,0.2557465787314567,0.3979663989891748,9.737952651898668,10
9,X,94,False,6.679775418349425,0.47143183900547536,0.561443604487263,6.679775418349425,104
9,X,48,False,7.261864367192733,0.31311690001930453,0.43705049510241384,7.261864367192733,92
9,X,350,False,8.38597648186519,0.3340840106311582,0.45230859858172684,8.38597648186519,57
9,X,380,False,8.921096604069401,0.8196414343176659,0.8745187379592769,8.921096604069401,38
9,X,389,False,8.56074190654641,0.3182082109654155,0.44071238661668705,8.56074190654641,47
9,X,386,False,8.593939255335588,0.4381523908022775,0.5338056385589399,8.593939255335588,46
9,X,227,False,8.374745099031456,0.296616002612653,0.4253845262788425,8.374745099031456,58
9,X,364,False,5.5039801233032435,0.6861430794114538,0.7508417060977622,5.5039801233032435,134
9,X,311,False,7.970967763108062,0.490858390501698,0.5778519721498606,7.970967763108062,75
9,X,342,True,9.519926540968212,0.44456326183666556,0.5390801758239877,9.519926540968212,30
9,X,267,True,9.608161198609137,0.20381728300382893,0.3667593584935888,9.608161198609137,16
9,X,209,False,6.463427885628591,0.5098462377779044,0.5940657609792449,6.463427885628591,111
9,X,106,False,5.814215040423437,0.4555859603221745,0.548205718169962,5.814215040423437,120
9,X,396,False,7.434126214325319,0.5163094763200865,0.5996218954720448,7.434126214325319,86
9,X,14,True,9.569680955469016,0.21446307260676137,0.3727805677654066,9.569680955469016,21
9,X,218,True,10.025140263305872,0.2808266623313807,0.41452931918954683,10.025140263305872,4
9,X,105,False,6.92184754426271,0.6373911659533814,0.7065680721819921,6.92184754426271,96
9,X,266,False,7.466332430258027,0.3865569770199577,0.49233854071601385,7.466332430258027,84
9,X,188,False,7.802998821954587,0.819458911554759,0.8743476710771729,7.802998821954587,77
9,X,13,True,9.536345767986182,0.2354712288916143,0.38525010295559026,9.536345767986182,29
9,X,189,False,7.805127532273506,0.8202446230930156,0.8750841010466188,7.805127532273506,76
9,X,85,False,6.645472564060696,0.4413932807468857,0.5364689837074134,6.645472564060696,106
9,X,472,False,8.290682161960898,0.3897161189013159,0.49482279204081786,8.290682161960898,65
9,X,385,False,8.621729981517445,0.5334660027825905,0.614456604095359,8.621729981517445,45
9,X,528,False,8.261347922784504,0.7476630770474826,0.8074472236447877,8.261347922784504,69
9,X,375,False,8.889666289301974,0.7318757752033342,0.7928512423658345,8.889666289301974,40
9,X,339,True,9.560149200651747,0.21037284783620094,0.370442542505959,9.560149200651747,22
9,X,123,False,7.3990298801839085,0.5596093316886718,0.6372860788567468,7.3990298801839085,90
9,X,301,False,5.508398381410235,0.7693138183988367,0.8275353124616279,5.508398381410235,133
9,X,111,False,4.648503131082283,0.3212811563421471,0.44293625231190215,4.648503131082283,138
9,X,484,False,8.257963633776848,0.3588590628786125,0.47090420384796083,8.257963633776848,70
9,X,277,False,8.937746524445648,0.46747925457460593,0.5581288342750221,8.937746524445648,37
9,X,471,False,6.645667600607469,0.6789168905726756,0.7442439697413988,6.645667600607469,105
9,X,109,True,9.65791847927284,0.43935633073472996,0.5347942852613996,9.65791847927284,13
9,X,279,False,8.789711691458754,0.7149891167499073,0.7772904085747994,8.789711691458754,42
9,X,489,False,8.342347710879427,0.5101566210891325,0.5943321632156943,8.342347710879427,60
9,X,177,False,6.628071941628987,1.0442893856950373,1.087893038523036,6.628071941628987,107
9,X,372,False,7.2458061127755,0.3316985530720614,0.4505495225851039,7.2458061127755,93
9,X,10,False,8.137126772551195,0.4689308661875717,0.5593452417380451,8.137126772551195,73
9,X,116,False,7.471263639551361,0.46144317288488684,0.5530829449491617,7.471263639551361,83
9,X,509,False,7.54753243690408,0.6102187548693131,0.6821567788901761,7.54753243690408,82
9,X,63,False,9.257389100180262,0.7694886282332681,0.8276978260040814,9.257389100180262,35
9,X,439,False,5.926039047540553,0.6144257453680073,0.6859226915349843,5.926039047540553,118
9,X,17,True,9.560024941696101,0.20026325736571718,0.3647962642932262,9.560024941696101,23
9,X,297,True,9.678191542802033,0.4949819891194751,0.581358849372948,9.678191542802033,12
9,X,490,False,8.341081090020412,0.3049890256911456,0.4312647075562759,8.341081090020412,61
9,X,290,False,5.538546434930733,0.3638050874508586,0.47468419380330407,5.538546434930733,129
9,X,272,False,8.47493685215614,0.39751307137424197,0.5009866107042673,8.47493685215614,53
9,X,15,True,9.58622975173997,0.20285972274423322,0.3662280837175558,9.58622975173997,18
9,X,287,False,7.40249136692974,0.5204858716392909,0.6032217542228383,7.40249136692974,89
9,X,314,False,6.265764077284194,0.8533248766893946,0.9061646028004715,6.265764077284194,115
9,X,182,False,6.805991575533147,0.9146272429555611,0.9641130305872111,6.805991575533147,98
9,X,49,False,8.215554859375134,0.7336750350683763,0.794512428646745,8.215554859375134,72
9,X,518,True,9.795881138100581,0.2913438910270519,0.42172527198443843,9.795881138100581,7
9,X,303,False,5.652708851244706,0.9321460629251808,0.9807482984020318,5.652708851244706,125
9,X,437,False,5.513369075955808,0.431691503821107,0.5285153703184938,5.513369075955808,131
9,X,491,True,9.577045304122592,0.23158164754543412,0.38288510244122,9.577045304122592,20
9,X,548,True,9.798624843905145,0.2767797893295378,0.4117984870939538,9.798624843905145,6
10,X,340,False,8.276653105688284,0.40675027345232534,0.48575765576346125,8.276653105688284,37
10,X,293,False,5.501876108968345,0.37323364411374516,0.4580590227008935,5.501876108968345,102
10,X,415,False,8.280833444591472,0.7005049869085832,0.7491474833856591,8.280833444591472,34
10,X,445,False,7.632049941316696,0.3236055177187172,0.41861109191858603,7.632049941316696,50
10,X,363,False,7.083068914699208,0.6669115333726445,0.7178340396809862,7.083068914699208,64
10,X,101,False,7.273028792404387,0.5456532762172406,0.6068378803485163,7.273028792404387,61
10,X,119,False,5.708358984287457,0.3559866760810343,0.4441184850087813,5.708358984287457,91
10,X,234,False,8.320708569290701,0.30777974024469984,0.40650102544073213,8.320708569290701,32
10,X,126,False,5.655727835251861,0.39471207285342447,0.4757229610135703,5.655727835251861,96
10,X,529,False,8.299812336727882,0.6999467618529089,0.748625530293781,8.299812336727882,33
10,X,183,False,6.789422479133654,0.8909237685887382,0.9296557839413636,6.789422479133654,70
10,X,254,True,8.752366245445401,0.3840904822495281,0.4669477633889544,8.752366245445401,14
10,X,180,False,6.844795551446653,0.9706428815913148,1.0063112434844217,6.844795551446653,67
10,X,174,True,9.04625579973873,0.555902567407706,0.6160701093461287,9.04625579973873,6
10,X,292,False,5.560628578198719,0.3053178053663328,0.4046401826969064,5.560628578198719,97
10,X,310,False,6.811203649428384,0.45813002648075596,0.5295260487856381,6.811203649428384,69
10,X,414,True,8.831331698427807,0.7362519174462407,0.7826759234335358,8.831331698427807,11
10,X,461,False,6.539877607259866,0.2952815958909851,0.3971220669406309,6.539877607259866,78
10,X,241,True,8.86508071690911,0.4996608792634902,0.5658407103113349,8.86508071690911,9
10,X,230,True,8.520789577563015,0.4014929623638835,0.4813640140340765,8.520789577563015,21
10,X,416,True,8.386491133013598,0.3222483863059067,0.41756285473690397,8.386491133013598,27
10,X,118,False,5.671222132543296,0.33687026275762477,0.42894788623988234,5.671222132543296,95
10,X,506,False,6.483055595619396,0.3738170466783141,0.4585345129502999,6.483055595619396,81
10,X,462,True,9.323984890228946,0.6549772517863031,0.706760154180193,9.323984890228946,3
10,X,450,False,7.435613173025344,0.7997272464502756,0.8426614883179435,7.435613173025344,57
10,X,382,False,6.099210590734687,0.6065413139705975,0.6621231613019218,6.099210590734687,87
10,X,422,False,5.325965643726855,0.9055393302073369,0.94367165567883,5.325965643726855,105
10,X,259,False,8.232316168391781,0.7147271333131968,0.7624628451756663,8.232316168391781,40
10,X,16,True,8.405918051242564,0.3452044611803301,0.43552363334045824,8.405918051242564,25
10,X,62,False,7.451689754260197,0.4184042530388423,0.49555709473305243,7.451689754260197,56
10,X,127,False,7.560840629161652,0.6874598099542498,0.7369638427233762,7.560840629161652,51
10,X,283,False,5.849335165225935,0.34786814702563085,0.43763793584916494,5.849335165225935,89
10,X,299,False,5.27153690780259,0.3395964578542704,0.4310921819825072,5.27153690780259,106
10,X,27,False,5.707442309170373,0.3906808492632817,0.472383574185588,5.707442309170373,92
10,X,265,False,7.466867562478475,0.38662645596396533,0.4690359598479928,7.466867562478475,55
10,X,228,False,8.089958021234372,0.3065396896629607,0.40556293780119523,8.089958021234372,44
10,X,289,False,5.520793277244709,0.3135343743684381,0.4108753084451289,5.520793277244709,100
10,X,210,False,6.430571400571582,0.4580550146138863,0.5294611521086315,6.430571400571582,82
10,X,238,True,8.464106432142652,0.7333006467808088,0.7799003486012969,8.464106432142652,23
10,X,319,False,6.159653382188171,0.5740705928365751,0.6325122613349158,6.159653382188171,86
10,X,409,False,4.616476442938955,0.5070144931166363,0.5723446613794799,4.616476442938955,109
10,X,229,False,6.671416355056943,0.6716162370480766,0.7222070929074915,6.671416355056943,74
10,X,446,False,7.659322402361077,0.3216784603484206,0.41712317968605184,7.659322402361077,49
10,X,233,True,9.320775736851196,0.4681392174585459,0.5382091062978883,9.320775736851196,4
10,X,512,True,8.757858887159772,0.5812261775772983,0.6390137593826826,8.757858887159772,13
10,X,291,False,5.537709504071255,0.3036585782157479,0.40338969657550916,5.537709504071255,98
10,X,181,False,6.735914872156359,0.9011849362521539,0.9394940151523428,6.735914872156359,72
10,X,165,False,6.265919538726458,1.045278541084296,1.0784813135286981,6.265919538726458,84
10,X,417,True,8.53524433866559,0.2757271881839355,0.3828056915500229,8.53524433866559,20
10,X,356,True,8.546737320106953,0.2557691338461011,0.3686903375566773,8.546737320106953,19
10,X,169,False,6.329400541222159,0.580368136512721,0.6382334126779325,6.329400541222159,83
10,X,95,False,6.4969076589691275,0.4036802899642415,0.48318991264810773,6.4969076589691275,79
10,X,334,True,9.413063385296304,0.6251502026126369,0.6792109326313092,9.413063385296304,2
10,X,387,True,8.554544176708744,0.2890220338344204,0.39249006512401907,8.554544176708744,18
10,X,186,False,6.780091707202601,0.36877758829557117,0.45443550126323723,6.780091707202601,71
10,X,263,False,5.2417607428194835,0.883147028398561,0.9222057194294994,5.2417607428194835,107
10,X,316,False,5.675309335835741,0.4659362785557169,0.5362940712460119,5.675309335835741,94
10,X,240,True,8.37578627696195,0.4296090205904948,0.5050530920131031,8.37578627696195,28
10,X,449,False,7.744078734463698,0.28481732924849523,0.3894041938905096,7.744078734463698,48
10,X,465,True,8.451966272722993,0.4185193214454188,0.4956542520773989,8.451966272722993,24
10,X,18,False,8.277043351851727,0.35143152564832525,0.44047568877156135,8.277043351851727,36
10,X,335,True,9.695890349422712,0.3396983965484382,0.43117248961042476,9.695890349422712,1
10,X,510,False,7.002684877712496,0.8831562099174867,0.9222145120822441,7.002684877712496,65
10,X,9,False,8.277694723861734,0.26863336132865556,0.3777282065162779,8.277694723861734,35
10,X,94,False,6.685999660853473,0.44065107732445735,0.5144784612852872,6.685999660853473,73
10,X,48,False,7.2484729945856525,0.27977879731543265,0.38573422275777114,7.2484729945856525,62
10,X,350,True,8.399158267137812,0.3044208509314399,0.403963822218146,8.399158267137812,26
10,X,380,True,8.85514842338427,0.7863121662327742,0.8299406833894515,8.85514842338427,10
10,X,389,True,8.579045527306947,0.2831382550394824,0.3881777771151704,8.579045527306947,17
10,X,386,True,8.60488153234932,0.4056335845949441,0.4848229781380164,8.60488153234932,16
10,X,227,True,8.352158762310987,0.27019421662849197,0.3788398472689434,8.352158762310987,29
10,X,364,False,5.4557596881899615,0.6574988774817019,0.7090976583440182,5.4557596881899615,104
10,X,311,False,7.987249094672347,0.45740196277312895,0.5288962759634281,7.987249094672347,45
10,X,209,False,6.492386101126643,0.4779487019460754,0.5467629073658987,6.492386101126643,80
10,X,106,False,5.773482296976069,0.4218427500412999,0.4984636606029355,5.773482296976069,90
10,X,396,False,7.434183407814278,0.487156798095006,0.5548301191440947,7.434183407814278,58
10,X,105,False,6.94079674189232,0.6064785077223971,0.6620656277956571,6.94079674189232,66
10,X,266,False,7.48663739732601,0.35240091105653404,0.44124949551557235,7.48663739732601,54
10,X,188,False,7.791707925109498,0.8033904918251612,0.846138876032975,7.791707925109498,46
10,X,189,False,7.79138080571217,0.8040942192998188,0.846807078791065,7.79138080571217,47
10,X,85,False,6.659036247578964,0.410761133814688,0.48912107318331716,6.659036247578964,76
10,X,472,False,8.268231290014176,0.363485334037481,0.4501514225675745,8.268231290014176,38
10,X,385,True,8.64044339170319,0.5020502826735825,0.5679517598457602,8.64044339170319,15
10,X,528,False,8.247604536832943,0.7251809809029938,0.7722707881583377,8.247604536832943,39
10,X,375,True,8.867085924273505,0.6982075673850076,0.746999680276345,8.867085924273505,8
10,X,123,False,7.391666459557637,0.5243679571081519,0.587772464156878,7.391666459557637,59
10,X,301,False,5.515300727201366,0.7717256179502321,0.8161342687204964,5.515300727201366,101
10,X,111,False,4.6376782400532806,0.2853780748204792,0.38981452098083125,4.6376782400532806,108
10,X,484,False,8.230154530141034,0.3335920882400079,0.4263782317562672,8.230154530141034,41
10,X,277,True,8.927580760504572,0.4351790419757225,0.5097994838700599,8.927580760504572,7
10,X,471,False,6.661409149761616,0.6524926620271556,0.7044582238703413,6.661409149761616,75
10,X,279,True,8.824902345009052,0.6847801268395157,0.7344647964971602,8.824902345009052,12
10,X,489,True,8.338356142703118,0.48037758333125674,0.5488873634421277,8.338356142703118,30
10,X,177,False,6.633264737313583,1.0600012609233618,1.09275678370733,6.633264737313583,77
10,X,372,False,7.22838992362909,0.2999501375954329,0.4006055419272067,7.22838992362909,63
10,X,10,False,8.143891060802787,0.44101955863183634,0.5147941008549842,8.143891060802787,43
10,X,116,False,7.490830818138207,0.4283881306238674,0.5040149855298784,7.490830818138207,53
10,X,509,False,7.555055339807616,0.6082447294733955,0.663683935402565,7.555055339807616,52
10,X,63,True,9.264089117789549,0.7564144601052022,0.8016717224871515,9.264089117789549,5
10,X,439,False,5.930178390744508,0.61382396927391,0.668800852596982,5.930178390744508,88
10,X,490,False,8.335802446736846,0.27776994185886394,0.3842796582952948,8.335802446736846,31
10,X,290,False,5.5295641437818865,0.3284090912206839,0.4223354666324714,5.5295641437818865,99
10,X,272,True,8.470593289106608,0.3699458571705054,0.4553840713253943,8.470593289106608,22
10,X,287,False,7.383257594313474,0.4856210294422811,0.5534821581730098,7.383257594313474,60
10,X,314,False,6.25405441524292,0.8500838592954546,0.8905937811448753,6.25405441524292,85
10,X,182,False,6.814269567966413,0.9310005553036331,0.9681305434469801,6.814269567966413,68
10,X,49,False,8.222405938208864,0.7138879096277432,0.7616762190668294,8.222405938208864,42
10,X,303,False,5.680270533950102,0.9263522462923246,0.9636613509890846,5.680270533950102,93
10,X,437,False,5.494135685114433,0.4020932074903633,0.4818647763524122,5.494135685114433,103
