bit,unfolded_identifiers,folding_collision,distinct_fragment_strings,unfolded_ids
0,4,True,4,582635520;1457111040;1810862080;2246533120
1,3,True,3,776941569;3189374977;3870277633
2,3,True,3,171200514;3072614402;3749675010
3,3,True,3,656543747;2446692355;3644403715
4,2,True,2,2505662468;2907258884
5,4,True,4,1292365829;1944817669;2507870213;3925172229
6,5,True,5,301694982;1876656134;3087843334;3213451270;3756355590
7,2,True,2,1251717127;1462992903
8,5,True,5,469438472;1237393416;2221182984;3138203656;4175138824
9,5,True,5,1078206473;2524463113;2676113417;3663785993;3764248585
10,4,True,4,579797002;1740615690;2389495818;3692015626
11,2,True,2,866357259;3673190411
12,5,True,5,865378316;1075888140;2107666444;2210185228;4040749068
13,7,True,7,559345677;1802637325;2728144909;3169357837;3756560397;4008337421;4179685389
14,4,True,4,2598322190;2717986830;3080544270;4048236558
15,2,True,2,504893455;3883876367
16,5,True,5,520757264;709468176;844021776;1453588496;3942236176
17,7,True,7,364945425;1570054161;2806882321;2846822417;3216945169;3885068305;4074037265
18,3,True,3,85364754;2612858898;3761586194
19,4,True,4,1307246611;2575851539;2670776339;4158390291
20,5,True,5,990519316;2033573908;2394423316;2468372500;3363323924
21,5,True,5,985477141;2106302485;2304716821;3404795925;3459276821
22,3,True,3,2096930838;3186114582;3966103574
23,1,False,1,2019209239
24,1,False,1,2027655192
25,3,True,3,2458968089;2706919449;3032772633
26,6,True,6,1394372634;1747472410;2331406362;2348220442;3195645978;3565801498
27,2,True,2,1204875291;3843137563
28,5,True,5,414908444;1901662236;1956122652;2814730268;4155363356
29,4,True,4,1730555933;2221940765;3945721885;4237451293
30,3,True,3,513437726;2536964126;2632699934
31,4,True,4,737505311;1424261151;2731745311;3605217311
32,4,True,4,348315680;465960992;1185767456;2247553056
33,2,True,2,1105399841;2368897057
34,6,True,6,1026654242;2251845666;3443372066;3548856354;3595317282;3707826210
35,6,True,6,95301667;440332323;1095122979;2294734883;2633068579;4011978787
36,8,True,8,176009252;222593060;696066084;1981325348;2133016612;2376810532;2945912868;3327803428
37,2,True,2,2353410085;3423985701
38,4,True,4,434860070;622465062;843866150;3934466086
39,2,True,2,73617447;3787808807
40,1,False,1,1782525992
41,1,False,1,3315826729
42,5,True,5,234364970;244121642;693141546;1906188330;3682258986
43,6,True,6,324177963;466763819;2646208555;2735824939;3199664171;3321757739
44,1,False,1,767455276
45,2,True,2,2014494765;3820826669
46,4,True,4,795529262;1670828078;2805915694;3353956398
47,1,False,1,3488071727
48,4,True,4,12619824;68747312;990060592;1764642864
49,2,True,2,110628913;1196015665
50,2,True,2,2843459634;2872447026
51,2,True,2,1455996979;3258855475
52,4,True,4,87220276;913334324;3710296116;3908108340
53,4,True,4,333963317;1611677749;2069368885;2476015669
54,3,True,3,2240430134;2473439286;3552309302
55,5,True,5,106610743;2170507319;3180662839;3373596727;3489861687
56,4,True,4,70172728;906338360;1533767736;3002531896
57,4,True,4,824791097;1137614905;1317429305;2281984057
58,1,False,1,1253716026
59,4,True,4,340561979;3038679099;3255521339;3301568571
61,9,True,9,735637565;933171261;953888829;1421660221;1493110845;1728327741;1909452861;2413498429;3252183101
62,4,True,4,281669694;553500734;1446633534;3496656958
63,3,True,3,1128112191;3613454399;3988856895
64,4,True,4,99389504;1359077440;1956868160;2520084544
65,2,True,2,876273729;2702057537
66,4,True,4,147886146;995270722;1620013122;2086060098
67,4,True,4,1576357955;1970409539;1990316099;2397741123
68,7,True,7,448516164;467419204;1042178116;1574199364;3697147972;4116639812;4164079684
69,3,True,3,975388741;2807496773;4074569797
70,5,True,5,60031046;1297326150;1737809990;3461238854;3608617030
72,1,False,1,1640669256
73,6,True,6,1161338953;1769910345;1857089609;3038482505;3202297929;4089720905
74,2,True,2,1514360906;2030899274
75,6,True,6,24535115;834846795;1360777291;1888657483;3317293131;4162687051
76,3,True,3,434593868;3613691980;3635585100
77,4,True,4,1534431309;1684738125;1951109197;2566553677
78,3,True,3,899010638;1680388174;2987389006
79,1,False,1,532496463
80,2,True,2,2004144208;4189810768
81,5,True,5,564293713;707625041;1024241745;2203369553;3812663377
82,2,True,2,1164308562;1225154642
83,3,True,3,1087942739;1908281427;3163951187
84,5,True,5,950366292;1607254100;2630172756;3116171348;3840147540
86,5,True,5,1007435862;1545457750;1782808662;3332919382;3767263318
87,7,True,7,156246103;476274775;1343098967;1499680855;1725206615;2485436503;3986395223
88,4,True,5,1480134744;1760850008;2387116120;3244634200
89,4,True,4,308895833;2982494297;3203670105;3458715737
90,2,True,2,118059098;2693296218
91,6,True,6,350503003;418381915;3025862747;3738480731;3967451227;4283437147
92,6,True,6,447049820;1516900444;1820303452;2880585820;3454476380;4033380444
93,6,True,6,356331613;852377693;1346920541;1564799069;3088560221;3769102429
94,1,False,1,589930590
95,3,True,3,1301925983;1766043743;4241694815
96,3,True,3,107065440;1638432864;3156238432
97,3,True,3,1026654305;1364795489;2011856993
98,1,False,1,935596130
99,3,True,3,348893283;388079715;3815698531
100,2,True,2,920158308;4018831460
101,1,False,1,3616477285
102,3,True,3,738508902;910450790;1999904870
103,1,False,1,2292531303
105,3,True,3,272019561;860856425;4008775785
106,4,True,4,839323754;1466011754;1466409066;4209369194
107,3,True,3,614264939;2662105195;3893342315
108,3,True,3,1368621164;2942816364;3614376044
109,5,True,5,1206231149;1311510637;2350780525;2491445357;2512773229
110,4,True,4,744747118;922226798;1289367662;3563352174
111,3,True,3,2111770735;2778218607;2932015215
112,6,True,6,527974512;824160368;1546575984;2846597232;2858238064;4187963504
113,4,True,4,2565394545;2887602289;2985447537;3490910321
114,3,True,3,311840882;3220217970;3981357170
115,5,True,5,236327027;353595507;1365635187;2164924531;2259415155
116,6,True,6,443101300;1026928756;1861529716;2536919156;2641719412;2656166004
117,6,True,6,1362518133;1585578101;1781063797;1849225333;3834163317;3843784821
118,4,True,4,456978550;3346272374;3834073206;4003049590
119,4,True,4,1486598263;2720313463;3717570679;3870994551
120,3,True,3,996913272;1906253944;2068840568
121,5,True,5,1015144569;2577272953;3367452793;3537813625;4020916345
122,1,False,1,586440826
123,2,True,2,2572447867;3443757179
124,4,True,4,447791228;3039039612;3304231036;3472760956
125,1,False,1,1787228285
126,5,True,5,113668222;2554916990;2801512574;2931966078;4008898686
127,3,True,3,1026044031;2826334335;3314176127
128,3,True,3,590446720;639225984;821125248
129,1,False,1,1832894593
130,4,True,4,91234434;1081512066;1297645698;3801342082
131,4,True,4,350965891;1966940291;2439639171;2590146691
132,2,True,2,290340996;789254276
133,10,True,10,369500293;882655365;1202581637;1378742405;2375897221;2423210117;2852417669;2871959685;3336552581;3850563717
134,5,True,5,698282118;2750947462;3329364102;3967082630;3971141766
135,3,True,3,569598087;1319329927;3304681607
136,2,True,2,1081942152;1822417032
137,1,False,1,3884978313
138,4,True,4,863297674;1591279754;2345451658;3581923466
139,5,True,5,301277323;1740632203;2383048843;2646343819;3775127691
140,7,True,7,252874892;298094732;914018444;1609883788;1618010252;2591432844;4275404940
142,5,True,5,1458180238;3025027214;3327533198;3728851086;4015034510
143,5,True,5,273092751;2523238543;2788008079;3024646287;3475165327
144,4,True,4,591167632;2501423248;3550281872;3843727504
145,2,True,2,1523511441;3834937489
146,3,True,3,2126762130;2572820626;3611775122
147,8,True,8,509927571;713724051;1101054099;2222715027;2537603219;3225624723;3466223763;3563770003
148,3,True,3,1949151380;3047723156;4166979732
149,5,True,5,1433526421;1867628693;2810163349;3749417109;3873570965
150,4,True,4,308605078;896700566;2926067862;4133683350
151,5,True,5,770928791;1770950807;2751324311;3633569943;3907035287
152,2,True,2,3434385560;3736387736
153,3,True,3,396800153;1164841113;2190909593
154,3,True,3,1207431322;1519095962;1550033050
155,6,True,6,139313307;1537585307;2598871195;2965913755;4061040795;4139606171
156,2,True,2,3633205404;4066074780
157,4,True,4,815321245;1832149149;3673399453;3774726301
158,3,True,3,1683636382;3401564318;3760570526
159,4,True,4,195764383;204644511;1987047583;3539386527
161,1,False,1,1622028449
162,1,False,1,1791271074
163,7,True,7,966746275;1247191203;2057281699;2167029923;3175596195;3839508643;3903213731
164,3,True,3,684146852;2547392676;3209597092
165,1,False,1,579338405
166,4,True,4,746815654;1904922790;3466404006;3870339238
167,2,True,2,1283506343;2750898343
168,1,False,1,636633256
169,2,True,2,1117671593;4033159337
170,4,True,4,1541095594;1746583722;1882828970;3511787690
171,2,True,2,21209259;934178987
172,1,False,1,3245293740
173,5,True,5,15458477;593068205;773861549;1683808429;2245898413
174,2,True,2,154452142;1779290286
175,2,True,2,1384140975;2431963311
176,2,True,2,2183311536;4137181360
177,2,True,2,701845681;802238641
178,5,True,5,383869106;1046716594;1907876018;2596774066;3680911538
179,6,True,6,392900787;1040617651;1620766899;1640878259;2982486195;3140878515
180,4,True,4,793813172;2790805684;3297538228;3560521908
181,3,True,3,1238950069;3121311925;4123893941
182,2,True,2,237232310;1334034614
183,1,False,1,781701303
184,3,True,3,1851732152;2103021752;2151510200
185,5,True,5,2078191801;2347528377;3408797881;3743326393;4012662969
186,4,True,4,465563834;567005370;1673937082;3116196026
187,3,True,3,918175931;2064330939;3465343163
188,7,True,7,1131663548;1173491900;2208837820;2270208188;2382254268;2766434492;4040847548
189,4,True,4,2642706621;2661068989;3303518397;3339886781
190,2,True,2,857497790;3168075966
191,6,True,6,506867903;1188495551;2456117439;2655400127;2960797887;3918336191
192,4,True,4,255705280;1826095296;2140623040;2236907712
193,6,True,6,112840897;529260737;2120237249;2317971649;2854674625;3624784065
194,3,True,3,265502914;1126326466;2867003586
195,1,False,1,2890522819
196,3,True,3,1193799876;3931091140;4182175940
197,2,True,2,303513797;717512901
198,5,True,5,1138204870;1336365254;2442281158;3850477766;4284244166
199,3,True,3,3409916103;3775680711;3969126599
200,3,True,3,510157000;2935201992;3978354888
201,1,False,1,934097097
202,9,True,9,48799946;1354408138;1541992650;2306146506;2540888266;3025629386;3480371402;3801174218;3908620490
203,3,True,3,1740947659;2030457035;3075027147
204,5,True,5,493871308;1562435788;2732716236;3422523596;3455955148
205,4,True,4,459595981;1528279245;2128429261;2279121101
206,4,True,4,32678094;1308365006;1849438414;3058733262
207,3,True,3,2104668367;3109281999;3428860111
208,4,True,4,80429264;736731344;765542608;1768239312
209,7,True,7,57458897;860725457;1137778897;1331921105;2636452049;2999308497;3140600017
210,3,True,3,486891730;781500626;2852171986
211,3,True,3,1170706643;2625962195;3396464851
212,1,False,1,1611874516
213,6,True,6,361656533;982663381;1394335957;1915080917;3561222357;3808944341
214,6,True,6,443269334;1277583574;2136465622;2409787606;2707206358;3358802134
215,3,True,3,234315991;1135259863;3982934231
216,7,True,7,1669198040;2246340824;2290987224;3001700568;3336720600;3748913368;4105801944
217,3,True,3,2624241881;3383570649;3385938137
218,1,False,1,3966607578
219,4,True,4,311107803;928116955;1838485723;2597187803
220,3,True,3,1865306332;2812362972;3625906396
221,6,True,6,753066205;1057009885;1350283485;2459836637;3137425629;3402199261
222,4,True,4,730542302;2845872350;2874253534;2954928350
223,1,False,1,2843889887
224,2,True,2,1786425568;2720039136
225,4,True,4,375861473;997097697;1885044961;4285997281
226,3,True,3,973541602;1739309282;3960140002
227,4,True,4,585531619;703029475;2953953507;3368841443
228,4,True,4,567722212;1994490084;3076374756;3939897572
229,3,True,3,819908837;1026924773;2373796069
230,5,True,5,480870630;2392871142;2943770854;3965194470;4229964006
231,6,True,7,195928295;1824088295;1956053223;2483552487;2810421479;3447005415
233,3,True,3,546578665;1321357545;3717521641
234,3,True,3,106668266;3217162474;3374657770
235,5,True,5,49778923;659615979;2648649963;2904109291;2931695851
236,1,False,1,1199292652
237,5,True,5,649502957;1353527533;1572511981;2322460909;2677858541
238,6,True,6,1254007022;1940463854;2681876718;3245027566;3561812206;4035035374
239,3,True,3,1154937071;1655578863;3868066031
240,5,True,5,47771888;328954096;360202480;2199380208;4181692656
241,1,False,1,3992158449
242,4,True,4,317104370;443932914;1677476082;4148756722
243,5,True,5,1357091059;1963524339;2546487539;2759340275;2782937331
244,4,True,4,317677812;361201908;815612148;1055887604
245,2,True,2,28274933;411967733
246,1,False,1,1616539894
247,6,True,6,458158327;586068215;1185415415;3556573431;3691159799;3819045111
248,5,True,5,707580152;890732792;2656379128;3226480888;3376021752
249,4,True,4,932712697;1476555001;2947477753;3530170617
250,2,True,2,2505339130;3560513786
251,2,True,2,856301819;2486452475
252,5,True,5,2067472636;2438795516;2966098172;3032101116;3754877180
253,4,True,4,895910141;2329178365;2945069309;3188113661
254,1,False,1,3966091518
255,3,True,3,1746317567;2691244287;3669221631
256,2,True,2,1857753344;3486802176
257,4,True,4,1745424641;3005595905;3093770497;3167027457
258,4,True,4,2132939010;3202003202;3563819266;4126912770
259,6,True,6,267940099;323522819;389312771;907858179;2855514371;4085285123
260,4,True,4,285098244;371273988;689287428;2686206212
261,3,True,3,3210416389;4129685765;4209045765
262,4,True,4,305828102;310436102;1546780934;3120619782
263,5,True,5,1567510791;1799340295;2421162247;2996859143;3231748359
264,3,True,3,2046865672;2752110856;3987005704
265,4,True,4,984572169;1630712073;3543470345;3729207561
266,6,True,6,1132126474;1199059210;1634955530;1987576074;2206597386;3840037130
267,2,True,2,2467557643;2818642187
268,4,True,4,471986444;1146315020;1198661900;3001250060
269,1,False,1,2210685197
270,2,True,2,542290190;850166030
271,2,True,2,26517775;875680015
272,5,True,5,123347216;2464596240;2842308880;2925367568;3309854992
273,4,True,4,2024681745;2045006097;2706034961;3857465617
274,7,True,7,1009021202;2280345874;2530504978;2612728082;3329925394;4117205266;4268273938
275,3,True,3,761438483;1257066771;1805799699
277,5,True,5,454029589;1052541205;1666720021;1677435157;2652705045
278,4,True,4,1720606998;1999753494;2925850902;3148120342
279,2,True,2,338972951;4193689879
280,6,True,6,305058072;1293816088;1664135448;2201887000;3658735896;4143444248
281,4,True,4,78623001;502690073;2861195545;3725025561
282,4,True,4,1076060442;1746956570;1790083354;2049519898
283,1,False,1,1996026139
284,3,True,4,1841922332;2172850460;4122325276
285,5,True,5,631390493;3055632669;3465412893;3758367005;4078706973
286,5,True,5,329654558;795648286;840331550;1059266846;2389405982
287,1,False,1,4102492447
288,2,True,2,1699950880;2739425568
289,1,False,1,2218590497
290,5,True,5,324034850;1050878242;1849631010;1905307938;3648540962
291,2,True,2,382320931;1036431651
292,6,True,6,286433572;299737380;428908836;1276387620;2166206756;4013310244
293,4,True,4,345362725;2434879781;3313197349;3683770661
295,5,True,5,417489191;1601696039;3569680679;3573817639;3847717159
296,1,False,1,1842929960
297,3,True,3,2337804585;3033166121;3622727977
298,2,True,2,28762410;2462376234
299,4,True,4,1851511083;2222068011;3726876971;4021936427
300,2,True,2,892928300;2266485036
301,1,False,1,3928365
302,5,True,5,542757166;620048686;1945063726;3828322606;4291584302
303,3,True,3,1136828719;1949430063;3709051183
304,2,True,2,2624950576;3896373552
305,5,True,5,214126897;1198383409;2355282225;2856190257;4105773361
306,2,True,2,3201831218;3938447666
307,4,True,4,206270771;3353796915;4044460339;4235624755
308,5,True,5,566157620;1372164404;1391898932;3455213876;4079968564
309,3,True,3,1070821685;2352193845;2379014453
310,4,True,5,937460022;1876820278;2469904694;2869424438
311,5,True,5,1068511543;1345655095;2970976567;3318804791;3477950775
312,3,True,3,1335177528;1837031736;3515994424
313,5,True,5,482332985;1073758521;1608716601;2542334265;3705028921
314,6,True,6,1124766010;1230934330;2284335418;3555860794;3712246074;4279701818
315,2,True,2,824574267;1059975483
316,3,True,3,890417468;2098020668;2580439356
317,2,True,2,2319429949;2860585277
318,1,False,1,486609214
319,2,True,2,2195972415;2455552319
320,1,False,1,789709120
321,5,True,5,195539265;607347009;1237967169;3001340225;4120080705
322,3,True,3,578478402;3162837314;4053426498
323,1,False,1,1797529923
324,3,True,3,1523851588;2685354308;2853159236
325,4,True,6,616374597;1845338437;2926367045;3745923397
326,4,True,4,75092294;988741958;2320916806;2895036742
327,2,True,2,1252073799;1628512583
328,5,True,5,493191496;975495496;1000177992;1665524040;3744624968
329,4,True,4,660541769;1594114377;2992390473;3817173321
330,4,True,4,238518602;1126367562;1263575370;3468456266
331,5,True,5,487608651;799916363;1246560587;2874253643;4276588875
332,2,True,2,301797708;2300977484
333,5,True,5,335724877;1386758477;1572442445;3152081229;4012110157
334,6,True,6,887804238;1375068494;1578254670;3527795022;3958268238;3997438286
335,4,True,4,34509135;1346851151;3760677199;3912712527
336,1,False,1,2116956496
337,3,True,3,1040232785;2991546705;3630653777
338,4,True,4,1044537682;1738469714;2541359442;4027838802
339,3,True,3,109777235;1442189651;4228927827
340,4,True,4,1524007252;1784983892;2297934164;4075528532
341,3,True,3,142782805;331575637;2719621461
342,4,True,4,700174678;800989526;1560785238;1942491478
343,4,True,4,1333555543;2328129879;2705494359;3832013143
344,3,True,3,1889358168;2873160024;3354468696
345,5,True,5,164185;828793177;1278398809;2097389913;2190012761
346,4,True,4,1939128666;2467148122;2858439002;3307938138
347,7,True,7,4268379;111501659;2360467803;2373652827;3323543899;3482898779;3669819739
348,3,True,3,942313820;3373232476;3619545436
349,4,True,4,957210973;2198630749;2620723549;3525529949
350,2,True,2,999334238;1036992862
351,1,False,1,4291903839
352,9,True,9,18354528;364065120;638771552;1811947872;1886646624;3070808416;3415040352;4019495264;4190187872
353,1,False,1,2476253537
354,8,True,8,145838434;903614818;1362202978;1561391458;2170548578;2443538786;3088789858;3281072482
355,3,True,3,30241123;1385087331;3356008803
356,3,True,3,1627603300;3434615140;3440140644
357,3,True,3,536457573;2853515621;4122231141
358,6,True,6,1798398310;1947214182;2222711142;2234601830;2352681318;3542749542
359,10,True,10,133259623;171311463;361582951;750289255;937382247;987586919;1976717671;2122858855;2414387559;3661758823
360,2,True,2,826573160;3879371112
361,4,True,4,714711401;788197737;1842114921;3105759593
363,5,True,5,990949739;1096171883;2254369131;2418700651;3490668907
364,5,True,5,162214252;1308283244;1369887084;2453774700;3908858220
365,4,True,4,1180013;1125212525;1962914157;4263731565
366,5,True,5,849375598;2616766830;3134234990;3523629422;3552649582
367,5,True,5,83038575;117473647;641655151;970727791;3367915887
368,2,True,2,906916208;3948134768
369,4,True,4,148083057;821584241;974827889;3340054897
370,4,True,4,630739314;1184436594;3087901042;3197436274
371,2,True,2,2420625779;3195818355
372,1,False,1,964063604
373,7,True,7,1802658165;1983193461;2105340277;2137137525;3242901877;4005011829;4046979445
374,3,True,3,659951990;2053800310;3305611638
375,1,False,1,4174602615
376,3,True,3,642331000;733823352;3618300280
377,3,True,3,1164169593;3946791289;3949740409
378,2,True,3,2041434490;3461685626
380,2,True,2,2545729916;4105896316
381,6,True,6,196067709;1763955069;1863754109;1909023101;1982583165;3316269437
382,3,True,3,1654247806;1773584766;3737637246
383,1,False,1,3880022399
384,4,True,4,573886848;2005815680;3145023872;4035187072
385,4,True,4,426426753;490697089;547934593;3462308225
386,2,True,2,852222338;3369800066
387,5,True,5,153125251;263307651;1678877059;1693331843;3480322435
388,3,True,3,1588605316;2053546372;4089454980
389,3,True,3,2295505285;2763854213;3232039301
390,2,True,2,55230854;1157480838
391,4,True,4,974315911;2981667207;3844235655;4117139847
392,4,True,4,1348116872;1550745992;2373681544;2712162696
393,4,True,4,718107017;1121796489;1587700105;2751820169
394,4,True,4,974180746;1336013194;1688805770;2592252298
395,4,True,4,50282891;663552395;2785968523;3037270411
396,1,False,1,3377193356
397,2,True,2,2143224205;4093034893
398,1,False,1,4278899086
399,3,True,3,2393174415;2887045519;3079127439
400,11,True,11,295354768;750903696;1465004432;1707123088;1833255312;1895358864;1993007504;2217910672;2640998800;2914402704;3072795024
401,6,True,6,1202155921;1624801681;2199429521;2704400785;2754220433;3711807889
402,4,True,4,1053589906;1860215186;2424152466;4091015570
403,1,False,1,2300965267
404,6,True,6,357794196;1839198612;1969070484;2775523732;3321409940;3913097620
405,2,True,2,22077845;2757161365
406,3,True,3,260506006;636391830;3352490390
407,3,True,3,248983959;2901172631;3488678295
408,6,True,6,699675032;2045346200;2249789848;2839232920;2893926808;3515953560
409,6,True,6,155480473;1048936857;1785598361;1930154393;3706204569;3990466969
410,7,True,7,247787930;508412314;753099162;1178997146;1485906330;1501057434;1897804186
411,5,True,5,270213531;1823666587;2171261339;3189719451;3386483099
412,4,True,4,455008668;1923056028;3244065180;4066156956
413,3,True,3,1006780829;1491153309;1977287069
414,3,True,3,82207134;1360155038;3944755614
415,2,True,2,363667871;2549449119
416,4,True,4,1159807392;1585025440;1955172768;2829767072
417,2,True,2,2441429409;2788442529
418,3,True,3,1368498594;2537554338;4094575010
419,3,True,3,438165923;3126604195;3131896227
420,3,True,3,122511780;2292351396;2649063844
421,2,True,2,1083756965;4025975205
422,3,True,3,691974566;1758650790;2185785766
423,2,True,2,1705243047;1884873127
424,4,True,4,1360621992;1688093096;2880573864;4105298344
425,5,True,5,204665257;1777344937;2439094697;3088822697;3296960937
427,3,True,3,1684967851;1686155691;3351941547
428,5,True,5,2721866156;2963878316;3162689964;3982819756;4038492588
429,2,True,2,3269570989;4136690093
430,5,True,5,346583470;772923822;1899422126;2786226606;3499340206
431,6,True,6,309248431;2365186479;3186327983;3218694575;3368890799;3987247535
432,5,True,5,575566256;727519664;737243568;760562096;2405597616
433,4,True,4,186581425;822337969;2225799601;3260600753
434,4,True,4,1306423730;1370911154;3130614194;3557994930
435,7,True,8,256573875;2100302259;2473742771;2594664883;2997051827;3465875891;4269625779
437,1,False,1,2544226741
438,4,True,4,69439926;2672648630;2704077238;3781861814
439,6,True,6,1225028023;1642742199;1671020983;1689596343;1835884983;3258536375
440,4,True,4,597336504;1128415672;1997767096;3422388664
441,3,True,4,958505401;1078211001;4261261753
442,4,True,4,72933818;396534202;2957816250;3566174650
443,4,True,4,692900283;883798459;1718116795;3230978491
444,2,True,2,1770439100;2240459196
445,2,True,2,836759997;1381941693
446,3,True,3,638300606;3355615678;3398521278
447,4,True,4,2880123327;3077992895;3116786111;3383181759
448,3,True,3,1665352128;2817491392;3404247488
449,5,True,5,374288833;1843106241;1979445697;2856894913;3567641025
450,3,True,3,616640962;1709253058;1714315714
451,5,True,5,2228568515;2696724931;3967812035;4034433475;4226802115
452,1,False,1,2443555268
454,5,True,5,361771462;559837638;2810479046;2817905094;4033630662
455,2,True,2,1017889223;2793681351
456,8,True,8,450781640;1815171528;2452025800;2784506312;3052663240;3113181640;3135353288;3168453064
457,1,False,1,2591199689
458,5,True,5,1295491530;1756840394;2736783818;3297956298;3599139274
459,6,True,6,290464203;963133899;1534816715;2523242955;4114239947;4274622923
460,4,True,4,1796784588;2508972492;3139924428;3334492620
461,1,False,1,617116109
462,5,True,5,333623758;1984106958;2276229582;2585850318;4261175758
463,2,True,2,938398159;1970528719
464,6,True,6,572760528;658272720;1485005264;2016010704;3737645520;3862688208
465,6,True,6,145920465;636490193;1135227345;1933836753;2128830929;3194909137
466,7,True,7,606036434;1364722130;1733607890;1936916946;2219614674;3215299026;3681858002
467,2,True,2,785576403;3509891539
468,4,True,4,1243501012;1735770580;1855132116;4191961556
469,5,True,5,466874837;667849173;1615704533;2470638037;4171534805
470,1,False,1,13119958
472,2,True,2,2879332824;3576922584
473,1,False,1,422916569
474,6,True,6,263229914;439165402;1243812314;1340137946;1507598810;2328805850
475,3,True,3,1927606747;2316857819;3219710427
476,4,True,4,455483868;1393390044;2263228892;2422141404
477,3,True,3,1543696861;2672824797;4008534493
478,7,True,7,469053918;935662046;1261920734;1850810846;2064486878;3517268446;4148945374
479,3,True,3,56373727;3703751135;4249203167
480,3,True,3,448692704;1175015904;3556372960
481,3,True,3,1075171809;2997408225;3121734113
482,2,True,2,2316427746;4107493858
483,2,True,2,410366435;4160963043
484,7,True,7,281448932;1007354340;2582319588;3153912292;3249398244;3389456868;3446731236
485,3,True,3,1240871397;2958635493;2964976101
486,2,True,2,24510950;1245884902
487,4,True,4,893997543;2815521255;3695526375;4003054055
488,5,True,5,766063080;1430094312;1566532072;3531457000;4240429544
490,2,True,2,426537450;1703117290
491,5,True,5,421343723;820330987;3243647467;3793207787;3826254315
492,3,True,3,1017721324;1093386732;1671770604
493,3,True,3,884638189;1064075757;1609171437
494,4,True,4,1547891182;2239803886;2349568494;4268093934
495,1,False,1,1618887151
496,4,True,4,226595312;2696806896;2950402544;3181191664
497,5,True,5,552722929;746758641;1035923953;2263376369;2448462321
498,4,True,4,336466418;1673060850;3458019826;4218458610
499,2,True,2,757015027;1647972851
500,2,True,2,1837859316;3409142260
501,6,True,6,1512481269;1839641077;1919750645;2040685045;2290278901;3371041269
502,2,True,3,785465846;1260835318
503,3,True,3,2909204983;3845575159;4219097591
504,1,False,1,2947146232
505,7,True,7,23552505;894874105;1690030585;1836282361;2365317625;3666952697;3688620537
506,4,True,4,1228136954;1350337018;1936388602;3141497338
507,4,True,4,317817339;2262073851;2682921467;2845450747
508,3,True,3,394166780;1398403580;4287148540
509,2,True,2,3258565117;3808580093
510,5,True,5,1128710654;1464521214;2803425790;3135820286;4259652094
511,6,True,6,131678719;356766207;1838842367;1898992127;2854920703;3313857023
512,5,True,5,464007680;484852224;2557088256;4105069056;4261765632
513,3,True,3,460169729;2350879233;2767888897
514,6,True,6,444076546;895869442;1048891906;2194063874;2659525122;3847361026
515,2,True,2,755401219;1798951427
516,3,True,3,3781124;1609277956;2938020356
517,4,True,4,648643077;706241029;2462515717;3327074821
518,2,True,2,803705350;1491960326
519,2,True,2,1397494279;2256626183
520,2,True,2,1599779336;1694388744
521,5,True,5,1019269641;1228263945;1795727881;1936257545;3252285961
522,3,True,3,878621194;1288483338;3605459466
523,4,True,4,245068299;2124923403;2464133643;2754294283
524,3,True,3,1534734860;2082939404;2352996876
525,3,True,3,326066701;393425421;2440622605
526,4,True,4,1583170062;1934840334;2395259406;2454602254
527,4,True,4,736285199;816603663;1519493647;2696880655
528,4,True,4,1155031568;2009924112;2234847760;3955384848
529,2,True,2,1996587537;2762756625
530,4,True,4,733585938;775381522;2963816978;4288090642
531,4,True,4,72679955;2072748563;3071001107;4283564563
532,1,False,1,1438573076
533,3,True,3,1065976341;2120077845;3988619797
534,6,True,6,892756502;2132918806;2136273430;2265784854;3613065750;4171399702
535,3,True,3,56517143;1316348439;2941661719
536,4,True,4,853373464;936546840;1167004184;2224349720
537,4,True,4,360333849;1096565273;1998705177;4005184025
538,2,True,2,2245829146;2950431258
539,8,True,8,624128539;1230754331;1792229915;1800053275;1842426395;1933906459;2108981787;3194245659
540,4,True,4,1588425244;1887965724;1999299100;2419937820
541,5,True,5,171508253;1206768157;1813901853;1885073949;3471766045
542,4,True,4,890851870;1054343710;1680187934;1767203358
543,2,True,2,1614631455;4219093535
544,1,False,1,2651214368
545,4,True,4,145936929;920322593;3150369313;3361649185
546,4,True,4,924721698;953074210;1140900386;3019100706
547,6,True,7,158011939;628621859;951239203;1346945571;3052233251;3056009763
548,1,False,1,1037693476
549,4,True,4,3370172965;3715326501;3939238437;3981550117
550,4,True,4,885223974;2675438118;3016544806;3828568614
551,3,True,3,418062887;1473274407;2948080167
552,3,True,3,1987912232;2222166568;2366509608
553,3,True,3,882033193;1889362473;3733197353
554,5,True,5,1074450986;1174626858;1327759914;2296308266;2836025898
555,9,True,9,98828843;117396011;517435947;922817067;1972048427;2556826155;3109671467;3432423979;3945009707
556,5,True,5,268775980;864469548;2154975788;2711478828;3346252332
558,2,True,2,775631406;1595257390
559,5,True,5,1290494511;1316323887;1877668399;2695828015;3775250991
560,5,True,5,1327493680;1939870256;2906214960;3175416368;4189770288
561,8,True,9,390738481;1051378225;2378928689;2677711409;2830000689;2914177585;3452535345;4285690417
562,4,True,4,1797542450;2532643378;2618049074;2760376882
563,2,True,2,2332209715;3502547507
564,8,True,8,213520948;264864308;440328756;1861476916;2348331572;3059896884;3455189556;4155126324
565,2,True,2,296907317;472126005
566,3,True,3,190226998;817349174;1161921078
567,4,True,4,203616823;1450258999;3244986935;4294001207
568,2,True,2,1338753592;3102560824
569,2,True,2,854241849;1524675129
570,3,True,3,20374074;3060003386;3469132346
571,4,True,4,2122543675;2634953275;2854105659;3053036091
572,2,True,2,1928315452;2180432444
573,6,True,6,344666685;614285885;1921589821;3195200061;3300110909;3904750141
574,7,True,7,295150142;415867454;926917182;1206215230;2059543102;3143742014;3263074878
575,9,True,9,410432063;782914111;1347494463;2624160319;2890678847;3048383039;3418726975;4185018943;4235432511
576,2,True,2,572170816;4023808576
577,6,True,6,1017311809;1810285121;2671497793;3025621569;3226391105;4178682433
578,2,True,2,169624130;2331828802
579,3,True,3,682869315;2042131011;2798981699
580,5,True,5,2261377604;2915971652;3705303620;4022067780;4099203652
581,3,True,3,740717125;1645113925;2834399813
582,3,True,3,478884422;1509769798;3812962886
583,3,True,3,783979079;905994823;3203404359
584,3,True,3,68473416;216912456;993653320
585,2,True,2,1435742793;4236456521
586,2,True,2,1324565066;2953028170
587,2,True,2,2972856907;4233425483
588,3,True,3,314880588;1227559500;2370003532
589,8,True,8,111874637;439263821;582935117;2283643469;3115471437;3637998157;4225872461;4280582733
590,4,True,4,814228046;3047195214;3595477582;3973726798
591,6,True,6,607367759;1440326223;2585203279;3947356751;4060987983;4196323919
592,3,True,3,1532826192;2184651344;3130323536
593,1,False,1,3048931921
594,2,True,2,552436306;3987796562
595,3,True,3,556352083;581960275;2410627667
596,5,True,5,485937748;847503956;996237908;1912611412;2910847572
597,7,True,7,184021589;316068437;937050709;1074692693;1319531093;1563533909;1998475861
598,4,True,4,507966038;1392812630;2817237590;3286352470
599,1,False,1,1280770647
600,4,True,4,279343704;387691096;1237938776;3886342744
601,5,True,5,656224857;1136644697;1888465497;2091266649;3074671193
602,2,True,2,675242586;1161286234
603,4,True,4,144568923;306299483;1081516635;3788051035
604,9,True,9,233345628;1773462108;2618528348;2710524508;2787103324;3408732764;3726721628;3881919068;4240577116
605,4,True,4,531116637;1487848029;2638856797;2639438429
606,7,True,7,461627998;694198878;737714782;2561458782;2851123806;3753931358;4115554910
607,3,True,3,380928607;4114346591;4134609503
608,1,False,1,163050080
609,2,True,3,231727713;4256629345
610,4,True,4,568857186;1916236386;2871730786;3245052514
611,2,True,2,163627619;1893651043
612,2,True,2,1172550244;1901265508
613,4,True,4,6591077;703902309;866976357;4141404773
614,4,True,4,1074680422;1160106598;3282489958;4214719078
615,3,True,3,708928103;1529901671;2207318631
616,4,True,4,2761077352;3087073896;3432866408;4097606248
617,5,True,5,516739689;982844009;1038762601;3312411241;3537433193
618,5,True,5,89383530;454652522;1288589930;2067321450;2438902378
619,5,True,5,946053739;1575871083;1834959467;3609637483;4144177771
620,2,True,2,497316460;651395692
621,2,True,2,1872728685;3027067501
622,2,True,2,1021178478;1421345390
623,3,True,3,818283119;916054639;1852035695
624,2,True,2,10244720;559178352
625,5,True,5,720822897;1071641201;1745560177;1862955633;2341216881
626,2,True,2,1307751026;2642498162
627,3,True,3,1921483379;2857570931;3532309107
628,2,True,2,530014836;752001652
629,1,False,1,4068635253
630,5,True,5,21709430;21738102;930640502;961385078;2885444214
631,1,False,1,3062424183
633,2,True,2,331575929;3050631801
634,2,True,2,225624698;2297684602
635,3,True,3,710124155;1155842683;2628043387
636,4,True,4,84796028;2644513404;3054559868;3578057340
637,8,True,8,913134205;1221775997;1322537597;1383113341;1423385213;1957188221;2157441661;3948532349
638,4,True,4,1227059838;1630528126;3577668222;4292670078
640,4,True,4,560358016;2567295616;2797539968;3194540672
641,4,True,4,709059201;3457675905;4058165889;4278059649
642,4,True,4,745976450;1106276994;1682559618;3007267458
643,4,True,4,2034385539;3297981059;3552699011;3642962563
644,4,True,4,1444819588;1580753540;2807599748;4001591940
645,1,False,1,2201289349
646,1,False,1,2177401478
647,5,True,5,1535775367;1727619719;2013045383;2084364935;3260539527
648,4,True,4,1676247688;2142958216;2512478856;2574840456
649,3,True,3,1178845833;2015060617;3792822921
650,4,True,4,42984074;1750639242;2587878026;3822330506
651,4,True,4,666686091;1047184011;1333453451;2071798411
652,5,True,5,932692620;1316622988;1531519628;1772081804;3772744332
653,2,True,2,3166925453;3944174221
654,6,True,6,39899790;736514702;2406228622;3196166798;3311784590;3719762574
655,5,True,5,761754255;960250511;1398616719;1740075663;3503108751
656,3,True,4,1204392592;3189457552;4212368016
657,4,True,4,139367057;1399624337;2401346193;2743603857
659,3,True,3,272110227;2046251667;2834895507
660,3,True,3,130249364;1243099796;3638645396
661,1,False,1,2411917973
662,2,True,2,123515542;2808627862
663,3,True,3,2244018839;3658945175;3675542167
664,3,True,3,228749976;431202968;2478596760
665,2,True,2,61481625;2079273625
666,3,True,3,178000538;224907930;3012080282
667,5,True,5,1983492763;2160374427;2932363931;3386196635;4256969371
668,1,False,1,1862632092
669,2,True,2,657855133;4168626845
670,4,True,4,168772254;1036964510;3949077150;4103283358
671,1,False,1,1005703839
672,3,True,3,1618789024;1912066720;4066665120
673,3,True,3,64901793;1210729121;2269545121
674,1,False,1,1586176674
675,6,True,7,721011363;1397924515;2912391843;3046937251;3351556771;3639325347
676,3,True,3,1205797540;1592500900;2056405668
677,3,True,3,1812611749;2271793829;3490710181
678,4,True,4,1201037990;1355211430;2967798438;4178182822
679,3,True,3,818717351;3082564263;3882250919
680,9,True,10,192676520;621875880;1183376040;1300464296;1549284008;2103595688;2457408168;3543921320;4157309608
681,2,True,2,113390249;2068370089
682,4,True,4,81142442;2805150378;3144884906;3322303146
683,3,True,3,1623470763;2008416939;2036384427
684,4,True,4,509280940;888353452;1483731628;2665562796
685,2,True,2,472736429;3317514925
686,2,True,2,3315262126;3566043822
687,7,True,7,361135;102212271;151941807;292872879;1580679855;2908631727;3990065839
688,5,True,5,930865840;1036780208;1623835312;4144734896;4274713264
689,5,True,5,1036108465;2806018737;3086389937;3214971569;4224959153
690,4,True,4,953373362;2341585586;2940048050;3282223794
691,4,True,4,470807219;1650725555;2157367987;3892830899
692,2,True,2,1292010164;3835273908
693,5,True,5,362615477;993583797;2392601269;3892941493;4212392629
694,2,True,2,849552054;1825772214
695,5,True,5,70013623;590570167;864674487;2696897207;3502101175
697,3,True,3,2830344889;2862187193;4008538809
698,1,False,1,246497978
699,5,True,5,3033576123;3337745083;3414606523;3570700987;4267487931
700,3,True,3,2207810236;2260406972;3217892028
701,1,False,1,3166794429
702,1,False,1,2203124414
703,5,True,5,481292991;2599228095;2715132607;2896319167;3072287423
704,2,True,2,1074901696;1157812928
705,3,True,3,2012639937;2072347329;2291708609
706,6,True,6,328204994;374493890;811352770;1796170434;3094622914;4156723906
707,2,True,2,441680579;4006675139
708,6,True,6,141374148;161600196;175424196;2630685380;3596485316;3990872772
709,1,False,1,1568039621
710,6,True,6,146248390;2681791174;2777866950;3375731398;4053865158;4056728262
711,3,True,3,750445255;2612409031;2613682887
712,5,True,5,115016392;1294815944;1338184392;1493779144;2467939016
713,4,True,4,584893129;845931209;1290171081;3525415625
714,2,True,2,2270552778;2957378250
715,3,True,3,1979839179;2511205067;3884454603
716,4,True,4,156984012;477184716;997749452;3382878924
717,1,False,1,254710477
718,2,True,2,467493582;1982104270
719,1,False,1,1488499407
720,2,True,2,207377104;3563676368
721,1,False,1,3463623377
722,1,False,1,4136850130
723,4,True,4,2010120915;2073252563;3129230035;4199318227
724,6,True,6,179495636;813576916;828826324;847475412;2697110228;4153942740
725,3,True,3,847336149;2339427029;2606633685
726,2,True,2,666845910;3797136086
727,6,True,6,95064791;645583575;951341783;2043106007;4125598423;4251620055
728,4,True,4,886289112;3580359384;3612926680;3717346008
729,5,True,5,384852697;1524945625;2229691097;3708826329;3737084633
730,3,True,3,464679642;503366362;1402938074
731,5,True,5,69001947;823603931;1648681691;2033980123;2838246107
732,5,True,5,35422940;1321468636;2349748956;2963448540;3833856732
733,1,False,1,2236584669
734,6,True,6,298705630;505148126;1628299998;2182931166;3324998366;3940274910
735,2,True,2,2132435679;2261607135
736,1,False,1,4223976160
737,2,True,2,2234413793;4109099745
738,5,True,5,1137611490;1675162338;1967174370;3454677730;3620979426
739,2,True,2,773419747;2847871715
740,4,True,4,958350052;1351430884;3757396708;3980325604
741,2,True,2,129544933;4287202021
742,3,True,3,115106534;1338671846;3666744038
743,3,True,3,2145088231;2953495271;3049583335
744,4,True,4,1001607912;1565881064;2950066920;2994774760
745,4,True,5,815760105;1021903593;2835079913;3127132905
746,3,True,3,270705386;1005978346;3258106602
747,4,True,4,815530731;1266205419;1857098475;2071782123
748,2,True,2,1523761900;2689909484
749,7,True,7,85373677;601412333;1240548077;2376942317;3223581421;3619001069;3621561069
750,4,True,5,526553838;642130670;1503220462;2697642734
751,1,False,1,138506991
752,4,True,4,216318704;709432048;2456376048;4141794032
753,1,False,1,1984189169
754,5,True,5,356217586;1365279474;3565523698;3664925426;3960656626
755,3,True,3,1956197107;2632434419;2778985203
756,3,True,3,697193204;2871620340;4181603060
757,3,True,3,71713525;696750837;4244673269
758,5,True,5,63492854;849597174;1902805750;2661671670;3562488566
759,3,True,3,217744119;1151316727;3199611639
760,2,True,2,1779467000;2270589688
761,4,True,4,1381835513;1762689785;1861374713;3982197497
762,3,True,3,98489082;2072564474;3555042042
763,4,True,4,2508899067;2741109499;2824651515;3395584763
764,4,True,4,855749372;2401506044;3371487996;3548287740
765,2,True,2,1354560253;1563116285
766,4,True,4,89961214;362382078;1488868094;3317330686
767,5,True,5,932176639;1251476223;1437750015;1469686527;2775257855
768,6,True,6,956375808;1099928320;2001003264;2928464640;3259810560;3617223424
769,2,True,2,426554113;4201190145
770,4,True,4,48927490;181777154;1121903362;3224978178
771,6,True,6,95957763;2161844995;2267513603;3448726275;3567256323;4246004483
772,4,True,4,1651323652;1954403076;3277402884;4105638660
773,9,True,9,65221381;943321861;1005777669;1439470341;1907553029;2214580997;2268336901;3485664005;3834131205
774,4,True,4,160826118;1404990214;2668495622;4213142278
775,5,True,5,1430123271;1778234119;2126336775;3500794631;4237411079
776,3,True,3,1001169672;1820553992;3924898568
777,7,True,7,2091160329;2441667337;2696794889;3070133001;3616899849;3811402505;3853247241
778,2,True,2,21136138;1922687754
779,3,True,3,1859732235;2502771467;3101901579
780,3,True,3,3535438604;3790807820;4237296396
781,4,True,4,868786957;1353626381;1395794701;3799065357
782,4,True,4,1154679566;1369588494;3213255438;3938509582
783,6,True,6,935502607;1398551311;2294342415;3280175887;3591541519;3753206543
784,4,True,4,746640144;1153205008;1806078736;2886210320
785,7,True,7,240014097;644322065;695198481;1194513169;2133676817;2720617233;3469173521
786,4,True,4,2115900178;2599973650;2973721362;3231630098
787,2,True,2,1613693715;2604585747
789,2,True,2,501674773;1222169365
790,1,False,1,210330390
791,4,True,4,1855406871;2807632663;2807661335;3401786135
792,2,True,2,108040984;1461412632
793,3,True,3,474641177;598979353;2863805209
794,8,True,8,911221530;928367386;968082202;1375986458;1658569498;1951171354;2431144730;2694288154
795,4,True,4,849146651;1516716827;2240774939;2315502363
796,4,True,4,792208156;922571548;1481409308;2566116124
797,1,False,1,423281437
798,3,True,3,1477870366;2005365534;4104110878
799,3,True,3,65454879;1861952287;3920904991
800,2,True,2,1875141408;1888887584
801,3,True,3,454824737;2275885857;2796131105
802,1,False,1,835994402
803,3,True,3,99173155;353751843;2740400931
804,2,True,2,1576473380;3880719140
805,2,True,2,989557541;2678981413
807,4,True,4,427795239;864662311;3509551911;3584570151
808,6,True,6,168760104;1921409832;2304582440;2710410024;3992306472;4070490920
809,3,True,3,616309545;1795978025;2014184233
810,2,True,2,933778218;4012806954
811,4,True,4,915010347;2186236715;2910851883;4097471275
812,2,True,2,714629932;1425441580
813,2,True,2,2362471213;3970769709
814,2,True,2,2816664366;3387826990
815,7,True,7,1175474991;1419580207;1796555567;1808380719;3182252847;3437433647;3844576047
816,1,False,1,2624127792
817,2,True,2,215020337;3052929841
818,4,True,4,1674871602;2004001586;2320270130;3825120050
819,2,True,2,101303091;550081331
820,2,True,2,1423717172;1585447732
821,2,True,2,274932533;3276501813
822,3,True,3,117420854;2239439670;3263423286
823,3,True,3,157614903;1759589175;2160562999
824,6,True,6,500630328;699474744;1186480952;1407083320;1710134072;4086047544
825,3,True,3,2982146873;3453653817;3906069305
826,7,True,7,20812602;468976442;1494786874;1923646266;2665349946;3164496698;3353551674
827,5,True,5,187159355;1720488763;2755371835;2760831803;3494060859
828,4,True,4,97370940;284881724;781886268;3803251516
829,3,True,3,165929789;914166589;1015128893
830,2,True,2,643400510;812708670
831,4,True,4,814019391;1265427263;1992229695;2298372927
832,2,True,2,937849664;3207791424
833,7,True,7,641282881;1211233089;1871590209;1920041793;2741445441;3384374081;4239037249
834,3,True,3,550953794;2458706754;4292539202
835,5,True,5,154673987;2014233411;2744005443;2746782531;3662562115
836,5,True,5,1233810244;1372967748;1756439364;1854141252;3610977092
837,1,False,1,2429190981
838,5,True,6,965735238;2708767558;2904998726;3164287814;4241699654
839,7,True,7,434336583;809767751;1760871239;1806521159;2945966919;3056489287;3326604103
840,3,True,3,122741576;386519880;2025407304
841,7,True,7,277427017;673727305;1762382665;2802389833;3563041609;3975275337;4163797833
842,2,True,2,153383754;793924426
843,1,False,1,1675850571
844,4,True,4,1900122956;1931969356;3584840524;3588014924
845,4,True,4,938829;229741389;2908394317;4286350157
846,4,True,4,882328398;1982219086;2855633742;2930860878
847,1,False,1,2646938447
848,2,True,2,186643280;2463601488
849,2,True,2,3270656849;4042867537
850,2,True,2,1571001170;1774142290
851,1,False,1,2780029779
852,3,True,3,13251412;1325273940;3010818900
853,2,True,2,1900258133;4187116373
854,2,True,2,619357014;1437549398
855,4,True,4,763454295;1665864535;1837388631;3531629399
856,5,True,5,628380504;1426072408;2104050520;2269397848;3608699736
857,4,True,4,1942401881;2407510873;3205256025;3562869593
858,5,True,5,255902554;2136593242;2668266330;2899211098;3799470938
859,6,True,6,3134299;245908315;516862811;800523099;3092009819;3304076123
860,4,True,4,863544156;1102771036;1699029852;2812928860
861,2,True,2,2935984989;2989593437
862,3,True,3,1235333982;1890894686;3500532574
863,4,True,4,565863263;1625617247;2249790303;2780902239
864,3,True,3,1002681184;3881055072;3956360032
865,2,True,2,446292833;2075771745
866,2,True,2,973747042;3666670434
867,3,True,3,728404835;1274913635;1454465891
868,4,True,4,551834468;2765415268;3362526052;4231390052
869,3,True,3,1709020005;3955630949;4162388837
870,4,True,4,1084687206;2636383078;2774909798;3104793446
871,2,True,2,954254183;1261425511
872,3,True,3,1770582888;2474333032;2904294248
873,5,True,5,446149481;628700009;811406185;1144263529;3881939817
874,2,True,2,1269425002;1866330986
875,1,False,1,994485099
876,3,True,3,262718316;2486383468;4024410988
877,8,True,8,449553261;1259074413;1616175981;1900311405;1931658093;2064282477;2622243693;2655085421
878,3,True,3,1051300718;1739748206;3350262638
879,5,True,5,1578787695;1684788079;1871221615;2905723759;3223335791
880,2,True,2,166855536;2474906480
881,4,True,4,586793841;1203782513;2807817073;3707298673
882,5,True,5,2050409330;2269713266;2665501554;2794865522;2981819250
883,3,True,3,291718003;881460083;2372813683
884,3,True,3,1095349108;3541848948;4078912372
885,2,True,2,1843557237;2487927669
886,3,True,3,273109878;978367350;3250803574
888,4,True,4,1888883576;2459263864;3486745464;3975295864
889,3,True,3,1770763129;2307306361;3314029433
890,3,True,3,24728442;326927226;3982328698
891,3,True,3,880440187;1604477819;1895973755
892,4,True,4,572429180;1544291196;2596512636;2971771772
893,2,True,2,364311421;2666267517
894,2,True,2,576811902;2708390782
895,3,True,3,1531937663;1589187455;3640402815
896,5,True,5,31523712;1182921600;2248016768;3576804224;3770565504
897,5,True,5,913556353;1887409025;1978938241;3169674113;3626189697
898,2,True,2,1479377794;4120306562
899,2,True,2,1119339395;3655734147
900,1,False,1,665076612
901,2,True,2,454919045;1676862341
902,5,True,5,482898822;1942901638;2578994054;4106433414;4229305222
903,7,True,7,286229383;2148348807;2156290951;2354824071;3205239687;3291566983;4170654599
904,5,True,5,588206984;1912996744;2244264840;2485879688;3741922184
905,1,False,1,4173456265
906,4,True,4,1560195978;2840167306;3252646794;3277824906
907,3,True,3,104649611;147231627;408195979
908,4,True,4,1924383628;3071751052;3133764492;3281449868
909,2,True,2,1226941325;2389967757
910,2,True,2,8098702;2444571534
911,3,True,3,1901192079;3151102863;3329201039
913,4,True,4,569172881;2974749585;3013452689;3287921553
914,7,True,8,170898322;781857682;898683794;1247998866;1384457106;2291983250;4096168850
915,5,True,5,213111699;287232915;844333971;1475183507;3256837011
916,5,True,5,1779962772;1926759316;2261169044;2386604948;4251370388
917,2,True,2,2520548245;3827405717
918,3,True,3,15061910;29909910;189416342
919,5,True,6,142848919;376943511;863441815;2606744471;3663016855
920,4,True,4,421802904;566723480;2550227864;2719962008
921,5,True,5,769110937;1310147481;3419866009;3441759129;4260983705
922,9,True,9,252347290;960103322;1248486298;1450079130;1664578458;3305812890;3673871258;3813938074;4025721754
923,2,True,2,1765876635;3363312539
924,1,False,1,4099871644
925,3,True,3,831587229;1712292765;3746935709
926,1,False,1,3506467742
927,3,True,3,124097439;1322701727;2700956575
928,3,True,3,520754080;939705248;4212245408
929,3,True,4,1592681377;1767064481;1923314593
930,2,True,2,828556194;3200566178
931,6,True,6,729686947;829195171;1553589155;1763869603;2552824739;2992173987
932,4,True,4,474137508;540046244;592593828;1097638820
933,5,True,5,452105125;600089509;1203897253;2066363301;2716091301
934,5,True,5,1292817318;1765086118;2540745638;3514717094;3605713830
935,4,True,4,839017383;2255238055;2468717479;2837181351
936,2,True,2,690377640;3840279464
937,6,True,6,936407977;1261675433;1536193449;1978844073;2577490857;3906810793
938,3,True,3,341210026;1388430250;3897791402
939,4,True,4,2364744619;2517291947;4049716139;4098433963
940,3,True,3,535847852;3140236204;3958018988
941,7,True,7,35017645;1045746605;1114837933;2639504301;3240014765;3530777517;4273324973
942,1,False,1,4048221102
943,4,True,4,1168303;525714351;1385169839;2420806575
944,3,True,3,233833392;534209456;3234161584
945,3,True,3,585860017;1569977265;3410416561
947,3,True,3,254092211;3533001651;3946488755
948,3,True,3,1739248564;2108666804;2290140084
949,2,True,2,1854911413;3641430965
950,7,True,7,308810678;451814326;805213110;1257718710;2811417526;4128867254;4137161654
951,4,True,4,1797645239;2185384887;2220676023;2798416823
952,5,True,5,303141816;639837112;2674832312;3217638328;3493270456
953,3,True,4,77972409;2677752761;3724141497
954,3,True,3,150049722;1001223098;1749713850
955,3,True,3,123069371;1338409915;4289627067
956,4,True,4,929481660;2138440636;3437458364;3580109756
957,4,True,4,209884093;593363901;2521740221;3723027389
958,1,False,1,427336638
959,5,True,5,700736447;723026879;3419190207;3674055615;4033205183
960,3,True,3,166544320;1129583552;1254998976
961,4,True,4,40506305;1102500801;2394338241;2905822145
962,4,True,4,285414338;617685954;2229662658;2805248962
963,2,True,2,411071427;1463657411
964,1,False,1,799523780
965,4,True,4,550642629;1895781317;2119775173;3813925829
966,7,True,7,662496198;810423238;879055814;1073185734;2504467398;2508362694;3165152198
967,2,True,2,955147207;1081775047
968,4,True,4,1156879304;1668375496;3096941512;3485680584
969,4,True,4,2948625353;2997568457;3261199305;3630285769
970,1,False,1,2584744906
971,7,True,7,11576267;1806767051;2451755979;2612298699;3251651531;3566420939;4148102091
973,2,True,2,62596045;1494352845
974,4,True,4,3145819086;3866125262;3920757710;4187857870
975,4,True,4,117265359;2312836047;3402236879;3941663695
976,4,True,4,1596675024;2157360080;3223479248;3308274640
977,4,True,4,222161;65946577;1444725713;2831909841
978,6,True,6,779277266;1056437202;2234049490;2410099666;3427967954;4247069650
979,4,True,4,599856083;722043859;1867277267;4215346131
980,4,True,4,64070612;237552596;1330525140;3650012116
981,2,True,2,1927803861;2592785365
982,2,True,2,284099542;2036757462
983,4,True,4,474883031;999621591;1677059031;2235413463
984,3,True,4,1078137816;1323467736;4062471128
985,3,True,3,1085527001;4044760025;4271002585
986,1,False,1,3165201370
987,1,False,1,367653851
988,4,True,4,819348444;1549784028;2169836508;4185088988
989,1,False,1,3322864605
990,6,True,6,735146974;1346868190;1463550942;2784945118;2812572638;3254043614
991,6,True,6,602334175;1689228255;1904321503;2125026271;2887173087;2901464031
992,2,True,2,1376744416;2267689952
993,2,True,2,1640551393;3744433121
994,3,True,3,331633634;1112151010;3970270178
995,2,True,2,1743741923;2000483299
996,5,True,5,19031012;2412811236;3276084196;3412480996;3516924900
997,7,True,7,159077349;1592820709;2016027621;3519341541;3568731109;3570598885;4282717157
998,2,True,2,1086092262;3326866406
999,3,True,3,1138021351;1960440807;2312066023
1000,3,True,3,985523176;2828760040;3349443560
1001,4,True,4,58512361;1061979113;1113592809;2775532521
1002,1,False,1,2789733354
1003,2,True,2,233108459;1670411243
1004,4,True,4,894436332;1368069100;1760379884;2091586540
1005,1,False,1,2222621677
1006,2,True,2,645084142;1726264302
1007,3,True,3,1476641775;2465727471;3948671983
1008,7,True,7,47125488;298947568;1265705968;2658898928;3365467120;3993363440;4045546480
1009,1,False,1,3554022385
1010,4,True,4,494998514;1122673650;1456456690;3835388914
1011,3,True,3,2047009779;2425865203;2692506611
1012,3,True,3,1630798836;2575700980;3711071220
1013,3,True,3,950023157;961082357;1606071285
1014,6,True,6,876393462;1671603190;1770750966;2173801462;2359378934;3549033462
1015,8,True,8,282358775;680227831;740942839;1315021815;1494778871;1914139639;2981356535;3390501879
1016,4,True,4,98964472;1628025848;3093832696;3303760888
1017,8,True,8,510465017;547603449;781476857;997078009;1272464377;2076746745;3201090553;3880076281
1018,3,True,3,1986888698;2649850874;2811855866
1019,6,True,6,955294715;1650762747;1698444283;1757369339;3490604027;3683423227
1020,6,True,6,362910716;455803900;1167389692;3268187132;3349586940;3608122364
1021,3,True,3,123184125;1566565373;2608583677
1022,3,True,3,507982846;1616536574;3732747262
1023,3,True,3,594183167;1926165503;2106852351
1024,2,True,2,1433175040;3186521088
1025,4,True,4,1019507713;2042287105;3511305217;3960648705
1026,4,True,4,32728066;679814146;1596023810;2416948226
1027,5,True,6,230478851;1103291395;1646240771;3334525955;4028523523
1028,5,True,5,2092110852;2142032900;2539426820;3315880964;4160177156
1029,2,True,2,1677255685;4103021573
1030,2,True,2,3146470406;3864093702
1031,3,True,3,563065863;1894364167;2757538823
1032,2,True,2,1081197576;2096755720
1033,3,True,3,1377317897;1822532617;2849870857
1034,1,False,1,2282095626
1035,7,True,7,328008715;688260107;1343271947;1688810507;2404275211;2428040203;4027253771
1036,3,True,3,142148620;786441228;2339959820
1037,3,True,3,447529997;1245905933;3482891277
1038,3,True,3,541918222;1951556622;3046704142
1039,2,True,2,737756175;3688956943
1040,4,True,4,75011088;852325392;1067951120;1188451344
1041,4,True,4,1195541521;1277219857;3528991761;4255032337
1042,1,False,1,2533995538
1043,4,True,4,1029104659;1479119891;2002658323;2965386259
1044,3,True,3,1103270932;1547691028;2423587860
1045,3,True,3,986149909;2071196693;3120784405
1046,6,True,6,619881494;2133341206;3345851414;3665712150;3742024726;3938776086
1047,3,True,3,237605911;3144438807;4181095447
1048,1,False,1,3231564824
1049,4,True,4,315225113;658588697;3108516889;3955029017
1050,1,False,1,920638490
1051,1,False,1,798073883
1052,5,True,5,2031309852;2647307292;2848093212;3256321052;4092007452
1053,1,False,1,597021725
1054,4,True,4,1086084126;1332417566;3143197726;3497665566
1056,1,False,1,2744214560
1057,6,True,6,736728097;1162380321;2885510177;3005760545;3196859425;3756090401
1058,2,True,2,114324514;3331789858
1059,3,True,3,71947299;1890460707;2169517091
1060,3,True,4,11416612;2005472292;2296493092
1061,3,True,3,302593061;2453378085;2777027621
1062,1,False,1,2740487206
1063,6,True,7,128971815;1208423463;1376797735;1815856167;2908279847;3945128999
1064,1,False,1,204403752
1065,5,True,5,2132956201;2764465193;2969752617;3129226281;3743056937
1066,5,True,5,1028449322;1108071466;1182622762;3559416874;4179563562
1067,2,True,2,2333574187;3661468715
1068,1,False,1,24245292
1069,1,False,1,2765300781
1070,2,True,2,2114188334;2651067438
1071,1,False,1,3750663215
1073,2,True,2,1116918833;1301308465
1074,4,True,4,945271858;1034560562;2063057970;4093441074
1075,4,True,4,551707699;1201665075;1294799923;1977549875
1076,2,True,2,281379892;825906228
1077,7,True,7,353395765;1091494965;1200178229;2063807541;3274757173;3439207477;3654001717
1078,4,True,4,757802038;1205457974;1803277366;2061198390
1079,2,True,2,2117887031;3247113271
1080,3,True,3,135488568;1951724600;4079371320
1081,1,False,1,238064697
1082,2,True,2,3203925050;3715302458
1083,4,True,4,834630715;2116486203;3360633915;3625215035
1084,3,True,3,1148953660;3699901500;4203619388
1085,2,True,2,655443005;3117966397
1086,4,True,4,198059070;3242718270;3797152830;3913147454
1087,3,True,3,2064774207;3088962623;3976623167
1088,11,True,12,98513984;666391616;1208009792;1991431232;2014409792;2206041152;2715063360;3006002240;3587200064;3880797248;3921298496
1089,6,True,6,141882433;1153467457;1160152129;1231610945;2034140225;3417240641
1090,4,True,4,526611522;1392247874;1774683202;2564760642
1091,7,True,7,1108456515;1225204803;1664635971;2077455427;2371507267;2503308355;3425145923
1092,4,True,4,692552772;2202780740;2217800772;2799391812
1093,2,True,2,4052694085;4121384005
1094,3,True,3,114238534;3071640646;4049630278
1095,4,True,4,205636679;416838727;1596625991;4069848135
1096,5,True,5,55190600;2498704456;2719052872;2920551496;3622118472
1097,4,True,4,613262409;1104000073;1369613385;2394305609
1098,4,True,4,538375242;1656824906;2087961674;3902514250
1099,4,True,4,289207371;1797936203;2807813195;2880644171
1100,2,True,2,280110156;3294757964
1101,5,True,5,571978829;757240909;1628533837;2525406285;4096648269
1102,3,True,3,352683086;3003348046;3148190798
1103,3,True,3,465327183;2524734543;2720371791
1104,2,True,2,3145208912;3476575312
1105,2,True,2,73499729;127333457
1106,6,True,6,441984082;616768594;1035342930;2760623186;3261293650;3662677074
1107,4,True,4,1021342803;2056942675;2113561683;4013528147
1108,3,True,3,1739691092;3894371412;4132852820
1109,3,True,3,108454997;198706261;2905977941
1110,9,True,9,136402006;247014486;311968854;449909846;1903383638;1909228630;2858202198;3119432790;3596932182
1111,2,True,2,1121465431;3609982039
1112,2,True,2,160019544;4135695448
1113,4,True,4,234628185;498578521;2627425369;4151047257
1115,3,True,3,439891035;1549182043;1865155675
1116,2,True,2,917009500;1668670556
1117,3,True,3,338175069;1014973533;3507131485
1118,4,True,4,1315259486;1916740702;2058118238;2765947998
1119,1,False,1,174273631
1120,6,True,6,201962592;820413536;1446704224;2459034720;3354682464;3426215008
1121,2,True,2,54580321;3505759329
1122,4,True,4,156583010;2463089762;2659648610;3379303522
1123,3,True,3,651883619;2665895011;3906892899
1124,1,False,1,2466391140
1125,4,True,4,1225905253;2313987173;2694784101;4146426981
1126,2,True,2,1979311206;4010808422
1127,6,True,6,1362838631;2155422823;2383279207;2607060071;3167573095;4156265575
1128,3,True,3,1341826152;1740768360;3749536872
1129,6,True,6,813577321;1232663657;2545673321;3027833961;3134583913;3960026217
1130,4,True,4,286827626;1167672426;1828340842;3771769962
1132,6,True,6,754246764;1092326508;2355934316;3828204652;4015649900;4156925036
1133,5,True,5,15344749;2341188717;2363466861;2664621165;2763531373
1134,2,True,2,1321321582;3374236782
1135,5,True,5,31057007;89052271;2177590383;2401223791;2933802095
1136,3,True,3,555644016;3129492592;3895231600
1137,7,True,8,434652273;563328113;1721062513;2128708721;2343806065;2767139953;4268274801
1138,8,True,8,1005339762;1437267058;2179794034;3081663602;3269555314;3410596978;3419104370;3775947890
1139,2,True,2,137249907;2224284787
1140,2,True,2,355218548;406541428
1141,5,True,5,950899829;2726319221;2863170677;3470513269;4088841333
1142,3,True,3,147522678;1832166518;1958069366
1143,6,True,6,1665918071;2301101175;2584999031;3643491447;3645219959;3907257463
1144,2,True,2,713507960;2243728504
1145,5,True,6,436659321;2016236665;2257970297;3657471097;3922728057
1146,6,True,6,758596730;2690393210;2781443194;3156231290;3371426938;4084270202
1147,4,True,4,1275679867;1562502267;1853883515;2978550907
1148,4,True,4,238560380;2200298620;3865953404;4134671484
1149,2,True,2,77628541;3957417085
1150,4,True,4,2964407422;3067520126;3135435902;3330602110
1151,1,False,1,354755711
1152,7,True,7,587736192;2064745600;2119992448;2154935424;2355446912;3620070528;3859948672
1153,4,True,4,1963848833;3011646593;3390760065;3423835265
1154,1,False,1,265892994
1155,3,True,3,2165478531;2661385347;2748396675
1156,4,True,4,382100612;2041943172;3693270148;4140340356
1157,4,True,4,135038085;1506997381;3443041413;4039447685
1158,3,True,3,718640262;3856381062;4020348038
1159,3,True,3,1867748487;3873657991;4050306183
1160,2,True,3,1598280840;2353112200
1161,2,True,2,1572013193;4008203401
1162,5,True,5,530977930;1173406858;2079904906;2119439498;2782672010
1163,5,True,5,867796107;3320890507;3413742731;3818546315;4269962379
1164,4,True,4,1024623756;1654125708;2387989644;3458774156
1165,5,True,5,622142605;1468912781;2433422477;2854397069;3043611789
1166,3,True,3,1802065038;4013413518;4123210894
1167,2,True,2,285303951;4207568015
1168,7,True,7,223868048;229168272;279749776;2295960720;2834580624;2900751504;3157111952
1169,2,True,2,743863441;3121689745
1170,2,True,2,2681324690;3119813778
1171,6,True,6,395629715;626226323;747988115;2855785619;3570046099;3724285075
1172,1,False,1,2214933652
1173,3,True,3,96638101;316241045;1880593557
1174,1,False,1,1241412758
1175,2,True,2,613065879;4171478167
1176,4,True,4,184059032;1119229080;3109000344;3929605272
1177,7,True,7,1061303449;1888609433;2307630233;2920592537;3144811673;3165791385;3262354585
1178,6,True,6,854357146;1299559578;1823237274;1972835482;2067305626;4266542234
1179,8,True,8,739656859;1051780251;2013664411;2091685019;2169791643;2705769627;4096324763;4271355035
1180,9,True,9,297620636;484172956;706458780;1435128988;2285675676;3090896028;3171296412;3562091676;3939824796
1181,7,True,7,112411805;523957405;534189213;558707869;666870941;2546820253;3992368285
1182,5,True,5,850900126;2562008222;3375715486;3604370590;4120224926
1183,5,True,5,6390943;1353389215;2987676831;3995186335;4250715295
1184,2,True,3,847307936;2143126688
1185,3,True,3,1099527329;2515211425;2866332833
1186,6,True,6,2540225698;2687915170;2814100642;3101123746;3387745442;3893793954
1187,4,True,4,451175587;663774371;1769731235;2373543075
1188,3,True,3,1284248740;1877406884;4113740964
1189,2,True,2,1185784997;1319576741
1190,4,True,4,592655526;1964676262;3336950950;3754951846
1191,4,True,4,3979289767;4111152295;4154684583;4259968167
1192,5,True,5,320840872;745952424;1507464360;3069527208;4293874856
1193,2,True,2,1937216681;4120265897
1194,6,True,6,709948586;821753002;1085953194;1600468138;1753146538;1811113130
1195,5,True,5,439891115;2260636843;2548618411;2934699179;4140070059
1196,4,True,4,1427526828;1871070380;2976543916;4277265580
1197,5,True,5,748790957;1309525165;1901442221;3125249197;3335292077
1198,4,True,4,336356526;360514734;2219308206;2709828782
1199,2,True,3,3115087023;3872244911
1200,5,True,5,3063801008;3213108400;3508978864;3554870448;3629704368
1201,3,True,3,1808172209;3076449457;3183207601
1202,3,True,3,515798194;1642693810;1946449074
1203,4,True,4,927622323;3272905907;3331400883;3586344115
1204,4,True,5,982471860;1179448500;1895163060;4003357876
1205,6,True,6,228512949;1948812469;3182298293;3640865973;4089091253;4163359925
1206,3,True,3,1632281782;2755585206;3369268406
1207,4,True,4,2060706999;2586907831;3558376631;4063102135
1208,5,True,5,408589496;504841400;1514939576;1798141112;3775337656
1209,4,True,4,344888505;563909817;1266193593;3988432057
1210,3,True,3,413381818;1478276282;3649074362
1211,1,False,1,3154797755
1212,4,True,4,2199987388;2262643900;3109856444;4009383100
1213,1,False,1,4011406525
1214,1,False,1,3319579838
1215,3,True,3,44741823;820368575;3950290111
1216,3,True,3,1122899136;1183478976;2931590336
1217,3,True,3,1325028545;3281921217;3854202049
1218,2,True,2,1246713026;1709581506
1219,4,True,5,251176131;846869699;1340257475;4161995971
1220,6,True,6,867624132;1171809476;1505305796;2714997956;3547272388;3660735684
1221,3,True,3,986121413;1738265797;4129744069
1222,5,True,5,34014406;440202438;1802458310;3628897478;3699020998
1223,2,True,2,1710392519;2202141895
1224,2,True,2,2103477448;4041573576
1226,1,False,1,1510323402
1227,2,True,2,480945355;2445026507
1228,4,True,4,56435916;603034828;2393162956;2717103308
1229,2,True,2,415192269;1980220621
1230,6,True,6,896029902;984945870;2885846222;3064771790;3419174094;3936965838
1231,4,True,4,909456591;1771562191;1993147599;2046579919
1232,2,True,2,2086163664;2972947664
1233,3,True,3,390730961;3941430481;4194776273
1235,1,False,1,3346359507
1236,3,True,3,833901780;1174578388;1842898132
1237,1,False,1,3365815509
1238,5,True,5,1977742550;2627605718;3105076438;3994088662;4059636950
1239,7,True,7,484537559;484721879;1104610519;2725024983;3240805591;4034262231;4091688151
1240,2,True,2,68510936;3575907544
1241,4,True,4,1538790617;1545831641;2242127065;3672057049
1242,4,True,4,797226202;1059611866;2842965210;3994989786
1243,4,True,4,2603013339;2765186267;3363366107;3688670427
1244,3,True,3,331179228;4073530588;4259333340
1245,2,True,2,286340317;800085213
1246,3,True,3,712066270;1884599518;3541685470
1247,3,True,3,281220319;493929695;3501196511
1248,3,True,3,3602187488;3852739808;3856446688
1249,5,True,5,69887201;688448737;1441924321;2182079713;2481767649
1250,3,True,3,628810978;1875035362;3563767010
1251,4,True,4,605021411;872813795;2584900835;3016918243
1252,2,True,2,1657152740;3268863204
1253,3,True,3,3213399269;3216147685;3583509733
1255,2,True,2,1028322535;1418843367
1256,7,True,7,433624296;758494440;1838363880;1970734312;2000848104;2297873640;3001517288
1257,6,True,6,18797801;176403689;266675433;563172585;1175930089;4099613929
1258,1,False,1,4092462314
1259,2,True,2,930165995;1010943211
1260,3,True,3,51717356;1093371116;1188193516
1261,2,True,2,931435757;1336939757
1262,2,True,2,1328805102;2723017966
1263,4,True,4,1711756527;2135049455;2750285039;4005311727
1264,4,True,4,2214274288;2271687920;3457910000;4086383856
1265,2,True,2,2228262129;3320706289
1266,4,True,4,741004530;2614506738;3085931762;3461014770
1267,5,True,5,2212312307;2529809651;3167560947;3363763443;4191810803
1268,2,True,2,69698804;1878521076
1269,3,True,3,1896928501;2114102517;3129959669
1270,3,True,3,1229325558;1580995830;3435447542
1271,2,True,2,337331447;2270184695
1272,5,True,5,1077355768;1438221560;2649634040;3441358072;4163540216
1273,8,True,8,1180259577;1724908793;1900729593;2260509945;2696635641;3022066937;3423778041;4209755385
1274,5,True,5,216151290;459035898;1428903162;1841980666;1861965050
1275,2,True,2,791704827;3579057403
1276,2,True,2,132650236;2879886588
1277,4,True,4,1635702013;2133542141;2408617213;3035915517
1278,5,True,5,843941118;1361474814;1676461310;2047898878;2638578942
1279,3,True,3,970433791;1989833983;3922957567
1280,3,True,3,518763776;1600025856;2698077440
1281,5,True,5,1451762945;2152469761;2579617025;2819122433;4177609985
1282,4,True,4,853656834;3192726786;3344446722;3776771330
1283,4,True,4,21411075;1707234563;2855863555;4050093315
1284,1,False,1,1496646916
1285,4,True,4,409801989;2371003653;3678098693;3695662341
1286,5,True,5,303006982;2804524294;3973666054;4096713990;4206900486
1287,5,True,5,312497415;1761740039;1930540295;2405524743;3450512647
1288,1,False,1,851940616
1289,7,True,8,1922819337;1937007881;2088396041;2154890505;2287629577;2657125641;4027757833
1290,2,True,2,1457472778;1506993418
1291,4,True,4,606508299;863601931;962934027;4049192203
1292,2,True,2,517457164;1114154252
1293,3,True,3,879912205;1093162253;4076193037
1294,6,True,6,1156916494;2038424846;2075202830;3072247054;3225285902;3531941134
1295,2,True,3,3116856591;3796841743
1296,6,True,6,484603152;2047423760;2403480848;2906174736;3050657040;4187923728
1297,3,True,3,106349841;849106193;1238508817
1298,3,True,3,2352465170;2561864978;2975294738
1299,3,True,3,1585898771;2211042579;4227126547
1300,5,True,5,1297605908;1329157396;3223794964;3280553236;3409831188
1301,4,True,4,1100190997;1246577941;1546056981;1929188629
1302,3,True,3,1099658518;1741002006;3295278358
1303,7,True,7,179963159;677954839;1096570135;1696875799;1902204183;2362180887;3295675671
1304,4,True,4,1588913432;1645884696;3293263128;3888489752
1305,2,True,2,1200063769;4022940953
1306,3,True,3,1410540826;3558335770;3751650586
1307,3,True,3,274384155;2565412123;3284751643
1308,2,True,2,1289643292;2693887260
1309,4,True,4,1822520605;1858577693;1892730141;3008029981
1310,4,True,4,2113058078;3058779422;3682448670;4066252062
1311,4,True,4,3238360351;3271918879;3304424735;3867993375
1312,6,True,6,453272864;1725101344;2251883808;2439595296;3075917088;3334288672
1313,2,True,2,1912108321;2629723425
1314,3,True,3,2438903074;3710690594;3741615394
1315,1,False,1,2598544675
1316,3,True,3,816682276;1566594340;3593491748
1317,4,True,4,2183816485;2307290405;3408049445;3861382437
1318,2,True,2,289101094;2456483110
1319,2,True,2,841086247;3790320935
1320,4,True,4,1214506280;2021770536;2671109416;3877844264
1321,4,True,4,191014185;574326057;971449641;3553436969
1322,5,True,5,321963306;1251599658;3059840298;3396568362;3536446762
1323,6,True,6,1106416939;2305348907;2667857195;2948842795;3370165547;4244800811
1324,2,True,2,479507756;1776346412
1325,3,True,3,1311323437;2117068077;2286314797
1326,5,True,5,1038017838;1806587182;2271925550;2523297070;2857788718
1327,3,True,3,468055343;2701731119;3189069103
1328,4,True,4,368370992;1093469488;2001700144;4184343856
1329,4,True,4,1051235633;1119102257;1904108849;3330508081
1330,1,False,1,2922894642
1331,5,True,5,503158067;1646650675;2631996723;3780982067;3875145011
1332,4,True,4,1147782452;2010002740;2539693364;3329488180
1333,3,True,3,378381621;3416864053;4142167349
1335,5,True,5,795915575;1729422647;1763288375;3261003063;4047209783
1336,3,True,3,664503608;672711992;2413409592
1337,2,True,2,1515353401;2188485945
1338,5,True,5,1022776634;1542419770;1975412026;2541421882;3328353594
1340,3,True,3,1745859900;2507457852;2732909884
1341,2,True,2,1340056893;1960449341
1342,2,True,2,1426437438;3189884222
1343,4,True,4,1400440127;1579656511;1935934783;3774625087
1344,1,False,1,4143809856
1346,4,True,5,314258754;3008136514;3256845634;3551302978
1347,3,True,3,1886111043;3354756419;4094481731
1348,2,True,2,483312964;655729988
1349,4,True,4,728982853;1106199877;2159813957;2498426181
1350,2,True,2,2452010310;3247084870
1351,6,True,6,331666759;491009351;1193903431;1211675975;1511499079;3593041223
1352,3,True,3,910546248;1049957704;1239913800
1353,4,True,4,1263641929;1265829193;1987179849;2777392457
1354,6,True,6,1130493258;1257866570;2176435530;3061667146;3681490250;4088264010
1355,1,False,1,216274251
1356,4,True,4,805467468;1529152844;2647782732;3218380108
1357,4,True,4,356660557;456152397;474023245;3983062349
1358,4,True,4,624301390;1503495502;2636617038;3211220302
1359,3,True,3,1732859215;1808430415;3382146383
1360,5,True,5,731407696;889517392;1547879760;1761391952;2376590672
1361,2,True,2,2369008977;4068136273
1362,3,True,3,3499324754;3729757522;4120642898
1365,2,True,2,2313872725;3579962709
1366,2,True,2,1533252950;2246997334
1367,3,True,3,904590679;958977367;2653807959
1368,3,True,3,824083800;1149896024;1274996056
1369,2,True,2,1274889561;2455614809
1370,4,True,4,533595482;2018895194;2488628570;3041416538
1371,5,True,5,289277275;788677979;1208378715;3880326491;4182730075
1372,3,True,3,146466140;342869340;4121818460
1373,7,True,7,14882141;362009949;647832925;815928669;1029490013;2141160797;3242444125
1374,2,True,2,2758931806;2785367390
1375,1,False,1,1980908895
1376,1,False,1,1265952096
1377,7,True,7,1592206689;3124020577;3515344225;3624502625;4056528225;4139283809;4179248481
1378,5,True,5,139543906;1890043234;2018043234;3801228642;3823175010
1379,2,True,2,570377571;1711207779
1380,2,True,3,668915044;3217380708
1381,1,False,1,2288297317
1382,3,True,3,601159014;2342188390;3533657446
1383,1,False,1,3611714919
1384,3,True,3,1043133800;1105397096;3981153640
1386,4,True,4,2051716458;3330917738;3652416874;4194366826
1387,3,True,3,1736394091;3378521451;3442795883
1388,5,True,5,562742636;2460767596;2995508588;3281286508;3647710572
1389,1,False,1,2939303277
1390,1,False,1,3250619758
1391,3,True,3,1527289199;2907030895;3124581743
1392,2,True,2,3414844784;4053730672
1393,4,True,4,1618797937;3883517297;4107769201;4192331121
1394,2,True,2,3197371762;3849479538
1395,4,True,4,402158963;713799027;1713137011;3727705459
1396,2,True,2,1181807988;3749741940
1397,1,False,1,608867701
1399,6,True,6,227001719;513336695;1142822263;1528079735;2788459895;3935389047
1400,5,True,5,1309070712;2459080056;2481374584;3661235576;3978347896
1401,3,True,3,472376697;3223274873;3615225209
1402,3,True,3,669431162;1633777018;2784408954
1403,4,True,4,284677499;649201019;1032541563;3060356475
1404,5,True,5,162542972;890819964;910374268;2967111036;3212690812
1405,2,True,2,553432445;2404566397
1406,2,True,2,1651598718;1996944766
1407,2,True,2,1129715071;3337586047
1408,2,True,2,547911040;2826663296
1409,3,True,3,1530668417;2115282305;2656953729
1410,5,True,6,974972290;2679412098;3172173186;3685389698;3687171458
1411,6,True,6,279459203;819459459;1740924291;2105267587;4066661763;4185539971
1412,3,True,3,624993668;2395477380;2543469956
1413,3,True,3,2238231941;2544944517;4039783813
1414,2,True,2,568591750;1242678662
1415,5,True,5,169809287;975009159;2181191047;3148699015;3638183303
1417,3,True,3,1020519817;1099081097;3933537673
1418,4,True,4,810849674;1043903882;1920001418;3203097994
1419,3,True,3,320320907;1086211467;2462193035
1420,7,True,7,456148364;1192850828;1517507980;2227086732;2629096844;3283002764;3489805708
1421,1,False,1,840742285
1422,3,True,3,1393005966;1793095054;3481376142
1423,4,True,4,14423439;715187599;1888241039;3542500751
1424,6,True,6,55539088;1449325968;2964784528;3402044816;3592844688;4237010320
1425,3,True,3,682644881;2400683409;2745259409
1426,2,True,2,2063197586;2249741714
1427,3,True,3,1710994835;2397107603;3170907539
1428,4,True,4,273675668;2344707476;3164448148;3916543380
1429,2,True,2,913638805;1422775701
1430,6,True,6,938923414;992462230;1375200662;2584167830;3824063894;3864618390
1431,5,True,5,509793687;909362583;1393522071;2006721943;3544102295
1432,5,True,5,779875736;1368552856;1653142936;3543647640;4034090392
1434,2,True,2,918308250;1070204314
1435,2,True,2,2421863835;3578697115
1436,4,True,4,773457308;1281463708;2501330332;2881111452
1437,3,True,3,529339805;669676957;3032384925
1438,3,True,3,1299092894;1354413470;4254647710
1440,5,True,5,310703520;606483872;690021792;918255008;2612938144
1441,6,True,6,1929041313;3633149345;3756930465;3911529889;3922146721;4189476257
1442,3,True,3,826832290;2755925410;3765716386
1443,4,True,4,2174436771;2320536995;2683016611;3880388003
1444,4,True,4,234583460;3298399652;3745584548;4039447972
1445,8,True,8,296355237;710051237;799221157;1856075173;2450052517;2863723941;3311314341;3965011365
1446,1,False,1,2999514534
1447,6,True,6,1035421095;1537934759;2268374439;2987120039;3819439527;4196713895
1448,8,True,8,308999592;339596712;698893736;914818472;2154374568;2915296680;3029718440;3750974888
1449,6,True,6,11220393;555001257;739300777;1050572201;1559995817;2124821929
1450,6,True,6,264713642;1249334698;2001204650;2246579626;2543633834;3027150250
1451,4,True,4,1460565419;2195613099;3722454443;4235298219
1452,2,True,2,402404780;1703331244
1453,4,True,4,485463469;2195678637;2317002157;3419547053
1454,4,True,4,2414519726;3025339822;3594356142;3636290990
1455,5,True,5,522995119;890377647;2678949295;2745775535;3747620271
1456,3,True,3,1735615920;2909042096;4185777584
1457,7,True,7,1083852209;1628808625;1680418225;2061555121;2108880305;2431669681;2833278385
1458,5,True,5,579626418;726676914;2764453298;3658974642;3666830770
1459,5,True,5,751130035;1085904307;1445852595;2255652275;3602777523
1460,6,True,6,278934964;1207961012;2454427060;2732078516;2813023668;3671025076
1461,2,True,2,1919813045;2704467381
1462,2,True,2,2009961910;4074616246
1463,2,True,2,2861381047;2993874359
1464,3,True,3,1423758776;2461963704;2595059128
1465,6,True,6,106325433;1817056697;3415295417;3538617785;3647153593;4196345273
1466,6,True,6,878863802;1624421818;2508035514;3284186554;3398596026;3643782586
1467,4,True,4,566846907;2840769979;3253822907;4130129339
1468,2,True,2,2624210364;2758632892
1469,3,True,3,364668349;1034864061;4027073981
1470,3,True,3,220673470;3339646398;3351057854
1471,4,True,4,2880021951;2900882879;3294643647;3721188799
1472,2,True,2,1719608768;4106704320
1473,5,True,5,580683201;1187857857;1221785025;1237816769;2524808641
1474,3,True,3,3245159874;3312432578;3778782658
1475,8,True,8,798365123;1532065219;1682662851;1948231107;2549196227;2990519747;3415664067;3693528515
1476,1,False,1,1661769156
1477,4,True,4,778974661;2602948037;3318949317;4293035461
1478,6,True,6,223827398;1062680006;1396643270;1662539206;1827632582;2919536070
1479,2,True,2,646940103;1214883271
1480,9,True,10,18339272;189298120;620631496;1789928904;1961584072;2369058248;2537506248;2803848648;3045357000
1481,3,True,3,2680260041;3513353673;3628049865
1482,2,True,2,954607050;3507107274
1483,2,True,2,950904267;3571082699
1484,5,True,5,1700091340;1746474444;3142002124;3484464588;3654747596
1485,5,True,5,191043021;376972749;1258780109;1740658125;1915131341
1486,4,True,4,2910909902;3093099982;4079461838;4125275598
1487,7,True,7,92620239;1203328463;1328743887;2015217103;3106178511;3435152847;3914061263
1488,5,True,5,665920976;1726051792;1957279184;2478114256;2612798928
1489,1,False,1,1498613201
1490,3,True,3,1610196434;2439751122;2816804306
1492,4,True,4,1348101588;1819469268;1972237780;2236949972
1493,6,True,6,357672405;1114035669;1250735573;2263094741;2385565141;2563827157
1494,4,True,4,200222166;1833453014;3449816534;4193244630
1495,3,True,3,1680287191;2309826007;2629629399
1496,4,True,4,303449560;2066388440;2353292760;3106932184
1497,3,True,3,1029137881;2874459609;3650618841
1498,4,True,4,673191386;2154362330;2340742618;3732391386
1499,6,True,6,811341275;935937499;1079412187;1488061915;2364736987;2915296731
1500,4,True,4,151541212;1179481564;1501193692;3384194524
1501,1,False,1,4075918813
1502,6,True,6,1594846;843503070;2399946206;2702087646;3204052446;3778938334
1503,1,False,1,2111473119
1504,1,False,1,945169888
1505,3,True,3,1631081953;2066060769;3370628577
1506,3,True,3,1980769762;2296587746;2635965922
1507,5,True,5,82859491;564807139;611411427;1280488931;2034136547
1508,1,False,1,759399908
1509,7,True,7,394024421;771769829;1645454821;1845306853;2024535525;3234444773;4158010853
1510,3,True,3,117593574;2018379238;4192265702
1511,5,True,5,213407207;1349051879;2751022567;3482285543;3880842727
1512,4,True,4,1007109608;1149277672;2162415080;3238643176
1513,5,True,5,259610089;1827419625;2556458473;2600793577;2957878761
1514,5,True,5,690882026;1036559850;2798429674;4018619882;4052317674
1515,4,True,4,52360683;1278031339;2843829739;3635422699
1516,4,True,4,528049644;1531176428;3037943276;3626788332
1517,2,True,2,2150151661;3012818413
1518,2,True,2,1350116846;3134313966
1519,1,False,1,2187269615
1520,1,False,1,518710768
1521,4,True,4,479360497;1536570865;3421898225;4287526385
1522,2,True,2,1614972402;3543836146
1523,3,True,3,1945945587;2501080563;3252049395
1524,5,True,5,809276916;1370830324;2231449076;2483578356;3430864372
1525,5,True,5,270726645;1197442549;1410282997;1436194293;3153704437
1526,4,True,4,745170422;1755149814;2459346422;3487270390
1527,4,True,4,599049719;882759159;3416151543;3842061815
1528,4,True,4,659453432;767428088;3101984248;3322471928
1529,5,True,5,860898809;914552313;1347069433;1551287801;3535128057
1530,2,True,2,611141114;1530033658
1531,3,True,3,1894929915;2370573819;2931238395
1532,2,True,2,2622039548;3666286076
1533,5,True,5,51070461;982701565;1266820605;1456346621;2055828989
1534,1,False,1,285541886
1535,4,True,4,1660380671;2387887615;3381073407;3777168895
1536,5,True,5,972842496;1205528064;1729742336;2002781696;2076190208
1537,5,True,6,1709053441;3310175745;3561006593;3872175617;4243219969
1538,5,True,5,284591618;807728642;904488450;1253860866;3466102274
1539,2,True,2,2854073859;3125233155
1540,3,True,3,377947652;2725910020;2853582340
1541,1,False,1,999962117
1542,2,True,2,1062131206;1676195334
1543,8,True,8,13616647;116233735;890566151;1490257415;2185516551;2999502343;3956147719;4272129543
1544,5,True,5,330216968;859510280;1481840136;1506563592;2231911944
1545,4,True,4,481900041;1940067849;3734885897;3850929673
1546,6,True,6,554506;974620170;2160813578;2783888906;2985248266;3241621002
1547,4,True,4,349709835;2878850571;3545781771;4163319307
1548,2,True,2,1181840908;3583280652
1549,4,True,4,1189869069;1425393165;3184481805;3884566029
1550,4,True,4,513472014;640235022;3399968270;3661182478
1551,2,True,2,70567439;131450383
1552,2,True,2,438576656;2959562256
1553,5,True,5,1125500433;1419798033;2239383057;2244072977;3866035729
1554,3,True,3,12379666;316454418;846632466
1555,7,True,7,94524947;497821203;920544787;1971586579;3224200723;3530659347;3640530451
1556,4,True,4,2327647764;3322213908;3664983572;3920365076
1557,4,True,4,352679445;885859861;1104487957;2921629205
1558,4,True,4,1397573142;2513995286;2988971542;3259684374
1559,3,True,3,186918423;2876442135;3170219543
1560,1,False,1,2487748120
1561,3,True,3,706328089;2662811161;3877758489
1562,7,True,7,341554714;447878682;1292817946;1510942234;1674184218;3649721882;4282373658
1563,6,True,6,333481499;767854107;992482843;1296991771;3578955291;4270048795
1564,5,True,5,235947548;1562764828;1738749468;2171147804;2317858332
1565,8,True,8,1119381021;1427666461;1736656413;1829623325;2977195549;3346306589;3754858013;4176848413
1566,2,True,2,2643301918;3217380894
1567,2,True,2,1792562719;2868897311
1568,1,False,1,2326771232
1569,3,True,3,1560036897;1601013281;2415588897
1570,4,True,4,278804002;1416017442;1785755170;3296335394
1571,4,True,4,889218595;1710683683;2696771107;2992940579
1572,2,True,2,650528292;3345491492
1573,1,False,1,2051769893
1574,6,True,6,57108006;529221158;871396902;1854584358;1857541670;2328434214
1575,2,True,2,458475047;3234104871
1576,5,True,5,1924343336;2586953256;3281282600;3405116968;3526317608
1577,6,True,6,88413737;978220585;1749513769;2375632425;2462299689;4240324137
1578,3,True,3,596198954;1402828330;3613058602
1579,1,False,1,1862436395
1580,3,True,3,1757574700;3091367468;3486377516
1581,2,True,2,2445104685;3242579501
1582,6,True,6,475051566;1035126318;1402127918;2375874094;2675541550;3337860654
1583,4,True,4,915863087;3033925167;3165951535;3543238191
1584,5,True,5,174716464;837416496;1287026224;4044949040;4274677296
1585,2,True,2,791811633;1517409841
1586,7,True,7,161830450;1349404210;2253571634;2387301938;3383776818;3453974066;3609290290
1587,3,True,3,2698937907;3079276083;4046497331
1588,2,True,2,433698356;1051813428
1589,6,True,6,563738165;579286581;831579701;1189967413;1417524789;3028039221
1590,1,False,1,3804878390
1591,4,True,4,24421943;1757799991;3327890999;4261647927
1592,3,True,3,2364843576;2810406456;4064540216
1593,6,True,6,228963897;1091061305;1222706745;1923749433;2355738169;3116647993
1594,2,True,2,2917430842;4278253114
1595,2,True,2,155842107;1807017531
1596,5,True,5,1887811132;2055910972;3006072380;3130517052;4190496316
1597,3,True,3,1216095805;1980081725;4162291261
1598,2,True,2,345392702;3496580670
1599,5,True,5,451499583;1276581439;2271106623;2517673535;4158596671
1600,4,True,4,869250624;888550976;1835214400;2540299840
1601,4,True,4,579606081;2329896513;2486199873;3548563009
1602,3,True,3,1461421634;1779856962;2935625282
1603,5,True,5,2693580355;2903455299;3028153923;3742377539;3924940355
1604,3,True,3,789837380;917112388;1539249732
1605,2,True,2,616097349;3916973637
1606,3,True,3,214672966;3676726854;4239517254
1607,8,True,8,133744199;409396807;901957191;1292424775;2402645575;3275683399;3417531975;4122379847
1608,4,True,4,1231894088;1933801032;1997358664;2814568008
1609,2,True,2,2680632905;4057785929
1610,2,True,2,2474882634;2838799946
1611,3,True,3,922887755;1612359243;1786160715
1613,6,True,7,811443789;1716639309;2493089357;3024172621;3848590925;4238378573
1614,3,True,3,2006431310;2656441934;3092997710
1615,1,False,1,4054263375
1616,2,True,2,1168205392;3336656464
1617,1,False,1,487200337
1618,5,True,5,620414546;1616033362;1985332818;4114568786;4219180626
1619,5,True,5,2574452307;2756777555;3441366611;3869791827;4287051347
1620,6,True,6,738891348;1133631060;1587316308;2537911892;3445728852;4125836884
1621,1,False,1,2948482645
1622,8,True,8,236037718;340301398;572384854;601060950;806471254;975316566;998622806;3931661910
1623,2,True,2,3812673111;3994179159
1624,2,True,2,3718473304;3737937496
1625,6,True,6,309679705;2434623065;3162039897;3772462681;4002973273;4225390169
1626,2,True,2,1899648602;2209842778
1627,2,True,2,1783891547;3857372763
1628,6,True,6,817288796;1218627164;2109568604;2454771292;2974025308;3018790492
1629,5,True,5,602777181;1090410077;1561654877;2397144669;4054160989
1630,4,True,4,799573598;1282319966;1380144734;1675220574
1631,3,True,3,517174879;903796319;3632350815
1632,4,True,5,2859304544;2880689760;3211269728;3794773600
1633,1,False,1,3920127585
1634,3,True,3,623728226;2646767202;3920582242
1635,5,True,5,358889059;1875658339;3131143779;4114691683;4119279203
1636,3,True,3,1403774564;3185698404;4146472548
1637,1,False,1,2554603109
1638,2,True,2,857323110;2583926374
1639,6,True,6,362845799;426665575;1305290343;2765387367;3594745447;4268013159
1640,2,True,2,2259830376;3526243944
1641,6,True,6,512353897;609347177;2365896297;2882733673;4123330153;4145038953
1642,3,True,3,912004714;1878251114;3315648106
1643,2,True,2,294086251;3222562411
1644,3,True,3,333493868;585090668;3948533356
1645,11,True,11,56809069;198780525;212706925;587679341;701908589;1300121197;2619815533;2885867117;3736790637;4000736877;4069385837
1646,6,True,6,1806902894;2056242798;2584323694;2701039214;2812593774;3808450158
1647,3,True,3,1370224239;1698461295;2533340783
1648,5,True,5,393635440;1465468528;1550079600;2410022512;3095266928
1649,4,True,4,81315441;651269745;2378200689;3882063473
1650,2,True,2,3652544114;3854530162
1651,4,True,4,664741491;3078231667;3898173043;4001244787
1652,6,True,7,1086645876;2878768756;3235599988;3570722420;4202894964;4277593716
1653,5,True,5,571373173;758957685;2901562997;3105412725;3450664565
1654,1,False,1,4005492342
1655,6,True,6,955876983;1079662199;1714595447;2999658103;3650987639;4230166135
1656,5,True,5,263984760;2397664888;2641454712;3573737080;3880990328
1657,2,True,2,3219031673;3335911033
1658,3,True,3,1170523770;2711631482;3642459770
1660,7,True,7,820930172;1059997308;1784596092;2393609852;3190105724;4186183292;4294276732
1661,4,True,4,566580861;1508824701;2040784509;4021921405
1662,2,True,2,3010467454;3244381822
1663,5,True,5,11691647;30652031;2947061375;3311679103;3376379519
1664,3,True,3,178824832;716760704;3527038592
1665,6,True,6,490829441;3318244993;3433092737;3557955201;4119336577;4161484417
1666,3,True,3,497112706;2215728770;2851214978
1668,4,True,4,660895364;1261934212;2059818628;2568382084
1669,7,True,7,426350213;1084085893;1269851781;1662363269;2461472389;3205432965;3341358725
1670,2,True,2,1637836422;4155909766
1671,4,True,5,591079047;2031355527;2168583815;3291149959
1672,2,True,2,2132620936;2913584776
1673,5,True,5,1041098377;2456970889;3720627849;4029740681;4164175497
1674,4,True,4,604993162;908773002;1391650442;2135733898
1675,6,True,6,982840971;1014351499;3405624971;3405813387;4079318667;4189157003
1676,1,False,1,3273139852
1677,2,True,2,873326221;2712876685
1678,5,True,5,167323278;420337294;2882520718;3060528782;3208504974
1679,4,True,4,179873423;958822031;1613850255;3921233551
1680,2,True,2,843216528;997414544
1681,1,False,1,830711441
1683,4,True,4,1016841875;1265235603;3077621395;3240466067
1684,4,True,4,1001105044;2180789908;2861754004;2950915732
1685,2,True,2,271365781;3335427733
1686,3,True,3,687482518;2730161814;3044292246
1687,2,True,2,722372247;4118787735
1688,2,True,2,120370840;520050328
1689,5,True,5,1266230937;2455017113;2523883161;2913236633;3089118873
1690,4,True,4,51975834;192190106;922375834;2006443674
1691,3,True,3,364684955;945444507;3130881691
1692,2,True,2,2704844444;3783386780
1693,5,True,5,1023190685;1742403229;1909986973;1979549341;2754729629
1694,3,True,3,1593161374;2167793310;3363980958
1695,5,True,5,1935074975;2132014751;2868356767;2998560415;3227907743
1696,3,True,3,553412256;3392845472;3952699040
1697,3,True,3,1662912161;1754306209;2509211297
1698,2,True,2,3186972322;3231520418
1699,2,True,2,1857443491;2811696803
1700,4,True,4,1149036196;2371925668;2734749348;2888754852
1701,1,False,1,1789200037
1702,3,True,3,1996224166;2698045094;3271198374
1703,1,False,1,2242074279
1704,3,True,3,584197800;1567037096;4016146088
1706,4,True,4,319706794;611997354;3012945578;4173600426
1707,4,True,4,1202579115;1892726443;2561083051;3936667307
1709,4,True,4,639923885;1509402285;1659020973;4123907757
1710,4,True,4,543786670;1490564782;1510590126;3438544558
1711,3,True,3,924481199;2183657135;3283310255
1712,3,True,3,229635760;1045038768;3977672368
1713,1,False,1,3339585201
1714,5,True,5,6244018;466060978;1527699122;1821009586;3302942386
1715,3,True,3,660014771;1866143411;4112107187
1716,3,True,3,7497396;167564980;445163188
1717,4,True,4,1421129397;1435961013;2843088565;2937779893
1718,4,True,4,172238518;732047030;3896501942;4031891126
1719,1,False,1,3872102071
1720,2,True,2,2627344056;2940987064
1721,1,False,1,3170092729
1722,4,True,4,227034810;369268410;1315944122;3350673082
1723,3,True,3,1351308987;2161624763;3839616699
1724,2,True,2,3176806076;3213694652
1725,4,True,4,914929341;1215432381;2309437117;2691057341
1726,3,True,3,707905214;857507518;1744594622
1727,4,True,4,2020161215;3187160767;3430106815;4276438719
1728,5,True,5,703956672;1494185664;1999255232;2639935168;4214310592
1729,3,True,3,119449281;3958785729;4267120321
1730,1,False,1,2634102466
1731,4,True,4,732767939;1310172867;1347884739;2348918467
1732,2,True,2,3882690244;4003677892
1733,3,True,3,321337029;1481541317;1696143045
1734,3,True,3,411743942;2374592198;3304326854
1735,4,True,4,1499858631;1511720647;2534889159;3259623111
1736,6,True,6,600950472;1215571656;1842235080;2002187976;2030757576;2251634376
1737,4,True,4,569628361;1692096201;3460900553;4278941385
1738,4,True,4,868255434;1677227722;3383949002;3677607626
1739,3,True,3,4851403;945026763;3497965259
1740,1,False,1,4050323148
1741,5,True,5,103073485;887129805;964323021;998536909;2160744141
1742,2,True,2,2222048974;3563812558
1743,2,True,2,985065167;1676900047
1744,4,True,4,503297744;1241355984;2194486992;2617718480
1745,1,False,1,1446979281
1746,3,True,3,817608402;980022994;3410593490
1747,3,True,4,1414260435;3980805843;4148053715
1748,6,True,6,170206932;268019412;965646036;1601054420;1706645204;2798884564
1749,2,True,2,384722645;1075717845
1750,5,True,5,182576854;1683109590;1965217494;2338416342;3252528854
1751,6,True,6,1824454359;2445911767;2488469207;2926773975;3216299735;3308676823
1752,3,True,3,401630936;689931992;1220851416
1753,3,True,3,137877209;1426073305;1961572057
1754,4,True,4,206792410;326559450;1686095578;2518947546
1755,4,True,4,423216859;2332501723;2352170715;2932631259
1756,2,True,2,2896918236;4264982236
1757,2,True,2,3555890909;3982284509
1758,1,False,1,3780466398
1759,2,True,2,3447244511;3868137183
1760,1,False,1,2424530656
1761,4,True,4,1712256737;2191206113;2400212705;4176971489
1762,3,True,3,809080546;1957185250;3003176674
1763,4,True,4,874637027;1567975139;2673444579;3385149155
1764,5,True,5,133220068;1949931236;3453556452;3880720100;4097783524
1765,3,True,3,1959044837;2089117413;2263000805
1766,3,True,3,216532710;960947942;1970415334
1767,4,True,4,1951905511;2238424807;2966853351;3775629031
1768,4,True,4,358840040;3124594408;3349923560;3732305640
1769,4,True,4,2808588009;3706070761;3761997545;3906782953
1770,5,True,5,5441258;146958058;696600298;2282596074;3730994922
1771,1,False,1,3914286827
1772,3,True,3,1372997356;3018176236;3519346412
1773,3,True,3,821810925;870622957;2857371373
1774,2,True,2,110307054;2851288814
1775,2,True,2,1395869423;4124714735
1776,2,True,2,1569294064;3984004848
1777,1,False,1,3004593905
1778,1,False,1,272594674
1779,4,True,4,947885811;1178916595;2096154355;3819661043
1780,6,True,6,852010740;1250928372;1740019444;2015368948;2211190516;2567444212
1781,4,True,4,112486133;2070976245;2804053749;3067639541
1782,4,True,4,2279995126;2595514102;2604295926;3943352054
1783,4,True,4,2280294135;3470821111;3684013815;3799455479
1784,1,False,1,1607636728
1785,5,True,5,146061049;1698760441;2128193273;2463110905;2818553593
1786,3,True,3,1089091322;1179019002;3615356666
1787,1,False,1,2559784699
1788,4,True,4,619083516;3120490236;3770603260;3968722684
1789,2,True,2,2275071741;2625513213
1790,1,False,1,2379802366
1791,3,True,3,1037899519;2877970175;3526465279
1792,1,False,1,3450033920
1793,3,True,3,248846081;2212550401;3790276353
1794,3,True,3,613189378;1702577922;2811033346
1795,4,True,4,473978627;968054531;2895996675;3461445379
1796,3,True,3,530974468;754542340;1928316676
1797,3,True,3,1660110597;3052939013;3813283589
1798,3,True,3,376067846;4122056454;4282251014
1799,1,False,1,289478407
1800,4,True,4,738150152;1275864840;2740709128;3451201288
1801,5,True,5,1579738889;2252355337;2267068169;2617362185;3271079689
1802,3,True,3,2892195594;3371058954;3674969866
1803,2,True,2,2649519883;3833054987
1804,5,True,5,1343616780;1345894156;1350285068;3178858252;3327522572
1805,2,True,2,83769101;305817357
1806,3,True,3,527783694;2826938126;3141674766
1807,2,True,2,1831429903;4063078159
1808,5,True,5,1167517456;1472558864;2020255504;2993104656;3437197072
1809,1,False,1,3268335377
1810,5,True,5,383756050;3083859730;3321673490;3335431954;3702044434
1811,2,True,2,2978260755;3444967187
1812,4,True,4,447387412;816252692;1709008660;2454054676
1813,1,False,1,758548245
1814,2,True,2,2434406166;2804217622
1815,3,True,3,280950551;1699673879;1760933655
1816,3,True,3,921106200;3274921752;3993319192
1817,7,True,8,1060202265;2093700889;2115110681;2406647577;2717067033;2778109721;2829985561
1818,5,True,5,710317850;2235270938;3198265114;3712497434;4166350618
1819,3,True,3,1530492699;1759553307;4135200539
1820,1,False,1,1822332700
1821,1,False,1,1914189597
1822,4,True,4,1790060318;1909831454;3652482846;4129404702
1823,2,True,2,3207567135;3548731167
1824,6,True,6,513328928;899245856;2007889696;2948765472;3118286624;3451336480
1825,5,True,5,556717857;923637537;1036666657;3651917601;4065294113
1826,4,True,4,2252662562;2698426146;2864031522;3257427746
1827,4,True,4,883992355;1521907491;2814924579;3926591267
1828,5,True,5,275666724;476796708;2899150628;3004512036;3305830180
1829,5,True,5,1420113701;2443859749;2619774757;3036469029;3043686181
1830,2,True,2,166856486;3552380710
1831,7,True,7,88831783;1047656231;2646783783;3067209511;3411158823;4029032231;4278245159
1832,4,True,4,118355752;1978185512;3417294632;3503740712
1833,4,True,4,203843369;474900265;2226710313;3945031465
1834,4,True,4,317732650;1157433130;1667835690;2245953322
1835,2,True,2,959354667;2859927339
1836,3,True,3,42542892;2793072428;4264601388
1839,4,True,4,234047279;1365174063;3502700335;4236605231
1840,4,True,4,1773377328;2495104816;3709978416;4149495600
1841,3,True,3,1644369713;2260326193;3714328369
1842,1,False,1,3718543154
1843,3,True,3,194258739;1175680819;4032915251
1844,3,True,4,2428282676;2814367540;3855312692
1845,1,False,1,2359686965
1846,4,True,4,2427475766;3403081526;3709708086;3721303862
1847,3,True,3,186427191;2423543607;3462731575
1848,1,False,1,226879288
1849,4,True,4,442828601;1117157177;3431159609;4274980665
1850,3,True,3,800642874;2108012346;4172736314
1851,3,True,3,601241403;2411263803;3325392699
1852,4,True,4,1731184444;2356451132;2930997052;3649726268
1853,4,True,4,1240856381;1857795901;2045142845;2406012733
1854,3,True,3,1444464446;2206467902;3239978814
1855,6,True,6,78591807;271431487;1101907775;1267873599;4268611391;4284835647
1856,3,True,3,243259200;349255488;3444242240
1857,1,False,1,2956490561
1858,4,True,4,307214146;2353149762;2549495618;3382462274
1859,2,True,2,135980867;1959335747
1860,6,True,6,59639620;600377156;620590916;1910437700;3467155268;3981854532
1861,5,True,5,891856709;2129098565;3368957765;3382298437;3771021125
1862,5,True,5,430131014;754976582;1913726790;2644932422;4085679942
1863,5,True,5,1635776327;2002863943;2037143367;2250143559;3151832903
1864,3,True,3,659760968;1983125320;2613700424
1866,6,True,6,30431050;194488138;2151982922;2304296778;2744727370;2849724234
1867,3,True,3,289060683;1724696395;2259724107
1868,5,True,5,448231244;2090932044;2633660236;2861623116;3896690508
1869,4,True,4,124860237;1639520077;2326062925;4037289805
1870,2,True,2,1742694222;2832697166
1871,2,True,2,2527360847;3530569551
1872,4,True,4,2795726672;2918033232;3690805072;3783710544
1873,3,True,3,84862801;1622071121;2290030417
1874,4,True,4,256517970;2205202258;2421299026;3964536658
1875,1,False,1,755345235
1876,2,True,2,1065555796;2592663380
1877,1,False,1,2817202005
1878,5,True,5,1259403094;1663125334;1964283734;2263308118;2909960022
1879,1,False,1,2752034647
1880,4,True,4,125904728;319039320;1684526936;3682441048
1881,1,False,1,1154799449
1882,4,True,4,1971156826;2075760474;3064080218;3853387610
1883,3,True,3,1939330907;3308939099;3491936091
1884,4,True,4,2680624988;3094349660;3467048796;3564037980
1885,4,True,4,872679261;2758465373;2898749277;3132778333
1886,7,True,7,394073950;467560286;840263518;983078750;2308380510;2799351646;3582076766
1887,4,True,4,422553439;797194079;3192112991;3839788895
1888,3,True,3,2204682080;2595518304;3611481952
1889,4,True,4,238409569;868431713;894236513;1319073633
1890,2,True,2,605415266;4177426274
1891,2,True,2,941197155;2331457379
1892,4,True,4,335431524;340195172;624887652;799373156
1893,4,True,4,129566565;1286326117;1537537893;2216920933
1894,1,False,1,3691374438
1895,4,True,4,231757671;2317727591;2514900839;4061583207
1896,3,True,3,1199167336;3165820776;3700070248
1897,1,False,1,3291985769
1898,4,True,4,1861949290;2200643434;2454742890;2913027946
1899,3,True,3,1911674731;2813085547;3699390315
1900,2,True,2,1316276076;2411493228
1901,3,True,3,1687943021;3635234669;4162303853
1902,4,True,4,1670784878;2215253870;2219542382;3375560558
1903,4,True,4,822220655;1148716911;1977968495;3225626479
1904,3,True,3,2380228464;2714199920;4086560624
1905,5,True,5,368531313;982419313;2506041201;3509622641;3615782769
1906,8,True,8,114435954;779282290;1124464498;1168394098;1598793586;3274426226;4059920242;4143282034
1907,2,True,2,189114227;533985139
1908,3,True,3,2583738228;3833505652;3970135924
1909,3,True,3,2688989045;2911881077;3664885621
1910,3,True,3,1300641654;2463614838;2916783990
1911,3,True,3,445015927;2050320247;3443906423
1912,3,True,3,44517240;2664769400;3565381496
1913,2,True,2,1272764281;1499740025
1914,6,True,6,1879046010;2156472186;2371602298;2607843194;2669287290;2947536762
1915,3,True,3,2574665595;2774959995;3718514555
1916,3,True,3,285874044;1119983484;2324768636
1917,3,True,3,375916413;1510328189;2872502141
1918,4,True,4,10065790;2539325310;3767052158;3950720894
1919,3,True,3,848754559;1320507263;1624221567
1920,3,True,3,65738624;908339072;1001883520
1921,3,True,3,153151361;1186731905;2667063169
1922,3,True,3,1176274818;1924851586;2258843522
1923,4,True,4,1373886339;3120805763;4080260995;4080498563
1924,5,True,5,55822212;2684098436;4026595204;4203906948;4274255748
1925,1,False,1,2932537221
1926,4,True,4,1852774278;2849396614;3755128710;3952080774
1927,1,False,1,577755015
1928,5,True,5,882399112;1503696776;1703659400;3276511112;3484321672
1929,5,True,5,1463551881;1472325513;1544173449;3301017481;3603953545
1930,4,True,4,1727764362;1896867722;2602084234;2798221194
1931,3,True,3,3195832203;3514009483;3538503563
1932,6,True,6,14800780;16451468;1124984716;1362265996;1533106060;4290889612
1933,4,True,4,163338125;230410125;484886413;2138195853
1934,2,True,2,1014830990;1352726414
1935,4,True,4,809064335;3206633359;4065027983;4263081871
1936,2,True,2,144324496;258606992
1937,2,True,2,2124760977;2331740049
1938,4,True,4,237889426;1148995474;1757317010;1827399570
1939,4,True,4,1046579091;2969446291;3248686995;3917207443
1940,5,True,5,538802068;1571432340;2250950548;2899122068;3386288020
1941,5,True,5,305780629;758265749;3030587285;3497379733;4013410197
1942,3,True,3,229197718;1439901590;3734443926
1943,3,True,3,2076424087;2630395799;4080965527
1944,5,True,5,1208018840;2605590424;3263879064;3268896664;4286748568
1945,4,True,4,1431000985;1827321753;2101671833;2687379353
1946,2,True,2,1660602266;2326464410
1947,2,True,2,742000539;2907764635
1948,4,True,4,322017180;1477191580;2674833308;4209911708
1949,2,True,2,168970141;230803357
1950,7,True,7,954800030;1481701278;1970710430;1973893022;2138757022;2522052510;2686797726
1951,3,True,3,603510687;2431932319;3700832159
1952,3,True,3,36652960;2439505824;2895460256
1953,4,True,4,645277601;1406736289;1707743137;2559453089
1954,6,True,6,120002466;643901346;1077929890;2978015138;3594696610;3663009698
1955,3,True,3,1680586659;2800265123;3995047843
1956,7,True,7,845576100;980027300;1763157924;2375751588;3582855076;3611707300;3780274084
1957,6,True,6,711395237;729651109;872011685;1785550757;3448133541;4196030373
1958,5,True,5,133138342;1453291430;2398963622;3999762342;4284737446
1959,1,False,1,4095838119
1960,6,True,6,709810088;1152501672;1255905192;1860315048;3177605032;3732711336
1961,2,True,2,1831184297;2939484073
1962,5,True,5,737867690;1936279466;3013203882;4020864938;4123797418
1963,6,True,6,848127915;1836423083;2846848939;2933561259;2962786219;3850266539
1964,5,True,5,125573036;665978796;669222828;2834028460;4267579308
1965,2,True,2,192300973;755210157
1966,2,True,2,3346937774;3835029422
1967,2,True,2,661841839;3123144623
1968,7,True,7,236758960;694929328;812185520;1204422576;1787639728;3685525424;4077459376
1969,7,True,7,75745201;657389489;1139177393;2486695857;3044751281;4147136433;4201846705
1970,6,True,6,1011484594;1135286194;1204877234;2966722482;3103143858;3385333682
1971,2,True,2,808794035;4242646963
1972,3,True,3,1827350452;1840994228;4166301620
1973,3,True,4,1842145205;2076473269;3533649845
1975,5,True,5,599484343;1085351863;1141213111;3100755895;3706644407
1976,2,True,2,1085425592;4118464440
1977,7,True,7,844478393;1107867577;1563920313;3213662137;3850856377;4271990713;4290344889
1978,2,True,2,410310586;3343501242
1979,3,True,3,2359863227;3276433339;3368912827
1980,7,True,7,177928124;199325628;493975484;1574979516;1597065148;2238101436;3726968764
1981,4,True,5,2206259133;2383218621;3575588797;3953317821
1983,5,True,5,2361419711;2914785215;3413436351;3619026879;4192454591
1984,2,True,2,523806656;3402864576
1985,5,True,5,128522177;198350785;814761921;1090062273;3110795201
1986,1,False,1,2929182658
1987,1,False,1,2500257731
1988,2,True,2,2168543172;4083312580
1989,4,True,4,822351813;1324165061;3188090821;3365251013
1990,6,True,6,1195825094;1888577478;2131355590;2879338438;3250694086;3769165766
1991,7,True,7,63637447;414635975;900642759;953509831;1885583303;2360567751;3842635719
1992,3,True,3,1743407048;3331921864;3347744712
1993,2,True,2,1214060489;3943995337
1994,4,True,4,373569482;1761728458;2735876042;3325212618
1995,6,True,6,527349707;580106187;717723595;1325545419;1328363467;3397920715
1996,2,True,2,4001462220;4262303692
1997,4,True,4,55236557;1037514701;3101919181;3742476237
1998,5,True,6,452220878;1239586766;2015152078;3796359118;4083959758
1999,11,True,11,158361551;242694095;258840527;399845327;461641679;970102735;982448079;1031792591;1308149711;1338394575;4264101839
2000,3,True,4,1826039760;2524587984;3371845584
2001,4,True,4,1206900689;2750453713;3856463825;3958761425
2002,2,True,2,1723398098;1831561170
2003,1,False,1,1223698387
2004,6,True,6,1753814996;2482595796;3290314708;3623020500;3986286548;3995043796
2005,2,True,2,497076181;3906078677
2006,1,False,1,1560152022
2007,1,False,1,231004119
2008,2,True,3,598546392;739682264
2009,3,True,3,1236985817;1269417945;2647533529
2010,7,True,7,211535834;350898138;976025562;2197981146;2912577498;3533559770;4052064218
2011,2,True,2,2165082075;3511678939
2012,2,True,2,2051684316;2606807004
2013,3,True,3,154257373;446961629;2991151069
2014,1,False,1,1600042974
2015,5,True,5,1852852191;2244823007;2424985567;3312715743;4082972639
2016,3,True,3,244140000;1769392096;2807146464
2017,2,True,2,1526003681;1837553633
2018,5,True,5,232728546;1003026402;1063671778;1671059426;3540686818
2019,7,True,7,460404707;790493155;1420281827;1677502435;2667010019;3370801123;3428665315
2020,2,True,2,3114878948;3117291492
2021,5,True,5,151357413;352651237;487794661;1901774821;3202357221
2022,5,True,5,1459574758;2396379110;2469570534;3960813542;3967502310
2023,3,True,3,295778279;494262247;3988559847
2024,4,True,4,307668968;1788123112;2100639720;3303790568
2025,6,True,6,19183593;584460265;1508861929;1905031145;3143120873;3144697833
2026,7,True,7,329402346;727042026;736569322;793712618;1817446378;1980311530;3834312682
2027,4,True,4,2686445547;2786670571;2831685611;3414484971
2028,2,True,2,834643948;2422851564
2029,1,False,1,3458893805
2030,3,True,3,1536903150;2520963054;3674789870
2031,3,True,3,3439073263;3746150383;4249753583
2032,2,True,2,3553264;3805677552
2033,3,True,3,1191307249;1452201969;3011598321
2034,4,True,4,1867024370;2035804146;3001030642;4086265842
2035,7,True,7,1131014131;1453320179;1679988723;1957918707;3414992883;4136392691;4233353203
2036,4,True,4,153905140;589850612;2660636660;3588630516
2037,5,True,5,170895349;926070773;3192170485;3563378677;4230641653
2039,2,True,2,1450420215;3736750071
2040,4,True,4,881125368;1189373944;1446569976;2258274296
2041,6,True,6,664709113;1049499641;1552070649;2718496761;3162597369;3180423161
2042,2,True,2,314042362;2737494010
2043,2,True,2,2480154619;3929393147
2044,2,True,2,475355132;2121484284
2045,4,True,5,2776365053;2951477245;3487426557;4161038333
2046,8,True,8,312502270;575510526;1025099774;1350440958;1529686014;2301474814;3428558846;4013430782
2047,7,True,8,12896255;201132031;257615871;285485055;582424575;1143027711;2800326655
2048,3,True,3,1410828288;3876075520;4207872000
2049,6,True,6,614369281;1328052225;1455384577;2245273601;2494941185;4071909377
2050,2,True,2,49567746;1507076098
2051,3,True,3,329345027;2138863619;2304956419
2052,3,True,3,583178244;3576027140;3675158532
2053,6,True,6,1015412741;1859692549;2145982469;2742827013;3358472197;4191815685
2054,1,False,1,119240710
2055,2,True,2,3118442503;3686332423
2057,2,True,3,215394313;877049865
2058,3,True,3,719312906;1171929098;3029825546
2059,2,True,2,1844336651;2052962315
2060,1,False,1,3258587148
2061,6,True,6,965179405;1133979661;1977247757;2091911181;3646965773;4215797773
2062,4,True,4,203749390;955037710;1396246542;2036422670
2063,7,True,7,55519247;373282831;501495823;1034328079;1560758287;1778345999;3980204047
2064,6,True,6,665966608;1388742672;1696094224;2584737808;3743078416;4073998352
2065,2,True,2,915761169;1540196369
2066,2,True,2,1270654994;2110334994
2067,6,True,6,81549331;2966050835;3399694355;4113639443;4258637843;4289857555
2068,2,True,2,2759604244;3278735380
2069,3,True,3,249206805;2981300245;3403139093
2070,2,True,2,364320790;2904647702
2071,3,True,3,2691725335;4100331543;4236548119
2072,4,True,4,224004120;882096152;1524869144;2871429144
2073,2,True,2,1935509529;3266783257
2074,5,True,5,483772442;1341659162;3132168218;3979102234;4014938138
2075,2,True,2,196593691;3209910299
2077,4,True,4,840271901;1230276637;2272196637;2350635037
2078,3,True,3,1258436638;3474483230;4040546334
2079,8,True,8,38479903;641980447;727537695;1326745631;1344808991;1678698527;1884063775;3412400159
2080,4,True,4,843348000;3265042464;3946502176;4041152544
2081,5,True,5,158922785;963553313;1374324769;2640652321;3104413729
2082,7,True,7,471701538;1298769954;1368504354;1898174498;2411018274;3112077346;3804489762
2083,1,False,1,1697204259
2084,3,True,3,756828196;2953992228;3907127332
2085,4,True,4,179079205;1082128421;2447685669;3113531429
2086,2,True,2,2480429094;2712000550
2087,4,True,4,1311676455;1921427495;2048682023;3075573799
2088,3,True,3,33519656;82163752;1033881640
2089,4,True,4,1063794729;2354309161;3738535977;3799590953
2090,4,True,4,217217066;395270186;1478801450;3274856490
2091,2,True,2,529287211;661260331
2092,2,True,2,3469408300;3523844140
2093,6,True,6,251107373;302610477;687806509;1110968365;1212381229;3933751341
2094,2,True,2,425101358;3710400558
2095,1,False,1,497264687
2096,3,True,3,1095411760;2250360880;2375505968
2097,2,True,2,438732849;3124041777
2098,5,True,5,149948466;181069874;2650675250;2670278706;2897578034
2099,4,True,4,21276723;172496947;262944819;2242410547
2100,6,True,6,258734132;524109876;2623678516;2850445364;2915129396;4266121268
2101,5,True,5,656279605;1920313397;2250319925;2690721845;3317987381
2102,3,True,4,1145829430;2214352950;3570530358
2103,3,True,3,2399221815;2577872951;3212044343
2104,6,True,6,910522424;1552320568;2486126648;3101161528;3190315064;3208423480
2105,3,True,3,1536002105;2231953465;4250585145
2106,6,True,6,305526842;593639482;675280954;824367162;1549523002;3627059258
2107,8,True,8,68675643;501123131;839768123;1037350971;1606191163;2517448763;2830944315;3925215291
2108,1,False,1,1884272700
2109,6,True,6,994629693;1013594173;1067292733;2970601533;3502397501;4205795389
2110,6,True,6,1634834494;1709164606;3598174270;3695294526;4134041662;4202821694
2111,3,True,3,130308159;1185093695;3997816895
2112,5,True,5,1277225024;1698142272;1794934848;1908852800;2830702656
2113,4,True,4,712345665;1071810625;2227611713;3448801345
2115,7,True,7,302983235;1000622147;1075918915;1381660739;2795448387;3581122627;4180801603
2116,4,True,4,1190201412;1644410948;1899788356;3745364036
2117,3,True,3,1511700549;3379812421;3382720581
2118,4,True,4,1866582086;1895307334;2272294982;4075305030
2119,2,True,2,3212118087;3675101255
2120,7,True,7,263530568;720939080;735967304;2915108936;3111049288;3981408328;4224821320
2121,3,True,3,638740553;964880457;3869579337
2122,5,True,5,434423882;582006858;694069322;2829363274;3099236426
2123,3,True,3,2117437515;2873563211;3795683403
2124,2,True,2,3443050572;4252112972
2125,6,True,6,504924237;1870170189;2166949965;3322951757;3526953037;3798964301
2126,5,True,5,1552275534;2338838606;2361530446;2646607950;3892181070
2127,3,True,3,74537039;2068609103;2648070223
2128,5,True,5,5851216;1935022160;2245384272;3353131088;3750025296
2129,6,True,6,574572625;1376815185;1886369873;1940957265;3160295505;3888072785
2130,4,True,4,277076050;1521289298;3025201234;3171436626
2131,7,True,7,626579539;1562732627;1685157971;3407554643;3808467027;3948709971;4013926483
2132,2,True,3,994494548;3161528404
2133,3,True,3,436172885;2060400725;2500368469
2134,1,False,1,3881433174
2135,4,True,4,410564695;916396119;1092962391;3046447191
2136,5,True,5,602929240;2270152792;3435317336;3733997656;4070094936
2137,1,False,1,3380750425
2138,3,True,3,1043003482;2855057498;3038546010
2139,4,True,4,1553811547;2855811163;3974035547;3983042651
2140,2,True,2,1115506780;2061670492
2141,2,True,2,1005672541;3196692573
2142,1,False,1,2996824158
2143,6,True,6,538069087;610814047;1083009119;2197960799;2804967519;2990536799
2144,3,True,3,1887025248;3573815392;4178745440
2145,4,True,4,2719762529;3578275937;3734231137;3819550817
2146,1,False,1,2250324066
2147,4,True,4,502941795;530331747;3030141027;3951470691
2148,2,True,2,2898135140;3497482340
2149,6,True,6,393578597;413640805;1509619813;3354777701;3913111653;4185008229
2150,2,True,2,3235043430;3325483110
2151,3,True,3,1362135143;2470320231;3614296167
2152,4,True,4,838944872;1373960296;3163510888;3195172968
2153,1,False,1,1343539305
2154,4,True,4,616028266;1088981098;2475182186;3434633322
2155,3,True,3,187680875;2015209579;3873941611
2156,3,True,3,1043273836;1555847276;1599707244
2157,6,True,6,1740654701;2866161773;3126384749;3256785005;3415464045;4206229613
2158,5,True,5,600647790;729921646;1617807470;3206056046;4040738926
2159,2,True,2,278112367;568629359
2160,5,True,5,49752176;85035120;2491054192;3024996464;4221331568
2161,4,True,4,128034929;4053653617;4233836657;4264704113
2162,4,True,4,2245277810;2717010034;3237857394;3561371762
2163,8,True,8,2137598067;2898835571;2947475571;3154950259;3252164723;3805018227;3935570035;4022712435
2164,2,True,2,1063729268;2540419188
2165,4,True,4,528218229;829315189;1687271541;3465926773
2166,6,True,7,61655158;212105334;1231087734;1823144054;2236442742;4093913206
2168,1,False,1,2086410360
2169,4,True,4,643360889;2036328569;2247334009;2308118649
2170,3,True,3,448977018;1665718394;4236851322
2171,3,True,3,498731131;1528846459;2834229371
2172,2,True,2,1347242108;2479941756
2173,4,True,4,1938782333;2564933757;2753394813;3927890045
2174,6,True,6,337209470;2072225918;3051432062;3427768446;3549960318;3925821566
2175,3,True,3,832821375;3406293119;3834501247
2176,3,True,3,604272768;2475792512;3742529664
2177,2,True,2,165955713;1269012609
2178,4,True,4,1043818626;2519111810;3713628290;3964319874
2179,9,True,9,345380995;2100619395;2213841027;2412894339;2761767043;3609405571;3835197571;4052039811;4109723779
2180,3,True,3,2331256964;2405972100;2988324996
2181,1,False,1,178587781
2182,2,True,2,1641121926;3838556294
2183,3,True,3,47233159;3075364999;3081083015
2184,2,True,2,1899886728;2077751432
2185,4,True,4,299329673;1541437577;4023855241;4033362057
2186,5,True,5,475711626;749877386;1303333002;1644013706;3297814666
2187,6,True,6,148830347;2367142027;2632878219;2734295179;3676674187;4124481675
2188,4,True,4,159426700;2242599052;2729592972;3571472524
2189,5,True,5,68511885;501192845;1354127501;3995900045;4053026957
2190,5,True,5,1581865102;1880975502;2132035726;2674473102;2811242638
2191,3,True,3,850651279;2100623503;2658789519
2192,3,True,3,751208592;2268346512;3346921616
2193,6,True,6,134097041;1701165201;2586646673;2817423505;2827868305;3674658961
2194,6,True,6,857823378;1274587282;1422719122;2111559826;3797747858;4239050898
2195,2,True,2,3197221011;4036774035
2196,1,False,1,2368100500
2197,1,False,1,1906247829
2198,2,True,2,1048479894;1800493206
2199,2,True,2,1841303;3763951767
2200,2,True,2,245508248;303966360
2201,5,True,5,1080506521;1559836825;2248587417;3351836825;3497760921
2202,5,True,5,688470170;3182504090;3598784666;3764598938;3876804762
2203,3,True,3,964520091;1341122715;4053485723
2204,6,True,6,1831217308;2685745308;3057957020;3438323868;3900102812;3935611036
2205,6,True,6,257206429;781711517;953985181;1178110109;2532407453;3728930973
2206,3,True,3,1800485022;2544638110;3278461086
2207,2,True,2,994744479;1112860831
2208,3,True,3,1777866912;3336665248;3567249568
2209,3,True,3,2492950689;3239872673;3329386657
2210,3,True,3,417110178;800954530;3222059170
2211,2,True,2,494860451;1838745763
2212,5,True,5,827889828;981072036;1314134180;1609455780;3314907300
2213,4,True,4,1042708645;2594220197;3145078949;3607156901
2214,4,True,4,1585592486;1759377574;2395592870;2963089574
2215,3,True,3,818616487;2078271655;3192617127
2216,2,True,2,2219419816;2514733224
2217,3,True,3,2399500457;3719006377;3953445033
2218,3,True,3,63670442;2714069162;4159834282
2219,6,True,6,354670763;1334806699;1397704875;1725323435;2031335595;3233855659
2220,2,True,2,108443820;3605137580
2221,2,True,2,15677613;828504237
2222,4,True,4,1610455214;1775241390;2466334894;3277875374
2223,4,True,4,123574447;2110531759;3760056495;3862358191
2224,3,True,3,1555003568;1928026288;2231359664
2225,4,True,4,137636017;950257841;1429162161;3155253425
2226,2,True,2,529684658;4218927282
2227,2,True,2,404228275;2085005491
2228,5,True,5,1215248564;3134126260;3274143924;3579947188;3884017844
2229,6,True,6,519321781;1347111093;1356908725;1535686837;3465271477;4178258101
2230,4,True,4,300800182;1095919798;2138597558;4025292982
2231,1,False,1,2199845047
2232,7,True,7,714893496;1292826808;1866848440;3714697400;3744766136;3847129272;4064614584
2233,3,True,3,756213945;877578425;3334469817
2234,3,True,3,136366266;547952826;3877107898
2235,5,True,5,2682058939;2712242363;3435563195;4000467131;4203944123
2236,4,True,4,1133209788;1533282492;3117226172;3556280508
2237,2,True,2,251369661;1949014205
2238,1,False,1,755845310
2239,4,True,4,208365759;338106559;788768959;4232394943
2240,6,True,6,288331968;885983424;984189120;1201260736;2654709952;2931878080
2241,4,True,4,570370241;1465850049;1815034049;2512623809
2242,5,True,5,1878653122;2232649922;2530445506;2613065922;3000584386
2243,3,True,3,815802563;1750755523;2442340547
2244,2,True,3,3194124484;3828435140
2245,5,True,5,209856709;2435844293;2447263941;3823958213;4185090245
2246,4,True,4,220543174;266365126;2840180934;3358738630
2247,2,True,2,870959303;1521686727
2249,4,True,4,346872009;508635337;3321960649;4023883977
2250,2,True,2,865441994;1508088010
2251,1,False,1,3157481675
2252,2,True,2,2776283340;3634936012
2253,1,False,1,4051892429
2254,5,True,5,1771882702;1830578382;3162179790;3688118478;3756071118
2255,6,True,6,480319695;2021812431;2215712975;2865977551;3546577103;4129978575
2256,4,True,4,394688720;818718928;3272743120;3785431248
2257,5,True,5,2085103825;2300762321;2957641937;3130706129;3633182929
2258,5,True,5,190617810;1981184210;2347776210;2934028498;3005606098
2259,3,True,3,902252755;1457666259;1901308115
2260,3,True,3,1226520788;2195323092;2689263828
2261,5,True,5,1396955349;2405341397;2819143893;2988013781;4258265301
2262,1,False,1,402417878
2263,4,True,4,715884759;1835358423;2222270679;2956830935
2264,8,True,8,2713816;724478168;952744152;1472493784;1865476312;1923447000;3248777432;3727960280
2265,1,False,1,3138013401
2267,3,True,3,563210459;3086960859;4044953819
2268,2,True,2,277883100;3110205660
2269,2,True,2,456771805;1817135325
2270,3,True,3,636971230;1359616222;1535166686
2271,4,True,4,304859359;500533471;592513247;1454528735
2272,3,True,3,311572704;1283815648;3194685664
2273,2,True,2,681679073;1710205153
2274,1,False,1,2567182562
2275,5,True,5,682830051;1379625187;1542633699;1698785507;4231227619
2276,4,True,4,197593316;850876644;1673787620;2618943716
2277,7,True,7,253036773;964249829;1534810341;1657829605;2979477733;3335121125;4151343333
2278,5,True,5,1352075494;1573140710;2584230118;3159361766;3906328806
2279,5,True,5,13379815;153839847;1091340519;1814604007;2632087783
2280,2,True,2,772446440;2975787240
2281,4,True,4,1343183081;2012424425;2285529321;3640396009
2282,3,True,3,545310954;2709858538;2847201514
2283,2,True,2,2012358891;3515574507
2284,1,False,1,3578943724
2285,5,True,5,491411693;2705131757;3491109101;3555600621;4004829421
2286,3,True,3,61454574;3969480942;4195596526
2287,2,True,2,1549330671;3354929391
2288,2,True,2,1162795248;3842566384
2289,4,True,4,999295217;1375082737;1554077937;2620950769
2290,7,True,7,1443461362;2275899634;2296543474;2377660658;2456287474;3833608434;4019722482
2291,6,True,6,35461363;813820147;1203972339;3927611635;4024281331;4178573555
2292,4,True,4,235165940;242706676;358193396;2036062452
2293,5,True,5,944437493;1793849589;1879357685;2384255221;2450950389
2294,1,False,1,2548304118
2295,1,False,1,2649233655
2296,4,True,4,1822415096;2113976568;2513799416;3762305272
2297,2,True,2,465524985;4165589241
2298,6,True,7,539748602;1207548154;1259710714;2038905082;2849396986;3253205242
2299,8,True,8,406071547;2004076795;2647804155;3010410747;3183278331;3226663163;3487009019;4039837947
2300,2,True,2,2072230140;3120642300
2301,2,True,2,3176999165;3302488317
2302,7,True,7,4208894;751180030;870316286;1700362494;1845360894;3385211134;4271360254
2303,6,True,6,712796415;3496159487;3908647167;3945494783;3974650111;4180584703
2304,5,True,5,540600576;1170061568;1479129344;1612536064;3398949120
2305,2,True,2,2260130049;4216006913
2306,2,True,2,2440935682;3825895682
2307,4,True,4,67836163;1274665219;1276623107;3338807555
2308,2,True,2,378767620;2101922052
2309,2,True,2,1332680965;3215776005
2310,3,True,3,98167046;950417670;1068984582
2311,5,True,5,410667271;1536432391;3360672007;3363948807;3863058695
2312,2,True,2,1591613704;3046754568
2313,2,True,2,2856245513;3465230601
2314,1,False,1,3064645898
2315,5,True,5,232532235;2391865611;2496006411;2981525771;3623381259
2316,2,True,2,632916236;932485388
2317,1,False,1,3556817165
2318,5,True,5,367204622;1437714702;2362042638;2491521294;2588162318
2319,2,True,2,1036396815;2197104911
2320,1,False,1,2910116112
2321,2,True,2,551725329;3029510417
2322,2,True,2,2299287826;2457164050
2323,2,True,2,2353277203;3099494675
2324,3,True,4,1807812884;3359688980;4192139540
2325,6,True,6,164931861;1723099413;2017081621;2629126421;4225898773;4244318485
2326,4,True,4,222947606;1050913046;1307183382;3193669910
2327,1,False,1,3569539351
2328,4,True,4,753772824;1000139032;2210056472;2239183128
2329,3,True,3,1155377433;1349339417;1888311577
2330,3,True,3,2021513498;2136135962;3503315226
2331,2,True,2,3402570011;3537119515
2332,6,True,6,222988572;314243356;408525084;1200285980;1843587356;2535037212
2333,3,True,3,845220125;3370408221;4020332829
2334,7,True,7,34011422;902453534;992291102;1068718366;1261418782;2960234782;3232704798
2335,5,True,5,99842335;459987231;773028127;1819195679;2169825567
2336,3,True,3,1037125920;1981819168;2110077216
2337,4,True,4,1900345633;1949227297;2410789153;2991253793
2338,3,True,3,1276946722;2958141730;3831294242
2339,2,True,2,339552547;3870431523
2340,7,True,7,93436196;207042852;2500192548;2537732388;2544257316;3127707940;3610503460
2341,8,True,8,113350949;218474789;1711888677;2283333925;2356148517;3030505765;3060648229;3509492005
2342,5,True,5,30329126;1810573606;2087733542;3542456614;3564132646
2343,4,True,4,420280615;1481533735;1505769767;3520289063
2344,1,False,2,2210564392
2345,2,True,2,1187748137;2851977513
2346,4,True,4,72956202;1506720042;3503130922;4070082858
2347,2,True,2,2623551787;3868596523
2348,2,True,2,49510700;320010540
2349,5,True,6,2053437741;2934180141;3362986285;3510196525;4098603309
2350,3,True,3,1091877166;3008473390;3648035118
2351,2,True,2,1324775727;3585587503
2352,2,True,3,2363181360;3462048048
2353,6,True,6,13011249;416356657;2388519217;3490249009;4140058929;4216768817
2354,2,True,2,1868826930;3715422514
2355,2,True,2,482666803;1528965427
2356,4,True,4,43321652;934811956;2763766068;4127738164
2357,3,True,3,1510476085;2478565685;3742136629
2358,2,True,2,313428278;1429883190
2360,4,True,4,1533843768;2724559160;3550406968;3691325752
2362,2,True,3,10565946;289126714
2363,8,True,8,136694075;857303355;923511099;1307265339;2788194619;3049265467;3198933307;3942811963
2364,6,True,6,845293884;1089866044;1996642620;2358798652;3742755132;4175386940
2365,5,True,5,1260628285;2275948861;2481842493;2783242557;2881055037
2366,5,True,5,673954110;1020684606;1705224510;3777243454;4094716222
2367,4,True,4,1068976447;2223687999;2868713791;3860138303
2368,2,True,2,176482624;2888874304
2369,5,True,5,1357015361;1842612545;2235242817;3597003073;3797219649
2370,4,True,4,263215426;646605122;750631234;806377794
2371,5,True,5,36538691;996854083;2280577347;3754735939;3760970051
2372,9,True,9,958961988;2232363332;2242115908;2441234756;2480073028;2481527108;2527689028;2553706820;3604535620
2373,2,True,2,725338437;3435305285
2374,2,True,2,222443846;1910524230
2375,2,True,2,175081799;3929520455
2376,2,True,2,2619881800;3866933576
2377,6,True,6,280897865;1870244169;2515724617;3181467977;3381365065;4210411849
2378,1,False,1,3290171722
2379,2,True,2,2819815755;4194437451
2380,6,True,6,327711052;533653836;1949092172;2205047116;2950469964;3845159244
2381,3,True,3,1136130381;3156961613;3538667853
2382,2,True,2,2220038478;2249414990
2383,3,True,3,1775876431;1998145871;2633242959
2384,3,True,3,501176656;897882448;3729275216
2385,1,False,1,1553082705
2386,1,False,1,644557138
2387,3,True,3,1210173779;1543453011;2319280467
2388,3,True,3,1683786068;1822751060;3277719892
2389,3,True,3,209455445;2534148437;3983632725
2390,6,True,6,709593430;837110102;1817950550;2717870422;3868182870;4247419222
2391,1,False,1,3753064791
2392,4,True,4,495548760;758896984;1259833688;3492497752
2393,4,True,4,224360793;232692057;888195417;4032629081
2394,2,True,2,2022594906;3440474458
2395,3,True,3,1846421851;3242572123;3641338203
2396,7,True,8,585062748;867780956;892811612;2230704476;2457921884;2986531164;3162577244
2397,7,True,7,110397789;958212445;2995718493;3287423325;3350350173;3377604957;3442276701
2398,4,True,4,1375803742;1442675038;2008922462;2393016670
2399,4,True,4,1148610911;1203956063;2441701727;4064909663
2400,5,True,6,548665696;1068460384;1253706080;3810109792;3982076256
2401,1,False,1,3928250721
2402,3,True,3,962042210;1769302370;3962165602
2403,2,True,2,1151564131;3465951587
2404,2,True,2,1996966244;3609680228
2405,5,True,5,547928421;666302821;2977974629;3416320357;4230265189
2406,5,True,5,1037932902;3493153126;3661982054;4118215014;4211140966
2407,2,True,2,3699132775;4230568295
2408,3,True,3,2964953448;3309926760;4162373992
2409,2,True,2,859249001;3684669801
2410,1,False,1,2769688938
2411,2,True,2,2747578731;3316324715
2412,2,True,2,114678124;1530636652
2413,1,False,1,1976519021
2414,4,True,4,941926766;1971362158;2424973678;2587851118
2415,3,True,3,1906678127;2490841455;3651123567
2416,3,True,3,771135856;2304698736;3400554864
2417,5,True,5,675654001;849189233;2301397361;2765429105;4098632049
2418,3,True,3,874064242;2907023730;4113992050
2419,6,True,6,264604019;928196979;1752562035;2988783987;3656132979;3994503539
2420,2,True,2,648677748;1524443508
2421,3,True,3,1491319157;2674542965;3600705909
2422,4,True,4,198031734;471796086;982608246;3397564790
2423,2,True,2,3266779511;3644619127
2424,5,True,5,153024888;243612024;454171000;1318734200;2065676664
2426,1,False,1,971413882
2427,2,True,2,1428404603;1508845947
2428,3,True,5,698395004;1297066364;4136380796
2429,3,True,3,817588605;1602550141;4042373501
2430,4,True,4,1833232766;2142304638;2181933438;2874337662
2431,6,True,6,820255103;961079679;988584319;2312653183;3972090239;4216854911
2432,3,True,3,381974912;3458066816;3807754624
2433,1,False,1,3342293377
2434,5,True,5,1084434818;2109012354;2489411970;3319544194;3947010434
2435,6,True,6,246495619;1080629635;1122605443;1677867395;2158684547;2472221059
2436,2,True,2,2957834628;3182262660
2437,5,True,5,718858629;1519282565;1533864325;2903607685;3763796357
2438,5,True,5,514836870;1492732294;1882024326;2258553222;2423896454
2439,3,True,3,1823689095;1968556423;3969243527
2440,3,True,3,86931848;3081705864;3537123720
2441,1,False,1,2392820105
2442,3,True,3,972212618;1714112906;3828640138
2443,5,True,6,510990731;1091918219;1531406731;2747980171;2858981771
2444,2,True,2,947784076;1225910668
2445,1,False,1,1252149645
2446,7,True,7,568895886;1491900814;2405579150;2713737614;2789566862;2971548046;3450124686
2447,5,True,5,144750991;199457167;819161487;1319643535;3821451663
2448,5,True,5,878147984;2155215248;2572642704;2643630480;3511527824
2449,3,True,3,1167268241;2368125329;3305159057
2450,4,True,4,192895378;2071644562;2550270354;4210657682
2451,9,True,9,366209427;602700179;1948375443;1956555155;2132871571;2774407571;3085412755;3462728083;3690531219
2452,4,True,4,1588853140;1682938260;2512345492;3024837012
2453,3,True,3,1570306453;3243977109;3560323477
2454,3,True,3,703322518;2303564182;3611064726
2455,4,True,4,911886743;2783623575;2943551895;3236690327
2456,5,True,6,455272856;720660888;1535871384;3077822872;3629185432
2457,5,True,5,773736857;2238032281;2715351449;2776902041;4068239769
2458,3,True,3,2596653466;2643823002;3532630426
2459,1,False,1,1137707419
2460,5,True,5,247527836;1104705948;1622829468;2195081628;3017050524
2461,1,False,1,1795127709
2462,2,True,2,847698334;1991592350
2463,1,False,1,2862680479
2464,1,False,1,4188023200
2465,4,True,4,219355553;2824804769;3567454625;3744524705
2466,4,True,4,601754018;702159266;1175480738;1377876386
2467,4,True,4,290199971;486541731;2884745635;3909974435
2468,3,True,3,151677348;1790237092;2263652772
2469,2,True,2,1081874853;2710538661
2470,3,True,3,3346508198;3997194662;4052801958
2471,1,False,1,3966458279
2472,2,True,2,810437032;2139474344
2473,5,True,5,128547241;1574242729;2171013545;2187467177;2737678761
2474,1,False,1,2152876458
2475,5,True,5,63252907;999602603;2737609131;3283450283;3700418987
2476,4,True,4,2572720556;2820458924;3665025452;3793459628
2477,6,True,6,326367661;1232079277;1986202029;3031419309;3681601965;4279507373
2478,2,True,2,1144838574;3737835950
2479,3,True,3,978868655;2922318255;3728488879
2480,5,True,5,369932720;506223024;2138651056;2275879344;2751302064
2481,2,True,2,721910193;943638961
2482,1,False,1,1109146034
2483,2,True,2,1082005939;1365871027
2484,3,True,3,651725236;3365652916;3797817780
2485,2,True,2,1084500405;1821698485
2486,1,False,1,2431003062
2487,2,True,2,479857079;1899329975
2489,5,True,5,1995684281;2176874937;2449398201;3103721913;3943139769
2490,2,True,2,1106483642;2571106746
2491,3,True,4,125159867;1068702139;3604601275
2492,4,True,4,106736060;336406972;874740156;896526780
2493,3,True,3,498514365;1491339709;2078501309
2494,4,True,4,2154777022;2157595070;3673098686;3959294398
2495,2,True,2,464234943;3077511615
2496,5,True,5,791660992;1038121408;1230498240;1982474688;2614860224
2497,2,True,2,1125288385;1163262401
2498,1,False,1,4020206018
2499,1,False,1,137275843
2500,1,False,1,1498831300
2501,2,True,2,1381378501;4224362949
2502,7,True,7,880966086;1461258694;1581906374;2239596998;2789759430;3117562310;3726625222
2503,5,True,6,220940743;900561351;1023941063;1025976775;1721149895
2504,4,True,4,1355495880;1803053512;2759842248;3307674056
2505,7,True,7,254872009;388610505;787843529;2661865929;2948176329;3544803785;3734616521
2506,3,True,3,88529354;1764411850;1851988426
2507,7,True,7,24017355;706238923;966662603;1870846411;2835352011;3225659851;4050467275
2508,4,True,4,197224908;977709516;2098686412;2120231372
2509,4,True,4,1418435021;2007677389;2189760973;4159011277
2510,2,True,2,1639270862;4161567182
2511,6,True,7,1207130575;1719151055;1997687247;2092554703;2214177231;2282449359
2512,1,False,1,3283958224
2513,3,True,3,492247505;518273489;3503040977
2514,1,False,1,869153234
2515,2,True,2,658876883;3179907539
2516,2,True,2,1617377748;2859739604
2517,4,True,4,1393838549;1971534293;2319092181;3517426133
2518,6,True,6,4262358;294169046;460073430;1298864598;2651982294;3724253654
2519,7,True,7,32881111;329189847;850926039;1933801943;1995692503;2292726231;3598064087
2520,3,True,3,114985432;921811416;2604276184
2521,5,True,5,260823513;1759357401;1976048089;2526951897;4023654873
2522,6,True,6,1485887962;1568606682;1950497242;2245773786;2976459226;3996801498
2523,5,True,5,961374683;1146423771;1279048155;2663332315;3384768987
2524,5,True,5,1228687836;1510656476;3086891484;3324045788;4071860700
2525,1,False,1,4088949213
2526,4,True,4,664492510;1237285342;1449257438;3149220318
2527,5,True,5,396311007;501483999;530250207;753666527;3208153567
2528,3,True,3,3807701472;4136462816;4268050912
2529,3,True,3,503794145;1325615585;1789200865
2530,4,True,4,38533602;934029794;2827966946;4022716898
2531,2,True,2,1144052195;3642341859
2532,3,True,3,531925476;2888042980;3816921572
2533,6,True,6,572164581;1358338533;2789980645;3061426661;3750279653;3757042149
2534,5,True,5,1054767590;2235918822;2268518886;3325798886;3498920422
2535,2,True,2,849271271;2588973543
2536,6,True,6,1346193896;2895337960;2953697768;3484191208;4076341736;4269607400
2537,4,True,4,228514281;725322217;4078623209;4079389161
2538,8,True,8,353524202;412522986;1429027306;2254703082;2652719594;2829842922;3423103466;3622902250
2539,3,True,3,138873323;980822507;4064156139
2540,4,True,4,413661676;1783966188;2331335148;2792823276
2541,4,True,4,95644141;896661997;1665358317;2673994221
2542,5,True,5,9742830;612841966;1852713454;3515812334;3570158062
2543,3,True,3,1336900079;1577159151;3440056815
2544,2,True,2,133196272;1295649264
2545,3,True,3,1327946225;2679175665;3298286065
2546,1,False,2,1186671090
2547,1,False,1,1490397683
2548,3,True,3,1920207348;2432616948;4055960052
2549,1,False,1,1560599029
2550,3,True,3,1721633270;2671815158;3919886838
2551,5,True,5,143174135;1258957303;1584597495;2606307831;3616786935
2552,1,False,1,3327625720
2553,3,True,3,421112313;1550998009;3648756217
2554,2,True,2,126761466;141703674
2555,3,True,3,92912123;1397520891;3992410619
2556,4,True,4,2042632700;3065833980;3115764220;3740342780
2557,2,True,2,2111199741;3663878653
2558,1,False,1,3814341118
2559,3,True,3,1950181887;2135771647;3422726655
2560,3,True,3,324233728;1171933696;1507363328
2561,6,True,6,1453521409;2475641345;2851301889;3297430017;3562445313;3901921793
2562,1,False,1,1882872322
2563,1,False,1,1543182851
2564,3,True,3,498903556;1951824388;3603970564
2565,5,True,5,1112312325;3641559557;3712711173;4147943941;4227557893
2566,1,False,1,2227063302
2567,2,True,2,1110874631;3874470407
2568,2,True,2,3306023432;4244949512
2569,5,True,5,209803785;592390665;2081688073;3095325193;3623787017
2571,1,False,1,3203709451
2572,2,True,2,617798156;1066453516
2573,6,True,6,692058637;1297861133;1661741581;2974980621;3395934733;3631761933
2574,6,True,6,565959182;572574222;909117966;963783182;1915943438;4205353486
2576,5,True,5,321755664;2762762768;2975316496;2984921616;3949111824
2577,4,True,4,1144089105;1405897233;2487466513;3076024849
2578,1,False,1,1887873554
2579,5,True,5,1517898259;1966840339;2144848403;2211527187;3369482771
2581,5,True,5,1199618581;1939401237;2205805077;2567653909;3316275733
2582,4,True,4,218479126;2426116630;3841272342;4045163030
2583,1,False,1,81881623
2584,1,False,1,1509501464
2585,6,True,6,284801561;789916185;1119349273;3195693593;3706751513;4010256921
2586,6,True,6,25672218;2300525082;2693978650;2907036186;3411401242;4167006746
2587,3,True,3,93395483;2418670107;2515868187
2588,6,True,6,1247996444;1448155676;1538640412;2291972636;3296360988;4284414492
2589,2,True,2,753584669;3431021085
2591,8,True,8,133020191;945252895;1789745695;2357611039;2437880351;2550819359;2724882975;3937983007
2592,5,True,5,147524128;261052960;1930287648;2292935200;2595777056
2593,1,False,1,954173985
2594,2,True,2,1477605922;1982581282
2595,5,True,6,435231267;2203376163;2674649635;3216022051;4160551459
2596,1,False,1,2434964004
2597,3,True,3,183343653;2219121189;3080632869
2598,3,True,3,114424358;931387942;2837916198
2599,2,True,2,664087079;668842535
2600,7,True,8,486099496;1133128232;1293933096;1760459304;1965783592;2161429032;3160484392
2601,2,True,2,918510121;2562275881
2602,4,True,4,1625414186;2383886890;2536602154;4223519274
2603,5,True,5,988387883;1014737451;2075458091;3119045163;4190800427
2604,3,True,3,221391404;1581853228;2604399148
2605,4,True,4,698022445;1896208941;3825928749;4158306861
2606,3,True,3,1261885998;1441323566;3372972590
2607,3,True,3,1032186415;3511282223;4020845103
2608,2,True,2,1164032560;3580353072
2609,1,False,1,3985996337
2610,3,True,3,2932300338;3930585650;4256524850
2611,6,True,6,289131059;676850227;1285524019;2139925043;2235914803;2845891123
2612,4,True,4,285239860;371763764;3606211124;3972872756
2613,6,True,6,415533621;532265525;2199718453;2328263221;2332920373;4078176821
2614,3,True,3,682076726;2652789302;4141238838
2615,1,False,1,2250590775
2616,5,True,5,1377901112;1506949688;2335803960;3373980216;3665541688
2617,2,True,2,2293676601;3288701497
2618,3,True,3,130791994;1131915834;2705918522
2619,5,True,5,90962491;734198331;841611835;1360316987;3463215675
2620,1,False,1,2488990268
2621,2,True,2,2428459581;4222851645
2622,4,True,4,1057630782;1457777214;1746029118;1917409854
2623,7,True,7,35887679;354236991;972294719;1767991871;2460244543;3261639231;3585382975
2624,2,True,2,2998938176;3077491264
2625,2,True,2,934550081;1729907265
2626,3,True,3,1413921346;2185251394;3147672130
2627,3,True,3,94698051;2195552835;4264319555
2628,5,True,5,342198852;1000196676;1500404292;2581420612;3547646532
2629,2,True,2,1213520453;2387278405
2630,4,True,4,432048710;1646430790;2193648198;4007336518
2631,1,False,1,4055292487
2632,7,True,7,174271048;817707592;1157548616;1373829704;3063495240;3220589128;3604507208
2633,2,True,2,2934434377;2974534217
2634,6,True,6,1440180810;1445644874;1612986954;2177137226;2308348490;3487435338
2635,3,True,3,460896843;2823637579;3440855627
2636,3,True,3,968612428;3346582092;4234738252
2638,4,True,4,937437774;1186654798;3385039438;3407940174
2639,5,True,5,248285775;1685248591;2950834767;2985339471;3467962959
2640,2,True,2,3084241488;3118635600
2642,3,True,3,913275474;1244637778;2039544402
2643,8,True,8,147737171;1124321875;2128439891;2324732499;2654751315;2694892115;2834975315;3926657619
2644,2,True,2,1347426900;2123717204
2645,3,True,3,2112608853;3018324565;3262970453
2646,5,True,6,379882070;548743766;1823304278;2126281302;2133858902
2647,3,True,3,1277225559;3103812183;4259150423
2648,5,True,5,709642840;1225448024;1935256152;2630765144;2941307480
2649,3,True,3,2726455897;3286739545;4035566169
2650,11,True,11,353524314;860424794;1693633114;1824889434;1941318234;2527431258;2810604122;3824036442;3894901338;4083137114;4134759002
2651,1,False,1,1373256283
2652,1,False,1,85781084
2653,3,True,3,436714077;2814052957;3472960093
2654,4,True,4,291588702;781912670;1022974558;1635773022
2655,5,True,5,229108319;1604815455;1610259039;1866189407;2700769887
2656,6,True,6,1604266592;2106948192;3082918496;3170101856;3884210784;4068702816
2658,3,True,3,677026402;3225623138;3359197794
2659,3,True,3,3278113379;3441977955;3886725731
2660,1,False,1,1495493220
2661,3,True,3,234871397;1202240101;4151986789
2662,2,True,2,629099110;1516788326
2663,4,True,4,409586279;4100971111;4169525863;4242283111
2664,3,True,3,1122261608;1379936872;4232731240
2665,3,True,3,284277353;3448957545;3820599913
2666,5,True,5,271104618;1373661802;1463822954;1572989546;3986688618
2667,4,True,4,2700925547;3055766123;3181963883;3639650923
2668,4,True,4,209197676;2683153004;3171240556;3919510124
2669,4,True,4,1519110765;1916463725;2114325101;4000348781
2670,3,True,3,2427603566;2666498670;3291282030
2671,5,True,6,616155759;849275503;1517820527;3200584303;3323583087
2672,2,True,2,861518448;2822806128
2673,2,True,2,247614065;1278765681
2674,3,True,3,964209266;2374027890;3008879218
2675,2,True,2,4075633267;4228237939
2676,5,True,5,1761688180;1767578228;3272772212;3824347764;3962755700
2677,1,False,1,1847446133
2678,5,True,5,843754102;1540184694;1811077750;1978727030;3562994294
2679,2,True,2,1422453367;2896546423
2680,6,True,6,752089720;1091930744;2208057976;2476587640;2828552824;2869344888
2681,1,False,1,41060985
2682,3,True,3,26892922;262220410;2846177914
2683,4,True,4,500861563;2285255291;3055692411;3977800315
2684,8,True,8,443853436;570546812;1411332732;1805118076;1934842492;2796518012;3871099516;3923380860
2685,5,True,5,2049407613;2562022013;3351124605;3616762493;3669535357
2686,3,True,3,517622398;2955569790;4050319998
2687,4,True,4,382749311;998455935;2196920959;2650606207
2688,2,True,2,1887922816;3349228160
2689,4,True,4,1235970689;2343062145;2959297153;3405933185
2690,1,False,1,353299074
2691,1,False,1,2324621955
2692,3,True,3,1005070980;2033597060;2605374084
2693,10,True,10,229689989;268528261;2206374533;2627504773;2910943877;3021060741;3182742149;3390925445;4019051141;4228045445
2694,5,True,6,646068870;1327110790;1492777606;1693121158;1894394502
2695,4,True,5,1129306759;2045835911;3238521479;4291803783
2696,3,True,3,357309064;4116454024;4151741064
2697,4,True,4,86817417;1253706377;1282525833;1292511881
2698,5,True,5,224172682;864942730;2461440650;2870839946;3641117322
2699,1,False,1,1246964363
2700,2,True,2,906820236;3121777292
2701,8,True,8,752994957;1080072845;1088187021;1376881293;1819003533;2042092173;2647337613;3685767821
2702,2,True,2,3108940430;3800205966
2703,2,True,2,1921604239;3928492687
2704,2,True,2,3652291216;4222753424
2705,5,True,5,1101761169;2088434321;2764888721;3127958161;4074760849
2706,4,True,4,495721106;1472043666;1862625938;4261145234
2708,3,True,3,280332948;3382942356;3660876436
2709,5,True,5,1124227733;2146433685;2827393685;3038886549;3945171605
2710,1,False,1,1161128598
2711,5,True,5,108214935;1043974807;2967784087;3209292439;3853859479
2712,4,True,4,1682066072;2742442648;3601042072;4294294168
2713,2,True,2,1274505881;1433639577
2714,5,True,5,763271834;1441946266;2320640666;2692463258;3735124634
2715,3,True,3,363412123;787069595;1271368347
2716,2,True,2,1919834780;3003808412
2717,2,True,2,651508381;3431320221
2718,7,True,7,348691102;887962270;1697303198;2054552222;3203480222;3247622814;3807300254
2720,3,True,3,456411808;2640620192;2987748000
2721,3,True,3,1948330657;2816473761;3657558689
2722,2,True,2,2245900962;3666299554
2723,3,True,3,1141062307;4056701603;4239952547
2724,2,True,2,552983204;2024057508
2725,3,True,3,141830821;1408936613;3491150501
2726,3,True,4,1112345254;1228270246;3766995622
2727,4,True,4,516041383;1128352423;2791086759;4093135527
2728,5,True,5,398924456;1582607016;2502777512;2834709160;3389770408
2729,4,True,4,350988969;1088912041;1097931433;3564530345
2730,5,True,5,601561770;2120420010;3177290410;3239484074;4045253290
2731,2,True,2,1174686379;3364051627
2732,4,True,4,277461676;1017354924;2557045420;2866490028
2733,2,True,2,3054975661;3772754605
2734,2,True,2,531139246;644758190
2735,5,True,5,1435511471;2111343279;2114951855;2278476463;3414485679
2736,2,True,2,2024987312;2306058928
2737,1,False,1,2377362097
2738,8,True,9,66214578;858872498;1735686834;1802906290;2252892850;2498001586;2573601458;3978578610
2739,1,False,1,1015593651
2740,2,True,2,1868962484;3331730100
2741,6,True,6,223959733;573078197;1368537781;2235599541;2968107701;3075967669
2742,6,True,6,173071030;493951670;828996278;2246703798;2755648182;2836224694
2743,1,False,1,3532630711
2744,2,True,2,2537069240;3972639416
2745,3,True,3,352832185;1094773433;3340405433
2746,3,True,3,1638697658;3906910906;4152203962
2747,2,True,3,241486523;1114299067
2748,2,True,2,311737020;727677628
2749,3,True,3,683207357;2674223805;3952405181
2750,4,True,4,1149594302;1453759166;2699860670;3547249342
2751,4,True,4,312306367;1594030783;2543082175;2855787199
2752,3,True,3,1979632320;2393959104;3344308928
2753,4,True,4,444635841;1904265921;2763549377;3776473793
2754,3,True,3,498907842;1377827522;1676823234
2755,4,True,4,530410179;1308248771;2567723715;4015889091
2757,5,True,5,227887813;372349637;879917765;1911122629;4062309061
2758,2,True,2,1946933958;2639915718
2759,4,True,4,751291079;992611015;1947556551;3641531079
2760,4,True,4,128494280;1062738632;1072278216;2630658760
2761,1,False,1,2575624905
2762,3,True,3,1043110602;3159505610;3285654218
2763,4,True,4,151784139;168450763;864942795;2083220171
2764,6,True,6,22514380;1012533964;1138059980;2123426508;2291587788;3326204620
2765,5,True,5,768981709;947632845;1712736973;2751847117;3048553165
2766,7,True,7,771476174;889526990;1621994190;2944555726;3256212174;3314936526;4260002510
2767,3,True,3,30456527;2022558415;3095698127
2768,2,True,2,49756880;2189863632
2769,6,True,6,238697169;1461205713;2703932113;3004345041;3144567505;3852413649
2770,7,True,7,1372969682;1549429458;1638849234;2541447890;2640800466;2851326674;3664952018
2771,3,True,3,414997203;3097782995;3184728787
2772,5,True,5,231779028;577469140;658782932;2006559444;3064658644
2773,4,True,4,122878677;885218005;3829529301;3851139797
2774,3,True,3,837618390;2976484054;3351812822
2775,7,True,7,76532439;172530391;1375730391;1896618711;3310115543;3815410391;4000090839
2776,3,True,3,914983640;1993399000;3579857624
2777,3,True,3,272411353;1266109145;3278011097
2778,2,True,2,1128983258;2337704666
2779,2,True,2,172698331;3127229147
2780,2,True,2,151567068;2835516124
2781,2,True,2,1985063645;2232695517
2782,5,True,5,227003102;883845854;1882233566;3644611294;3817274078
2783,1,False,1,3164216031
2784,5,True,6,711465696;841665248;2431765216;2523220704;2984966880
2785,1,False,1,3876604641
2786,4,True,4,465304290;943164130;1037261538;3414694626
2787,5,True,5,1366174435;1583799011;2811394787;2883472099;3078847203
2788,4,True,4,2940091108;3289381604;3386374884;3536354020
2789,3,True,3,2917599973;3902319333;4197923557
2790,5,True,5,266476262;2102586086;2378906342;3180677862;3418139366
2791,4,True,4,51202791;1128442599;1425296103;2647288551
2792,2,True,2,183425768;2983348968
2793,7,True,7,185338601;193284841;2315479785;2560981737;2905660137;3386854121;4004322025
2794,3,True,3,51571434;1681566442;3396053738
2795,7,True,7,16198379;304147179;1592097515;2209381099;2530048747;3838253803;4218665707
2796,4,True,4,842517228;1552911084;3303729900;3874167532
2797,4,True,4,704309997;930736877;2139970285;3974298349
2798,3,True,3,225082094;328936174;2803366638
2799,2,True,2,2368428783;3650394863
2800,4,True,4,754342640;1628084976;1751517936;2637294320
2801,5,True,5,1902508785;2378779377;2764081905;4148456177;4198394609
2802,6,True,6,1046244082;1189280498;1329859314;1382861554;3301087986;4250843890
2803,1,False,1,2348362483
2804,3,True,4,651467508;672287476;3003632372
2805,2,True,2,87046901;2007476981
2806,4,True,4,217324278;2712480502;2815093494;2866080502
2807,6,True,6,301710071;372292343;1538452215;2333272823;2952583927;3136490231
2808,7,True,8,390044408;866159352;1226975992;1233853176;1596263160;2542918392;3506490104
2809,4,True,4,2029853433;2500942585;2963720953;3289848569
2810,3,True,3,458562298;864365306;1061681914
2812,3,True,3,184085244;667261692;4167244540
2813,5,True,5,729520893;1102629629;1636723453;2533567229;3458022141
2814,3,True,3,1274239742;2995137278;3195804414
2815,1,False,1,3226770175
2816,5,True,5,431999744;1339181824;3076836096;3416095488;3458001664
2817,3,True,3,1482873601;1678818049;2857220865
2818,1,False,1,2472131330
2819,1,False,1,4124863235
2820,6,True,6,999041796;1638406916;2459712260;2736880388;2908060420;3116051204
2821,3,True,3,1224719109;1538558725;2225650437
2822,2,True,2,1280899846;3528145670
2823,7,True,7,76688135;937007879;1265400583;1922312967;3394292487;3801770759;4097460999
2824,2,True,2,3489110792;3977251592
2825,1,False,1,2222828297
2826,4,True,4,123968266;871578378;1639234314;2105228042
2827,6,True,6,1267550987;1822247691;1924385547;2332408587;2741709579;3507559179
2828,3,True,3,2118798092;2240359180;2293762828
2829,4,True,4,1352399629;1363569421;2313231117;2953956109
2830,3,True,3,3140176654;3203390222;4181699342
2831,1,False,1,2870700815
2832,3,True,3,495799056;3194239760;3831798544
2833,2,True,2,2486110993;3144186641
2834,3,True,3,1182100242;2082204434;4250864402
2835,8,True,8,332811027;1949543187;2032020243;2827590419;2843306771;3032734483;3143719699;4011293459
2836,1,False,1,1155574548
2837,6,True,6,1034353429;1475246869;1719704341;2134215445;2692446997;4255714069
2838,5,True,5,316861206;1447824150;2551483158;3557030678;3577486102
2839,4,True,4,169827095;1390086935;1677155095;2809756439
2840,2,True,2,1100167960;3441249048
2841,3,True,3,504998681;3101272857;3560160025
2842,2,True,2,1173125914;1935309594
2843,2,True,2,913947419;3770424091
2844,3,True,3,2220911388;3590204188;3865193244
2845,2,True,2,2591669021;3648166685
2846,4,True,4,1978604318;2510215966;2797435678;3742280478
2847,2,True,2,2845248287;2962676511
2848,1,False,1,349780768
2849,3,True,3,195463969;735316769;2302720801
2850,5,True,5,579996450;3194612514;3478440738;3876723490;4080278306
2851,6,True,6,348920611;762870563;815663907;2227301155;3203787555;3679714083
2852,5,True,5,930507556;1855511332;2565499684;3708201764;3995110180
2853,2,True,2,1962617637;2485578533
2854,10,True,11,150310;99052326;289000230;388365094;730315558;1290656550;2297887526;2824264486;3266108198;3917675302
2855,3,True,3,2246699815;4006583079;4238150439
2856,4,True,4,2541583144;2758634280;2940857128;3931077416
2857,5,True,5,1312131881;1317874473;1370204969;2488957737;3355081513
2858,2,True,2,69942058;3422559018
2859,4,True,4,1145097003;1586912043;3360930603;3925449515
2860,5,True,5,262122284;737037100;2602031916;2618112812;2789215020
2861,2,True,2,711904045;1688877869
2863,4,True,4,83831599;1575361327;1637411631;3045022511
2864,2,True,2,3023461168;3848534832
2865,1,False,1,2322279217
2866,4,True,4,327809842;2033765170;2946104114;2962934578
2867,2,True,2,1552419635;2075134771
2868,3,True,3,637418292;3176913716;4165126964
2869,3,True,3,198597429;1299835701;2253781813
2870,6,True,6,15919926;979766070;1450162998;1786583862;2415729462;4200504118
2871,2,True,2,3561708343;3968899895
2872,3,True,3,409684792;668924728;4258532152
2873,2,True,2,3192810297;3310009145
2874,4,True,4,2321693498;2746862394;3493190458;4037086010
2875,1,False,1,958266171
2876,4,True,4,905272124;2661006140;3799546684;4093877052
2877,4,True,4,373889853;1374473021;1732487997;2431380285
2878,4,True,4,65280830;227158846;305441598;3314428734
2879,4,True,4,49769279;316504895;530500415;1646750527
2880,3,True,3,912632640;1347144512;2937269056
2881,2,True,2,816966465;3532053313
2882,1,False,1,917130050
2883,2,True,3,980020035;1962310467
2884,5,True,5,676444996;716036932;873618244;1336339268;1455266628
2885,3,True,3,902470469;1704385349;3169499973
2886,8,True,8,1000749894;1797372742;1931975494;2113641286;2378775366;3141819206;3574074182;4005628742
2887,2,True,2,3291802439;3783695175
2888,6,True,6,788175688;2037975880;3033451336;3609238344;4093258568;4285299528
2889,2,True,2,864426825;1289808713
2890,1,False,1,2018782026
2891,6,True,6,1850764107;1904929611;2301504331;2560252747;3168119627;3802274635
2892,4,True,4,882547532;2356591436;2967001932;3545353036
2893,4,True,4,577960781;742935373;888482637;1236831053
2894,4,True,4,1471425358;1652357966;2129394510;3258800974
2895,1,False,1,3147062095
2896,3,True,3,351882064;644909904;2423593808
2897,5,True,5,773135185;866884433;1228528465;1609915217;3352849233
2898,5,True,5,1340996434;1749781330;2019834706;2982828882;3025816402
2899,2,True,2,363674451;2436967251
2900,2,True,2,735382356;2631359316
2901,2,True,2,2786663253;4039002965
2902,6,True,6,602262358;734690134;2250750806;2379983702;3058588502;3812961110
2903,4,True,4,984947543;2987268951;3203410775;3992738647
2904,3,True,3,311319384;2491095896;3798608728
2905,3,True,3,2491751257;2904537945;2939120473
2906,1,False,1,2046770010
2907,3,True,3,2767965019;3440503643;4057840475
2908,7,True,7,214158172;444623708;1527421788;2149718876;2596678492;3162467164;4218948444
2909,2,True,2,627321693;2232236893
2910,3,True,3,98466654;1525586782;1982303070
2911,3,True,3,790846303;1688472415;2988165983
2912,5,True,5,815217504;1314216800;1682742112;2241219424;3723680608
2913,6,True,6,251743073;321866593;962132833;1160313697;3479423841;3844647777
2914,2,True,2,439393122;4240210786
2916,3,True,3,1090059108;1876736868;2928126820
2917,5,True,5,759135077;1006156645;1027677029;2555751269;3291351909
2918,4,True,4,167365478;740256614;1108618086;3008310118
2919,3,True,3,69450599;253885287;4074576743
2920,6,True,6,393673576;1629227880;2203487080;2667498344;2739805032;2994547560
2921,3,True,3,1568140137;1792674665;2844498793
2922,5,True,5,194255722;2342529898;2932284266;3242941290;4268501866
2923,3,True,3,181414763;491887467;989703019
2924,2,True,2,282454892;1775692652
2925,4,True,4,1637079917;2794748781;2946644845;3710356333
2926,4,True,4,705764206;1007283054;1117924206;2328755054
2927,6,True,6,66943855;312445807;452799343;1770023791;2446863215;3710675823
2928,4,True,4,869833584;3308039024;3429960560;3685473136
2929,3,True,3,774105969;848128881;1516895089
2930,2,True,2,192519026;1175202674
2932,5,True,5,1231993716;2041645940;2979945332;3727977332;3734051700
2933,3,True,3,180579189;2222586741;4259052405
2934,4,True,4,1184439158;2319965046;3138714486;3316509558
2935,3,True,3,2098936695;3304065911;3467160439
2936,5,True,5,1397513080;1735424888;3172346744;3545074552;3829353336
2937,2,True,2,628149113;3698654073
2938,5,True,5,1435065210;1579084666;1839639418;2832976762;2917505914
2939,2,True,2,1702030203;2450041723
2940,6,True,7,435796860;550144892;978369404;1642781564;2005273468;2168036220
2941,3,True,3,422165373;3754941309;3958877053
2942,3,True,3,1926806398;3237088126;4095028094
2943,1,False,1,3387841407
2944,5,True,6,1367292800;2226047872;2273586048;3394050944;4216335232
2945,6,True,6,284085121;451390337;902925185;1558150017;1854294913;4122946433
2946,7,True,7,856537986;2064788354;2162969474;2539998082;2858257282;3012074370;3229199234
2947,5,True,5,1141975939;2076846979;2178759555;3446082435;4162763651
2948,6,True,6,702385028;1454164868;1834044292;2075618180;3210029956;3232361348
2949,5,True,5,2022792069;2773777285;3599133573;3731024773;4267965317
2950,4,True,4,565558150;1199594374;1508817798;1863093126
2951,5,True,5,1321569159;2249583495;2423192455;2524720007;3796966279
2952,1,False,1,2487864200
2953,2,True,2,3088825225;4049623945
2954,4,True,4,1673980810;1786653578;1837460362;3893414794
2955,2,True,2,408644491;2416470923
2956,4,True,4,1509800844;1747082124;2291395468;3277949836
2957,4,True,4,1486510989;1843985293;2646219661;3804421005
2958,2,True,2,2333924238;3291958158
2959,1,False,1,1603623823
2960,1,False,1,1486318480
2961,5,True,5,2675436433;3252710289;3593063313;3673615249;4156406673
2962,4,True,4,886397842;1148345234;3138947986;3300449170
2963,4,True,4,430795667;2245897107;2401844115;4286401427
2964,5,True,5,52345748;1851337620;2337303444;2795797396;3110697876
2965,4,True,4,373054357;1920076693;2763594645;3748367253
2966,2,True,2,2446961558;3059612566
2967,3,True,3,317483927;1516338071;3746368407
2968,3,True,3,2424777624;3560479640;4248595352
2969,4,True,4,695434137;1051417497;2279287705;2342529945
2970,2,True,2,270289818;905272218
2971,4,True,4,308280219;709008283;730311579;3512179611
2972,4,True,4,774503324;2709732252;2848578460;4203498396
2973,5,True,5,1062472605;2335804317;3299396509;4023540637;4027214749
2974,4,True,4,236493726;1324546974;2072509342;2968968094
2976,4,True,4,663337888;735595424;3982375840;4122835872
2978,6,True,6,1822657442;3208633250;3385654178;3454643106;3631725474;3878009762
2979,5,True,5,562477987;686955427;1809771427;1993993123;3028392867
2980,2,True,2,2431757220;3840723876
2981,3,True,3,2126044069;3523935141;4162603941
2982,4,True,4,324537254;1167367078;2363792294;2987649958
2983,9,True,10,501185447;549993383;720587687;1739074471;2092489639;2141563815;2255686567;2562497447;4009130919
2984,6,True,6,724839336;1678547880;1779657640;2168179624;3719445416;4268669864
2985,2,True,2,85355433;1470983081
2986,4,True,4,1968044970;2296490922;2595130282;3631463338
2987,1,False,1,1182514091
2988,2,True,3,1910766508;2466950060
2989,7,True,7,249400237;861416365;1067305901;1700252589;3029670829;3684322221;4278410157
2990,6,True,6,374918062;1130085294;1141484462;1629879214;2424515502;3561946030
2991,3,True,3,574237615;2658261935;3452169135
2992,6,True,6,242228144;500640688;654646192;2621533104;3802532784;4016397232
2994,6,True,6,332680114;1131043762;1270963122;2926209970;3275824050;3534789554
2995,3,True,3,652622771;1414618035;3325164467
2996,6,True,6,73218996;653401012;656972724;806591412;1406426036;2856016820
2997,7,True,7,136084405;467737525;1044638645;2739358645;3135703989;3696130997;4251876277
2998,3,True,3,216943542;1243786166;1518574518
2999,3,True,3,865827767;1380953015;2089118647
3000,8,True,8,421325752;717290424;731294648;1016093624;1297218488;2118249400;2247441336;3351391160
3001,4,True,4,205323193;212396985;1012775865;1526295481
3002,5,True,5,1906396090;2275171258;2765142970;3189783482;3891276730
3003,9,True,9,222817211;359455675;1251298235;1360608187;2618571707;3060272059;3338734523;3710327739;4258880443
3004,3,True,3,359676860;1001712572;3159235516
3006,2,True,2,525974462;598277054
3007,5,True,5,1137290175;1489521599;2034850751;2744978367;3015150527
3008,7,True,7,747355072;1556913088;2039499712;2127653824;2197089216;2416987072;3715722176
3009,2,True,2,210299841;3804228545
3010,7,True,7,29449154;613243842;1613773762;3857722306;3949448130;4222188482;4239436738
3011,2,True,2,1981451203;3388357571
3012,1,False,1,2743692228
3013,4,True,4,744340421;1145502661;2650119109;3972545477
3014,3,True,3,2200988614;2299857862;2363386822
3015,6,True,6,316246983;905014215;1674030023;2477603783;3921140679;3991272391
3016,4,True,4,665144264;2078616520;3638819784;4034091976
3018,5,True,5,646155210;926215114;3140111306;3206011850;3477162954
3019,5,True,5,1445231563;1942584267;3332709323;3352808395;3763878859
3020,2,True,2,1028176844;2486229964
3021,2,True,2,1126280141;2640124877
3022,2,True,2,3492293582;4160359374
3023,3,True,3,1029159887;3733269455;4251823055
3024,2,True,2,3039173584;3096841168
3025,6,True,6,916347857;1984977873;3147316177;3262225361;3314711505;3598441425
3026,4,True,4,1199016914;3012778962;3345247186;3765099474
3027,4,True,4,351239123;3164199891;3494218707;4177202131
3028,2,True,3,3134606292;3889081300
3029,5,True,5,1260936149;1817713621;2477988821;2621000661;3954658261
3030,1,False,1,2522274774
3031,4,True,4,496872407;923618263;1723014103;1777707991
3032,2,True,2,2648914904;2993560536
3033,2,True,2,2817579993;3135560665
3034,2,True,2,205286362;3120987098
3035,5,True,5,733281243;1467722715;1591671771;2238073819;4094122971
3037,2,True,2,1472723933;3854363613
3038,3,True,3,443493342;3674209246;3892562910
3039,3,True,3,2222975967;3126078431;3565575135
3040,2,True,2,163318752;1967344608
3041,2,True,2,1564941281;3931495393
3042,2,True,2,1437088738;3845143522
3043,2,True,2,19209187;2307202019
3044,5,True,5,265956324;523975652;1150622692;3201547236;3211738084
3045,4,True,4,955923429;1261112293;2930052069;3070815205
3046,4,True,4,405400550;1073159142;2936499174;3340102630
3047,4,True,4,484125671;1086405607;2572356583;3390643175
3048,4,True,4,1889463272;2646379496;2765532136;3644140520
3049,3,True,3,17779689;1636985833;3574356969
3050,1,False,1,1780517866
3051,6,True,6,164506603;364956651;576060395;1948281835;2457881579;2952559595
3052,5,True,5,781802476;1185061868;1261386732;1510337516;3599391724
3053,1,False,1,3960736749
3054,2,True,2,1087712238;3212106734
3055,1,False,1,1499507695
3056,5,True,5,274226160;1045535728;1679916016;2379557872;2724477936
3057,1,False,1,2252049393
3058,5,True,5,726719474;990100466;3746769906;3793505266;3809618930
3059,4,True,4,2515225587;2617871347;2912926707;3448335347
3060,2,True,2,3284151284;3660966900
3061,2,True,2,798993397;1040940021
3062,2,True,2,3864894454;4197751798
3063,2,True,2,530963447;1270434807
3064,7,True,7,927325176;1548868600;1789541368;1979116536;2229799928;2957798392;3335334904
3065,8,True,9,141212665;973257721;1414704121;2884488185;3195927545;3545365497;3971714041;4219730937
3066,4,True,4,1896532986;3954138106;4153220090;4166949882
3067,4,True,4,709594107;1278602235;1571924987;2976033787
3068,4,True,4,126340092;2431056892;2648906748;4222348284
3069,3,True,3,749554685;1486978045;4157271037
3070,6,True,6,972516350;2455452670;2596142078;3019127806;3696389118;3734494206
3071,4,True,4,82185215;171252735;2631863295;3882146815
3072,4,True,4,246987776;391060480;666053632;2444839936
3073,5,True,5,202460161;1558473729;2532854785;2623282177;3918146561
3076,3,True,3,886184964;3843689476;4088433668
3077,1,False,1,2863315973
3078,1,False,1,1344711686
3079,5,True,5,325729287;1346731015;1625033735;2243386375;4193717255
3080,3,True,3,2645105672;3009657864;3932167176
3081,1,False,1,2207779849
3082,6,True,7,107748362;504601610;717151242;974953482;2376657930;3182177290
3083,3,True,3,205147147;2664995851;2812398603
3085,2,True,2,855903245;2213850125
3086,3,True,3,2009615374;2136595470;3323595790
3087,5,True,6,1603374095;1850301455;2240437263;3117292559;3692055567
3088,2,True,2,1092946960;2961013776
3089,1,False,1,820423697
3090,5,True,5,1448061970;1659595794;2829466642;3377110034;3389168658
3091,3,True,3,1153219603;1821453331;2408713235
3092,7,True,7,727972884;1191554068;1294388244;1491934228;2214808596;3019873300;3233578004
3093,3,True,3,1240816661;1757314069;4091780117
3094,3,True,3,68553750;625638422;2984061974
3095,7,True,7,132611095;508165143;1314221079;1688378391;2031725591;2225302551;2542214167
3096,6,True,6,42974232;373328920;1700297752;3730480152;3944918040;4124146712
3097,4,True,4,2233449497;2463984665;3310353433;3510807577
3098,2,True,2,2547760154;2933619738
3099,3,True,3,256662555;363371547;1527475227
3100,3,True,3,635755548;2709990428;3455638556
3101,5,True,5,84753437;1553456157;2223422493;2553596957;2642267165
3102,3,True,3,180677662;1258470430;3263290398
3103,3,True,3,1309174815;2891230239;4244175903
3104,4,True,4,48147488;284851232;2430356512;2776931360
3105,3,True,3,238332961;691596321;2246728737
3106,4,True,4,1612352546;2362469410;2586438690;3787664418
3108,3,True,3,688278564;1854340132;2976816164
3109,2,True,2,1506192421;2538961957
3110,2,True,2,1366322214;4033309734
3111,2,True,2,551226407;3057703975
3112,3,True,3,356273192;693967912;785783848
3113,4,True,4,516680745;2506210345;3090652201;3411844137
3114,6,True,7,1105378346;1510247466;2511318058;2929613866;3760053290;4264528938
3115,4,True,4,579603499;1206946859;1875811371;3369241643
3116,2,True,2,1387506732;3617905708
3117,4,True,4,1419250733;1493838893;2342784045;3516222509
3118,4,True,4,1250536494;2250259502;2604440622;3076004910
3119,3,True,3,1223986223;2066734127;2091142191
3120,4,True,4,878537776;916614192;3061603376;3713662000
3121,3,True,3,2231340081;2590563377;2680376369
3122,5,True,5,305024050;2191297586;2214816818;2250587186;2388655154
3123,4,True,4,208694323;1898159155;3166071859;3641785395
3124,11,True,11,8051764;36375604;706223156;1300839476;1523969076;1745837108;2015964212;3082742836;3385289780;3649150004;4195265588
3125,3,True,3,1711930421;3268140085;3342375989
3126,9,True,10,547638326;550272054;1700109366;1913363510;2453556278;2958957622;3248315446;3343748150;3775581238
3127,4,True,4,92912695;209972279;513408055;3846143031
3128,1,False,1,3209940024
3129,3,True,3,3146955833;3211545657;4252699705
3130,4,True,4,370244666;2503625786;3312970810;3505630266
3131,3,True,3,209300539;2447748155;3130018875
3132,2,True,2,523004988;2803194940
3133,1,False,1,624876605
3134,2,True,2,3235142718;3240823870
3135,4,True,4,125410367;1757543487;1955744831;3705515071
3136,3,True,4,1599425600;2960149568;3215916096
3137,2,True,2,695454785;2759281729
3139,3,True,3,834411587;1802136643;2224794691
3140,3,True,3,74492996;1394318404;3500637252
3141,3,True,3,3120667717;3402628165;3951815749
3142,3,True,3,505097286;3273915462;4153543750
3143,3,True,3,1961380935;2026470471;2917424199
3144,6,True,6,452918344;803314760;1449131080;1453030472;2201775176;3388492872
3145,5,True,5,1060817993;2517511241;3182824521;3191159881;3260853321
3146,3,True,3,221764682;1496374346;3281407050
3147,5,True,5,671063115;1930058827;3544472651;3906444363;4116606027
3148,3,True,3,1604201548;2850577484;3063585868
3149,3,True,3,734960717;2553175117;4256676941
3150,2,True,2,1460907086;2357349454
3151,6,True,6,162057295;1131416655;1392405583;2303962191;3866680399;3987876943
3152,5,True,5,1229245520;2669055056;2836622416;3046259792;3757038672
3153,5,True,5,1256946769;2173520977;2379463761;2449349713;3385588817
3155,4,True,4,1272147027;1564736595;1941040211;2718878803
3156,6,True,6,2757672020;3124796500;3166149716;3629358164;4013747284;4270423124
3157,1,False,1,3727154261
3158,3,True,3,2375728214;4099873878;4157877334
3159,3,True,3,3216964695;3588779095;4068510807
3160,4,True,4,122444888;355064920;3032185944;3905715288
3161,4,True,4,860429401;1679191129;1874238553;3316665433
3162,5,True,6,478895194;757124186;2044238938;2132511834;3083959386
3163,8,True,8,377551963;1308503131;1432452187;2094705755;2556189787;2601245787;2607164507;4223806555
3164,2,True,2,1014611036;3875208284
3165,5,True,5,424971357;1322159197;1565219933;2194861149;2945330269
3166,2,True,2,48282718;369740894
3167,1,False,1,771402847
3168,4,True,4,737483872;871877728;1042308192;2446814304
3169,2,True,2,981441633;2607070305
3170,2,True,2,186481762;3167849570
3171,3,True,3,737598563;1231256675;3978632291
3172,1,False,1,3321064548
3173,3,True,3,1450232933;1981807717;3162287205
3174,3,True,3,1203633254;3157650534;4126477414
3175,7,True,7,898505831;917167207;2271177831;2645093479;3392629863;3560819815;4051782759
3176,5,True,5,153394280;1591733352;2070178920;3565829224;3723107432
3177,2,True,2,35290217;865299561
3178,3,True,3,892525674;2222230634;3770784874
3179,3,True,3,1929239659;2632805483;3550415979
3180,5,True,5,1372200044;2681490540;3230346348;3785673836;3803966572
3181,1,False,1,1232755821
3182,4,True,4,85159022;2642021486;2719693934;3406031982
3183,5,True,5,355642479;1498381423;2285059183;2827562095;2865892463
3184,2,True,3,551287920;2693819504
3185,2,True,2,858086513;1517808753
3186,5,True,5,1710869618;2288778354;2600094834;2650258546;4146646130
3188,3,True,3,996531316;2088856692;2361191540
3189,5,True,5,982281333;1203530869;1393261685;3145415797;3720973429
3190,5,True,5,3857526;2086505590;2324200566;2712255606;4197071990
3191,1,False,1,161963127
3193,6,True,6,835726457;1783917689;2194418809;3150875769;4043639929;4149185657
3194,1,False,1,3333037178
3195,1,False,1,339172475
3196,5,True,5,667163772;762047612;1228815484;1303481468;1436990588
3197,6,True,6,829127805;1727704189;1742445693;2256542845;2609544317;3226410109
3198,5,True,5,408730750;578100350;1415007358;2380082302;2623085694
3199,1,False,1,4197883007
3200,4,True,4,847961216;1701096576;2336279680;3584777344
3201,4,True,4,305089665;1687882881;3638058113;4089289857
3202,3,True,3,185879682;1039875202;3752795266
3203,3,True,3,2119281795;3043118211;3365190787
3204,1,False,1,1618607236
3205,4,True,4,604986501;918776965;1393069189;2026019973
3206,2,True,2,131054726;3877239942
3207,1,False,1,2600897671
3208,1,False,1,2596269192
3209,5,True,5,168488073;906947721;1100471433;1789426825;4251069577
3210,3,True,3,1229274250;3646061706;4219673738
3211,2,True,2,513879179;4104334475
3212,1,False,1,1293892748
3213,1,False,1,1267350669
3214,2,True,2,913222798;3530439822
3215,3,True,3,481614991;2410933391;2643213455
3216,6,True,6,994938000;1543552144;1906719888;2868829328;3069914256;3458038928
3217,8,True,8,661261457;668474513;1585478801;1758940305;1786121361;2756435089;3052043409;3808533649
3218,3,True,3,492698770;1049398418;3448687762
3219,4,True,4,167689363;847957139;1311665299;2992008339
3220,1,False,1,2996030612
3221,2,True,2,3798592661;3808742549
3222,5,True,5,1294138518;1312566422;1812999318;3140893846;3752635542
3223,3,True,3,1014176919;2373766295;2741947543
3224,2,True,2,2428251288;2656894104
3225,1,False,1,1510481049
3226,1,False,1,670731418
3227,3,True,3,1517894811;2215169179;3950558363
3228,4,True,4,148114588;1025019036;1196608668;1661140124
3229,7,True,7,413654173;1667497117;2145119389;2226031773;2446638237;2977619101;3698257053
3230,8,True,8,228244638;410315934;654998686;710118558;1000811678;1020529822;2640174238;3364936862
3231,1,False,1,2733599903
3232,5,True,5,412474528;1145265312;1734724768;3213106336;3701755040
3233,2,True,2,885968033;2066959521
3234,3,True,3,649473186;848551074;890236066
3235,3,True,3,3276635299;3497872547;4284308643
3236,2,True,2,2928811172;4052888740
3237,7,True,7,1845124261;2164833445;2380762277;2468629669;2955390117;3384990885;3934026917
3238,2,True,3,896154790;1315134630
3239,2,True,2,1256537255;3865799847
3240,2,True,2,377007272;490613928
3241,3,True,3,154569897;365636777;880028841
3242,5,True,5,345828522;1939434666;2331675818;2353847466;2786581674
3243,5,True,5,116493483;271903915;2087734443;2584628395;3303185579
3244,5,True,5,479202476;679533740;971582636;3024514220;4057517228
3245,3,True,3,295521453;759348397;2991176877
3246,3,True,3,1064942766;1716362414;2761542830
3247,4,True,4,945581231;1358498991;3872242863;3999906991
3248,1,False,1,1009675440
3249,3,True,3,952532145;2540584113;4262038705
3250,5,True,5,1034984626;1506188466;2191248562;3042725042;4249152690
3251,7,True,7,8580275;486661299;1778863283;2327665843;2667310259;3677658291;3789839539
3252,1,False,1,3888733364
3253,4,True,4,446839989;517610677;1171745973;2320825525
3254,4,True,4,1800588470;1963379894;2503302326;3129408694
3255,2,True,2,1651977399;2527210679
3256,2,True,2,1486544056;1898536120
3257,5,True,5,1509305529;1527930041;3003071673;3278195897;3363888313
3258,2,True,2,2432044218;3682786490
3259,3,True,3,371813563;2655866043;3808210107
3260,4,True,4,844455100;850111676;955526332;1783762108
3261,3,True,3,285240509;1236163773;2979499197
3262,2,True,2,2051632318;4133780670
3263,5,True,5,1021676735;2467294399;3517799615;3569765567;4015848639
3264,5,True,5,852663488;1962654912;3016744128;3672132800;3888659648
3265,2,True,2,3813326017;3936316609
3266,3,True,3,1352490178;3385400514;4246621378
3267,4,True,4,662424771;2713554115;2925010115;3254262979
3268,1,False,1,3059817668
3269,2,True,2,758357189;1783807173
3270,1,False,1,2506808518
3271,4,True,4,484867271;500149447;1453079751;1674042567
3272,3,True,3,749030600;2131356872;4229160136
3273,3,True,3,1958874313;2590919881;4203617481
3274,4,True,4,2921692362;3378703562;3860061386;4135013578
3275,5,True,5,786754763;2637298891;2729946315;3721510091;4221697227
3276,5,True,5,212806860;504003788;3525528780;4139740364;4201336012
3277,7,True,7,126401741;238206157;784239821;1415498957;2358549709;3797069005;4195880141
3278,3,True,3,1349266638;2530135246;2736889038
3279,2,True,2,2073562319;2327190735
3280,2,True,2,63208656;1169157328
3281,1,False,1,3860655313
3282,3,True,3,2215992530;2423454930;3204500690
3283,2,True,2,366759123;1687465171
3284,4,True,4,1616284884;1730768084;2040048852;3842677972
3285,2,True,2,389790933;3792682197
3286,1,False,1,2355616982
3287,1,False,1,2135448791
3288,4,True,4,1657351384;2125749464;3513081048;4238380248
3289,5,True,5,155528409;852266201;2409446617;2457197785;4156812505
3290,3,True,3,227892442;855223514;1302519002
3291,2,True,3,3624155;2447371483
3292,2,True,2,422386908;735349980
3293,1,False,1,4135390429
3294,4,True,4,1120050398;1370078430;2357075166;2875911390
3295,2,True,2,1306033375;2557218015
3296,5,True,5,1475030240;2553392352;3116719328;3357940960;3897171168
3297,7,True,7,57855201;1101597921;1491315937;1706323169;1891839201;2438528225;4211051745
3298,1,False,1,1717853410
3299,7,True,7,434953443;1389923555;1740754147;2030075107;2731470051;2871737571;3286789347
3300,4,True,4,866467044;898997476;2479942884;3359882468
3301,1,False,1,1635323109
3302,2,True,2,230735078;1639292134
3303,2,True,2,2444008679;3821231335
3304,6,True,6,883608808;1280765160;2205191400;3010952424;3503009000;4075695336
3305,4,True,4,2989616361;3429592297;3486764265;4003007721
3306,3,True,3,1227623658;2369019114;3336584426
3308,3,True,3,476060908;674053356;3624795372
3309,3,True,3,1649437933;3615313133;3928648941
3310,6,True,6,324807918;1360325870;3125259502;3195305198;3374836974;3900820718
3311,4,True,4,654822639;1680403695;2152738031;3489631471
3312,1,False,1,2196053232
3313,1,False,1,3669384433
3314,3,True,3,398953714;2019425522;3001584882
3315,1,False,1,2690477299
3316,4,True,4,824286452;932711668;1008794868;2569247988
3317,3,True,3,704175349;838905077;2478644469
3318,2,True,2,199892214;3542748406
3319,3,True,3,16772343;1232956663;4123946231
3320,4,True,4,93592824;389209336;1329925368;1960865016
3321,4,True,4,380435705;550927609;699968761;3649228025
3322,2,True,2,447843578;921967866
3323,4,True,4,348114171;589507835;2980695291;4090297595
3324,3,True,3,913788156;3266129148;3873737980
3325,2,True,2,530717949;1663589629
3326,3,True,3,44199166;1383841022;2542750974
3327,4,True,4,239508735;678821119;1472867583;1674497279
3328,6,True,6,579898624;1089453312;1403014400;2706296064;2824330496;3600182528
3329,2,True,2,588909825;2495040769
3330,3,True,4,1822567682;2712222978;2950679810
3331,4,True,4,898895107;2148478211;2805837059;3397356803
3332,2,True,2,3861396740;4223802628
3333,4,True,4,1036188933;3158187269;3814812933;4056190213
3334,3,True,3,2122747142;2650225926;3291507974
3335,3,True,3,851463431;2863463687;3649604871
3337,3,True,3,47607049;3724336393;3759406345
3338,1,False,1,3930737930
3339,2,True,2,1349405963;1637014795
3340,2,True,2,1733901580;2881199372
3341,5,True,5,84188429;326278413;988474637;2897194253;3899665677
3342,5,True,5,237427982;369315086;2763730190;2901179662;3085335822
3343,2,True,2,125340943;1199762703
3344,4,True,5,153234704;176131344;1297100048;1629617424
3345,3,True,3,1093455121;1802325265;2452651281
3346,5,True,5,1125915922;1795271954;2007784722;2226167058;3549650194
3347,1,False,1,1360936211
3348,1,False,1,295169300
3349,3,True,3,760081685;1231199509;3936423189
3350,7,True,7,810286358;1457409302;1618787606;1694420246;1947610390;3878903062;4079488278
3351,5,True,5,444546327;538430743;2800254231;3438529815;3859189015
3352,3,True,3,890797336;1337576728;2199166232
3353,3,True,3,909798681;2250824985;2840038681
3354,4,True,4,689323290;1471786266;1974709530;2066853146
3355,5,True,5,154004763;343530779;1274322203;2461682971;3765734683
3356,1,False,1,1583009052
3357,3,True,3,1505983773;3452824861;3736055069
3358,4,True,4,1248066846;1648434462;2015505694;3170467102
3359,3,True,3,906464543;2431536415;3440037151
3360,4,True,4,2114133280;2617658656;2658704672;3739503904
3361,5,True,6,8686881;1758879009;2146696481;3280411937;4252663073
3362,3,True,3,648817954;928333090;3137670434
3365,2,True,2,943017253;3096132901
3366,5,True,5,486030630;1412275494;1883409702;2846776614;3614944550
3367,5,True,5,737221927;2341436711;2851990823;3366853927;3747024167
3369,3,True,4,43085097;59415849;3488480553
3370,6,True,6,140000554;1681734954;2025426218;2149260586;3035020586;3307654442
3371,6,True,6,722971947;924454187;1185586475;1286704427;2929585451;4241366315
3372,7,True,7,344976684;901471532;934096172;1738345772;1834716460;2667158828;3953065260
3373,5,True,5,665492781;860564781;1252556077;1554025773;1626725677
3374,4,True,4,184573230;496327982;710237486;1781382446
3375,6,True,6,204079;247979311;958885167;2482183471;3598667055;3951283503
3376,6,True,6,131693872;2074557744;2234469680;3321498928;3332377904;3564719408
3377,1,False,1,89304369
3378,5,True,5,377900338;2474118450;3092409650;3791162674;3797400882
3379,1,False,1,2586983731
3380,4,True,4,2243892;842562868;1103920436;3206352180
3381,2,True,2,1380613429;2956270901
3382,1,False,1,460786998
3383,2,True,2,626089271;782212407
3384,3,True,3,187141432;3116289336;3769408824
3385,2,True,2,1799798073;3432418617
3386,3,True,3,300338490;1002356026;1422654778
3387,3,True,3,994237755;1013087547;2390936891
3388,3,True,3,607284540;2606722364;3207105852
3389,5,True,5,2640592189;3037592893;3224624445;3678944573;4235185469
3390,5,True,5,1928527166;2260598078;3506273598;3654552894;4059471166
3391,1,False,1,1511378239
3392,2,True,2,907472192;1605266752
3393,4,True,4,17022273;994209089;3038895425;4014959937
3394,5,True,5,1451064642;1573526850;1655049538;2654555458;3062648130
3395,5,True,5,661888323;2597551427;2871283011;3822218563;4235083075
3396,1,False,1,3713584452
3397,9,True,9,1342786885;1387748677;1409674565;1893166405;2059730245;2066484549;2213350725;2600668485;4089138501
3398,1,False,1,2789989702
3399,4,True,4,144420167;2807475527;3093093703;4011261255
3400,6,True,6,345267528;1278205256;1607146824;2759699784;3584945480;3825933640
3401,5,True,5,145374537;696560969;1261817161;3446705481;3903192393
3402,2,True,2,3129335114;3183095114
3403,2,True,2,646630731;2200108363
3404,3,True,3,530246988;530443596;1294191948
3405,3,True,3,1346239821;2138262861;4090477901
3406,2,True,2,1779510606;2471861582
3407,2,True,2,595381583;4287434063
3408,3,True,3,2885066064;3337170256;3412192592
3409,2,True,2,831864145;3151220049
3410,2,True,2,2503351634;4136148306
3411,4,True,4,2946342227;3552980307;3590528339;3614571859
3412,4,True,4,329424212;869203284;1357053268;3397045588
3414,5,True,5,775507286;1279503702;2129997142;3378863446;3450752342
3415,1,False,1,2030738775
3416,4,True,4,2457455960;2581785944;2766142808;4222217560
3417,4,True,4,655035737;2318384473;2666212697;3986152793
3418,1,False,1,1503972698
3419,3,True,3,594885979;687209819;3974266203
3420,2,True,2,1925979484;3338161500
3421,6,True,6,1207340381;2856725853;2982063453;3135417693;3163331933;3541658973
3422,3,True,3,788454750;1256840542;3097263454
3423,1,False,1,2112519519
3424,2,True,2,1942912352;2309176672
3425,3,True,3,1248222561;1891781985;3804900705
3426,1,False,1,2604240226
3427,2,True,2,460217699;2393963875
3428,4,True,4,212634980;674450788;1382505828;4262567268
3429,6,True,6,703700325;920763749;2257952101;2292702565;3502665061;4272700773
3430,2,True,2,584269158;4199169382
3431,2,True,2,1024376167;1401826663
3432,7,True,7,236670312;412548456;847433064;891202920;1787600232;2813189480;3414154600
3433,4,True,4,1735187817;2927775081;2994748777;3257855337
3434,3,True,3,264875370;2919550314;3221421418
3435,5,True,5,1405418859;2817441131;3100286315;3256540523;3869736299
3436,4,True,4,674610540;735513964;2363235692;2660724076
3437,6,True,6,536513901;632745325;779672941;1725451629;1843776877;3025587565
3438,4,True,4,514538862;1352514926;3722792302;3969731950
3439,5,True,5,1198443887;1302089071;1631620463;1816178031;4178013551
3440,3,True,3,1621884272;1765600624;1955970416
3441,3,True,3,1361517937;2225483121;3686960497
3443,2,True,2,657562995;3503095155
3444,3,True,3,628682100;2561523060;3734650228
3445,4,True,4,295751029;1326480757;1688915317;2880097653
3446,3,True,3,35347830;1413361014;3957886326
3447,4,True,4,2081086839;2312797559;3718757751;4073938295
3448,1,False,1,2340101496
3449,4,True,4,686390649;1309212025;2714705273;3970051449
3450,4,True,4,1160576378;1837882746;3053428090;3408608634
3451,1,False,1,547806587
3452,3,True,3,1005116796;1042054524;2073439612
3453,3,True,3,874683773;1493351805;2338905469
3454,3,True,3,1110830462;1230253438;2606538110
3455,2,True,2,563400063;3211459967
3456,3,True,3,3820035456;3968363904;4273954176
3457,5,True,5,657341825;1776029057;3061378433;3563244929;4279704961
3458,5,True,5,19852674;75394434;2014543234;2088856962;2868235650
3459,5,True,5,397991299;568376707;1596910979;2120813955;4180450691
3460,2,True,2,1430003076;3247734148
3461,5,True,5,10513797;225205637;938995077;2945777029;3152170373
3462,5,True,5,411659654;1229356422;2133814662;3565510022;3793468806
3463,3,True,3,780328327;1835294087;2470088071
3464,3,True,3,1555074440;3010403720;3868962184
3465,4,True,4,1513008521;2356489609;3455335817;3791474057
3466,3,True,3,781671818;986217866;2158411146
3467,2,True,2,95075723;322289035
3468,3,True,3,111082892;1826225548;4236914060
3469,4,True,4,199720333;2226113933;2546957709;3302833549
3471,6,True,6,1493966223;2514210191;3200007567;3292310927;4051238287;4121378191
3472,2,True,2,1399745936;2641210768
3473,1,False,1,735165841
3474,3,True,3,773193106;1980779922;3517128082
3475,5,True,5,1378045331;1419337107;2218724755;2908405139;3237522835
3476,2,True,2,2654829972;3428752788
3477,4,True,4,210476437;535285141;931888533;3113119125
3478,4,True,4,421117334;1893358998;2433068438;3576995222
3479,5,True,5,147004823;499269015;747543959;3336773015;3676122519
3480,3,True,3,287370648;492051864;3857948056
3481,3,True,3,2168286617;2557484441;3443486105
3482,2,True,2,1201585562;2116681114
3483,3,True,3,1159765403;2075237787;4113063323
3484,3,True,3,2060586396;2596613532;3173264796
3485,4,True,4,98749853;2469891485;2792873373;3811147165
3486,6,True,6,488791454;862543262;1831513502;2853555614;3243822494;4216245662
3487,3,True,3,2857020831;3352300959;3699187103
3488,8,True,8,14843296;454475168;773709216;2174750112;2528877984;3796970912;3818749344;3824741792
3489,3,True,3,779300257;2003533217;4107214241
3490,3,True,3,1056030114;2055921058;3274923426
3491,5,True,5,1166146979;2150436259;2671807907;3760479651;3989171619
3492,2,True,2,232230308;1280880036
3493,3,True,3,169590181;3138465189;3886820773
3494,6,True,6,323272102;491224486;947555750;1357778342;1746607526;2387471782
3495,2,True,2,8600999;2756324775
3496,4,True,4,940584360;1314221480;2310065576;3197242792
3497,6,True,6,212528553;847433129;1929035177;2373529001;2534342057;3291151785
3498,3,True,3,535244202;747953578;2522660266
3499,3,True,3,585059755;2438720939;4206869931
3500,3,True,3,1100037548;2115476908;3763051948
3501,1,False,1,3809721773
3502,4,True,4,1329868206;2065620398;2316778926;3117477294
3503,5,True,5,1315392943;2340994479;2438675887;2721131951;3598851503
3504,8,True,8,399510960;449392048;2065915312;2148806064;2310852016;2603146672;4001562032;4123282864
3505,4,True,4,578620849;3236695473;3832909233;4076973489
3506,1,False,1,182148530
3507,5,True,5,72920499;339418547;553004467;642239923;2256698803
3508,5,True,5,17268148;224890292;697146804;854736308;1892076980
3509,4,True,4,1538469301;1602035125;1941220789;3504680373
3510,4,True,4,29982134;1735196086;2758352310;3688357302
3511,6,True,6,673856951;945888695;1387019703;1903426999;3078331831;3648241079
3512,4,True,4,2269396408;2593725880;2757017016;4233915832
3513,3,True,3,1339579833;2298670521;4265831865
3514,4,True,4,1381498298;1940389306;3199630778;3813518778
3515,2,True,2,2111966651;2989108667
3516,2,True,2,425426364;804089276
3517,2,True,2,18165181;1719487933
3518,2,True,2,1737694654;4089724350
3519,2,True,2,3612773823;3931151807
3520,3,True,3,1690803648;2841316800;3754180032
3521,1,False,2,718486977
3522,1,False,1,291143106
3523,2,True,2,938085827;3672518083
3524,6,True,8,226246084;472677828;1630260676;1782291908;1850543556;2228063684
3525,2,True,2,7208389;2426424773
3526,3,True,3,679726534;3254148550;3987647942
3527,2,True,2,2919660999;4008353223
3528,5,True,5,1090432456;1950088648;2100321736;2529697224;2751466952
3529,3,True,3,1740651977;3283217865;3395673545
3530,2,True,2,1760697802;4055698890
3531,1,False,1,136830411
3532,1,False,1,3158023628
3533,4,True,4,4971981;1011822029;1185443277;2453208525
3535,6,True,6,675765711;761089487;1002040783;1667714511;3419991503;3744005583
3536,2,True,2,1044856272;1091460560
3537,6,True,6,206355921;1289059793;1825586641;3158187473;3800251857;3810356689
3538,3,True,4,465161682;953904594;2839354834
3539,1,False,1,2287963603
3540,1,False,1,2229636564
3541,2,True,2,241073621;1560665557
3542,3,True,3,1585532374;1733950934;3079556566
3543,5,True,5,2389732823;2528157143;3600076247;3894689239;3969670615
3544,2,True,2,1882770904;3605958104
3545,4,True,4,376827353;953855449;1797303769;4140002777
3546,3,True,3,934927834;2065366490;3833953754
3547,3,True,3,1132932571;1180077531;2115366363
3548,1,False,1,2061856220
3549,3,True,3,885026269;2217176541;3994938845
3550,4,True,4,2646478302;2704027102;3084041694;3133296094
3551,3,True,3,1316646367;1981570527;3857059295
3552,3,True,3,729796064;1812049376;4007112160
3553,4,True,4,326778337;589921761;876207585;2868608481
3554,4,True,4,835853794;2753863138;3722149346;4005047778
3555,6,True,6,478969315;1531710947;2138181091;2461351395;3315269091;3639438819
3556,3,True,3,494124516;3068145124;4235853284
3557,3,True,3,587034085;1580948965;1879862757
3558,4,True,4,286981606;1315929574;2258292198;3113475558
3559,7,True,7,748101095;891768295;1164869095;1956892135;3237506535;3699867111;3773955559
3560,5,True,5,600940008;1058938344;1109552616;3177782760;4116839912
3561,3,True,3,61115881;898575849;1876721129
3562,6,True,6,49159658;2403454442;2511994346;3881033194;4066569706;4085280234
3563,1,False,1,2945826283
3564,2,True,2,2602507756;3153477100
3565,3,True,3,1881857517;1932819949;2160803309
3566,3,True,3,678239726;828435950;3086319086
3567,5,True,5,373022191;1504947695;2209488367;3162652143;3227004399
3568,7,True,7,398704112;850812400;1024921072;1103658480;1994849776;2812607984;3880717808
3569,4,True,4,168357361;1124978161;1255247345;1883114993
3570,2,True,2,3050212850;3536182770
3571,4,True,4,1305529843;3327249907;3788467699;3803708915
3572,5,True,5,982863348;3071950324;3725852148;4037266932;4147256820
3573,2,True,2,778829301;4204002805
3574,3,True,3,875535862;1050914294;4123266550
3575,7,True,7,587517431;924933623;981642743;1165385207;1264111095;2955505143;3614698999
3576,5,True,5,1923771896;2302701048;2674064888;3187109368;3673402872
3577,4,True,4,116354553;2027503097;3807907321;3908328953
3578,4,True,4,697769466;1150103034;2747850234;3925478906
3579,1,False,1,2361171451
3580,7,True,7,790703612;853704188;2237001212;2808606204;4133580284;4185697788;4254711292
3581,6,True,6,905285117;1165659645;1236266493;1895837181;2192199165;2343218685
3582,1,False,1,1948388862
3583,4,True,4,289037823;1604963839;2440543743;2848767487
3584,4,True,4,956218880;1389092352;2204683776;3905158656
3585,3,True,3,2096401921;3205471745;3360132609
3586,3,True,3,206310914;512130562;3114102274
3587,8,True,8,338529795;864054787;2204032515;2671754755;3032169987;3545927171;4009111043;4234407427
3588,6,True,6,413781508;545185284;1301245444;1947778564;2022071812;2498981380
3589,2,True,2,2296724997;4104154629
3590,4,True,4,967495174;2664189446;3060317702;3749776902
3591,3,True,3,742067719;2018192903;3016916487
3592,4,True,4,768183816;2965372424;3137945096;3540950536
3593,4,True,4,1902075401;2874400265;2925792777;3290869257
3594,2,True,2,2167389706;4133670410
3595,4,True,4,446397963;1494425099;2535951883;2631593483
3596,8,True,8,788631052;803687948;1039719948;1655143948;2576055820;2852257292;3541196300;4130496012
3597,3,True,3,285838861;2806181389;3616095757
3598,8,True,8,1588964878;1960324622;2080747022;3119418894;3456437774;3668106766;3858378254;3904208398
3599,4,True,4,1722850831;2304507407;2460253711;3609964047
3600,7,True,7,1330552336;1547218448;2328268304;2437139984;2559675920;3332095504;3907735056
3601,3,True,3,692149777;1670020625;2227973649
3602,4,True,4,154349074;589479442;3394178578;3579686418
3603,5,True,5,2258030099;2441821715;2934353427;3202522643;3467533843
3604,2,True,2,1061269012;2883255828
3605,8,True,8,655539733;980291093;1010646549;1855290901;1963269653;2313289237;2385546773;4125621781
3606,5,True,5,555482646;1887419926;2173124118;3512741398;3775684118
3607,2,True,2,3500371479;3753688599
3608,2,True,2,866348568;2136911384
3609,6,True,6,74014233;1516142105;1886461465;2247040537;3004927513;3150196249
3610,5,True,5,296287770;1809477146;2593463834;2693291546;2789883418
3612,4,True,4,1167322652;1614708252;3283598876;4142616092
3613,4,True,4,1285864989;1516486173;1663770141;2483572253
3614,1,False,1,692497950
3615,1,False,1,4012125727
3616,5,True,5,906710560;1165696544;2173832736;2306678304;2537385504
3617,2,True,2,951156257;3220106785
3618,1,False,1,317709858
3619,1,False,1,378846755
3620,1,False,1,710954532
3621,8,True,8,76615205;1015483941;1272192549;1313967653;2490318373;3124637221;3788647973;4084588069
3622,6,True,6,131587622;462175782;893111846;2073570854;2361024038;2872847910
3623,2,True,2,2673417767;2859466279
3624,3,True,3,172363304;968801832;3371273768
3625,1,False,1,1412181545
3626,4,True,4,252792362;1712950826;2363178538;2386869802
3627,3,True,3,209440299;772951595;1219874347
3628,6,True,6,654269996;1071316524;1141329452;2652937772;3876011564;4133723692
3629,2,True,2,332938797;642367021
3630,1,False,1,3202305582
3631,4,True,4,102600239;292859439;3036319279;3869040175
3632,4,True,4,2270801456;3154591280;3557424688;4244610608
3633,5,True,5,270716465;588238385;1281293873;2270760497;2755841585
3634,4,True,4,535219762;1347087922;2276548146;3781398066
3635,6,True,6,1162178099;1531706931;1967615539;2400951859;2478018099;2517020211
3636,4,True,4,2586713652;3165638196;3765227060;4085976628
3637,3,True,3,978898485;2319502901;3239341621
3638,3,True,3,1170054710;1942437430;2158591542
3639,4,True,4,535436855;2009734711;2443759159;3105435191
3641,4,True,4,77831737;1304895033;1775332921;4138552889
3642,5,True,5,86691386;856616506;2445663802;2716544570;3981688378
3643,2,True,2,658337339;2495847995
3644,3,True,3,3467247164;3529166396;3962502716
3645,1,False,1,46284349
3646,2,True,2,2472644158;3975790142
3647,4,True,4,1010142783;1105522239;3324067391;4018138687
3648,8,True,8,89153088;285081152;609226304;663490112;1369370176;1505898048;2820480576;3156962880
3649,6,True,6,1310244417;1476439617;3382046273;3475254849;3555843649;3817188929
3650,4,True,5,26234434;161656386;1313578562;3740315202
3651,3,True,3,1399443011;3118255683;3328814659
3652,5,True,5,806657604;815959620;991833668;4197146180;4203454020
3653,8,True,8,453373509;618008133;966774341;1283292741;2833833541;3066326597;3572743749;4261510725
3654,3,True,3,194244166;3251682886;3798007366
3655,7,True,7,426278471;1079074375;1801211463;2150891079;3026394695;3371773511;4237467207
3656,3,True,3,798703176;1593613896;2642443848
3657,4,True,4,1250770505;1466347081;1515236937;4200050249
3658,5,True,5,505904714;1305554506;3414773322;4185411146;4236336714
3659,5,True,5,376139339;861855307;1577774667;1707699787;3803479627
3660,8,True,8,5619276;431332940;590401100;1458875980;2360831564;2434014796;3261673036;3629063756
3661,3,True,3,6192717;1617124941;4121677389
3662,3,True,3,755797582;2584514126;2783641166
3663,4,True,4,331343;612875855;4048957007;4271230543
3664,1,False,1,2903965264
3665,5,True,5,655253073;1572761169;2127679057;2459741777;2644323921
3666,3,True,3,163065426;2881424978;4263308882
3667,3,True,3,364006995;1178758739;3375349331
3668,1,False,1,876019284
3669,2,True,2,318910037;478436949
3670,5,True,5,516152918;922746454;1767026262;2850340438;3754286678
3671,6,True,6,400125527;1386597975;1815318103;2427154007;3514338903;4045622871
3672,5,True,5,129728088;185343576;883850840;1497079384;2512551512
3673,3,True,3,522960473;1370922585;4221951577
3674,3,True,3,1561898586;2838789722;3497668186
3675,1,False,1,2262408795
3676,1,False,1,1482079836
3677,3,True,3,57405021;252812893;2023919197
3678,2,True,2,761077342;2214501982
3679,7,True,7,201080415;912649823;1653694047;2186243679;2650570335;2919767647;3267391071
3680,4,True,4,155151968;1598328416;3522408032;3904159328
3682,3,True,3,1166212706;1958358626;3124498018
3683,3,True,3,22113891;477642339;3700665955
3684,3,True,3,1696325220;1844530788;2344152676
3685,5,True,5,938860133;1227710053;1836715621;2894749285;3841531493
3686,3,True,3,1265598054;1470287462;2708651622
3687,4,True,4,844664423;2677587559;2731355751;3199655527
3688,4,True,4,503692904;3070377576;3386117736;3522977384
3689,6,True,6,632237673;1694465641;2604088937;3243011689;3497086569;4238106217
3690,4,True,4,1151045226;2182065770;2828017258;2844221034
3691,3,True,3,1742138987;2717146731;3939286635
3692,5,True,5,874884716;1462308460;2276425324;3023896172;3871493740
3693,4,True,4,801439341;3115601517;3384274541;3696402029
3694,3,True,3,1260850798;2493935214;2953018990
3695,4,True,5,467603055;1585700463;2358799983;2832481903
3696,9,True,10,365002352;1096994416;1268252272;1855290992;2832105072;2991062640;3337420400;3356040816;3501829744
3697,2,True,2,1064644209;1747058289
3698,4,True,4,283680370;393023090;1543384690;3331989106
3699,3,True,3,1012301427;2806849139;4197670515
3700,3,True,3,1157901940;1550462580;3920260724
3701,1,False,1,394120821
3702,2,True,2,84856438;1859944054
3703,3,True,3,192507511;2008452727;2429447799
3704,6,True,6,115351160;669871736;1975447160;2180390520;3149782648;3228946040
3705,3,True,4,606428793;2009484921;2309365369
3706,4,True,4,1341107834;1857306234;2818154106;2822180474
3707,1,False,1,2986376827
3708,4,True,4,474840700;2221989500;2262285948;3717688956
3709,3,True,3,1028476541;2769755773;3175067261
3710,2,True,2,441499262;3808853630
3711,2,True,2,2187394687;3052637823
3712,4,True,4,4894336;3388690048;3857567360;4018142848
3713,8,True,8,1113996929;1298402945;1837252225;2597138049;2649902721;2872168065;3491085953;3670429313
3714,4,True,4,566918786;1627213442;1899302530;3635433090
3715,6,True,7,372117123;486993539;546864771;1319616131;1627070083;2795564675
3716,3,True,3,1539006084;2535272068;3710922372
3717,4,True,4,648371845;1911799429;2012012165;3084045957
3718,4,True,4,1209339526;2651717254;2906615430;3198185094
3719,4,True,4,407395975;451120775;2613948039;3941043847
3721,4,True,4,1388043913;2513505929;2766818953;3821379209
3722,3,True,3,61980298;1509117578;3782233738
3723,3,True,3,1706585739;2160438923;3109277323
3724,1,False,1,3315531404
3725,3,True,3,402321037;2482511501;3094396557
3726,1,False,1,2884513422
3727,3,True,3,641470095;2674622095;3857493647
3728,2,True,2,170188432;2484526736
3729,5,True,5,264126097;889810577;2005946001;3310816913;3909361297
3730,4,True,4,840646290;2607304338;3229990546;3346976402
3731,8,True,8,9133715;713711251;1603395219;1647648403;2923200147;3825409683;4014599827;4254727827
3732,2,True,2,2618076820;3787873940
3733,5,True,5,133299861;293924501;1908854421;2951417493;3653435029
3734,5,True,5,402431638;1038618262;1119530646;2623188630;4149878422
3735,1,False,1,1087544983
3736,5,True,5,129080984;245657240;1214852760;2339368600;2889416344
3737,6,True,6,381816473;1642573465;1793044121;3824475801;3888578201;4281036441
3738,3,True,3,1771749018;2834620058;4043001498
3739,3,True,3,860434075;1559277211;2840370843
3740,6,True,6,370445980;1508454044;2809441948;3063230108;3773398684;3773841052
3741,4,True,4,1279217309;2344128157;2712288925;2718477981
3742,4,True,4,1688698526;2356969118;3400146590;3517800094
3743,7,True,7,195186335;227815071;235064991;968265375;2131299999;2793918111;3150667423
3744,3,True,3,308792992;1255595680;3834678944
3745,4,True,4,910663329;1417236129;2405695137;3074514593
3746,1,False,1,312233634
3747,2,True,2,821071523;4132183715
3748,4,True,4,669367972;1914416804;2012733092;4132462244
3749,5,True,5,1025711781;1341230757;2448866981;2798833317;4112334501
3750,1,False,1,3277213350
3751,2,True,2,3657412263;3683671719
3752,1,False,1,1612332712
3753,2,True,2,661561001;3367898793
3754,4,True,4,883953322;1302662826;1553997482;2697666218
3755,6,True,6,522448555;1195261611;1458712235;1608830635;2150182571;3920748203
3756,2,True,2,924675756;3462479532
3757,3,True,3,1101485;840203949;3771367085
3758,3,True,3,480931502;700530350;2414833326
3759,6,True,6,253001391;811708079;833380015;2213310127;3204517551;4010888879
3760,5,True,5,1084034736;1153773232;2992496304;4051324592;4117339824
3761,1,False,1,2787217073
3762,4,True,4,293334706;2410786482;2712395442;4126928562
3763,3,True,3,81321651;1647607475;2465058483
3764,5,True,5,921439924;1962479284;2317684404;3078250164;3762695860
3765,2,True,2,824372917;1519529653
3766,9,True,9,412434102;414674614;1511345846;2917318326;3191295670;3493428918;3580624566;3651174070;3978198710
3767,3,True,3,454672055;763707063;918781623
3768,9,True,9,394620600;1083829944;1406168760;1472958136;2075532984;2098785976;2562109112;3350990520;4125015736
3769,2,True,3,1494961849;1808477881
3770,6,True,7,422715066;1171119802;2072239802;2362564282;2584133306;4279508666
3771,3,True,3,93089467;1029762747;3358019259
3772,4,True,4,135093948;2527506108;3792993980;3825032892
3773,1,False,1,3585093309
3774,6,True,7,288911038;748007102;773607102;1252052670;2498514622;2787503806
3775,2,True,2,1870167743;1875250879
3776,3,True,3,14667456;161754816;594382528
3777,4,True,4,660012737;1688374977;2246069953;2411454145
3778,6,True,6,561540802;589045442;1432444610;1958104770;2237513410;4023316162
3779,4,True,4,363069123;2779762371;3148713667;3409272515
3780,4,True,4,127291076;1930337988;3103186628;4291280580
3781,3,True,3,664411845;1558658757;1865289413
3782,3,True,4,1663672006;3555434182;4086206150
3783,2,True,2,1212481223;2847235783
3784,6,True,6,162004680;541523656;1544421064;2936585928;3286298312;3999366856
3785,5,True,5,1152470729;2567384777;2622369481;2626346697;2844098249
3786,1,False,2,1276993226
3787,2,True,2,2186694347;3450691275
3788,1,False,1,1878757068
3789,1,False,1,868277965
3791,6,True,6,194498255;911285967;1349512911;1442328271;3606875855;3969593039
3792,3,True,3,2185891536;4242996944;4250128080
3793,6,True,6,1165328081;2083720913;2091867857;2296565457;3255930577;3504844497
3794,6,True,6,533352146;577789650;1543556818;1621241554;2753904338;3288317650
3795,4,True,4,1044405971;1773891283;2244054739;2380259027
3796,2,True,2,999595732;1782640340
3797,3,True,3,998813397;2022465237;2323721941
3798,5,True,5,923533014;951226070;2059034326;3551923926;3688034006
3799,4,True,4,10948311;427024087;2015166167;3182468823
3800,3,True,3,333893336;1530134232;4195016408
3801,4,True,4,417124057;1007607513;3080732377;3162799833
3802,2,True,2,791224026;4121755354
3803,4,True,4,545267419;981847771;3218558683;3249970907
3804,8,True,8,621911772;2856787676;2872053468;2943610588;3163590364;3522301660;3757498076;4066741980
3805,2,True,2,420732637;3410206429
3806,3,True,3,49934046;1399127774;1950482142
3807,5,True,5,300699359;2096348895;2275585759;2594995935;3060936415
3808,2,True,2,1452846816;3133955808
3809,4,True,4,602889953;1067618017;2187816673;2873052897
3810,2,True,2,70532834;1398632162
3811,8,True,8,445394659;1514987235;1552420579;1717915363;2225774307;2522291939;2790993635;3806994147
3812,5,True,5,454004452;1548512996;1566670564;1753734884;3850133220
3813,5,True,5,563154661;986988261;2217594597;2653392613;4166147813
3814,4,True,4,56602342;2278584038;4073180902;4237807334
3815,2,True,2,2446171879;3799658215
3816,3,True,3,43282152;807943912;1463217896
3817,4,True,4,214806249;467017449;1010413289;1686986473
3818,4,True,4,87686890;891752170;3897753322;4137725674
3819,8,True,8,720867051;1474485995;1540337387;1871572715;2383662827;2678845163;3329433323;3826941675
3820,5,True,5,467603180;499371756;3691138796;4011663084;4106854124
3821,5,True,5,534601453;693149421;739041005;3004333805;3078733549
3822,8,True,8,14114542;273936110;577093358;847503086;862809838;2376228590;2978406126;3555380974
3823,3,True,3,264974063;430214895;3788685039
3824,1,False,1,1140133616
3825,3,True,3,589766385;1176907505;1556180721
3826,6,True,6,143085298;859799282;2203229938;2272833266;2794528498;3129114354
3827,4,True,4,724664051;1671692019;1887559411;3430575859
3828,2,True,2,2890346228;4198248180
3829,4,True,4,28598005;2012999413;2243960565;2713423605
3830,1,False,1,1781350134
3831,6,True,6,180608759;222023415;1752755959;1899798263;1949445879;3063758583
3833,7,True,7,453431033;922640121;1314963193;2333908729;3330735865;3871825657;3967610617
3834,1,False,1,1194639098
3835,2,True,2,992624379;3736731387
3836,3,True,3,3200962300;3376791292;3876949756
3837,2,True,2,1619377917;3297058557
3838,7,True,7,657886974;1018511102;1518382846;2065608446;3078360830;3814461182;3934338814
3839,5,True,5,41701119;100437759;1634606847;2103222015;3151150847
3840,3,True,3,1646165760;3518848768;3926793984
3841,6,True,6,97722113;995430145;1178996481;3088809729;3117743873;3133603585
3842,3,True,3,847965954;3373420290;3481960194
3843,3,True,3,809688835;1115410179;1659580163
3844,3,True,3,509161220;2215423748;3366735620
3845,3,True,3,2855993093;3104571141;3671920389
3846,6,True,6,2414206726;2637664006;3087437574;3461738246;3684081414;3885088518
3847,3,True,4,617328391;618671879;2391625479
3848,4,True,4,2415759112;2963509000;3149717256;4085448456
3849,2,True,2,1409117961;1428057865
3850,3,True,3,2087169802;2550124298;3322060554
3851,5,True,5,406445835;685125387;856674059;1569406731;4138360587
3852,5,True,5,20655884;2803658508;3442515724;3625221900;3628093196
3853,4,True,4,1491095309;2053897997;3020840717;3680661261
3854,2,True,2,3534524174;4141969166
3855,5,True,5,821165839;1204924175;2766933775;2908974863;3638259471
3856,5,True,5,368713488;932482832;1248526096;3921149712;4201606928
3857,3,True,3,1142759185;1401159441;4265496337
3858,8,True,8,1093205778;1392283410;2804555538;3750444818;4061634322;4082011922;4195680018;4285681426
3859,1,False,1,1641824019
3860,1,False,1,2338492180
3861,4,True,4,1497788181;2106240789;2927959829;3090231061
3862,4,True,4,2388393750;2655457046;2856861462;4104822550
3863,3,True,3,1351192343;1921171223;4187528983
3864,4,True,5,1790668568;2566983448;2567417624;3010223896
3865,3,True,3,73453337;1991601945;4279508761
3866,3,True,3,580099866;3899543322;4039470874
3867,3,True,3,629456667;641883931;3218370331
3868,3,True,3,649387804;1249464092;2810474268
3869,4,True,4,579542813;1440100125;2091974429;2986368797
3871,1,False,1,3684839199
3872,2,True,2,1329401632;4223455008
3873,6,True,6,657862433;1457532705;2250735393;2781794081;3014283041;3801902881
3874,3,True,3,300420898;4013092642;4205920034
3875,3,True,3,2446475043;2759434019;3130036003
3876,8,True,9,1287474980;1310068516;1536007972;1591144228;1689898788;1703849764;2181087012;3216416548
3877,4,True,4,2975907621;3457597221;3591356197;4266532645
3878,1,False,1,869101350
3879,2,True,2,109424423;431951655
3880,4,True,5,1323888424;2236944168;3008859944;3876908840
3881,2,True,2,1973141289;2990427945
3882,1,False,1,129478442
3883,2,True,2,1954701099;4192833323
3884,5,True,5,432189228;1315307308;1549082412;2074021676;2837319468
3885,4,True,4,585260845;1558834989;1713389357;2256740141
3886,4,True,4,302395182;2192318254;3526962990;4079689518
3887,6,True,6,631746351;1710587695;1733062447;1736785711;2452201263;3746496303
3888,5,True,5,787341104;1857396528;1958735664;2435227440;3284324144
3889,4,True,4,123359025;1453297457;3267481393;3455614769
3890,4,True,4,505061170;972201778;1713930034;3461619506
3891,6,True,6,1170636595;1347465011;2456211251;2643824435;2662494003;3732475699
3892,4,True,4,685522740;1472302900;1492963124;3370164020
3893,8,True,8,206667573;689549109;787611445;2756611893;3593662261;3650940725;4079230773;4138159925
3894,1,False,1,2039062326
3895,2,True,2,1875791671;3357728567
3896,4,True,4,988385080;1160744760;1708392248;3448999736
3897,5,True,5,298897209;2068848441;2349276985;3287678777;3638890297
3898,6,True,6,171351866;1409441594;2089455418;2299047738;3194777402;3976597306
3899,4,True,4,824590139;1641963323;3037253435;3722481467
3900,2,True,2,1309663036;2289655612
3901,5,True,5,1648107325;1961848637;3142700861;3769966397;4264312637
3902,3,True,3,190140222;3203641150;3406507838
3903,4,True,4,1393561407;2360741695;3605290815;4289703743
3904,1,False,1,1874505536
3905,3,True,3,621629249;2112941889;3858198337
3906,5,True,5,1049689922;1173163842;2133016386;3630604098;3945103170
3907,6,True,6,488849219;1236995907;1716903747;2794610499;2831433539;3532209987
3908,3,True,3,731709252;844214084;3864690500
3909,2,True,2,3149733701;3790991173
3910,6,True,6,1156722502;1881280326;2073911110;3629371206;3647250246;3758960454
3911,5,True,5,952618823;1689481031;2200846151;2827321159;4092591943
3912,3,True,3,1358159688;1915326280;3434946376
3913,3,True,3,463724361;1920409417;4100190025
3914,6,True,6,22961994;831463242;2216873802;2472058698;3541368650;3776905034
3915,2,True,2,303734603;2252451659
3916,4,True,4,792764236;1203748684;2478853964;3019984716
3917,4,True,4,948342605;2927046477;3483283277;3667808077
3918,3,True,3,1314643790;2569162574;2757410638
3919,3,True,3,631553871;3019485007;3706171215
3920,3,True,3,503856976;1560268624;4052057936
3921,6,True,7,1182371665;1330954065;2065547089;3105644369;3218693969;3930595153
3922,4,True,4,1390563154;2155183954;2608308050;3531448146
3923,5,True,5,155692883;1072275283;1128546131;1733500755;4021387091
3924,6,True,6,217677652;882605908;2516197204;2701152084;3775094612;3804770132
3925,2,True,2,3103858517;3178590037
3926,6,True,6,2077880150;2701705046;2720816982;2968981334;3741396822;4179124054
3927,4,True,4,976789335;3214602071;3708305239;3949891415
3928,4,True,4,1123102552;3299618648;3382316888;4252389208
3929,4,True,4,768135001;1238212441;2925436761;3647971161
3930,3,True,3,1158242138;3076128602;3634888538
3931,2,True,2,2617073499;3291950939
3932,3,True,3,428449628;1012780892;2954329948
3933,6,True,6,776220509;1716268893;2381909853;2745290589;2847919965;3629858653
3934,5,True,5,292392798;894046046;1696542558;1741606750;3855044446
3935,1,False,1,2105007967
3936,4,True,4,1109413728;2890239840;3282939744;4062207840
3937,2,True,2,848686945;3041095521
3938,4,True,4,992149346;1972264802;3741925218;4117938018
3939,4,True,4,278376291;1147043683;1725308771;2700955491
3940,3,True,3,2015633252;2556444516;3990478692
3941,6,True,6,727793509;1338728293;1512443749;2639257445;2999570277;3422556005
3942,2,True,2,3722874726;3851362150
3943,2,True,2,72728423;3333594983
3944,6,True,6,368357224;1243352936;1613512552;1714921320;2103832424;2583916392
3945,2,True,2,2265739113;2687950697
3946,1,False,1,2570829674
3947,1,False,1,3297845099
3948,5,True,5,1031163756;1512640364;1713225580;1821933420;3231555436
3949,2,True,2,398679917;2701455213
3950,2,True,2,2621804398;2731351918
3951,2,True,2,521383791;2952286063
3952,3,True,3,352931696;1364246384;2243673968
3954,2,True,2,991268722;1706360690
3955,2,True,2,2168463219;3943272307
3956,3,True,3,1051115380;1542631284;1906245492
3957,7,True,7,120766325;1202188149;1574932341;1950936949;2185379701;3818844021;3941715829
3958,4,True,4,1208553334;2685296502;3217207158;4130668406
3959,6,True,6,256462711;1510461303;2556059511;2986999671;3551133559;3756343159
3960,1,False,1,1361002360
3961,3,True,3,684736377;1205759865;3571707769
3962,6,True,6,517197690;542715770;1379131258;1973567354;3599310714;4102446970
3963,5,True,5,1007329147;1353117563;1684348795;2687471483;3675529083
3964,6,True,6,1221549948;1888022396;3003826044;3720155004;3761495932;4270964604
3965,5,True,5,190885757;617410429;1383755645;2214797181;2756398973
3966,4,True,4,725790590;1458364286;2412236670;2609524606
3967,1,False,1,2247704447
3968,3,True,3,377302912;2832109440;4041555840
3969,1,False,1,1926557569
3970,3,True,3,1483816834;2070241154;2746396546
3971,1,False,1,1785683843
3972,6,True,6,272748420;1573990276;2221789060;3132637060;3796176772;4244975492
3973,1,False,1,2534481797
3974,4,True,4,215879558;547151750;556466054;3178569606
3975,7,True,7,2990821255;3481620359;3544928135;3552329607;3724713863;3869732743;4185026439
3976,5,True,5,164646792;274587528;2082561928;2582405000;3802464136
3977,2,True,2,921771913;1199665033
3978,4,True,4,402657162;1180893066;3382472586;4190666634
3979,3,True,3,1224548235;3236601739;3718352779
3980,3,True,3,590372748;2161676172;3845431180
3981,1,False,1,511168397
3982,3,True,4,278192014;2324647822;4082356110
3983,5,True,5,1039196047;1171480463;1495125903;1701224335;2678685583
3984,2,True,2,1659350928;4192128912
3985,5,True,5,196968337;670789521;1496113041;3800801169;3953500049
3986,3,True,3,1016053650;2155724690;3278053266
3987,3,True,3,1210732435;2657480595;3674374035
3988,3,True,3,133607316;1945902996;3973185428
3989,3,True,3,802729877;2669891477;3901095829
3990,2,True,2,1311604630;1427316630
3991,4,True,4,688820119;1885269911;2375987095;3048800151
3992,2,True,2,2176774040;3628883864
3993,2,True,2,1323724697;3393384345
3994,9,True,9,79511450;184434586;257851290;790908826;1652850586;2513428378;3043073946;3559395226;3749494682
3995,2,True,2,79679387;4109995931
3996,3,True,3,77143964;2139996060;3140861852
3997,2,True,2,767270813;2165448605
3998,6,True,7,636719006;1636327326;2436685726;3348975518;3943083934;3991719838
3999,2,True,2,1585696671;2024259487
4000,5,True,5,1730731936;2071728032;2096684960;2284461984;4093521824
4001,4,True,4,35979169;173334433;1330139041;3762204577
4002,3,True,3,544505762;2456768418;2852085666
4003,3,True,3,373505955;1380962211;3326341027
4005,3,True,3,250994597;1008230309;3435564965
4006,6,True,6,350748582;2051223462;2518146982;3006746534;3055202214;3954786214
4007,2,True,2,2055380903;2728181671
4009,5,True,5,164777897;235216809;439394217;475176873;865525673
4010,3,True,3,1187295146;4055748522;4274077610
4011,3,True,3,577068971;1893752747;1916149675
4012,3,True,3,2090131372;2213183404;2690670508
4013,5,True,5,154955693;1379839917;4220506029;4223197101;4271075245
4014,2,True,2,668389294;3714285486
4015,2,True,2,12439471;2031947695
4016,4,True,4,2099335088;3358736304;3934363568;4063297456
4017,5,True,5,1342390193;1854136241;3383320497;4192829361;4278001585
4018,3,True,3,1060421554;2714038194;3988393906
4019,4,True,4,24104883;886259635;889769907;1117503411
4020,6,True,6,3002359732;3304890292;3554541492;3558404020;3742257076;4139077556
4021,1,False,1,2818510773
4022,4,True,4,514555830;3255046070;3638943670;4265353142
4023,3,True,3,96001975;1018687415;3245785015
4024,7,True,7,533675960;731488184;1323536312;1399177144;2354053048;2747555768;3031154616
4025,3,True,3,318382009;1404637113;2538983353
4026,3,True,3,1619222458;2073874362;2102955962
4027,1,False,1,1761226683
4028,4,True,4,2009698236;3163918268;3472957372;3705139132
4029,2,True,2,3648475069;3863662525
4030,3,True,3,3263426494;3485704126;3948543934
4031,3,True,3,1613529023;3568906175;3908038591
4032,5,True,5,621244352;1317842880;2075078592;3906740160;3981762496
4034,2,True,2,2641289154;3741585346
4035,2,True,2,2071674819;4049891267
4036,6,True,6,37269444;769138628;1048027076;1936150468;2595241924;2813059012
4037,3,True,3,2447826885;2550587333;3136917445
4038,7,True,7,53039046;84049862;1111658438;2016120774;2212675526;2829279174;4255109062
4039,5,True,5,39346119;127426503;2309124039;3180748743;4278222791
4040,2,True,2,6143944;1462968264
4041,3,True,3,309411785;667287497;1055449033
4042,7,True,7,175677386;1374752714;2622361546;2813312970;2999979978;3965767626;4056149962
4043,1,False,1,1366835147
4044,3,True,3,28741580;150556620;1872764876
4045,4,True,4,1005916109;2323767245;2395357133;2546663373
4046,4,True,4,1962831822;2264137678;3047804878;3879526350
4047,2,True,2,65941455;549986255
4048,4,True,5,945676240;1096679376;3482873808;3995463632
4049,4,True,4,1645322193;2135474129;2592837585;3474489297
4050,1,False,1,2912444370
4051,1,False,1,1969557459
4052,5,True,5,458993620;734441428;855379924;2140508116;4255756244
4053,3,True,3,1837125589;3004538837;3919044565
4054,3,True,3,1231618006;1509670870;3279491030
4055,6,True,6,14434263;1979965399;2363150295;2495102935;3250790359;4040249303
4056,3,True,3,249405400;544210904;3250958296
4057,2,True,2,435232729;3640188889
4058,2,True,2,858017754;3159236570
4059,4,True,4,8536027;249397211;1156595675;1256689627
4060,3,True,3,1383800796;1652936668;2427457500
4061,1,False,1,251809757
4062,6,True,6,614047710;2007797726;3899719646;3926937566;4060987358;4234530782
4063,2,True,2,588115935;1369800671
4064,2,True,2,1086656480;3578527712
4065,6,True,6,328200161;1741045729;3128197089;3183636449;4222885857;4273721313
4066,3,True,3,1534595042;3056570338;3249414114
4067,4,True,4,50081763;587436003;3976699875;4262993891
4068,3,True,3,755490788;2833891300;2857570276
4069,6,True,6,980762597;1141665765;2516557797;2709639141;4239310821;4242628581
4070,4,True,4,885395430;1620258790;3121659878;3281203174
4071,3,True,3,303329255;578039783;3958431719
4072,2,True,2,1407549416;1523933160
4073,4,True,4,266354665;288264169;632541161;2942484457
4074,2,True,2,1236795370;1861857258
4075,4,True,4,539451371;697233387;1813270507;3221344235
4076,3,True,4,2037096428;2995552236;3306622956
4077,2,True,2,2243399661;2308325357
4078,5,True,5,136257518;1378766830;2077372398;3610984430;3745906670
4079,2,True,2,97058799;1254801391
4080,3,True,3,1629790192;2219274224;2345947120
4082,6,True,6,333750258;620367858;750120946;912572402;3037495282;3369730034
4083,4,True,4,2402062323;2531774451;3246510067;3893247987
4084,3,True,3,1360793588;1886617588;2079920116
4085,3,True,3,877596661;1748140021;2471686133
4086,6,True,6,163385334;379527158;954220534;1674219510;2992189430;3409596406
4087,3,True,3,167251959;1231708151;1315950583
4088,1,False,1,1356365816
4089,3,True,3,1436286969;3324518393;3430420473
4090,3,True,3,3006763002;3317899258;3533643770
4091,2,True,2,5779451;421019643
4092,7,True,7,284090364;411471868;852226044;1366978556;3095085052;3508060156;3795525628
4093,4,True,4,2199846909;2671398909;3016716285;4036681725
4094,5,True,5,1677512702;2009878526;2755071998;3085164542;3329187838
4095,3,True,3,1076101119;2014564351;2764546047
