round,phase,row_index,selected,predicted_mean_pK,latent_sd_pK,observation_sd_pK,acquisition_score,acquisition_rank
1,T,322,False,8.221320924495123,1.4045951444360933,1.4046173864423985,9.272930981753513,81
1,T,65,True,9.874361909696205,1.0582286104475027,1.05825813225908,11.289941244774536,3
1,T,542,False,9.318887565771501,0.2227453746481267,0.2228855860076162,9.429520046498975,70
1,T,384,False,6.585860146059719,0.43224637068109156,0.43231864115464624,7.323733375758158,231
1,T,6,False,9.832437073016598,0.3064420355210122,0.3065439669233199,9.960240093804362,32
1,T,144,False,7.867302638304336,0.20095547648194173,0.20111087999138286,8.181610931088859,167
1,T,297,False,9.458064787711791,0.559331759073483,0.5593876109023697,8.603701709810993,127
1,T,532,True,6.675753400649094,1.603136965508157,1.603156452970678,10.267035539109884,17
1,T,478,True,9.871699711705343,0.21249003765763166,0.2126370114222025,9.978149609199395,30
1,T,457,False,6.480449483196429,1.6649487499172115,1.6649675139094184,5.317297243636573,352
1,T,530,False,7.024909750580265,1.4516308204864665,1.451652341819155,6.478248642781261,299
1,T,385,False,8.551096973758387,0.2890969624795697,0.2892050072833074,8.987619530506427,104
1,T,252,False,9.265917228347503,0.5886434914498261,0.588696562372387,9.037871288150127,99
1,T,111,False,6.094764655285032,1.5440113837901495,1.5440316174859878,7.317607361239622,232
1,T,70,False,7.987517477711095,1.6064248451461285,1.606444292724023,6.240417196380841,314
1,T,326,False,6.707433299722078,1.4060318152094673,1.4060540344894479,9.956841982916034,33
1,T,435,False,6.721656318282851,1.74698958275287,1.7470074655735939,7.05109560166653,254
1,T,427,False,6.277740860757245,1.525443840307594,1.5254643202825835,5.528972934479591,348
1,T,420,False,6.10002162721102,1.5088753998795281,1.5088961047349914,7.458282876691776,222
1,T,108,False,9.331073279461611,0.3472018884323752,0.3472918568780899,9.359173330582403,73
1,T,156,False,9.362983784246119,0.502612271729038,0.5026744256628225,9.446063378572164,68
1,T,432,False,6.741344944396197,1.748603081663121,1.748620947982892,6.943960224393899,262
1,T,388,False,8.618591425343514,0.17493719325115867,0.17511568777644507,8.764501280401749,114
1,T,19,False,9.77668281424317,0.2412668983619074,0.24139635201883047,9.619607341848422,50
1,T,26,False,6.245718278164839,1.6900674023745368,1.6900858874896976,5.4999634498726495,350
1,T,447,False,7.373841239190639,1.8098568025925468,1.8098740642413054,6.987278737942684,258
1,T,356,False,7.755396954315156,1.0201205813507714,1.0201512059583424,6.873066852076113,267
1,T,55,False,5.836580702184275,1.5048215797505204,1.504842340381768,3.5322418614420554,369
1,T,127,True,8.499763898754797,1.3218124072927722,1.3218360422518134,10.880435679848528,5
1,T,291,False,6.060900318046378,1.4127906039107128,1.4128127168953502,6.7773251582767475,277
1,T,76,False,5.700063750248273,1.5820971887407127,1.5821169353572102,1.8374860381572393,377
1,T,496,False,6.966627994723701,1.4563494640147543,1.4563709156183002,8.017877297866765,185
1,T,47,False,8.773966140397278,1.0920431141390345,1.0920717218485718,8.235792855344092,158
1,T,451,False,7.120803907325109,1.1467346473364146,1.1467618906837616,9.10462722977842,90
1,T,213,False,6.578929229029449,1.5250310842928794,1.525051569810785,5.7733055006138,331
1,T,464,False,9.705148465363344,0.2042904011243518,0.20444326967247592,9.800488043901725,39
1,T,319,False,6.4910944971006295,1.2171188723373239,1.2171445402755183,8.080490397574392,178
1,T,292,False,6.054045998499256,1.4235743297196384,1.423596275198675,6.924299861643391,263
1,T,138,False,7.16546091934903,1.398648335825117,1.3986706723990436,6.735391189659095,280
1,T,495,False,8.693676493228589,0.9156111381023931,0.9156452581322003,9.593414743810262,54
1,T,404,False,6.190058045796495,1.282551181295167,1.282575539749785,9.036704863602502,100
1,T,238,True,9.19722457549856,1.3228859067592595,1.3229095225392749,10.039671158577724,28
1,T,429,False,6.998801571027579,1.5009396774350532,1.5009604917590822,7.707259742652083,210
1,T,283,False,6.095589774947095,0.6146916874471196,0.6147425096244861,6.2886176415946995,311
1,T,126,False,7.372579111868919,1.6859239492770302,1.6859424798220972,8.024554802454846,184
1,T,216,False,7.388060606196035,1.3906826642090868,1.3907051287222996,7.1349004848606565,242
1,T,270,False,9.710299486045571,0.24774971241528893,0.24787578043181735,9.354299896994776,74
1,T,474,True,9.852811367432531,0.13504026441918768,0.1352714143388332,10.153791172286583,20
1,T,89,False,6.8294478988674605,1.309887977676173,1.3099118277897173,9.571929149364731,58
1,T,484,False,8.244893754430246,0.2651993437448173,0.26531712052844597,8.224213042222601,160
1,T,382,False,5.947051953347537,0.6644022932705306,0.6644493132105446,6.24652690844476,313
1,T,281,False,6.545202932147491,1.6164017013370038,1.6164210288807754,5.83629752531748,329
1,T,239,False,9.828122081175847,0.20064713498484035,0.20080277712334782,9.971163619511143,31
1,T,226,False,8.594629320688195,1.2603905295417244,1.2604153162673377,9.195478316298612,83
1,T,87,False,6.640180940733423,0.7073035662400172,0.7073477343843483,8.617099917077795,126
1,T,24,True,10.77165556765134,0.18102301192579887,0.18119551144968266,10.840814006877071,8
1,T,35,False,8.854438610996809,1.3932620978001862,1.3932845207241054,8.303967253025203,147
1,T,490,False,8.232510603469123,0.1772746758818304,0.17745081919177547,8.21207156893679,162
1,T,538,False,8.460955009792496,0.29540895924028726,0.29551469628810995,9.129119656389758,87
1,T,124,False,7.505020507987146,0.29542193721842963,0.29552766962285265,7.3820163296326085,228
1,T,278,False,8.854635038905814,1.4610082721226214,1.4610296553231055,8.112835299360214,172
1,T,10,False,8.173068750658734,0.3869260911214153,0.3870068248924325,7.971661666645744,190
1,T,169,False,6.227226263268006,0.5135130697832205,0.5135739044782268,6.83955009993021,271
1,T,32,False,6.505291741120683,1.682724026631671,1.6827425924146355,8.708583435714722,119
1,T,15,False,9.597079364469524,0.07785266292768749,0.0782529210174054,9.514485816775153,62
1,T,304,False,5.646279972186347,1.3184859608010118,1.3185096553883067,3.8790100529466196,368
1,T,215,False,7.388060606196035,1.3906826642090868,1.3907051287222996,7.134791950429001,244
1,T,506,False,6.637056288494081,1.1950362085218704,1.195062350758801,7.998248926540125,188
1,T,330,False,8.102607316641626,1.4348198285358715,1.4348416020183314,9.106450164331644,89
1,T,57,False,6.041111057806701,1.522459078889787,1.522479599014963,2.158284671334579,376
1,T,412,False,5.374788432108003,0.7107021679317874,0.7107461248756596,6.00385020708244,323
1,T,236,False,9.123811973468845,1.1643085033748224,1.1643353355256996,9.432876248072809,69
1,T,452,False,7.0579021018819335,1.753270962560618,1.7532887813138658,7.724067139214663,208
1,T,25,True,10.734769469742748,0.23264609974361172,0.23278034764287706,10.734806441062037,12
1,T,540,False,6.714916859318609,1.8419194471985365,1.8419364083732603,7.724887842213175,207
1,T,338,False,9.676954229806958,0.15129781036911508,0.1515041581782918,9.873647521937508,35
1,T,461,False,8.661995755362696,1.2701078813601574,1.270132478450973,9.329422046452411,77
1,T,120,False,8.768702487170552,1.2963415013899249,1.2963656007271671,9.131118693377696,86
1,T,44,False,6.171953337015386,0.5911805484777751,0.5912333916663598,6.793404939655967,276
1,T,143,False,7.802629524805111,0.3733047385465871,0.37338841752812835,8.295032998397428,149
1,T,217,False,7.33044519310036,1.3891838194426176,1.3892063081932804,7.383519390791389,227
1,T,256,False,5.859829137386814,0.7620626653877706,0.7621036599444575,6.484661278798963,298
1,T,36,False,6.706553279460829,1.4006106770188573,1.400632982298377,5.651158035128621,337
1,T,152,False,7.465362257297737,1.5062180162466277,1.5062387576306588,8.101915084933019,175
1,T,259,False,8.713114185302498,1.3065233414424748,1.3065472529751208,8.967158978433998,106
1,T,246,False,9.553901394149346,0.13959969794753044,0.13982331060973308,9.786112844551297,40
1,T,195,False,6.841907099631478,1.7975541861096616,1.7975715658975004,5.909975611849308,328
1,T,11,False,9.656130945261994,0.2331300204063123,0.2332639898001227,9.566005067775698,59
1,T,533,True,6.666868763999785,1.5997310902054398,1.599750619156845,10.09086131681965,24
1,T,374,False,8.983223391390357,0.5876778661150054,0.5877310242315871,9.387354013656054,71
1,T,50,False,6.4283712800091095,1.6252349870282419,1.6252542095264708,2.8067139047022494,374
1,T,232,False,9.182160079168703,1.3223444782470277,1.3223681036962545,9.382382210386938,72
1,T,497,False,6.985640279007743,1.6301194741005354,1.6301386390011832,5.043654641506264,355
1,T,49,False,8.713493004552538,1.301939856503009,1.3019638522147607,8.710723936745971,118
1,T,151,False,6.584020119214878,1.7485309328007401,1.7485487998577136,6.665884878505869,287
1,T,531,False,6.432881459176614,1.770337752534262,1.7703553995090608,6.630417552235399,289
1,T,401,False,5.583058540418236,0.8795504113096815,0.8795859301727456,4.936322056551326,357
1,T,29,False,5.221117597409611,1.311206328339505,1.3112301544734204,5.626317274203222,341
1,T,455,False,6.434103756412403,0.1548088579876542,0.15501053201078258,6.4481557158948934,301
1,T,4,False,7.155229617925776,1.3991091697895632,1.3991314990064605,6.751550059028729,279
1,T,491,False,9.618055455263535,0.14584942634755793,0.14606347143874093,9.594181963263397,53
1,T,535,False,9.927490408857365,0.5681230037250283,0.56817799137627,9.47010245854804,64
1,T,37,False,7.111691033913863,1.4545136908804384,1.4545351695581168,5.982808993632318,324
1,T,311,False,7.0148047763738886,1.6102135515242006,1.6102329533440196,7.126481602340685,245
1,T,387,False,8.442607146838252,0.3207417795866282,0.320839167956815,9.007889932843689,103
1,T,445,False,7.369838962895169,1.8103395842769452,1.810356841322408,6.822253332326893,273
1,T,271,False,9.661549350614166,0.1918121536794191,0.19197495884088958,9.589979784012534,55
1,T,327,False,5.69134403476399,0.11486019644022379,0.11513186895517227,5.7557080624172965,332
1,T,509,False,6.331738349034612,0.9227903091333745,0.9228241637242129,7.5794104872727805,215
1,T,17,False,9.694043205060957,0.19276030681118445,0.19292231183760505,9.493369189833006,63
1,T,357,False,7.751007631901382,1.8307935240433943,1.8308105882919878,8.837015529077282,111
1,T,348,False,7.595424914220929,0.7777967414991074,0.7778369068188096,6.3898030024141885,305
1,T,444,False,6.008627247963998,1.6551984243161544,1.6552172988407003,6.441936051154224,302
1,T,93,False,7.13637982197027,1.6745938620968874,1.6746125180158522,6.948422305212046,261
1,T,534,False,5.783227783775246,0.22858905781735134,0.2287256869628957,5.35295873968957,351
1,T,257,False,6.585581559216975,1.697308255985148,1.6973266622421768,8.689512644023367,123
1,T,160,False,7.814883279360525,1.49072785995274,1.4907488168575214,8.794618141196363,113
1,T,233,False,9.208975837204125,1.1337601191324223,1.1337876742397532,8.512314070970241,132
1,T,428,True,9.894452545182007,0.4541317887551202,0.45420057692692256,10.00676108110582,29
1,T,341,False,9.66314131193431,0.1704845371246127,0.17066768856880207,9.723017792893696,45
1,T,527,False,8.785485604102444,1.2575010014345476,1.257525845114809,9.06023242789787,95
1,T,399,False,6.070342320499805,1.017160752062859,1.0171914657820842,7.856059687831436,201
1,T,467,False,9.8038491641118,0.3165302295659654,0.316628913322689,9.753587840045052,43
1,T,16,False,8.252572457185664,0.19035902509378416,0.19052307198205712,8.191449775427564,164
1,T,462,False,9.631231742622365,0.7280292877548429,0.7280721985844865,9.08587767524214,93
1,T,309,False,6.858578413066757,1.4434116450654615,1.4434332889445933,7.384078579954789,225
1,T,248,True,9.762467601818162,1.302674625366741,1.3026986075440485,10.897667799954153,4
1,T,405,False,6.190058045796495,1.282551181295167,1.282575539749785,9.036584386133589,101
1,T,148,False,7.881440946025281,0.14418823583891566,0.1444047432640733,7.697914057180173,212
1,T,12,False,9.650700174959447,0.21136113489894154,0.21150889311939752,9.572090762140784,57
1,T,463,False,8.652789989910339,1.195309671264834,1.1953358075210787,9.339851280903833,76
1,T,243,False,9.105302588990101,1.180093304820353,1.180119778075364,9.596018386709199,52
1,T,453,False,6.50926354286572,1.4914207807821176,1.4914417279503633,6.9757441004517435,260
1,T,501,False,6.774413780605074,1.7072798681542307,1.7072981669080394,6.3263898408001245,310
1,T,45,True,9.891222463572024,0.122205773816281,0.12246115170477613,10.201604222088111,19
1,T,72,False,6.830758664886051,1.6072236101091923,1.6072430480220623,8.188566573451094,165
1,T,199,False,7.389102918596456,1.5290363502114843,1.5290567820688938,8.287994691320899,152
1,T,73,False,5.527014122544125,0.8852546394275319,0.8852899294303498,5.57398249000924,345
1,T,376,False,8.826259666487518,1.4637657227568244,1.463787065676095,7.931019787881583,195
1,T,110,False,6.0961827085351,1.5419558658396662,1.5419761265078584,7.2984717900539,233
1,T,214,False,7.388060606196035,1.3906826642090868,1.3907051287222996,7.13488800742047,243
1,T,470,False,8.277940242956952,0.2950278173228982,0.29513369092182196,8.26504726499152,154
1,T,135,False,6.0644599445743985,1.5110178973133945,1.5110385728115006,7.046269335382661,256
1,T,92,False,7.129956175762598,1.673983866621464,1.6740025293385226,6.719874025289947,281
1,T,1,False,9.734650948446966,0.2715549138226719,0.2716699352966075,9.84476047983032,38
1,T,287,False,8.147786338429581,1.4439486998318967,1.4439703356610374,7.939933093006517,194
1,T,372,False,8.739581623607387,1.1016114386733757,1.1016397979098471,8.523340047354148,131
1,T,518,True,9.894041775406919,0.12430529869306332,0.12455637200077663,10.237715128843165,18
1,T,441,False,6.775678932135203,1.3799316439962597,1.3799542835271914,7.986558593380307,189
1,T,476,True,9.111274689462098,1.1225854026132382,1.1226132320096491,10.126161360217328,21
1,T,364,False,5.457920454642717,0.5667815073669128,0.5668366251539626,4.713183482564803,360
1,T,396,False,7.353324177181652,1.881037347446402,1.8810539559010582,8.076487130743402,179
1,T,421,False,6.039135537926051,0.18771669310058522,0.1878830471102794,5.83370840670317,330
1,T,290,False,6.054227702904137,1.4172726304874865,1.41729467354243,6.574693056974105,292
1,T,21,False,9.757797123253928,0.205674399597543,0.2058262402431574,9.691011436039979,48
1,T,74,False,5.541908453891359,0.8931267224773731,0.8931617014438085,5.604450316665585,343
1,T,431,False,6.70640681909234,1.7598082452843162,1.7598259978456643,6.331939701483272,309
1,T,179,False,6.551419904437934,1.701795039027325,1.701813396756777,5.5855876977813965,344
1,T,359,False,8.429472588076072,1.6253519531161464,1.6253711742310728,9.78440965609845,41
1,T,285,False,6.573347985008338,1.5068068645999912,1.506827597878563,7.906992100096634,196
1,T,498,False,8.326204229293674,1.1810732541629057,1.1810997054532608,8.028344279146816,183
1,T,458,False,6.509050918975134,1.6646633338637047,1.6646821010730692,5.2716096716660825,353
1,T,13,False,9.614927422232581,0.15023099651473282,0.15043880761503603,9.524878790477755,60
1,T,46,False,8.470993698131982,0.2015847539186718,0.2017396726855569,8.529294369898714,130
1,T,519,False,7.238782485945933,1.4887167330939364,1.4887377183092751,9.044610725611285,97
1,T,212,False,7.3767399709107595,1.8441559852758387,1.8441729258807384,7.110315344497226,247
1,T,164,False,7.168190922887046,1.7768116684224275,1.7768292511000923,7.201066492116766,241
1,T,107,False,7.934854721485711,1.7080550082145345,1.708073298664193,6.760846898666002,278
1,T,437,False,6.922295044865637,1.7865910940194176,1.7866085804541305,7.359732317791259,229
1,T,66,False,9.496036058387014,1.0506381614376792,1.0506678965267622,9.617727382005064,51
1,T,264,False,6.120808639866926,1.0049101275123997,1.0049412156438862,7.711134901625193,209
1,T,170,False,5.755547075040288,1.3841681195343065,1.3841906897743397,4.162943100252567,366
1,T,316,False,6.1510327226308,1.6875067497645055,1.6875252629289996,5.690494076030757,335
1,T,417,False,7.777492069498774,0.9967262130376233,0.9967575564193862,6.643880996208299,288
1,T,354,False,7.764583729350669,1.0037214096166647,1.0037525345650133,6.709001666925101,282
1,T,23,True,10.749269885319254,0.21784664801946899,0.21799001026685275,10.87195853286948,6
1,T,60,False,7.43479893708612,1.8529914302429615,1.853008290072303,8.813879468761945,112
1,T,194,False,7.1579418296014055,1.9482062874313544,1.9482223232757305,5.978170009695089,325
1,T,339,False,9.62894850128218,0.17301238013661246,0.1731928584074986,9.762013075021375,42
1,T,67,True,10.586475550123744,0.3156450148028562,0.31574397522790437,10.685125636685521,13
1,T,321,False,6.476281079721795,1.1665620317053613,1.166588812023913,7.813462520789679,204
1,T,7,False,8.247392281000643,0.37202348632369264,0.37210745343147705,8.48967268600176,134
1,T,483,False,9.39742722222947,1.039593321110959,1.0396233721022905,9.232017483541945,82
1,T,128,False,7.535870568739583,1.676309247307566,1.6763278841359415,8.568138036868623,129
1,T,289,False,6.041738153116917,1.4286494579937015,1.428671325514907,6.832584528799365,272
1,T,349,False,7.46316785110665,1.4700370741014985,1.4700583259706803,6.79429226173886,275
1,T,118,False,5.589836157142441,0.22514758052629122,0.22528629683064824,5.636779636648048,338
1,T,163,False,6.371772159388209,1.6233454732253136,1.623364718097551,2.8299625791328387,373
1,T,94,False,6.644196871094723,1.151324933225124,1.1513520679569134,8.061765627348993,181
1,T,184,False,7.005181369917057,1.7036373781120104,1.7036557159893515,5.0249198924273175,356
1,T,101,False,8.156673599259554,1.4821875271831078,1.4822086048394132,8.218076438171424,161
1,T,536,False,8.412507027776073,1.6242274509005739,1.6242466853227069,8.154721474134929,171
1,T,201,False,6.9695632693404,1.7670299178049753,1.7670475978141285,6.425909329229953,303
1,T,395,False,7.137352742955587,1.928867547548934,1.9288837441666264,4.677895177010948,361
1,T,178,False,5.930836296558343,1.4346192977644399,1.4346410742903464,5.629305691144492,340
1,T,146,False,7.604325518688503,0.8059016962100549,0.8059404608760301,6.207796741882781,316
1,T,96,False,7.3914731356755725,1.2109557258042107,1.2109815243763329,8.716439602844037,117
1,T,150,False,8.062584729287984,1.41878765224093,1.418809671758039,8.248435733063154,155
1,T,486,True,9.881440802873234,0.13729978719065455,0.1375271394504488,10.041988992853222,27
1,T,98,False,6.562066870141595,1.1802674407242015,1.1802939100734533,7.900170139603377,197
1,T,132,False,4.511868318463419,0.6524869039147995,0.6525347824469934,3.270098297892217,371
1,T,295,False,6.427673315192602,1.6240273310709574,1.624046567863213,6.529921672698336,294
1,T,88,False,6.7835252191644955,1.4610696763423476,1.4610910586441752,6.978369325366912,259
1,T,323,False,5.399545318555296,1.4513234714530334,1.4513449973432604,5.186657439046736,354
1,T,298,False,5.418078827436797,1.3869670910086824,1.386989615701542,7.102839268624025,249
1,T,494,True,10.724974538133829,0.20455835178346124,0.2047110202387513,10.760321360100095,11
1,T,222,False,7.355784007460542,1.3844836503040616,1.3845062154003078,7.085288855134042,250
1,T,122,False,6.505997322201765,1.4181567708235694,1.4181788001361315,6.011648086573114,321
1,T,241,False,9.167819566531636,1.1193489673547792,1.1193768772138517,8.976836171492552,105
1,T,408,False,6.523070357953528,1.3850062700598658,1.385028826641513,4.472179524868414,363
1,T,229,True,8.77449192030387,1.2117297060825933,1.2117554881764854,10.06635541191458,26
1,T,456,False,6.663026551292513,0.5037641100514425,0.5038261218900286,7.334399971311596,230
1,T,332,False,7.247746034734743,1.5156733264833842,1.515693938477037,8.368844738328928,144
1,T,499,False,7.800217822844979,1.6426354368417018,1.6426544557182294,6.668214537150691,286
1,T,130,False,4.62201349294442,0.9447149019851772,0.9447479709190632,2.5991626398156153,375
1,T,288,False,6.034949607891722,1.4170999982723251,1.417122044012529,7.045885768445407,257
1,T,125,False,5.903175105398263,1.5740601632712445,1.5740800107111204,3.2844518425127993,370
1,T,336,False,9.548096169690183,0.19399373609459625,0.19415471193551812,9.71985453831726,46
1,T,352,False,7.642246574963372,1.0068396487364955,1.0068706772921008,6.605279936110367,291
1,T,83,False,6.6802047484723275,1.4996679911025361,1.499688823076421,6.004771997332039,322
1,T,410,False,6.721873303459288,1.2387250927525704,1.2387503129919637,7.699999499559947,211
1,T,223,False,5.716195112446474,1.576976160372801,1.5769959711131054,1.5134152630523836,379
1,T,198,False,7.260417698786662,1.7719222757109734,1.7719399069053043,6.216729012654967,315
1,T,329,True,6.727953092706036,1.4093967892671597,1.4094189554988263,10.081158342849825,25
1,T,99,False,7.367078829095441,1.251551463838487,1.2515764256165438,9.322630126034799,78
1,T,368,False,6.41648415258819,1.618430593843409,1.6184498971581276,6.415166265797648,304
1,T,86,False,6.644308444722957,0.6853790191560466,0.6854246000999151,8.457348147292278,139
1,T,262,False,6.040029603420666,0.2911169050561724,0.2912242004578408,5.728449919365778,334
1,T,147,False,7.360817766960651,1.248301961178341,1.2483269879340575,7.772084624101868,206
1,T,294,False,6.90161993356135,1.6251440507636485,1.6251632743374753,6.357534850326096,307
1,T,305,False,5.570411281754134,1.263639047622966,1.2636637706289995,6.2018301290491165,317
1,T,392,False,6.730484838340036,1.6188986940597012,1.6189179917929846,8.622979028104046,125
1,T,293,False,6.05091943896427,1.4022314816633026,1.4022537611611121,6.694755388373871,284
1,T,266,False,7.574537166464948,0.22880847304584515,0.22894497124941487,7.222944050379273,237
1,T,546,False,7.136543467517836,1.8380964450103996,1.838113441461841,7.961744830534908,192
1,T,517,True,9.855330342473675,0.17187659890684323,0.17205826854472303,10.299019823454545,16
1,T,523,False,8.368716073676879,0.34989063464359405,0.34997991190084204,8.244832050171118,156
1,T,413,False,9.247586339346446,0.6323362997907777,0.6323857039465047,8.624785210727351,124
1,T,193,False,7.2352453405262125,1.755885191369507,1.7559029835937847,6.248215569020379,312
1,T,5,False,6.544325801939696,1.6471180269150332,1.647136994032766,7.49971224328557,221
1,T,280,False,8.685876788867578,0.6074827716620266,0.6075341968885389,9.06351759837278,94
1,T,306,False,8.95372107544817,0.34393189470039165,0.3440227183123601,9.31596965156613,79
1,T,409,False,6.290156976818364,1.277673295345934,1.277697746794195,8.937698130225492,107
1,T,112,False,6.638124624436826,1.8461369467107016,1.8461538691379806,8.415307263521122,142
1,T,205,False,7.742137858536806,1.7937750121405007,1.7937924285441942,8.10836797002984,174
1,T,0,False,6.99804068605952,1.934274439484008,1.9342905908275512,6.872882540472112,268
1,T,263,False,6.409590304629674,1.0772998702922834,1.077328869498351,7.055858628133261,253
1,T,68,True,10.663390893579143,0.3022575678693207,0.3023609099356283,10.77826935481488,9
1,T,331,False,7.013874456584931,1.7624154150466533,1.7624331413466132,8.574853641888085,128
1,T,79,False,6.888756019667472,1.6697303943929034,1.6697491046508468,5.972421416501308,326
1,T,100,False,6.563568101308562,1.1986414575177546,1.1986675211263178,7.955255770232968,193
1,T,265,False,7.555998285047207,0.26911518622598235,0.26923125000688414,7.252759795006029,236
1,T,34,False,6.705416490597312,1.5163529944209002,1.5163735971758592,7.553816912256862,217
1,T,218,False,7.33044519310036,1.3891838194426176,1.3892063081932804,7.38353282916752,226
1,T,314,False,7.589802504202161,0.9982261222669755,0.9982574185544462,8.31888075800161,146
1,T,407,False,6.804135923256771,1.6782145409029054,1.67823315657294,8.357038041542392,145
1,T,446,False,7.356231792885089,1.8110859259498648,1.8111031758838323,6.84663523555055,270
1,T,188,False,7.418612880842241,1.1383763926644164,1.1384038360346795,7.267622432930099,235
1,T,121,False,8.841999679462985,1.0680574559823464,1.0680867061256338,8.916977719631252,108
1,T,157,False,9.163555262754082,0.7543726128899625,0.7544140253211451,8.431042342485371,140
1,T,52,False,6.337144049871359,1.4506567126349448,1.4506782484188727,4.326465799408194,364
1,T,244,False,9.655347579948675,0.23478242175145952,0.23491544880297757,9.589064305139948,56
1,T,231,False,8.789288466697332,0.893698038951123,0.893732995557346,7.789835278075021,205
1,T,273,False,9.710851346290605,0.1903468719990975,0.1905109293522683,9.749033945809362,44
1,T,84,False,7.0815285093759845,1.3457092033329354,1.3457324185950892,7.545971452204638,218
1,T,208,False,6.576594785430085,1.5229966354895474,1.5230171483720416,5.612931102921469,342
1,T,367,False,5.6011840500005325,0.11249823123678081,0.11277559378796623,5.545053316314264,347
1,T,344,False,7.283105005444041,1.8557401082120977,1.855756943069289,9.190200501099891,84
1,T,78,False,6.341529114848368,1.6488019115634993,1.64882085931076,7.665021146726568,213
1,T,114,False,6.0866069429232965,1.5521207586851873,1.552140886667285,6.13540346978482,319
1,T,30,False,6.500858307523191,1.6621090414064055,1.662127837456477,9.032839531760471,102
1,T,485,False,6.746027496109515,1.6960264184650502,1.6960448386331681,6.175065319020042,318
1,T,221,False,7.437892548510308,1.3935362674911231,1.393558686003541,7.204927952894283,239
1,T,240,False,8.225203550395566,0.31207346949782006,0.31217356212086733,8.751790099909279,115
1,T,524,False,7.1746586925346945,1.455497470655242,1.455518934815563,7.0472688959427865,255
1,T,315,True,7.741156652155562,1.6114399991820891,1.6114593862355935,10.097600520792142,23
1,T,371,True,11.698890961563038,0.00790688923714112,0.011180403402050376,11.713637606061882,2
1,T,113,False,6.493962596468405,1.6402180668087925,1.640237113715208,9.128235246211663,88
1,T,85,False,6.6439783546895725,1.1785769527595613,1.1786034600741835,7.876444522729184,200
1,T,209,False,6.249729128740917,0.1961555859420921,0.19631478909931782,6.5023873602284645,296
1,T,105,False,6.6710366710054725,1.0682992731562344,1.0683285166787242,7.521192336495969,220
1,T,425,False,6.713533059977381,1.5921885846263268,1.5922082060890184,8.479218732026157,136
1,T,438,False,6.793562514732811,1.801736911327613,1.801754250768731,8.233630124543605,159
1,T,350,False,7.595491225461195,1.0136885989024556,1.0137194178211482,6.702953340868939,283
1,T,80,False,5.880119107414826,1.5131170585265479,1.5131377053417367,5.9364908181774325,327
1,T,419,False,6.758714578293311,1.7077586917627976,1.7077769853860327,6.351752147646221,308
1,T,71,False,7.735076557242141,1.8028766700271195,1.8028939985065398,8.171134969274021,168
1,T,183,False,6.576118636097837,0.6098771147791867,0.6099283381301522,6.89980345249732,265
1,T,513,False,7.2376454670889645,1.612763366305273,1.6127827374507517,8.05924412832818,182
1,T,230,False,8.325676113955266,0.31961113385078455,0.3197088666337052,8.482402660185125,135
1,T,109,True,9.791854910419671,0.30939110050565827,0.3094920606331066,10.514610057859537,14
1,T,369,False,6.973601043262797,1.8122284107179774,1.8122456497771569,7.066854979197276,251
1,T,48,False,8.760502665522885,1.1000458582630652,1.1000742578592355,8.42771016784108,141
1,T,303,False,5.627982768371152,1.2305223789295279,1.2305477672846385,4.907420139434657,358
1,T,537,False,7.282245988867497,1.7469827711651735,1.7470006540556227,9.042955708677468,98
1,T,190,False,7.146046847389014,1.7335204298917464,1.7335384516574444,3.9604642598299105,367
1,T,54,False,5.052488157601197,1.31326416566949,1.3132879544693943,7.222418810522823,238
1,T,162,False,9.426107346639487,0.5314965481135172,0.531555324664713,8.750112654396103,116
1,T,378,False,6.785121685036185,1.6623605663957812,1.6623793596019312,7.562534356468337,216
1,T,466,False,9.87521920758808,0.27574539810325865,0.27585867232687966,9.86964995537689,36
1,T,525,False,6.6959312820460735,1.3388467619239248,1.3388700961769977,6.380907744924506,306
1,T,300,False,4.60878008226477,0.5872235498828946,0.5872767491225006,5.572359895428856,346
1,T,235,False,9.220833718444908,1.1257200106810334,1.125747762587397,9.45677308858065,65
1,T,422,False,6.412592503338727,1.0667336707728057,1.0667629572136674,7.061217481537565,252
1,T,220,False,7.437892548510308,1.3935362674911231,1.393558686003541,7.204909141209295,240
1,T,224,False,6.417571514320526,1.764696383330743,1.764714086718704,6.5408279218166685,293
1,T,91,False,7.69902937322125,1.8189655000741582,1.8189826752838678,8.288940931018223,151
1,T,123,False,8.127067774777148,1.4502153971218648,1.4502369394592567,8.011279634391933,186
1,T,450,False,7.757136068921865,0.601792543213246,0.6018444546474536,6.88048856648846,266
1,T,145,False,8.382002503970233,1.2894020789515932,1.2894263079864297,7.8167189781253,203
1,T,380,False,8.813541098312658,0.542344674276429,0.5424022752891344,9.094132849929403,91
1,T,516,False,8.435168094583421,1.2851769908057924,1.2852012994933737,7.837218852205813,202
1,T,62,False,7.522694487542534,0.3070957296250294,0.30719744412470834,7.287497053541388,234
1,T,20,False,8.243074443603042,0.30490174355976246,0.3050041897230386,8.004650481586575,187
1,T,204,False,7.731126908929017,1.8049095302037175,1.8049268391663493,8.112686379110668,173
1,T,173,False,6.355685747604857,1.5171814653528628,1.51720205685765,8.08204251161174,177
1,T,153,False,9.479281594375797,0.6017406258395314,0.6017925417522014,8.492095986706708,133
1,T,155,False,6.006090190442445,1.5261497914270472,1.5261702619287416,8.290125214454868,150
1,T,117,False,6.373981336159057,1.7286873839516594,1.7287054561018937,5.501092034483038,349
1,T,242,False,9.12600348653874,1.1167510128254388,1.1167789876110077,8.884412675491685,110
1,T,325,False,6.822685368642048,1.5767781015891913,1.5767979148178877,8.163313046504692,169
1,T,191,False,7.15455840979705,1.7396229337292128,1.7396408922761781,5.731510364137727,333
1,T,95,False,6.632240556917967,1.1858590071688062,1.185885351712471,8.238322658843826,157
1,T,426,False,6.8928868087694,1.4762078704602088,1.4762290334942911,7.524509753301118,219
1,T,397,False,7.287531530111628,1.877084985591946,1.877101629016804,7.890473395738779,199
1,T,104,False,8.38455004822934,1.3748338896831298,1.3748566131579207,9.524077367131108,61
1,T,505,False,7.093232991809723,1.3730949028065502,1.3731176550595194,9.053829858181853,96
1,T,333,False,7.012116388500106,1.8102101646914543,1.8102274229706847,6.627385574946385,290
1,T,539,False,6.4813928281643705,1.4412419353439163,1.441263611806217,6.678165848396456,285
1,T,225,False,6.978131614662342,1.277019348682448,1.2770438126517696,7.969435400719514,191
1,T,251,False,6.381238642449841,1.802254243987966,1.8022715784518877,4.8578020415361065,359
1,T,375,False,9.02873786837754,0.5647713740048964,0.5648266879479074,9.342912868778187,75
1,T,253,False,9.352334208475813,0.15793200635850413,0.1581296972590751,9.287529881824964,80
1,T,172,False,5.567619856179367,1.2211113924700097,1.2211369764866142,6.076524187993523,320
1,T,318,False,7.378473123492424,1.637217850234282,1.6372369320439202,7.634850757543745,214
1,T,106,False,7.297919709430948,1.508245321934995,1.508266035439909,8.299468651789727,148
1,T,75,False,9.5106618215963,0.4967881226055569,0.4968510051159985,9.449360038000787,66
1,T,18,False,8.209517550145824,0.37739856355424356,0.37748133502946946,8.706697835684569,121
1,T,507,True,7.01048462314877,1.6078586134180128,1.607878043654219,10.776698894073839,10
1,T,379,False,8.913534496648282,0.3346130509123499,0.33470640323079426,9.089890435257216,92
1,T,317,False,5.70117187877485,1.5847093453258565,1.5847290593934122,1.770348511806347,378
1,T,276,False,8.086079160051671,1.1488629915616693,1.1488901844401198,8.205896444480612,163
1,T,161,False,9.225168959371386,0.8644682622901404,0.864504400815727,8.161133493845067,170
1,T,436,False,6.8868672203412675,1.7591300164699575,1.7591477758756986,4.2678439266036055,365
1,T,334,False,9.66346754957913,0.6896600571735135,0.6897053551940844,9.136495508996699,85
1,T,296,False,6.422913004947673,1.6206952614795096,1.6207145378211922,6.525823857422024,295
1,T,141,False,7.887890313391274,0.43582781090756184,0.4358994875923825,8.389013818752973,143
1,T,465,False,8.343728895760922,0.30509970589492263,0.30520208560885104,8.885370149602679,109
1,T,43,False,7.471656137274695,1.5093293700003365,1.5093500686283605,8.467797465520302,137
1,T,403,False,5.476174804569199,0.9664748279875927,0.9665071524083363,4.637922045085974,362
1,T,489,False,8.33380979701393,0.4578344849732692,0.45790271691000345,8.467181720748867,138
1,T,61,False,7.606089835106656,1.0147077313917194,1.0147385193580432,6.795785308455814,274
1,T,351,False,7.615622288376443,1.0133453349414938,1.0133761642995718,6.470239677684783,300
1,T,468,False,9.164031622232754,1.1388465466771367,1.1388739787181301,9.909358682682544,34
1,T,361,False,7.559025632982742,1.7779952954663407,1.7780128664391786,8.062145553127488,180
1,T,268,False,9.69594168889859,0.2704695824194131,0.2705850652511255,9.659268921105612,49
1,T,459,False,9.606255427842996,0.300935246939645,0.3010390429387014,9.447343488068007,67
1,T,345,False,7.649465058966617,0.19163842913053666,0.19180138175321856,7.430269154890924,224
1,T,312,False,6.9459764617198765,1.6045906621714587,1.6046101319793118,6.9141146597053975,264
1,T,58,False,6.953798384023455,1.905192757133979,1.9052091550164767,6.486777901438499,297
1,T,502,False,6.969884256950444,1.8247492814279076,1.8247664021990566,7.107999912673053,248
1,T,41,False,7.371987326318716,1.6619502530917416,1.6619690509376306,7.121423716726042,246
1,T,176,False,5.930836296558343,1.4346192977644399,1.4346410742903464,5.629395470460781,339
1,T,33,False,6.505291741120683,1.682724026631671,1.6827425924146355,8.708578926246453,120
1,T,137,False,7.169152046008531,1.3945959801139474,1.3946183815914681,6.84945292046908,269
1,T,328,False,6.845846887293332,1.578403874762063,1.5784236675831742,8.267424628218048,153
1,T,343,False,7.485310632414786,1.4108772123013922,1.410899355274561,7.453235779383135,223
1,T,97,False,6.535707055299495,1.1880650165588136,1.1880913121867855,8.100150433718207,176
1,T,520,True,6.925943186512478,1.5959799795671386,1.5959995544178414,10.481088635788748,15
1,T,90,False,6.838558948104433,1.3184197147888976,1.3184434105667417,9.707417341576864,47
1,T,423,False,9.8791852957257,0.11488053257016483,0.11515215710714612,9.864023079035421,37
1,T,64,True,9.762822056657392,1.2958042858767511,1.2958283952049288,10.845936932356292,7
1,T,307,False,5.675520852328468,1.6372216395236623,1.6372407212891367,3.19939695876896,372
1,T,439,False,6.756119015684414,1.8016477011897774,1.8016650414894644,8.185833644418175,166
1,T,102,True,7.232659827984875,1.772244043030612,1.7722616710238681,12.061534967371669,1
1,T,207,False,6.241593413992112,1.5057708773873297,1.5057916249304326,5.680521045526462,336
1,T,508,False,6.367272225608074,0.9957432747111266,0.9957746490322307,8.704351074114953,122
1,T,475,True,9.8528297053593,0.24527964542374026,0.2454069823416194,10.102078837306218,22
1,T,310,False,6.67698741673736,1.1249878754478442,1.125015645414533,7.898912022338829,198
2,T,322,False,7.120388947333694,0.774422892666454,0.7875820217816962,7.047938326568354,186
2,T,542,False,9.275347012776452,0.23154894402448528,0.2723408486193729,9.2890927772521,52
2,T,384,False,6.515300698897581,0.38237095052405934,0.40836523866820323,6.442242869389785,217
2,T,6,True,9.874301170139406,0.2957756103571278,0.3286910951486174,9.821809952183264,14
2,T,144,False,7.860471512019208,0.21699993002752188,0.26008382106508543,7.412913880943143,159
2,T,297,False,9.668110394533699,0.5702768603488558,0.5880223820546411,9.323338092525093,50
2,T,457,False,6.372039425698998,1.6847563252873239,1.6908454985431145,6.455803324096695,215
2,T,530,False,6.861680305464075,1.4477735513876553,1.4548549345022306,5.953444997485375,254
2,T,385,False,8.53312462923753,0.2780830734977444,0.31286549843953376,8.649482798267464,81
2,T,252,False,9.134804056070651,0.6827320134920971,0.697622839788692,9.468722438041036,40
2,T,111,False,6.190099164370334,1.5978203475579018,1.6042395355488281,8.217934432906068,118
2,T,70,False,7.913459386770136,1.5590656561907503,1.5656437476837957,8.748761255704023,79
2,T,326,False,6.39905492250026,0.17024315076797536,0.22256988729671756,6.711649610945935,204
2,T,435,False,6.889055311921831,1.7886378584330973,1.794374546455673,4.792493181961426,321
2,T,427,False,6.385392313183242,1.5582391555304898,1.5648207214170702,5.741849410189618,268
2,T,420,False,6.57813580504325,1.567562541516971,1.5741051254331813,6.977460192483502,191
2,T,108,False,9.277996085058291,0.3183572209951519,0.34915031792570655,9.530016489069276,33
2,T,156,False,9.211664808210271,0.4240484388874225,0.4476289790336703,7.96005405124698,134
2,T,432,False,6.886566451806701,1.7893773791695025,1.7951117038868036,4.884340133908461,317
2,T,388,False,8.581736838109553,0.20290166161153253,0.2484425660642452,8.520180413541405,90
2,T,19,True,9.71154283777795,0.24700451216937494,0.28559736234758343,9.868402313632114,11
2,T,26,False,5.8607010980666745,1.5727623099184127,1.5792833526152827,4.924795945178397,315
2,T,447,False,7.34469070777352,1.8219519616061561,1.82758408144424,7.889113371591446,136
2,T,356,False,7.918826158354685,0.8787574689768143,0.8903759394943255,6.327679224533034,226
2,T,55,False,5.770529633421022,1.5010118055147015,1.50784318304072,7.019266125603966,188
2,T,291,False,5.69880052999479,1.2814070055427904,1.2894023957640248,4.963240819849993,310
2,T,76,False,6.043817413274011,1.5955668660922058,1.6019950837999375,4.39849837964298,334
2,T,496,False,7.3064992330484095,1.3753435054386354,1.3827958570592045,6.092451494615069,243
2,T,47,False,8.446816478833169,1.008007448310442,1.0181520712532066,8.369385691651035,103
2,T,451,False,6.150883332697008,1.143964916031372,1.1529138534420211,5.931824381675774,255
2,T,213,False,6.581356784842081,1.4906155575524958,1.4974943621815087,4.23399050660127,340
2,T,464,False,9.68855812245894,0.20547601535028434,0.25054943071596925,9.518421331679406,34
2,T,319,False,6.42810049580078,1.1402031277315368,1.1491813594192368,4.963535652107853,308
2,T,292,False,5.689965491868832,1.2904745811375093,1.2984141361329584,4.955318703649522,313
2,T,138,False,5.9840847042479,1.1921326606342355,1.200722659442524,8.01805484584949,130
2,T,495,False,8.620437704558302,0.8221309478950682,0.8345381476210115,9.101630763105446,64
2,T,404,False,5.594888411057117,1.2323191663610689,1.2406309492063727,4.256715639598402,339
2,T,429,False,6.433527990010967,1.4742068289687444,1.4811618408958376,5.542196947650169,278
2,T,283,False,6.092329456283364,0.5361778591375075,0.5550147033882497,5.778075299017435,266
2,T,126,False,6.727660536528125,1.6184008328943644,1.6247387113813219,8.874145522164783,72
2,T,216,False,7.289211189638805,1.3901373057688238,1.397510770347789,8.275123331649773,112
2,T,270,True,9.662874136778363,0.23643611204205614,0.27650797352957057,9.824009334097074,13
2,T,89,False,6.276115657906738,1.1267559516093184,1.135840481245006,7.269231673863238,170
2,T,484,False,8.229365665463833,0.24222306530775048,0.28147226810993076,8.355963847586597,104
2,T,382,False,5.887603322610939,0.5703066875507947,0.5880513091670027,6.2526397203009525,232
2,T,281,False,6.609231511295926,1.6461374039906234,1.652368898631554,5.473281225586242,281
2,T,239,True,9.679109513527116,0.12357163575100005,0.18927380566270605,9.732511063946708,19
2,T,226,False,6.601729450360327,0.7041842175410138,0.7186306677158413,6.277069866607414,230
2,T,87,False,6.505393964852009,0.6095500703409571,0.6261836093355779,7.157277258417087,176
2,T,35,False,8.806616964687949,1.4494108811077164,1.4564843035959272,9.421989389964045,42
2,T,490,False,8.241864997834439,0.16919183880627417,0.22176677538917824,8.310253481945402,108
2,T,538,False,8.487700718343987,0.2820646886678333,0.3164097232089237,9.047582911642367,66
2,T,124,False,7.509269298448107,0.28133213351447833,0.3157568585093192,7.191464642512337,172
2,T,278,False,8.658653720844898,1.5189395772601557,1.5256906841542708,8.427412285043038,99
2,T,10,False,8.201087798399392,0.3418618487539851,0.37070763140426255,8.072909015623088,126
2,T,169,False,6.247482789913743,0.454976476758562,0.4770306266388986,5.798792101177828,264
2,T,32,False,6.185853408835827,1.6023638075880542,1.6087648666650924,5.010797771468446,304
2,T,15,True,9.627628105666654,0.12756517199331197,0.1919049177419621,9.651954438312377,26
2,T,304,False,5.4546700203050635,1.2100379001945059,1.218501680037822,6.084307212137423,244
2,T,215,False,7.289211189638805,1.3901373057688238,1.397510770347789,8.275067049109733,113
2,T,506,False,6.615512989782194,1.1120203917323406,1.1212243200967476,5.035262468388383,302
2,T,330,False,7.030826180950202,0.8240147069149083,0.836393963129773,6.906729349972655,195
2,T,57,False,5.981107287786559,1.5246429764464038,1.5313689398623753,6.188273297441219,240
2,T,412,False,5.490940727147731,0.8269274642610146,0.8392637580028209,5.265600428148405,291
2,T,236,False,8.310723339494697,0.6005056002668391,0.6173828636265366,7.560652266207864,153
2,T,452,False,7.198274171748663,1.7660573708974494,1.7718671681729072,5.96973259381193,252
2,T,540,False,6.779984811534116,1.8267381316671678,1.8323555402908904,8.507341262724397,91
2,T,338,True,9.627600197609723,0.135182874121853,0.19705084065720382,9.564996089748178,30
2,T,461,False,6.667446422514171,0.718018444995318,0.7321919910114835,6.412850539680652,219
2,T,120,True,8.532174539608212,1.3028445444851866,1.3107091711904206,10.40371425164353,4
2,T,44,False,6.182923574167125,0.5206713522259412,0.5400493323546064,6.033063567623377,249
2,T,143,False,7.805155057927647,0.339220514787956,0.3682732436668076,6.893675469884065,196
2,T,217,False,7.212934540480621,1.3891201879293087,1.3964990228641851,8.166350307638158,123
2,T,256,False,5.832323252811317,0.6550535038411045,0.6705592570700772,6.391360917232365,220
2,T,36,False,6.543035655508374,1.2535439319627935,1.2617159005531342,8.403031009063511,100
2,T,152,False,7.2730713051239295,1.5183132886896045,1.525067168015661,7.054620499939628,185
2,T,259,True,8.310628437848056,1.3160190284205675,1.3238053888366221,9.67392992705219,23
2,T,246,False,9.555462412520537,0.18142161702246523,0.2312324100789334,9.154592617669753,62
2,T,195,False,6.8134653126819895,1.810694922909635,1.8163619485660327,7.68590875163516,147
2,T,11,True,9.628912927075842,0.220925100696345,0.2633676602499938,9.568497443742402,29
2,T,374,False,9.006225169411152,0.5147219945848692,0.5343157830883271,8.868734609258308,73
2,T,50,False,6.670238788801219,1.675035664142814,1.6811600460688516,3.565369661717447,345
2,T,232,False,8.190236792408498,0.4524231430702186,0.47459595945751737,8.209193678984755,119
2,T,497,False,7.005728353519938,1.6290098986417567,1.6353066606054942,8.432133825515827,97
2,T,49,True,8.315657897151482,1.3105070222728363,1.3183259383681571,9.579073523257986,27
2,T,151,False,6.56079025492297,1.7456883796337266,1.75156574045512,7.802930261109003,142
2,T,531,False,6.608181768391108,1.7687258000641937,1.77452686092958,4.620318694629537,328
2,T,401,False,5.412619476722103,1.0035570697878733,1.013746228929651,5.9300226231959146,256
2,T,29,False,5.134154361549756,1.2632748905069549,1.2713843137829037,5.389800915949396,285
2,T,455,False,6.458819834882528,0.18972568602494655,0.23780340679961373,6.623133968642052,207
2,T,4,False,5.9802607713618405,1.1915893257662633,1.2001832133586787,8.024634119381723,128
2,T,491,True,9.592357720508394,0.15761488980618746,0.2130659002198207,9.663153484964237,24
2,T,535,True,9.875276728577388,0.30172566854462324,0.334055389728359,10.283699540117585,7
2,T,37,False,7.187617479540613,1.2931469246810667,1.30107017226588,9.219839968202567,58
2,T,311,False,6.935737853265051,1.6830812839296199,1.6891764954148645,5.039375469948917,300
2,T,387,False,8.468041647870313,0.3005895234978993,0.33302955722361965,8.919344961269626,70
2,T,445,False,7.34672976380763,1.8219958792068487,1.8276278637060126,8.038197879486633,127
2,T,271,False,9.604645788844692,0.18012711661900824,0.23021816281376187,9.54023814781114,32
2,T,327,False,5.683174647310219,0.17110897475462805,0.2232328506054741,5.436026326495145,282
2,T,509,False,6.416242390118237,1.0417054402723482,1.0515250109440446,5.990416118181718,250
2,T,17,True,9.656688931977799,0.19816119733967383,0.24458635382817073,9.73190185890844,20
2,T,357,False,7.39156362375039,1.781812188588585,1.7875707817456374,5.243095559410284,293
2,T,348,False,7.6514208769828,0.6654541239528988,0.6807230093318324,9.017405839839363,67
2,T,444,False,6.0105722865758455,1.5934818474257622,1.5999184424286401,7.1232690486514665,182
2,T,93,False,7.3738800830355435,1.641411861965615,1.647661228817773,6.484706263402559,212
2,T,534,False,5.7882905685593,0.2355710305139802,0.27576862541863706,5.784329820553069,265
2,T,257,False,6.524356238564719,1.7013362416451712,1.7073662850961953,5.739651218164055,269
2,T,160,False,7.689129708396051,1.5957826540274112,1.6022100059738218,8.185772510546206,121
2,T,233,False,8.330076900829432,0.8330980120620142,0.8453442624455115,7.630924003245194,151
2,T,341,False,9.714093935579172,0.19088518287196607,0.2387295067391752,9.401984230351815,46
2,T,527,True,8.66707038459125,1.2796683461626444,1.2876745320609955,10.955109020202231,1
2,T,399,False,5.448393858644348,1.0400186900478576,1.0498540374722232,5.907460492553154,257
2,T,467,True,9.79655089465823,0.2846191827730129,0.31868903895528583,9.79226948372035,15
2,T,16,False,8.25585999003789,0.19178259665509542,0.23944767429991254,8.39488192066652,101
2,T,462,True,9.771642534738376,0.5773550021679464,0.594889420712972,10.5169156480523,3
2,T,309,False,7.19224969457059,1.4116809729654263,1.4189424913577289,6.18873015303565,239
2,T,405,False,5.594888411057117,1.2323191663610689,1.2406309492063727,4.256793024144673,338
2,T,148,False,7.893056111947872,0.1845234029851253,0.23367394077448372,7.997078854122399,131
2,T,12,False,9.622257214741806,0.19108925785207848,0.23889271402519607,9.367274631388709,48
2,T,463,False,6.346151808071688,0.2847085847853821,0.3187688858693098,5.890854498555664,259
2,T,243,False,8.27236659627472,0.627743002188522,0.6439067487956036,7.531255826176572,154
2,T,453,False,6.377970323077532,1.493228759206102,1.5000955808441212,7.804740206603526,141
2,T,501,False,7.049543749779954,1.7090631878920377,1.715066064195651,7.462332760563512,155
2,T,72,False,6.852629694910084,1.514479607679834,1.5212505074529734,9.223831596352095,57
2,T,199,True,7.555382268299825,1.5102944825134874,1.5170840610389884,10.265894042382623,8
2,T,73,False,5.557670957117651,0.7729327854549918,0.7861168584753021,6.040469889806277,247
2,T,376,False,8.652277381025625,1.5209177706056962,1.5276601354005632,8.429698609207543,98
2,T,110,False,6.188062948537601,1.5965117526936083,1.6029361811490448,7.965419787124505,133
2,T,214,False,7.289211189638805,1.3901373057688238,1.397510770347789,8.275238277591507,111
2,T,470,False,8.2538506558389,0.2757891107562174,0.31082834162857664,8.269394443521433,115
2,T,135,False,5.984367138444153,1.4709735012309721,1.4779437288582982,4.9596002378107835,312
2,T,92,False,7.371129148095967,1.640633840527312,1.6468861597060263,6.572530959769534,209
2,T,1,False,9.828806235808685,0.2722276464935462,0.3076727415018775,9.483301096167269,38
2,T,287,False,8.161922032374997,1.420062718364604,1.4272815939529713,6.390184893508782,221
2,T,372,False,8.422873302995313,1.02262862210994,1.0326296156446126,8.83905632771388,76
2,T,441,False,6.746978813461217,1.3032865061542196,1.3111484818553307,5.566286955509332,275
2,T,364,False,5.312568514453458,0.49964469578181125,0.519807124201626,5.755289728155839,267
2,T,396,False,7.240724829434854,1.8577742703844375,1.863298114647867,9.260224970851667,55
2,T,421,False,6.055951844872471,0.2093132852359045,0.2537058842914628,6.245519743515087,233
2,T,290,False,5.690513206145459,1.2840685638831553,1.2920474840735594,4.771162563134149,323
2,T,21,True,9.77938079560917,0.2347490988970953,0.27506683511623903,9.745315758051381,17
2,T,74,False,5.568660381757017,0.7802567546074977,0.79331912081992,6.067871870503507,245
2,T,431,False,6.872504784650975,1.798502164866857,1.8042074884498838,4.772846837394027,322
2,T,179,False,6.67031966420872,1.6392572387293587,1.6455147884703034,5.617323860391504,274
2,T,359,False,7.614391278243927,1.257950199148794,1.266093727923157,8.272185040853362,114
2,T,285,False,6.505856023471743,1.529399262363534,1.536104400119337,2.4549767560515967,348
2,T,498,True,8.39467319175179,1.239859641672104,1.248121210217639,10.63885987930916,2
2,T,458,False,6.391598995007929,1.6847334582891091,1.6908227138960037,6.474546561609068,213
2,T,13,False,9.627432175454345,0.14719460426828032,0.20547719064061984,9.406973431919942,44
2,T,46,False,8.42847399598495,0.21693275847980759,0.2600277793804433,8.584886991468357,86
2,T,519,False,7.457158219405276,1.4788756274067534,1.4858087850344621,6.914941181056334,194
2,T,212,False,7.234624250725897,1.8005358597183152,1.8062347595147865,6.288034509760427,228
2,T,164,False,6.989977789578445,1.82453305419418,1.8301572310036667,4.486453508144425,332
2,T,107,False,7.723467021296908,1.6420663013727699,1.6483131870041914,6.780219463966779,200
2,T,437,False,7.160717205671176,1.8039812910503465,1.8096693407381197,8.768570924080475,78
2,T,66,True,9.189894978440046,0.8891458312043572,0.9006302979002834,10.358243854968434,5
2,T,264,False,5.48032627842106,1.023581932816494,1.0335737020339746,5.960700985654247,253
2,T,170,False,5.545721313358561,1.3471161743658224,1.3547238137664352,6.687494903716499,206
2,T,316,False,5.756364770336442,1.570505126794051,1.5770355029720367,4.595608151048392,329
2,T,417,False,7.962779255104613,0.858212968772718,0.8701058120237722,6.368283510773647,224
2,T,354,False,7.917551466525852,0.8655087461700259,0.8773026923728642,6.270823652123545,231
2,T,60,False,7.083178186100471,1.8246662109558425,1.8302899785967843,8.591009093296817,85
2,T,194,True,7.073892556733748,1.890742514438585,1.8961703194210717,9.702324577402344,21
2,T,339,False,9.595185021563825,0.15750245665689333,0.21298274155626445,9.516303407520056,35
2,T,321,False,6.476259436536391,1.087115731379996,1.0965287218134003,5.12727005908399,295
2,T,7,False,8.227961413340338,0.3424378811244011,0.3712389079512483,8.14001143513242,125
2,T,483,False,8.666466404180659,1.1411771163888182,1.150147744995122,9.498092375175855,36
2,T,128,False,6.427961507036509,1.518450087080766,1.5252033606386566,8.593654687125511,84
2,T,289,False,5.677493794754717,1.2943403348173026,1.302256321421721,4.878602480930537,319
2,T,349,False,7.6359442085159195,1.4878567927111368,1.4947482931800045,8.196709616632138,120
2,T,118,False,5.612114182329764,0.23345710327187608,0.2739650404996254,5.729228733671566,270
2,T,163,False,6.6355466133076195,1.6736497830711272,1.679779217850339,4.380482242743346,335
2,T,94,False,6.643264504420497,1.0676389146634286,1.0772221110112667,5.0863718521547785,297
2,T,184,False,6.904275278151031,1.77278099499516,1.7785688293017776,3.366440381315674,346
2,T,101,False,8.183920238700285,1.4474229699244445,1.454506059874886,6.453509969736093,216
2,T,536,False,8.59246671496231,1.4553427083428596,1.4623874394546048,8.277901685052564,110
2,T,201,False,7.056044171453313,1.7826147520093216,1.7883707608963868,6.189263096246715,238
2,T,395,False,6.932853405444029,1.8507418835440412,1.8562866545477321,7.871273418115676,138
2,T,178,False,5.770772189640628,1.2820481960939383,1.2900396123590885,7.145429204938385,180
2,T,146,False,7.649265316907489,0.6912217819314879,0.7059335493971138,9.053867630508753,65
2,T,96,False,7.74642248893573,1.1929301147954974,1.201514412370432,6.991888238758046,190
2,T,150,False,8.10956660668218,1.4016882360673413,1.4090012546046367,6.712806399361687,203
2,T,98,False,6.529681902153161,1.095332245328956,1.1046752246725,4.84228626458078,320
2,T,132,False,4.611234835098355,0.7592542871367968,0.7726717911788105,4.745351960533688,324
2,T,295,False,6.489703004903415,1.6515516807084158,1.6577628233250554,5.4254241357016335,283
2,T,88,False,6.607227374745035,1.4949834780349065,1.5018422766539805,7.159760946531142,175
2,T,323,False,5.031226353586078,1.3066037793400225,1.3144459138867206,5.621734015006605,273
2,T,298,False,5.521114822730665,1.391211933306412,1.3985797323435052,4.98649975926231,307
2,T,222,False,7.275893328743,1.3880204321875091,1.3954050825899502,8.47664361571016,94
2,T,122,False,6.386132399214834,1.3009838606685271,1.3088596678283932,4.430129987076497,333
2,T,241,False,8.4844801422877,0.5954682623068361,0.6124843473612929,7.350707977258673,162
2,T,408,False,6.206259125142081,1.391729175110314,1.3990942502923458,4.989040053540872,306
2,T,456,False,6.621745990270763,0.44060201631976653,0.46334086926679563,5.854569219872838,262
2,T,332,False,7.3878890502315135,1.5447532375329387,1.551392016614873,6.466781493011363,214
2,T,499,False,7.593511974338402,1.5960874118226072,1.6025135414487002,5.705113856698164,271
2,T,130,False,4.671256477142618,1.0652292736582656,1.0748339545280388,5.3240994340078025,289
2,T,288,False,5.674481903648648,1.2847827560523915,1.2927572682439055,5.052145433412684,298
2,T,125,False,6.234942711540157,1.5989343156167088,1.6053490492738767,2.3452313073559123,349
2,T,336,False,9.582403677072886,0.184974419685657,0.2340302550652619,9.313496052200998,51
2,T,352,False,7.804177282974517,0.8638833449684643,0.8756991824032775,6.154087436317229,241
2,T,83,False,6.684859066238078,1.4711617910392232,1.478131130773451,7.377838661314875,161
2,T,410,False,6.475811119643737,1.1975694267642834,1.2061207055135073,6.5684885992796085,210
2,T,223,False,6.0707456497771535,1.591809462609825,1.5982527927715457,4.546882709463358,330
2,T,198,False,7.40539563109498,1.774274197299932,1.7800571764839983,8.477093371526433,93
2,T,99,False,7.7099565687259615,1.2213213023854494,1.2297074237428822,7.152875261066251,177
2,T,368,False,6.007271165994747,1.5058375437055926,1.5126471275155877,3.6606871414692463,343
2,T,86,False,6.495814659861748,0.5902932409349065,0.6074543066283271,6.996332770444675,189
2,T,262,False,5.995348058960133,0.2761822520936268,0.31117721754552274,5.862803228683119,260
2,T,147,False,6.914971405029944,1.32975967037759,1.337466038937282,6.848039020612041,199
2,T,294,False,7.143181604897919,1.621898587030032,1.6282228505207388,6.958862587222662,192
2,T,305,False,5.325962279615911,1.1121492030980007,1.121352074194088,6.222939616168971,235
2,T,392,False,6.613885668025857,1.5792520461379527,1.5857464014081117,8.300013357052796,109
2,T,293,False,5.695141263775397,1.2726609796847428,1.2807109719058378,4.915098088497726,316
2,T,266,False,7.534098492127281,0.23507249877531364,0.2753428844701381,7.451703945543186,156
2,T,546,False,7.208160474422664,1.8415555882047627,1.8471279351458185,7.144957673520027,181
2,T,523,False,8.327826822796288,0.3183512691174796,0.3491448909787681,8.520769254925241,89
2,T,413,False,9.125246739561678,0.7074701398172806,0.7218508315995407,9.207814747772732,60
2,T,193,False,7.026202418960707,1.7737660744094876,1.7795507048336414,6.2438529456080385,234
2,T,5,False,6.138365387544647,1.49852032552689,1.5053630094980686,8.227127736102709,116
2,T,280,False,8.727088583730442,0.5427864216133863,0.5614015709238181,9.287339020900008,53
2,T,306,False,8.972990495256084,0.3194988392978898,0.3501915656616601,9.16086091016329,61
2,T,409,False,5.575205884022488,1.195070403393128,1.2036394366312861,4.6443239861692955,327
2,T,112,False,6.688081297047141,1.8527325498858718,1.8582713810836322,8.747188504927884,80
2,T,205,False,7.684577917029062,1.7602874671158724,1.7661162451076313,6.941679908820765,193
2,T,0,False,6.86279392781129,1.8774648740637292,1.8829309540423942,7.112598566851937,183
2,T,263,False,5.924992149071946,1.0523338558890807,1.0620551626908306,7.428223858399974,158
2,T,331,False,6.941334970942172,1.7871394157814926,1.7928808983832922,5.977949236615005,251
2,T,79,False,6.798653842064178,1.6820751614567535,1.6881740055863996,4.340826328099152,336
2,T,100,False,6.544662797946894,1.1142426697234233,1.1234283917456636,5.0379283129844445,301
2,T,265,False,7.53422708648933,0.2626209944083387,0.29920630182516317,7.292518039499891,167
2,T,34,False,5.4842199009298085,1.2969395062821978,1.3048397247567904,6.605476798390075,208
2,T,218,False,7.212934540480621,1.3891201879293087,1.3964990228641851,8.16631369938071,124
2,T,314,False,7.184118663356607,1.0712053867170745,1.0807569592093975,8.219600058141697,117
2,T,407,False,6.885206717384034,1.7024265800566527,1.7084527751246907,7.657715935985496,149
2,T,446,False,7.3318036938760525,1.8224648305195343,1.828095370277071,7.939021334431958,135
2,T,188,False,7.6334723713632915,1.072042654589827,1.0815868331335534,5.904559521983404,258
2,T,121,True,8.654143409114019,0.9928916868377249,1.003189177642646,9.86486048552478,12
2,T,157,False,9.383781354248136,0.7188857668489586,0.733042543189603,9.432931556734172,41
2,T,52,False,6.490670952250677,1.5072165698258209,1.5140199512243486,5.855684456444334,261
2,T,244,False,9.640223235188222,0.20972985522946586,0.2540496733366108,9.48310367177867,39
2,T,231,False,8.499647838836369,0.7804320376864179,0.7934915184141796,8.86577035379562,74
2,T,273,True,9.70390549985669,0.19485250422634215,0.24191346128552388,9.65536732102937,25
2,T,84,False,7.411062408317563,1.4091948089014878,1.4164690726531117,7.885879654973445,137
2,T,208,False,6.587231257211726,1.4895151139334337,1.4963989772062785,4.494737920113183,331
2,T,367,False,5.6160316052791455,0.16913041354402458,0.22171991596029156,5.628186895648492,272
2,T,344,False,7.182180221220214,1.8446815384203465,1.8502444710190928,9.497574566308709,37
2,T,78,False,6.5299234185307515,1.6742943078334005,1.6804213916726933,3.3434181382795227,347
2,T,114,False,5.592193600819101,1.4324373521571478,1.439594176218717,7.789974096147234,143
2,T,30,False,6.418132897873698,1.601390807846601,1.6077957406970127,7.704721425566772,146
2,T,485,False,6.6373889300305,1.6957581511405593,1.7018079596439528,5.279797766443116,290
2,T,221,False,7.332489139463164,1.391822843533649,1.3991874256617511,8.33696760783228,106
2,T,240,False,8.23623520741683,0.275009341921146,0.310136683563502,7.861960916737099,139
2,T,524,False,7.186031708430973,1.4444218217662157,1.4515195567205768,8.486364810224629,92
2,T,113,False,6.299543350823184,1.619296134405967,1.6256305223666214,4.732621767541399,325
2,T,85,False,6.649430188516489,1.0966490613740405,1.1059809167252526,5.118845884177281,296
2,T,209,False,6.260034202480982,0.214198991746745,0.257751493522711,6.130196451976614,242
2,T,105,False,6.691347607632324,0.9871180241004187,0.9974751214199684,5.251349986628363,292
2,T,425,False,6.548211258696613,1.5381977670940348,1.544864717391442,6.196139886363593,236
2,T,438,True,6.980532922093962,1.8175431104694246,1.8231888499995652,9.957127179588213,9
2,T,350,False,7.771467033697799,0.8704205278298662,0.8821488080904994,6.301520941390415,227
2,T,80,False,6.151136657322037,1.6210526258127598,1.627380176849377,7.146498925403631,178
2,T,419,False,7.037053333162193,1.7094195962374068,1.71542122534039,7.446063296523904,157
2,T,71,False,7.675422877777213,1.7662723511019198,1.7720814435614887,7.0298626377514735,187
2,T,183,False,6.60402271224083,0.7033247073350861,0.7177884565078004,6.708526141936849,205
2,T,513,False,7.1740885099540534,1.6584082489432521,1.6645938076632658,6.737183508607868,202
2,T,230,False,8.308985958971217,0.2815327456193824,0.3159356124336949,8.465748374282203,96
2,T,369,False,6.6719710980462645,1.7860869951352936,1.7918318499622914,7.327309840123572,166
2,T,48,False,8.444598533178294,1.01676134229787,1.0268194834240498,8.6151567205326,83
2,T,303,False,5.35334420115327,1.07911409357695,1.0885962756248382,7.975008621973134,132
2,T,537,False,7.154033350320228,1.7477162624544629,1.7535868265916186,8.806657999031163,77
2,T,190,False,6.930135260697038,1.7469242408115435,1.752797457632471,9.371910018065917,47
2,T,54,False,4.835907040000544,1.3111045236945231,1.3189198976435637,3.6303121803084855,344
2,T,162,False,9.629569527280946,0.5570706703617083,0.5752237444030879,9.412092133467294,43
2,T,378,False,6.861445078254176,1.6840985718601034,1.6901901147767684,5.54722510619711,277
2,T,466,True,9.804161459537816,0.239920255881897,0.27949302948428056,9.929799156557575,10
2,T,525,False,6.62537262776663,1.2745960041621578,1.2826338519523042,7.82125712329008,140
2,T,300,False,4.891622466973351,0.6795799263339763,0.6945383363241792,5.2177182599458645,294
2,T,235,False,8.337887988752223,0.8052570501264184,0.8179202535248574,7.639114137075715,150
2,T,422,False,6.01080336683016,1.0562246593959965,1.065910481918653,7.718567800837755,145
2,T,220,False,7.332489139463164,1.391822843533649,1.3991874256617511,8.336939551254583,107
2,T,224,False,6.593391087068571,1.7651141118692169,1.7709270036530926,4.672832804805057,326
2,T,91,False,7.664510163219384,1.7794723404498498,1.785238481204663,7.101064597290042,184
2,T,123,False,8.16450285152562,1.4244484339759678,1.4316451953624727,6.529083431422434,211
2,T,450,False,7.672537490219773,0.6881511148449472,0.7029271521361298,8.46792468974754,95
2,T,145,False,8.13382024652327,1.377958964934784,1.3853972475041256,9.00427714793205,68
2,T,380,False,8.769612376192839,0.47960235117664807,0.5005727116034542,8.860923252017011,75
2,T,516,False,8.155681729614443,1.3801735102434196,1.3875999217085264,9.218541731822592,59
2,T,62,False,7.515777610068974,0.2898561015398367,0.3233746804370096,7.191138989689091,173
2,T,20,False,8.271231475103471,0.2830715479460724,0.3173076198335797,8.3804380667563,102
2,T,204,False,7.699423785615335,1.7709898786343399,1.7767835474736757,7.166651800146839,174
2,T,173,False,6.317497351678986,1.5314359135436963,1.538132173007015,7.288712730907702,168
2,T,153,False,9.657678935949772,0.6059432284194852,0.622673124853879,9.340464203065235,49
2,T,155,False,6.048285216976305,1.4630351887043291,1.4700430564221505,7.239627086727836,171
2,T,117,False,6.3496956740638275,1.7126658048358063,1.71865609806085,5.848225406151154,263
2,T,242,False,8.444088192021615,0.5971582896821152,0.6141275496864922,7.41001318992501,160
2,T,325,False,6.745717025338175,1.3953537606826663,1.4026998045908203,5.5608690260042115,276
2,T,191,False,7.030336081865104,1.7570921527413017,1.762931495428262,6.277386968491917,229
2,T,95,False,6.602969180065067,1.0972732434802897,1.106599835173321,4.994407151265072,305
2,T,426,False,6.592220832068552,1.2948425761833655,1.3027555110016003,6.387149427109657,223
2,T,397,True,7.192453864393006,1.8562595622462015,1.8617879005886588,9.744145182025855,18
2,T,104,False,7.270894329607242,0.7052274027903639,0.7196529121696849,6.854299888426515,198
2,T,505,False,6.7397390704651325,1.3067650973297007,1.3146062695525866,8.341068516096856,105
2,T,333,False,6.856359741314295,1.829366826949808,1.8349761883720113,7.338714566632561,163
2,T,539,False,6.604143855031231,1.4512209793705735,1.4582856219935627,5.039398581036249,299
2,T,225,False,6.830084367274841,1.1533165513207886,1.1621934829873823,7.330523996594768,164
2,T,251,False,6.086903871426738,1.763746312032529,1.769563696947983,3.7157672136043405,342
2,T,375,False,9.043515253744257,0.4958995945084123,0.5162083224643649,8.897841610199555,71
2,T,253,False,9.290548310335728,0.18965518698738612,0.23774716464994144,9.110287753080264,63
2,T,172,False,5.3285350259481135,1.0807144680625524,1.0901827304757639,5.3245636024662835,288
2,T,318,False,7.477699986756111,1.5845842153675787,1.5910568060066086,3.860553135560227,341
2,T,106,False,7.436744640068362,1.5420485504906238,1.5486989237479634,6.43664340525186,218
2,T,75,True,9.481229763638021,0.43130197025897304,0.4545063408767121,9.695265164263272,22
2,T,18,False,8.178737863443086,0.335795805543426,0.36512114067583695,8.181706736869613,122
2,T,379,False,8.923665230806007,0.3125224968576947,0.3438385309851614,8.927700998943179,69
2,T,317,False,6.040041407446955,1.5969341980978349,1.6033569338741267,4.288573364342769,337
2,T,276,False,7.676614930722249,1.1200091196039146,1.1291479320017381,6.855881524535183,197
2,T,161,False,9.353181344056235,0.9528108282167079,0.963536765626966,9.27383945024644,54
2,T,436,False,6.908663724019486,1.7931278284444916,1.7988501976234497,6.7682543089656875,201
2,T,334,True,9.777559018209097,0.5447956833408383,0.5633444425346512,10.354089044698316,6
2,T,296,False,6.490466708385804,1.649537017305899,1.6557557174324684,5.406891627526209,284
2,T,141,False,7.873439758181279,0.3882193573273926,0.41384646156704025,7.578156563932211,152
2,T,465,False,8.30431667251843,0.27219837980133954,0.3076468467485735,8.62801536266592,82
2,T,43,False,7.9578112123830005,1.4167897733039247,1.424025240677444,6.193300488912983,237
2,T,403,False,5.661536554508098,1.0993583476884334,1.1086673987179871,6.062162598504122,246
2,T,489,False,8.283028817673543,0.4050216470378352,0.42964771489803916,8.561565710133392,88
2,T,61,False,7.7704818426248945,0.8718031594266167,0.883513086000483,6.389392436212031,222
2,T,351,False,7.79407661710759,0.8707410313321352,0.8824650519953844,6.040406703150788,248
2,T,468,False,6.11901220251412,0.31889315309181177,0.3496390530771751,5.516164887552878,279
2,T,361,False,7.706914520913539,1.6557580975046828,1.661953519747226,6.354975699113739,225
2,T,268,False,9.724534517191307,0.2586103174123761,0.29569227352096283,9.557746181884646,31
2,T,459,True,9.652165634729343,0.26539951216987,0.3016480157532467,9.576083769280283,28
2,T,345,False,7.627074498771235,0.21163448625952858,0.25562429485907745,7.6728436856907365,148
2,T,312,False,6.901056795643914,1.6825448789163877,1.68864202657509,4.961199625481094,311
2,T,58,False,6.672871500449814,1.8302260524697207,1.835832788542236,7.284688779245312,169
2,T,502,False,7.138950097884852,1.8289226161532064,1.834533335817192,9.239193478882914,56
2,T,41,False,7.550745304676273,1.6953709187928652,1.701422104192969,4.881036133622515,318
2,T,176,False,5.770772189640628,1.2820481960939383,1.2900396123590885,7.145534085384619,179
2,T,33,False,6.185853408835827,1.6023638075880542,1.6087648666650924,5.010820074256459,303
2,T,137,False,5.977910513949761,1.1854379428005466,1.1940761033447818,8.019497831708573,129
2,T,328,False,6.752060732436,1.3944406369585693,1.4017914660709299,5.3681010911341716,287
2,T,343,False,7.364193386132814,1.404660113420366,1.4119577396586562,8.566964936603192,87
2,T,97,False,6.500739634354854,1.1022091893592494,1.1114943641133948,4.947995263247851,314
2,T,90,False,6.302213670056887,1.1378365403715731,1.1468332995482022,7.330374338643132,165
2,T,423,True,9.888584872984367,0.1320144407977645,0.1948908333580942,9.752236071975688,16
2,T,307,False,5.576396561276802,1.5753061929855228,1.581816748554145,5.497575336189538,280
2,T,439,False,6.9912178839540156,1.8181058285940865,1.8237498261317684,9.406665411025957,45
2,T,207,False,6.071902938755464,1.5081117481504505,1.5149111093583258,7.770217951909246,144
2,T,508,False,6.39250411617342,1.1182458737287435,1.1273989792700838,5.388115774616002,286
2,T,310,False,6.667572028260674,1.043594165867505,1.0533961303235166,4.963378564183576,309
3,T,322,False,7.450981494117068,0.7215974937888314,0.7302455348603971,7.3194273826123135,137
3,T,542,False,9.288683531403924,0.19249563384804086,0.22273339936296926,9.036312043322086,47
3,T,384,False,6.553602172461488,0.32793007728210305,0.3465454280862338,6.786669858617794,181
3,T,144,False,7.865269161208505,0.17915431549357666,0.21130988358616107,7.588530611584554,114
3,T,297,True,9.81502565587377,0.5413695769109754,0.5528441163167005,9.83810466690794,14
3,T,457,False,6.651837247268958,1.6542241103474404,1.6580147784009664,5.6797028579645135,266
3,T,530,False,6.681855492623319,1.4324868665941395,1.4368626312580897,5.357640342364727,287
3,T,385,False,8.584805207045436,0.23440122780749056,0.25980672381384595,8.740143121538706,57
3,T,252,True,9.092924017824057,0.732161337990514,0.7406860488690769,10.233193339190855,5
3,T,111,False,6.392384911645995,1.5967145049427434,1.6006413740859553,6.687702501913586,189
3,T,70,False,7.454805847362063,1.5080431695146355,1.5122003171739427,6.310070708843144,216
3,T,326,False,6.4023639272569755,0.13758487571215994,0.1774406835141125,6.405415421054508,210
3,T,435,False,6.804574928009779,1.7171604307862076,1.7208124660168809,7.6941600920479996,107
3,T,427,False,6.48365163806614,1.5431160074212011,1.547178920002717,7.176125854318181,150
3,T,420,False,6.615952460997095,1.5709764242330715,1.5749674674853928,5.924663949920547,249
3,T,108,False,9.287640053561526,0.2690890208071233,0.291486705117337,9.005120830921602,49
3,T,156,False,9.189872095972998,0.3614136829212361,0.3783853172943114,9.260361665856074,38
3,T,432,False,6.811291823678053,1.7180668877511107,1.7217170002436557,7.682568248505466,108
3,T,388,False,8.603753827958897,0.1673078116210891,0.20136410298427765,8.290887200781931,77
3,T,26,False,5.526897489571556,1.446555541634883,1.4508888769219421,5.199714009935936,292
3,T,447,False,7.258193878450246,1.7584565406116046,1.762022986047843,8.615360465146045,65
3,T,356,False,7.823997054562513,0.7599485113572024,0.7681649159231715,9.299269917780428,37
3,T,55,False,5.8830302430604124,1.4772145549890103,1.4814582139272794,5.5219971886964885,279
3,T,291,False,5.615418597292171,1.1746250417533364,1.1799574512901947,5.613544007825633,271
3,T,76,False,6.249687660518832,1.5761863464450596,1.5801642309776063,5.885225547862454,254
3,T,496,False,7.435820128777475,1.2911756235862555,1.2960285834365617,6.360783989249702,212
3,T,47,False,8.26965088896804,0.4790362316579381,0.4919667767057677,8.466965909680324,70
3,T,451,False,5.988890111802663,1.1378715504489032,1.1433753816932635,4.587919288394238,309
3,T,213,False,6.565894229532693,1.4589992031779668,1.463295688852792,7.399351814444445,131
3,T,464,True,9.652510548434734,0.10869250355277801,0.15610784243527165,9.58137653436018,26
3,T,319,False,6.604608029021334,1.0491999041137658,1.0551663550993087,5.916060128708255,251
3,T,292,False,5.614431287396005,1.1818905407851323,1.1871903168989366,5.437104126397347,283
3,T,138,False,5.96065483456449,1.1111630936713996,1.1167985578781074,7.364660203484416,134
3,T,495,True,8.42412299719551,0.7320277054814853,0.7405539546405199,9.939316471927876,11
3,T,404,False,5.621853092978279,1.2020159664071846,1.2072273943375469,4.710337686530197,308
3,T,429,True,6.568709992722859,1.4597453802103617,1.4640396760971741,10.161151453883138,6
3,T,283,False,6.160260250984036,0.46820929534636163,0.4814307243934079,6.217807530525911,226
3,T,126,False,6.752716353596279,1.6133706395490668,1.617257066362732,5.126894960303455,295
3,T,216,False,7.024060359078562,1.3552705767860913,1.3598948247726108,6.6800100779709854,192
3,T,89,False,6.268592717607353,1.033522153707968,1.039578587864516,6.988243635884379,162
3,T,484,False,8.22486330302483,0.20577828131928524,0.23430812876198692,8.37911615855463,74
3,T,382,False,5.8743157140080005,0.49038927415627315,0.5030280691459885,5.596481978663295,274
3,T,281,False,6.559714865283373,1.631559416887778,1.6354026198390448,6.151922419861579,230
3,T,226,False,6.487257567673492,0.6024573206718657,0.6127890512830236,6.009116255955342,239
3,T,87,False,6.58786676955405,0.5297211500046823,0.5414426053641402,7.248738801036429,144
3,T,35,False,8.86085465528595,1.0307345466770714,1.0368072645650266,8.874474876946154,52
3,T,490,False,8.24275114687389,0.14191671493255464,0.18082022043585977,8.16246157199319,89
3,T,538,False,8.517569754720228,0.2383614662972234,0.26338524399933133,8.33111846156187,75
3,T,124,False,7.5359373613785,0.23829475005428113,0.26332486788121107,7.65205592912216,110
3,T,278,False,8.895313254718944,1.4468334815483979,1.451165986877684,7.618401355810276,112
3,T,10,False,8.213613347416791,0.29221977772692176,0.31296644650185185,8.169294354391372,87
3,T,169,False,6.295324491055036,0.3945677775111609,0.41016987845443004,6.679163992857575,195
3,T,32,False,6.363073884206359,1.5339620720281075,1.5380491658467845,7.423213409274779,127
3,T,304,False,5.414365454139249,1.119578148294276,1.1251714661682743,5.937632369618206,247
3,T,215,False,7.024060359078562,1.3552705767860913,1.3598948247726108,6.68011770250441,190
3,T,506,False,6.717153600914073,1.0181783306738195,1.024325490845049,6.300996132393897,217
3,T,330,False,7.375872657426507,0.7660776761590208,0.7742290384959934,7.308894822543465,138
3,T,57,False,6.089803765121793,1.5048721159808311,1.509037999388302,6.8550568263263285,171
3,T,412,False,5.528486487421797,0.8875815438984516,0.8946265115736196,6.709109392055264,187
3,T,236,False,8.370760276988655,0.5835289499930811,0.5941898969363688,9.095028399438295,44
3,T,452,False,7.278741326321012,1.7128760919954236,1.7165372424362775,6.883264764693,168
3,T,540,False,6.90307640433634,1.7549417686788797,1.7585153424394624,6.859862615566245,170
3,T,461,False,6.535210815642412,0.6156934898864779,0.6258067366446413,6.078543444500976,235
3,T,44,False,6.237273918198156,0.45632176793533386,0.4698778075551703,5.852491331333444,255
3,T,143,False,7.837261747530951,0.2887679994309232,0.30974595338206207,7.434532159429695,126
3,T,217,False,6.979872494221313,1.3545547067317654,1.359181390275192,6.679773582733776,194
3,T,256,False,5.880849504088236,0.5686586065092969,0.57959314083098,7.279411939377031,140
3,T,36,False,6.4045601787985555,1.1153539967133856,1.1209683921171676,5.844364883203622,256
3,T,152,False,7.061146315090898,1.5101547263860169,1.5143060773064507,9.489725322637572,31
3,T,246,False,9.553857977959849,0.148245150458173,0.18582847676174738,9.307494601597817,36
3,T,195,False,7.035556015400229,1.430617939202092,1.4349994028249855,7.076902592170071,158
3,T,374,True,8.895787509564013,0.44357175509103686,0.4575057377298865,9.566639530565132,27
3,T,50,False,6.661615551841926,1.6616243380394602,1.6653981622742051,7.112646956992782,154
3,T,232,False,8.190923334463339,0.3894552866788309,0.40525426396685243,8.249509946761737,79
3,T,497,False,6.744775524635818,1.588125591965933,1.5920736459091238,6.604943935178628,198
3,T,151,False,6.640025068520389,1.7060812331398831,1.7097569336643526,5.670650247613105,267
3,T,531,False,6.538389382623823,1.7094567781277643,1.7131252360607445,5.421607409610215,284
3,T,401,False,5.500536077726995,1.0731409478294454,1.0789750191962302,5.775421919014159,259
3,T,29,False,5.088305610468359,1.2096769767075444,1.2148555412548152,4.540726545262637,311
3,T,455,False,6.455043615601133,0.15511075738153285,0.19135032060777346,6.554679434912673,204
3,T,4,False,5.961430337641293,1.1100387463991317,1.115679889864732,7.415995023888529,130
3,T,37,False,7.219092702492656,1.1559727056770943,1.1613907587077,6.057704735190634,236
3,T,311,False,6.861218263228635,1.663218974547928,1.6669891887584292,6.9265327952721165,164
3,T,387,False,8.510371033728395,0.2550165105671841,0.27854805474655114,8.184979503087154,85
3,T,445,False,7.259788404440529,1.7585125012358545,1.7620788334078603,8.564074550347957,66
3,T,271,True,9.666554848286989,0.09503438695812567,0.14692560309807037,9.739853675696459,17
3,T,327,False,5.672663016355463,0.1381551858320515,0.1778832581034922,5.708894347160191,261
3,T,509,False,6.46906322138994,1.106958656092737,1.1126154162332387,7.100535613918867,156
3,T,357,False,7.313045256780283,1.721796824871319,1.725439046816253,6.120858849372459,232
3,T,348,False,7.718108006217777,0.5815916621901983,0.5922874805956839,8.079896287045772,94
3,T,444,False,6.291391742880375,1.5392402411126231,1.5433133570346855,9.161091918399926,42
3,T,93,False,7.342224906498714,1.5975307926771114,1.601455660233147,8.89622158385345,50
3,T,534,False,5.779472564345173,0.19549414116776767,0.22532988566132992,5.698356947533632,262
3,T,257,False,6.702670514521751,1.6667499063419244,1.6705121515367791,6.229994153628459,223
3,T,160,False,7.561944875361276,1.6090040463920967,1.6129009949303663,7.609941105331999,113
3,T,233,True,8.374361208227702,0.8480810522265575,0.8554513833567223,10.345754756971624,3
3,T,341,True,9.690215368374233,0.13609630651288726,0.17628897523008832,9.616871261763366,22
3,T,399,False,5.535944949922161,1.0549812991088074,1.0609152367698995,4.851841901358961,300
3,T,16,False,8.241336732444395,0.16148190688548103,0.19655025920256658,8.298074155027297,76
3,T,309,False,7.1348400778025844,1.3689934249200086,1.373571474520143,6.31549047005341,215
3,T,405,False,5.621853092978279,1.2020159664071846,1.2072273943375469,4.710406621892901,307
3,T,148,False,7.891042799753556,0.1500051225135629,0.18723550657269566,7.75847664381662,99
3,T,12,True,9.691427937504086,0.1165098504899798,0.16164820878197936,9.824041877364989,15
3,T,463,False,6.3650503505676985,0.242693334449149,0.26731190158178786,6.497005156154377,207
3,T,243,False,8.321507370294679,0.6067246467792209,0.6169849229524133,9.138258845991768,43
3,T,453,False,6.5184010896280205,1.4993922557685757,1.5035733220564944,7.07620442785317,159
3,T,501,False,6.922166558387206,1.6588143083262792,1.6625945108923033,4.778154910548921,303
3,T,72,False,6.64506978442526,1.4541603654042854,1.4584711058001627,6.359333903227129,213
3,T,73,False,5.558727937421487,0.678032779894399,0.6872292548724563,6.582814756682483,203
3,T,376,False,8.898298973641367,1.4482123000409222,1.4525406927625273,7.46317326823583,122
3,T,110,False,6.398952360196805,1.5959935654452326,1.5999222040723764,6.727750320531044,185
3,T,214,False,7.024060359078562,1.3552705767860913,1.3598948247726108,6.680086546533245,191
3,T,470,False,8.247525552697777,0.23855100175717736,0.2635567843569536,8.216885713586619,81
3,T,135,False,6.067716147335961,1.4317430065410635,1.4361210376985878,8.170837511404471,86
3,T,92,False,7.336623717807159,1.597156745953317,1.6010825304416425,9.066318934705947,46
3,T,1,True,9.747685189816949,0.1393379435500686,0.17880341342934997,9.967581924069888,10
3,T,287,False,7.73406296772608,1.3862102212573184,1.3907315972751495,7.356937824261997,135
3,T,372,False,8.169159489974344,0.4648501485736096,0.47816446832667514,8.189539433724827,84
3,T,441,False,6.7059381863413945,1.2527772477670256,1.2577783710431454,7.110035445399858,155
3,T,364,False,5.283956262744924,0.435383124703178,0.4495709770631641,6.119242070966842,233
3,T,396,False,7.463689597755083,0.2827525166895668,0.3041456622007105,7.3441330269015905,136
3,T,421,False,6.052788819656506,0.17274997392161026,0.20590811453447375,6.009537888274527,238
3,T,290,False,5.606697469839476,1.175720087348241,1.1810475527832824,5.612001314933896,272
3,T,74,False,5.567130675235427,0.6849295033298356,0.6940345976051051,6.606600478067356,197
3,T,431,False,6.806192088792631,1.725526074402817,1.7291604412503834,7.206622564039055,147
3,T,179,False,6.4298034384167035,1.5656368206534943,1.569641440688671,8.86754567264618,53
3,T,359,False,7.500515772455119,1.1124349076052715,1.118063961408279,8.502976293752726,67
3,T,285,False,6.619360117229634,1.5277775645032965,1.5318811588177619,7.452451532806302,124
3,T,458,False,6.667750449212843,1.6541004415299805,1.6578913923447764,5.773300134177556,260
3,T,13,True,9.691632719525217,0.10217161476738293,0.15163982658061648,9.809987235221199,16
3,T,46,False,8.446552306378297,0.17909600056485908,0.211260444853155,8.220630691499652,80
3,T,519,False,7.680488443923398,1.431972964994451,1.4363502952331038,5.696399797062628,263
3,T,212,False,7.205756873313124,1.7301580544433899,1.733782711730787,5.910343097735639,252
3,T,164,True,6.965235793966036,1.76510080085632,1.7686538483617553,10.872031938364326,1
3,T,107,True,7.410335008080884,1.57269878480448,1.5766854682740983,10.261792030172824,4
3,T,437,False,6.409857926088169,1.1778134980034556,1.1831315371590603,7.132355788677973,153
3,T,264,False,5.5674023323016115,1.0394602137844702,1.0454822495777158,4.78738761778768,301
3,T,170,False,5.382763564103655,1.3271261451083747,1.3318481156541235,6.397495725372526,211
3,T,316,False,5.462665078117559,1.4446338235896239,1.4489729060270249,5.04919038321602,297
3,T,417,False,7.888241169640953,0.7422120691542493,0.7506226440359078,9.309942067499286,35
3,T,354,False,7.827827435265011,0.7485011859467984,0.7568418748358131,9.312607787812583,34
3,T,60,False,7.040110417140877,1.7518355432518777,1.7554154404988656,6.832374121173776,174
3,T,339,True,9.638103615407683,0.08190218086703206,0.13879324685301145,9.59012544601015,24
3,T,321,False,6.612161856192225,0.9954994740834766,1.0017858059693716,6.601261369011641,199
3,T,7,False,8.221901305241335,0.2933059704838753,0.3139808759506108,8.039657828074787,95
3,T,483,False,8.543414683853763,1.2102339035722518,1.215410095192958,6.32098095351675,214
3,T,128,False,6.433919616385808,1.5262693985474882,1.5303770369042187,5.985808770766666,242
3,T,289,False,5.596019621888116,1.1845517719049945,1.1898396944397538,5.563032473571366,276
3,T,349,False,7.393791467286166,1.4521992470683447,1.4565157916504348,5.073348433308999,296
3,T,118,False,5.576846244114458,0.19523059514286037,0.22510127369932936,5.541095475148667,278
3,T,163,False,6.668470100756235,1.661069946020897,1.6648450269364687,6.729595159452187,184
3,T,94,False,6.717296749805389,0.9754154061444213,0.9818303380345871,6.735043536369403,183
3,T,184,False,6.88763906329638,1.7368670833213256,1.7404777686791502,4.782140568072489,302
3,T,101,False,7.794438318866893,1.406536685485228,1.4109929290244496,7.445154269697727,125
3,T,536,False,8.325450619730361,1.2989102534355832,1.3037344225805023,8.721131442127911,58
3,T,201,False,7.004851009068841,1.7232738389527176,1.7269129457387427,4.570949970140476,310
3,T,395,False,6.758117468740714,1.740013946161525,1.7436181150062153,5.301394005943262,289
3,T,178,False,5.702083230500013,1.1537740371404765,1.1592023666817879,5.957501359633756,245
3,T,146,False,7.711665542745729,0.604855316776605,0.6151467730340069,8.20878154965942,83
3,T,96,False,8.02380383823737,1.1576354228068038,1.1630457300890245,7.275134624472251,141
3,T,150,False,7.7035587263158645,1.3733113035868751,1.3778750069221473,7.2232312979216635,146
3,T,98,False,6.643103999391106,1.0017457441995654,1.00799312208128,6.423209642190588,209
3,T,132,False,4.606956483158671,0.8216296313059072,0.8292350988598504,4.950899571863246,299
3,T,295,False,6.472500538667953,1.6320668664374354,1.6359088772496266,8.689148170811752,61
3,T,88,False,6.698759074988325,1.5033492739593444,1.5075193655987682,5.270280143689647,290
3,T,323,False,5.040250851990531,1.1914912214131543,1.196748481864855,6.012954506946479,237
3,T,298,False,5.609976874822388,1.3937207128251585,1.3982178025969678,5.256393508179644,291
3,T,222,False,7.0221783236097,1.3567471716093624,1.3613664039527456,6.838674828521622,173
3,T,122,False,6.239245720816771,1.1990673057076855,1.204291493683449,7.376795816937163,133
3,T,241,True,8.554105996116883,0.5665297631141708,0.5775046065923832,9.494340317929606,29
3,T,408,False,6.284680226652666,1.407619400116162,1.4120722268087453,6.907521217481949,166
3,T,456,False,6.612502130585888,0.3750672959844327,0.3914474098244859,6.479381797049211,208
3,T,332,False,7.613895607552749,1.5403649850767223,1.544435134731024,7.158273097229138,151
3,T,499,False,7.285422559410348,1.5441687753768807,1.5482289252530326,8.849883955593548,55
3,T,130,False,4.79965518594223,1.135147712852677,1.14066468698557,3.950037954919263,314
3,T,288,False,5.597691585195626,1.17684585234972,1.1821682445125836,5.545257392220804,277
3,T,125,False,6.414227907274002,1.5846876646188024,1.5886442624251091,5.350890858259351,288
3,T,336,True,9.6561524716669,0.11235824889472608,0.1586819908997683,9.843265210112383,13
3,T,352,False,7.668684775733703,0.7460157863986022,0.7543839550899462,9.259943876055146,39
3,T,83,False,6.590649388300818,1.4434865956222964,1.4478291162573267,7.482697128014741,118
3,T,410,False,6.503216956927904,1.1799011200114449,1.1852097920391507,5.476326685676086,281
3,T,223,False,6.263826278187511,1.5735990775295534,1.5775834858869076,5.922515650065812,250
3,T,198,False,7.076647038668626,1.7108988024455547,1.7145641750459089,7.264417214136081,142
3,T,99,False,8.002894812584051,1.176940740093242,1.1822627050839645,7.241801245585619,145
3,T,368,False,5.980550873113997,1.4235763799487744,1.4279794493231626,5.896526693632546,253
3,T,86,False,6.576292640971616,0.5135549863982775,0.5256370631869102,7.097684564859635,157
3,T,262,False,6.017726238052941,0.23278477215375984,0.2583492757642313,5.994672716908025,240
3,T,147,False,6.791286000767423,1.3503612138591583,1.3550022162477833,5.945227974682565,246
3,T,294,False,6.936675083002842,1.554299358893192,1.5583331143234467,5.192718375533237,293
3,T,305,False,5.063397912347449,0.9913293321783999,0.9976419412687587,5.4859333569247255,280
3,T,392,False,6.368717683340421,1.5288908574911286,1.5329914716857311,7.180512285704146,148
3,T,293,False,5.6100538108690206,1.167923556678489,1.173286423847884,5.6140563028240775,270
3,T,266,False,7.57454630824127,0.19684900907677078,0.226506358665119,7.746171763697416,102
3,T,546,True,7.14693332215813,1.7654411694815701,1.7689935333521372,9.993849942189904,8
3,T,523,False,8.339582951486875,0.26876874683802743,0.2911910668583578,8.622896587957241,64
3,T,413,True,9.130650365526872,0.7479366904372846,0.7562836049019597,9.99517367157993,7
3,T,193,False,6.9032460901268,1.7146026545761843,1.7182601261802368,7.4590619795391335,123
3,T,5,False,6.205107408316199,1.3813416393184312,1.385878898986544,6.849352714512296,172
3,T,280,False,8.698516156328335,0.4782183097871186,0.4911703879071635,8.714144269617872,59
3,T,306,False,8.926028160534454,0.27124508918253076,0.2934782726998099,8.874756090294998,51
3,T,409,False,5.610297853470125,1.155217817032018,1.1606393940106658,4.4140069289568125,313
3,T,112,False,6.872761882025948,1.771800413329515,1.7753400527267629,4.52299153850694,312
3,T,205,False,7.616828540467875,1.6957489886645742,1.6994470367440555,3.4298777736975037,318
3,T,0,False,6.8460600229289135,1.7760771569496583,1.7796082899277599,7.74556582570883,103
3,T,263,False,5.986168897936857,1.023236908336817,1.0293538598188245,5.61580605648073,269
3,T,331,False,7.039801420488747,1.7387033422878546,1.742310222269324,5.6931200047788915,264
3,T,79,False,6.932009442095186,1.6522298182076252,1.6560250512343184,5.982090627814284,243
3,T,100,False,6.65862399492799,1.019375057190571,1.0255150439479204,6.540080325293003,206
3,T,265,False,7.563189583509721,0.22165347351810108,0.24836638352213544,7.805254819432086,97
3,T,34,False,5.6236768240571005,1.2003683854454785,1.2055869354460547,6.807970424988915,179
3,T,218,False,6.979872494221313,1.3545547067317654,1.359181390275192,6.679776258122749,193
3,T,314,False,6.982026640235405,1.1098211307088564,1.1154633747053773,6.87463480073714,169
3,T,407,False,7.170693630095974,1.6720967976304661,1.675847039197577,7.696497232412546,106
3,T,446,False,7.254883905188427,1.7587828138441337,1.762348599004951,8.711050677632578,60
3,T,188,True,7.596054592557217,1.0236083109363583,1.0297230561462676,9.71318076216722,19
3,T,157,False,9.612416799736366,0.6638284543700314,0.6732189948096605,9.083000652628193,45
3,T,52,False,6.381038500610498,1.5182670051129357,1.5223962352015419,6.265808915249666,220
3,T,244,True,9.644553091619002,0.12429104230005315,0.16734354286096176,9.680782079679664,21
3,T,231,False,8.652494828179032,0.721765021916079,0.7304110794632999,8.8648023556562,54
3,T,84,False,7.4929832986883795,1.4342140600400233,1.4385845710828793,7.481416702651574,119
3,T,208,False,6.568506859278679,1.4584994677687837,1.4627974212525297,7.492180641225158,117
3,T,367,False,5.6102720350068545,0.1365185858290855,0.17661518173135152,5.60455759904136,273
3,T,344,False,7.435492962392964,0.4209233289874692,0.43558242277107345,7.713447064471403,104
3,T,78,False,6.598468803820306,1.654179439854695,1.6579702100397393,7.519005243453261,116
3,T,114,False,5.475609699153323,1.3508932835340177,1.3555324642510576,5.367607187146695,285
3,T,30,False,6.346476205310535,1.5295819549900056,1.5336807213929087,7.754208698188053,101
3,T,485,False,6.694622475044602,1.6605286043420024,1.664304913163217,7.776723411363652,98
3,T,221,False,7.056845401990698,1.3564992208621207,1.3611192946765414,6.591193187886288,201
3,T,240,False,8.240160333139647,0.23605616018014702,0.2613008015682695,8.126639517084186,91
3,T,524,False,7.513510023532301,1.4168707564093153,1.4212945994793373,6.821119610692936,175
3,T,113,False,6.288090341590197,1.5796425998973438,1.5836118026687174,8.396719192943962,72
3,T,85,False,6.727715443417046,1.0027524695941854,1.008993614161389,6.813877192553998,177
3,T,209,False,6.248446799805022,0.17731780950808282,0.20975510413329562,6.242505393464287,222
3,T,105,False,6.75049555924922,0.8975087721923362,0.9044764199819804,7.134701645233337,152
3,T,425,False,6.35172988543646,1.489835140060159,1.494042952093178,8.215443067598066,82
3,T,350,False,7.627234620024656,0.7533607287717146,0.7616482034355979,9.233032601570503,40
3,T,80,False,6.314035690822045,1.6222915349834623,1.6261566414771436,6.170500217126535,229
3,T,419,False,6.913119971540829,1.659036425294746,1.6628161229059557,4.767476638868576,304
3,T,71,False,7.614549413909423,1.6992892833436006,1.7029796436327806,3.4624485444241264,317
3,T,183,False,6.594534026619188,0.7641766289800928,0.7723480552319681,6.2604077391703745,221
3,T,513,False,7.381931054715911,1.6461274813686906,1.649936751229711,7.951936404673605,96
3,T,230,False,8.283211204383512,0.23933906073576364,0.26427028613732284,8.486807574281526,69
3,T,369,False,6.640894838567151,1.720443955197573,1.7240890351478642,6.137815960627373,231
3,T,48,False,8.219213458662932,0.4803086390027882,0.49320582604216634,8.379411553800619,73
3,T,303,False,5.227212932988632,0.9617572907883257,0.9682627146212567,6.278200920918374,219
3,T,537,False,7.028608298331248,1.7011734240493779,1.7048597059092896,7.4675877621149835,121
3,T,190,False,6.771479758173939,1.6959461212879425,1.6996437404505809,7.024543132627364,160
3,T,54,False,5.087026123046633,1.3102513672212694,1.3150339324315667,6.800807176098175,180
3,T,162,True,9.788266745330805,0.5323119202219669,0.5439775533527303,9.980713129270587,9
3,T,378,False,6.873967316558834,1.6503919736292394,1.6541914232521704,6.982463217394836,163
3,T,525,False,6.96156849097077,1.18792940770865,1.1932023616471132,8.089532278328223,93
3,T,300,False,5.155406486622334,0.7195295018846543,0.7282021025948796,4.722034337605079,306
3,T,235,True,8.381151053370584,0.8304452542123977,0.8379707145152024,9.9159379831293,12
3,T,422,False,6.052639283468755,1.0293028934386108,1.0353840082705166,5.657312099242662,268
3,T,220,False,7.056845401990698,1.3564992208621207,1.3611192946765414,6.591127655285843,202
3,T,224,False,6.530038702852402,1.7074053456879228,1.7110782017853305,5.455661759362414,282
3,T,91,False,7.614270032881047,1.707419594652905,1.7110924201649411,3.821896199949909,315
3,T,123,False,7.718621374785815,1.3886760380577134,1.3931894116798664,7.298042139350569,139
3,T,450,False,7.625401554318687,0.7319105163653801,0.7404381149748184,7.640823621331972,111
3,T,145,False,7.92726880351579,1.412817137392785,1.4172536335645671,8.262873909175742,78
3,T,380,False,8.814398140419899,0.4145416092212959,0.4294186115167885,9.449786009491632,32
3,T,516,False,7.947784633273015,1.415563047936798,1.4199909650506026,8.167938654923539,88
3,T,62,False,7.546246630960383,0.2458216255832344,0.27015526969801795,7.758334667901609,100
3,T,20,False,8.254500036484037,0.24111218703549722,0.26587719886869865,8.126406019407609,92
3,T,204,False,7.638716698075603,1.7029545264845793,1.7066369612238985,3.706112048618245,316
3,T,173,False,6.2645586006286225,1.523816251539077,1.527930484870247,8.66013668563684,63
3,T,153,True,9.775725802623489,0.5749752088257681,0.5857918477628897,9.608517007039358,23
3,T,155,False,6.128597341497213,1.4030995418628054,1.4075666671660134,6.219737347958988,225
3,T,117,False,6.409340275696041,1.6644106670987864,1.6681781879923536,5.364159433006152,286
3,T,242,True,8.526736869806232,0.568522386609579,0.5794594914379059,9.490219515046466,30
3,T,325,False,6.8134694006076,1.4427637459048561,1.4471084356877466,7.2498050829454215,143
3,T,191,False,6.917526187591185,1.7050945636789179,1.7087723866064268,6.752325446916721,182
3,T,95,False,6.688698958751442,1.002580852092378,1.0088230583821445,6.655898170785609,196
3,T,426,False,6.483352311340811,1.1729011278640225,1.178241339406287,5.594449222695015,275
3,T,104,False,7.487475469486066,0.6514892365826014,0.6610550835779161,7.555523303227149,115
3,T,505,False,6.791889049267347,1.2801490711510541,1.2850436733862904,6.696841096454769,188
3,T,333,False,6.994275808881336,1.7580621927964486,1.7616294365959833,5.802351797986175,258
3,T,539,False,6.701746255509463,1.4496560396764968,1.4539801344969503,6.811504754533222,178
3,T,225,False,6.6708914844200775,1.0716755939667095,1.077517599320366,5.932070255615111,248
3,T,251,False,6.371660495975833,1.7109664568624983,1.714631684837836,2.3259457953655174,319
3,T,375,True,8.922868864128993,0.4268570066413189,0.4413190481499886,9.583844624878589,25
3,T,253,True,9.30189945844937,0.15490476524013763,0.19118337907707117,9.49705574684012,28
3,T,172,False,5.04082853043327,0.9636759406547344,0.9701684991474482,6.210870962171324,227
3,T,318,False,7.072397480056399,1.5055411654215156,1.5097052026538162,6.726054144887157,186
3,T,106,False,7.656976780104413,1.5385336015185889,1.542608583258561,7.178194743611575,149
3,T,18,False,8.208571585130402,0.29039976141461515,0.3112677618560752,8.16167606101703,90
3,T,379,False,8.914664072965772,0.2648115065179513,0.2875425744573,9.020127663476899,48
3,T,317,False,6.251964104629596,1.5769959236742566,1.5809717712301021,5.829882030039528,257
3,T,276,False,7.475746397889764,1.063815302843024,1.0697002368440514,6.172152103979749,228
3,T,161,True,9.356788443839621,0.9903213127097108,0.9966403065039613,9.695029539127221,20
3,T,436,False,6.775729588956571,1.7088248730598687,1.7124946846426419,7.418627533081068,129
3,T,296,False,6.468007721422563,1.630880855256255,1.6347256534913124,8.824821371261052,56
3,T,141,False,7.958975672818023,0.3269749762158732,0.3456417700634513,7.702710312800476,105
3,T,465,False,8.284212602471436,0.23139665199392395,0.25709921955389536,8.489543979843845,68
3,T,43,True,8.023701077175097,1.3204087342542095,1.3251546414045525,10.360210088183882,2
3,T,403,False,5.76826708740727,1.1670836075512436,1.172450316711139,6.888142870281005,167
3,T,489,False,8.263274322488245,0.3467085912685589,0.3643658126123437,8.45637322145197,71
3,T,61,False,7.624964749939866,0.7544784507418073,0.7627537812262767,9.345088087814164,33
3,T,351,False,7.674996418420059,0.7532062936502422,0.7614954490576813,9.171327656295672,41
3,T,468,False,6.078980866553646,0.2767543316680343,0.29857755816244,6.228013368787303,224
3,T,361,False,7.633067559706848,1.5266847427303218,1.5307912665764638,8.682553491451147,62
3,T,268,True,9.688048499571037,0.15949914207853405,0.19492453530793227,9.725920122053783,18
3,T,345,False,7.619414750741315,0.17482172269276935,0.20764930259091285,7.655415550423769,109
3,T,312,False,6.845009344490567,1.6634993120885047,1.6672688923686403,6.818900304761759,176
3,T,58,False,6.55416675174992,1.7253824379440295,1.7290171067132063,6.088971785415883,234
3,T,502,False,7.0574827231552035,1.7574215294996545,1.760990071093568,5.682909180449591,265
3,T,41,False,7.405619470566291,1.6630143429639506,1.6667850200445902,4.951679436410156,298
3,T,176,False,5.702083230500013,1.1537740371404765,1.1592023666817879,5.957576596995075,244
3,T,33,False,6.363073884206359,1.5339620720281075,1.5380491658467845,7.423170305419586,128
3,T,137,False,5.959104194641337,1.1052056205514391,1.1108713075058319,7.475795748153107,120
3,T,328,False,6.815296223839361,1.442376446312768,1.4467222992057163,7.389287687825838,132
3,T,343,False,7.082767144131937,1.3654762586392744,1.3700660608338326,6.29426076616139,218
3,T,97,False,6.622547498034503,1.0087699278691644,1.0149740713507829,6.592836428041571,200
3,T,90,False,6.2919667447762055,1.0434777364207724,1.0494767193925951,7.008238736600985,161
3,T,307,False,5.567267221464952,1.5050092445024716,1.5091747493842869,4.723427068483323,305
3,T,439,False,6.062140675646182,0.5570463355277646,0.5682043805411358,5.988068497972083,241
3,T,207,False,6.133500501601542,1.4920353958601789,1.4962370202079833,5.153096689272143,294
3,T,508,False,6.418096059716554,1.1821416517594723,1.1874403071168833,6.551170739296041,205
3,T,310,False,6.737889357839927,0.9524783273767548,0.9590466945168235,6.911608030542221,165
4,T,322,False,7.421758850822786,0.5853640180602749,0.5929787990621183,7.340492419203007,134
4,T,542,True,9.291515296156266,0.16961824737648498,0.19427602101276556,9.418052877584353,14
4,T,384,False,6.540872751624649,0.2929263964806119,0.30786148874550506,6.543765111856291,172
4,T,144,False,7.846033611521557,0.15621897758055725,0.18269425676193743,7.926124022903819,99
4,T,457,False,6.610459044044905,1.677045271288153,1.6797183289014372,8.553094139098619,49
4,T,530,False,6.900963548000645,1.3435170758210495,1.3468522396759883,7.692021326016876,118
4,T,385,False,8.584879776545243,0.207735938872299,0.22831347484683776,8.454186907694027,59
4,T,111,False,6.2857836342242095,1.6160661941855048,1.6188399446785044,7.782811804779251,112
4,T,70,False,8.252041096387563,1.1919579269883591,1.1957159036359217,8.007282454658858,93
4,T,326,False,6.403521095368495,0.11885126781161218,0.15198173034253043,6.411621365225859,179
4,T,435,False,6.744256727854035,1.744635890002466,1.7472055434842744,6.269039505150975,186
4,T,427,False,6.704209656529706,1.533855368986135,1.5367775100726435,7.051375135550936,144
4,T,420,True,6.853263605694907,1.5767351193680428,1.5795779370281284,9.971492804938705,6
4,T,108,True,9.292581347236975,0.23989878306559137,0.25792295092494916,9.285302865467617,16
4,T,156,True,9.200329020367848,0.3222279548766334,0.3358625870820681,9.228393981700835,17
4,T,432,False,6.744798086975283,1.7454765196959654,1.7480449374393732,6.24960482631531,187
4,T,388,False,8.603360439747528,0.14609314019347563,0.1741149853087683,8.633370433618639,40
4,T,26,False,5.30933469270424,1.3946803631619566,1.3978934644267602,6.09811233575671,205
4,T,447,False,7.00090327532458,1.7375695147186088,1.740149603044791,8.6255466067573,41
4,T,356,False,8.430018996529274,0.5973519667469065,0.6048158353365753,7.78892641965604,110
4,T,55,False,5.804078159770798,1.486782279567074,1.4897967543702553,6.239548968988754,191
4,T,291,False,5.5393614564241,1.121379154551332,1.1253728407775543,5.715842822079043,236
4,T,76,False,6.223436030711642,1.5849955330610648,1.5878235614579508,7.385416900340718,131
4,T,496,False,7.823734716928319,1.230267331408809,1.2339086389312761,8.531751777050719,54
4,T,47,False,8.239066193284176,0.43335146804554786,0.44358349535878083,8.007321518212468,92
4,T,451,False,5.887292879688206,1.1051989158340891,1.1092508580381304,4.314425586180897,286
4,T,213,False,6.637738880340847,1.4386956404345583,1.441810656189947,5.906721550006709,218
4,T,319,False,6.594406733589116,0.9835892608193252,0.9881399984296702,8.578414210523626,47
4,T,292,False,5.534793964778306,1.1281183199243565,1.1320882325359782,5.7509620320474735,230
4,T,138,False,5.998621005740096,1.028967879011069,1.0333187884356017,4.488865040170904,280
4,T,404,False,5.534269141532185,1.1714782781563444,1.1753017394225347,4.617148838562343,276
4,T,283,False,6.105518612938246,0.42276212229838717,0.433244312770195,6.677689433978214,165
4,T,126,False,6.536087532383775,1.6172006248285828,1.6199724329270053,5.1157730195987865,265
4,T,216,False,7.06770157406298,1.3431709758739998,1.3465069969843437,6.244441132975439,189
4,T,89,False,6.238949432931392,0.962520117330566,0.9671699947597261,5.798181406513,223
4,T,484,False,8.19896650021378,0.18269441890631946,0.20579133411540879,8.17920235167043,79
4,T,382,False,5.850618196761374,0.443809360788687,0.45380565357997144,5.754084766089317,228
4,T,281,False,6.621225858582824,1.650032823073249,1.6527495695708283,7.744044634664693,114
4,T,226,False,6.43698838387318,0.5464741778777829,0.5546231599786297,5.427338282432286,252
4,T,87,False,6.549764304218568,0.47844069416036733,0.48772771125509795,6.549026252241778,171
4,T,35,False,8.897272550524505,1.0358719132483472,1.040193944970972,6.723395165031536,163
4,T,490,False,8.27705478400571,0.12381967240627934,0.15589783119812925,8.35919790517442,64
4,T,538,True,8.514496139185232,0.21104060093403057,0.2313243561324203,8.967410386969181,22
4,T,124,False,7.541024124554819,0.21196842292621224,0.23217113260547195,7.78179075729995,113
4,T,278,False,8.937656730403823,1.4683811553775616,1.471433328413294,5.459689592490627,249
4,T,10,False,8.053805207248315,0.24871179494892376,0.26613977426194224,8.176106921591737,80
4,T,169,False,6.309319204173054,0.35550092356466845,0.36790451091664306,7.1471130906272595,142
4,T,32,False,6.3803611892471945,1.509172174809156,1.5121420157232852,4.732748593047411,274
4,T,304,False,5.361042723195357,1.0690764872508636,1.0732648126581472,5.192659228332444,259
4,T,215,False,7.06770157406298,1.3431709758739998,1.3465069969843437,6.244288949857122,190
4,T,506,True,6.735109172438495,0.950950324917658,0.9556564984127306,8.96329106366131,23
4,T,330,False,7.343260491537673,0.6313636145772392,0.6384299776087575,7.365879504531251,132
4,T,57,True,6.014850157079525,1.515269657762052,1.5182275712921987,9.795205468100395,9
4,T,412,False,5.538957538980572,0.9029800364501289,0.9079348923380786,4.55608629855014,278
4,T,236,False,8.460885639661855,0.2848732718095423,0.30020926616104876,8.348922611828568,66
4,T,452,False,7.237666029520983,1.7357255573972565,1.7383083826236065,7.529874419689779,125
4,T,540,False,6.8901194097706995,1.7863204459424329,1.7888302205881514,5.757562417094949,227
4,T,461,False,6.4813836056042025,0.5593225996897685,0.5672870464070222,5.345561549543003,256
4,T,44,False,6.204253601489969,0.4124168457394187,0.4231553818009805,7.097097632341248,143
4,T,143,False,7.805303609330914,0.2558673340084062,0.2728386246667641,7.967243995021661,95
4,T,217,False,7.011329818686919,1.3426634192544715,1.3460006983287902,6.179407022027789,200
4,T,256,False,5.841376360405307,0.5180364680083902,0.5266256779573988,5.970738854200048,213
4,T,36,False,6.4466520385773745,1.0451598107126243,1.049443591826798,7.506054234176493,127
4,T,152,False,7.096062068866563,1.501436897340873,1.5044220083454207,8.29789608112831,70
4,T,246,True,9.566996609723958,0.12811221511341578,0.1593284725300164,9.496121031399761,11
4,T,195,True,7.025292030939227,1.3743278417624183,1.3775884142735917,8.995491731774512,21
4,T,50,False,6.5525849516435475,1.6775159933254362,1.6801883020542987,7.948091438509137,97
4,T,232,False,8.218969475472651,0.3177588394935605,0.33157729502150235,8.599872625333367,43
4,T,497,False,6.887542393412442,1.5925873579826544,1.5954019290773263,8.155811349299864,81
4,T,151,True,6.654269892206919,1.7296644504534142,1.7322563129224824,8.887507759424988,28
4,T,531,False,6.554671172462351,1.7353828223749221,1.7379661569465135,6.867755162085409,154
4,T,401,False,5.516574790387059,1.0904371817377034,1.094543772452042,5.739953826701449,234
4,T,29,False,5.144116305210739,1.157731560477898,1.1616002705853985,4.519544876173111,279
4,T,455,False,6.449100063363955,0.13489186238442383,0.1648291146461098,6.520727407659767,174
4,T,4,False,6.0020887156411495,1.0279885404896003,1.032343577436999,4.41989549520118,284
4,T,37,False,7.350986047520355,1.0890643212423226,1.0931760692132273,7.524724744113731,126
4,T,311,False,7.001098212957885,1.6856659679766226,1.6883253768429964,8.013575586839048,91
4,T,387,True,8.500951466124942,0.22589792679641782,0.24495447705319004,8.900127951062363,26
4,T,445,False,7.001131599162253,1.7373460044465407,1.739926424209898,8.54927123250085,51
4,T,327,False,5.663679596203261,0.11935844308164961,0.15237867446712305,5.5677260675576195,246
4,T,509,False,6.415067399251489,1.1124127711730574,1.1164385321039412,6.188381806504954,198
4,T,357,False,7.306096807485275,1.7500146260283453,1.7525763931454206,7.363434435092557,133
4,T,348,False,7.755105969138315,0.5287309997396199,0.5371492274807254,8.531574852732456,55
4,T,444,False,6.37605785306559,1.527872945108056,1.5308065060257114,5.327002337077221,257
4,T,93,False,7.495542659462112,1.5955446373533277,1.5983540009285941,6.220826955151984,195
4,T,534,False,5.7773260038224565,0.17242074384503506,0.19672756646072068,5.71216533141711,237
4,T,257,False,6.505876008813015,1.6876141923907404,1.6902705359959789,6.84171030250722,157
4,T,160,False,7.349598892319918,1.6176592190066421,1.6204302426623187,8.584252152941596,44
4,T,399,False,5.464298157675012,1.025292566748816,1.0296590066268818,5.158401087359259,261
4,T,16,False,8.2586564146253,0.14225511619725506,0.1709074035312005,8.085203440087046,86
4,T,309,False,7.477172227975135,1.3392722509465003,1.3426179593066627,7.034327813518327,147
4,T,405,False,5.534269141532185,1.1714782781563444,1.1753017394225347,4.617364924666556,275
4,T,148,False,7.8940257569723835,0.13028469054708314,0.16108048636762703,7.877983525064389,105
4,T,463,False,6.362060835219366,0.2136617974538387,0.23371817684700363,6.227074655311636,192
4,T,243,False,8.431263421036423,0.31531350237370875,0.329234608260822,8.49760562289542,56
4,T,453,False,6.455818083302859,1.4944555131198693,1.4974545412772484,6.62584931466016,169
4,T,501,False,7.139954938773155,1.6663501341223699,1.6690403206594868,6.874718899706375,153
4,T,72,False,6.487400715053964,1.4324890639523005,1.435617546855854,7.847698958569956,106
4,T,73,False,5.5270587715213235,0.6210193433470541,0.6282020752183872,4.958296248168692,267
4,T,376,False,8.937931611478636,1.469609200323979,1.4726588281656978,5.641461731939505,242
4,T,110,False,6.291102108968785,1.6154688254872818,1.6182435999004414,7.927338222228829,98
4,T,214,False,7.06770157406298,1.3431709758739998,1.3465069969843437,6.244469445974454,188
4,T,470,False,8.304869326111977,0.21172868279041646,0.23195227443085542,8.299249207978512,69
4,T,135,False,6.195942231961597,1.4176874565507842,1.4208485306178538,6.45631021816123,176
4,T,92,False,7.485094404460264,1.5954576096905886,1.5982671262392556,6.324507498528772,180
4,T,287,False,7.7853288027792,1.364612579160102,1.3678963095569296,6.9295662753976845,149
4,T,372,False,8.142499926432086,0.42037528574579447,0.43091554087006473,8.014497206394275,90
4,T,441,False,6.90581447981667,1.2185405249681258,1.2222167702527558,6.776465263979404,161
4,T,364,False,5.227005550730931,0.39382994692727186,0.4050615380336917,5.152169486487649,263
4,T,396,False,7.467679522419391,0.2532203258204124,0.27035782937817404,7.427572368046432,130
4,T,421,False,6.053632854064583,0.15117548950727008,0.17840081593211618,6.000700748327382,211
4,T,290,False,5.530517287263578,1.1217711916559596,1.1257634871173934,5.692709595667615,238
4,T,74,False,5.533944548509601,0.6275844044347618,0.6346928447581686,4.979050663066398,266
4,T,431,False,6.745154385993937,1.7545080391807852,1.7570632549932532,6.445337531778209,177
4,T,179,False,6.546606599956131,1.5194329702421465,1.5223827946861308,6.792301070788868,160
4,T,359,False,7.511086554063001,1.0265649431344808,1.0309259939346673,7.92063698877686,101
4,T,285,False,6.753245055924568,1.507386719187586,1.5103600708707168,5.681172789548458,239
4,T,458,False,6.630857040773076,1.67696058969004,1.6796337820700822,8.58185953565689,46
4,T,46,False,8.455284109609387,0.15772568720982966,0.18398427895691277,8.418083672111498,61
4,T,519,False,7.570271895383887,1.429195988990436,1.4323316646097832,7.236675866964887,140
4,T,212,False,7.201956882186936,1.7580924046130253,1.7606424184528473,6.2160265395667,196
4,T,437,False,6.424652725464881,1.1982491222815863,1.2019874298619242,6.121542744371462,203
4,T,264,False,5.50221709434031,1.009391776632382,1.0138267017743017,5.156490712816634,262
4,T,170,False,5.336437924127603,1.3157250609606543,1.319130493369553,5.76809854769329,226
4,T,316,False,5.231189100838502,1.3935223397838852,1.3967381050054573,6.165922039535628,202
4,T,417,False,8.468434889048243,0.5865876149834325,0.5941867152246285,7.7439748281613445,115
4,T,354,False,8.426428396120446,0.5878468727971261,0.5954299021336119,7.722017885365584,116
4,T,60,False,7.232592665041217,1.761777566456187,1.7643222540584151,8.25214861893518,74
4,T,321,False,6.615491522270639,0.9299740086705934,0.9347857932704878,8.473527109547078,58
4,T,7,False,8.206108136277003,0.262597194760965,0.2791596482190975,8.126325656750367,85
4,T,483,False,8.752904891518178,1.2160018626580698,1.2196857597288644,8.146106487098967,83
4,T,128,False,6.347866067578136,1.5328766227320783,1.5358006260631567,4.821686527716075,272
4,T,289,False,5.5177829464519785,1.1304961847683261,1.134457776328949,5.718185895246463,235
4,T,349,False,7.714129430254537,1.4488288842245558,1.4519221598490923,5.259933540980556,258
4,T,118,False,5.584311489189764,0.17206190490203613,0.1964131401306934,5.634670376814926,244
4,T,163,False,6.536407185997631,1.6763453955111338,1.679019567351394,7.600653833491538,123
4,T,94,False,6.738240147803339,0.9086278651234819,0.9135520892518054,8.833806956919867,35
4,T,184,False,7.335283612968257,1.652100441405165,1.6548137934488651,5.9223142274055744,215
4,T,101,False,7.846512182317636,1.3842344724188134,1.3874717644442616,6.808288989743024,158
4,T,536,True,8.505587053181177,1.2295609690792264,1.2332043622938285,9.443102086556241,13
4,T,201,False,7.017459849322433,1.750764259210296,1.7533249310454861,6.101277789184825,204
4,T,395,False,6.733563350224164,1.754559075703202,1.7571142172977703,8.549299618550913,50
4,T,178,False,5.661562136206578,1.0910350633767096,1.0951394121366023,6.6440373713547265,168
4,T,146,False,7.752425790077163,0.5508236660097356,0.5589092355059869,8.400708142375036,62
4,T,96,True,8.243878198653452,1.118722260012449,1.1227253972120002,8.9506334046192,25
4,T,150,False,7.739270399035659,1.3534437226689542,1.3567544851333564,6.866780340254329,155
4,T,98,False,6.645701185022052,0.9349726384366246,0.9397588292336632,8.805152000236177,36
4,T,132,False,4.639402426662464,0.8354390193353917,0.8407919942087716,5.422382505206938,253
4,T,295,False,6.3516114292582575,1.644761964569694,1.647487402863112,6.032401431225197,207
4,T,88,False,6.745561465878481,1.4838583658340707,1.4868787685461249,7.481561030488594,129
4,T,323,False,4.937458971314701,1.134906662491051,1.1388529119531015,5.776108750102459,224
4,T,298,False,5.680752892200889,1.391322441800928,1.394543279915105,6.743987211608024,162
4,T,222,False,7.0771368319333305,1.345639669485725,1.3489695854952155,6.21441998058988,197
4,T,122,False,6.134161018210166,1.1496044894963413,1.1535004572030414,6.01171537376284,209
4,T,408,False,6.49823096180895,1.3826523540871174,1.3858933417691746,3.653365198285189,288
4,T,456,False,6.595507628404216,0.331462276803347,0.3447318718092957,6.551004054440276,170
4,T,332,False,7.664202166854023,1.5400986746983925,1.5430089922956467,7.880127866639611,104
4,T,499,False,8.067927943314693,0.7787980497332166,0.7845375865857186,8.339588117286851,67
4,T,130,False,4.81006689230731,1.1519130234880655,1.1558012096285841,4.593017267737396,277
4,T,288,False,5.519660364453877,1.1232570633095833,1.1272440963572845,5.7517867750621745,229
4,T,125,False,6.470075485586398,1.5940027237580077,1.5968148001084626,7.326030271450399,136
4,T,352,False,8.2955973218028,0.5819290217491603,0.5895881688529857,7.6292174746319485,121
4,T,83,False,6.750660161475325,1.4364743487031983,1.439594170931433,5.8035248428607575,222
4,T,410,False,6.5667632547017885,1.155574143057132,1.1594500517916704,5.184775034196122,260
4,T,223,False,6.240941406922802,1.5824471241309166,1.5852796987180813,7.281622064245242,139
4,T,198,False,7.105480320106365,1.7351014556392848,1.73768520850557,8.155660749004017,82
4,T,99,True,8.217508658006434,1.135970032152004,1.1399126003536004,9.025742905631214,20
4,T,368,False,6.0408525196654015,1.3785615308401944,1.3818121134256791,6.718594790395696,164
4,T,86,False,6.541052508728087,0.4634205397665232,0.4730025572605055,6.5299307891919725,173
4,T,262,False,6.011637839228891,0.2059764853314456,0.22671377330673426,5.964615057650666,214
4,T,147,False,6.86466116569941,1.350754061773473,1.354071400589724,4.824066418521387,271
4,T,294,False,6.986321398331109,1.5535754411710003,1.5564605597017709,4.930851765458131,268
4,T,305,False,4.981627459573357,0.9225225367448457,0.9273729849955882,5.742890251834185,231
4,T,392,False,6.3671972778625605,1.5277084236279639,1.5306422998601992,6.283852894111632,184
4,T,293,False,5.536547177040923,1.1153508134902215,1.1193660079039298,5.676281184366811,240
4,T,266,False,7.573754259887483,0.17357272835663026,0.19773799464606348,7.638258735276186,120
4,T,523,False,8.359824991531138,0.24029457347788927,0.25829112361907214,8.43088080645899,60
4,T,193,False,6.880068250372141,1.7425998984050295,1.7451725497550954,7.046085590107641,145
4,T,5,False,6.179743660546577,1.3343351265381507,1.3376931832117052,7.046067639171143,146
4,T,280,True,8.703270187260928,0.431908978322281,0.4421743864731184,9.055726914711395,18
4,T,306,False,8.958108043496729,0.23279874109527932,0.2513326010549148,8.60319477696826,42
4,T,409,False,5.564520151257902,1.1182032051674111,1.122208193939143,4.484435635067919,281
4,T,112,False,6.7287323988282015,1.7904670934451656,1.7929710636838123,8.583809272365723,45
4,T,205,True,7.484310095782645,1.7009355297853397,1.7035711018280442,10.124485592847535,4
4,T,0,True,6.803484780573916,1.805668956461091,1.8081518749332888,8.897606677883408,27
4,T,263,False,5.94584989244312,0.975659099330579,0.980246652942023,6.225030278135022,193
4,T,331,False,7.153540031495418,1.755649680134316,1.7582032367884006,5.525161734572244,247
4,T,79,True,6.939772143921817,1.6710018077632462,1.673684517477986,9.404186741501793,15
4,T,100,False,6.666125368758345,0.9524373053736855,0.957136167514826,8.83787287688375,34
4,T,265,False,7.564118514696554,0.19647249822349527,0.21811525635696238,7.655604323030906,119
4,T,34,False,5.6202357383166905,1.1283309456135753,1.1323001127469285,4.217427337194305,287
4,T,218,False,7.011329818686919,1.3426634192544715,1.3460006983287902,6.179163431370441,201
4,T,314,False,6.98076793139028,1.1059026962859195,1.1099520693029716,6.28101056385696,185
4,T,407,False,7.271070068181562,1.6955803750027554,1.6982242580389573,8.19206057620894,76
4,T,446,False,7.004206633336567,1.739424359901099,1.7420017010080187,8.792334956257164,37
4,T,157,True,9.513033094686318,0.3665494559288315,0.3785912388569028,9.493627975368565,12
4,T,52,False,6.511797862558213,1.5330883398874027,1.5360119401867274,6.796834652618257,159
4,T,231,False,8.726168159767596,0.6006358667830519,0.6080594271645743,8.285896491312275,71
4,T,84,True,7.456973831330157,1.4324901955928337,1.4356186760303298,10.283516735759207,3
4,T,208,False,6.63910690187923,1.4390096888414878,1.4421240262464103,5.909665420490296,217
4,T,367,False,5.609709067292738,0.11794583937711925,0.15127472863586727,5.519496621049619,248
4,T,344,False,7.4402765710848815,0.38056437039373364,0.3921760606037306,8.19641245463396,75
4,T,78,False,6.632117908592548,1.6773083926890082,1.6799810316436512,8.069707402030366,88
4,T,114,False,5.339355615894711,1.3157199572448544,1.3191254028294215,4.423016859300393,283
4,T,30,False,6.355661145973425,1.5184661432322892,1.521417842224885,6.845103087676241,156
4,T,485,False,6.649730186592268,1.6813406797506079,1.6840069191905709,8.668958066254097,39
4,T,221,False,7.101256480691512,1.3442059782338824,1.347539437054512,6.300437745188944,182
4,T,240,False,8.274121068873365,0.21057343899294154,0.23089823669053028,8.185490615580145,77
4,T,524,False,7.58113549171138,1.3966026361049784,1.3998113250266468,8.85777672599024,31
4,T,113,False,6.362951491092825,1.5810294060703687,1.5838645160987428,5.842632547436592,221
4,T,85,False,6.750009386623493,0.9358622156597308,0.9406438801145854,8.85412578752759,32
4,T,209,False,6.239594440302488,0.1556431733655,0.18220214025297604,6.30081825037929,181
4,T,105,False,6.801116534273209,0.8320801229231912,0.837454567998381,8.533123804894089,53
4,T,425,False,6.334416032191129,1.4833349495394768,1.48635641587836,6.024343509490185,208
4,T,350,False,8.271635371156176,0.5850785830381559,0.5926970312287875,7.905734578063182,103
4,T,80,False,6.4220214828481605,1.6405639405142418,1.6432963413252943,5.634772083578021,243
4,T,419,False,7.1294715561825495,1.6666543053008154,1.6693440016591026,6.892677744622516,152
4,T,71,True,7.486858079478507,1.7049587533073916,1.7075881157284318,10.287180469050522,2
4,T,183,False,6.602534248779042,0.7759549995531684,0.7817154110218371,5.7708573567609935,225
4,T,513,True,7.474221272452502,1.6711827010152098,1.6738651208117021,9.81152248849519,8
4,T,230,False,8.380671677210914,0.20907359394879754,0.22953124010502088,8.487441320207,57
4,T,369,False,6.6155462572977015,1.7444641071791276,1.7470340133305227,8.354057571696753,65
4,T,48,False,8.191354095177873,0.4342283931539711,0.4444402321106425,7.918101336236297,102
4,T,303,False,5.184358146188833,0.8969112359514033,0.9018994332370743,4.910599956185676,269
4,T,537,False,7.055541592031888,1.7244658914256656,1.7270655555560124,6.953240882279753,148
4,T,190,False,6.6545458653037395,1.720386621959984,1.7229924409341923,5.351083835798901,255
4,T,54,False,5.03039666361231,1.299443335089413,1.3028913245569558,4.4398561261537575,282
4,T,378,False,7.073183368264226,1.658857981256169,1.661560298176017,5.741012768029509,232
4,T,525,False,6.914962297891318,1.1264642166775136,1.1304399382330608,7.833140604187408,107
4,T,300,False,5.287811860998025,0.7251481083542853,0.7313088277515051,4.8964639946588235,270
4,T,422,False,6.018715454274261,0.9822653403476098,0.9868221832456382,6.425448928323051,178
4,T,220,False,7.101256480691512,1.3442059782338824,1.347539437054512,6.300331858954349,183
4,T,224,False,6.545013666859711,1.7334137879688416,1.7360000526549444,6.89279079051951,151
4,T,91,True,7.486359770475019,1.7139785445925824,1.7165940911645912,10.005382991373239,5
4,T,123,False,7.783957200148753,1.3660337207815745,1.3693140431653488,6.894351618234197,150
4,T,450,False,7.606431590993049,0.7388969186219152,0.744943943425573,8.180938954068122,78
4,T,145,False,7.623011754191022,1.4191111323524004,1.4222690422223194,8.260606951952008,73
4,T,380,True,8.810815336192691,0.35006062211641015,0.36265032973100986,9.052574652263532,19
4,T,516,False,7.64519226893357,1.4230277633593336,1.4261770008624277,8.014697884144395,89
4,T,62,False,7.547086963168365,0.21864541350218755,0.23828268787938547,7.7108799640561605,117
4,T,20,False,8.325096957378326,0.21183977525153086,0.23205368533186707,8.572786966468996,48
4,T,204,True,7.508719868443568,1.7088299820064303,1.711453396941202,9.861685146223785,7
4,T,173,False,6.28034524880635,1.5355917822717695,1.538510625338048,5.420902726041779,254
4,T,155,False,6.347691237545938,1.378055279981839,1.3813070539106456,6.482441274216882,175
4,T,117,False,6.455848531963753,1.6814335799064517,1.6840996722683927,7.923669544087806,100
4,T,325,False,6.787091185451405,1.4677997172875341,1.4708530968682247,8.309479963772251,68
4,T,191,True,6.876023415740371,1.7328857521894592,1.735472803773862,9.610477679053815,10
4,T,95,True,6.69567974528829,0.935248536813298,0.9400333228715336,8.878549412266473,30
4,T,426,False,6.515044295318132,1.106811916389486,1.110857975062181,7.611011137573593,122
4,T,104,False,7.461242076332872,0.5502968880092374,0.5583900853795071,7.287071679555986,138
4,T,505,False,6.960995558424961,1.2654842887579376,1.2690245496406543,7.492985216827955,128
4,T,333,False,6.997042835424879,1.7949442771290198,1.79744201032904,3.3036172253472116,289
4,T,539,False,6.880522470694907,1.4379638738605216,1.441080471391324,6.053973895010348,206
4,T,225,False,6.707796613809613,1.0107754284901886,1.0152043091599872,7.311805468878489,137
4,T,251,False,6.222291296360244,1.7310261967824303,1.7336160233582658,5.438706673727517,251
4,T,172,False,4.957852717151121,0.894816723628121,0.8998165320675362,5.66905048261506,241
4,T,318,False,7.008003209847017,1.4773318018281523,1.4803655208056883,6.652414164248278,166
4,T,106,False,7.717669000011819,1.5393098215268206,1.5422216277650933,7.828227454070763,108
4,T,18,False,8.203817665237944,0.2608214973654212,0.2774899565487416,8.14500245937336,84
4,T,379,False,8.941636895892739,0.23202126948431104,0.2506126333419633,8.853087524013562,33
4,T,317,False,6.225510646401575,1.5857743362205268,1.5886009781921746,7.332914739169542,135
4,T,276,False,7.28119107978163,1.011715043565273,1.0161398288984467,7.169470118483672,141
4,T,436,False,6.874168858516636,1.7368220225065483,1.739403219601832,5.7400587892396455,233
4,T,296,False,6.34656283982202,1.6435907112838855,1.6463180885588757,5.992536194606776,212
4,T,141,False,7.937283276340935,0.29097734481192905,0.30600757783310256,7.981880287270548,94
4,T,465,False,8.41344185771076,0.19588687458339088,0.21758789059028807,8.53408375556592,52
4,T,403,False,5.76406068552221,1.1866328862710407,1.1904076735628946,5.584263554289789,245
4,T,489,False,8.291707628369139,0.3107849567413879,0.3249001567162263,8.072426445996353,87
4,T,61,False,8.268464352261585,0.5871933334751649,0.5947846949738689,7.966513416155629,96
4,T,351,False,8.306310220046436,0.5874378175434993,0.5950260599148172,7.784808275990352,111
4,T,468,False,6.085269698901525,0.24633007157794204,0.26391537784122415,5.884359519562818,220
4,T,361,True,8.09251979089329,1.4778361625830518,1.4808688483237409,10.481947658024946,1
4,T,345,False,7.622666191221452,0.15335487537684872,0.18025132537468586,7.825771186863968,109
4,T,312,False,6.9845564743492545,1.6860850596824368,1.6887438085694968,8.381144336939947,63
4,T,58,False,6.4712041416434145,1.7375625135918074,1.7401426122984753,7.558045505922604,124
4,T,502,False,7.206869687391119,1.7888895413122066,1.7913957166169843,6.186982846014866,199
4,T,41,True,7.496819385821147,1.6836003537218558,1.6862630202758524,8.956476590662685,24
4,T,176,False,5.661562136206578,1.0910350633767096,1.0951394121366023,6.644050373884168,167
4,T,33,False,6.3803611892471945,1.509172174809156,1.5121420157232852,4.732839785492276,273
4,T,137,False,6.001683043298161,1.02354788981842,1.027921740819418,4.4036479713636,285
4,T,328,False,6.78422562191613,1.4676099580777915,1.4706637316349984,8.263324217983325,72
4,T,343,False,7.123149675112909,1.3519104542425784,1.3552249624279566,6.223935645918747,194
4,T,97,False,6.612147021811452,0.9425283057435027,0.9472763216850719,8.760218610369789,38
4,T,90,False,6.260652707689179,0.9725078787740528,0.977110227546048,5.909842887740371,216
4,T,307,False,5.473430707093804,1.4834719865161394,1.4864931743118173,5.9007568797244465,219
4,T,439,False,6.049020903118157,0.5626721259248024,0.5705898209661812,6.005233833903518,210
4,T,207,False,6.126047708981863,1.4928442373410589,1.4958464959546784,5.44057370833677,250
4,T,508,False,6.368936671146029,1.1907063647336524,1.1944682789905774,5.129732285887329,264
4,T,310,True,6.772200773251676,0.8860613729142813,0.8911103069026995,8.880171449467998,29
5,T,322,False,7.279460275202748,0.6705397512752498,0.6776616839313354,6.915937908996128,135
5,T,384,False,6.494608395689632,0.3518129473110685,0.36520425753827124,7.007713540225287,129
5,T,144,False,7.805225441109725,0.1851446027125296,0.20947630830707262,7.762481936292518,92
5,T,457,False,6.520994705532301,1.5767859411487806,1.5798277450509677,6.1375711008120595,178
5,T,530,False,6.80899638803888,1.3402161914979127,1.34379360014161,6.535772992834595,156
5,T,385,False,8.541823933573076,0.22002151761938257,0.2408552844425789,8.40383097804687,56
5,T,111,False,6.344878732549619,1.5221856674484748,1.5253363583203339,7.476274794720144,103
5,T,70,False,8.229944419203793,1.2434723878093175,1.247327294286702,7.997698184200141,83
5,T,326,False,6.402544963502564,0.13344855756542207,0.1655606153185928,6.496679714448541,157
5,T,435,False,6.635530754027391,1.602474552817769,1.605467686456781,7.445309047455625,106
5,T,427,False,6.496018526009712,1.4680739293626777,1.4713404982881262,7.450587614551459,105
5,T,432,False,6.618543779239799,1.6039850597384238,1.6069753799272888,7.326958549527845,115
5,T,388,False,8.615586435663747,0.14029357930373562,0.17112594257514802,8.660868613564276,33
5,T,26,False,5.770029307602002,1.4506788064673655,1.4539844563687603,8.204717070038699,65
5,T,447,True,6.6787237005371605,1.609077983770113,1.612058856767355,9.411321668498353,8
5,T,356,True,8.526297838254166,0.6721777861382773,0.6792825450474456,8.83532060353913,25
5,T,55,False,5.625049349339952,1.3854427063528585,1.3889036296355166,5.903580082758787,201
5,T,291,False,5.587936277449836,1.2078940351551464,1.2118621208667928,5.967952127509135,195
5,T,76,False,6.205262685865963,1.5178797405101379,1.5210393507334066,5.294619005884897,233
5,T,496,False,7.90047608624943,1.2099900289132006,1.2139512633947653,8.225975374612492,63
5,T,47,True,8.441943855196417,0.5157369979447255,0.5249632852661386,9.198733643554068,15
5,T,451,False,6.153070741339169,1.1248756592667954,1.129135531563544,8.557333009348362,43
5,T,213,False,6.6937823724686,1.4053613509432883,1.408773341085614,8.491301672644113,48
5,T,319,False,6.109683403027958,0.3907534987947574,0.40285245022057864,5.093682902877606,239
5,T,292,False,5.576259879230892,1.2148739907578259,1.2188193521798976,5.933540841842053,200
5,T,138,False,6.039929559251837,1.127847920578605,1.132096608855385,6.365153940320619,160
5,T,404,False,5.700374909404854,1.1973283872072076,1.201331372536567,8.492792430335237,46
5,T,283,False,6.06244611156094,0.47428818980094634,0.484304745808915,6.078003592715609,185
5,T,126,False,6.806784685543349,1.505315861726779,1.5085017876670266,6.588172307868265,153
5,T,216,False,7.2256619413386955,1.310771566576922,1.3144291154622592,8.005544542633267,80
5,T,89,False,6.255287870032712,1.0742881672961977,1.0787478232752095,5.379377204098716,225
5,T,484,False,8.184765510809523,0.2244019977550533,0.24486334234596702,8.587986726315824,41
5,T,382,False,5.91380097622616,0.537943331755383,0.5467950511923653,6.972567683586496,132
5,T,281,False,6.620694133451238,1.555068892658205,1.5581530928447294,8.024307031392027,77
5,T,226,False,6.475937183866759,0.6522863117006131,0.6596053610003247,5.964654001270432,196
5,T,87,False,6.491670827478625,0.5545686628493319,0.5631591263957952,7.091368196702993,123
5,T,35,True,8.940576599700538,0.9844818161813261,0.989346373228336,9.020798149641264,18
5,T,490,False,8.271945809141283,0.15274422267303064,0.18147340683518254,8.251283676103817,61
5,T,124,False,7.515075336633509,0.25594868463224846,0.2740648262607909,7.473897539867501,104
5,T,278,True,8.926385350654414,1.3704202685132456,1.373919034070165,11.736400014332535,2
5,T,10,True,8.043377441335297,0.30883131062968927,0.3240039787620376,8.753142779688073,27
5,T,169,False,6.13598975350697,0.3354816362082815,0.34949925330587617,6.065079632287388,187
5,T,32,False,6.412682496458252,1.4919420581014702,1.4951564816300769,6.846279007306377,139
5,T,304,False,5.30691089903601,1.1509586070932385,1.1551222944218447,5.390484415282165,224
5,T,215,False,7.2256619413386955,1.310771566576922,1.3144291154622592,8.005545854698932,79
5,T,330,False,7.213060980210015,0.7232878873305699,0.7298953128959649,6.704219838134785,147
5,T,412,False,5.529886730526283,0.8323446384425569,0.8380927138285179,5.329064771072892,229
5,T,236,False,8.49092513588423,0.34364676737882177,0.3573442325801458,8.416284035015607,55
5,T,452,False,7.208846501926647,1.5820546924831642,1.5850863856069102,6.331971350202159,163
5,T,540,False,6.841774891225342,1.6626910557936587,1.6655759805078274,7.679981670977953,96
5,T,461,False,6.518820511183966,0.6652525611720854,0.6724304945304003,5.741050109615498,211
5,T,44,False,6.167252593839413,0.45094421271369073,0.4614677483945651,6.298530975415837,169
5,T,143,False,7.73020538566634,0.312495825388423,0.32749876444586945,7.6872194585019065,94
5,T,217,False,7.119238764484158,1.3095153650269253,1.313176412775519,7.919181800216996,87
5,T,256,False,5.804307477984343,0.6203084202186517,0.6280002675338114,6.081838467659308,184
5,T,36,False,6.444766564762519,1.1701499122133627,1.1742455522084467,8.212498308250542,64
5,T,152,False,7.0628520801392245,1.4399323211890134,1.4432625850596834,7.252777938202607,118
5,T,50,False,6.617187911192852,1.5673933631764096,1.570453359625123,7.685938224801053,95
5,T,232,True,8.244168017726203,0.3835296749623013,0.39584948074371373,8.701032513664675,29
5,T,497,False,6.946962495383093,1.523182298531597,1.5263309321337815,5.852410179529722,205
5,T,531,False,6.651109010556019,1.6266835041019923,1.6296321739416892,5.411550946648365,220
5,T,401,False,5.541711331087458,1.0112638926826794,1.0160002266102626,5.615127474801427,215
5,T,29,False,5.458332569613411,1.2112122090295545,1.215169459429685,4.375096736016942,251
5,T,455,False,6.470805232226285,0.15591940330656157,0.18415390344995,6.332191143200763,162
5,T,4,False,6.0411222650774485,1.127418576322218,1.1316688765114982,6.308553404078522,167
5,T,37,False,7.003406524034796,1.2087160596460798,1.2126814555664338,4.567324546543272,248
5,T,311,False,7.0209106434127255,1.5697475281449407,1.5728029444102432,5.986171783065375,194
5,T,445,True,6.670887023522488,1.6088641235894554,1.6118453920899627,9.321804434380272,12
5,T,327,False,5.6752489491867495,0.1339154758906384,0.16593720050487612,5.559497439351494,217
5,T,509,False,6.54915130394925,1.0376850376590394,1.0423013178586227,6.29133811996857,171
5,T,357,False,7.182402357399072,1.626974285856637,1.629922429647219,3.2208847271358723,258
5,T,348,False,7.734862568537265,0.6360102546418193,0.6435144472643417,7.521602093029779,101
5,T,444,False,6.225867779364352,1.4845252791126868,1.4877557273131166,6.7151727731299236,145
5,T,93,False,7.281455161886306,1.5236624656343278,1.5268101090218322,7.192679820720929,121
5,T,534,False,5.785169394755233,0.2050770134622546,0.2272848021293484,6.029618016687621,190
5,T,257,False,6.35546434039666,1.5831610620160788,1.5861906405322967,7.040407074195745,127
5,T,160,False,7.615324715529074,1.4824314981959072,1.4856664991416284,7.326569686581933,116
5,T,399,False,5.467298220568443,1.032540476124589,1.0371796539963425,6.69365727369525,148
5,T,16,False,8.251780876723052,0.17147897643139576,0.19750149160535088,8.441721716693813,52
5,T,309,False,7.383423851784201,1.3145220802440014,1.3181692225497437,6.490675672082607,158
5,T,405,False,5.700374909404854,1.1973283872072076,1.201331372536567,8.49274640203537,47
5,T,148,False,7.896106574114134,0.1493827429230769,0.17865330590728343,8.069432949041085,73
5,T,463,False,6.362201402232395,0.25682390614415646,0.27488237228953366,6.313568979941916,166
5,T,243,False,8.469416100819117,0.38049584535724734,0.3929107890635043,8.612613271335938,38
5,T,453,False,6.635212718685663,1.4101257234856028,1.413526213362941,2.942768377001664,259
5,T,501,False,7.031244989663934,1.56722643179506,1.5702867535407206,6.112697613927482,181
5,T,72,False,6.601427061173101,1.4254919166398523,1.428855837456648,7.595268867765643,98
5,T,73,False,5.573683207157876,0.7344197269051795,0.7409278879188297,5.172996352152134,236
5,T,376,True,8.948900185276637,1.371395539965312,1.3748918236956422,11.78844569016273,1
5,T,110,False,6.336641624731031,1.521332565552883,1.5244850195525363,7.528075849520053,100
5,T,214,False,7.2256619413386955,1.310771566576922,1.3144291154622592,8.005489724978478,81
5,T,470,False,8.278952030122745,0.2581601713694108,0.276131262101673,8.1634114347913,67
5,T,135,False,6.056311365997382,1.3980584377474712,1.401488207294403,5.144733097807471,238
5,T,92,False,7.277166898074823,1.5237083848734247,1.5268559335975218,7.373337749925186,110
5,T,287,False,7.977329183842162,1.335238052036467,1.3388287625512525,6.779368042161378,141
5,T,372,True,8.378007070814718,0.5002121419775698,0.5097195177842102,9.341098078273063,10
5,T,441,False,6.849908129668459,1.2423650905413988,1.2462234221937563,6.980278530508017,131
5,T,364,False,5.339135154059209,0.4758228868196146,0.48580780093544307,5.379321187568488,226
5,T,396,False,7.456641788535234,0.30674053737377266,0.32201173440843756,7.7152682780977875,93
5,T,421,False,6.063204338057137,0.17765708503365873,0.20288873722076334,5.961196150604799,197
5,T,290,False,5.5826939998680825,1.2100622486754748,1.2140232475113177,6.013685309302433,192
5,T,74,False,5.58244982669847,0.7415278074447793,0.7479741232437396,5.149730660556106,237
5,T,431,False,6.620507102543691,1.6132336867664516,1.6162068951549666,8.062271210666712,75
5,T,179,False,6.6786605414914,1.4983542832862535,1.50155498003591,5.0066395367312495,240
5,T,359,False,7.426116694207098,1.1482624012351972,1.1524358298485866,7.328233337119054,114
5,T,285,False,6.721419535634448,1.4377391919217033,1.4410745240326925,5.620485354371714,214
5,T,458,False,6.540471542847269,1.5766333801321974,1.5796754778040514,6.085031497218255,183
5,T,46,False,8.457936808625114,0.1857750461433817,0.21003372966729628,8.464377340154263,51
5,T,519,True,7.703162587859972,1.3698531416380957,1.3733533520125618,9.128114468160579,16
5,T,212,False,7.190930306647753,1.6292685909334563,1.6322125906972627,3.2490593211781214,257
5,T,437,False,6.4615019856854286,1.108522237714452,1.1128447112404476,7.215286321873438,120
5,T,264,False,5.500972126111893,1.017840812069405,1.0225466828181904,6.763961540361325,143
5,T,170,False,5.503436917104603,1.3033886016012917,1.3070668103094614,5.1805492251208864,235
5,T,316,False,5.681781509696326,1.4499768572104137,1.4532841037712372,8.017265902828496,78
5,T,417,True,8.583133035604018,0.6641337215992085,0.6713236179322118,8.915471385016719,22
5,T,354,False,8.531609098367397,0.6620715979217715,0.6692836473447317,8.677068823571517,32
5,T,60,False,7.002487821859968,1.6492595599908302,1.6521679382101344,8.49016942752261,49
5,T,321,False,6.148841624751774,0.2577305268537161,0.27572962173236554,5.745486869670708,210
5,T,7,False,8.18973304015069,0.31828751930179955,0.33302964548471164,8.532347937287048,44
5,T,483,False,8.805919686821039,1.138441059244482,1.1426503599973517,8.65389364194469,34
5,T,128,True,6.522226750608033,1.4317717680833437,1.435120969015812,9.090315348316233,17
5,T,289,False,5.575369474701635,1.2189417176150652,1.2228739553898205,5.90179081999792,202
5,T,349,True,7.956953929937894,1.3789655379218295,1.382442676787873,9.468148021987085,6
5,T,118,False,5.600528691619655,0.2046186807625846,0.22687133874819845,5.352719924813588,227
5,T,163,False,6.64497498219931,1.567047132750631,1.57010780397091,8.137523586575856,69
5,T,94,False,6.24572754433505,0.10608457648144658,0.14441515569921043,6.189163923672962,176
5,T,184,False,7.294436952101437,1.5269323335512504,1.530073250231062,7.824253054975335,91
5,T,101,False,7.97540074325031,1.3573752402373167,1.3609075437507474,7.012612861475055,128
5,T,201,False,7.076162197628359,1.610224383376539,1.613203138060652,8.377236401253924,57
5,T,395,False,6.860030467887234,1.6675674745428812,1.670443977504694,6.007089402363162,193
5,T,178,False,5.822002791893855,1.2032117555082416,1.2071952321068882,4.682884919929506,245
5,T,146,False,7.732423206385098,0.6604619520935314,0.6676913882862182,7.358847318568447,112
5,T,150,False,7.941676853599365,1.3219073845925775,1.3255342067516658,6.956458049750562,133
5,T,98,False,6.154314345686542,0.1413986406133941,0.17203306483259284,5.842533041474301,206
5,T,132,False,4.606291441145132,0.7718355868959612,0.7780308303836115,3.603778161668382,255
5,T,295,False,6.450621896917665,1.546026464252346,1.5491286673472253,4.5882199314440255,247
5,T,88,False,6.800261788308102,1.4144964237655935,1.4178864315148914,8.282279222271026,60
5,T,323,False,4.997595508982972,1.2126461650685054,1.2165987512256176,6.33696528736805,161
5,T,298,False,5.757300531986275,1.3500790272797216,1.353630370422051,5.8252826514485925,207
5,T,222,False,7.3544807319825765,1.3102774664442762,1.3139363907358723,7.9151024706964455,88
5,T,122,False,6.23104226559262,1.2235517742803723,1.2274692436770163,7.398154152878334,108
5,T,408,True,6.465452670021301,1.3432509899369243,1.346820337608141,9.333707883069682,11
5,T,456,False,6.610406957724092,0.40757541301289535,0.4191891185622684,6.660909587595326,150
5,T,332,True,7.665388817091815,1.461804045154965,1.4650845935507608,9.974277268584656,3
5,T,499,False,8.125201364512538,0.9085577877120494,0.9138265992192353,7.834300003053497,90
5,T,130,False,4.802079856724889,1.0732570831440094,1.0777210058021354,4.5299353224149135,250
5,T,288,False,5.56277809421334,1.2101596632837417,1.2141203443099857,5.866059303460138,203
5,T,125,False,6.432392165712239,1.5233370931553045,1.5264854074675043,5.595608433115816,216
5,T,352,False,8.520810076178364,0.6543911466231591,0.661686914338762,8.607583002614938,39
5,T,83,False,6.6556679236999585,1.4053055482576444,1.4087176735570892,6.926723038193378,134
5,T,410,False,6.546920048552193,1.1719792698990492,1.1760685392023236,8.140898986679247,68
5,T,223,False,6.225087525327828,1.5154265263958648,1.5185912408323103,5.459367857191725,219
5,T,198,False,7.172266328435887,1.6167527811254503,1.6197195297659586,7.2645142076029705,117
5,T,368,False,6.154095290547012,1.406325122753198,1.4097347802743525,6.894524525389835,137
5,T,86,False,6.478129668792426,0.540744969220974,0.5495515640648941,7.062882355743967,125
5,T,262,False,6.013371877011538,0.24956375006615544,0.2681116654967885,6.292754309636556,170
5,T,147,True,6.967787511544863,1.2943526009873252,1.298056414610333,8.882835893108284,23
5,T,294,False,6.89349416162891,1.4948465939878546,1.4980547851749177,6.238523312786303,174
5,T,305,False,5.199212108100285,1.0528582624632232,1.0574083036677255,4.849214712254044,242
5,T,392,False,6.451805680200149,1.4803081524385966,1.48354778352588,5.328171824379384,230
5,T,293,False,5.595105304437116,1.2010985432714472,1.2050890052096448,5.957384490207689,199
5,T,266,False,7.552449754955399,0.2069245167932152,0.22895317311294225,7.5900781157115516,99
5,T,523,False,8.355948690482743,0.2914824269977741,0.3075122844324955,8.42935183753821,54
5,T,193,False,6.374647671608112,1.1161976923434545,1.1204905569531731,6.752612641581256,144
5,T,5,False,5.943516356075282,1.3912287130370875,1.3946752782663103,4.680559923775482,246
5,T,306,True,9.610527329297062,0.25803453241093005,0.2760138035405233,9.780191491209068,4
5,T,409,False,5.688521751712846,1.1633198433615635,1.1674394450193775,7.9323337231850495,85
5,T,112,False,6.715885148316756,1.6575577972506919,1.6604516406854326,8.559748317636544,42
5,T,263,False,5.8758394739636985,1.0379350474842413,1.0425502206726032,6.557974892295412,155
5,T,331,False,7.078812355482932,1.6326635649396692,1.6356014539336559,8.601511128888227,40
5,T,100,False,6.181385865182829,0.14681505661894534,0.17651192786438946,6.045148347615993,189
5,T,265,False,7.537615473862506,0.23633065076777926,0.25583974734333476,7.497905506202185,102
5,T,34,False,5.779480810686691,1.235933094198596,1.239811442584595,6.1476719621332405,177
5,T,218,False,7.119238764484158,1.3095153650269253,1.313176412775519,7.919224941543395,86
5,T,314,False,7.10701676116294,1.0704331226547708,1.0749087728290354,8.375319296005296,58
5,T,407,False,8.080483017164111,0.9216411485973585,0.9268355876940837,7.059694100354546,126
5,T,446,True,6.683753171869265,1.6113456868220881,1.6143223724735176,9.283471067740441,14
5,T,52,True,6.455800183167157,1.448516192983193,1.4518267669260345,9.361757136624849,9
5,T,231,True,8.80170110823304,0.6955899498037559,0.7024579546822506,9.006825526068651,19
5,T,208,False,6.701172164546105,1.4056713153959697,1.4090825549822887,8.507518890250635,45
5,T,367,False,5.610268315292194,0.13204273732977367,0.16442957249205178,5.409784882032832,221
5,T,344,False,7.447710807075501,0.46070691172715666,0.47101237599616574,7.613442505989545,97
5,T,78,False,6.572414625902828,1.5261359088872932,1.5292784613090005,5.336211452757007,228
5,T,114,False,5.5677502298216535,1.3567242426694637,1.360258236687214,5.240505161506972,234
5,T,30,False,6.4381569146894915,1.4991164157405594,1.5023154887609997,8.178475506118765,66
5,T,485,False,6.611241531224907,1.5848698045824563,1.5878961229581778,6.611680351716359,151
5,T,221,False,7.256919509095044,1.3121271630788958,1.3157809437432397,8.125246434470089,71
5,T,240,False,8.317967049140474,0.25809385518390515,0.27606926288898936,8.122835244299027,72
5,T,524,False,7.079512783342143,1.3685005921876836,1.3720042531444354,8.642117948061962,35
5,T,113,False,6.308425823129918,1.515632003917376,1.5187962902005592,5.759785148213195,208
5,T,85,False,6.27203694943681,0.1769767265600025,0.20229325636875092,6.4075289925867684,159
5,T,209,False,6.271005926315057,0.18144731233731315,0.2062157292323109,6.0490390100862275,188
5,T,105,False,6.290786485097318,0.2397336644646825,0.25898654348449124,6.32436978827518,165
5,T,425,False,6.458899712954547,1.4520064501494199,1.4553090843885703,5.40333176978776,223
5,T,350,True,8.534529926718808,0.6533567106817464,0.6606639018602807,8.682036635947753,30
5,T,80,False,6.450121110573577,1.4609568537969218,1.4642393002800396,5.721427463184792,212
5,T,419,False,7.022409410841754,1.5675411472951244,1.570600855816555,6.122945919976579,179
5,T,183,False,6.573705602891236,0.7207945464014244,0.7274246201156614,5.96065179312217,198
5,T,230,True,8.378065345761337,0.2570388313093245,0.27508318856164704,8.945999700735873,20
5,T,369,True,6.67036576068874,1.6347181154543138,1.6376523186631777,9.302016816287791,13
5,T,48,True,8.43482604443871,0.5168249099035502,0.5260321162488011,9.467814583603893,7
5,T,303,False,5.249463577020266,1.019926729494443,1.0246230201228206,3.4307512832551024,256
5,T,537,False,7.077607227565469,1.6095175887715518,1.6124976491125096,8.431677650010247,53
5,T,190,False,6.539041565741795,1.4693337568995415,1.4725975312327872,6.120331707317993,180
5,T,54,False,5.043272540974087,1.2798678700035022,1.2836134793993406,3.69032279896082,254
5,T,378,False,6.864908290022096,1.5595011933291374,1.5625766451036516,7.345048125052894,113
5,T,525,True,6.63745042162402,1.151846811719051,1.1560072999318483,8.94338033617528,21
5,T,300,False,5.043428857217422,0.6815503318723487,0.6885583887396101,4.189478261854127,252
5,T,422,False,5.95375927232393,1.0421288511684845,1.0467255333974255,6.2392234968572176,173
5,T,220,False,7.256919509095044,1.3121271630788958,1.3157809437432397,8.125366105328888,70
5,T,224,False,6.64364683404424,1.6246430546477173,1.6275954211177437,5.328004389112125,231
5,T,123,False,8.014953206429487,1.3379087707404425,1.341492332684977,6.772129205704254,142
5,T,450,False,7.651532366528179,0.6945516487136307,0.7014298201240107,7.364291579242581,111
5,T,145,False,8.66470146104665,1.025111406135195,1.0297840525162816,8.035897578386734,76
5,T,516,False,8.692949327253688,1.0551176903092803,1.0596580298530134,8.243324247656641,62
5,T,62,False,7.518278116900918,0.26447832246983594,0.28204712883636635,7.3794837907685285,109
5,T,20,False,8.36062611038128,0.2586839712054165,0.27662103460688603,8.48221206009066,50
5,T,173,False,6.264530685415711,1.4647062573224916,1.467980320054748,5.710630086691636,213
5,T,155,False,6.127683825033692,1.3708144580421573,1.3743122200598352,6.1125823163700534,182
5,T,117,False,6.304598671386265,1.5925287287141285,1.595540520202548,6.894824150001502,136
5,T,325,False,6.832431953691265,1.3547340330154558,1.3582732052273951,8.06512332696769,74
5,T,426,False,6.514830083525471,1.2189198120445177,1.2228521202594456,6.330254215664123,164
5,T,104,False,7.428095178635989,0.631034879139258,0.6385975403324674,7.230137245859807,119
5,T,505,False,6.912178929458629,1.256127413586664,1.2599436015125047,5.854611135372745,204
5,T,333,False,7.090454302993491,1.650984677330885,1.6538900219209698,6.99931533108728,130
5,T,539,False,6.739214362278774,1.3865106020664855,1.38996886636757,6.602720275889246,152
5,T,225,False,6.677846728872847,1.1091436270087591,1.1134636882999485,6.284524499782772,172
5,T,251,False,6.312323046056894,1.6248711058383656,1.627823058694271,4.803628829003548,243
5,T,172,False,5.182886268287037,1.0245029606207492,1.0291783694525745,5.409368192692636,222
5,T,318,False,6.962238460105954,1.4566558683461277,1.459947984900692,6.305260444907558,168
5,T,106,True,7.696167263712838,1.4601463684818798,1.463430632868945,9.583941265687077,5
5,T,18,False,8.111893566080944,0.317251850388553,0.3320399620577923,8.681082074233796,31
5,T,379,True,8.68079557373593,0.27800470619714485,0.2947684116321492,8.871602995983093,24
5,T,317,False,6.203912509440634,1.5186589849565328,1.521816977306268,5.2964807889855345,232
5,T,276,False,7.569730483818032,0.9565042030577339,0.9615103173109948,8.00025038285149,82
5,T,436,False,6.614879237113897,1.584498888855176,1.5875259143118474,6.586541502139734,154
5,T,296,False,6.4515933039935796,1.5446772384581564,1.5477821457941348,4.565627349630914,249
5,T,141,False,7.8519182681695305,0.3560597305226956,0.3692970776059214,7.904333480756747,89
5,T,465,True,8.385217868498241,0.24294427780404393,0.2619612985654709,8.757769889920908,26
5,T,403,False,5.741987624616886,1.0966839493236333,1.1010528981536085,5.751554960351999,209
5,T,489,False,8.232692723685545,0.37899973249794083,0.39146212723824253,8.638764853692702,36
5,T,61,False,8.540750717364897,0.6565995312586403,0.66387102985252,8.6173592200074,37
5,T,351,True,8.522731377864556,0.6576486820552273,0.6649087071450913,8.733262510253807,28
5,T,468,False,6.126335803050964,0.29574644000042566,0.3115569877266512,6.707922759458295,146
5,T,345,False,7.610756348118682,0.18010792339372092,0.20503820106891726,7.441875914227097,107
5,T,312,False,7.016618747977677,1.5696295764228374,1.5726852218450187,6.073631171563126,186
5,T,58,False,6.644635184535609,1.6575739739252537,1.6604677891674797,3.943237561355568,253
5,T,502,False,7.065217739672175,1.661524137859002,1.664411085193943,7.132286481041461,122
5,T,176,False,5.822002791893855,1.2032117555082416,1.2071952321068882,4.682966484107989,244
5,T,33,False,6.412682496458252,1.4919420581014702,1.4951564816300769,6.846306324729855,138
5,T,137,False,6.036049039105565,1.122930864946109,1.1271980869736231,6.190323242942726,175
5,T,328,False,6.832239466831926,1.3543128809232972,1.3578531508462688,7.965435447269665,84
5,T,343,False,7.298227618058954,1.3210102200646685,1.3246394986348864,8.352501739607906,59
5,T,97,False,6.155682128144683,0.20691552991176365,0.22894505093372353,6.013965626485355,191
5,T,90,False,6.282248575890177,1.0841324209848322,1.0885517470744388,5.482935338974767,218
5,T,307,False,5.673363210358524,1.4758586763081831,1.4791080529368101,4.879783609663116,241
5,T,439,False,6.0614687603712545,0.5258763992905771,0.5349278335992639,7.072259864794992,124
5,T,207,False,5.986005438630579,1.4363758022631608,1.4397142928913076,6.785029185333661,140
5,T,508,False,6.432475955513424,1.1069398435866677,1.1112684721290602,6.671701619895233,149
6,T,322,False,7.350457291030937,0.6911794886778593,0.6986561263402145,7.517015814347144,78
6,T,384,False,6.495792359529852,0.36362882032036853,0.37764694659338827,6.6938318323231965,105
6,T,144,False,7.866632772540514,0.18984929445612642,0.2154856187990642,7.821764980158591,59
6,T,457,False,6.611689215002333,1.5162315256188965,1.5196543477331723,3.902263960873924,224
6,T,530,False,6.833178681156888,1.3231037687462273,1.3270248227422863,6.641986345124314,110
6,T,385,False,8.569551672739301,0.22697330660055542,0.24881354306571887,8.04666242256234,39
6,T,111,False,6.377941688199001,1.472100553958562,1.475625744648294,3.6307917826512917,225
6,T,70,False,7.990822162196395,1.232291677819229,1.2365007385870244,6.174559964945573,140
6,T,326,False,6.400133282060851,0.13821497836618124,0.1717401454188582,6.552863822343365,114
6,T,435,False,6.706452548066334,1.53627765761206,1.539655915645351,7.833853721154648,58
6,T,427,False,6.498138470185682,1.4258536699669877,1.4294929120013342,8.272298170372924,31
6,T,432,False,6.695726091498087,1.5373068595268746,1.54068286082896,7.8697637131397595,52
6,T,388,True,8.614775256875628,0.14531866624286863,0.17750721693027824,8.629116559175136,15
6,T,26,False,5.908348000893158,1.4124364195613948,1.4161101428233396,5.628107252639813,185
6,T,55,False,5.726036009127297,1.3520364508868994,1.3558738369887406,6.224332565040972,137
6,T,291,False,5.663598315784828,1.1961003233126601,1.2004362876606056,6.741880161890464,101
6,T,76,False,6.268657048194283,1.4669365521404307,1.4704741226248699,7.914336287907106,50
6,T,496,False,7.884192774043619,1.2038988890586504,1.2082068665507488,7.506858571319008,80
6,T,451,False,5.415633861874294,0.9395607195070443,0.945074411326601,5.8939611052973415,163
6,T,213,False,6.145007418365918,1.335648120979423,1.3395324558888413,4.9872965524439286,203
6,T,319,False,6.128649428508878,0.39438151800741705,0.40734270467207495,5.416643755904365,195
6,T,292,False,5.656602228705154,1.2025165245053118,1.2068294365866539,6.719625909929169,102
6,T,138,False,6.088902029465303,1.1312943670374893,1.135877740865838,4.854401918067509,212
6,T,404,False,5.489847294930987,1.1371894463890369,1.141749155586432,5.851698945715891,167
6,T,283,False,6.092615372916187,0.4864995379232264,0.4970644804280823,6.490613975747602,118
6,T,126,False,5.438510030771112,1.194034914349859,1.1983783517696744,4.614222466265387,215
6,T,216,False,7.019005492076638,1.2900964806158572,1.2941175474434878,7.846932955396421,56
6,T,89,False,6.299847711311165,1.0768695016302394,1.0816835123293165,6.470596928208702,123
6,T,484,True,8.206061260990351,0.22167668765377777,0.24399149811597365,8.309038138107079,27
6,T,382,False,5.897783725399766,0.5484706008370795,0.5578631528307938,5.675661030466438,182
6,T,281,False,6.674359408840987,1.5009246403994025,1.504382289666361,6.350716249811574,130
6,T,226,False,6.487102023022574,0.6689885266597938,0.676710385694034,5.70767972839259,179
6,T,87,False,6.496049541277629,0.5720639107714042,0.5810752234528673,5.808421871170911,170
6,T,490,False,8.273861275930212,0.14515667423946343,0.17737462439703242,8.268085617042555,32
6,T,124,False,7.5342561443650515,0.2641009914220973,0.2830912061047841,7.481335949107917,82
6,T,169,False,6.1538649254510975,0.3486139900119756,0.36321207487609286,6.369258792887719,128
6,T,32,True,6.35713159776803,1.444099615537641,1.4476929912449288,9.553328745448361,1
6,T,304,False,5.4060929757342,1.145858977004279,1.150384323817488,5.8153498144577185,169
6,T,215,False,7.019005492076638,1.2900964806158572,1.2941175474434878,7.847099133239995,55
6,T,330,False,7.292100770224339,0.7424846668417029,0.7494496499423834,7.405439133664202,86
6,T,412,False,5.558105381521095,0.830704604579177,0.8369357426784768,7.1780356406468595,91
6,T,236,True,8.50156454804393,0.3520364936256496,0.36649828123467193,8.531539717603764,18
6,T,452,False,7.188860768229277,1.5209284222685155,1.5243406977995184,5.751166211281631,175
6,T,540,False,6.814974771834776,1.5763891274503419,1.5796816066686912,7.516401063556509,79
6,T,461,False,6.543980073120639,0.6815566205522383,0.6891376671771137,5.623734415713573,186
6,T,44,False,6.184519634125012,0.46176670644300466,0.4728845403298216,6.0234803511020445,154
6,T,143,False,7.823077797724423,0.31961028918165674,0.3354728517399118,7.818059019079271,62
6,T,217,False,6.932651478142251,1.2891712337571464,1.293195177554668,7.991145166921347,46
6,T,256,False,5.832431723004815,0.6316047614994424,0.6397779865332146,5.750362865751753,176
6,T,36,False,6.384512704472365,1.1601282184586275,1.164598119768238,5.937541109991393,162
6,T,152,False,6.9230097505081805,1.400739896953681,1.404444216130187,7.419366829898053,85
6,T,50,False,6.628509054414269,1.5110633138107266,1.514497816323411,6.676787390860477,107
6,T,497,False,6.541121390448939,1.4261986234240431,1.42983698747807,5.563458738517353,191
6,T,531,False,6.689325161708845,1.549319118948214,1.5526690019583043,6.023555671774752,153
6,T,401,False,5.552607309552007,1.0010114717392378,1.0061884832660735,4.2184603259472375,221
6,T,29,False,5.562597875926661,1.2055707441189292,1.209872768674126,5.688638075400657,181
6,T,455,False,6.4586897354517605,0.16149423838325663,0.19097561712091607,6.111921434926707,143
6,T,4,False,6.0906106338355,1.1307517827860323,1.1353373470372217,4.919083979306614,210
6,T,37,False,6.960185852932045,1.1974628183597233,1.2017938669579482,5.382875840142701,196
6,T,311,True,7.003040344486502,1.5112011413709503,1.514635331353587,8.373604993627946,23
6,T,327,False,5.670286260048394,0.1387970822602656,0.1722089641908619,5.723885156433539,178
6,T,509,False,6.5794464628882725,1.0181169319776295,1.0232074005221363,6.424496081134423,126
6,T,357,False,7.12359328751579,1.552383728382941,1.5557270125095364,6.460637587800564,124
6,T,348,False,7.765404702148496,0.6467578392688249,0.6547419338635687,8.211372055200002,33
6,T,444,True,6.256252288641036,1.44013444665801,1.4437376914643114,8.771273202135458,11
6,T,93,False,7.187170570751365,1.4696947624857342,1.4732257098563428,6.024681823368974,152
6,T,534,False,5.7889541969368645,0.21148927680586582,0.23477438426624558,5.694882068606303,180
6,T,257,False,6.4632310844095375,1.5210667040352561,1.524478670047044,3.4181590923608822,228
6,T,160,True,7.2996652041115055,1.4310759242545115,1.4347019196629769,9.54767852906365,3
6,T,399,False,5.478750977260402,1.0316102919950931,1.0366345025388302,6.840899239178807,98
6,T,16,True,8.249250618339396,0.16968622203297618,0.1979512850464758,8.31266359106698,26
6,T,309,False,7.238954353433232,1.2771216955825329,1.2811834851539925,6.948552364264595,94
6,T,405,False,5.489847294930987,1.1371894463890369,1.141749155586432,5.851718979419278,166
6,T,148,False,7.881909297895776,0.15440551740168837,0.18501989381633996,7.861591316629011,54
6,T,463,False,6.350402867238941,0.2673005847341314,0.2860784855646002,6.481977608955603,120
6,T,243,True,8.465871156644873,0.39253647641974104,0.4055566330659043,8.518768692443336,19
6,T,453,False,6.2861855953261045,1.348587595875877,1.3524347677629427,5.981093224184015,160
6,T,501,False,6.9417032441885675,1.5056981837354515,1.5091448962269873,5.752995303167989,174
6,T,72,False,6.598556231116737,1.3917991065499733,1.3955271585666222,8.01071701710231,43
6,T,73,False,5.522741535283506,0.7432084717707133,0.7501667346766888,5.592178594799604,190
6,T,110,False,6.37330466030984,1.4712934326679914,1.4748205525811227,3.625946454424282,226
6,T,214,False,7.019005492076638,1.2900964806158572,1.2941175474434878,7.846902018350345,57
6,T,470,True,8.307762457468312,0.2500235093111638,0.2700056527408199,8.361112784940854,24
6,T,135,False,6.005318738481976,1.3519803682095193,1.355817913042778,7.242662302946166,90
6,T,92,False,7.189220094762126,1.4700294815108985,1.4735596268271358,6.179517162834443,139
6,T,287,True,7.874132554458134,1.3068929234011926,1.3108624682016958,8.772947457194888,10
6,T,441,False,6.818264147932276,1.2319576858969148,1.2361678838831756,5.5026392860105435,192
6,T,364,False,5.306711438296679,0.48772837397489716,0.4982672617019141,5.121598197638059,199
6,T,396,False,7.4485219292106235,0.314305652135762,0.3304229717622751,7.617701343981414,69
6,T,421,False,6.052320971230644,0.18341969564653057,0.20984299381869417,6.357910697155292,129
6,T,290,False,5.660070453399197,1.1980960982977282,1.2024248658689516,6.75360428359242,100
6,T,74,False,5.531262301909267,0.7502895502907329,0.7571827431863438,5.604401990673165,188
6,T,431,False,6.699801502915238,1.543818449250425,1.547180242101648,7.555236359501358,74
6,T,179,True,6.754563630501811,1.454760579684268,1.4583276866010033,8.833426145189648,8
6,T,359,False,7.365648244601102,1.1404109466488608,1.144957826533483,6.3323872536019294,132
6,T,285,False,6.593299874602642,1.3901601749819605,1.3938926104293694,6.708143389121412,103
6,T,458,False,6.626044476461738,1.516107660523225,1.5195307616501001,3.9820634069277108,223
6,T,46,True,8.453544771408987,0.19143181713024343,0.2168811608082029,8.27361876286966,30
6,T,212,False,7.138135977695663,1.5534984519114616,1.5568393421914268,4.873328856386516,211
6,T,437,False,6.418703285841592,1.098189736360906,1.1029106919203218,5.286682403403475,197
6,T,264,False,5.51024586509224,1.0189688473939882,1.0240550811666134,6.888547134510391,96
6,T,170,False,5.50192197868769,1.285036755985772,1.2890736059427186,3.5441263526104176,227
6,T,316,False,5.838664322857458,1.411486798218902,1.4151629866732576,6.0377330659856545,151
6,T,354,True,8.488159455469873,0.14023140088279176,0.1733670761629118,8.814800342796469,9
6,T,60,False,7.023601678903325,1.5648547306030132,1.5681714272343938,7.752934665706106,66
6,T,321,False,6.153669513365472,0.2664654603802007,0.28529833311703545,5.768894516083921,173
6,T,7,False,8.279040494223215,0.30337293537861443,0.32004130237199635,7.979282295260929,48
6,T,483,False,8.558949927525065,1.1328901678129437,1.137467111450246,7.8634372455608785,53
6,T,289,False,5.657594318973068,1.2060229471976605,1.2103233644241764,6.649583616964851,109
6,T,118,False,5.5930572240008605,0.21154708033528644,0.2348264561375288,5.738652719176146,177
6,T,163,False,6.627135659745953,1.5108762147983015,1.5143111416571464,7.803479624349207,63
6,T,94,False,6.243408186105717,0.11011562721809169,0.1500558184855234,6.048962059480074,148
6,T,184,False,7.261389144094963,1.4739306245154173,1.4774514486737407,4.950650115496796,206
6,T,101,True,7.881544505613513,1.326644770010487,1.3305553889635353,8.735901358133802,13
6,T,201,False,6.986436178063967,1.5419848380237173,1.5453506197619868,7.4338777682793715,84
6,T,395,False,6.80420323150643,1.5794972343629816,1.5827832481625632,7.00696521628555,93
6,T,178,False,5.866469803222284,1.191345805089136,1.1956990108748973,4.48404059574313,217
6,T,146,True,7.7622981782561045,0.6704610879550347,0.6781661800514497,8.295201403058881,28
6,T,150,True,7.863687824806626,1.2939799667579648,1.297989002909759,8.4171665205997,21
6,T,98,False,6.160654230994035,0.1464809341435823,0.17845997134176367,6.092544394518722,144
6,T,132,False,4.592385353858488,0.7731242898874269,0.7798156608568878,4.202854569885643,222
6,T,295,False,6.451448497026604,1.4888576746302422,1.4923432824283758,8.072337432232498,37
6,T,88,False,6.07731014566915,1.2873283773080808,1.2913580635619166,6.69568360773148,104
6,T,323,False,5.128520380516428,1.201253499113221,1.2055709296575976,4.3381348829707616,218
6,T,298,False,5.694809508751069,1.3224833732108707,1.3264062611895835,7.560066919213047,73
6,T,222,False,7.110836236618191,1.2890704450652668,1.2930947025042256,7.97964683006788,47
6,T,122,True,6.282785544363459,1.2107798920927915,1.2150634734037387,9.01267220107531,6
6,T,456,False,6.581315554479174,0.41922345144137824,0.4314389870446901,6.07551421279504,147
6,T,499,True,8.03502916169701,0.9158139167628514,0.9214697105386815,9.085607195270178,4
6,T,130,False,4.768722068808451,1.066821211876943,1.0716803606553194,3.1772324899927944,229
6,T,288,False,5.64546681749049,1.1981005102707094,1.2024292619587487,6.667939593576993,108
6,T,125,False,6.408231540639432,1.4752642916754015,1.4787819405159948,8.03973269837089,40
6,T,352,True,8.457651525375919,0.1595516197882562,0.18933572478743382,8.415114328592836,22
6,T,83,False,6.472457432759496,1.355508273959386,1.359335859188626,5.674788847901881,183
6,T,410,False,6.191618762984698,1.1015995316151685,1.106305936600941,7.398876231901355,87
6,T,223,False,6.284673996647536,1.4649635952933373,1.4685059185575344,8.02113297750668,42
6,T,198,False,7.008873578898118,1.546107532668546,1.5494643590215769,6.629693501356699,111
6,T,368,False,6.175124626652529,1.3554008215592779,1.3592287093742876,6.048686839273003,149
6,T,86,False,6.478413588430884,0.5578810587854853,0.5671177770581176,6.0075755694138175,156
6,T,262,False,6.006172752764426,0.25714335502956487,0.2766116453434082,6.252118452919394,136
6,T,294,False,6.677187417390936,1.4320829538380393,1.4357064059121596,6.9174728756700805,95
6,T,305,False,5.261731670497305,1.0524582224446009,1.057383377633191,6.263803782698555,135
6,T,392,False,6.368356260173233,1.4308602596667952,1.434486800217226,5.855672186432868,165
6,T,293,False,5.667778713141465,1.1898630534868329,1.194221664246942,6.685619305650366,106
6,T,266,False,7.562269000685314,0.21409975298461115,0.23712866029183002,7.565815243896766,72
6,T,523,False,8.342747156628436,0.29936642901935395,0.3162460373309467,7.7770471442716245,64
6,T,193,False,6.4137750491351415,1.1043910130820307,1.1090855724785533,7.5288321130541185,77
6,T,5,False,6.046760688896111,1.3610635705999397,1.364875576936588,4.965725519981285,205
6,T,409,False,5.441026497863315,1.090625776058309,1.0953793318784661,6.560589946668353,113
6,T,112,False,6.841105841409451,1.5717326867845627,1.5750348999342036,6.418075008227266,127
6,T,263,False,5.937444486114156,1.0431550796556321,1.0481239514079788,6.089883594857821,145
6,T,331,False,6.912167512757063,1.555246867206296,1.5585840096891552,6.044703055460665,150
6,T,100,False,6.184477203642602,0.15291244035551133,0.18377571036239915,5.997291104973994,157
6,T,265,False,7.553651290113988,0.24418281463962985,0.2646063949889693,7.540336738895187,75
6,T,34,False,5.712107733411184,1.2190748609688788,1.2233293971576167,5.605334264043197,187
6,T,218,False,6.932651478142251,1.2891712337571464,1.293195177554668,7.991221325078963,45
6,T,314,False,6.307960648802525,0.9308562928481391,0.9364212381394963,6.579942231191864,112
6,T,407,True,8.078312407065933,0.9251655513844931,0.9307645216553431,8.635437620706409,14
6,T,208,False,6.141029073528955,1.3349037725604318,1.3387902671067637,5.038843822426446,202
6,T,367,False,5.605854880233796,0.13685732562226516,0.17064942097823046,5.819038318056529,168
6,T,344,False,7.422327458499826,0.47030877098501406,0.4812292981200968,7.906187524121579,51
6,T,78,True,6.674884574043532,1.4775578870794712,1.4810700884747077,8.325971277477267,25
6,T,114,False,5.681328749488481,1.3316477544793495,1.335543724223816,5.467461325857821,194
6,T,30,False,6.442255791668005,1.4519941788953536,1.4555680653441525,7.651908878173905,67
6,T,485,False,6.718792026915922,1.523255847125355,1.5266629205903015,5.873005673714066,164
6,T,221,False,7.055437863320461,1.2914523340888149,1.2954691924268884,7.82028250551984,61
6,T,240,True,8.30897115916404,0.2630014901359134,0.2820657389996835,8.599945206090082,16
6,T,524,False,6.936410041353239,1.1422761078415207,1.1468155927825974,6.130815899468812,142
6,T,113,False,6.328260964895196,1.4672587661762995,1.4707955616688961,5.060514759580414,200
6,T,85,False,6.265049399128295,0.18194861168729098,0.2085583721615107,6.019721173609667,155
6,T,209,False,6.264597193528328,0.18751711835805954,0.21343375314377322,6.4875650137245096,119
6,T,105,False,6.292897650955441,0.24856447197136847,0.2686551582049595,6.270193661955796,134
6,T,425,False,6.339801921728722,1.402262316752078,1.4059626247829746,4.924419424182935,209
6,T,80,True,6.633450291008209,1.42184401344474,1.425493492048411,8.940429991089808,7
6,T,419,False,6.933087876735247,1.5059268374887174,1.5093730278405324,5.784424105826411,171
6,T,183,False,6.546436388414642,0.7263701924890773,0.7334882097486952,5.960548532004651,161
6,T,303,False,5.296135661054738,1.0227585244543544,1.0278260050454915,5.232634735289623,198
6,T,537,False,6.881496991828483,1.525692097127013,1.5290937422341213,5.060094583364686,201
6,T,190,False,6.538540554026228,1.4304099015333034,1.4340375809957846,7.9331302092470315,49
6,T,54,False,5.219839417093226,1.2669882782876305,1.2710824499700957,5.984175259773773,159
6,T,378,False,6.741600555580053,1.500581602699621,1.504040040578804,6.87669684750637,97
6,T,300,False,5.030220273630527,0.6831761082516241,0.6907393808011538,4.9466174882985365,207
6,T,422,False,6.008081130494375,1.0466757092882575,1.051627946432484,6.437260649345885,125
6,T,220,False,7.055437863320461,1.2914523340888149,1.2954691924268884,7.8202907829619015,60
6,T,224,False,6.680488610719122,1.547937630306526,1.5512904965294894,6.197533820433609,138
6,T,123,True,7.89649037008884,1.3090006715275504,1.3129638438903428,8.770913643716984,12
6,T,450,False,7.531416818652081,0.692290985351884,0.6997557471741187,7.375011418994333,89
6,T,145,False,8.511342889595884,1.0404408315537084,1.0454226041500627,8.027972768588198,41
6,T,516,True,8.523098806188665,1.0683418815739916,1.073194145170753,8.275498950998955,29
6,T,62,False,7.536522477421833,0.27288702661165204,0.29130504045875194,7.452151738604193,83
6,T,20,True,8.38109718137589,0.24527317691566652,0.2656129300655946,8.584568418346871,17
6,T,173,False,6.094930031129355,1.4212194154592799,1.4248704938281738,4.937006525792648,208
6,T,155,False,6.1834997197706185,1.3317788714287384,1.3356744587240301,4.253989126092089,220
6,T,117,False,6.394084531300571,1.5285208482840071,1.5319162121155931,5.595271284452211,189
6,T,325,False,6.806734318085586,1.3274831402101046,1.331391296668942,6.528369768784941,116
6,T,426,False,6.5096419082443635,1.2054144110837737,1.2097169915943842,5.4992696489233746,193
6,T,104,False,7.457717482563271,0.6526156527604626,0.6605289452640901,7.505899974207026,81
6,T,505,False,6.7891685215283815,1.2365202425142967,1.2407149581798962,6.495438389828045,117
6,T,333,False,6.958141403740776,1.5684493673981938,1.5717584787096017,6.079320309662833,146
6,T,539,False,6.706741416408634,1.3602114394667353,1.364025827233449,6.332105345052839,133
6,T,225,False,6.548742414623144,1.1001206281845353,1.1048333330692295,5.7777515156832315,172
6,T,251,False,6.392746775284028,1.550614874628264,1.5539619643743388,6.808164261417312,99
6,T,172,False,5.23210116136779,1.0263315554922132,1.0313814808802768,4.323631337310731,219
6,T,318,False,7.072968203509585,1.4161721756571193,1.4198362329540495,7.531667332743133,76
6,T,18,False,8.117992940074158,0.2850031005677921,0.3026847611575146,8.138114874380644,35
6,T,317,False,6.269647273161089,1.467597930310393,1.471133910408932,7.765303890415446,65
6,T,276,True,7.510383881915142,0.9583271691589307,0.9637335007417229,9.021313117640977,5
6,T,436,False,6.594874332722993,1.5229405100436257,1.5263482873956604,4.984012167061024,204
6,T,296,False,6.448086883099826,1.487738853342396,1.4912270762859272,7.995591159594095,44
6,T,141,False,7.844194932914618,0.36416484035167296,0.3781630974223768,7.584649919433238,71
6,T,403,False,5.779630337685523,1.083008665354741,1.0877955076838588,5.647807135542323,184
6,T,489,False,8.310146629639487,0.32102880208013373,0.3368245671989089,8.182726359218973,34
6,T,61,True,8.50310984974841,0.1309580381439861,0.16595573222473617,8.442888207410414,20
6,T,468,False,6.134625078344884,0.3098480568456704,0.32618570728154905,6.53765204214095,115
6,T,345,False,7.621339411111993,0.18599387843220186,0.21209672349656725,7.642017670310463,68
6,T,312,False,6.998646849904427,1.510710802159767,1.51414610426667,8.04929904950603,38
6,T,58,False,6.648235927678391,1.5730634225883047,1.5763628480743126,4.847700802181901,213
6,T,502,False,6.991369703703283,1.5748287921089255,1.5781245266958446,6.34988339429301,131
6,T,176,False,5.866469803222284,1.191345805089136,1.1956990108748973,4.484068910157652,216
6,T,33,True,6.35713159776803,1.444099615537641,1.4476929912449288,9.553303202375321,2
6,T,137,False,6.084087641131225,1.1267919963298858,1.131393609800239,4.8408760848174275,214
6,T,328,False,6.805996243819937,1.3269276877130913,1.3308374753227148,6.471884921220685,122
6,T,343,False,7.104559168776273,1.2995303898433246,1.3035223555543916,7.599471352217006,70
6,T,97,False,6.159582531362414,0.21442466869684337,0.2374220626847422,6.147619791218159,141
6,T,90,False,6.330557369851148,1.0861090541286937,1.0908822918922336,6.479593632603935,121
6,T,307,False,5.806942348655955,1.4353381455388856,1.4389534006849334,8.098492522028602,36
6,T,439,False,6.080392488596609,0.5283981869411798,0.5381411908286268,5.984398001437456,158
6,T,207,False,6.046769344007101,1.3970370465376105,1.4007511580228147,7.398225635273916,88
6,T,508,False,6.481484953205461,1.0865714799269905,1.0913426951670393,7.025073575757741,92
7,T,322,False,7.162289218484775,0.8179740248514857,0.830116068006791,6.708987400359616,82
7,T,384,False,6.494227522997168,0.4503627748529634,0.4720569986819149,6.473201853240473,88
7,T,144,False,7.8666429723672655,0.24390257189685047,0.28195681514943877,7.728639591339094,37
7,T,457,False,6.342289200157403,1.8438640068443473,1.8492824707889834,4.8102532201708215,170
7,T,530,False,7.310782184857891,1.5557212294858958,1.5621394703753002,5.6332888805946375,135
7,T,385,True,8.559121538855376,0.28492896670076523,0.3181127113091871,8.728526266887592,9
7,T,111,False,5.971591183540262,1.7539928827347362,1.7596881012598302,2.7898491928684974,197
7,T,70,False,8.353117537521605,1.4491877363066572,1.456075642297793,6.026518672228249,112
7,T,326,False,6.360210607949295,0.1832745828041817,0.23151836586621655,6.670547364461228,83
7,T,435,False,6.272131578448597,1.852632304007712,1.8580251975913133,6.051799714485976,110
7,T,427,True,6.262336419844105,1.690957616933847,1.6968644151192256,8.42459968193038,18
7,T,432,False,6.260851143273621,1.8556693932282255,1.8610534860651713,6.11015480534477,106
7,T,26,False,5.128245571338171,1.766853685643967,1.772507581790551,7.460271919090236,53
7,T,55,False,5.545602606990302,1.592993680148564,1.5992623443402216,5.760400630399131,125
7,T,291,False,5.490054053836472,1.4949392804034318,1.5016173391128804,4.786171037195949,172
7,T,76,False,5.68509728968236,1.7512331422243301,1.7569373066379508,7.597697896566567,47
7,T,496,False,7.4237610435089865,1.4436536540811906,1.4505678384595773,7.3996185307973565,55
7,T,451,False,5.69946618789626,1.043085699453916,1.0526342942525584,4.809089793352622,171
7,T,213,True,5.507633874401414,1.5970287469657332,1.6032816345440548,8.581154660017091,13
7,T,319,False,5.909092150422163,0.4932646185568941,0.5131482874875397,5.595454326737906,142
7,T,292,False,5.485124132823974,1.503814250370678,1.5104530713164315,4.6718828279576545,176
7,T,138,False,5.79527933315292,1.3534106973821902,1.360783486385642,7.633840103030809,43
7,T,404,False,4.547193788965117,1.298068840652679,1.3057541484156605,4.560959929664071,178
7,T,283,False,5.5212822344007915,0.6002716738602484,0.6167148964232182,5.86500542581742,121
7,T,126,False,4.960071440339016,1.32588481017395,1.3334098060541357,5.541090965064218,146
7,T,216,True,6.939944596665762,1.5015209157182041,1.5081698317399637,7.998817450198426,28
7,T,89,False,6.107763340083077,1.2990192409793149,1.3066989590053983,6.177717999643568,102
7,T,382,False,5.939006155304181,0.6993153985001193,0.7134796476499502,4.880505591992768,166
7,T,281,False,6.670684791439674,1.810129731960864,1.8156488723208641,5.934884200874182,118
7,T,226,False,6.425736382720908,0.8015195434394823,0.8139070951569058,6.180848885551792,101
7,T,87,False,6.548960024767942,0.6933950457086633,0.70767780129423,5.5361303872327365,147
7,T,490,True,8.280790536826007,0.17524658111758143,0.22521666284872774,8.198232891684976,20
7,T,124,False,7.445125063393215,0.3366914111995169,0.3652017078366948,7.1632599486539785,63
7,T,169,False,6.021098062203233,0.44288011108469066,0.464923621496805,6.490127839014804,87
7,T,304,False,5.440050738309912,1.3980573169529598,1.4051958733632208,3.850809039898727,189
7,T,215,True,6.939944596665762,1.5015209157182041,1.5081698317399637,7.998891397141944,26
7,T,330,False,7.0948116775750565,0.8871364419452772,0.8983441699363572,6.850817775221242,74
7,T,412,False,5.1221154785021366,0.9063506214231986,0.9173236233661132,4.1429871610517885,186
7,T,452,False,6.890815696416951,1.8383657673675957,1.8438003893210257,7.950857992405961,31
7,T,540,True,6.269642162347521,1.978416040504014,1.9834669672961276,7.998886292460489,27
7,T,461,False,6.491713814221456,0.8156646947331109,0.8278406098189286,6.102045358581451,107
7,T,44,False,5.955120947829524,0.5675685823650052,0.5849318564748701,6.183790068235263,100
7,T,143,False,7.809540784521084,0.4015940912573826,0.42578045418285626,7.705443338636859,38
7,T,217,False,6.830401397547523,1.4996004821213882,1.506257875335434,7.916997025951003,34
7,T,256,False,5.868901462152023,0.798418066277586,0.8108530012214028,5.862754056178226,122
7,T,36,False,6.543255075621657,1.465446706042181,1.472258547022633,6.754172617140671,79
7,T,152,True,6.962714020060025,1.6657430108978784,1.6717389028752203,8.214846559703428,19
7,T,50,False,6.504144156167142,1.813909073843411,1.8194167497312916,4.974730852658395,161
7,T,497,False,6.5164132484084405,1.7102034889180868,1.716044042132635,5.06373541773009,158
7,T,531,False,6.734070292384839,1.9225954492404669,1.9277926347176113,4.727514881262227,175
7,T,401,False,5.765987339515478,1.0887233705006398,1.0978751106139486,5.429663479424861,151
7,T,29,False,5.520930106247855,1.430697443611674,1.4376739394550822,7.674946163793124,39
7,T,455,False,6.488077722809818,0.2108442037034467,0.2539024601429789,6.463292406418707,89
7,T,4,False,5.792672423605826,1.3537513702739505,1.3611223139563597,7.614131230859397,46
7,T,37,False,6.96110776199407,1.513928323565559,1.5205229856616245,5.612970225068434,140
7,T,327,False,5.701540504992613,0.1840952977180833,0.23216860182467863,5.817041664206663,124
7,T,509,False,6.531984559451974,1.108288993062669,1.1172804809783357,4.501157658167518,180
7,T,357,True,7.1681061810871505,1.9287284921560262,1.9339091957705188,9.061913423066608,6
7,T,348,False,5.114516291749196,0.19560652788205032,0.24139820790840139,5.250792440626994,155
7,T,93,True,7.249089133125548,1.7847407205696877,1.7903381302678343,8.497099874994637,15
7,T,534,False,5.771139129241677,0.27485745501289155,0.30912424946529216,5.680988300810343,130
7,T,257,False,6.298699432875495,1.8541963916554238,1.8595847493081112,6.157815681927112,103
7,T,399,False,5.117370238846,1.168140334345515,1.1766745606819957,6.347389626790225,93
7,T,309,False,7.3021750148682045,1.4753737694813878,1.482139986878782,5.619620923151423,138
7,T,405,False,4.547193788965117,1.298068840652679,1.3057541484156605,4.560937149319617,179
7,T,148,False,7.758585716367437,0.2013880145300641,0.24610630513596712,7.626303197715622,44
7,T,463,False,6.387935898809008,0.33042037917957906,0.3594284462984159,5.699225945315787,128
7,T,453,False,5.403800992429556,1.5738704559575403,1.5802149832118768,6.099407215610295,108
7,T,501,False,6.910148422504033,1.8302690940446082,1.8357276861359877,6.9507075240004035,71
7,T,72,False,6.177091072407954,1.663482005311639,1.6694860176194792,2.8484926119986076,193
7,T,73,False,5.216509032900358,0.9322501109969886,0.9429217626533042,5.324933906191205,153
7,T,110,False,5.988171487241286,1.7526545542323766,1.7583541075400049,2.839996833373654,194
7,T,214,True,6.939944596665762,1.5015209157182041,1.5081698317399637,7.998770112571101,29
7,T,135,False,5.640643886943822,1.6285656717784511,1.6346979318291543,5.647470044229419,133
7,T,92,True,7.246371085321713,1.7857981672043128,1.791392272792757,8.842738595613596,7
7,T,441,True,6.654096007663975,1.4509647736437954,1.4578442836553247,9.16950619439094,3
7,T,364,False,5.3762314235440165,0.6106492109589068,0.6268202612201139,4.730284562731927,174
7,T,396,False,7.460819414032987,0.40509011801035627,0.4290794620358341,6.815677766506009,78
7,T,421,False,5.9855003197667465,0.23862245632692447,0.2774019785344211,6.215323867066494,99
7,T,290,False,5.484995939489417,1.4988038729531934,1.5054647888977042,4.776759871567894,173
7,T,74,False,5.223693762460067,0.9407295359295861,0.9513060710421284,5.302850536896793,154
7,T,431,False,6.24799267952971,1.871610528806262,1.876948894501332,5.9678621898992645,116
7,T,359,False,7.206023063395932,1.459395912240436,1.466235864278122,5.9107520060420216,119
7,T,285,False,6.22219915773885,1.6248775650213885,1.6310236915327603,5.4641668954117435,149
7,T,458,False,6.373583196197147,1.8433971934153313,1.8488170254849008,4.865069535793015,167
7,T,212,False,6.923444060547164,1.9301210655174394,1.9352980412808494,7.122901280181068,68
7,T,437,False,6.409748879765108,1.228958088754458,1.2370728211978173,5.621097867231042,137
7,T,264,False,5.109935950254018,1.1506790654172656,1.1593418359659364,6.8251396193199785,76
7,T,170,False,5.563381158977786,1.530524999564983,1.537048455750406,6.867651927591879,73
7,T,316,False,4.9402137704263875,1.76505769549861,1.7707173262466769,6.351917472920682,92
7,T,60,False,6.838104968956272,1.9550316117841757,1.9601427968662763,7.461142785336476,52
7,T,321,False,6.034087239208089,0.3322154429721247,0.3610793286529727,6.078196431088544,109
7,T,7,True,8.174095047796838,0.28987465947685326,0.3225499949436337,8.011364318560842,25
7,T,483,True,8.695612982470765,1.2412906326637936,1.2493252642007195,8.703136851028724,10
7,T,289,False,5.474089969663012,1.5101557899543758,1.5167668545178725,5.015050966667365,160
7,T,118,False,5.719507428601376,0.27151277135414326,0.3061541540461663,5.599093388186733,141
7,T,163,False,6.498767612397499,1.813620180960329,1.8191287315134936,5.379490699437684,152
7,T,94,False,6.28949882229036,0.1429345471676562,0.20110063601425873,6.265729208913268,96
7,T,184,True,7.384140017605348,1.735968355742324,1.7417225132523333,8.470132844898531,17
7,T,201,False,6.599239383781476,1.8837713216895697,1.8890753223340209,6.712606957671453,81
7,T,395,False,6.511466988617242,2.0199896815378238,2.024936911251952,7.945591581299402,32
7,T,178,False,5.917101294981951,1.5005463008405115,1.5071995163207357,3.094167021208366,192
7,T,98,False,6.1179735626328124,0.18735784408899991,0.23476401507257122,6.131113894566631,104
7,T,132,False,4.577888588696904,0.8377280863097932,0.8495878575071474,4.844013897851094,168
7,T,295,False,6.39042701484674,1.7742866873223166,1.7799169727379187,7.238298504821677,60
7,T,88,False,5.522469277962234,1.452137910544176,1.4590118890094494,6.817577573491678,77
7,T,323,False,4.842208457575763,1.4985164426359026,1.5051786305556814,2.8025120944973665,195
7,T,298,False,5.6231668539981,1.5416855271110341,1.5481619571398024,5.54719388625441,145
7,T,222,True,6.922471955056365,1.4977608097068604,1.5044263438683418,8.760589109550663,8
7,T,456,False,6.739966171404319,0.5290722487326855,0.5476573978413668,7.123892110055211,67
7,T,130,False,4.72896911365776,1.1801853185391873,1.1886330666470453,4.405343676397877,181
7,T,288,False,5.4710009193177225,1.4980982442199238,1.5047622836734493,4.815956556073273,169
7,T,125,False,6.173736222860877,1.7575589914184293,1.7632426915620785,5.5820201683296915,143
7,T,83,False,5.567408543111473,1.5893046692971162,1.595587826752552,6.84514261068545,75
7,T,410,False,5.52880483083553,1.2456865518200162,1.253693011233834,6.010925976460685,113
7,T,223,False,5.72722559365698,1.7476710310136125,1.7533867838202442,7.827069177184576,36
7,T,198,False,6.991668618661796,1.8956481973403383,1.9009190590635339,6.289959703976345,95
7,T,368,False,6.215746634299087,1.6333667216340528,1.6394810240966164,5.977241610615346,115
7,T,86,False,6.5192897584584415,0.6763131960113373,0.6909491443879108,5.671348708669784,131
7,T,262,False,5.921670466775261,0.3288450861070687,0.3579808258665286,6.264775136263765,97
7,T,294,True,6.35537563727863,1.7140383932324599,1.7198659234097955,10.626012266287656,1
7,T,305,False,5.307527406039704,1.3235910945236182,1.331129057054028,6.43068151980806,90
7,T,392,True,6.700662473914344,1.7235259555839224,1.729321514526084,8.566065491394946,14
7,T,293,False,5.483704241524771,1.485925963137819,1.4926443477795945,5.033307539831406,159
7,T,266,False,7.518470226400015,0.27457761327927016,0.3088754550712259,7.2877757150658935,58
7,T,523,True,8.358860000599657,0.31460429430444914,0.3449449855065542,7.998680994814668,30
7,T,193,False,6.2928654585273325,1.2416018128559323,1.249634443634799,6.632026344496611,84
7,T,5,False,5.869191005700387,1.7029975519011937,1.7088627337538773,4.077232892994023,187
7,T,409,False,4.643254720967201,1.2481029102826502,1.2560939676980132,4.925920744326249,162
7,T,112,False,6.361234092324208,1.959066211200561,1.9641668974145343,4.281406440201656,183
7,T,263,False,5.6138528887304275,1.2082018051996182,1.2164550066150956,5.890171840752369,120
7,T,331,True,6.675293728687927,1.913556929616119,1.9187785968978246,8.662578164136267,11
7,T,100,False,6.144977939602985,0.19326379237136215,0.23950380889054235,6.23032283609284,98
7,T,265,False,7.482405177018025,0.3116054027794129,0.3422120805474824,7.247497717316983,59
7,T,34,False,3.901610055472272,1.469813284904291,1.4766049822184872,4.207204461784629,184
7,T,218,False,6.830401397547523,1.4996004821213882,1.506257875335434,7.91704311911641,33
7,T,314,False,6.531423937063513,1.0145541448705877,1.0243687294648376,7.1564802570566055,64
7,T,208,True,5.48491278887148,1.5960656640314894,1.6023223099400432,8.603976383902957,12
7,T,367,False,5.591277645716664,0.1822016212393359,0.23066991961146313,5.452765665927351,150
7,T,344,False,7.427103326181128,0.5999311127048718,0.6163834204637744,7.661868561585148,40
7,T,114,False,5.907618492880346,1.6420769243975117,1.6481589142646738,5.617905072052446,139
7,T,30,False,6.101416149204657,1.8009247997278666,1.8064720632509579,7.487225174373703,49
7,T,485,False,6.534202891296204,1.8633053788219518,1.8686674706266317,5.663012059679572,132
7,T,221,True,6.983915889309157,1.5040632080744136,1.510700934968405,8.086951380707323,21
7,T,524,False,5.049478175599148,1.2256230471774292,1.233759715181122,7.645821464187893,41
7,T,113,False,5.668081853034416,1.7619732863671542,1.7676427927901004,7.228405413500223,61
7,T,85,False,6.32106838568108,0.2280636561368415,0.26837327043098,6.546445468820399,86
7,T,209,False,6.3162223700787035,0.24045524472016971,0.27898011711366305,6.330430227409677,94
7,T,105,False,6.399265149828216,0.32013063569744654,0.34999257841183956,6.360758704434381,91
7,T,425,False,6.780516587344084,1.688801050181065,1.6947153649282773,6.716552573597673,80
7,T,419,False,6.89334464607222,1.8305519491862783,1.8360097003286773,6.933816797337891,72
7,T,183,False,6.581572169724188,0.7840317946919739,0.7966913054120988,6.048847474772351,111
7,T,303,False,5.278539696889647,1.277545053535405,1.2853530817810712,1.645038446609207,199
7,T,537,False,7.085376641306764,1.8651958139889,1.8705524867142949,5.24270489826569,156
7,T,190,False,6.516955876231576,1.6699344721053073,1.6759153684350974,5.860503948214876,123
7,T,54,False,4.087338104836851,1.4726933773329438,1.4794718532880675,2.792195383114806,196
7,T,378,False,6.568054902142798,1.8188799940922498,1.824372663120213,4.890541829190525,165
7,T,300,False,4.8387578835462355,0.7504058187144009,0.7636229919218953,5.509032119544386,148
7,T,422,False,5.6814183562295995,1.2094094658520567,1.2176544818313089,5.68557602938126,129
7,T,220,True,6.983915889309157,1.5040632080744136,1.510700934968405,8.086927297605351,22
7,T,224,False,6.71711926230265,1.9193132638714239,1.9245193129465068,4.925070224631416,163
7,T,450,False,7.533245843871155,0.7594939661226005,0.7725556715266249,7.010068202166961,70
7,T,145,False,5.782543009065391,0.29362186268573776,0.3259217379653568,5.961497179964647,117
7,T,62,False,7.452607565154411,0.3472583340374992,0.3749660405820983,7.125198178861271,66
7,T,173,False,6.08453002542563,1.7002739088926162,1.7061484537672251,7.386956665377266,56
7,T,155,True,5.546458031870964,1.5967307659962144,1.6029848159325073,9.19548637534119,2
7,T,117,False,5.826926106011367,1.885916376992077,1.891214361736458,4.198703207162858,185
7,T,325,False,6.356690945452238,1.500966912361267,1.5076182716571964,5.622863314469447,136
7,T,426,False,6.810061492244693,1.5008193939450416,1.5074714041310628,5.979255807908861,114
7,T,104,False,7.342288711576382,0.7709232820448775,0.7837945443993357,7.38484199855796,57
7,T,505,False,6.23570866673472,1.460610357589942,1.4674446489494364,5.128983279286245,157
7,T,333,False,6.713420291082636,1.9418075384382845,1.946953439958713,7.4792099183374265,51
7,T,539,False,4.100289776679322,1.5371210666831618,1.5436166475755881,2.5843441263138542,198
7,T,225,False,6.296330147067578,1.3177248847300105,1.3252962132549975,7.6203640027043225,45
7,T,251,True,5.810913294205074,1.9217943057269564,1.9269936519241238,9.135639766595379,5
7,T,172,False,5.2649789339770665,1.2859425301892595,1.2936998770893002,7.121419529975603,69
7,T,318,True,6.42888102515016,1.4920061167475276,1.4986972454246232,9.138415320676021,4
7,T,18,False,8.096724480506357,0.3213032269913339,0.3510654421989739,7.450376898278457,54
7,T,317,False,5.693766535849879,1.7523433974472764,1.7580439595210295,7.558348889040142,48
7,T,436,False,6.28622480924111,1.8466921228735511,1.852102312971543,5.638344308035153,134
7,T,296,False,6.379032873488036,1.7720473654339521,1.7776847432468803,7.188477672685158,62
7,T,141,False,7.878602018625001,0.45603291772915255,0.4774695834122635,7.829520279685326,35
7,T,403,False,5.53298060258765,1.1991593641257556,1.2074743730621378,3.52348517523487,190
7,T,489,True,8.20191184067206,0.35824396333840464,0.3851621973918581,8.019729087529479,24
7,T,468,False,6.130128150550264,0.3635476169600433,0.3901000523309921,6.577843840594911,85
7,T,345,False,7.608229629400653,0.24143292057927737,0.27982322307263224,7.484603519797306,50
7,T,312,True,7.956519023659364,0.3669776924004702,0.393298624140602,8.048244975941396,23
7,T,58,False,6.20614284523202,2.005798386091726,2.010780531703918,4.631104856839538,177
7,T,502,False,6.9575541080199965,1.9696248904831024,1.9746983036002965,7.1402088949085,65
7,T,176,False,5.917101294981951,1.5005463008405115,1.5071995163207357,3.0942420899386462,191
7,T,137,False,5.825908370296668,1.3477590713002279,1.3551626084361128,7.635042167740956,42
7,T,328,False,6.382520965042938,1.4997045696264364,1.506361502823851,5.567739847746816,144
7,T,343,True,7.037847566642999,1.5193679512871205,1.5259391050856972,8.495667048597895,16
7,T,97,False,5.956448741319824,0.26634356899049894,0.30157930594441174,5.717664819043578,127
7,T,90,False,6.137901775993722,1.311958091846226,1.3195625092401293,6.1283482167121734,105
7,T,307,False,4.453205679818777,1.738326706644382,1.7440730833495537,4.354957848758974,182
7,T,439,False,6.032084634239645,0.5825085394906766,0.5994392209481104,5.752873451856623,126
7,T,207,False,4.413582252996325,1.6372956901950955,1.643395374875672,4.062130116433073,188
7,T,508,False,6.375238236208105,1.193306684810548,1.2016621925669697,4.921834068065383,164
8,T,322,True,7.012499651961188,0.8598083844866142,0.8753000800655656,7.6098266761789,24
8,T,384,False,6.483788055632941,0.4973016662491228,0.5236303270280074,6.02894197523589,89
8,T,144,True,7.891205050935778,0.2781521174340013,0.3228751656016958,7.719099957298993,20
8,T,457,False,6.0593172617299125,1.8098068485534644,1.8172178188649613,6.5954028950868295,72
8,T,530,False,7.664085588347314,1.4939366886134335,1.5029060521917448,6.6419451059781185,71
8,T,111,True,5.8464434701967685,1.6992178612577848,1.7071089924626326,7.539205748197894,28
8,T,70,False,8.228407481371963,1.5055902594713007,1.5144906079418792,7.1894314458742645,48
8,T,326,False,6.3500075645952405,0.2096231843254261,0.2661233765305776,6.279184085726697,82
8,T,435,False,6.28394105678443,1.8099323776482947,1.8173428360628363,7.411258420543247,35
8,T,432,False,6.271743419108269,1.8145649248239877,1.8219565413397731,7.504585181259296,31
8,T,26,False,5.060751687183683,1.831207008894774,1.83853171894168,6.812392799103985,58
8,T,55,False,5.370963792106719,1.5399169376122013,1.5486200137135786,4.3669919815977885,152
8,T,291,False,5.500640296100157,1.5794118163617445,1.587898440641721,5.528643139213062,120
8,T,76,False,5.507272772550632,1.72254988656298,1.7303346161443571,7.331067412550297,40
8,T,496,False,7.0286174063692375,1.4862298561894036,1.4952454506060466,7.176989849320016,49
8,T,451,False,5.804854886999493,0.9893757590937463,1.0028679697804845,6.783260147056485,60
8,T,319,False,5.795496912718825,0.554604168818796,0.5783299717293681,5.730853634337022,107
8,T,292,False,5.501358146417827,1.5882227454184021,1.5966625382946988,5.450639462362273,122
8,T,138,False,5.95979163623209,1.3881625881177677,1.397810839555597,5.657085891197827,114
8,T,404,False,4.843035709856304,1.2478521706894437,1.258576502253105,4.582693576109061,147
8,T,283,False,5.514028348367818,0.6747536861244998,0.6943862823154733,6.755574538638324,62
8,T,126,False,4.647388178316346,1.2474837560739134,1.2582112278141468,3.2046256853237614,166
8,T,89,True,6.3498074346945375,1.328596688798768,1.3386743194729456,7.695356098923627,21
8,T,382,False,5.985484549003674,0.7840694075696362,0.8010272205211907,5.938435317949019,94
8,T,281,False,6.857562383231242,1.7768612992267256,1.784409103546323,7.228002860348713,44
8,T,226,False,6.52177412519355,0.8531083819386591,0.8687195654889449,5.495514134389609,121
8,T,87,False,6.536081566754504,0.7467406967941155,0.7645269389484357,6.333855153042247,79
8,T,124,False,7.413953181071257,0.38099859005722264,0.41477668419873315,6.686134282438596,67
8,T,169,False,6.003060555192484,0.5106317294368172,0.5363063818722829,6.428775852019741,76
8,T,304,False,4.749309503744039,1.4667699329898956,1.475904403561588,4.7292746422759455,142
8,T,330,False,6.924634718514925,0.9373956779426578,0.9516251515985058,7.4352035333031,33
8,T,412,False,5.13347627840384,0.8331307765880684,0.8491093351433265,4.4096781334779065,151
8,T,452,False,6.759029994433171,1.804297667303356,1.8117311733161838,6.991610350223022,55
8,T,461,False,6.609944139130388,0.8664298997442617,0.8818052751600862,5.736131237706665,106
8,T,44,False,5.973399045600102,0.6429182536839545,0.663493521482561,7.380318492861148,36
8,T,143,False,7.865992319951744,0.4518358012075835,0.4806613812053169,7.356219130813001,38
8,T,217,True,10.049220857966668,0.1973646675648564,0.25657861199306986,10.331268548528746,3
8,T,256,False,5.9815739545944195,0.8860206433047066,0.9010617917165227,6.487621154627785,73
8,T,36,True,6.4162172256227175,1.5526029635420968,1.5612353232389427,9.08302376599503,8
8,T,50,False,6.400117869986058,1.7755607587338356,1.7831140681641144,5.763264467447092,104
8,T,497,False,6.658252543657665,1.698807852752988,1.7067008796811822,7.354261392594807,39
8,T,531,True,6.608448520681798,1.9178800063037564,1.9248749285886086,9.787073340612364,4
8,T,401,False,5.759866264737368,0.9978569934448542,1.0112360513233831,5.992278974117794,90
8,T,29,False,5.808059916767988,1.4367767173769865,1.4461006561529155,3.105109099859774,167
8,T,455,False,6.524165671137385,0.2409071938780601,0.29140358301075375,6.274839554931873,83
8,T,4,False,5.941531707165931,1.3892543592127051,1.3988950806693146,5.708603910011391,110
8,T,37,False,6.506692249287935,1.6143758489666162,1.6226796214459547,2.8200783649843624,168
8,T,327,False,5.700022332523963,0.21113188198160657,0.2673133811061449,5.688406139675997,112
8,T,509,True,6.327852067793389,1.0264585120353382,1.0394695036695905,7.8791786574749425,16
8,T,348,False,5.099551980959615,0.22452168900878866,0.27801036125415046,5.579331483316222,118
8,T,534,False,5.751004698424492,0.3140417027298591,0.3542625624911179,6.318421150306918,80
8,T,257,False,6.300705826554357,1.8342974618666057,1.8416098801699494,5.193523717149085,128
8,T,399,False,5.108549719650871,1.127025382401377,1.1388880474859124,4.9171965267348625,134
8,T,309,False,8.010235173103386,1.4789761191601156,1.4880356626019489,6.694588305389221,66
8,T,405,False,4.843035709856304,1.2478521706894437,1.258576502253105,4.582772075389298,146
8,T,148,True,7.721526563437071,0.23069871934359878,0.2830223864574684,7.5636169328224705,27
8,T,463,False,6.388451830895579,0.3642017624021411,0.39940292420828577,6.386634741283904,77
8,T,453,False,5.026005633483346,1.5400802351624743,1.5487823936458622,4.758280926291139,139
8,T,501,True,6.947035212480785,1.785568212247098,1.793079365983726,9.436780376682453,6
8,T,72,True,6.559186010704636,1.65688545959973,1.6649772365898317,8.134263433362333,9
8,T,73,False,5.100545711833149,1.01481073804192,1.0279691659648602,5.979128158107725,93
8,T,110,True,5.871377904919982,1.6976066561339065,1.7055052421729602,7.645603408143409,23
8,T,135,False,5.81427846652918,1.6425025967877682,1.6506648819744927,7.172632012469927,50
8,T,364,False,5.503337172828514,0.6714200529316219,0.6911473501417813,5.811916596503963,99
8,T,396,True,7.444149619593132,0.4597116820661631,0.4880723335299851,7.675866428327798,22
8,T,421,False,6.0127449307709355,0.27239858485223906,0.31793200713172387,5.256831762611494,127
8,T,290,False,5.506023663766645,1.5843691930316404,1.5928294045367932,5.78750358585858,102
8,T,74,False,5.108859104623532,1.023460712927636,1.0365093357204505,5.983231770382605,91
8,T,431,False,6.279616296753482,1.832540535247263,1.839859936368426,7.365273393066216,37
8,T,359,False,6.9946747743852,1.5793143176622022,1.5878014630620956,5.813866500217902,98
8,T,285,False,6.563955707523563,1.5528494129312744,1.561480410178209,4.570359165259678,148
8,T,458,False,6.071924691512322,1.8086240305881292,1.8160398277984309,6.673191644368726,68
8,T,212,False,4.950959555085923,1.706497270279744,1.714354894880731,4.087423368556131,158
8,T,437,True,6.4673777459165676,1.141840664390996,1.1535509849964045,7.986053370396041,14
8,T,264,False,5.156096914357359,1.108054223051805,1.1201178211921472,4.3486597903049224,153
8,T,170,False,5.571950191730594,1.5398122456559802,1.5485159101544346,5.1735431824337965,129
8,T,316,False,4.85442101900048,1.8272993360434826,1.83463964735156,6.228926345797793,85
8,T,60,True,6.504248811273705,1.9561770617044538,1.9630355240973034,10.335352281826484,1
8,T,321,False,5.982457526836816,0.3750260223205123,0.40929731192233526,5.639232088231479,116
8,T,289,False,5.486933598034927,1.5958745554095866,1.6042740940166833,5.808758008697816,100
8,T,118,False,5.748672538515998,0.307542913468992,0.3485145847081581,6.4306980011333765,75
8,T,163,False,6.442381002221419,1.77366597952217,1.7812273237977356,6.3037698259338955,81
8,T,94,False,6.2952694575473185,0.16337653871999772,0.2314555368390027,6.05245737638574,88
8,T,201,False,6.281848045050477,1.8594388082667808,1.8666527405540352,7.214432779368896,45
8,T,395,True,6.281759903512038,2.0602669033083085,2.0667799798229396,7.758765522493177,18
8,T,178,False,5.2836920441487525,1.5957728852805715,1.6041729562381932,4.861022178978302,136
8,T,98,False,6.11425405312348,0.21287786612917417,0.2686945440774982,5.979977918368649,92
8,T,132,False,4.58987515810838,0.7689205958827516,0.7862052244178933,3.949464910986663,160
8,T,295,False,6.518328867518397,1.731311582370376,1.739057091466269,4.117823197915999,156
8,T,88,False,5.671069858379729,1.3668998822767364,1.376697156348287,3.5563156585174247,162
8,T,323,False,4.915344910077044,1.5813479042144472,1.5898241935172355,5.726729496717052,108
8,T,298,False,5.831349751001088,1.530579033589618,1.5393349051435925,5.593449436326841,117
8,T,456,False,6.7432279986930945,0.5962733524765846,0.6184025250619287,6.696240575687193,65
8,T,130,False,4.6785253514386085,1.0905994884207812,1.1028540321697036,4.11599479038994,157
8,T,288,False,5.474553695407506,1.5824560046816876,1.5909263901521131,5.557440401999021,119
8,T,125,False,6.007312380123227,1.730840455727623,1.7385880637208773,5.398358112435462,125
8,T,83,False,5.753626413681252,1.5903641460068032,1.5987926347820258,7.25127961202061,42
8,T,410,False,5.596083846141857,1.2056494119206151,1.2167457731974372,5.772648776531463,103
8,T,223,True,5.557021984138074,1.7185331312173533,1.726335974027369,7.593367853438721,25
8,T,198,False,6.861734123096621,1.8755141836058922,1.8826665198691404,5.797410375664738,101
8,T,368,False,6.2186670686907695,1.63756094914253,1.6457477432115433,5.656280214374268,115
8,T,86,False,6.504986929727136,0.7285963983102601,0.7468148925670853,6.1778206832343106,86
8,T,262,False,5.916069387780944,0.37292867264712753,0.4073764438595492,5.097386074818781,131
8,T,305,False,5.396338505461758,1.416442754843088,1.4258996633272554,5.435749441797908,123
8,T,293,False,5.489549078665003,1.570297484110967,1.578833100975064,5.664823342493184,113
8,T,266,False,7.505883586206701,0.31199851669729306,0.352452616035993,6.799749082831288,59
8,T,193,True,6.283238180536518,1.1646412454957416,1.1761245694394689,7.867014909365792,17
8,T,5,False,5.937642520412368,1.7659288231438335,1.7735231547796235,5.398760097151982,124
8,T,409,False,4.8702051739912235,1.2035545764324702,1.2146700747860906,4.935108855320548,133
8,T,112,True,6.003534467201955,1.9388943490219317,1.9458137292142033,7.530224737606455,29
8,T,263,False,5.428049977423745,1.18742741326889,1.1986924684470788,4.685575977965985,143
8,T,100,False,6.130368540166004,0.21833046905945597,0.27303473377763876,5.847034099093138,96
8,T,265,False,7.467889345777192,0.353090932570512,0.38929805906633785,6.7136923627387715,64
8,T,34,False,3.5979963678737272,1.522842662760955,1.531642761107883,4.749432882572149,141
8,T,218,True,10.049220857966668,0.1973646675648564,0.25657861199306986,10.331322697495114,2
8,T,314,False,6.474282081910694,0.9359549174221378,0.9502059669229534,7.415900163298966,34
8,T,367,False,5.591609837517526,0.20922969341174855,0.26581353753049963,5.833298112346823,97
8,T,344,False,7.398967685290121,0.6729599858149821,0.6926434253188324,7.13129478623481,52
8,T,114,False,6.0480717943211495,1.6928585014784427,1.7007791385588968,7.055374173438972,54
8,T,30,False,5.763514962723454,1.8198005349636313,1.8271709715248934,4.506756070726206,149
8,T,485,False,6.399875920939532,1.8403594704144324,1.8476478973206432,4.654428806187115,144
8,T,524,False,5.304825746179292,1.1544152939012617,1.1659993322993116,5.274726397039663,126
8,T,113,False,5.7816252432446325,1.76300076062709,1.7706076510907216,4.755866034190783,140
8,T,85,False,6.343524082231366,0.25855549832368935,0.3061547285976739,5.855784991916422,95
8,T,209,False,6.3417946712995175,0.27576171265077537,0.3208181639081441,6.654700970223703,70
8,T,105,False,6.358812798306988,0.36560907142730287,0.40068661724499693,6.779323231731244,61
8,T,425,True,7.998346684296085,0.8262016356708863,0.8423116495184856,7.7450786044060385,19
8,T,419,True,6.923430054499153,1.7859066288888905,1.7934163652756672,9.41763987691774,7
8,T,183,False,6.52909325979563,0.7235825659730398,0.7419241887884722,7.147563366179877,51
8,T,303,False,4.776729122407263,1.3772706547531908,1.3869946750343298,5.035343603809574,132
8,T,537,False,6.820983242983054,1.8498261488255465,1.8570774224592945,6.9693374775053565,56
8,T,190,True,6.542047477169389,1.588597293245552,1.5970351067639053,7.9622553844048305,15
8,T,54,False,4.014990808156437,1.4602897104776376,1.4694644638970236,4.233875391159487,155
8,T,378,False,6.395134638493813,1.755164832493299,1.7628055370206137,7.248609683805095,43
8,T,300,False,4.558966938375356,0.6979015710569884,0.7169005335561668,4.767768082784953,138
8,T,422,False,5.53049409779009,1.1834578781479377,1.1947603615285045,4.871725800253935,135
8,T,224,True,6.582637667264514,1.9131440885172029,1.9201562633175517,9.711720775760847,5
8,T,450,False,7.501001694311055,0.7094629408626955,0.7281603096755882,7.494242277860809,32
8,T,145,False,5.826144556878396,0.3346502995924136,0.3726534518109234,6.1196393916939344,87
8,T,62,False,7.4255000301392755,0.39239876112374633,0.42527233611035054,6.672081776541813,69
8,T,173,False,5.895285535853277,1.6821102777544459,1.690081287588394,3.980201841461934,159
8,T,117,False,5.788047284962882,1.87846778571596,1.88560891865252,3.8721499227243528,161
8,T,325,False,6.178733009418494,1.40725408532346,1.4167723292007337,3.231477652998673,165
8,T,426,True,7.382772724616137,1.3423286987151999,1.3523039996700985,8.111659291117627,11
8,T,104,True,7.279916302030248,0.8138630182511941,0.8302124936462035,8.06387130859461,12
8,T,505,False,6.542781469111082,1.4476356055137811,1.4568900502373388,6.44792126979134,74
8,T,333,False,6.2827937937882385,1.9066868639572574,1.9137226991694658,6.373445115990557,78
8,T,539,False,5.127057369174869,1.5179280163191207,1.5267564425460287,1.8845913067718478,169
8,T,225,False,6.56088997229238,1.3224326146090044,1.332556862693263,6.831250941302705,57
8,T,172,False,5.321788485198754,1.373598697041858,1.3833485289847942,5.105974407977408,130
8,T,18,True,8.103198180624004,0.34523055431889804,0.3821830814735755,8.118588339345575,10
8,T,317,False,5.522310573248133,1.723962501482021,1.7317408809188088,7.213912308161796,46
8,T,436,False,6.256947266121209,1.8104266176186525,1.8178350612504477,7.315992847857027,41
8,T,296,False,6.498829500914034,1.7283655842863872,1.7361242366475185,4.3041839356215945,154
8,T,141,True,7.895261512771949,0.5133959119800221,0.5389388968770974,7.578997035513568,26
8,T,403,False,5.477476097071149,1.1040469707763914,1.1161538808828422,4.6075024499168915,145
8,T,468,False,6.144884756313719,0.3919983453874729,0.42490290057355523,6.265498767291256,84
8,T,345,False,7.604692192984616,0.27522984928724786,0.32036111197831924,7.121511183891337,53
8,T,58,False,6.025713003786662,2.0467183184254445,2.053274372096331,3.392860155501182,163
8,T,502,True,6.798605821852416,1.9485043535014452,1.9553897278403067,7.9987674958837625,13
8,T,176,False,5.2836920441487525,1.5957728852805715,1.6041729562381932,4.860999766464298,137
8,T,137,False,5.975861225291484,1.3826956463032356,1.392381780416286,5.717447356306524,109
8,T,328,False,6.21529727818398,1.4057530857129856,1.4152814243537872,3.3895053963053328,164
8,T,97,False,5.91629570688832,0.30062662654413336,0.34242683994776146,5.736642806719961,105
8,T,90,True,6.380335558157339,1.3419931057932764,1.3519708828691497,7.524525929633642,30
8,T,307,False,4.567989075969001,1.759247467441051,1.7668705169952483,4.452516740875931,150
8,T,439,False,6.06905055208525,0.5497248085645531,0.5736524533902375,6.717761992166984,63
8,T,207,False,4.836989389443205,1.6134114174313532,1.6217201281439262,5.697680132117062,111
8,T,508,False,6.3240441396904306,1.1090023635743738,1.1210557588910783,7.212585665475672,47
9,T,384,True,6.488951384639335,0.49117479224032573,0.5198216302995402,7.159412622890208,24
9,T,457,False,5.001496886213791,1.4336056199727536,1.4436713353157664,4.175100960184018,113
9,T,530,True,7.480947372141232,1.5200125392258677,1.529509715627467,8.81331734342381,2
9,T,70,True,7.933025155198325,1.5086506217680018,1.518218873995421,8.439998438617272,6
9,T,326,False,6.353920356219075,0.2119928794917727,0.2718507527121417,6.145244897931088,48
9,T,435,False,6.267633145835397,1.8221992844549864,1.8301289798981952,2.993868112361183,135
9,T,432,False,6.253748084769623,1.827605571114799,1.835511910711776,3.2438307431746995,132
9,T,26,False,4.570005677160211,1.8347706413653018,1.842646237673142,4.475157541271915,110
9,T,55,False,5.227026467450209,1.5940862285074886,1.6031446455988225,5.708986653907884,70
9,T,291,False,5.616643333099995,1.576784738940883,1.585941979944983,5.534305581384075,78
9,T,76,False,3.0315924138630876,0.22198048117294625,0.27970910749690914,3.170036372421548,133
9,T,496,False,7.189537074022393,1.493689087948447,1.5033525675140906,5.271913146560188,87
9,T,451,False,5.548252244589445,1.0176048008674152,1.0317370699666446,4.830378987172619,99
9,T,319,False,5.862094243654971,0.5440855797707865,0.5700797917041593,4.800552607494302,100
9,T,292,False,5.628396340092671,1.5856543880367504,1.5947606996333796,5.168854562282755,91
9,T,138,False,5.796839917547733,1.3910938419413599,1.4014649221019118,5.214630204150258,89
9,T,404,False,4.351242807855983,1.2309589196456392,1.2426671769424442,3.5172921746835053,123
9,T,283,False,5.56089282588248,0.6586366657413186,0.6802676739738455,5.697989939389993,71
9,T,126,False,4.713669068283428,1.302547200395717,1.3136175471017677,5.465027097813128,80
9,T,382,True,5.972633097120774,0.7683467533460359,0.7869679689621037,6.804202015789726,30
9,T,281,False,5.942731130496018,1.7265754228699144,1.7349422300622486,4.720910046666327,103
9,T,226,True,6.484015816002443,0.8515336984787641,0.8683728982642581,7.5205600325991115,13
9,T,87,True,6.529099964174936,0.7427832215844331,0.7620293728343375,6.87454393719187,29
9,T,124,True,7.431850607730524,0.3750282910125627,0.41183500319272054,7.510135655672281,14
9,T,169,False,6.0331760371533605,0.4955180047742016,0.5239274223118603,6.068336493850964,52
9,T,304,False,4.727363798377562,1.4694520266027107,1.4792738452638707,5.2382811631535295,88
9,T,330,True,8.44932164115752,0.32429376457154696,0.36623530214184796,8.47345038777546,5
9,T,412,False,5.06972373393347,0.878789189614678,0.8951157973014259,5.136614692238825,93
9,T,452,False,6.6380245277247365,1.8577714830064547,1.8655499816051424,6.05260530194667,53
9,T,461,True,6.559966451171386,0.8656393704577634,0.8822093688470202,7.392173985138312,17
9,T,44,False,6.009484551534211,0.6268358322736433,0.649526759585112,5.813345062592909,65
9,T,143,True,7.857742441638161,0.27468210438303864,0.3231286264991687,7.850237029636311,8
9,T,256,True,6.032000695469863,0.8707548750606167,0.8872293408340229,7.892108288535763,7
9,T,50,False,6.172679467561009,1.8250160431580282,1.8329335526906398,3.504329178677579,125
9,T,497,False,6.560732938316732,1.7171838954707221,1.725596239465927,6.462051023651675,37
9,T,401,False,5.737687199545794,1.049020004517572,1.062734595594305,5.453674299200547,81
9,T,29,False,5.520395327817946,1.4509404802552668,1.4608867608539442,6.681044714833071,32
9,T,455,False,6.515668162012995,0.24133848419928594,0.29530681460229413,6.255031168454659,45
9,T,4,False,5.781720404324424,1.391828498907672,1.4021941453188742,5.182051166046236,90
9,T,37,False,6.496556778266965,1.6104971595866675,1.6194637852794576,4.090129457212273,115
9,T,327,False,5.687991016945931,0.2134901497524338,0.2730199531833916,5.644472133277986,72
9,T,348,False,5.138999981995433,0.22321079748092748,0.28068649933157874,4.961260169496517,96
9,T,534,False,5.7464494051275095,0.3107927825447601,0.3543360050529148,5.605384273644663,75
9,T,257,False,6.254067437982431,1.8756504562963796,1.8833551138857914,6.347320360084299,40
9,T,399,False,5.067253046922181,1.1604679605088688,1.1728801039162349,4.559088820629573,108
9,T,309,False,8.038092524659262,1.439715676794847,1.4497389698851961,6.220882310055918,47
9,T,405,False,4.351242807855983,1.2309589196456392,1.2426671769424442,3.517257460767617,124
9,T,463,True,6.372578912205417,0.36317699252890606,0.40107278478760666,6.948480766749175,25
9,T,453,False,5.274513837946984,1.56915371588953,1.57835523089223,5.628397397795914,73
9,T,73,False,4.9526395847944205,0.9941313792048917,1.0085926084969912,5.5160293889154115,79
9,T,135,True,5.3643649554364785,1.6564710392287096,1.6651901256608468,7.341214869438027,19
9,T,364,False,5.591975695108063,0.6598987309014824,0.6814896813894776,5.569791936000886,77
9,T,421,False,6.021635973434963,0.2710722937745734,0.3200656795833527,6.0693115010646235,51
9,T,290,False,5.616296171944121,1.581538387045273,1.5906682622384558,5.407979517883179,82
9,T,74,False,4.95815901715785,1.0024228880259494,1.0167661959532435,5.605969448512412,74
9,T,431,False,6.2510983442227275,1.8496817414776652,1.8574941172318133,2.9505962529137175,137
9,T,359,True,6.857006091907482,1.564403098853889,1.573632392427976,7.270813802993356,23
9,T,285,True,6.323803410498765,1.5786086683866383,1.587755390071273,9.108562212807714,1
9,T,458,False,5.026304213043448,1.4319381845342687,1.4420155391403526,4.100283981305951,114
9,T,212,False,4.681623977515725,1.7089503729522302,1.7174030476299125,4.255993084067923,111
9,T,264,False,5.128027115903391,1.140934768159368,1.1535571056474905,4.588612012881511,106
9,T,170,False,5.228911334563062,1.5536739297009687,1.5629665801377186,2.722671479581126,138
9,T,316,False,4.397231183753016,1.8317547148356206,1.8396432225074162,4.499407808794522,109
9,T,321,False,6.0296930178468475,0.36842677678294783,0.4058326510344095,5.979299906314476,57
9,T,289,False,5.602811613427258,1.5930602115573347,1.6021244297625714,5.407324800933297,83
9,T,118,False,5.725869196225869,0.3044476899496267,0.34878395420461755,5.924593400945273,61
9,T,163,False,6.175218773674981,1.8219671879613428,1.8298978891737943,3.4603292152926324,127
9,T,94,False,6.279432793420122,0.16317985146030137,0.2357742876514544,6.576048544687548,33
9,T,201,False,6.147429436414232,1.8951174206665695,1.9027432535444335,5.871042023020852,63
9,T,178,False,5.249739360582021,1.5932039738786625,1.602267378803459,6.480098014601475,35
9,T,98,False,6.133729040580678,0.21015241648320657,0.27041798932148703,6.029701131642296,55
9,T,132,False,4.55502736525343,0.8122703882187604,0.8299066419616127,5.837040240640402,64
9,T,295,False,6.027449742277002,1.7584069434861556,1.766623001575398,4.917877466424104,97
9,T,88,False,5.738706955206052,1.4188581158568327,1.4290277127220963,4.836344967233489,98
9,T,323,True,4.991343104883981,1.5822736157706847,1.591399272954145,8.736993716988,4
9,T,298,False,5.301717165410999,1.5383145949182078,1.547699468156953,5.362782041136003,84
9,T,456,True,6.726845050853086,0.5836664506760358,0.6079707036031474,7.475469036910372,15
9,T,130,False,4.4940180192690145,1.1433490418830994,1.1559450170185197,3.446473602234277,128
9,T,288,False,5.597540470040354,1.5798816354527045,1.5890210297021425,5.3411597626838425,85
9,T,125,True,4.497474880607465,1.476307314295006,1.4860838257096667,7.3341909071100355,20
9,T,83,False,5.580639927961215,1.6081582516488815,1.617137846054359,5.137481101409298,92
9,T,410,False,5.5164455876348955,1.1916296685310508,1.2037205314018562,4.7939894624942765,101
9,T,198,False,6.5228725875085685,1.9059716675480955,1.9135542449303633,4.733468057376454,102
9,T,368,False,6.085076646787783,1.668874873418111,1.677529491222512,4.561334204104424,107
9,T,86,True,6.499922105530489,0.7244490578629378,0.744169529229357,6.892492733666882,28
9,T,262,False,5.9572857099288745,0.36717017488370507,0.40469221405788786,6.250954656036603,46
9,T,305,False,5.218549997347423,1.406466920632897,1.416725467276398,3.78232768337,119
9,T,293,False,5.598313559673715,1.5677857707923202,1.5769952675559349,5.938513150042064,59
9,T,266,True,7.513594609266452,0.3087658022767895,0.3525594580359095,7.6224967075752526,12
9,T,5,False,6.074836620679928,1.7787227166743835,1.7868453636530623,5.923773636337486,62
9,T,409,False,4.367014286658588,1.1642959453294672,1.1766677097233451,3.1258083960982805,134
9,T,263,False,5.438090311016902,1.2024578965134518,1.214440959323466,6.273229252453917,44
9,T,100,False,6.139146856050992,0.21698705293270293,0.2757629995763833,6.318145751736652,41
9,T,265,True,7.477227919062731,0.3481779819343373,0.38754323358667025,7.726799455738264,10
9,T,34,False,3.8221352770005637,1.5240700209045472,1.5335420696593007,4.618551781293183,105
9,T,314,False,6.605170757708021,0.9773477617875386,0.9920536771092863,6.7611987614986715,31
9,T,367,False,5.590027039483604,0.21158888439407952,0.2715358296690805,5.725656617434859,69
9,T,344,True,7.443052165397433,0.6536478981029469,0.6754386911403175,7.371291211961809,18
9,T,114,False,5.804667773908815,1.6965017052922615,1.7050160957757836,3.7705356530195764,120
9,T,30,False,5.186366696647646,1.8382838336975993,1.8461444428941327,4.692034628802506,104
9,T,485,False,5.436661741439496,1.6786546661509472,1.6872591202851128,3.47498160566208,126
9,T,524,False,5.164600408026994,1.204661533557542,1.2166228919546735,6.541594701143101,34
9,T,113,False,5.2136677986399445,1.7880696205005098,1.796149998900922,4.983631871819829,95
9,T,85,True,6.322416345656433,0.25438439583818095,0.30606089531480674,7.290426626307259,21
9,T,209,False,6.329731087785963,0.2734667067253793,0.3220960888961078,6.396993106091369,39
9,T,105,False,6.386894529061923,0.3618712097855957,0.39989076416771047,5.5957843577186415,76
9,T,183,False,6.570610303121448,0.7613775096297489,0.7801650869943766,6.0821222569334905,50
9,T,303,True,4.814031255879016,1.3668239314731994,1.3773777660623094,6.893805116261446,27
9,T,537,False,6.6496771544639195,1.885587372345756,1.893251591718522,6.040820236524574,54
9,T,54,False,3.6907985567014396,1.4783742150972765,1.4881371477990304,3.731903555732727,121
9,T,378,False,4.194812044643635,1.3586812659609255,1.3692978614122377,3.6599466147281565,122
9,T,300,False,4.6216074676393735,0.7354371280134618,0.7548705982190813,3.799482893909057,118
9,T,422,False,5.498806033880718,1.2000123387522807,1.2120195806803877,5.802865685133076,66
9,T,450,True,7.5794067858160705,0.731709990673272,0.7512398826247343,7.807788615381315,9
9,T,145,False,5.8271801735169335,0.32960080718447793,0.37094277576413875,6.017502046996742,56
9,T,62,True,7.439496180390105,0.3861320231011153,0.42197131426094003,7.676217132011833,11
9,T,173,False,5.748020351825048,1.71606470939967,1.7244825129997459,6.098612145022296,49
9,T,117,False,4.905667603963471,1.8420660735177425,1.8499106113539698,6.3035381130270505,42
9,T,325,False,6.223983406922693,1.4685757988535844,1.4784034387721736,5.735842858684559,67
9,T,505,False,6.678697301856483,1.4685915609729165,1.4784190961144315,6.278360127283788,43
9,T,333,True,6.304149500761955,1.9597051210934482,1.9670805810730865,8.78741767871081,3
9,T,539,False,4.823112464121135,1.5429307121847673,1.5522876773967955,2.566773770042503,139
9,T,225,False,5.504437382735144,1.1962132097948317,1.2082582067102208,4.06841275056809,116
9,T,172,False,5.180399919597493,1.3608092909758434,1.3714094126850385,3.8079620431755834,117
9,T,317,False,3.0560765192446127,0.2752546890566229,0.3236155043297569,3.3737676379946118,129
9,T,436,False,5.900941592444461,1.8171062021076703,1.8250580266208267,4.2284252685449095,112
9,T,296,False,6.014920647418041,1.7552071168545624,1.7634380833621153,5.088943638525021,94
9,T,403,False,5.357202013398602,1.1586945817883867,1.171125520454878,5.728018665462077,68
9,T,468,True,6.123156640869993,0.3936583636050597,0.4288691619027395,6.927685717863327,26
9,T,345,True,7.59500900132614,0.2738446562834086,0.32241703827484514,7.473599935427915,16
9,T,58,False,2.97781419584906,1.6509941379115993,1.6597419962793645,3.2898763321831392,131
9,T,176,False,5.249739360582021,1.5932039738786625,1.602267378803459,6.4799095456313704,36
9,T,137,False,5.805985793877566,1.3844479819663091,1.3948684760813583,5.332138760370028,86
9,T,328,False,6.255241456181084,1.4674912114248961,1.4773260663794754,5.946057919795408,58
9,T,97,False,5.951114302300775,0.2954560636162382,0.3409635410458827,5.926363934833935,60
9,T,307,False,3.983337302223373,1.770690879443934,1.7788502020521226,2.9841336213780307,136
9,T,439,False,5.888249846442218,0.5398076731294521,0.5659983875987441,6.432118935644329,38
9,T,207,False,4.322971134329275,1.6395737395458323,1.64838220634756,3.338462389403666,130
9,T,508,True,7.510230813997701,0.5342982391591786,0.560746341194968,7.276325075666668,22
10,T,457,False,4.97447594398239,1.4016525084447518,1.4110650747926752,5.329953424959222,70
10,T,326,True,6.350301901393906,0.200596175970207,0.25828998564416483,6.733299322344957,24
10,T,435,True,6.202731644338879,1.8295092372363961,1.8367305028238337,7.9476636628173,14
10,T,432,True,6.183518443089106,1.8339592222798324,1.8411630345668577,7.959277412437726,13
10,T,26,False,4.393242613348015,1.7770892917760819,1.7845226929953593,4.458167911824369,92
10,T,55,True,5.443273087760907,1.5818179801868588,1.5901644610896781,7.01754334521897,19
10,T,291,True,5.783273882486303,1.48654130988162,1.4954196591106979,8.73224351930143,8
10,T,76,False,3.0501567773266665,0.20924649918074525,0.26506412109070937,2.8139074173586125,106
10,T,496,False,7.279738711606793,1.4516780978591413,1.4607683562680727,5.306796618446596,72
10,T,451,False,5.662854817886269,1.0155857501454957,1.0285374600707462,5.925821281340704,51
10,T,319,False,5.8931939572385446,0.5079620148642171,0.5333856947979648,5.563163258454062,64
10,T,292,True,5.804402706837764,1.4922286874430115,1.5010733981048647,8.82525708449897,4
10,T,138,False,5.414253466352003,1.342790198135928,1.3526124378698126,5.630898609794065,61
10,T,404,True,4.4544230719867635,1.2149182350344518,1.2257655602477253,8.343264200581208,11
10,T,283,False,5.631478194336375,0.6109239440842102,0.6322206547761626,5.722635638238998,57
10,T,126,False,4.7508609218068,1.3304059911466295,1.3403189889533902,6.095660572116142,42
10,T,281,False,5.981123058832422,1.7050424019941925,1.7127885110159742,5.986977809329627,48
10,T,169,False,6.044058271689326,0.45642201682598954,0.4845574767906244,6.085137981609143,43
10,T,304,False,4.928466546116649,1.0391831467587525,1.051844334194759,4.7995034828216365,84
10,T,412,False,5.1344281072093505,0.9069249279095477,0.9214052939580557,3.703634994036752,102
10,T,452,True,6.600999742218825,1.8569557541376867,1.864070697075424,9.20960978761751,1
10,T,44,False,6.019427843694176,0.5814197132967064,0.6037580424973376,5.91386806523236,52
10,T,50,False,6.257494054981763,1.825794301759534,1.8330302024810656,5.0405546327443105,81
10,T,497,False,6.956467585283946,1.6909900901072654,1.6988002754035478,5.729802794509313,56
10,T,401,False,5.781827663101993,1.0827707508704454,1.0949280295118675,6.247331764457641,35
10,T,29,False,4.916773936469744,1.4022241160781732,1.41163287103319,4.962086825754095,82
10,T,455,True,6.487821783118748,0.2242826536886616,0.2770877110516104,6.513661517845428,26
10,T,4,False,5.403794056137796,1.3429281933532164,1.3527494311117365,5.645304394662242,60
10,T,37,False,6.637597408849132,1.5030141318128525,1.511795743908328,5.242488819900969,74
10,T,327,False,5.700803513718876,0.20181007087710345,0.25923386271398674,5.705645537060505,58
10,T,348,False,5.1469607114165035,0.20987642182135216,0.26556167514671003,5.273313593082387,73
10,T,534,False,5.793943128782196,0.2873512935518801,0.330220618338909,6.043622942010842,45
10,T,257,False,6.391144312287373,1.859601984770962,1.866706841642333,4.496542679291782,91
10,T,399,False,5.02267540678781,1.1609688045750413,1.1723154251593693,6.153827895917731,37
10,T,309,False,7.818537512331392,1.3909913612964577,1.400475582818767,5.380068969365999,69
10,T,405,True,4.4544230719867635,1.2149182350344518,1.2257655602477253,8.343399440902896,10
10,T,453,False,5.364153715627708,1.5611289064845295,1.569585408167321,4.758575175117176,86
10,T,73,False,4.864961380324339,0.9374281617090178,0.9514444015471114,5.5294702559671265,65
10,T,364,False,5.476445301549182,0.6221160664092332,0.6430422155307457,5.576763184036962,63
10,T,421,True,6.020465310142028,0.25462315869896524,0.3021718779370957,6.4001068831883625,29
10,T,290,True,5.781884843770076,1.4893553731165288,1.498217046459313,8.812815737452798,5
10,T,74,False,4.8720326310205255,0.9458367231505765,0.9597301692300878,5.4821323551625865,67
10,T,431,True,6.189086677377671,1.8552976110977477,1.862418888600307,8.737400270306155,7
10,T,458,False,4.993521700366506,1.3999495230917598,1.4093734629526122,5.509404122895891,66
10,T,212,False,4.6120548097702505,1.6466101297334497,1.6546298106256276,1.1757006693287426,109
10,T,264,False,5.072472126420388,1.141374190920067,1.1529136717762654,6.142771040479277,38
10,T,170,False,5.421950739809533,1.525765618191556,1.5344170269277038,4.783653923776532,85
10,T,316,False,4.219015593939988,1.7750480295565159,1.7824899433384365,3.7362706564503476,101
10,T,321,False,6.022879465123709,0.3223787028163359,0.3611134432553516,5.94635164639628,50
10,T,289,True,5.773476074277455,1.4995041105008424,1.5083061586690931,8.916428511503977,2
10,T,118,True,5.696607285088988,0.2847354508542081,0.32794689790169046,6.446680675849551,27
10,T,163,False,6.221861431642595,1.8240476037565638,1.8312904061454194,5.323916208227859,71
10,T,94,False,6.268837084115554,0.14082757973408289,0.21519130578151174,6.3414670301606435,31
10,T,201,True,6.171723365904044,1.8909571199270558,1.8979446041107255,8.857094936896571,3
10,T,178,False,5.2476768973087,1.4704539464556265,1.4794288423297415,5.07134548304647,78
10,T,98,False,6.128048802948376,0.19216753270577344,0.25180002282846825,6.015722516715966,47
10,T,132,False,4.551257443191196,0.8391183190425942,0.8547481759109296,4.847206727535826,83
10,T,295,False,6.030763462542379,1.7618473995585602,1.7693448364299857,6.3359379839067405,32
10,T,88,False,5.861065062885499,1.440329467314979,1.4494908986558155,4.726407372449643,87
10,T,298,False,5.082201907005725,1.4795253803327924,1.4884455790921904,5.239349129157664,75
10,T,130,False,4.626768917106652,1.1731364244736313,1.1843664809918293,5.820592067824421,54
10,T,288,True,5.77302965811272,1.48646134394272,1.495340167957174,8.77471097841171,6
10,T,83,False,5.07369304291324,1.5491477448343625,1.55766929294879,4.423847037317421,93
10,T,410,True,5.716710911354106,1.1782031797233428,1.1893853974134658,7.69610905048519,15
10,T,198,True,6.45373840425606,1.8999451779045937,1.9068997272832966,6.818602116086913,21
10,T,368,False,6.141646375653405,1.6422692568034605,1.6503100323005926,5.748873867726981,55
10,T,262,False,5.970608752822986,0.34248821979959204,0.37917419686957377,6.333406471682304,33
10,T,305,False,5.281012052626936,1.3425622454295632,1.3523861407612336,4.167213800370003,97
10,T,293,True,5.757395885950222,1.4805652164877883,1.489479187885391,8.571733201652155,9
10,T,5,False,6.3892602841393735,1.6489695353273734,1.6569777968663209,4.312993418851621,95
10,T,409,True,4.4950660160199885,1.142273445791895,1.1538039330109262,7.118733890468642,18
10,T,263,False,5.465880944880597,1.1881132377107193,1.1992030505688522,5.975202059574691,49
10,T,100,False,6.115256648616693,0.17696103832096222,0.24039571533999035,6.048664946120411,44
10,T,34,False,3.892843748494499,1.4708477434595477,1.4798202510136953,3.755871018869781,100
10,T,314,False,6.859126171943003,0.9860611913359213,0.9993955993144101,6.130298747874187,40
10,T,367,False,5.59866848239052,0.20000496599937673,0.2578311022638744,5.419631481644263,68
10,T,114,True,5.826526575008903,1.6438914858092846,1.6519243650925577,7.156578870873064,17
10,T,30,True,4.971244203601943,1.7972618395734572,1.804612149703409,8.182890733735855,12
10,T,485,True,5.538384898308628,1.6458148501720649,1.6538383874844267,6.997418937227106,20
10,T,524,False,4.941487026003857,1.2244489879337233,1.2352126193178694,5.083259024125997,77
10,T,113,True,4.847271091740396,1.703596258407788,1.7113489131475228,6.81077660697973,22
10,T,209,False,6.316894662711055,0.2545053306289527,0.3020725975469227,6.269235614002493,34
10,T,105,True,6.389330796064783,0.3343568430194321,0.3718459215106625,6.756960982926983,23
10,T,183,False,6.625354762785927,0.7856122314835011,0.8022851544972516,4.714697176838001,89
10,T,537,True,6.739689009738106,1.871633802853409,1.8786931582495598,6.527802113333036,25
10,T,54,False,3.226646185751598,1.4110003498112453,1.420350970020315,4.5361418788859735,90
10,T,378,False,4.373295213882918,1.3892217132408675,1.3987179341847604,4.724797018556504,88
10,T,300,False,4.667092376283961,0.7557754375354395,0.7730921050250595,3.4779330432927544,103
10,T,422,False,5.5150670493493354,1.1891151690132116,1.2001957240581684,5.685793427085938,59
10,T,145,False,5.81973064068469,0.30782887261787145,0.3481860216714369,6.207412069479743,36
10,T,173,False,5.945608407161483,1.7015788625226718,1.7093406671152893,3.157923401308465,105
10,T,117,False,4.956223211128467,1.817412555122888,1.824681694539762,3.4398683559994,104
10,T,325,False,6.268565336526829,1.5008244109491258,1.5096187609363443,5.1912546186554,76
10,T,505,True,6.542760273873977,1.4393106632591313,1.4484785384125072,7.663254747112564,16
10,T,539,False,4.020881181194639,1.5038361129744051,1.5126129529910024,6.129529986229773,41
10,T,225,False,5.653042162678947,1.132682872819645,1.1443100022498958,4.241446084503233,96
10,T,172,False,5.221598041982501,1.298966065975612,1.3091171572576499,4.384368284751014,94
10,T,317,False,3.0916264273902128,0.25633850298195304,0.3036187065732633,2.7716245859555992,107
10,T,436,True,5.7738464165600485,1.819682630550959,1.826942737690224,6.440876088169375,28
10,T,296,True,6.018317062125415,1.758989978310254,1.766499542786836,6.350167629916695,30
10,T,403,False,5.3477158025597955,1.1916510189690397,1.2027082114462107,4.086861873958744,98
10,T,58,False,2.7791634724471495,1.577093470277083,1.5854648229654307,1.9306195483517694,108
10,T,176,False,5.2476768973087,1.4704539464556265,1.4794288423297415,5.071328699576543,79
10,T,137,False,5.419714805400313,1.335737612616561,1.3456113334201605,5.584299483565924,62
10,T,328,False,6.30168939585016,1.499949672047097,1.508749120809814,5.063002730154319,80
10,T,97,False,5.9553893353056075,0.2701740443944046,0.31538691338516617,6.020260579677594,46
10,T,307,False,3.1222589039621447,1.7051570044137174,1.7129025951791172,3.971306563337561,99
10,T,439,False,5.861275401732362,0.5514845454913861,0.5749870387982962,6.132513961896819,39
10,T,207,False,3.9878556941438763,1.618844427721209,1.6270009748104644,5.906584740736948,53
