round,phase,row_index,selected,predicted_mean_pK,latent_sd_pK,observation_sd_pK,acquisition_score,acquisition_rank
1,B,447,False,6.621699780678478,1.651891304533107,1.6519099511887976,4.136804865933637,183
1,B,446,False,6.373406468425619,1.8337402560469391,1.8337570535628702,4.103581760994245,215
1,B,333,False,6.706303378222784,1.7580769155174207,1.758094435950394,4.232198907086589,144
1,B,659,False,6.238213457358226,1.65235614054855,1.652374781958677,3.9452941196584517,378
1,B,630,False,5.090084762761508,1.6680284613508003,1.6680469276134902,3.3790658451874993,582
1,B,592,False,6.614731163678881,1.7506147725383148,1.750632367652861,4.182681765665871,162
1,B,4,False,6.188157840346187,1.8033472329894225,1.803364313602521,3.995761076974354,323
1,B,791,False,6.007009833613764,1.6412566083680038,1.6412753758452994,3.8241426047295315,457
1,B,743,False,4.042842784297059,0.06570806549880157,0.06617518202529292,2.054508983161176,625
1,B,408,False,9.595851118606724,0.3972065230185141,0.3972840630744496,4.996567590840587,34
1,B,71,False,6.2538513681861065,1.7646229414104428,1.7646403968504543,4.009245882518281,313
1,B,234,False,5.682570207689359,1.7222930232181106,1.722310907667447,3.702440557678403,512
1,B,643,False,6.752329288531944,1.6622996025131487,1.6623181324162526,4.207323710474098,155
1,B,299,False,6.1947958611470995,1.7376370570609483,1.7376547835850247,3.966225322366062,354
1,B,611,False,6.985148409778502,1.7874667763591794,1.7874840087207389,4.386316209249621,108
1,B,218,False,7.884075475901758,1.1789135362682246,1.1789396637830691,4.531507569842414,76
1,B,462,False,5.863787119572073,1.6761631609593914,1.676181537603211,3.7699843285876424,487
1,B,215,False,6.006674691169444,1.7149086306623935,1.7149265921213221,3.860800641645383,435
1,B,349,False,6.828846305794482,1.3381043361922544,1.3381273554415514,4.083486830618017,251
1,B,677,False,5.906366037509542,1.7134410587833602,1.7134590356262176,3.80991253656788,465
1,B,782,False,5.839229126846908,1.6007303590260924,1.6007496016405216,3.7199893642437147,508
1,B,632,False,6.682431254940101,1.303807570860576,1.3038311956222868,3.993131225281194,326
1,B,694,False,6.200101283214766,1.7880606359813238,1.7880778626196405,3.9940895729172032,324
1,B,491,False,6.529419598321661,1.734125594339336,1.734143356757809,4.131781477539735,184
1,B,30,True,9.57458434550129,0.5089650639359962,0.5090255800565022,5.041804962778896,19
1,B,162,False,6.147066919850321,0.9551351871519,0.9551674358876464,3.5511171778689836,553
1,B,199,False,6.4046130181958505,1.6814058419883848,1.6814241613338243,4.043018589764838,291
1,B,585,False,6.232402937227256,1.7894883391472074,1.789505552041769,4.0109542446345126,310
1,B,580,False,6.668701068589419,1.5832318299835235,1.5832512852726386,4.125976176931029,188
1,B,708,True,9.540316167627406,0.5056960873006409,0.5057569945691935,5.0230365810982995,26
1,B,87,False,6.882928301007685,0.9936912685112396,0.9937222660079437,3.9383252835078144,385
1,B,41,False,9.402271489741523,0.352302568972625,0.3523899898538508,4.877330739797687,48
1,B,108,False,9.266903333904782,0.4607676510773424,0.46083449645595914,4.863868915180371,50
1,B,599,False,9.4105272308298,0.45664639425927794,0.4567138428321237,4.933620536830961,39
1,B,475,False,2.881585834746657,0.7665109832668673,0.7665511674462608,1.824068501096459,626
1,B,521,False,6.099686358915653,1.7262481095411564,1.7262659530150335,3.9129761559653433,394
1,B,800,False,6.448719596327042,1.757753246613462,1.7577707702725778,4.103245183299809,218
1,B,258,False,6.883839496462984,0.8023952446460012,0.8024336318194807,3.8431365641412323,449
1,B,746,False,4.809099602625322,1.1743504507901479,1.1743766798244546,2.9917381412248885,607
1,B,615,False,7.2537063929985575,1.6447905489170274,1.6448092760716246,4.449257834535091,96
1,B,125,False,5.960450860961035,1.69331365140973,1.693331841930293,3.826891351445664,455
1,B,610,False,6.166173114447062,1.701251628873476,1.701269734518645,3.9337214244828536,387
1,B,210,False,6.527527422194807,1.722037219240802,1.7220551063467975,4.124791264270803,189
1,B,774,False,8.537018114944564,0.5318956166031683,0.5319535241035165,4.53448581952404,74
1,B,768,False,6.731620398452321,1.7078136708311125,1.7078317069085363,4.2197260526804286,147
1,B,193,False,6.34149829647963,1.7781955666492737,1.778212888856567,4.059855592668098,276
1,B,560,False,6.5233050188839945,1.1906400210244272,1.1906658912178236,3.856985455050909,437
1,B,822,False,5.383779586749154,1.2213953916738691,1.2214206104559764,3.302600098602565,593
1,B,245,False,4.026416059017426,0.5409233816595173,0.5409803228126265,2.2836981909150262,620
1,B,280,False,6.411604141848931,1.8068856929960477,1.8069027401601596,4.109253441004546,207
1,B,25,False,6.181425297398594,1.8176298188695543,1.8176467652677333,3.9995360313331636,321
1,B,504,False,6.209609478541409,1.3082582107562717,1.3082817551489767,3.7589456168451925,492
1,B,23,False,5.362683887529943,1.5511572117745713,1.5511770693524154,3.4569304784411794,574
1,B,620,False,6.251809591623652,1.7327024241009228,1.7327202011085632,3.9922648963661076,327
1,B,203,False,7.303463208474262,1.6126400705363795,1.6126591710414402,4.458061189757851,93
1,B,658,False,6.123792460155575,1.6431638023258257,1.643182548020259,3.883487504087917,416
1,B,578,False,6.626601541851006,1.5775332641013926,1.5775527896685042,4.102077165759755,221
1,B,44,False,6.275890878507356,1.794315758824616,1.794332925410121,4.0351119019587385,295
1,B,343,False,6.555666019255157,1.655198721479666,1.6552173308760414,4.105441675065599,212
1,B,14,False,6.286010045234604,1.8292626108779253,1.829279449510219,4.057644747372411,279
1,B,121,False,6.3337049299482855,1.7314357991838754,1.731453589196081,4.032579259572183,296
1,B,390,False,5.863617696819032,1.6269551278055039,1.6269740602533,3.745295878536166,498
1,B,496,False,6.438884106078908,1.0811810012020342,1.0812094904340783,3.7600467982564934,491
1,B,547,False,6.755366829450637,1.1364009450545531,1.1364280499729702,3.9458974397118034,377
1,B,267,False,6.040726221573547,1.7832528458067647,1.7832701188890063,3.9119981702312767,396
1,B,189,False,6.220151746614345,1.7262457502543564,1.7262635937526203,3.9732076701834824,347
1,B,664,False,6.238109576948207,1.7649219929584705,1.7649394454408303,4.001524511194519,320
1,B,397,False,6.403124066255773,1.7760761413520636,1.776093484230073,4.089608775242923,240
1,B,195,False,6.397910301689209,1.7739600432617588,1.7739774068273098,4.085943854258259,247
1,B,187,False,6.657431142948163,1.0511865649473198,1.0512158670654814,3.8543235050068225,440
1,B,36,False,9.33135052888094,0.3722238688071221,0.37230661202055965,4.85182857045075,52
1,B,499,False,6.3333271240160025,0.6909911398854229,0.6910357156071182,3.51218141981156,569
1,B,231,False,6.2572630389086,1.776054561476723,1.7760719045654543,4.016667471737027,306
1,B,857,False,8.26516889177004,0.2820649730579384,0.28217415521387024,4.273671523491955,127
1,B,109,False,9.289933630698737,0.45996189368256557,0.4600288561433267,4.874981243421032,49
1,B,795,False,6.426571048359616,1.7736237512612774,1.773641118119055,4.100106083239336,224
1,B,380,False,6.000561474220269,1.739115945180302,1.7391336566304674,3.869847565425368,419
1,B,492,False,6.263694064532057,1.591339960620408,1.5913593167829343,3.927526690657496,390
1,B,128,False,8.491606999908267,0.4647977793966775,0.46486404526115843,4.478235522584713,90
1,B,26,False,6.239590685103773,1.66305313496866,1.6630716564759238,3.951331170789848,373
1,B,500,False,6.331142221812743,0.5645076315200364,0.5645621939953533,3.4478522079040483,575
1,B,577,False,6.369143464597962,1.7894587594879698,1.789475972667057,4.079309718632509,257
1,B,415,False,7.0719127802832125,1.4534372041125456,1.4534583967706056,4.262685588526909,131
1,B,439,False,7.27438245733497,1.758634713221346,1.7586522280973038,4.516517342716137,80
1,B,103,False,6.295798563511741,1.6797875361134555,1.6798058731075443,3.9878022183096427,335
1,B,729,False,6.095964048442353,1.8120334677191083,1.81205046645468,3.9540072574485166,368
1,B,606,False,6.303632090161254,1.8263021968276216,1.8263190627548853,4.064975576458069,272
1,B,468,False,6.415371095578981,0.7287783583590262,0.7288206229635403,3.5720958592712604,545
1,B,285,False,6.394188467224758,1.8164721131995645,1.8164890703982166,4.105338768811487,213
1,B,833,False,5.9950786075381375,1.7249250468018502,1.7249429039619981,3.860010755750068,436
1,B,485,False,6.762949266046686,1.7437726417330792,1.7437903058857873,4.253369785966236,138
1,B,754,False,6.187345401428789,1.7865610202088105,1.7865782613068009,3.986961831367795,336
1,B,302,False,6.4179985335003815,1.8259714945925714,1.8259883635743996,4.12199344853739,191
1,B,33,False,9.620761134769364,0.3129761108965425,0.31307451323352836,4.966917824001446,38
1,B,493,False,6.196792914424873,1.5816811968727515,1.581700671235018,3.8892467928299457,411
1,B,572,False,6.282741410643748,1.7414142815771676,1.7414319696518175,4.0120866901477825,309
1,B,488,False,7.891451550236914,0.7844831025790842,0.7845223662054458,4.33798695822118,114
1,B,479,False,6.277678863980363,1.6557387667853867,1.6557573701120822,3.9667181170462227,353
1,B,327,False,7.327419162693009,1.632272023038012,1.6322908938167517,4.479855028254881,89
1,B,372,False,6.93647126284812,1.6781494212648238,1.6781677761582567,4.307319519503189,122
1,B,653,False,6.121092137980517,1.6025214863832413,1.6025407074905893,3.861816422735553,431
1,B,395,False,4.991168863223553,1.6503323371385066,1.6503510014083462,3.3207599323159496,590
1,B,507,False,6.199308048432059,0.9259614480558515,0.9259947127981752,3.562651380615117,548
1,B,481,False,5.342834340972651,1.6181986182516763,1.6182176531468566,3.480525997059754,573
1,B,669,False,5.118197154774972,1.6313048513886939,1.6313237333554533,3.3747604440652124,583
1,B,451,False,6.254013933673782,1.823174881755228,1.8231917766125634,4.038602855143173,293
1,B,769,False,6.7626824769192995,1.7106129697506796,1.7106309763136307,4.236656726616465,143
1,B,154,False,6.638612441808384,1.6928650673633885,1.6928832627041166,4.16574785225625,169
1,B,334,False,6.104069931596522,1.7376380248612486,1.737655751375452,3.9208628414859867,391
1,B,811,False,6.326182797667463,1.802528350718068,1.8025454390907554,4.0643641183791095,273
1,B,736,False,5.779715810420384,1.720691144626189,1.7207090457248924,3.750212428072638,496
1,B,293,False,7.309098283355795,0.24069667344979787,0.2408246113965192,3.7749614473761572,486
1,B,320,False,7.250419263066991,1.6403675305802865,1.6403863082294223,4.445402785648207,97
1,B,5,True,9.53300525035992,0.5823004482754619,0.5823533436894561,5.057679297024689,10
1,B,284,False,6.1841837976960585,1.7659597575595996,1.7659771997861256,3.975080498741092,346
1,B,581,False,6.491825918074486,1.7146723262100674,1.7146902901442957,4.103258104109391,217
1,B,186,False,6.62316238276176,1.7477508400451645,1.7477684639914588,4.185465423376609,158
1,B,81,False,7.15665482136167,0.3750508778173159,0.37513299747692824,3.765893909419299,489
1,B,207,False,7.196551095033716,1.6000410225727724,1.6000602734772864,4.398305684255502,102
1,B,329,False,5.9752509202974995,1.6403827717486956,1.640401549223366,3.807826234760433,468
1,B,463,False,6.238772186148283,1.7881631988463418,1.7881804244966075,4.013476305322445,308
1,B,60,False,6.447223176512126,1.652201101413999,1.6522197445733775,4.049721460542751,286
1,B,384,False,8.432112436126346,0.6257411604642295,0.625790384029354,4.52895141007785,78
1,B,502,False,5.8525872294366765,1.7138021345206982,1.7138201075761093,3.783203668506393,483
1,B,292,False,6.457248293134888,1.6916214963332994,1.6916397050499248,4.074443999092407,262
1,B,171,False,6.143520812221371,0.892605211137092,0.892639718920001,3.5180802655706858,566
1,B,634,False,6.356799660470545,1.8051671701938756,1.805184233586769,4.080991947028656,254
1,B,155,False,4.8865841398470184,1.6613707147808128,1.6613892550440414,3.27398669744553,594
1,B,570,False,6.300232834341947,1.7185577781185433,1.7185757014389065,4.009404267890426,312
1,B,588,False,8.255982983332748,1.5224845056007994,1.5225047371482943,4.889243860240521,44
1,B,111,False,8.529475549295487,0.2423928011183952,0.24251984429837437,4.385997696796931,109
1,B,619,False,7.019504306292568,1.6874234391378409,1.687441693154541,4.353472999723555,112
1,B,191,False,6.202411236591501,1.7267887448341692,1.7268065827215424,3.964608909656522,356
1,B,589,False,6.423181166224562,1.741965118336215,1.7419828008176743,4.082581983521118,253
1,B,129,False,6.488284052058505,1.7326019771691012,1.7326197552073463,4.110451903632926,206
1,B,265,False,7.37484242945631,1.7227523366845376,1.7227702163656418,4.548806322910976,70
1,B,685,False,6.031700059193491,1.6924070319439322,1.69242523220902,3.8620626457012555,430
1,B,22,False,6.360723705964668,1.8274916591879167,1.8275085141377292,4.094116110051199,230
1,B,367,False,6.400538820631708,1.7813012035508209,1.7813184955577397,4.090928658094724,236
1,B,412,True,9.60286796049788,0.456773196689462,0.4568406265410244,5.029854293519453,23
1,B,735,False,7.551634916421453,1.3099144621833403,1.3099379768071295,4.430786446614292,99
1,B,313,False,6.565226017095229,1.7228833731017745,1.7229012514230275,4.144063634259128,178
1,B,554,False,6.711247954250641,1.6046222467194768,1.6046414426629856,4.157944698456814,174
1,B,573,False,6.392400609731799,1.7785391743444727,1.7785564932052074,4.085478551468503,249
1,B,105,False,6.408280324582839,0.6238133206140182,0.6238626962881927,3.516071510435516,567
1,B,31,True,9.521597686176701,0.5708864999214341,0.5709404527943623,5.046269069485532,15
1,B,317,False,5.151015606438084,1.5610290256253612,1.5610487576271763,3.35603218203263,585
1,B,305,True,9.396588031804752,1.1717291122802904,1.171755399991672,5.284171715898212,5
1,B,90,False,6.617439136719618,1.1955383429311786,1.1955641071323253,3.9065016219259716,397
1,B,566,False,6.429740713820858,1.8141564924454234,1.814173471288335,4.121957092554597,192
1,B,133,False,6.215365249416755,0.926091357851342,0.926124617927538,3.5707449336721466,546
1,B,220,False,8.449140514231459,0.3470037893434372,0.34709254481073254,4.398116529521096,103
1,B,593,False,6.41215831212953,1.7374224551181474,1.737440183831736,4.074799247980633,261
1,B,666,False,6.351694000865351,1.8221558051555016,1.8221727094615319,4.086933355163441,245
1,B,841,False,5.407055997600358,1.6980505079357349,1.698068647712834,3.5525623226565957,552
1,B,626,False,6.312134604093865,1.8266593619689189,1.8266762245984327,4.069405414346149,268
1,B,442,False,4.77344758146195,1.6687212160531684,1.668739674649839,3.221093628055894,599
1,B,357,False,6.595941805199156,1.2776825196002193,1.2777066274135276,3.936824216306342,386
1,B,279,False,5.732212283382181,1.722956018185097,1.7229738957525529,3.727593089567367,507
1,B,837,False,5.941102634562147,1.6876649879902816,1.6876832393943844,3.8143929369782654,464
1,B,565,False,6.5628603581893525,0.7498697542799231,0.749910830184708,3.6563855941870305,528
1,B,237,False,6.398168296723634,1.6970531804564843,1.6970713308938885,4.047619813808762,288
1,B,433,False,7.099420904361865,0.8606349563839127,0.8606707459850284,3.9800458251734465,343
1,B,149,False,6.081017162669356,1.811154371910331,1.8111713788966495,3.9460942707830027,375
1,B,148,True,10.097369767277911,0.3534776905254633,0.35356482085142615,5.225467294064669,6
1,B,58,False,4.829661475908984,0.112796145405738,0.11306889608941198,2.471365185999198,615
1,B,222,False,8.329510369523213,0.6646945892189401,0.6647409283182595,4.497125648920736,86
1,B,398,False,7.855839822604067,1.5879018778965273,1.587921275967988,4.721880549286028,62
1,B,135,False,6.662931381463229,1.5238929819184137,1.523913194766907,4.093422288115068,232
1,B,223,False,8.11026240047253,0.9942565058369945,0.9942874857120929,4.5522749430923115,69
1,B,494,False,6.215026962077203,1.5874142992141482,1.5874337032437074,3.901230332660455,401
1,B,744,False,4.046779457136093,0.1445535433631709,0.14476647313288385,2.0957729651344885,624
1,B,567,False,6.427394209194458,1.7290971715885581,1.729114985661751,4.078254597428105,259
1,B,432,False,6.283256557138246,1.7475130995556438,1.7475307258995647,4.015393641518905,307
1,B,374,False,6.15117877458834,1.5861864035231308,1.5862058225735178,3.868692298580929,422
1,B,1,False,5.453247174102557,1.6967341453843852,1.69675229923456,3.5749997366685586,543
1,B,601,False,6.8672461252423185,1.5652726300780027,1.565292308585139,4.216269216913728,149
1,B,82,False,6.914410918905546,0.9623479434177796,0.9623799504587135,3.9383954346821297,384
1,B,762,False,7.853297908752046,0.5736716979185401,0.5737253888727835,4.213511648812415,153
1,B,353,False,6.757723537121306,1.2773802127023741,1.2774043262209693,4.017563931671138,303
1,B,596,False,6.555609829355269,1.8139351436770907,1.8139521245918575,4.184780976973563,159
1,B,844,False,6.744763069120872,1.6402049180395757,1.6402236975503364,4.192493383335604,156
1,B,739,False,6.462964444997744,1.7062856197404515,1.7063036719697762,4.08463405848376,250
1,B,860,False,6.721208645723514,1.1863723573894145,1.1863983206420188,3.9538034831827664,370
1,B,217,False,8.484952715923711,0.2158779713271343,0.21602060862057784,4.350486662272145,113
1,B,241,False,5.029784909170181,1.4591980720980804,1.4592191810894073,3.2445020451297943,597
1,B,18,False,5.587446651182415,1.6792525021568547,1.6792708449933094,3.633358748087862,533
1,B,506,False,6.1975753447956174,1.0157161731291147,1.0157464984928768,3.606660921644247,538
1,B,28,True,9.545064221425262,0.5515570553017796,0.5516128987774453,5.048338560101354,14
1,B,273,False,6.232186066032595,1.6752041268350577,1.6752225139991683,3.9537042900158816,372
1,B,533,False,6.145795143583425,1.8143787313515873,1.8143957081148205,3.9800954258491226,342
1,B,3,False,6.498692971814655,1.581059306079956,1.5810787881021358,4.039885879958395,292
1,B,668,False,5.508647816538844,1.6038744709675858,1.6038936758607283,3.5562707461997864,550
1,B,691,False,6.9153925608534,1.6712119908174812,1.6712304219037586,4.29331149137858,126
1,B,584,False,5.420507501477379,1.6342888959314954,1.634307743422111,3.5274076224497453,562
1,B,574,False,6.25166534353025,1.7318726497674266,1.7318904352922944,3.991777889411272,329
1,B,197,False,6.534411129110077,1.7821758981095341,1.7821931816295926,4.158302155369835,173
1,B,259,False,6.922792080388291,0.8240007078648637,0.824038088565257,3.873415084476774,418
1,B,629,False,6.670424642215887,1.6935734794031396,1.6935916671329434,4.182008154674415,163
1,B,458,False,1.9342903749460314,0.26346651885529865,0.2635834050205272,1.0989368899832792,631
1,B,190,False,6.184079493278243,1.7236426019380153,1.72366047238432,3.9538699828312813,369
1,B,430,False,6.396493310259922,1.8261279470118956,1.8261448145484975,4.11131906240421,204
1,B,828,False,6.186711985208285,1.7976784635708376,1.7976955980451454,3.9922037916267152,328
1,B,13,False,6.394975161714636,1.6219817751460568,1.622000765644221,4.008487963679428,314
1,B,93,False,6.923390048185685,1.0056341399315767,1.0056647693145107,3.964527408750098,358
1,B,562,False,8.072628978317386,1.5946001562930447,1.5946194728819438,4.833624225599665,53
1,B,118,False,6.6048642462134985,1.7614862713945896,1.7615037579171098,4.183184002065304,161
1,B,716,True,8.827328808502598,1.2466910633424377,1.246715770439431,5.037022289471015,21
1,B,519,False,5.890520888842617,1.7269575009331013,1.7269753370773968,3.8087481129600067,467
1,B,346,True,9.646716245904258,1.0417965965010705,1.0418261627189538,5.344271204311606,1
1,B,378,True,9.514979558974904,0.5631563333584572,0.5632110267441748,5.039095292859539,20
1,B,406,True,8.958950592314617,1.3481226181819161,1.3481454663715449,5.153548029343081,8
1,B,482,False,5.429779822339994,1.6807867296824166,1.6808050557756538,3.555292439057824,551
1,B,96,False,6.913881938672068,0.9119226206796955,0.911956397505829,3.9129191680889486,395
1,B,831,False,5.854789693031202,1.7480281685972563,1.7480457897475008,3.801417741389351,476
1,B,342,False,5.742322040903964,1.5082778840127926,1.5082983061207067,3.6253101735123354,536
1,B,693,False,4.7012220305799595,1.4770558246208578,1.4770766784059952,3.089149354492977,602
1,B,678,False,6.020410820541692,1.7874182940200758,1.7874355268490454,3.903923173695369,398
1,B,101,False,6.447653748457306,1.3290474272892912,1.3290706034025317,3.8883621759299185,413
1,B,358,False,6.526393420254438,1.1959672755774753,1.1959930305385122,3.861193225396475,434
1,B,348,False,7.074989596846456,1.4048852132984393,1.404907138350819,4.239948367598638,141
1,B,715,True,9.57103572794298,0.49713734272626775,0.49719929844823846,5.03411751319561,22
1,B,520,False,6.151920170216932,1.7248950239021863,1.7249128813731462,3.9384165257950388,383
1,B,605,False,6.261685136500306,1.8279583568334903,1.8279752074800903,4.044830171990198,289
1,B,19,False,5.587446651182415,1.6792525021568547,1.6792708449933094,3.633358748087862,534
1,B,150,False,6.521741350104735,1.7355664074459654,1.7355841551187832,4.128662752611759,185
1,B,777,False,6.043832574066781,1.742397724627755,1.742415402719014,3.8931239883928974,408
1,B,247,False,6.2619489287804155,1.6784057979987814,1.6784241500885322,3.970186539434474,351
1,B,202,False,6.638339650165772,1.6035991786492803,1.6036183868393166,4.1209790185025446,193
1,B,544,False,6.785351057734963,0.9618962980153245,0.9619283200842316,3.873639688909597,417
1,B,778,False,6.3528958145447865,1.8058830537367012,1.805900110365432,4.0793979624551095,256
1,B,676,False,5.939965034023972,1.7881478060138478,1.788165031812395,3.8640650329181834,427
1,B,741,False,5.096976833387626,1.6685331478589338,1.6685516085361363,3.382764220961881,581
1,B,335,False,6.156644427336068,1.6237705494724122,1.6237895190505527,3.8902169731933105,410
1,B,51,False,6.143558375501643,0.9442080179792857,0.9442406399117002,3.5438995077066715,557
1,B,409,True,9.50987820037758,0.5779231067123066,0.577976402733269,5.043927301555424,16
1,B,667,False,5.904119618566202,1.699120228514763,1.6991383568716665,3.801628987718934,475
1,B,38,False,9.351107345340944,0.444584309211076,0.44465358746014355,4.897880466400544,43
1,B,177,False,5.189740343634236,0.5582815677660203,0.5583367386727935,2.874038541153515,609
1,B,98,False,7.15515265540647,0.35111121484535773,0.35119893228008087,3.7531757938432753,495
1,B,623,False,8.215099746799254,1.59329057935418,1.5933099118198142,4.904204829309534,42
1,B,331,False,7.29896920075408,0.18431320537903834,0.1844802496788787,3.7417247252164794,500
1,B,146,False,5.3948803282738576,0.3382087792377494,0.33829984214890574,2.8665900852113815,610
1,B,770,False,6.7975744973027785,1.7105023121184562,1.7105203198462946,4.254047408574537,136
1,B,569,False,2.532951373256338,0.19926248585104436,0.19941700808111507,1.3661841906687267,628
1,B,522,False,6.246864715098566,1.6629274332142683,1.6629459561215694,3.9549053356100674,366
1,B,250,False,8.421759923405576,0.5821128946656761,0.5821658071207363,4.501962865263156,83
1,B,553,False,7.224939182294148,1.6839143439259554,1.6839326359816378,4.454435909137893,94
1,B,807,False,6.384432206411107,1.7909204290164962,1.790937628147088,4.087684917279097,243
1,B,263,False,6.008991115831432,1.714187048913497,1.714205017933167,3.8615980668822996,432
1,B,175,False,4.950910921176718,0.331573674058936,0.3316665587203922,2.641288739948555,614
1,B,291,False,6.644352497637756,1.8072656240533864,1.807282667633805,4.225817582635781,146
1,B,139,False,4.069880807031032,0.5822957893143559,0.5823486851515289,2.3261147460912803,617
1,B,66,False,6.008215701097649,1.7294530053122477,1.7294708157202454,3.868843258408947,421
1,B,627,False,7.84233889984181,1.5790967120230837,1.5791162182583647,4.710727559050087,63
1,B,783,False,5.808774274301175,1.60058470779127,1.6006039521567321,3.7046891132289534,511
1,B,486,False,6.7580822803538805,1.7617514675478931,1.7617689514381962,4.259925615896038,133
1,B,707,True,9.612171344872399,0.48736456192211225,0.4874277598393615,5.04979955235588,12
1,B,364,False,5.548810986726848,1.6731548212307064,1.673173230915449,3.6109921088211485,537
1,B,297,False,6.432501728820604,1.7646737395599899,1.7646911944975316,4.098596461659068,226
1,B,252,False,8.499654217585274,0.4801276702387579,0.4801918206023332,4.489923019093803,87
1,B,749,False,4.852536073293983,1.1814869993124193,1.1815130699187169,3.01702457160635,604
1,B,839,False,5.7119059094928755,1.605430675675184,1.6054498619525193,3.6586778857226974,525
1,B,318,False,4.025221291203472,0.3277986090489908,0.3278925631040432,2.1765569271537575,621
1,B,182,False,5.9964853014861506,1.7771292326426307,1.7771465652436973,3.886815933364924,414
1,B,69,False,7.828233401737309,1.587443960033858,1.5874633637008642,4.707848382719087,64
1,B,79,False,7.149182641696729,0.5632623007090123,0.5633169838061832,3.8562498127514564,439
1,B,448,False,6.517329774142674,1.7689605604950522,1.7689779731334856,4.14315387363808,179
1,B,271,False,6.587296237655443,1.327240133165094,1.3272633408365433,3.957279789245993,364
1,B,863,False,5.428713156174039,1.6658945516436168,1.6659130415602048,3.547313098867122,556
1,B,687,False,6.382286155835157,1.7400115232887619,1.7400292256229961,4.061157690729076,274
1,B,852,False,5.691307461300221,1.6237387548745945,1.623757724824176,3.6575325930621987,527
1,B,450,False,6.664325738859747,1.8103037436772667,1.8103207586547783,4.237323248757263,142
1,B,117,False,5.545519410603341,1.7434675298916078,1.7434851971355623,3.6445023038694515,531
1,B,107,False,8.02755447715225,1.61397931609341,1.613998400749467,4.820776438950858,55
1,B,239,False,5.129681558272663,1.5563414363924954,1.5563612278249357,3.3430213930487995,587
1,B,261,False,6.305337769727887,1.6325606620999116,1.6325795295423091,3.9689586496350984,352
1,B,804,False,6.32989961783842,1.802605122188356,1.8026222098332705,4.066260913835845,271
1,B,657,False,2.5246562104388346,0.14332547005636734,0.14354022158044938,1.334098216009642,629
1,B,679,False,6.307519788879182,1.8007153550880617,1.8007324606654953,4.054126124772338,282
1,B,697,True,9.428688567403443,0.6134729003260674,0.6135231081866134,5.021105837795028,28
1,B,225,False,7.683809229495193,1.385570993694836,1.385593224367448,4.53470122693132,73
1,B,163,False,6.734055604713689,1.3991472560962719,1.3991692710627306,4.066612437888209,270
1,B,211,False,6.986004288415652,1.6717273758921392,1.6717458012962685,4.32887504485596,116
1,B,594,False,6.418022153718304,1.7395400940498509,1.73955780118151,4.078789977449907,258
1,B,437,False,7.248502597897815,1.7490844466080164,1.7491020571168958,4.498802327507356,85
1,B,484,False,5.521768366648116,1.6880759373888585,1.6880941843498423,3.6049312754989793,539
1,B,260,False,6.515658506184595,1.662061965236479,1.6620804977889105,4.0888695019867525,241
1,B,790,False,6.121905657301235,1.73622837485722,1.7362461157634965,3.929075886532366,389
1,B,457,False,5.834040649965565,1.7741531663122856,1.7741705279877678,3.8041055889766664,471
1,B,517,False,5.989232010619617,1.708349062215911,1.7083670926409429,3.8487995516302798,446
1,B,823,False,5.569968809479535,1.418758091807897,1.4187798024763643,3.4943743059779497,571
1,B,700,False,6.890772397513123,1.7833068490440958,1.783324121603268,4.337048259558196,115
1,B,602,False,6.267643184449499,1.719064796939821,1.7190827149739576,3.9933629497117282,325
1,B,652,False,5.074997968843176,1.6442680922885506,1.6442868253935246,3.35964239711835,584
1,B,126,False,5.903749206065252,1.7067724595241078,1.7067905066042692,3.805269856334761,469
1,B,209,False,6.338464343815465,1.8328745662916872,1.832891371741224,4.085677857778345,248
1,B,806,False,6.375450677621771,1.8052029469763136,1.8052200100310356,4.090335343826403,238
1,B,465,False,8.200105777475116,1.573659778249562,1.573679351877296,4.886892564676206,45
1,B,156,False,6.158045043338485,1.8182325602053429,1.8182495009858688,3.988147272162177,334
1,B,287,False,6.509122900627194,1.7973916899793765,1.797408827187461,4.153265863907327,175
1,B,127,False,8.492180822872967,0.45981150068964427,0.459878485048984,4.476029653960976,91
1,B,775,False,8.542409845885427,0.4899264551791248,0.489989322668228,4.516199584276827,81
1,B,842,False,7.80701746556642,0.7923857872769556,0.7924246593355148,4.299721062450968,125
1,B,722,False,4.8503473073223695,1.5853329968709766,1.5853524263747787,3.217849866848574,600
1,B,214,False,5.98184172376645,1.717958735171493,1.7179766647415562,3.849909194254003,445
1,B,420,False,2.5515166396902353,0.3342916539773946,0.3343837836430289,1.4429502116666322,627
1,B,445,False,6.383563480223254,1.834677737452798,1.8346945263856334,4.109129003304443,208
1,B,40,False,6.856802513142727,1.6803577669504257,1.680376097721908,4.268589305432317,128
1,B,509,False,6.584786434471067,1.6905642086058796,1.6905824287102094,4.137684431590638,182
1,B,558,False,7.152326617385797,1.629063566836182,1.6290824747806691,4.390704546083233,106
1,B,464,False,8.010637610694236,1.505403274435367,1.5054237355393365,4.758030673116786,60
1,B,268,False,6.365883681509378,1.8196445636177263,1.8196614912527085,4.092772586381043,235
1,B,816,False,6.51372930197751,1.8329550663986578,1.8329718711101362,4.173350586543823,167
1,B,330,True,8.729609882033735,1.4505594132983766,1.4505806480003158,5.090095265017025,9
1,B,705,True,9.545611413627407,0.4819758216394517,0.48203972604911977,5.013825569838263,30
1,B,324,False,4.078200929866709,0.4969487833553292,0.49701076258248955,2.287605846224599,618
1,B,613,False,7.002767922958931,1.7825313600266417,1.7825486401001558,4.392658281529544,105
1,B,637,False,4.98366854755008,1.1759334278802878,1.175959621607294,3.079814084578687,603
1,B,639,False,6.437182587419619,1.7995914739552088,1.7996085902153185,4.118395588817469,199
1,B,776,False,8.650085016210324,0.2550965691826748,0.25521728870367905,4.452651152457002,95
1,B,635,False,6.439558539070548,1.7725982377621905,1.7726156146672376,4.106087076868893,211
1,B,315,False,6.640435224992848,1.7097869703644482,1.7098049856262918,4.175120105309571,166
1,B,428,False,6.059598605505307,1.736685172773733,1.7367029090136907,3.898150757259499,406
1,B,136,False,6.6736398134028345,1.5284037601310694,1.528423913326168,4.1010318633645015,222
1,B,497,False,6.272875467055978,0.8250174724804941,0.8250548071144054,3.5489651370851916,554
1,B,269,False,6.355896270554547,1.8188253885714178,1.8188423238303135,4.0873692971924305,244
1,B,144,False,6.91200931909139,1.5958130207620274,1.595832322669933,4.253920820880661,137
1,B,362,False,3.8800354621873154,1.586115463636913,1.5861348835558169,2.733085172871566,613
1,B,819,False,5.979759392393271,1.6703158358161028,1.670334276790886,3.8250468345920785,456
1,B,642,False,6.753134321885201,1.6731880092803642,1.673206418599951,4.213170370242576,154
1,B,17,False,6.026987487639338,1.5428196883327756,1.5428396532212052,3.7849135704302714,482
1,B,347,False,5.772513055235398,1.6970560261084384,1.697074176515408,3.734793615875403,501
1,B,751,False,6.419911186333088,1.7278206210689013,1.7278384483033735,4.073874817318231,264
1,B,540,False,6.790720211399348,1.4432600460911262,1.4432813881871565,4.117000799793252,200
1,B,206,False,6.762948244225301,1.6668209594814896,1.6668394391216208,4.214893841673461,151
1,B,20,False,6.323561559120065,1.73989198824562,1.7399096917960375,4.031735625458051,297
1,B,712,False,6.404859653924525,1.8346206841484847,1.8346374736034199,4.119748563763973,195
1,B,321,False,7.423884164402623,1.5498251594279144,1.5498450340728411,4.486864599237732,88
1,B,785,False,6.923187296485818,1.6006366688964895,1.6006559126372337,4.261921604561525,132
1,B,459,False,2.2080678911432337,0.26350050478596815,0.2636173758820649,1.2358426335126493,630
1,B,116,False,6.43447258726839,1.7970475509928894,1.79706469148276,4.115768639375575,202
1,B,550,False,6.035594416582028,1.6780286427418003,1.6780469989563385,3.856820707769183,438
1,B,846,False,6.833595589235779,1.6785201946375459,1.6785385454765556,4.256067067356168,135
1,B,490,False,6.3596761873169605,1.7469756729500103,1.746993304716314,4.053334746016637,283
1,B,756,False,6.151783484849632,0.9169582254469443,0.916991816789711,3.5343876508196717,561
1,B,849,False,5.716024653869387,1.6588264878763972,1.6588450565754562,3.6874348552224214,517
1,B,16,False,6.343448247791954,1.6723825104546755,1.672400928640967,4.0079245882164605,315
1,B,438,False,7.102857988886546,1.7807155795652387,1.780732877258925,4.441795433072736,98
1,B,424,False,9.29463771049771,0.4613313822933468,0.46139814600101714,4.878017928249363,47
1,B,99,False,6.87357165782557,0.8544976683813786,0.8545337150245731,3.8640526864250715,428
1,B,532,False,9.214889246447399,0.31598186048009075,0.3160793270635481,4.765484286755473,58
1,B,586,False,6.186241951611708,1.7348737448517755,1.734891499610425,3.960566725611067,361
1,B,703,False,6.81346040499934,1.7870250619660462,1.7870422985870358,4.300251351793188,124
1,B,508,False,6.219384200283426,1.579759847825362,1.5797793458726117,3.899581773078019,405
1,B,15,False,5.679944206314357,1.7236731473697045,1.723691017499328,3.701817611906842,513
1,B,471,False,6.3385346940547045,0.8553333445436736,0.8553693559701285,3.5969520250124165,540
1,B,303,False,6.418549964538391,1.8190519275973498,1.819068860747201,4.118809412642796,197
1,B,836,False,6.849623302970769,1.677992634323709,1.678010990932153,4.263817146951461,130
1,B,86,False,6.796485546252891,0.8998893957376112,0.8999236242067927,3.8482045852298414,447
1,B,123,False,6.245875485346013,1.635872587523512,1.6358914167680434,3.940883451057028,381
1,B,847,False,6.65021949184101,1.7798246900292856,1.7798419963812315,4.215030744111121,150
1,B,780,False,6.729471194168139,1.212529401054752,1.2125548042322383,3.9710129992001884,350
1,B,698,False,5.491005184278661,0.07781998790003651,0.07821480269902677,2.7846099934888437,611
1,B,226,False,7.784914180352117,1.2569970637661818,1.2570215682959813,4.520967874324049,79
1,B,737,False,9.435020976321814,0.33327728758722325,0.3333696975821026,4.884195336951959,46
1,B,689,False,6.433247422467293,1.803840704623174,1.8038577805636216,4.118552601515457,198
1,B,194,False,6.359524583284925,1.7833349796524283,1.783352251939143,4.0714384176120335,266
1,B,477,False,5.364628699368284,1.68139960783126,1.681417927244622,3.523023313306453,564
1,B,474,False,5.912783130193236,1.7274136702377663,1.7274315016720043,3.82010731593262,460
1,B,706,True,9.594084149364488,0.44604962680207594,0.44611867750045736,5.020101413432473,29
1,B,411,True,9.557622716193901,0.5261308811424211,0.5261894230561712,5.041906069625036,18
1,B,296,False,6.432501728820604,1.7646737395599899,1.7646911944975316,4.098596461659068,227
1,B,174,False,5.836086338238056,1.6760297854939243,1.6760481636001083,3.7560672509190822,493
1,B,91,False,6.373759867086138,1.18992142911555,1.1899473149315807,3.781853591008859,484
1,B,240,False,5.082823304738009,1.5396579497184029,1.53967795560486,3.311250630171435,592
1,B,753,False,6.222249006361127,1.791698649971555,1.7917158416318082,4.006982423996468,317
1,B,454,False,6.174527159157807,1.7413747467816598,1.7413924352578816,3.9579597972078444,363
1,B,417,False,6.160133985545636,1.7319553658607951,1.7319731505362566,3.9460535680409463,376
1,B,249,False,8.529998365807206,0.5018609364931302,0.5019223091497802,4.515960337478493,82
1,B,814,False,6.478676947915656,1.7023914907883875,1.7024095843107774,4.090543266113217,237
1,B,766,False,7.020809624500107,1.3479218238090238,1.3479446754021958,4.1843771499511515,160
1,B,480,False,6.286562521380492,1.6581362568077,1.6581548332362501,3.972358677308371,349
1,B,422,False,5.41764286855569,1.6366411568284518,1.6366599772308414,3.527151422893266,563
1,B,498,False,6.3371217061965215,0.8515404521878241,0.851576624007922,3.594349165102222,542
1,B,534,False,6.146158975652153,1.8141123923727576,1.8141293716284117,3.9801441736402823,341
1,B,102,False,6.396552683294693,1.210848478581182,1.2108739170230933,3.803713300158893,472
1,B,198,False,6.755711199761525,0.5321733526312816,0.5322312299135633,3.6439712148375443,532
1,B,77,False,7.718339323036844,0.15870290156619482,0.15889687161808813,3.938618097327466,382
1,B,781,False,4.018649816577065,0.1922138104209568,0.19237399450297168,2.1055119055400184,623
1,B,266,False,7.825008015848874,1.6222844846077362,1.6223034715624183,4.723655743705646,61
1,B,591,False,6.60276543257212,1.7268952974218328,1.726913134208587,4.164839283390354,170
1,B,734,False,5.853325894528196,1.6320515953200676,1.6320704686474978,3.742698181587847,499
1,B,388,False,8.284613738580566,1.5782088348777965,1.5782283520868639,4.931421045333715,40
1,B,478,False,5.71010276343077,1.6063525356251054,1.6063717108918756,3.6582372371613228,526
1,B,419,False,6.48454429062383,1.7011037567770408,1.7011218639960652,4.0928330773099475,234
1,B,232,False,5.410470626784702,1.702258739507808,1.702276834441213,3.5563737306129575,549
1,B,21,False,6.219711525087444,1.7529051004249931,1.752922672550173,3.9863170988188084,338
1,B,401,True,9.717832189879108,0.8645609017552301,0.8645965288435424,5.291214359361325,4
1,B,702,False,6.831553086528091,1.774330765481403,1.7743481254191091,4.3029506059736,123
1,B,371,False,6.556389842231882,1.7491000092167752,1.7491176195689668,4.152753730900424,176
1,B,7,False,4.407581410438283,1.6249011743764108,1.6249201307554548,3.016250770596869,605
1,B,467,False,6.51370797780887,0.4874270242695486,0.4874902140892194,3.5005990959490445,570
1,B,345,False,6.427508484640002,1.8283188193632824,1.8283356666877209,4.127922075663862,186
1,B,856,False,6.027864669695888,1.739121692478205,1.7391394038698398,3.883502036782864,415
1,B,379,False,6.307504845740356,1.6549654492146595,1.6549840612340547,3.9812444534872053,340
1,B,42,False,9.370177149657707,0.290643691787887,0.2907496524857392,4.830463401071723,54
1,B,32,True,9.54930825285383,0.5346429452618653,0.5347005552295301,5.0420044040416805,17
1,B,760,False,6.43619429457922,1.6660911812745556,1.666109669009015,4.051151981794117,284
1,B,301,False,5.239264047036148,1.6149119852255125,1.614931058859632,3.42709755294789,579
1,B,53,False,6.049340815712424,1.6875680994013098,1.6875863518532717,3.8684635837828476,423
1,B,827,False,5.748222714124428,1.2227951721132013,1.2228203620269984,3.485521538075713,572
1,B,132,False,6.3696540054669875,1.5431217608789811,1.5431417218592507,3.956397863663119,365
1,B,688,False,6.398797466308969,1.8186000247219516,1.8186169620794723,4.1087072141942205,209
1,B,134,False,5.97811939527079,1.3655749752280653,1.3655975314175173,3.6718584633441536,521
1,B,298,False,6.405399607626033,1.7347090311485218,1.734726787593,4.0700631976095165,267
1,B,840,False,7.1968926223878755,0.532468307230355,0.5325261524556757,3.8647093874217755,426
1,B,440,False,6.403390257764629,1.7306765502179957,1.7306943480346113,4.06704230289962,269
1,B,373,False,6.937704674904405,1.682343994809899,1.6823623039397355,4.310033489422071,120
1,B,453,False,6.245486991644657,1.7918971867843354,1.7919143765398224,4.01870068409224,302
1,B,221,False,8.51786973866744,0.25922877984854364,0.2593475759405716,4.3886086573040055,107
1,B,757,False,6.099972288745193,1.7901128238823705,1.7901300307722343,3.9450511597587137,379
1,B,587,False,8.162214616655898,1.5627394915515291,1.56275920195634,4.862486909306119,51
1,B,179,False,5.760863748305775,1.774134297433739,1.7741516592938702,3.7675077037998226,488
1,B,513,False,5.822809739547511,1.509819043205667,1.509839444467842,3.666324592007676,522
1,B,283,False,6.234347574823359,1.4036905657500682,1.4037125094620453,3.8190300421427024,461
1,B,224,False,7.810448020796322,1.260270079995748,1.2602945208866756,4.535371270841499,72
1,B,861,False,6.713212260955658,1.1943205862600481,1.1943463767303986,3.9537793188430284,371
1,B,147,False,5.5150753353995885,0.7305370163911914,0.7305791792559035,3.122827257327746,601
1,B,792,False,6.42238128473031,1.7665051793727231,1.7665226162138832,4.094451950472097,229
1,B,728,False,5.867891242623556,1.7186995702532792,1.7187174920949901,3.7933043673592732,478
1,B,306,True,9.489896938027123,1.1053852687232197,1.1054131341515672,5.297655036089345,3
1,B,571,False,6.19482160028708,1.7340864284300719,1.734104191249721,3.9644628957684005,359
1,B,78,False,6.818020789584775,1.0154450234950583,1.0154753569562216,3.9167480732704982,393
1,B,185,False,6.974317809721196,0.39253758233496167,0.3926160444885851,3.6834669271048908,519
1,B,399,False,6.027366788049082,1.71170089414848,1.7117188892669237,3.8695428386580026,420
1,B,95,False,6.2545103573156275,1.4530995527514587,1.4531207503339063,3.853815553824767,441
1,B,644,False,6.819228207560744,1.669653957351492,1.669672405636502,4.244450306598623,140
1,B,152,False,6.450314483783148,1.7376628129525327,1.7376805392138666,4.093997511498507,231
1,B,361,False,6.293309951492784,1.7656763036262768,1.7656937486528739,4.029501850072829,298
1,B,312,False,6.729345472006771,1.6226541201467581,1.6226731027763217,4.176009287391547,165
1,B,516,False,6.2233299368454045,1.7454680471730493,1.7454856941684123,3.9844078155069083,339
1,B,183,False,5.739666969681574,1.7705367542432207,1.7705541513804666,3.75511056053102,494
1,B,396,False,5.156930690482546,1.7109883206649472,1.71100632327772,3.4339685068801327,576
1,B,801,False,6.368296187842603,1.7786874613368209,1.7787047787537174,4.07350048329816,265
1,B,854,False,5.650023750438013,1.610384102300119,1.6104032295625361,3.6302134900002745,535
1,B,45,False,6.297506759791839,1.6798978748378326,1.6799162106275276,3.988711485209683,333
1,B,538,False,6.801479748323869,1.3472330397475474,1.3472559030235878,4.074367825673728,263
1,B,62,False,6.633313218095934,0.43874619714400137,0.4388163970874479,3.536064807591691,559
1,B,370,False,6.576595580764787,1.7458486749252156,1.7458663180732414,4.161230949419014,172
1,B,556,False,6.845379839433224,1.6899423152219262,1.689960542031124,4.267670190732174,129
1,B,604,False,8.404033604327399,0.6572925560886425,0.6573394169940115,4.530686510660705,77
1,B,429,False,6.412366106242923,1.8261567140322712,1.8261735813031652,4.119269843773044,196
1,B,46,False,5.869149891749829,1.712248487356152,1.7122664767196478,3.790708184234738,479
1,B,761,False,5.699247150739327,1.6868999903378075,1.686918250018708,3.693082700379018,515
1,B,363,False,6.5405181820749965,1.7421342154607176,1.742151896225876,4.141335039150436,180
1,B,808,False,6.366281635698813,1.7996436741678161,1.7996607899314587,4.082971212815136,252
1,B,326,False,5.985827322099921,1.6193230732415804,1.6193420949191195,3.8025847085095204,474
1,B,308,False,8.433264420964111,1.5303933273316914,1.5304134543272454,4.981838937645678,36
1,B,714,False,9.47972565875775,0.523028674745855,0.5230875638465239,5.001406611302137,32
1,B,662,False,6.420256800908223,1.8341845062673499,1.8342012997148616,4.127229050311542,187
1,B,683,False,6.425989847752454,1.7662181041882752,1.766235543863533,4.096112695807994,228
1,B,173,False,5.101380094643073,1.4209279557899228,1.4209496333050706,3.261164863974072,596
1,B,809,False,6.358222111939256,1.7972808794577213,1.7972980177223827,4.077760064830819,260
1,B,8,False,6.285830483208262,1.803458598007549,1.803475677565916,4.044653080387089,290
1,B,242,False,6.085566925520606,1.7742935857818818,1.774310946083356,3.9299389358019807,388
1,B,568,False,6.232608993473091,1.8012432697878604,1.801260370351979,4.016934681912535,305
1,B,120,False,6.77018072015416,1.667153429192873,1.6671719051477687,4.218676312650964,148
1,B,435,False,5.724479518540143,1.7448450362018004,1.7448626894981014,3.7346711040191223,502
1,B,721,False,4.8760600173527395,1.5851674419944781,1.5851868735274723,3.2306234454401057,598
1,B,230,False,6.257326728441219,1.777309903841157,1.7773272346803073,4.017326981560763,304
1,B,443,False,5.831736832024597,1.6990595521339777,1.6990776811382693,3.765407256581433,490
1,B,164,False,6.162600613153696,0.906752796207643,0.9067867656041664,3.534693689378931,560
1,B,436,False,5.936865744571885,1.7902909232661737,1.7903081284443005,3.863586936508093,429
1,B,797,False,6.367051752173467,1.7532711527579086,1.7532887212143728,4.06017023669392,275
1,B,104,False,6.902328601538807,1.0763216898770878,1.0763503077271617,3.9893394546329843,331
1,B,723,False,6.284718129567771,1.3631094705727362,1.3631320675596958,3.8239250985637336,458
1,B,717,False,6.415879686004125,1.8252737781244948,1.8252906535544835,4.120585169779305,194
1,B,158,False,4.408603948568855,1.5617563312799496,1.5617760540927415,2.985190001330798,608
1,B,235,False,5.709850641218771,1.7265580691664297,1.7265759094369977,3.7182132753278845,510
1,B,548,False,5.923296141045161,1.7577615939415387,1.7577791175174384,3.8405376292813,450
1,B,472,False,5.9078199923836205,1.7237016647398318,1.7237195345738103,3.8157697634787153,462
1,B,818,False,5.9420490109383355,1.6671288595696394,1.6671473357968252,3.80459817336758,470
1,B,624,False,7.650813366368013,1.6918871714354602,1.6919053772928225,4.671359371830418,67
1,B,181,False,6.018891950854231,1.7825154021763507,1.782532682404562,3.9007123166293964,403
1,B,352,False,6.8347253265529755,1.0614476052657944,1.0614766241274347,3.948100975340205,374
1,B,344,False,6.364925761856367,1.618318746769085,1.618337780251313,3.99163177105384,330
1,B,246,False,6.2241550728638195,1.7038960464833852,1.7039141240292,3.96403459844651,360
1,B,119,False,6.664091952037473,1.7629333822086277,1.762950854377409,4.213521403207441,152
1,B,168,False,6.329704363009919,0.7666676671729061,0.7667078431402875,3.548206103075103,555
1,B,518,False,5.875578249537874,1.7300594022221687,1.7300772063875685,3.802827727962721,473
1,B,552,False,6.088612374052204,1.6925858790660409,1.692604077408018,3.890608225730111,409
1,B,52,False,5.838874702660043,1.5117368023032736,1.511757177685164,3.675315940172603,520
1,B,204,False,6.438846883859722,1.5698819941798599,1.5699016149092333,4.004374249384478,318
1,B,576,False,6.37526515781063,1.7837919071049186,1.7838091749672913,4.079537166388961,255
1,B,89,False,6.863140026622236,0.7989963779938818,0.7990349284554635,3.83108747753885,453
1,B,392,False,6.046234942696114,1.6549369255865876,1.6549555379267662,3.8505952403114403,443
1,B,385,False,8.413267774281325,0.6531511853528572,0.653198343363123,4.533233058822224,75
1,B,590,False,6.428870038181504,1.7445883549326144,1.7446060108262185,4.086738024503862,246
1,B,323,False,5.439181863926118,1.633968689405991,1.6339875405900797,3.5365847022580987,558
1,B,377,True,9.459457274267766,0.6397532613481511,0.6398014068834811,5.049629340575624,13
1,B,755,False,7.830424085424722,1.5506966369344206,1.5507165004101195,4.690570292917421,65
1,B,68,False,5.136919007262419,1.5670543419196554,1.5670739980529733,3.351996502657696,586
1,B,29,True,9.564738629663992,0.49076938047400026,0.4908321399983093,5.027785384831151,24
1,B,201,False,6.288831208369605,1.0879562773401716,1.0879845891594102,3.688407898764508,516
1,B,537,False,6.792070801211375,1.454217716947301,1.454238898230929,4.123154849721152,190
1,B,309,False,6.235224469096871,1.8035126043796195,1.8035296834265422,4.019377076261707,301
1,B,416,False,8.131440400652878,1.3872956774063734,1.3873178804422923,4.759379140547585,59
1,B,272,False,5.9468117923307515,1.7132691572310395,1.7132871358775918,3.830049464104172,454
1,B,383,False,6.699040074000812,1.6829736796800048,1.682991981959552,4.191016027980182,157
1,B,307,True,9.51870557866722,1.1355416705588093,1.1355687959872698,5.327137187327245,2
1,B,829,False,5.84354334023555,1.7308969373254068,1.730914732875932,3.787229036555741,480
1,B,83,False,6.209331362222996,1.5963092463596509,1.5963285422674751,3.9028299522452357,399
1,B,618,False,7.020529001896621,1.711535287869903,1.7115532847295167,4.366041143313069,110
1,B,145,False,6.237310244445728,1.651852098061537,1.6518707451597983,3.944590494802763,380
1,B,387,False,7.678432730398345,1.684383268037004,1.684401555000322,4.681417142699334,66
1,B,153,False,6.392748395245373,1.6778866962064451,1.677905053973873,4.035326724609623,294
1,B,138,False,6.261753070173162,1.6682247756256425,1.6682432397152733,3.964998154944218,355
1,B,316,False,5.113624150374601,1.5523514946774797,1.552371336978331,3.332997743676466,589
1,B,773,False,5.59263047889899,1.5337615353648808,1.5337816181612434,3.5632060485301165,547
1,B,67,False,5.9802880160168375,1.7243044161075218,1.7243222796949496,3.8523051478558936,442
1,B,641,False,6.431661747797962,1.8018867878142704,1.8019038822712257,4.116782815034594,201
1,B,376,False,9.630059433530352,0.36302639367592876,0.36311123275084217,4.996585333140597,33
1,B,73,False,5.957127807326422,1.7726405892186665,1.7726579657085533,3.864892886517488,425
1,B,227,False,7.789424553556161,1.2952892072071174,1.2953129873323006,4.542368770444231,71
1,B,295,False,6.493262158274916,0.8009351145772091,0.8009735717283641,3.6471178650016403,529
1,B,85,False,6.540484809743315,1.2614266447399953,1.2614510632222276,3.9009679364827714,402
1,B,549,False,5.981949019372171,1.7548021912402323,1.7548197443686364,3.8683843818704036,424
1,B,527,True,9.499147761987121,0.5528268826428426,0.5528825978606029,5.026015179923862,25
1,B,625,False,7.027837701519078,1.614924293688225,1.6149433671769726,4.3213905343480254,117
1,B,696,False,4.4051758082226575,0.1691550569976589,0.16933705487094988,2.287256431546804,619
1,B,286,False,6.500755168649439,1.8011649750250947,1.80118207633255,4.1509686224909945,177
1,B,530,False,9.470754909823885,0.4887516119329283,0.4888146305211431,4.979784770172514,37
1,B,701,False,6.832250922211661,1.791299794237401,1.7913169897255596,4.31178395596861,119
1,B,170,False,6.152401128174918,1.2391387634304076,1.239163621109144,3.695782374642031,514
1,B,542,False,6.607002548239817,1.4455449286387374,1.4455662370011477,4.026284392620482,299
1,B,609,False,6.085374176098891,1.691961919730912,1.6919801247839759,3.8886771504414335,412
1,B,178,False,6.865028538973905,1.650351295403926,1.650369959459364,4.257699249216635,134
1,B,603,False,6.350422432420069,1.8253862360299817,1.825403110420323,4.0879127714201955,242
1,B,332,False,6.731583493743209,1.2211826276080173,1.2212078507838489,3.9763956722635285,345
1,B,300,False,6.337999537544081,1.7812567653347555,1.7812740577730655,4.059636797658573,277
1,B,654,False,6.239758208162824,1.689338732608441,1.689356965929812,3.964557587046318,357
1,B,50,False,5.41529319220815,1.6287262826422693,1.6287451945022557,3.5220191933552027,565
1,B,788,False,7.7361920287410655,1.5744355896966862,1.5744551536795317,4.655323591210299,68
1,B,536,False,6.858011681417026,0.835007795492125,0.8350446834613728,3.8465281824391995,448
1,B,410,True,9.671836951063588,0.3726774785231014,0.3727601210467968,5.022298536055192,27
1,B,48,False,5.127975680269685,1.5524671973122395,1.5524870381342981,3.340231359201992,588
1,B,850,False,5.642828748107046,1.6470225299088197,1.6470412316853924,3.6449349898962193,530
1,B,725,False,6.084284685244086,1.6383517741790588,1.6383705749311281,3.861327630087607,433
1,B,238,False,5.086204555595093,1.542418172137927,1.54243814222347,3.3143213489092815,591
1,B,124,False,6.371882790616132,1.6253044468425724,1.625323398518192,3.9986030945671622,322
1,B,180,False,6.018891950854231,1.7825154021763507,1.782532682404562,3.9007123166293964,404
1,B,711,False,9.498193162702874,0.512454216933002,0.5125143210651797,5.005353741884027,31
1,B,236,False,6.165673857163592,1.7439715816292498,1.743989243766977,3.9548315504652845,367
1,B,391,False,5.927320325000921,1.6306331996675216,1.6306520894116026,3.7789862072062617,485
1,B,628,False,3.891243324913311,1.5868973996517708,1.5869168100017208,2.739080067457516,612
1,B,278,False,5.153820062088679,1.7050627647077365,1.705080829883814,3.4294504459862463,578
1,B,529,False,9.475052633729797,0.5095422738133991,0.5096027213893336,4.992327677559565,35
1,B,682,False,5.145952646602456,1.7067757314654477,1.7067937785110128,3.4263732125567348,580
1,B,648,False,8.362383308881904,1.1807913321294026,1.1808174180949462,4.771600363488425,57
1,B,838,False,5.808046573453974,1.6309074973444166,1.6309263839115224,3.7194864786827484,509
1,B,690,False,5.158429526561277,1.702420522550027,1.7024386157638673,3.4304340711625723,577
1,B,796,False,6.360733093180628,1.7554645450765736,1.755482091582078,4.058107592381353,278
1,B,747,False,4.823444891564139,1.1782008138876547,1.1782269572073192,3.000835924385729,606
1,B,525,False,8.850940524329348,0.9589674422704682,0.9589995621371521,4.9049700432332495,41
1,B,617,False,7.667640752815306,1.3304859226852752,1.330509073741391,4.499074913278348,84
1,B,559,False,7.121583988646399,1.6101871745457454,1.6102063041474208,4.36589514639691,111
1,B,824,False,6.1667392156618135,1.7787553530328473,1.7787726697887776,3.9727559427252954,348
1,B,640,False,6.407264144159102,1.7994057861359347,1.7994229041623224,4.103343524160712,216
1,B,802,False,6.454090340397337,1.7523810215943112,1.752398598974676,4.103244469686007,219
1,B,598,False,5.9782721934530665,1.722209935775312,1.7222278210874686,3.8502500072702674,444
1,B,671,False,6.321722486100677,1.651342880567485,1.651361533415807,3.9865420097582422,337
1,B,94,False,6.238957678145585,1.6002862648967267,1.6003055128510937,3.9196315954983394,392
1,B,84,False,6.22531412575783,1.444032906380284,1.444054237053988,3.834684181405909,452
1,B,745,False,4.066125164110886,0.27571451813089093,0.2758262140418043,2.170975689076345,622
1,B,131,False,5.916946857147517,1.7135671466942282,1.7135851222143252,3.815265989680921,463
1,B,264,False,7.996984889392538,1.617140099659333,1.617159147013887,4.807072018203212,56
1,B,243,False,6.292152436125884,1.8190986063381793,1.8191155390535236,4.055633987589704,281
1,B,853,False,5.827703725682992,1.6336421405004962,1.6336609954527066,3.7306823605678496,505
1,B,718,False,6.371888859582386,1.8270754482984273,1.8270923070877905,4.099490583335088,225
1,B,564,False,6.458832356582612,1.7500652180944365,1.7500828187341344,4.104457587658373,214
1,B,200,False,6.400806092424334,1.697757643467595,1.697775786373786,4.04929093939906,287
1,B,369,False,5.867950807594405,1.5930684435608309,1.5930877787221311,3.730519293158268,506
1,B,470,False,6.380614107325168,0.6473300953029593,0.6473776773487206,3.5139958923369443,568
1,B,393,False,6.191859480393284,1.7625276213287808,1.7625450975198835,3.977202288956584,344
1,B,815,False,7.136140942985152,1.6561545430162423,1.6561731416726406,4.3961570423288965,104
1,B,244,False,5.933148353126313,1.713604329072471,1.7136223042025331,3.8233853286644233,459
1,B,389,False,5.716282405174864,1.6529380230417285,1.6529566578896082,3.684619531532236,518
1,B,11,False,7.254523386959775,1.3865398285884016,1.3865620437277375,4.320542715343756,118
1,B,143,False,6.627601191098407,1.4177882780099325,1.4178100035289831,4.022705597313695,300
1,B,27,True,9.580991963331954,0.5326599154528836,0.5327177398724009,5.056854851602178,11
1,B,319,False,5.060056543212008,1.4697688814012664,1.4697898385755754,3.264923190893792,595
1,B,845,False,6.827518319936258,1.635420836656381,1.635439671102038,4.231478995519148,145
1,B,137,False,6.843725720338186,1.6598254737320097,1.6598440312553997,4.251784875796792,139
1,B,489,False,6.577243291408618,1.779304950067689,1.7793222614748196,4.178282776441719,164
1,B,515,False,5.8247921796284405,1.4947558638169323,1.4947764706669653,3.6597843251477027,524
1,B,366,False,6.407853466984431,1.7789669666856551,1.7789842813817234,4.093418874183077,233
1,B,59,False,6.501556392287616,1.7210231704803425,1.721041068125539,4.1112987302065775,205
1,B,355,False,6.756001802050374,1.2580799721565057,1.2581044555941292,4.0070531288222515,316
1,B,161,False,6.1878410465387175,0.9600430199292336,0.9600751038118469,3.573958075175282,544
1,B,141,False,6.522808306740174,1.8121228464034527,1.8121398443006094,4.167474075520392,168
1,B,799,False,6.441735564303515,1.7643761772696307,1.7643936351509208,4.103064599727218,220
1,B,798,False,6.461572842194602,1.738637000458806,1.7386547167879194,4.100113779491261,223
1,B,337,False,6.563846823512448,1.6520422500470644,1.6520608949990472,4.107953859255748,210
1,B,402,True,10.17371645559545,0.23979415776964907,0.2399225769804526,5.206819516287951,7
1,B,543,False,6.761760012248633,1.3518438992247748,1.3518666845202336,4.056813348384433,280
1,B,752,False,6.190526018612466,1.7879059607938494,1.7879231889224614,3.9892246037674637,332
1,B,674,False,4.6423627400019445,0.1806826278964852,0.18085302559831726,2.411607882800131,616
1,B,645,False,6.928091972492987,1.6868266618756425,1.6868449223503055,4.3074684474216465,121
1,B,122,False,5.833020203490859,1.6296816943550008,1.6297005951279124,3.731360399309386,504
1,B,72,False,6.189943197253751,1.8307884419307963,1.8308052665294248,4.010374231891587,311
1,B,455,False,6.177387519125153,1.7398615250396459,1.7398792289000313,3.9586333740125923,362
1,B,289,False,6.468959256043615,1.8133921716818315,1.8134091576810334,4.141184206862324,181
1,B,505,False,6.142652583416716,1.0474291297027303,1.0474585369332312,3.5950555601749734,541
1,B,350,False,6.788493526739202,1.4370604447944781,1.43708187896076,4.112787702849981,203
1,B,655,False,5.847621846624289,1.7461732451815355,1.7461908850501715,3.79690636583723,477
1,B,733,False,5.885711663465112,1.732510311177954,1.7325280901568139,3.809119876810963,466
1,B,294,False,6.148223224773757,1.6561114251466975,1.6561300242873176,3.9021766245305374,400
1,B,112,False,8.491012738976513,0.3374991637597951,0.33759041808535806,4.414301578530936,101
1,B,727,False,5.859824125962844,1.714361339792661,1.7143793069855262,3.787101716474185,481
1,B,820,False,5.7203036364588336,1.6071702671314292,1.607189432641901,3.6637465345503673,523
1,B,665,False,6.357599598078577,1.82219268075135,1.8222095847152922,4.089904591396935,239
1,B,325,False,6.79680689738229,1.3043114758854548,1.3043350915201888,4.05057099445124,285
1,B,427,False,7.362360549861223,1.5769561776210064,1.576975710333403,4.469668130097313,92
1,B,834,False,6.248189840312085,1.7558623092800203,1.7558798518106673,4.002034846061376,319
1,B,607,False,7.110460462276658,1.72106054239449,1.7210784396510526,4.415769450963855,100
1,B,354,False,6.7316769809504,1.058432652097209,1.05846175361702,3.89506936728371,407
1,B,444,False,5.7631675273563605,1.7007763869881911,1.7007944976925022,3.7319810125244315,503
1,B,661,False,6.4943443901211735,1.8332424643886212,1.833259266465644,4.163801828293408,171
1,B,425,False,6.008266665574078,1.6661283446422248,1.6661468319643158,3.837206748769197,451
1,B,651,False,5.75746343223345,1.7374037011505217,1.7374214300554764,3.7474424311444636,497
2,B,447,False,6.523708910423957,1.735620840653754,1.73564344586008,4.129676178142018,153
2,B,446,False,6.300476628576518,1.8276001822437866,1.827621649790495,4.064049139183506,258
2,B,333,False,6.4936368081382945,1.8024369697058145,1.8024587369500829,4.148047772544189,140
2,B,659,False,6.204589168403481,1.7477125785517924,1.747735027363577,3.976162097883529,365
2,B,630,False,5.437953400696634,1.75537225037213,1.7553946012284318,3.5966740009625333,549
2,B,592,False,6.454450255214101,1.7887226819373818,1.7887446160709104,4.121597435642506,164
2,B,4,False,6.232395554104063,1.8176150969791092,1.8176366824565864,4.025016118280325,314
2,B,791,False,6.41547080241407,1.7229325655946262,1.7229553372713666,4.069213069842719,247
2,B,743,False,4.045029100134235,0.06965323157981554,0.07021425293286283,2.057621676533549,595
2,B,408,True,9.763556046076564,0.1887912394374459,0.18899894373708984,4.976277494906827,2
2,B,71,False,6.104306907031102,1.8086366809550587,1.808658373585664,3.956482640308383,384
2,B,234,False,5.898165004303774,1.79015551768684,1.790177434264561,3.8441712192841675,461
2,B,643,False,6.601882240358548,1.7414307325498357,1.7414532623399532,4.171667751349251,123
2,B,299,False,6.083098134261907,1.7822746406467582,1.7822966541341931,3.9326973941980503,403
2,B,611,False,6.582247162814011,1.812122613550525,1.8121442644520867,4.197195713633048,107
2,B,218,False,7.877844166513815,1.2213768330664885,1.221408955672478,4.549626561093146,31
2,B,462,False,5.638694628964192,1.748499625582198,1.7485220642892942,3.693608346626743,508
2,B,215,False,6.189557928328124,1.7852219101435085,1.7852438872887495,3.987400907808437,351
2,B,349,False,6.687834500705193,1.463835223150921,1.4638620253229864,4.07584826301409,235
2,B,677,False,6.093783623854016,1.7773860569415063,1.7774081309748428,3.9355958774144293,398
2,B,782,False,6.078337998023405,1.7319569568659,1.7319796098919862,3.905158803957695,426
2,B,632,False,6.595498168110058,1.5377747914932685,1.5378003049803228,4.0666492365451905,251
2,B,694,False,6.124337373818573,1.8085737944958935,1.8085954878807706,3.966466430849672,372
2,B,491,False,6.456175581633167,1.7845504378989372,1.78457242331341,4.120374002473289,166
2,B,162,False,6.105457366946654,1.1593886926689412,1.1594225327006566,3.632439949823655,532
2,B,199,False,6.4019373577777525,1.7573695568930914,1.7573918823472552,4.079664620062504,232
2,B,585,False,6.253907867701765,1.8173659466108862,1.8173875350475723,4.0356477013746686,297
2,B,580,False,6.686485552336546,1.6658533801464017,1.6658769320662918,4.176181242201419,118
2,B,87,False,6.821640714059132,1.24979524287822,1.2498266350844174,4.035733674571775,296
2,B,41,True,9.422568139244536,0.3717881709756952,0.3718936847041926,4.897230911974364,12
2,B,108,True,9.342196827051971,0.45317987420726696,0.45326644154616486,4.897731634299068,11
2,B,599,True,9.331086707351698,0.48289067311473927,0.48297191515306,4.907029311252379,9
2,B,475,False,2.856777382071228,0.8103026490626835,0.8103510669601237,1.8335642245156758,596
2,B,521,False,6.18892096362356,1.773045355050718,1.7730674831241857,3.980994223373873,356
2,B,800,False,6.466149958338825,1.7879623687663624,1.7879843122270482,4.127067135282936,156
2,B,258,False,6.839309069925714,1.037925144299966,1.0379629443364122,3.938636007131063,395
2,B,746,False,5.098266894965646,1.421344713491071,1.4213723168875998,3.259819605926623,577
2,B,615,False,6.8341551789790564,1.7457893245559157,1.7458117980981827,4.28998348853862,78
2,B,125,False,5.915333428770138,1.749820003131353,1.7498424249068878,3.832587926838513,466
2,B,610,False,6.003263074079509,1.7781882112547345,1.7782102753304292,3.890736674704969,441
2,B,210,False,6.637444516803444,1.788229651907593,1.7882515920884736,4.212848054445959,97
2,B,774,False,8.531435173526457,0.55893941688004,0.559009606704221,4.545222390115339,33
2,B,768,False,6.440633287664677,1.7797937751716713,1.7798158193434617,4.11022455350407,183
2,B,193,False,6.308622730006917,1.800184924600106,1.8002067190750337,4.054414724540975,271
2,B,560,False,6.489851368092181,1.239374183107058,1.2394058392623846,3.864628603677283,456
2,B,822,False,5.579466389303879,1.4599593593273876,1.459986232651885,3.519726310977882,561
2,B,245,False,4.0456319242264085,0.5690786819821443,0.5691476213882855,2.307389772807347,589
2,B,280,False,6.408563674436562,1.817782315054139,1.8178038985459883,4.113183786491275,179
2,B,25,False,6.230653667477467,1.82580934570835,1.8258308343111531,4.02824225089431,311
2,B,504,False,6.047175497142396,1.5296854277028076,1.5297110761093842,3.78844328662589,477
2,B,23,False,5.5889294783811545,1.673786609762316,1.6738100500549744,3.6313697642180642,533
2,B,620,False,6.3296573545261685,1.7937431203318588,1.793764993075537,4.061711173800853,261
2,B,203,False,6.757158025843908,1.7103863037559415,1.7104092424683983,4.233783634156153,93
2,B,658,False,6.191170955114222,1.743743876188305,1.7437663760921713,3.9674686656031968,371
2,B,578,False,6.668072847348207,1.661890643973882,1.661914252051932,4.164993549700069,128
2,B,44,False,6.292473149295327,1.810668316155866,1.8106899844468483,4.0515815668710875,275
2,B,343,False,6.410317025909984,1.7513144385435333,1.751336841186315,4.08082693354815,229
2,B,14,False,6.275245085574638,1.8273993939395679,1.827420863845028,4.051332974709833,276
2,B,121,False,6.447394735556743,1.7854926217811848,1.7855145955943506,4.116454665575547,173
2,B,390,False,5.7121385345797675,1.6946562413409585,1.6946793929712112,3.7034089637754892,506
2,B,496,False,6.394309191040156,1.1235747656382167,1.1236096842873784,3.7589594376637674,490
2,B,547,False,6.695342291468726,1.3810910797955338,1.3811194877114008,4.038230889590063,292
2,B,267,False,6.092349147006772,1.8077483258615383,1.8077700291521053,3.9500595880794385,386
2,B,189,False,6.452149621738222,1.7834200891890095,1.7834420885378768,4.117795855138049,169
2,B,664,False,6.254246964652653,1.802745571778966,1.8027673352970648,4.028507149974859,310
2,B,397,False,6.387595389265078,1.8074044802517857,1.8074261876711968,4.097510788468138,203
2,B,195,False,6.332548071043897,1.7977334413041053,1.7977552654987579,4.065151668271327,255
2,B,187,False,6.738758584014415,1.0961627267892353,1.0961985186303713,3.917478551322393,417
2,B,36,True,9.332970589272312,0.37434685523420297,0.37445164797226616,4.853711118622289,14
2,B,499,False,6.36935257248416,0.7269099048771721,0.7269638769938627,3.5481582247390113,557
2,B,231,False,6.22683926324437,1.8081857356052558,1.808207433645744,4.017523348445057,321
2,B,857,False,8.276330497925096,0.29810956698089086,0.2982411483530448,4.2872858231390705,79
2,B,109,True,9.37316964519534,0.4538532542011224,0.45393969312493176,4.913554669160136,8
2,B,795,False,6.433533329251623,1.8009261486928279,1.8009479341977075,4.117240631724665,171
2,B,380,False,6.295150980005509,1.7938361047918474,1.7938579764017542,4.044504478203631,282
2,B,492,False,6.323972572735033,1.676268036477526,1.6762914420713448,4.000132007403189,340
2,B,128,False,8.487890197436593,0.49082154551257,0.49090147502809206,4.489395836232343,49
2,B,26,False,6.331670680817537,1.7330784525901521,1.733101090957387,4.032385885887463,306
2,B,500,False,6.362945352771003,0.5940697681793249,0.5941358077999048,3.478540580285454,565
2,B,577,False,6.392675942022363,1.810249681050839,1.8102713543527316,4.101473648187548,196
2,B,415,False,6.918291244143084,1.5711441639769814,1.5711691355943627,4.244730189868724,87
2,B,439,False,6.669589544201567,1.7997776275246555,1.799799426931703,4.234694485566635,92
2,B,103,False,6.250681365988273,1.7802938985071353,1.7803159364863144,4.015498651237293,323
2,B,729,False,6.236209937228345,1.8240522318392807,1.8240737411418622,4.030141839185104,309
2,B,606,False,6.251671361939783,1.8249388643578883,1.8249603632104638,4.038315862575123,291
2,B,468,False,6.40611758599709,0.7649209152228783,0.764972205502144,3.585544895749617,551
2,B,285,False,6.360620365758514,1.8245513105610642,1.8245728139801671,4.09259658986934,212
2,B,833,False,6.059830811677627,1.791534633260485,1.791556532967126,3.9256936723223763,409
2,B,485,False,6.545147523808279,1.7977798832722103,1.7978017069030863,4.171474615355683,124
2,B,754,False,6.1364492824137375,1.8080966537581467,1.8081183528676479,3.972283817640693,369
2,B,302,False,6.320364579336698,1.8268232415067664,1.8268447181834306,4.073604648760065,236
2,B,33,True,9.674513432192672,0.1815255409676184,0.18174154909925005,4.928127490645961,4
2,B,493,False,6.277356598335668,1.6701666548263132,1.6701901459232495,3.973773372129459,367
2,B,572,False,6.3794969935448425,1.7661211961577785,1.766143410984281,4.072820202264562,238
2,B,488,False,7.796326020688621,0.824777684834276,0.8248252530360579,4.31057563686234,74
2,B,479,False,6.526313087985379,1.7538198013332789,1.7538421719738952,4.140077629979637,145
2,B,327,False,7.031302411734586,1.7046004471885232,1.7046234637598774,4.367962937747231,65
2,B,372,False,6.829406689994888,1.7161378384788637,1.7161607003146049,4.272783695154747,84
2,B,653,False,5.962257373873503,1.7120368837194813,1.7120598003169518,3.837158587095227,464
2,B,395,False,5.341363315505331,1.7301669334046113,1.7301896098671166,3.535776462686224,559
2,B,507,False,6.213877445328421,1.1310613017903206,1.1310959893187773,3.6724867173235993,515
2,B,481,False,5.60648803336079,1.7212938688579555,1.7213166622133758,3.663902347787083,518
2,B,669,False,5.649366814148143,1.7164037337914864,1.7164265920856516,3.6828967031168975,513
2,B,451,False,6.242296961823965,1.8264712538957928,1.8264927347112765,4.03439484826762,300
2,B,769,False,6.462514459990144,1.7808737497596545,1.7808957805633718,4.121705120276758,163
2,B,154,False,6.7007595894214464,1.7726914948379162,1.7727136273284794,4.236736608374963,91
2,B,334,False,6.378666542921721,1.7811637549301333,1.781185782146888,4.079926162534305,231
2,B,811,False,6.355713087569797,1.8154234669474951,1.815445078483255,4.085579083026526,222
2,B,736,False,6.048861920240448,1.7838585865883148,1.7838805805295006,3.9163712503849744,419
2,B,293,False,7.2936948457615065,0.2542536647753346,0.25440792970561443,3.7740513877335604,485
2,B,320,False,6.8292897472826075,1.743730732769845,1.7437532328433025,4.286521490062955,81
2,B,284,False,6.202721411884573,1.7987460481378785,1.7987678600467163,4.000744635965645,339
2,B,581,False,6.467021949845503,1.7766195431346021,1.7766416266915541,4.121831788268528,162
2,B,186,False,6.445422430683205,1.8000074674708562,1.8000292640944073,4.122725847388806,160
2,B,81,False,7.138457569527426,0.39564559391118265,0.39574474680877453,3.7671011581681,488
2,B,207,False,6.642800992288188,1.7031388252870447,1.7031618616107933,4.172981426949491,121
2,B,329,False,5.860757829417853,1.7014331202956472,1.7014561797132453,3.7811070045655493,482
2,B,463,False,6.254715412745084,1.8142053104366476,1.8142269364833996,4.034471174614242,299
2,B,60,False,6.52960040931511,1.7245997164916376,1.724622466155548,4.127111437735329,155
2,B,384,False,8.422921849602249,0.6588067073058979,0.6588662582320084,4.540894053917128,35
2,B,502,False,5.9887460207943715,1.7634339623279252,1.7634562110063792,3.8761011159003753,449
2,B,292,False,6.472862537696267,1.769028034053228,1.7690502123771494,4.120956375036708,165
2,B,171,False,6.138316441730556,1.1158796126816986,1.1159147721237792,3.6271156069271675,536
2,B,634,False,6.283459913957021,1.8197172819242629,1.819738842465928,4.051599378211474,274
2,B,155,False,5.018867154276957,1.7353001383294626,1.735322747713422,3.3770949509951893,571
2,B,570,False,6.310148405387265,1.7849283551884583,1.7849503359480856,4.047549370667675,279
2,B,588,True,7.7337312168663965,1.665682112748545,1.665705667090037,4.6997184419782165,21
2,B,111,False,8.523912716121833,0.2562976204748676,0.25645065589014954,4.390181686005992,61
2,B,619,False,6.952153832077934,1.7647776498569199,1.764799881595622,4.358476856836778,67
2,B,191,False,6.41725928768118,1.7830648867365013,1.7830868904677812,4.100173089074481,198
2,B,589,False,6.410608848679109,1.781885850650845,1.7819078689413475,4.096258358810228,208
2,B,129,False,6.388906411319946,1.7901273234117017,1.7901492403346018,4.089527825827274,218
2,B,265,False,6.818832144052779,1.7910403445021335,1.7910622502525504,4.304947197152664,76
2,B,685,False,6.235129401019985,1.7785365338201544,1.7785585935747008,4.006843997297343,332
2,B,22,False,6.308449716161098,1.8260370519191667,1.8260585378423797,4.067254127001739,250
2,B,367,False,6.407797547245742,1.80749539712656,1.8075171034541027,4.107657325349922,187
2,B,735,False,7.351319667047945,1.4731916808741836,1.4732183128247867,4.412268989936366,59
2,B,313,False,6.509633079579184,1.794983959715497,1.7950058173391343,4.152319448459159,133
2,B,554,False,6.871420263147737,1.667565766107755,1.6675892938430472,4.269504778495392,85
2,B,573,False,6.413979401133068,1.8048991597180912,1.804920897268487,4.109450149200778,184
2,B,105,False,6.374873323211306,0.6609795994530291,0.6610389546301302,3.517956138920718,562
2,B,317,False,5.542567943938494,1.7194708416961666,1.7194936592173675,3.6310308015779307,534
2,B,90,False,6.545890041176463,1.4505565576562156,1.4505836051758128,3.998236823176138,342
2,B,566,False,6.356717898739335,1.8149065289736326,1.8149281466649108,4.085823022702123,221
2,B,133,False,6.144822546905922,1.1401897059002584,1.1402241157273978,3.64252333131666,525
2,B,220,False,8.4601007150472,0.3659115405421481,0.36601874835496706,4.413059731701084,58
2,B,593,False,6.402751732360069,1.779864415956403,1.7798864592532961,4.091319095806682,214
2,B,666,False,6.318340416205549,1.8227204851745447,1.8227420101924288,4.070541213198989,244
2,B,841,False,5.518925093780611,1.7614502278252566,1.76147250155972,3.6401987976701653,530
2,B,626,False,6.28129553469451,1.8258125378168208,1.8258340263820554,4.053564780538283,272
2,B,442,False,5.217572374850892,1.7626741274939812,1.762696385763038,3.490134380306965,563
2,B,357,False,6.541139481634215,1.4859415517041186,1.4859679551478397,4.0135537183910275,325
2,B,279,False,5.942716366311901,1.7879401116956688,1.787962055429513,3.8653392108707068,455
2,B,837,False,6.168305086486068,1.7578646870686672,1.7578870062345964,3.963096046360332,375
2,B,565,False,6.586320501484816,0.7856311472980353,0.7856810855876804,3.686000793536248,510
2,B,237,False,6.293002238177495,1.7708061981769727,1.770828354230695,4.031915296204095,307
2,B,433,False,7.098430935031927,1.1024905195664452,1.1025261059853861,4.1004785205086565,197
2,B,149,False,6.216954916745525,1.823807729654141,1.8238292418402553,4.02039207929289,317
2,B,58,False,4.836508840306989,0.11953856991059293,0.11986633531429222,2.4781875878106403,585
2,B,222,False,8.212643751877598,0.8565408001444371,0.8565866044700216,4.5346151781738095,36
2,B,398,False,7.354451360639041,1.7081008140579597,1.7081237834626837,4.5312875720508625,38
2,B,135,False,6.486907103435363,1.678783750844691,1.6788071213649227,4.082857112400143,226
2,B,223,True,7.895381013312661,1.2380053881722042,1.2380370793271174,4.566709046319889,29
2,B,494,False,6.289947109481367,1.6738185964845638,1.6738420363292839,3.9818945729053254,354
2,B,744,False,4.052553936137492,0.15285279414445424,0.15310925942991013,2.102831597783701,594
2,B,567,False,6.419954154923685,1.7758861412458387,1.7759082339227001,4.097931194423193,202
2,B,432,False,6.350981548917099,1.7856998651993707,1.7857218364623475,4.068351692689723,248
2,B,374,False,5.990855786467062,1.689595304501219,1.6896185254778595,3.840237155972461,463
2,B,1,False,5.8127347411951344,1.7723255672524798,1.7723477043126252,3.7925412227538797,473
2,B,601,False,6.610364699481903,1.6938283634513802,1.6938515263971012,4.152108112939502,134
2,B,82,False,6.852812431056726,1.2172458976150458,1.2172781292317987,4.035045280144263,298
2,B,762,False,7.809253478479014,0.6027570152872649,0.6028221032140582,4.206037790846536,99
2,B,353,False,6.681514976101742,1.500628960539641,1.5006551055641304,4.091085040832936,215
2,B,596,False,6.455134556049358,1.8208955571215257,1.820917103711841,4.1380258298806,147
2,B,844,False,6.591862220563042,1.6775447035776416,1.6775680913592765,4.1347151559611595,149
2,B,739,False,6.485685586084027,1.7529875579568808,1.753009939217983,4.119347762651005,167
2,B,860,False,6.616415548584142,1.420822922045475,1.4208505355790417,4.018633042081592,319
2,B,217,False,8.492471676630338,0.22805230555690864,0.228224281607436,4.360347979118886,66
2,B,241,False,5.416337204910882,1.65717134508657,1.6571950203948358,3.536766112652859,558
2,B,18,False,5.817161225965345,1.748938946755157,1.74896137982588,3.7830613028956126,480
2,B,506,False,6.1980102063717535,1.189501714943308,1.1895346983163122,3.693772452344033,507
2,B,273,False,6.353334335573324,1.7471380713747984,1.7471605275682767,4.0502474315708,277
2,B,533,False,6.1373803623712435,1.820451911662236,1.820473463503409,3.978926912937326,358
2,B,3,False,6.575922928788137,1.651038561395911,1.6510623246448597,4.113492626716498,177
2,B,668,False,6.172102856566465,1.6937754600393247,1.6937986237085076,3.9329507401374864,402
2,B,691,False,6.580335497057067,1.7563906889448802,1.7564130268412608,4.168374261949164,126
2,B,584,False,5.600427036269162,1.7264727988343858,1.7264955238170894,3.6634612800431254,519
2,B,574,False,6.367606665546371,1.7589816148625816,1.7590039198563443,4.063305292701358,260
2,B,197,False,6.3826603209319845,1.811411664058348,1.8114333234574334,4.097046822194709,206
2,B,259,False,6.869024970937158,1.0538724936465824,1.0539097217078295,3.9614673463224936,381
2,B,629,False,6.371483098036416,1.77465443582834,1.774676543838514,4.073079820937465,237
2,B,458,False,1.9450275275402662,0.2791435631712456,0.2792840802934314,1.1121558039168489,601
2,B,190,False,6.4084632525923535,1.7815768176585378,1.781598839768294,4.095031046180324,209
2,B,430,False,6.311671789859965,1.827035783747273,1.8270572579255475,4.069364523892756,246
2,B,828,False,6.266396413511953,1.8180920019453624,1.818113581760805,4.042254997636379,283
2,B,13,False,6.478327280829083,1.7269410251622515,1.726963743983601,4.102645512406342,194
2,B,93,False,6.852623094487478,1.2471991980495454,1.247230655596966,4.049926875042222,278
2,B,562,False,7.297478780384427,1.6925990113786482,1.6926221911476245,4.495050485766026,46
2,B,118,False,6.58397726983697,1.79267918004099,1.7927010657658027,4.188339167801386,114
2,B,519,False,5.8929805341168295,1.7639103880556624,1.7639326307249055,3.8284565824208676,467
2,B,482,False,5.552896555686778,1.7574850140047091,1.757507337992232,3.655201946839505,521
2,B,96,False,6.863358719638761,1.1476164004250593,1.1476505875788061,4.005504653608783,335
2,B,831,False,6.027778763004088,1.7973326543680535,1.7973544834292208,3.9125666232166543,421
2,B,342,False,5.770699663649442,1.6449788323078354,1.6450026830939388,3.70785117337169,504
2,B,693,False,4.921318199392651,1.638838508993076,1.638862449140884,3.2800903242667676,574
2,B,678,False,6.203811403249627,1.8160406446520654,1.816062248843276,4.009936826046451,329
2,B,101,False,6.4040470136835745,1.5491228678642643,1.5491481944557182,3.9765976040696462,363
2,B,358,False,6.496830818167464,1.2455155117397738,1.245547011810393,3.8711889149889283,451
2,B,348,False,6.872876058993174,1.5123041018290924,1.512330045014813,4.192603052003993,111
2,B,520,False,6.204119118957271,1.7723393686220137,1.772361505509778,3.9882403122335246,347
2,B,605,False,6.222852705228679,1.825537280593761,1.8255587723990354,4.024205738813857,315
2,B,19,False,5.817161225965345,1.748938946755157,1.74896137982588,3.7830613028956126,481
2,B,150,False,6.570892355525134,1.778203663662758,1.7782257275467206,4.174559041535927,119
2,B,777,False,6.015552017786411,1.7948418890076347,1.7948637483613912,3.905207883073901,425
2,B,247,False,6.226635111116648,1.7589757273820592,1.758998032450478,3.992816571783563,344
2,B,202,False,6.15985987582368,1.7023734740957128,1.7023965207759661,3.931128198299823,406
2,B,544,False,6.744245679956931,1.2132245989670996,1.213256937414449,3.9787513086856903,359
2,B,778,False,6.393884529952679,1.8170666508092665,1.817088242801822,4.10548638637725,189
2,B,676,False,6.070113998330924,1.8129338869254725,1.812955528138545,3.9415347632347344,392
2,B,741,False,5.445078148092227,1.7555817461296128,1.755604094318793,3.60034112120551,547
2,B,335,False,6.506766627281298,1.7118018541465794,1.7118247738904457,4.1092957005858715,186
2,B,51,False,6.181750113623342,1.1541939322176367,1.1542279245510478,3.667989019087195,516
2,B,667,False,5.881317867133808,1.7562149085312468,1.75623724866341,3.818777557898609,470
2,B,38,True,9.354997592078979,0.44194558212161855,0.4420343495727735,4.898515970825876,10
2,B,177,False,5.243504071231877,0.7484231471890107,0.7484755680005275,2.9959898196162023,581
2,B,98,False,7.145444589577906,0.3704284172904146,0.37053431822395366,3.75798945390093,491
2,B,623,True,7.579263367314528,1.705567935135779,1.7055909386510981,4.642427152982814,24
2,B,331,False,7.2935774892736305,0.1949643065667501,0.1951654413067599,3.7443714652901954,497
2,B,146,False,5.401968157996019,0.35811373059333707,0.35822327211515137,2.8800957150555853,582
2,B,770,False,6.475394680229572,1.7807919420856217,1.780813973901398,4.1281043270654845,154
2,B,569,False,2.5433863003165564,0.21170303011762764,0.21188827623630754,1.377637288276432,598
2,B,522,False,6.335753990913598,1.7327964454482045,1.732819087499714,4.034286539206656,301
2,B,250,False,8.453795217313969,0.6120166697688142,0.6120807730359763,4.532937995174972,37
2,B,553,False,6.790937718527873,1.772319026313791,1.7723411634556345,4.2816394409917535,82
2,B,807,False,6.443172535311563,1.8082811616338206,1.8083028585292806,4.125737696920422,157
2,B,263,False,6.012897982920227,1.7783561036350648,1.7783781656277435,3.895638074273985,437
2,B,175,False,4.945407974296103,0.45660809354952075,0.4566940110624799,2.701050992679291,584
2,B,291,False,6.472296436382128,1.8175818018824652,1.817603387755348,4.144949912068737,143
2,B,139,False,4.066339759615729,0.6117535576520209,0.6118176884867853,2.339078724051257,587
2,B,66,False,6.06921145694232,1.793129943780986,1.7931518240041502,3.931181640473235,405
2,B,627,False,7.327342464990138,1.7031450981458334,1.703168134384738,4.515255299687438,42
2,B,783,False,6.054820643439809,1.7319538369421572,1.73197649000905,3.8933985667244295,439
2,B,486,False,6.506959976225418,1.807497434573564,1.8075191408766391,4.157239558551028,130
2,B,364,False,5.48114393967292,1.751712773036829,1.7517351705853785,3.6164395551291495,541
2,B,297,False,6.310705388365594,1.8011701670822706,1.8011919496357358,4.055948669000665,267
2,B,252,False,8.512962708293523,0.5057072728463461,0.5057848499659686,4.509373779129746,43
2,B,749,False,5.1280575802891715,1.425643633433338,1.4256711535955333,3.2768643669423523,575
2,B,839,False,5.780247410815877,1.7131498899926252,1.7131727917017454,3.746710101258811,496
2,B,318,False,4.028277710692674,0.3457193591193314,0.3458328265438228,2.187055268618248,591
2,B,182,False,6.074702069352287,1.8034937899463794,1.8035155444355238,3.9391088068939055,393
2,B,69,False,7.351317798064971,1.7073892710622192,1.7074122500391593,4.5293650240520655,39
2,B,79,False,7.1307767197332765,0.592465899373428,0.5925321177503997,3.8616544187418382,458
2,B,448,False,6.364514651560524,1.8034694900675894,1.8034912448498492,4.084002948205187,224
2,B,271,False,6.587314044243186,1.555342544658234,1.5553677699725423,4.071340907107865,242
2,B,863,False,5.517520463798908,1.7399730317535145,1.7399955804182163,3.628758022108562,535
2,B,687,False,6.445077910686896,1.7887589456476947,1.7887808793365556,4.116929395011725,172
2,B,852,False,5.7859096480313035,1.723871003552668,1.7238937628331659,3.7549017054322347,493
2,B,450,False,6.482967170221972,1.8185808798000342,1.8186024538143775,4.150784812018175,136
2,B,117,False,5.7158893999444675,1.7865745722019784,1.786596532707956,3.751242966326212,495
2,B,107,False,7.296522859053264,1.705954607653294,1.7059776059546952,4.501250232503979,44
2,B,239,False,5.532225948984977,1.7174510894232629,1.7174739337779077,3.6248499413814423,537
2,B,261,False,6.167963200142134,1.724354807919269,1.7243775608142515,3.946170380478193,390
2,B,804,False,6.3621224404164725,1.8156965148471136,1.815718123132928,4.0889202817747,219
2,B,657,False,2.5292004035475326,0.15240478267897284,0.1526620006053686,1.3409312020764506,599
2,B,679,False,6.246385754994899,1.819233616111423,1.8192551823851577,4.032820468690028,305
2,B,225,False,7.326278968087596,1.600023504177337,1.600048025080914,4.463163496584255,52
2,B,163,False,6.462885409368024,1.5698740774045383,1.569899069224566,4.0163922392962945,322
2,B,211,False,6.8860849316249695,1.766089980763952,1.7661121959830937,4.326098563804032,72
2,B,594,False,6.415543044603951,1.781200282571298,1.781222309336339,4.098382676970145,200
2,B,437,False,6.665121658931755,1.7943102801191186,1.7943321459491715,4.229726902440463,94
2,B,484,False,5.61553629370651,1.761378806038218,1.761401080675843,3.6884686871911767,509
2,B,260,False,6.389090592312516,1.7543127970910304,1.754335161445145,4.071712876878831,241
2,B,790,False,6.166247425141396,1.7876012361982234,1.7876231840918893,3.9769353046166427,362
2,B,457,False,5.841297855971287,1.7919557379357185,1.7919776324960517,3.8166377442336694,471
2,B,517,False,6.1039935367482,1.7643218446197466,1.7643440821018541,3.934168809425027,401
2,B,823,False,5.833649980630827,1.6087146563048023,1.6087390447351262,3.7211945126829766,502
2,B,700,False,6.541294384805346,1.8070180920239034,1.8070398040848787,4.174167094445113,120
2,B,602,False,6.290444621233584,1.7851256008712477,1.7851475792021627,4.037796100217873,293
2,B,652,False,5.2173725693575985,1.7093214370777783,1.7093443900803167,3.4633584797189574,566
2,B,126,False,5.868078487856478,1.7613432059024545,1.7613654809902868,3.8147219844233824,472
2,B,209,False,6.287175096944756,1.8276688662193343,1.8276903329592997,4.057432714952028,266
2,B,806,False,6.388116492257121,1.816635368319181,1.816656965437772,4.1023867288474465,195
2,B,465,True,7.743887150065102,1.6948346759988417,1.6948578251916906,4.719372487628396,20
2,B,156,False,6.226586120794391,1.8259132595440306,1.8259347469239187,4.0262604338591546,312
2,B,287,False,6.400630827714714,1.81801642588518,1.8180380065976987,4.109334417156206,185
2,B,127,False,8.48690161817625,0.4854525202973785,0.4855333336738944,4.486217475925072,51
2,B,775,False,8.53991662218355,0.5154059473448487,0.5154820648711743,4.527699343527362,41
2,B,842,False,7.740934576215188,0.8328919946698001,0.8329390994727328,4.28693683784396,80
2,B,722,False,5.0966203405374575,1.6966390329648837,1.696662157539156,3.3966412490383067,569
2,B,214,False,6.17609736122814,1.7863937265563905,1.7864156892855136,3.981256525256827,355
2,B,420,False,2.57886397909101,0.35495464126737414,0.3550651574044669,1.4669645682477386,597
2,B,445,False,6.302940666921917,1.8279267011620668,1.827948164874115,4.065444415898016,254
2,B,40,False,6.950376230176081,1.7654100873398333,1.7654323111143757,4.3579042706452285,68
2,B,509,False,6.563864172846019,1.771919007988694,1.77194115012803,4.167902661487025,127
2,B,558,False,6.757803005708103,1.730164634524106,1.7301873110167412,4.243995158362422,88
2,B,464,False,6.287072373455706,1.5908227754724116,1.5908474381936049,3.9389599058246554,394
2,B,268,False,6.307008361141412,1.8253403247163782,1.8253618188406104,4.066185089991011,252
2,B,816,False,6.39460788729303,1.8270551719357098,1.8270766458861092,4.11084226658957,180
2,B,324,False,4.108151613690849,0.5234466356036447,0.5235215840537841,2.315836598872316,588
2,B,613,False,6.592556892443462,1.8095032819021322,1.8095249641439035,4.201040928293683,101
2,B,637,False,5.209594961571242,1.4079258505527252,1.4079537170305079,3.308774339300875,572
2,B,639,False,6.42243800469835,1.8144331372119782,1.8144547605433181,4.118446382620834,168
2,B,776,False,8.64282271035613,0.2693094905495106,0.2694551360531945,4.456138923204662,53
2,B,635,False,6.4055588403312775,1.8038859298838772,1.8039076796439524,4.104733259987615,191
2,B,315,False,6.57619868611413,1.790148123120293,1.7901700397885436,4.183184362951336,116
2,B,428,False,6.3225548724149725,1.7926299657169658,1.7926518520426151,4.057603362228794,265
2,B,136,False,6.4878345819275465,1.6814783091232228,1.6815016421928646,4.084668112060205,223
2,B,497,False,6.364440373146945,0.8644289490219459,0.8644743353926677,3.6144573542698066,542
2,B,269,False,6.302007814978837,1.8251641297884709,1.825185625987646,4.0635967204832415,259
2,B,144,False,6.681150702345664,1.7103764221318194,1.710399360976802,4.195775031661233,108
2,B,362,False,4.458441350339997,1.7010236526392808,1.7010467176076292,3.079744033973813,580
2,B,819,False,6.220558889069492,1.7549001328156202,1.754922489684855,3.9877406893771736,349
2,B,642,False,6.598188388756538,1.747438043888089,1.7474604962266926,4.172824442491615,122
2,B,17,False,6.200626540981775,1.6207676253529475,1.620791832419463,3.9107091867006187,423
2,B,347,False,6.14611179095857,1.7792372409719983,1.7792592920389814,3.9626855414987756,376
2,B,751,False,6.410297758091126,1.775223792020297,1.775245892939998,4.092771825515562,211
2,B,540,False,6.607849694954154,1.586328945884276,1.5863536784701344,4.097101686712144,205
2,B,206,False,6.558614910637288,1.7425507804745344,1.7425732957835138,4.150594103210401,137
2,B,20,False,6.233203258143465,1.7863305746431808,1.78635253814874,4.009777898146103,330
2,B,712,False,6.304076957603609,1.8279339237783627,1.8279553874056036,4.0660161725046065,253
2,B,321,False,6.998035494508744,1.6726421228357493,1.6726655791669447,4.335350536837844,70
2,B,785,False,6.711968013805133,1.6663729356351675,1.6663964802119495,4.189182247008541,113
2,B,459,False,2.219714162799044,0.2791834164301593,0.2793239135037034,1.2495190381513739,600
2,B,116,False,6.487148371597884,1.8152713022365352,1.8152929155838555,4.15122064359087,135
2,B,550,False,6.00253071586145,1.7386622832784482,1.7386848489419915,3.870607782401721,452
2,B,846,False,6.642753389254059,1.7526365073313295,1.7526588930753098,4.1977061411646845,105
2,B,490,False,6.279024646820153,1.7875454342706785,1.787567382849485,4.033296014834819,302
2,B,756,False,6.14590519591253,1.1317006207697093,1.131735288703129,3.6388202423078293,531
2,B,849,False,5.450725657894342,1.7350174109668777,1.7350400240350698,3.592882840964706,550
2,B,16,False,6.41198027248847,1.749500044100368,1.7495224699764786,4.080751371232474,230
2,B,438,False,6.5760056524045645,1.8116354128226237,1.8116570695466643,4.193831360975614,109
2,B,424,True,9.214480113165704,0.46549701275572336,0.46558128992680825,4.840030701546256,16
2,B,99,False,6.835709753030566,1.0895977320498718,1.0896337395352775,3.962671746282922,377
2,B,532,True,9.249120506636666,0.2602102654659574,0.26036100111052085,4.754740753873594,19
2,B,586,False,6.22999757689901,1.791493901139644,1.7915158013441996,4.010756689121605,327
2,B,703,False,6.5927011078170255,1.8052378857070137,1.8052596191787313,4.198980363497879,104
2,B,508,False,6.121994883150758,1.7190468475305443,1.719069670679496,3.920532276915127,411
2,B,15,False,5.893783612337311,1.7905854075344958,1.7906073188504745,3.8421954655938926,462
2,B,471,False,6.385987932248282,0.8950711954917402,0.8951150281636554,3.6405514802059686,529
2,B,303,False,6.326909742203441,1.8252595577539634,1.8252810528292904,4.076095397516365,233
2,B,836,False,6.67546631433706,1.753834711273658,1.7538570817240966,4.214661698030578,96
2,B,86,False,6.765700442362332,1.1606094027985554,1.1606432072389121,3.9631718248006225,374
2,B,123,False,6.3969950998783025,1.7395282991806351,1.7395508536101156,4.068272976744209,249
2,B,847,False,6.553586472766968,1.8127331015453092,1.8127547451554182,4.183170608961193,117
2,B,780,False,6.66608399012217,1.4634111201804185,1.4634379301197287,4.06476096012095,257
2,B,698,False,5.493527506515527,0.08237614153799253,0.08285105515378788,2.7881892808346573,583
2,B,226,False,7.483861288210495,1.493566976620092,1.4935932452630774,4.488727266736786,50
2,B,737,True,9.38765422522435,0.3532772242278672,0.35338826494884545,4.870521245086598,13
2,B,689,False,6.258267136773545,1.8220050942033685,1.8220266276727226,4.040146882223134,290
2,B,194,False,6.316980610459309,1.802887267975996,1.8029090297836325,4.059944820121471,262
2,B,477,False,5.44795923654093,1.7548016784160538,1.7548240365396206,3.601391636540275,546
2,B,474,False,6.092710849026695,1.7775504695705624,1.7775725415622101,3.9351416952944525,399
2,B,296,False,6.310705388365594,1.8011701670822706,1.8011919496357358,4.055948669000665,268
2,B,174,False,6.029368340377532,1.776628593549621,1.7766506769940773,3.9030095086858045,428
2,B,91,False,6.348185594111143,1.4248441381165866,1.4248716737203415,3.8865286339157423,442
2,B,240,False,5.49280252032254,1.7078532015515397,1.7078761742864301,3.600339347304485,548
2,B,753,False,6.134552528796286,1.8104593955200983,1.810481066311495,3.9725167975538906,368
2,B,454,False,6.195265741717967,1.7808736792783106,1.7808957100828997,3.988080725900433,348
2,B,417,False,6.209489031721329,1.787057380666851,1.787079335239842,3.9982841834805853,341
2,B,249,False,8.53090549819111,0.5277373186751766,0.5278116578552179,4.529358578023164,40
2,B,814,False,6.526010765354906,1.7684768770585855,1.768499062294435,4.14725491382467,142
2,B,766,False,7.0012098723242016,1.3976240062732153,1.3976520781498523,4.199430975237027,103
2,B,480,False,6.543248599767524,1.7548987657778914,1.7549211226645416,4.149084861216033,138
2,B,422,False,5.499012797408761,1.7351988159509482,1.7352214266551058,3.6171171120319334,539
2,B,498,False,6.391087141641358,0.8917478278167326,0.8917918238362974,3.6414394827388277,527
2,B,534,False,6.136781811433273,1.8203790944163913,1.8204006471196523,3.9785912292764625,360
2,B,102,False,6.361564269301879,1.4380311876208498,1.4380584707221191,3.899811370011999,432
2,B,198,False,6.77316464029378,0.5589887730802875,0.5590589567078,3.6661117985007903,517
2,B,77,False,7.70041645627596,0.16843837329982247,0.1686711423015181,3.934543799288739,400
2,B,781,False,4.039507953264245,0.2033785435957762,0.20357136498178632,2.1215396591230156,593
2,B,266,True,7.412874226548827,1.7139697111338439,1.7139926018888298,4.563433414218829,30
2,B,591,False,6.4545718961446745,1.7718207932929881,1.7718429366596808,4.113207416402178,178
2,B,734,False,6.286064426812621,1.7350907749866658,1.7351133870987328,4.010588906955677,328
2,B,388,True,7.63265789517963,1.6978176655121653,1.6978407740334742,4.6652493346065524,23
2,B,478,False,6.095722281223464,1.7305730846693121,1.730595755809908,3.9131590185166862,420
2,B,419,False,6.529805635439146,1.7678107811843247,1.7678329747792751,4.14881930510921,139
2,B,232,False,5.785950955900308,1.7748417666550886,1.7748638723318373,3.7804074141160724,483
2,B,21,False,6.127495961535729,1.7974865151880988,1.79750834238077,3.9625021519582493,379
2,B,702,False,6.510034068133869,1.8018846777030517,1.801906451619073,4.155970259876471,131
2,B,371,False,6.4864894036831675,1.7900738586016995,1.7900957761791925,4.13829258993118,146
2,B,7,False,4.730827712983005,1.7145398621285532,1.714562745271577,3.222695229127291,578
2,B,467,False,6.460993582053302,0.5137091176786429,0.5137854865910271,3.4873895343221646,564
2,B,345,False,6.336349059733453,1.8270120001116197,1.827033474569437,4.081691267151445,228
2,B,856,False,6.055975206112129,1.7905010440239104,1.7905229563722778,3.9232490812422034,410
2,B,379,False,6.36260498714617,1.7557130508632297,1.755735397381074,4.059170192263622,264
2,B,42,True,9.385984334374577,0.30750460146032604,0.3076321643857849,4.846808249380181,15
2,B,760,False,6.343221785415524,1.7606044141744392,1.760626698609313,4.051924242012419,273
2,B,301,False,5.438049609533472,1.70131553570231,1.701338596713613,3.5696941031235427,553
2,B,53,False,6.019627487232919,1.7449125790420794,1.7449350638762149,3.8822812755545666,445
2,B,827,False,5.96425729741165,1.464954165448004,1.464980947148756,3.7146191222802027,503
2,B,132,False,6.106168408155438,1.698294959315028,1.6983180613419389,3.9022432347486884,430
2,B,688,False,6.26768984758185,1.8256846221701664,1.8257061122409683,4.046697979911409,280
2,B,134,False,5.721380741001916,1.5781004219669725,1.5781252835113393,3.6497530122566273,522
2,B,298,False,6.301517618251182,1.7817582695839473,1.7817802894510286,4.041648953851105,287
2,B,840,False,7.181504432482584,0.5593854182611993,0.5594555521296266,3.8704799923061053,453
2,B,440,False,6.232901785037626,1.7924521858969344,1.792474074393297,4.012687929715462,326
2,B,373,False,6.828343202062119,1.7198365878807929,1.7198594005496077,4.274101301305864,83
2,B,453,False,6.144270594838202,1.810459838924042,1.8104815097101314,3.977376052274167,361
2,B,221,False,8.509476833261386,0.27360545271374803,0.27374881260035383,4.39161282293087,60
2,B,757,False,6.1145018767943,1.8101202518738402,1.810141926725422,3.9623219017598608,380
2,B,587,True,7.6965455154886415,1.6879736214521934,1.6879968647375627,4.692271190113102,22
2,B,179,False,5.928966578596382,1.803930488865772,1.8039522380886117,3.866459408342497,454
2,B,513,False,5.934464347311688,1.6422605178406735,1.642284408104676,3.788374377708182,478
2,B,283,False,6.288020890939778,1.457153729760639,1.4571806548265558,3.872600772883167,450
2,B,224,False,7.5005092778267395,1.496722403194501,1.4967486164582653,4.498628947142502,45
2,B,861,False,6.609473751184434,1.425905790209118,1.4259333053117518,4.017703528248093,320
2,B,147,False,5.616845624458497,0.94763272705912,0.9476741286111557,3.2822598765348263,573
2,B,792,False,6.439983991705633,1.795387424020015,1.795409276731808,4.117696634218721,170
2,B,728,False,6.002853055023869,1.7664366798044258,1.7664588906634346,3.884655972843652,443
2,B,571,False,6.212685542440803,1.7964783312358379,1.7965001706777846,4.004592856559293,336
2,B,78,False,6.771626327101922,1.2416504057793736,1.2416820039033711,4.006654165502646,333
2,B,185,False,6.938619511103503,0.4145518239766867,0.41464645592095256,3.676632983512228,514
2,B,399,False,6.108191032079957,1.7660027867727968,1.7660250030887708,3.937108017584364,397
2,B,95,False,6.221478972828624,1.6426770816724674,1.6427009658782643,3.932089969353444,404
2,B,644,False,6.641184230613244,1.7453830745406147,1.7454055533136867,4.193294891963466,110
2,B,152,False,6.609233722722938,1.7934179817749087,1.793439858483968,4.201336790603453,100
2,B,361,False,6.214608880940276,1.8036964359078849,1.8037181879529338,4.009163534446605,331
2,B,312,False,6.643865862806684,1.750949423892039,1.7509718312049658,4.1974188470058245,106
2,B,516,False,6.262268358813026,1.7821064182017,1.7821284337670786,4.022198396290053,316
2,B,183,False,6.024847980193339,1.812688661410907,1.8127103055516274,3.9187791428724834,414
2,B,396,False,5.507475118771919,1.7801183952568398,1.7801404354087333,3.643807777090326,524
2,B,801,False,6.383706342061695,1.8042925147181434,1.80431425957712,4.0940103008194075,210
2,B,854,False,5.757520471183662,1.7168277747440477,1.716850627392496,3.7371855492880792,500
2,B,45,False,6.229556436508014,1.7579190477504325,1.7579413662261878,3.993748901367101,343
2,B,538,False,6.668237879096154,1.4752857422398427,1.4753123363890006,4.071775107742577,240
2,B,62,False,6.649734730016878,0.4656703303620997,0.46575457617178134,3.5577446530943293,554
2,B,370,False,6.49431274056088,1.7880812897909868,1.7881032317922831,4.141207986176582,144
2,B,556,False,6.722498459297947,1.761757627055534,1.761779896903627,4.242139178100787,89
2,B,604,False,8.394695939543144,0.6901603074442215,0.6902171532328873,4.542456546388015,34
2,B,429,False,6.31485177737756,1.827032090087196,1.8270535643088837,4.070952670843222,243
2,B,46,False,5.993239705682331,1.76238007902384,1.7624023410065832,3.877821023344457,448
2,B,761,False,5.821094468351443,1.7531114528027527,1.7531338324821601,3.7871141504168016,479
2,B,363,False,6.403887821025257,1.779268649688092,1.7792907003658214,4.091589260695539,213
2,B,808,False,6.395621920525661,1.8143515780605532,1.8143732023638985,4.10499756144478,190
2,B,326,False,5.824981310391849,1.6831662216128054,1.6831895312839062,3.7540854208378778,494
2,B,308,True,7.874308798570054,1.6693072840117318,1.6693307872018754,4.771819792885965,18
2,B,714,True,9.792490544576031,0.17551115948817317,0.17573456048908417,4.984112552532558,1
2,B,662,False,6.324215068023147,1.8277677656861444,1.8277892312645705,4.076002149643859,234
2,B,683,False,6.307458374538358,1.801730107100623,1.8017518828846082,4.054605128711483,270
2,B,173,False,5.265699348899878,1.6258491493960963,1.6258732808055547,3.4457863148527164,567
2,B,809,False,6.398752877686509,1.8133813188889403,1.8134029547623443,4.106077916224427,188
2,B,8,False,6.261511160770476,1.8220231949724597,1.8220447282278933,4.041777944499184,286
2,B,242,False,6.175415148460125,1.807830257988529,1.8078519602954994,3.9916335543778123,345
2,B,568,False,6.253055912437544,1.8197905181725542,1.81981207784654,4.036433995142042,295
2,B,120,False,6.9932591814387015,1.7509373000023774,1.7509597074704557,4.372109444454579,64
2,B,435,False,6.036387974568511,1.7999067374223918,1.7999285352657555,3.918158254917133,416
2,B,721,False,5.113430583330065,1.6964717997314636,1.6964949265852578,3.4049627549576615,568
2,B,230,False,6.2207095480032635,1.8086249575903597,1.8086466503615732,4.014678099182419,324
2,B,443,False,6.1817742762786345,1.779872625035501,1.7798946682307282,3.9808344722546813,357
2,B,164,False,6.172867593030969,1.1195751256245712,1.119610169015396,3.6462388810231827,523
2,B,436,False,6.157102454528165,1.8183203142547444,1.8183418913606102,3.987722172944388,350
2,B,797,False,6.455478605242945,1.7930918226516863,1.7931137033400184,4.124296154291482,158
2,B,104,False,6.817760461691304,1.2666635628204188,1.2666945369829008,4.042227499337102,284
2,B,723,False,6.3030440040949784,1.4159258499030434,1.4159535589379564,3.8594987815164674,459
2,B,717,False,6.352073440196456,1.8243750628266353,1.8243965683230985,4.0882350042597775,220
2,B,158,False,5.053241797502928,1.709304620840205,1.7093275740685532,3.38128468578574,570
2,B,235,False,5.915342113348801,1.7918047619744566,1.7918266583795843,3.8535843858641927,460
2,B,548,False,5.994068469782636,1.7990216595844242,1.799043468151702,3.896555968967169,436
2,B,472,False,6.021399247833537,1.769684408089938,1.769706578188046,3.8955529130107918,438
2,B,818,False,6.199781209619913,1.753194756393551,1.7532171350095949,3.976499172314754,364
2,B,624,False,7.058515790640701,1.7737814114861647,1.7738035303773807,4.416159660509041,57
2,B,181,False,6.087293911965289,1.8060136284569441,1.806035352593527,3.946664632279408,388
2,B,352,False,6.78636704346564,1.287970156437895,1.2880006182141623,4.0371838308399015,294
2,B,344,False,6.2014219986552614,1.7174444520776884,1.7174672965206177,3.9594446475879397,383
2,B,246,False,6.2084978644520366,1.7553261000019906,1.755348451445925,3.9819231579489807,353
2,B,119,False,6.626717278008811,1.7952115105016464,1.7952333653547696,4.21097532168179,98
2,B,168,False,6.220506811363606,0.9967687125472929,0.9968080732812092,3.6086574423224076,544
2,B,518,False,5.885416878124085,1.76699798159399,1.767020185397621,3.826218531760853,469
2,B,552,False,6.046052672154639,1.7485458358117192,1.7485682739258173,3.8973104730402284,435
2,B,52,False,5.831752808940185,1.6470232427580864,1.6470470639392096,3.739399936439697,499
2,B,204,False,6.115317593787453,1.6857105526739486,1.6857338271630307,3.9005257104752418,431
2,B,576,False,6.399894386260907,1.807709877656495,1.8077315814086639,4.103812983834786,192
2,B,89,False,6.835078427365963,1.0494748299568988,1.049512214011095,3.942295320688529,391
2,B,392,False,5.937910641280954,1.7164098289484073,1.7164326871614013,3.8271716642211775,468
2,B,385,False,8.40597860861366,0.6872851685962648,0.687342252169765,4.546660430391713,32
2,B,590,False,6.422948600945681,1.7834754958666181,1.7834974945320468,4.103223047738863,193
2,B,323,False,5.790428308638574,1.7625040718988874,1.762526332315511,3.776477320477042,484
2,B,755,True,7.531112329706364,1.6244809099274011,1.6245050616615406,4.577808695683952,27
2,B,68,False,5.412793905655655,1.692478072906973,1.6925012543322708,3.552647579993963,555
2,B,201,False,6.162021886636975,1.246125489574916,1.2461569742266554,3.7040894304318153,505
2,B,537,False,6.5996868591446765,1.5940515281543126,1.5940761409219157,4.096881500033296,207
2,B,309,False,6.300861754200544,1.81888629689412,1.8189078672859198,4.059884810743232,263
2,B,416,True,7.552820429098536,1.5890026949930836,1.5890273859630901,4.570923907530813,28
2,B,272,False,6.036678065253749,1.7606213710300236,1.7606436552502749,3.8986608602520123,433
2,B,383,False,6.5704650211095075,1.7691635501203884,1.7691857267454947,4.169825373927501,125
2,B,829,False,5.951376113560507,1.773168208590486,1.7731903351308347,3.862283224345671,457
2,B,83,False,6.173083797848461,1.7346794436290305,1.7347020611028658,3.9538929294756633,385
2,B,618,False,7.000258676661235,1.7702759616774824,1.7702981243673461,4.385278400514291,62
2,B,145,False,6.32810507624922,1.753955070853946,1.753977439769303,4.041041258009262,289
2,B,387,False,7.085090416371676,1.7708247574869973,1.7708469133085138,4.427968664840095,55
2,B,153,False,6.535463033921839,1.760185955677751,1.7602082454103567,4.147835639666098,141
2,B,138,False,6.346500178386208,1.7361051521968642,1.7361277510972242,4.0413139647417164,288
2,B,316,False,5.513469639108459,1.7133989105282483,1.713421808908944,3.6134457240087015,543
2,B,773,False,5.851593460754776,1.6632717670619734,1.6632953555369738,3.757444408145875,492
2,B,67,False,6.049952826354105,1.7906131669841034,1.7906350779604006,3.920293952157253,413
2,B,641,False,6.414545862563737,1.8150881128075689,1.81510972833621,4.1148277954499735,175
2,B,376,True,9.704484177833226,0.14564911865489077,0.145918245638971,4.925201211736098,7
2,B,73,False,6.011572408245679,1.7956065299267903,1.7956283799720747,3.903600394108877,427
2,B,227,False,7.468371311572907,1.5157429431897131,1.5157688275178451,4.492070069545377,48
2,B,295,False,6.381530407905578,0.8514018563832048,0.8514479371624408,3.61648917253401,540
2,B,85,False,6.508432489676213,1.5005804160410032,1.5006065619112823,4.004519525793748,337
2,B,549,False,6.014727464562439,1.797818353604337,1.7978401767682293,3.906283820665334,424
2,B,625,False,6.724810905038275,1.7246016465753213,1.724624396213772,4.224717650626023,95
2,B,696,False,4.415611554329081,0.17929229254757936,0.17951098799899523,2.297561271164038,590
2,B,286,False,6.4024217850843765,1.8192294930584372,1.8192510593810485,4.110836422232713,181
2,B,530,True,9.686867598050702,0.16330605158124187,0.16354612538505414,4.925206861717878,6
2,B,701,False,6.5935664370010905,1.8076633774156412,1.8076850817261094,4.2006257593636,102
2,B,170,False,6.0693378446577375,1.4781755977625655,1.4782021399206964,3.7737699922892167,486
2,B,542,False,6.53562708968723,1.646006010021787,1.6460298459242018,4.090828467805716,216
2,B,609,False,5.986916813589512,1.7754657131170846,1.7754878110254,3.881202312307456,446
2,B,178,False,6.852231976242086,1.7347905259015404,1.7348131419271504,4.293522559084618,77
2,B,603,False,6.283712440644415,1.8257155945191217,1.8257370842253597,4.054724762434887,269
2,B,332,False,6.6615512432589705,1.4684709558007016,1.4684976733640522,4.065024458311512,256
2,B,300,False,6.241349965903294,1.8102627398033218,1.8102844129488709,4.025817189426082,313
2,B,654,False,6.2902544662744315,1.7758988911470157,1.7759209836652665,4.033087724969849,303
2,B,50,False,5.776139712808961,1.760470973240149,1.7604932593641265,3.768316486086544,487
2,B,788,False,7.2881499673187555,1.6993027118486244,1.6993258001753218,4.4937378837470385,47
2,B,536,False,6.8708055682664195,1.0774776770216694,1.0775140895252469,3.974159828895833,366
2,B,48,False,5.527405947274481,1.7157798244684033,1.7158026910744233,3.6216043191744522,538
2,B,850,False,5.422754366191312,1.7283976026752108,1.728420302350914,3.575587334271113,552
2,B,725,False,6.041920075562354,1.7272801477769777,1.7273028621379247,3.884611468850139,444
2,B,238,False,5.496330355282852,1.7090562232610245,1.709079179825395,3.6027047675541235,545
2,B,124,False,6.4619965965897315,1.732424305670627,1.732446952585782,4.097221774587757,204
2,B,180,False,6.087293911965289,1.8060136284569441,1.806035352593527,3.946664632279408,389
2,B,711,True,9.696111273416363,0.1546025780370246,0.15485614544183549,4.925483709429099,5
2,B,236,False,6.2167197466290895,1.7951395492638964,1.795161404993098,4.005940575811094,334
2,B,391,False,5.789748060431243,1.693971813493736,1.6939949744779839,3.741871517454613,498
2,B,628,False,4.472181322877741,1.7012727017082225,1.7012957633001393,3.0867385430889405,579
2,B,278,False,5.587229936732285,1.7815729366612345,1.7815949588189632,3.684412447775624,512
2,B,529,True,9.716569529351947,0.1929530547693191,0.19315628384865058,4.954862906600299,3
2,B,682,False,5.506033991998477,1.7788978103428936,1.778919865617378,3.6424769288079273,526
2,B,648,True,7.8019888546940885,1.3736116447602413,1.3736402073564766,4.587814531025282,26
2,B,838,False,5.850598040934262,1.7267897209973828,1.7268124418093667,3.7887052413718143,476
2,B,690,False,5.58843668920293,1.7805928137537281,1.7806148480333492,3.6845257686181396,511
2,B,796,False,6.449441764787313,1.7942827102936314,1.7943045764596568,4.121873170623485,161
2,B,747,False,5.1079112477133695,1.4237338492286666,1.423761406305454,3.2658363270094117,576
2,B,525,True,8.66081268720385,0.8995371998223307,0.8995808148852488,4.780196751044549,17
2,B,617,False,7.347568334422002,1.4200556289331774,1.420083257386767,4.383825795904384,63
2,B,559,False,6.760761321312966,1.716734770997476,1.7167576248839453,4.2387594730984555,90
2,B,824,False,6.169173645621809,1.8009970384968943,1.8010188231442759,3.9850962343830423,352
2,B,640,False,6.406678079931185,1.8142573605467474,1.8142789859730666,4.110478532952126,182
2,B,802,False,6.489551002268977,1.7749995428914382,1.775021646603281,4.132286324436129,152
2,B,598,False,6.047488180328008,1.7898541398464032,1.7898760601144192,3.918682120221214,415
2,B,671,False,6.38121185158444,1.7100222417590654,1.7100451853550853,4.045628518469763,281
2,B,94,False,6.192081865293362,1.736100233755032,1.7361228327194147,3.9641023490063887,373
2,B,84,False,6.202591080819146,1.6381515481478124,1.6381754983348038,3.920383289576975,412
2,B,745,False,4.0795061997331405,0.2913940178702608,0.29152863031953224,2.1855174150263363,592
2,B,131,False,6.0822606269537935,1.777286563712255,1.7773086389812898,3.9297846329675417,407
2,B,264,True,7.487817294664691,1.7090239061665915,1.7090468631650575,4.598432078914874,25
2,B,243,False,6.258694174802187,1.8249103556842288,1.8249318548726543,4.0418130148374205,285
2,B,853,False,5.852384257767296,1.728691695332262,1.7287143911462468,3.7905493244567716,474
2,B,718,False,6.314315344843307,1.8251562259090022,1.825177722201266,4.069746533522286,245
2,B,564,False,6.462201461587237,1.8029681626229388,1.8029899234541895,4.132595692520713,151
2,B,200,False,6.549988575269982,1.759369774448238,1.759392074521041,4.154690324895512,132
2,B,369,False,6.066308142060908,1.7293929591686528,1.7294156457796714,3.8978618939202896,434
2,B,470,False,6.3695245071398645,0.678855233314998,0.6789130256848582,3.5242187664123614,560
2,B,393,False,6.128894987716186,1.7962180612215453,1.7962399038279646,3.962567445772075,378
2,B,815,False,6.929500748195661,1.7446773217260454,1.7446998095920614,4.337100278893861,69
2,B,244,False,6.070406382877964,1.7873782063012424,1.7874001569335434,3.928903269905754,408
2,B,389,False,5.5834113438141175,1.7293787568920744,1.7294014436894014,3.6564063937517597,520
2,B,11,False,7.110035447494703,1.539868683772924,1.5398941625676636,4.3249648050311835,73
2,B,143,False,6.199090022008613,1.5849458337390205,1.5849705879075762,3.8920303049580944,440
2,B,319,False,5.436203577790943,1.6624797829532676,1.6625033826653564,3.5493534802281497,556
2,B,845,False,6.653046685529229,1.7283469487651875,1.7283696491061575,4.190708167317693,112
2,B,137,False,6.876626868642431,1.7409284869604493,1.7409510232501682,4.3087889459463,75
2,B,489,False,6.465566224985269,1.804216984051653,1.8042387298209324,4.1349024774031005,148
2,B,515,False,5.965742435886302,1.6141956087573701,1.6142199143787643,3.789981175132533,475
2,B,366,False,6.424197427458639,1.8061748729139657,1.8061965951111714,4.115197011284905,174
2,B,59,False,6.6244346466430635,1.7484455938189758,1.7484680332194809,4.186451339931272,115
2,B,355,False,6.668173802708493,1.496557881363176,1.496584097508605,4.082378950108549,227
2,B,161,False,6.120524850408271,1.161276742156227,1.161310527171087,3.6409176887896795,528
2,B,141,False,6.448448237220505,1.820125872778017,1.8201474284797226,4.134297832850114,150
2,B,799,False,6.454243232518047,1.7925227582724645,1.7925446459070782,4.123393939212563,159
2,B,798,False,6.539292640992308,1.779287820890956,1.7793098713310997,4.1593012561617035,129
2,B,337,False,6.4162549874792845,1.7499710105915582,1.749993430432311,4.083124208955798,225
2,B,543,False,6.666666203236743,1.5624995448083456,1.562524654580431,4.114595428908587,176
2,B,752,False,6.114507370756458,1.8083271412769966,1.8083488376207848,3.9614281041886215,382
2,B,674,False,4.6549070977948235,0.1919219772832369,0.1921262970280641,2.423516697411444,586
2,B,645,False,6.881302329650635,1.7709069345343318,1.770929089327744,4.326115709489189,71
2,B,122,False,6.059400012822397,1.7452326253063173,1.7452551060171657,3.9023275594197813,429
2,B,72,False,6.238596893758201,1.8275325953021457,1.827554063642771,4.033075478700486,304
2,B,455,False,6.197430894327218,1.78007185226616,1.7800938929943237,3.988762393660771,346
2,B,289,False,6.356717446513972,1.8238077598568796,1.823829272042638,4.090273359278305,217
2,B,505,False,6.241374389204824,1.2204725677968191,1.2205047142022722,3.7309395517035484,501
2,B,350,False,6.613718613294461,1.5823736224053506,1.582398416812163,4.098058515053312,201
2,B,655,False,6.027552544169368,1.7966766475365634,1.7966984845679124,3.91212551436864,422
2,B,733,False,6.040929740080492,1.7928673328692937,1.7928892162973324,3.9169094781889124,418
2,B,294,False,6.133459934704068,1.760219874935973,1.760242164239063,3.9468510494715656,387
2,B,112,False,8.495250686959379,0.35595500215076165,0.35606520779424283,4.425657947376811,56
2,B,727,False,5.993425158723415,1.763773369102605,1.7637956134997508,3.878610386111583,447
2,B,820,False,5.8061527577854255,1.7151077689119467,1.7151306444780012,3.7606417011317133,489
2,B,665,False,6.3219838537587405,1.8227236526848414,1.82274517766532,4.07236451571203,239
2,B,325,False,6.703281303488636,1.357723777150686,1.3577526739748054,4.030516988731721,308
2,B,427,False,7.205670896860907,1.6727917937339782,1.672815247966478,4.439243072413692,54
2,B,834,False,6.237098103773375,1.8016668127210016,1.8016885892699828,4.019393346521679,318
2,B,607,False,6.717371888872578,1.7867774829813896,1.7867994409935095,4.252085664933044,86
2,B,354,False,6.71185645177961,1.2912473158971525,1.291277700363872,4.0015670760717414,338
2,B,444,False,6.154741432599669,1.7807502513657527,1.780772283697329,3.9677568581484994,370
2,B,661,False,6.371292934317615,1.827421783072401,1.82744325271482,4.099368093516217,199
2,B,425,False,6.121623631891418,1.7542630776904564,1.7542854426784145,3.937954537284916,396
2,B,651,False,5.88115834707082,1.7894236496759544,1.7894455752173692,3.835301961144095,465
3,B,447,False,6.559548853748587,1.784783895237786,1.7848041925543472,4.172176523151467,95
3,B,446,False,6.346315638001294,1.8574995464924657,1.857519049237215,4.101917343619254,146
3,B,333,False,6.326175608759335,1.8259414047208804,1.8259612445321705,4.076068426645753,192
3,B,659,False,5.969850922762835,1.7590667723028315,1.7590873663577125,3.8644691445602737,406
3,B,630,False,5.233512982710554,1.7820361008638455,1.782056429477313,3.5077847060939336,522
3,B,592,False,6.4177015792154535,1.8349569286125298,1.8349766709477644,4.126339125081609,118
3,B,4,False,6.261330241548912,1.8527299385955482,1.8527494915470022,4.057039866547957,214
3,B,791,False,5.860215306144725,1.7888617544592185,1.7888820055068821,3.8245486558258035,430
3,B,743,False,4.048450805144574,0.09702348995613322,0.09739615322321088,2.0729234791838924,566
3,B,71,False,6.165306697588924,1.8284276967515976,1.8284475095850476,3.9968771035869857,284
3,B,234,False,5.820948424898651,1.8058850741737817,1.8059051343254597,3.8134267796120556,434
3,B,643,False,6.588610980387067,1.7908997122846853,1.7909199402878901,4.189765460337479,82
3,B,299,False,6.277049699207183,1.8306307525505743,1.8306505415407095,4.053850120373946,225
3,B,611,False,6.7186017226061985,1.8431647394689457,1.8431843938903774,4.280893058248288,57
3,B,218,True,7.586586520846638,1.4745902799885449,1.4746148469672025,4.53060068390692,18
3,B,462,False,5.932974440671484,1.7968870951247387,1.796907255727249,3.8649408481993666,405
3,B,215,False,6.009621715474242,1.8086039862249919,1.8086240162201601,3.909122865847201,365
3,B,349,False,6.7482743551775,1.5502782316366899,1.550301599220614,4.149287977199057,102
3,B,677,False,5.977875360950683,1.8150524471799632,1.8150724060139816,3.896473883482332,379
3,B,782,False,5.871535926323355,1.6763027099655754,1.6763243207975427,3.7739301235604485,448
3,B,632,False,6.7743367161597465,1.321214568138532,1.321241986965635,4.047789351562691,232
3,B,694,False,6.311581959219204,1.8470558399832484,1.8470754530001297,4.079328706109667,183
3,B,491,False,6.383914308593887,1.8263592393964672,1.8263790746688522,4.1051466916313695,140
3,B,162,False,6.12279438356734,1.0523213033502228,1.0523557281376499,3.5875750558524953,505
3,B,199,False,5.920237132941714,1.7921416661779723,1.7921618801633323,3.856199506552523,413
3,B,585,False,6.204887482052091,1.8416764457318449,1.8416961160362184,4.023291799044155,264
3,B,580,False,6.345988167227059,1.7661222042075433,1.7661427159927712,4.056065441609915,218
3,B,87,False,6.909661703246085,0.9997149868990042,0.9997512230999707,3.9547064631730278,320
3,B,475,False,3.1135724239828892,1.040796423608426,1.0408312295735083,2.077201826778199,565
3,B,521,False,5.864704089333946,1.8269230745589022,1.8269429037096816,3.845823496521814,418
3,B,800,False,6.415685834421513,1.8403697053063626,1.8403893895773358,4.128037611999424,113
3,B,258,False,6.923481743053674,0.8024008475311694,0.8024459939323956,3.862963868493035,409
3,B,746,False,4.611638760850542,1.185188395871016,1.1852189615285118,2.898428861189527,551
3,B,615,False,7.041262871817757,1.7477600928155954,1.7477808200967848,4.3945218459572715,38
3,B,125,False,5.857724715315813,1.8057708424710872,1.8057909038917412,3.831757809603777,427
3,B,610,False,6.032347846568231,1.7958320609015086,1.7958522333480478,3.9141000399581394,359
3,B,210,False,6.45297972388734,1.816413310225247,1.8164332541062034,4.1347064889967715,109
3,B,774,True,8.447446579520356,0.7458933973197022,0.7459419637106752,4.596694271615516,9
3,B,768,False,6.415547671997539,1.7941759551000012,1.794196146166414,4.104871909081976,141
3,B,193,False,6.251272113954957,1.8462073157721277,1.8462269378031337,4.048749525879045,230
3,B,560,False,6.384971069112221,1.48855091952172,1.4885752560983838,3.936773162605302,345
3,B,822,False,5.25090487204637,1.2508802084673425,1.2509091689626044,3.2509070205044868,540
3,B,245,False,4.1368595332917755,0.7582811417980084,0.7583289148291147,2.447594224060445,559
3,B,280,False,6.3395208281346225,1.8539418609300633,1.853961401099882,4.096741114617252,157
3,B,25,False,6.133699612494159,1.85031330510083,1.8503328835894823,3.992016248041821,290
3,B,504,False,6.093040956057077,1.3787597859355767,1.378786060406954,3.7359135082320156,461
3,B,23,False,5.407467279525545,1.7213477788563794,1.7213688241725542,3.56441805184905,514
3,B,620,False,6.2026247741375675,1.814342450255756,1.814362416900072,4.00849359551882,276
3,B,203,False,7.07415332162606,1.7290854179544117,1.7291063690941613,4.401629845360111,35
3,B,658,False,5.878783207673352,1.754737926865385,1.7547585717241105,3.816770889698731,433
3,B,578,False,6.312444659534179,1.7624383155577878,1.7624588702167163,4.037451764875448,245
3,B,44,False,6.280887787263408,1.851563839986952,1.8515834052525526,4.066235596257981,204
3,B,343,False,6.064055487740797,1.7547849116375818,1.754805555943543,3.90943052184217,363
3,B,14,False,6.313492785959125,1.8561225951954017,1.856142112407971,4.084817449183548,178
3,B,121,False,6.3381508795447505,1.8265654994619063,1.8265853324944703,4.082368106019611,182
3,B,390,False,6.233531295907264,1.7889793112363082,1.7889995609532572,4.011265428430261,273
3,B,496,False,6.358601187468758,1.3819753095972327,1.3820015229354048,3.8703013552020815,401
3,B,547,False,6.724141302517553,1.160374410109319,1.1604056293796414,3.942273465948597,337
3,B,267,False,6.202337148981979,1.8481245601284657,1.8481441618037935,4.025240655392886,262
3,B,189,False,6.25440154806992,1.8238908121750197,1.8239106742918811,4.0391561111809,244
3,B,664,False,6.0670303697822945,1.8367912043948442,1.836810927014992,3.951920648398643,322
3,B,397,False,6.163668605008126,1.8391726440206764,1.839192341103403,4.001430473055764,281
3,B,195,False,6.275572484459133,1.8450113898438685,1.8450310245936286,4.060301754526381,210
3,B,187,False,6.610191878721599,1.351973527318424,1.3520003223480506,3.981096100534825,303
3,B,499,False,6.3216572494616585,0.9629963367797738,0.9630339545990446,3.6423456020303515,493
3,B,231,False,6.313854601906978,1.839017514655201,1.839037213399447,4.076445907653213,191
3,B,857,False,8.261374270957965,0.4091270990081774,0.40921563533454863,4.335294953146257,49
3,B,795,False,6.391383922105396,1.843738651473614,1.8437582997771569,4.1175711109412765,125
3,B,380,False,5.909195969456574,1.8223399048119673,1.8223597838323533,3.8657778766444637,404
3,B,492,False,6.111912362157614,1.7674340662034085,1.7674545627641254,3.93968346246087,340
3,B,128,True,8.409319581540478,0.659200945711006,0.6592558986354964,4.534287740087987,17
3,B,26,False,6.082540975719272,1.799496114956211,1.7995162463289704,3.9410286110241213,338
3,B,500,False,6.345793646615107,0.7948184620977007,0.7948640391606387,3.5703288428878728,512
3,B,577,False,6.322111952361547,1.8489985139448233,1.8490181063552558,4.085565029358402,177
3,B,415,False,6.965254617082092,1.635550793101877,1.635572942389177,4.300413779735634,53
3,B,439,False,6.932157571739255,1.828239409567474,1.8282592244413913,4.380208398090323,42
3,B,103,False,6.311753806722592,1.728499946907698,1.7285209051438535,4.0201373559332225,267
3,B,729,False,6.102908284922481,1.8502996644872616,1.850319243120247,3.9766137640213644,307
3,B,606,False,6.333928795077194,1.857055682186745,1.8570751895928954,4.095501992335045,159
3,B,468,False,6.321598638140741,1.0001654776569397,1.0002016975371248,3.660900167838933,485
3,B,285,False,6.246076379162056,1.852589811324571,1.852609365754967,4.049342872458512,229
3,B,833,False,6.084779028388342,1.808284006814034,1.80830404035351,3.946541534370926,330
3,B,485,False,6.583864890466885,1.8152052798641933,1.8152252370177802,4.199545063742333,77
3,B,754,False,6.310918097870422,1.8464272547756193,1.8464468744693525,4.078682486169887,187
3,B,302,False,6.345889796497145,1.8555928524200818,1.8556123752044515,4.100751085850798,148
3,B,493,False,6.054006386693747,1.761587627547905,1.7616081921327646,3.9078072894132556,369
3,B,572,False,6.2923746388245085,1.8397727890061861,1.8397924796636744,4.066083559244092,206
3,B,488,False,7.745782984927237,1.0629331413705285,1.0629672224877076,4.404375103707472,33
3,B,479,False,5.906097467955602,1.7725788682133399,1.7725993052847269,3.8393483866201645,422
3,B,327,False,6.799425412802342,1.7808959175955958,1.7809162592239058,4.290170836013123,55
3,B,372,False,6.722605120255169,1.812183535056109,1.812203525487098,4.267404322871133,61
3,B,653,False,6.072178061020115,1.7525786704449986,1.7525993407388267,3.912388700879471,361
3,B,395,False,5.363847091170617,1.7844255837522398,1.7844458851444425,3.5741464881575293,510
3,B,507,False,6.220555712095952,1.0197761883850147,1.0198117117666774,3.6201837119313147,497
3,B,481,False,5.388695357086462,1.762032185320287,1.7620527447167968,3.5753740509016296,509
3,B,669,False,5.2069579694354005,1.7711929662260226,1.7712134192885813,3.489085694361991,526
3,B,451,False,6.259165381697432,1.8531856595495135,1.8532052076927088,4.05618529469507,216
3,B,769,False,6.451215928084284,1.7960625080157084,1.7960826778740138,4.123649302979149,121
3,B,154,False,6.5542342895753976,1.7984619719344093,1.7984821148828851,4.1763582022291414,90
3,B,334,False,5.992850524785192,1.8256375497481532,1.8256573928615005,3.909253958823346,364
3,B,811,False,6.321672133692528,1.8527845483628278,1.8528041007379759,4.087238117215252,173
3,B,736,False,5.69365349955767,1.812044888763182,1.8120648807236963,3.752859190140683,453
3,B,293,False,7.2920500369693695,0.35017782124199415,0.3502812577760924,3.821165647372731,431
3,B,320,False,7.028430800361432,1.7434277563662686,1.7434485351531694,4.385939667757301,40
3,B,284,False,6.132342192928982,1.8411899653620507,1.841209640863669,3.9867759168963253,296
3,B,581,False,6.270363498940609,1.8096705699261106,1.8096905881161303,4.04002704352837,240
3,B,186,False,6.2737898390619735,1.8172460636456387,1.817265998387407,4.04552791872469,235
3,B,81,False,7.130279028124606,0.53760802821697,0.5376754086460991,3.8339772183853524,424
3,B,207,False,7.0892210589269595,1.7154923933841812,1.7155135105321666,4.402367284729563,34
3,B,329,False,6.2564082446961,1.7948061586406283,1.7948263426175077,4.025617293656804,261
3,B,463,False,6.269501111364029,1.8467220412948713,1.846741657856807,4.058121384610418,213
3,B,60,False,5.7392115763785885,1.7870982691701278,1.7871185402010348,3.7631650582898115,450
3,B,384,True,8.29178380463045,0.8672793171648101,0.867321086473326,4.579552445551888,13
3,B,502,False,5.98612777152751,1.8229000099297776,1.822919882842193,3.9045238271848515,372
3,B,292,False,6.190683819218956,1.7983488878744067,1.7983690320895005,3.994526425654228,286
3,B,171,False,6.152521987412254,0.9219102051571212,0.9219494993936797,3.537235743402967,519
3,B,634,False,6.28053623018037,1.8511619771882446,1.851181546701161,4.065858888440766,207
3,B,155,False,5.485018702332463,1.8004534279674287,1.8004735486363235,3.642746125484393,491
3,B,570,False,6.201012342485361,1.8075924705196524,1.8076125117233373,4.004312427104349,279
3,B,111,True,8.51090702117142,0.35282694538375076,0.35292960551396013,4.43191831334269,30
3,B,619,False,6.568684630313023,1.8021388351078185,1.8021589369595503,4.185421783636286,85
3,B,191,False,6.253543955604074,1.825042982167308,1.8250628317451298,4.039303393674602,243
3,B,589,False,6.305276335351168,1.8355016518200504,1.8355213882964003,4.070398861823785,199
3,B,129,False,6.380721485184427,1.8211159468880154,1.8211358392687909,4.100928662226609,147
3,B,265,False,6.771925892412286,1.7571588656338228,1.7571794820492739,4.26455268723078,63
3,B,685,False,5.720878656030164,1.7845708053622558,1.7845911051024268,3.7527348805662957,454
3,B,22,False,6.3398691190138035,1.8570217037834378,1.8570412115465162,4.09845516528016,153
3,B,367,False,6.382257749060307,1.8449724864315502,1.8449921215953275,4.113624935327818,130
3,B,735,False,7.209207195114635,1.4914700746647724,1.4914943636098505,4.350350779362243,47
3,B,313,False,6.534238354287563,1.7711914103312385,1.771211863411764,4.152725108849664,100
3,B,554,False,6.197260592822983,1.7614436001979135,1.7614641664642507,3.9793623796436166,304
3,B,573,False,6.321679605747779,1.8459348136543208,1.8459544385819557,4.083817022164867,179
3,B,105,False,6.469239268987842,0.8499166368435485,0.8499592594018018,3.6595992641948216,486
3,B,317,False,5.112348026165364,1.5802911898107042,1.5803141136029706,3.346331069884167,533
3,B,90,False,6.672307542976377,1.222098465812029,1.222128108341972,3.947217825659174,328
3,B,566,False,6.3577086762185235,1.855575949380055,1.8555954723422623,4.106652074280393,138
3,B,133,False,6.174199936194279,0.98963929447757,0.9896758995921209,3.5819379178932,507
3,B,220,True,8.378063890247102,0.4935408261840568,0.4936142220093062,4.435839056128204,29
3,B,593,False,6.296283780759139,1.833538738251759,1.833558495856967,4.064921138308053,208
3,B,666,False,6.320830900889058,1.8565350874459734,1.8565546003221773,4.088692750605618,170
3,B,841,False,5.773249017719264,1.8153709954910364,1.81539095082286,3.794319984271062,442
3,B,626,False,6.324185790066172,1.8568697959609501,1.8568893053199138,4.090537547693043,168
3,B,442,False,5.0507507717440685,1.7814450206439754,1.7814653560023626,3.4161080638732155,530
3,B,357,False,6.546708978069029,1.3820303266890925,1.3820565389837607,3.964382758526395,313
3,B,279,False,5.893834704212126,1.8109003237587185,1.8109203283548514,3.8523775162834886,415
3,B,837,False,6.155558979022609,1.8083229994797085,1.8083430325872083,3.9819510058049086,302
3,B,565,False,6.556060675052845,1.0190428943815213,1.019078443324595,3.78756955918872,444
3,B,237,False,6.137902279723087,1.7995413448004354,1.7995614756672167,3.9687318776951517,310
3,B,433,False,7.1406865110076785,0.8623078228926958,0.8623498330036089,4.001518172005643,280
3,B,149,False,6.051993358109446,1.8495107000204896,1.849530287005242,3.950761822557344,325
3,B,58,False,4.838107428954045,0.1664197062828701,0.16663724583264103,2.502372337393343,555
3,B,222,True,8.268034111160416,0.6958438080696829,0.6958958674171941,4.481964989288805,23
3,B,398,True,8.19332127556164,1.516893649113107,1.5169175309749339,4.855119403268287,3
3,B,135,False,6.300675718684389,1.601314941039802,1.601337563868629,3.9510066412765092,324
3,B,494,False,6.069175135906764,1.7650609583343109,1.7650814824521408,3.917128309179452,356
3,B,744,False,4.0522306703947795,0.21223990098429177,0.21241051911153852,2.132320594753159,564
3,B,567,False,6.161470229877016,1.8260425335274668,1.8260623722400122,3.993766301058514,289
3,B,432,False,6.138245029020112,1.8352805381360386,1.8353002769902038,3.9867726530051577,297
3,B,374,False,6.339810048947042,1.751822327667458,1.7518430068855035,4.045826527916272,234
3,B,1,False,5.550928085805557,1.801724772382883,1.8017448788542632,3.6763364823299103,481
3,B,601,False,6.421801073492712,1.6780977730933824,1.6781193608085154,4.0499602171506135,227
3,B,82,False,6.917422215719423,0.9677669809688363,0.9678044133568245,3.9426133145381237,336
3,B,762,False,7.748083058675698,0.8004002624785548,0.8004455217159696,4.274264290195834,58
3,B,353,False,6.6828895569150255,1.3267995926483587,1.3268268960611487,4.004858226488087,278
3,B,596,False,6.398152545377702,1.8547275902964206,1.854747122188407,4.126449833783054,117
3,B,844,False,6.563018371569122,1.7987511218069878,1.7987712615175138,4.180894816543318,87
3,B,739,False,6.311724992157019,1.8227291525058538,1.8227490272810787,4.067237009719049,202
3,B,860,False,6.765653279215003,1.25691120666846,1.2569400282066665,4.0112966537108345,272
3,B,217,False,8.477250658162301,0.3148566901727992,0.314971726359655,4.396111192260978,36
3,B,241,False,4.938919658287359,1.4713358293021905,1.4713604506196896,3.2051400544535245,542
3,B,18,False,5.699225937557015,1.8005242193823185,1.800544339260136,3.7498851384085756,457
3,B,506,False,6.1639193105465235,1.196461105759589,1.1964913834436377,3.6802053469950806,480
3,B,273,False,6.276064781639808,1.7844358919523446,1.7844561932272731,4.030260487433541,255
3,B,533,False,6.247165704362232,1.8543897428038127,1.8544092782542374,4.050787491308235,226
3,B,3,False,6.469346668380003,1.772334703151131,1.7723551430379914,4.120850905708997,124
3,B,668,False,5.248583224152228,1.7582324346273843,1.7582530384546902,3.503418131303459,523
3,B,691,False,6.571258159395875,1.77619611063009,1.7762165060816406,4.173737332738758,94
3,B,584,False,5.34662867564812,1.778549313594974,1.7785696820615617,3.562599178854841,515
3,B,574,False,6.273544255476737,1.8368135824668255,1.8368333048466932,4.055188780161715,220
3,B,197,False,6.4448169443552725,1.8439796498712853,1.843999295606926,4.144408119981099,104
3,B,259,False,6.952854840644427,0.8485621425692903,0.8486048331592249,3.900729836901826,374
3,B,629,False,6.290239065298696,1.780873721599202,1.780894063481038,4.035566564389867,248
3,B,458,False,1.9853946835632552,0.38392428521692296,0.3840186321504941,1.1847066578568746,571
3,B,190,False,6.240302054553332,1.8235322225861117,1.8235520886087282,4.0319270715810305,254
3,B,430,False,6.352968865075879,1.8545427391143425,1.8545622729531461,4.103765569014513,144
3,B,828,False,6.225332973277473,1.848590463080533,1.848610059815674,4.036971516546574,247
3,B,13,False,6.210029042706629,1.7477572020983532,1.7477779294138243,3.9789034860602266,305
3,B,93,False,6.892163076344018,1.0559639994533607,1.0559983054915139,3.974080690917766,308
3,B,562,True,7.7256464402198155,1.7009658374694057,1.700987134959406,4.71331678758961,8
3,B,118,False,6.4134280991241885,1.8415999688697253,1.8416196399909468,4.127523869557567,114
3,B,519,False,5.915001417274135,1.8316449004227684,1.8316646784562245,3.87333304786518,399
3,B,482,False,5.567115237808091,1.7994985424738115,1.7995186738194142,3.6833169558137526,478
3,B,96,False,6.912520387201378,0.9680088227063588,0.9680462457428168,3.9402833164720974,339
3,B,831,False,5.9570228585133655,1.8304664966484487,1.830486287414319,3.893754572963842,381
3,B,342,False,5.755237905806366,1.6967878032916102,1.6968091532221823,3.7260235295142743,465
3,B,693,False,5.019233892364435,1.6055840750893233,1.6056066377665015,3.312420265065468,537
3,B,678,False,6.127407526458089,1.845017587886674,1.8450372225704748,3.986222374514282,298
3,B,101,False,6.467043197644441,1.387078340889504,1.3871044577911897,3.927073827717815,350
3,B,358,False,6.385055577734233,1.4939118368263349,1.4939360860723743,3.9394958319033035,342
3,B,348,False,6.905511033535857,1.6297312893148912,1.6297535176925955,4.267632275614226,60
3,B,520,False,5.896724742788747,1.8268080428233455,1.8268278732227274,3.8617763080057372,411
3,B,605,False,6.32014781446793,1.8571919150325973,1.8572114210078123,4.0886796177378715,171
3,B,19,False,5.699225937557015,1.8005242193823185,1.800544339260136,3.7498851384085756,458
3,B,150,False,6.545013086358004,1.8326448492248697,1.8326646164669236,4.188838851412464,84
3,B,777,False,6.283542385757863,1.8248035154917661,1.8248233676743948,4.054182876716129,223
3,B,247,False,6.261161936050294,1.7910045950474072,1.7910248218660563,4.0260933789581745,260
3,B,202,False,6.735589692316708,1.7484000992979944,1.7484208189919976,4.242005255654353,66
3,B,544,False,6.812513957876452,0.9715857855485525,0.971623070814711,3.8920685143455813,385
3,B,778,False,6.329133138904254,1.8535271930795474,1.8535467376208123,4.091339938262533,166
3,B,676,False,6.1247696178923094,1.846435946387424,1.8464555659888036,3.9856125919405567,301
3,B,741,False,5.237722275863845,1.7825114622429785,1.7825317854352591,3.510127030649552,521
3,B,335,False,5.822464378513079,1.7728679483113106,1.7728883820503103,3.7976763802816946,441
3,B,51,False,6.199366208492465,1.021527727847154,1.021563190321568,3.610464699407016,500
3,B,667,False,5.786037589734176,1.8106521694775477,1.8106721768153289,3.7983548832747522,440
3,B,177,False,5.122326652210995,0.5578818032778861,0.5579467353502459,2.8401366937806203,552
3,B,98,False,7.120594719926914,0.5043102310982536,0.5043820598016797,3.812488389864297,435
3,B,331,False,7.293359939402558,0.26993528372443976,0.2700694548793052,3.7817146971409317,446
3,B,146,False,5.465296795313138,0.4886846623597974,0.4887587874249633,2.977027791369051,547
3,B,770,False,6.48457119823412,1.7957827686620689,1.795802941662313,4.140187069948216,106
3,B,569,False,2.573052693532082,0.29280955245595863,0.2929332467796547,1.4329929701558684,568
3,B,522,False,6.086237468505673,1.7996646858769794,1.7996848153640954,3.9429611419348842,335
3,B,250,True,8.333066860587328,0.8119483564406074,0.8119929720053092,4.572529916296318,15
3,B,553,False,6.985631916515677,1.7658596492730063,1.7658801641079713,4.375756040311824,44
3,B,807,False,6.334818880115656,1.8510113983865224,1.8510309694913916,4.0929249248035235,162
3,B,263,False,5.999853710511904,1.8071024499999806,1.8071224966380512,3.9034881035749778,373
3,B,175,False,5.005811294838232,0.3318696393028436,0.331978780271286,2.668895037554759,554
3,B,291,False,6.560468986164875,1.8520486518232302,1.852068211967274,4.206268599066075,75
3,B,139,False,4.185083211103796,0.8110880488598678,0.8111327117449515,2.498107961424374,556
3,B,66,False,6.091926162719993,1.8114118083406567,1.8114318072881959,3.9516789850040945,323
3,B,627,True,8.194487098019266,1.5068590804375197,1.506883121332381,4.8506851096758234,4
3,B,783,False,5.847192807109079,1.6758569243062957,1.6758785408867698,3.7615356739979244,451
3,B,486,False,6.556652456977478,1.821926215284182,1.8219460988182812,4.189299277897879,83
3,B,364,False,5.954717837038265,1.7931623726838546,1.7931825751631099,3.8739502061006874,398
3,B,297,False,6.31899588928696,1.838564371866147,1.8385840754654033,4.078789982376182,185
3,B,252,True,8.432719698451246,0.6793787346188217,0.679432055552049,4.556075877001647,16
3,B,749,False,4.64149313904504,1.2056487962941662,1.2056788432517935,2.9235859911484168,549
3,B,839,False,5.533246321302639,1.7549951564414412,1.7550157982742862,3.6441310597884624,490
3,B,318,False,4.063907216479949,0.4720267872873444,0.4721035278159052,2.268005372147927,561
3,B,182,False,6.208820614502228,1.8466927468163183,1.8467123636894325,4.02776648909583,257
3,B,69,True,8.130798706874646,1.5176567616594794,1.5176806315131484,4.824239669193897,5
3,B,79,False,7.057360763101545,0.7866317841022679,0.7866778354697227,3.9220192992856338,351
3,B,448,False,6.119789378989365,1.835897671377969,1.83591740359703,3.9778533912931975,306
3,B,271,False,6.440615877384469,1.3341500940558346,1.3341772470435116,3.8873965622139903,391
3,B,863,False,5.88599608290093,1.7994576208778787,1.7994777526812846,3.8427369177911075,421
3,B,687,False,6.198692872572732,1.8295462465187557,1.8295660472391477,4.01412945990594,269
3,B,852,False,5.528806968959321,1.767139618437239,1.767160118413134,3.6479835436862276,489
3,B,450,False,6.562050432778258,1.8528593364203683,1.8528788880063203,4.207464660392289,74
3,B,117,False,5.82579311999405,1.8313381372637796,1.831357918610172,3.8285755193021114,428
3,B,107,True,7.717124048218544,1.714459306708969,1.7144804365814181,4.715802242399981,7
3,B,239,False,5.084689688266823,1.5702656221203422,1.570288692270436,3.3274891902686297,535
3,B,261,False,5.975216778387426,1.7532709661659818,1.753291628298044,3.864254203342735,408
3,B,804,False,6.322552944312413,1.8527929378285577,1.8528124901151732,4.087682717213793,172
3,B,657,False,2.515387228597887,0.21159549293086627,0.21176663025148124,1.363576929424684,569
3,B,679,False,6.230483905926604,1.8490996186192548,1.8491192099584288,4.039801557942517,242
3,B,225,True,7.576470447714036,1.3800984815511992,1.3801247305368225,4.478297589125429,24
3,B,163,False,6.27210211377786,1.5016708758842903,1.5016949998380174,3.886898556807939,392
3,B,211,False,6.641443133061263,1.7668874199405853,1.7669079228425315,4.2041755279518975,76
3,B,594,False,6.297848918151265,1.8344031579443256,1.8344229062393236,4.0661359121952945,205
3,B,437,False,6.965178766774503,1.8251424208497167,1.8251622693460916,4.395170518060297,37
3,B,484,False,5.658143777324447,1.8038047972665596,1.8038248805527841,3.7309843289386158,463
3,B,260,False,6.022963801521819,1.7621475180527875,1.7621680761036984,3.892565938812759,384
3,B,790,False,6.105242565208852,1.8267922733689421,1.8268121039395044,3.966027334574178,312
3,B,457,False,6.174661784466735,1.8480177786774432,1.8480373814853752,4.011349582976055,271
3,B,517,False,5.737916346232819,1.8177372208133167,1.817757150168727,3.777836748200773,447
3,B,823,False,5.437730745458605,1.488496660293698,1.4885209977574734,3.4631258716080393,529
3,B,700,False,6.658947510178328,1.8441750169401612,1.8441946605946062,4.251571085386467,65
3,B,602,False,6.163858177605157,1.808399913153556,1.8084199454090302,3.9861390615070933,300
3,B,652,False,5.5819131017341315,1.7946535698549921,1.7946737555479766,3.688293428641054,475
3,B,126,False,5.860451229750004,1.8110270551045335,1.811047058300808,3.835749144025406,423
3,B,209,False,6.3274040023269595,1.8573977558061079,1.8574172596196517,4.092410630973306,164
3,B,806,False,6.344653732425574,1.8534084381042053,1.8534279838977508,4.099040858161662,151
3,B,156,False,6.121398248453081,1.8509137090029946,1.8509332811407961,3.986165764796939,299
3,B,287,False,6.228647605965192,1.8458136310123663,1.8458332572284168,4.037240431596804,246
3,B,127,True,8.408721220992526,0.6523946608052966,0.6524501869925928,4.530585703992559,19
3,B,775,True,8.462334446953232,0.6913917996604664,0.6914441942030823,4.576889320578157,14
3,B,842,False,7.680627388870405,1.0730317675744439,1.07306552795407,4.3768464584122375,43
3,B,722,False,5.359388279455856,1.7452861185465336,1.7453068752086653,3.5523475773322604,518
3,B,214,False,5.987499355858894,1.8109564881167817,1.810976492092506,3.8992379239757,375
3,B,420,False,2.637280100216296,0.4845906793895321,0.484665430591681,1.5609727654039887,567
3,B,445,False,6.3469817383465115,1.8575165009220627,1.8575360034888029,4.102258870917657,145
3,B,40,False,6.600723832684317,1.7895956788627696,1.7896159216054457,4.195169877144881,80
3,B,509,False,6.489828512269554,1.8029416537315734,1.8029617466323995,4.146395129450977,103
3,B,558,False,6.9880206383444925,1.7496600113710614,1.7496807161452042,4.368850677244849,46
3,B,464,False,6.530839135523606,1.4574012472646036,1.4574261039887524,3.9941326197561793,288
3,B,268,False,6.399104953184192,1.853931699816812,1.8539512400937261,4.1265280966389595,116
3,B,816,False,6.36705709074354,1.8574758721984757,1.8574953751917929,4.112276232967666,133
3,B,324,False,4.194664158859954,0.7022220468648371,0.7022736333954542,2.448468896127704,558
3,B,613,False,6.725946064796648,1.8417345657157966,1.8417542353994372,4.283850150098043,56
3,B,637,False,4.710375171967017,1.2576317986952554,1.257660603719809,2.9840178878434127,546
3,B,639,False,6.348221487193216,1.8514949110995094,1.851514477093493,4.099867982143355,150
3,B,776,True,8.621430877670434,0.3704362629492497,0.3705340442755793,4.495982460973007,21
3,B,635,False,6.2887466952385775,1.844761705994212,1.8447813434014577,4.066764019320018,203
3,B,315,False,6.590498341969597,1.7609962388836566,1.761016810374562,4.17575757617208,92
3,B,428,False,5.946167358883136,1.8206803034001697,1.8207002005406452,3.8834337797118903,394
3,B,136,False,6.304421185714883,1.6079169120390724,1.6079394419817798,3.9561803138483316,318
3,B,497,False,6.257078600148468,1.114957626358461,1.1149901172810033,3.6860343587147355,477
3,B,269,False,6.3954056846402825,1.8536302579116457,1.8536498013662142,4.124527743003249,119
3,B,144,False,6.870964781470055,1.727934064868172,1.7279550299678679,4.299459905718962,54
3,B,362,False,4.545975456319091,1.730492533552128,1.730513467656081,3.138244461987586,544
3,B,819,False,5.958199135578663,1.7902060086875733,1.790226244529027,3.874212690053845,397
3,B,642,False,6.5837642766511095,1.7978046945773039,1.7978248448899588,4.190794560770534,81
3,B,17,False,5.621534630055031,1.7279131337710543,1.7279340991247079,3.6747343645898694,482
3,B,347,False,5.639436330897185,1.7888969899039746,1.788917240552763,3.714176785724974,470
3,B,751,False,6.151327031064324,1.8258349792089459,1.8258548201766598,3.9885909256204917,292
3,B,540,False,6.740820503252089,1.6089030412512877,1.6089255573851309,4.17487303031861,93
3,B,206,False,6.869861039067416,1.7820632091538668,1.782083537458104,4.3259722882627605,50
3,B,20,False,6.305522551870809,1.8301880266769204,1.8302078204539973,4.067865186162403,200
3,B,712,False,6.3874298636547335,1.8573410391052363,1.857360543514352,4.122395203584543,122
3,B,321,False,7.134962747618629,1.6916722172658911,1.6916936317574491,4.413328189688039,32
3,B,785,False,6.980216426369695,1.7598994415596585,1.7599200258708942,4.370068226120295,45
3,B,459,False,2.257681609796757,0.38395488218520174,0.38404922160221006,1.3208654156994835,570
3,B,116,False,6.377636949072228,1.8503732599483835,1.8503928378026704,4.114014893437449,129
3,B,550,False,6.010100531764529,1.8078097674203593,1.8078298062151383,3.9089651689898335,366
3,B,846,False,6.629984409392569,1.8058654619053944,1.8058855222749295,4.2179349658337495,70
3,B,490,False,6.284500882803229,1.835710136929071,1.8357298711639356,4.060115376983583,211
3,B,756,False,6.1342222791369085,0.9790366434480676,0.9790736449692995,3.556647962053104,517
3,B,849,False,6.04723182316568,1.7867765630685348,1.7867968377491654,3.9170143304574223,357
3,B,16,False,5.9680310726794925,1.787726300727231,1.7877465646369681,3.8778888186582305,395
3,B,438,False,6.848961660353399,1.8363023334733635,1.8363220613441236,4.342641860848762,48
3,B,99,False,6.872316468668916,0.9206607043849163,0.9207000519484841,3.8965082603087,378
3,B,586,False,6.167366143604687,1.8213428153939575,1.821362705296943,3.994364424450815,287
3,B,703,False,6.582178541838916,1.8480685035161908,1.8480881057860807,4.215133323812498,71
3,B,508,False,6.077386506265622,1.651521533590588,1.6515434686900672,3.8644649874778447,407
3,B,15,False,5.8166746722450675,1.8067466016718983,1.8067666522582166,3.811720662251642,436
3,B,471,False,6.298118749553655,1.1479904474778926,1.1480220035173123,3.7230703765354836,466
3,B,303,False,6.340178024593165,1.853988986908671,1.8540085265818091,4.097093275587487,155
3,B,836,False,5.842707737305304,1.7774275548219143,1.7774479361431716,3.8100778367242376,437
3,B,86,False,6.829617551647443,0.915125275886756,0.9151648614464076,3.8723912065469253,400
3,B,123,False,6.284451009096697,1.7745747041070334,1.7745951181934363,4.029523063645067,256
3,B,847,False,6.502340274508405,1.8359173638477728,1.8359370958551837,4.169138685181794,96
3,B,780,False,6.8342956316387475,1.2308092649882465,1.2308386977343209,4.032567164686534,253
3,B,698,False,5.493006099779667,0.11481024024669534,0.11512534180151297,2.80406572079059,553
3,B,226,True,7.727377799567388,1.2527595960928233,1.2527885131426075,4.490083156354998,22
3,B,689,False,6.478194520590557,1.8442938539201947,1.8443134963089154,4.1612540084497365,99
3,B,194,False,6.264632793082975,1.8478057797440162,1.8478253848009563,4.056229088941966,215
3,B,477,False,5.382003365299396,1.799869357100359,1.7998894842984863,3.590946424798941,504
3,B,474,False,5.837650798177915,1.8276106827515306,1.827630504442002,3.8326406513099585,426
3,B,296,False,6.31899588928696,1.838564371866147,1.8385840754654033,4.078789982376182,186
3,B,174,False,5.783927820894673,1.7182677669220696,1.718288849961719,3.751108335428196,456
3,B,91,False,6.446129132275483,1.2456518131588006,1.2456808952076044,3.8459050137415436,417
3,B,240,False,5.038728961646198,1.5489102228430158,1.548933611065049,3.2938312863556236,539
3,B,753,False,6.3237744434618595,1.8480619712619777,1.848081573601154,4.085928008531507,175
3,B,454,False,6.139822495154639,1.8338943084034782,1.8339140621779646,3.986868278666302,294
3,B,417,False,6.199950456065617,1.82413381474679,1.8241536742177418,4.012052065141679,270
3,B,249,True,8.454446058581864,0.7068997869435443,0.7069510321374738,4.5806985453596685,12
3,B,814,False,6.244793129955482,1.807509483515949,1.8075295256397623,4.026161327797622,259
3,B,766,False,6.853229015283622,1.6160801836601124,1.6161025997993796,4.234665807541501,67
3,B,480,False,5.863073753242209,1.7726064328751812,1.7726268696287681,3.8178503114354885,432
3,B,422,False,5.806497602900226,1.7650565765043456,1.765077100673127,3.7857873517866762,445
3,B,498,False,6.285157129821336,1.143852085376598,1.1438837555799994,3.7145204427006675,469
3,B,534,False,6.244872467571099,1.8543088697315377,1.8543284060339646,4.049600436802532,228
3,B,102,False,6.439241075504084,1.28529542974349,1.28532361480637,3.862282345155227,410
3,B,198,False,6.7336053768695,0.7460062674587217,0.7460548265021177,3.7398301016858086,460
3,B,77,False,7.689457841725146,0.23392281111994032,0.23407762520511557,3.9617677334651304,315
3,B,781,False,4.053049390703448,0.28153347461218553,0.2816621209652115,2.16735575583433,563
3,B,591,False,6.395019667836776,1.8279531953119326,1.8279730132883567,4.111496340562566,134
3,B,734,False,5.5563509094459285,1.759042696112668,1.7590632904494183,3.6577070999476735,488
3,B,478,False,5.392959692466577,1.7368475692807737,1.7368684267888408,3.564914059627709,513
3,B,419,False,6.248313097741827,1.8066745461984346,1.8066945975844204,4.027503847663123,258
3,B,232,False,5.535940386808944,1.80489286820457,1.804912939383817,3.6704266630963804,483
3,B,21,False,6.188355620527531,1.8329541519238415,1.832973915830299,4.010664768178915,275
3,B,702,False,6.618782357597709,1.8413581134450516,1.8413777871499728,4.230080072373841,68
3,B,371,False,6.336319940544805,1.8296661378427093,1.8296859372656464,4.083002938905226,181
3,B,7,False,5.019577743303813,1.7726260354110135,1.7726464719386037,3.3961121076212084,531
3,B,467,False,6.452390277029634,0.6947455437542787,0.6947976853918265,3.5735939812107302,511
3,B,345,False,6.298386427513124,1.8562580162299929,1.8562775320187226,4.0773319797659235,189
3,B,856,False,6.075795546556478,1.82377597072659,1.8237958340941363,3.949795690325307,326
3,B,379,False,6.210201187860886,1.7314748947998835,1.7314958170269077,3.9708485024438964,309
3,B,760,False,6.282279381719974,1.7651263700472495,1.7651468934045094,4.0237131375622415,263
3,B,301,False,5.5050627912969325,1.7796436677743654,1.7796640237159393,3.642363407506436,492
3,B,53,False,6.030651532251291,1.8122447603902212,1.8122647501458558,3.921458141198573,353
3,B,827,False,5.87632057591245,1.176142694329056,1.176173495060581,3.5262470354865156,520
3,B,132,False,6.0789065002028035,1.610497599483436,1.610520093324303,3.8447132967635533,419
3,B,688,False,6.434701056896536,1.8507133464258243,1.850732920682529,4.142716988789532,105
3,B,134,False,5.975350636135985,1.4310080805223646,1.4310333956898817,3.7031920159129337,472
3,B,298,False,6.345081785037566,1.8288973115591236,1.8289171193051919,4.086999452171379,174
3,B,840,False,7.146727953734056,0.7467234556017148,0.746771968009765,3.94674996087191,329
3,B,440,False,6.22865820919988,1.8078992724398597,1.8079193102425744,4.018288759721227,268
3,B,373,False,6.728114409583676,1.8138509749734848,1.8138709470278398,4.270992678305758,59
3,B,453,False,6.340127726157981,1.848157452041898,1.8481770533683757,4.094152389763178,160
3,B,221,False,8.423980927066482,0.3573457220098202,0.3574470843329554,4.390714005699719,39
3,B,757,False,6.257325194960466,1.850362058881215,1.850381636854014,4.05385341590724,224
3,B,179,False,6.0928355916457875,1.8444347536920453,1.8444543945802636,3.9686449931130254,311
3,B,513,False,5.621638706186617,1.6940466014495417,1.6940679859268204,3.6578533460567186,487
3,B,283,False,6.157134915018252,1.6622312760241245,1.662253069797797,3.909693992408025,362
3,B,224,True,7.689589100795811,1.2360806908455135,1.2361099980748207,4.462849549435315,27
3,B,861,False,6.750475443877357,1.2710642547216204,1.2710927553449591,4.010784099611158,274
3,B,147,False,5.577862888483441,0.7453591074615777,0.7454077086637427,3.161635298573592,543
3,B,792,False,6.386788399826662,1.8422201596620955,1.842239824161026,4.114514111993844,128
3,B,728,False,6.0031681539338795,1.825057190785249,1.8250770402085377,3.9141225970712084,358
3,B,571,False,6.043299423956967,1.8116395425228906,1.8116595389564674,3.927479481456717,349
3,B,78,False,6.757865038635551,1.1298801709789794,1.1299122327999194,3.9438886357177356,334
3,B,185,False,6.942314758630468,0.5623103312023542,0.5623747519548797,3.752344755292674,455
3,B,399,False,5.7595036058871845,1.8192422827283095,1.8192621955963142,3.7893829007417494,443
3,B,95,False,6.284045447034799,1.5266881738706128,1.5267119025198557,3.9053786747773276,371
3,B,644,False,6.5979024628225105,1.7942955216188807,1.7943157113398363,4.196109087081173,79
3,B,152,False,6.41410013439997,1.8189484380833523,1.8189683541681745,4.116534244284072,126
3,B,361,False,6.277589107271091,1.8337828923975508,1.8338026473722133,4.055695877321653,219
3,B,312,False,6.695770460514639,1.6734030742742014,1.6734247225524546,4.184597591533547,86
3,B,516,False,5.950928055618755,1.83470941569701,1.8347291606955711,3.892828608157163,383
3,B,183,False,5.859499793077443,1.8272753608806294,1.8272951862085243,3.843397489642984,420
3,B,396,False,5.386576222685452,1.8050278806881306,1.80504795036611,3.595812086525781,503
3,B,801,False,6.366228604054491,1.8448806611690762,1.8449002973101445,4.1055644506823175,139
3,B,854,False,5.481930437456238,1.7579568795458682,1.7579774866027316,3.6199539620294847,498
3,B,45,False,6.122503401452155,1.795153763897518,1.7951739439661094,3.958838672709132,317
3,B,538,False,6.724165793934419,1.554974923258316,1.554998220263167,4.1395820070987925,108
3,B,62,False,6.590834126970325,0.6259615045337875,0.6260193752733331,3.608426751121829,501
3,B,370,False,6.355848196671206,1.828113278945203,1.828133095186232,4.091990645928719,165
3,B,556,False,6.3631740647082635,1.7948506183139434,1.7948708017908575,4.079022433249561,184
3,B,604,True,8.259251586869098,0.9057472195288173,0.9057872149371479,4.582519400903123,10
3,B,429,False,6.365707701719602,1.8545557019202505,1.8545752356225198,4.110141468671061,136
3,B,46,False,5.993379256276955,1.8223425474364423,1.8223624264280016,3.9078708413524783,368
3,B,761,False,5.80510079485985,1.8131431898395227,1.8131631696901551,3.8091319822750025,438
3,B,363,False,6.359307461961627,1.8338744647825442,1.8338942187707759,4.096600840366202,158
3,B,808,False,6.336162941623923,1.852103134749649,1.8521226943183025,4.094142817971113,161
3,B,326,False,6.298577485859667,1.7850923017791924,1.78511259558907,4.041845040724368,239
3,B,662,False,6.352122092604665,1.8575084117933562,1.8575279144450259,4.104825003524845,142
3,B,683,False,6.315710291691321,1.8394466022558427,1.839466296405013,4.077588294048167,188
3,B,173,False,5.310851772277971,1.4428535570033483,1.4428786643431337,3.3768652183105523,532
3,B,809,False,6.331176998719927,1.8514679005119588,1.8514874667913828,4.091332232755655,167
3,B,8,False,6.155332635695071,1.8456261083064869,1.8456457365166152,4.000489186105844,283
3,B,242,False,6.267252526077236,1.8423537632059857,1.8423734262789042,4.05481297617807,221
3,B,568,False,6.26875759621868,1.8499211378450513,1.8499407204841296,4.059349158351405,212
3,B,120,False,6.4590815365084575,1.795732911611637,1.7957530851719616,4.12741731084021,115
3,B,435,False,5.6952099850637286,1.8193006439010935,1.819320556130322,3.757265270597025,452
3,B,721,False,5.3778830107698505,1.7454123562096728,1.7454331113705883,3.5616580610702195,516
3,B,230,False,6.310197402181896,1.8396593740044862,1.8396790658758906,4.0749382340288935,193
3,B,443,False,5.676328088759254,1.7903436421063252,1.7903638763921574,3.7333459825757056,462
3,B,164,False,6.1737483990735225,0.9774305355992264,0.9774675979188271,3.575607998496175,508
3,B,436,False,5.860750882908405,1.8384504649431033,1.838470169763144,3.8496105263357747,416
3,B,797,False,6.389068830508625,1.8363242782119158,1.8363440058469234,4.112706418177774,132
3,B,104,False,6.861190381199161,1.2344848178851429,1.2345141630002978,4.047852272099729,231
3,B,723,False,6.209280059640698,1.6322668851656403,1.6322890790138103,3.920784569327254,354
3,B,717,False,6.360184287769643,1.8567757151810178,1.8567952255284887,4.108489756649066,137
3,B,158,False,4.299325974795684,1.6014303952748061,1.601453016472676,2.95038949563418,548
3,B,235,False,5.841188366823588,1.8083923016663899,1.8084123340061786,3.8248003504148835,429
3,B,548,False,5.9484715688806755,1.8295732978111838,1.8295930982388138,3.8890323335597445,390
3,B,472,False,6.029281033850646,1.8269357485872233,1.8269555776004434,3.928118305725545,348
3,B,818,False,5.928140243835285,1.7882949253221152,1.7883151827886048,3.858227713311945,412
3,B,624,True,8.109995912974716,1.653336731974347,1.6533586429915998,4.881677277983158,2
3,B,181,False,6.219401512572433,1.8482456981080464,1.8482652984986518,4.0338334055355425,251
3,B,352,False,6.743866950733178,1.1352532249927538,1.1352851350721809,3.9395760429026794,341
3,B,344,False,6.041343209437386,1.7383357536356483,1.7383565932878755,3.8898499013626306,389
3,B,246,False,6.263605989846063,1.8215141804364179,1.8215340684682146,4.0425700291571385,237
3,B,119,False,6.43829849056173,1.8414951029273634,1.8415147751687664,4.139906632865248,107
3,B,168,False,6.212611037450872,0.7681513275839434,0.7681984868042804,3.490404762127576,525
3,B,518,False,5.899592515252019,1.832047733963687,1.8320675076483648,3.865830011450192,403
3,B,552,False,6.062310145349277,1.8143265935594273,1.8143465603782445,3.9383283528637607,344
3,B,52,False,5.671113869847759,1.6900016653541465,1.6900231010134743,3.6805684854306167,479
3,B,204,False,6.577028036691552,1.7221362126600306,1.7221572483412906,4.149592642516422,101
3,B,576,False,6.320205977846626,1.847348310541387,1.8473679204531859,4.083786949149906,180
3,B,89,False,6.897148420547995,0.8100032318545588,0.8100479545522237,3.8535981875501095,414
3,B,392,False,6.285272876434289,1.798801856457971,1.7988219956004692,4.042047436017379,238
3,B,385,True,8.263513921494987,0.9014279947875463,0.9014681818267952,4.582491051660891,11
3,B,590,False,6.307351425912692,1.8365204043327503,1.8365401298610222,4.0719457778868575,197
3,B,323,False,5.331784436461757,1.6592943727207214,1.6593162050682395,3.4955503207649983,524
3,B,68,False,5.241960888864208,1.7243158690213625,1.724336878112368,3.4831488834882878,527
3,B,201,False,6.1943632733361795,1.2935640108140107,1.2935920157192689,3.743977644527724,459
3,B,537,False,6.734084622841269,1.6201443105415,1.6201666704507298,4.177125646645999,88
3,B,309,False,6.138316676271131,1.8510391347035697,1.8510587055151846,3.9946876908931577,285
3,B,272,False,6.034860673801002,1.825660657598967,1.8256805004611578,3.93027058713108,347
3,B,383,False,6.573400743945365,1.7786721000373196,1.7786924670978341,4.1760466055215995,91
3,B,829,False,6.064913555234043,1.8344720182652963,1.834491765819013,3.949702660526528,327
3,B,83,False,6.251106298379447,1.6597845797750543,1.6598064056746091,3.9554563520270283,319
3,B,618,False,6.577528467242409,1.8168400546267762,1.81685999382331,4.19719423053286,78
3,B,145,False,6.134453396547936,1.7290482872217514,1.7290692388114142,3.9317613176796753,346
3,B,387,True,8.125231085798605,1.647492680078704,1.6475146688185578,4.886372877308581,1
3,B,153,False,6.409525011675285,1.7989471214366846,1.7989672589529653,4.104246135314125,143
3,B,138,False,6.104748938768177,1.8021782971840887,1.8021983985956578,3.953473668681917,321
3,B,316,False,5.095834475048829,1.5757759680501384,1.5757989575271847,3.3358167162880066,534
3,B,773,False,5.685375610286975,1.714983223556809,1.715004346974291,3.7001899786306334,473
3,B,67,False,6.082941336740771,1.809123956005548,1.8091439802438543,3.9460426584923125,332
3,B,641,False,6.348523022071299,1.8522318721380477,1.8522514303472486,4.100387226209274,149
3,B,73,False,6.153663814844231,1.8476762751528413,1.8476958815838955,4.000679848214063,282
3,B,227,True,7.685369810873963,1.3287360254152458,1.3287632890382381,4.5070665499561,20
3,B,295,False,6.338822211929565,1.0956242601663677,1.0956573244059988,3.717239768167782,467
3,B,85,False,6.586732503210808,1.2910080345233863,1.2910360948723891,3.9388842990415984,343
3,B,549,False,5.999588229118215,1.8273913079655533,1.8274111320355544,3.913499680576885,360
3,B,625,False,6.9097484578545005,1.7363726053018187,1.7363934685151394,4.32307096318482,51
3,B,696,False,4.427711930991597,0.2486269223928648,0.24877258610618436,2.338242258548891,560
3,B,286,False,6.247314938190171,1.8476817507342744,1.8477013571072258,4.047508147648698,233
3,B,701,False,6.59494194093949,1.849102003339144,1.8491215946530524,4.222031767796271,69
3,B,170,False,6.075746032873744,1.2645326661266012,1.2645613139585845,3.6701536734161646,484
3,B,542,False,6.730509043588629,1.4661537804303277,1.466178488769206,4.0983437661789175,154
3,B,609,False,5.975700729100298,1.7917320802600365,1.7917522988662158,3.883726513983257,393
3,B,178,False,6.758179563266682,1.7736421209776243,1.7736625457976545,4.265921054532169,62
3,B,603,False,6.337714457227187,1.856293648187741,1.8563131636018648,4.097013810414526,156
3,B,332,False,6.832188749913169,1.2476078862121445,1.247636922665463,4.039912836289316,241
3,B,300,False,6.305101326913803,1.8427386059950757,1.8427582649615457,4.073929795937675,195
3,B,654,False,6.2407499313108925,1.772674964893706,1.7726954008572122,4.006722666084053,277
3,B,50,False,5.2949684167888424,1.646384787678465,1.6464067912148792,3.470687604001861,528
3,B,788,True,8.048740295403299,1.5044584346692695,1.5044825139252764,4.776611404664288,6
3,B,536,False,6.739210025633032,0.927071179996761,0.9271102554928395,3.8331601405629354,425
3,B,48,False,5.071868334725576,1.5616660536486637,1.5616892508364146,3.3167787927809957,536
3,B,850,False,6.002593736528697,1.7810049629905291,1.781025303373399,3.891809519951048,386
3,B,725,False,6.034258215753632,1.7810916146039888,1.781111953997293,3.9076850848754625,370
3,B,238,False,5.049627532407327,1.5549633241597598,1.55498662133839,3.3023070768728586,538
3,B,124,False,6.364743629354879,1.7700802953729424,1.770100761292129,4.067422195323504,201
3,B,180,False,6.219401512572433,1.8482456981080464,1.8482652984986518,4.0338334055355425,252
3,B,236,False,6.100037876446429,1.8260467425752915,1.826066581242109,3.963052228844269,314
3,B,391,False,6.251127144809926,1.7907040071254958,1.7907242373393841,4.020925691074655,266
3,B,628,False,4.537536068134356,1.730788734263957,1.730809664785369,3.1341728664598625,545
3,B,278,False,5.433469048598058,1.8055308402429917,1.8055509043303029,3.6195099764641805,499
3,B,682,False,5.366088128726228,1.801103148449629,1.8011232618603805,3.583605695293304,506
3,B,838,False,5.646634056442222,1.7728448571250506,1.7728652911301954,3.7097496737862086,471
3,B,690,False,5.447355308968735,1.8033763072540352,1.8033963953120822,3.6253758521404085,495
3,B,796,False,6.383281057303265,1.8371576208880165,1.837177339574579,4.110229198438922,135
3,B,747,False,4.629377989052161,1.1935150362720428,1.1935453886915517,2.9114616888718565,550
3,B,617,True,7.334430791727342,1.5810092807995308,1.5810321941800112,4.457731492953677,28
3,B,559,False,7.029587145322097,1.7389138965527755,1.738934729276452,4.384260937299274,41
3,B,824,False,6.305376498599488,1.8481747164922053,1.8481943176355822,4.076785408117535,190
3,B,640,False,6.3335932833945865,1.8515511219282124,1.8515706873282027,4.092581985361394,163
3,B,802,False,6.40637567617928,1.8410673298024136,1.8410870066146252,4.123731341396953,120
3,B,598,False,6.084645719798309,1.8077370267738173,1.8077570663749187,3.9462013930866138,331
3,B,671,False,6.09072549762357,1.797461757673706,1.7974819118307865,3.944103704727178,333
3,B,94,False,6.254074095659945,1.6693401529998368,1.6693618539660386,3.961717974812992,316
3,B,84,False,6.284718969658597,1.507794485447481,1.5078185114280978,3.896268740543347,380
3,B,745,False,4.085809589097789,0.39991777179582916,0.4000083464848605,2.2429089677913243,562
3,B,131,False,5.9720793009578825,1.8151880369305908,1.8152079942737536,3.893643647615818,382
3,B,243,False,6.316922208912157,1.8543781357312341,1.8543976713039354,4.085659940108046,176
3,B,853,False,5.656116920307442,1.774748561581631,1.7747689736682573,3.7154429469878494,468
3,B,718,False,6.3403300475558275,1.8569943016864985,1.8570138097374336,4.09867192864663,152
3,B,564,False,6.3227011295763225,1.8201572162890394,1.8201771191476055,4.071439124361964,198
3,B,200,False,6.255233687370971,1.8150463917994129,1.8150663507000173,4.035150019035495,249
3,B,369,False,5.869838195966021,1.6600633718024889,1.6600851940366372,3.764961695001329,449
3,B,470,False,6.350831240404104,0.8945679274388817,0.8946084226418325,3.6227198315229683,496
3,B,393,False,6.229269213008898,1.8387296942040596,1.8387493960317611,4.03400930452033,250
3,B,815,False,6.7507978563159226,1.771689846127145,1.771710293453599,4.261254074884761,64
3,B,244,False,6.000830607171597,1.797170227491972,1.7971903849183475,3.8990104960449723,376
3,B,389,False,6.188377080654609,1.795391027232883,1.7954112046346815,3.9918941426446453,291
3,B,11,True,7.4214926313005485,1.520308838644755,1.5203326668597157,4.470912649080132,26
3,B,143,False,6.2787755851149845,1.5648651526415835,1.5648883024073565,3.9218319437611706,352
3,B,319,False,4.9866972403736085,1.4950947582810283,1.4951189883413354,3.240908114357472,541
3,B,845,False,6.650145276480495,1.7765653869209974,1.7765857781332046,4.213365527306849,72
3,B,137,False,6.570726947922997,1.783214508260426,1.7832348234402233,4.17698088568161,89
3,B,489,False,6.479930861983461,1.848167309093807,1.8481869103157438,4.164058886149602,98
3,B,515,False,5.683015759548468,1.690686428753208,1.690707855730755,3.6868618076396116,476
3,B,366,False,6.385947380514959,1.8443732067180962,1.8443928482617264,4.115170114388342,127
3,B,59,False,6.279690603814148,1.8326280092225546,1.8326477766462477,4.0561691902301975,217
3,B,355,False,6.772785472565346,1.2724769965399434,1.2725054655217503,4.022645469043548,265
3,B,161,False,6.146293419092732,1.0669997915565772,1.0670337427847305,3.606663580938731,502
3,B,141,False,6.388624702611516,1.8543509214041094,1.8543704572635105,4.121497579937513,123
3,B,799,False,6.413881320961392,1.8422337668354718,1.8422534311891572,4.128067376075275,112
3,B,798,False,6.429606099370392,1.8344624305840322,1.834482178240957,4.132044138805674,111
3,B,337,False,6.083455407614115,1.7512289821685203,1.751249668392946,3.9173525380035303,355
3,B,543,False,6.683570319369876,1.402101651231322,1.402127488299481,4.042848903834678,236
3,B,752,False,6.301390711723804,1.8471269604420595,1.8471465727037832,4.074268642213793,194
3,B,674,False,4.638443191612381,0.26569942212255665,0.26583573118689635,2.4521394613996383,557
3,B,645,False,6.6252623022344395,1.7897939082249428,1.7898141487256507,4.207538225480045,73
3,B,122,False,5.893085762884179,1.7136311953360097,1.7136523354193327,3.803369049151756,439
3,B,72,False,6.269138966686297,1.8566953437244762,1.8567148549164898,4.0629269108013935,209
3,B,455,False,6.14023033026384,1.8333050438917937,1.8333248040155086,3.9867775671396743,295
3,B,289,False,6.257912591040533,1.850821694440851,1.8508412675516812,4.054376929296107,222
3,B,505,False,6.164115394563245,1.2284407865991551,1.2284702760912707,3.6962928353272577,474
3,B,350,False,6.731775973862343,1.6032197043353944,1.6032423002867284,4.167509137074536,97
3,B,655,False,5.950535056216761,1.8292776446765762,1.8292974483043738,3.8899162522605675,388
3,B,733,False,5.936084889252804,1.8151948868489785,1.8152148441168297,3.875649866684817,396
3,B,294,False,6.418165885361184,1.729667379028434,1.7296883231190825,4.073927104240133,196
3,B,112,True,8.46313842407827,0.4855112596830309,0.48558586917085506,4.474362146624562,25
3,B,727,False,5.994107438841138,1.8231668969817705,1.8231867669850912,3.9086471029131147,367
3,B,820,False,5.521670809641666,1.756090393570534,1.7561110225296475,3.6388909160856566,494
3,B,665,False,6.324372569531167,1.856536019847284,1.856555532713688,4.090464051122428,169
3,B,325,False,6.681729735536881,1.5844610105494394,1.58448387401411,4.133106804775496,110
3,B,427,False,7.093321157132262,1.7481734238052746,1.7481941461858483,4.420757651659056,31
3,B,834,False,6.145177495144908,1.8300156278883173,1.8300354235300702,3.987606459337489,293
3,B,607,False,6.8461467383556425,1.7996227972880485,1.7996429272436996,4.322894832799671,52
3,B,354,False,6.657375119695372,1.1238906386903962,1.1239228713729952,3.8906489955341836,387
3,B,444,False,5.668119536042841,1.7921144836332863,1.7921346979252457,3.7301271169840433,464
3,B,661,False,6.368591237974204,1.8574698427609895,1.8574893458176136,4.113040291895909,131
3,B,425,False,6.009911870948779,1.7864887211199842,1.786508999067267,3.8982104350080227,377
3,B,651,False,5.912121628054549,1.8274937585745,1.8275135815331616,3.8698176047938553,402
4,B,447,False,6.614242697275704,1.7726016214523905,1.7726191126406783,4.193430904958191,54
4,B,446,False,6.351683442593119,1.8443851374065523,1.844401947843682,4.098042695218401,123
4,B,333,False,6.413700610966912,1.8023314314140253,1.8023486340845134,4.108024622525713,110
4,B,659,False,6.04528315934437,1.7241849683537838,1.7242029507052006,3.8847430550247855,324
4,B,630,False,5.085673700830302,1.7577905988667815,1.757808237433145,3.4217409691317235,492
4,B,592,False,6.428475105050841,1.8238434220390036,1.8238604218081833,4.126167763429512,89
4,B,4,False,6.174457903712763,1.8391964383177586,1.8392132961796765,4.0068355999462195,235
4,B,791,False,5.741095923027995,1.7734727928367153,1.7734902754330064,3.757293099230501,411
4,B,743,False,4.048728811399721,0.10456482877404578,0.10486092475239261,2.076794868076057,536
4,B,71,False,6.220803472775817,1.8031489385848485,1.803166133456107,4.011984803115962,227
4,B,234,False,5.751792510457765,1.7743581275051452,1.7743756013783967,3.763084055918081,408
4,B,643,False,6.555809752770529,1.7789333015897628,1.7789507305230339,4.167380241646781,69
4,B,299,False,6.318262857819406,1.8184319750316476,1.8184490253897359,4.068355941604571,173
4,B,611,True,6.984777428258342,1.8210786484048629,1.8210956739829633,4.402936551120653,18
4,B,462,False,6.114865128371999,1.7815960452427986,1.781613448127332,3.9482392882496655,276
4,B,215,False,5.978421036541178,1.7852951862843576,1.7853125531103735,3.881866794825776,327
4,B,349,False,6.836035449379478,1.5516925740671363,1.5517125553846876,4.193874002382083,53
4,B,677,False,5.978730621831311,1.7971727833612723,1.7971900354102466,3.887960328620779,320
4,B,782,False,5.780282407304994,1.5840944715770697,1.584114044191395,3.6821982257481944,438
4,B,632,False,6.86882344829199,1.1247660358340528,1.1247936012839117,3.996808524787951,243
4,B,694,False,6.44384418776145,1.829717423404655,1.829734368599429,4.13678927818044,80
4,B,491,False,6.392814617867039,1.8130778867046569,1.8130949874126303,4.102954802639834,116
4,B,162,False,6.159216839813215,0.9486622869116202,0.9486949692771469,3.553955904545181,480
4,B,199,False,5.831502412656978,1.7707382591057272,1.7707557686999535,3.801129090678466,389
4,B,585,False,6.165667352887223,1.8223191433883663,1.8223361573768684,3.9940017551320457,246
4,B,580,False,6.296349281040518,1.764688643546187,1.7647062131653142,4.030527747102916,212
4,B,87,False,6.961329321423979,0.8202992843848725,0.820337080769677,3.890833201096828,318
4,B,475,False,3.2204665299074247,1.090112306392212,1.0901407481014225,2.1553036390044236,534
4,B,521,False,5.7756506725715475,1.815832005475565,1.815849080246702,3.7957498764091246,392
4,B,800,False,6.4473585708301115,1.8241230118876772,1.824140009051266,4.135749289940689,82
4,B,258,False,7.013018594856273,0.6458831740454842,0.6459311763945527,3.829474885625413,368
4,B,746,False,4.387428864910369,0.9943115033736865,0.99434268532766,2.6908857751190145,522
4,B,615,True,8.644065787029305,1.250404801057653,1.2504295968311891,4.947247691930247,2
4,B,125,False,5.840588014471294,1.791686313909576,1.7917036187869535,3.8161458166291236,379
4,B,610,False,6.050780604811443,1.7672928093788949,1.76731035310885,3.9090454789601465,309
4,B,210,False,6.465198187569019,1.7899439401041635,1.7899612618263554,4.1275797246976875,87
4,B,768,False,6.501912448207629,1.7657810593232053,1.765798618072843,4.1338555331402365,84
4,B,193,False,6.1867685009052416,1.8317040697054143,1.8317209965217844,4.009244748713513,232
4,B,560,False,6.3048431561218,1.529793846009311,1.5298141133521226,3.917328634736961,305
4,B,822,False,5.107962743181597,1.0720741295706246,1.0721030498128405,3.0900328964972186,509
4,B,245,False,4.175907249009288,0.8050206071614723,0.8050591208588391,2.490483184934064,527
4,B,280,False,6.324410696947485,1.8412608969258746,1.8412777358865928,4.082844216417039,149
4,B,25,False,6.018851108038366,1.8289669287256725,1.8289838808736398,3.923917494456003,298
4,B,504,False,6.1463974717184895,1.219909578705569,1.2199349943095246,3.683166233014007,437
4,B,23,False,5.350169044178491,1.7028298332738163,1.7028480411389368,3.526508542658714,485
4,B,620,False,6.179328437224653,1.7891309352938465,1.7891482648871824,3.9842383510559176,252
4,B,203,True,7.201512699823169,1.697499892235524,1.6975181572704892,4.449515428546829,15
4,B,658,False,5.911270807698781,1.720897373719518,1.7209153904239787,3.81609309906138,380
4,B,578,False,6.261587694767514,1.7607437832285495,1.7607613922111556,4.011174543489335,228
4,B,44,False,6.289811459946104,1.839473841218195,1.8394906965378768,4.06465107824199,182
4,B,343,False,6.178951708999452,1.718796094750164,1.718814133480347,3.9488829212398993,274
4,B,14,False,6.337778746659345,1.8414506205461683,1.8414674577719936,4.089623102215669,139
4,B,121,False,6.372035790856524,1.8074374679058236,1.8074546219789853,4.089745206417755,138
4,B,390,False,6.363078562816029,1.778864407311098,1.7788818369193737,4.0709801998677015,169
4,B,496,False,6.368549478049952,1.4318681246722849,1.4318897780820656,3.900219628066009,314
4,B,547,False,6.714994334572638,0.9951897540895583,0.9952209085264523,3.855107621549545,352
4,B,267,False,6.2149801734052925,1.8359816856362137,1.835998573015506,4.025489373210399,217
4,B,189,False,6.2425436369512095,1.8083725772991526,1.8083897225020278,4.025466679726619,218
4,B,664,False,5.801613845471117,1.8159012528847378,1.8159183270047532,3.808766086237935,385
4,B,397,False,6.169224969554463,1.8238749941796122,1.8238919936545206,3.9965584816044917,244
4,B,195,False,6.228602648909647,1.8305214438239659,1.8305383815759662,4.029570515242806,214
4,B,187,False,6.581485018085381,1.4001615955107338,1.4001837392522973,3.990834378668839,248
4,B,499,False,6.304928206570666,1.0202721971013935,1.020302585658532,3.6626153961145986,445
4,B,231,False,6.3157195218435636,1.8226647452123854,1.8226817559748358,4.0692006389092,172
4,B,857,True,8.269511809971148,0.43746386104532514,0.43753472987188685,4.353523269921517,24
4,B,795,False,6.414211610440493,1.8273906293279967,1.827407596098679,4.120809603269586,96
4,B,380,False,5.745081855234604,1.799642534901592,1.799659763274828,3.772370809254716,403
4,B,492,False,5.7826092532388085,1.7485302554236464,1.7485479874041958,3.7655786203215023,407
4,B,26,False,5.854661965319401,1.782689621839858,1.7827070140488361,3.8186844896841188,377
4,B,500,False,6.3449367372498555,0.8451440158725618,0.8451807012045309,3.5950587192271932,465
4,B,577,False,6.30482941430648,1.8364574566443186,1.836474339648638,4.070651876977559,170
4,B,415,True,7.35522950087287,1.391150594443358,1.391172881615901,4.3732011912443856,22
4,B,439,True,7.291753810476644,1.7991853264564042,1.7992025592076673,4.545478184842156,9
4,B,103,False,6.36503027491406,1.616010390438604,1.6160295765019004,3.9905299257079805,249
4,B,729,False,6.001778836194285,1.8325089029406527,1.8325258223228769,3.917152329258581,306
4,B,606,False,6.346353815645818,1.844109742036088,1.844126554983629,4.095240185314724,128
4,B,468,False,6.304206113537387,1.0555930910928297,1.0556224628560613,3.6799142881967244,439
4,B,285,False,6.230949449331694,1.8370055121859732,1.8370223901534328,4.033985919742563,210
4,B,833,False,6.089895005615952,1.7807067319086995,1.7807241434844259,3.935309574550189,285
4,B,485,False,6.698395291525648,1.7866264914162568,1.7866438453015043,4.242519568413576,41
4,B,754,False,6.423162964248183,1.8289186680105862,1.8289356206058753,4.126049292427029,90
4,B,302,False,6.3500805304741945,1.8409416105330467,1.840958452414228,4.095519491444211,127
4,B,493,False,5.705189252273606,1.7424025250730786,1.7424203194133216,3.723804785843464,423
4,B,572,False,6.288639576465831,1.8301145744346787,1.8301315159522298,4.059385546209031,184
4,B,488,True,8.21438404712436,1.051834204363453,1.051863681088134,4.633123864106247,6
4,B,479,False,5.8681867259936755,1.7440684390220176,1.7440862163654864,3.806136471179581,387
4,B,327,False,6.734641111777017,1.7721731100523705,1.7721906054699854,4.253415858623502,37
4,B,372,False,6.747620761190666,1.8005449195137646,1.8005621392526865,4.274091450221676,33
4,B,653,False,6.238284169419017,1.731512705257853,1.7315306115090052,3.984907390464011,251
4,B,395,False,5.3896474845497675,1.7631322493543728,1.763149834482819,3.5763986595162933,472
4,B,507,False,6.272204967740122,0.9056936099607884,0.9057278428132737,3.588966405276698,467
4,B,481,False,5.379488248323172,1.7402916967558832,1.7403095126789525,3.5598988805010623,479
4,B,669,False,4.959421431151519,1.7448674652455451,1.7448852344483277,3.352153332799923,496
4,B,451,False,6.234994532482321,1.834563608226395,1.8345805086591405,4.034787520570731,207
4,B,769,False,6.5438277331010966,1.7681980760434104,1.7682156107915685,4.156021671946332,72
4,B,154,False,6.5838367846299075,1.7752261973531671,1.775243662681934,4.179540223655921,59
4,B,334,False,5.82495644223184,1.8033004210499486,1.8033176144768017,3.814137028354321,382
4,B,811,False,6.324041130046027,1.840387400132878,1.8404042470857416,4.082222688565884,152
4,B,736,False,5.481829026096494,1.7861208696404234,1.786138228438226,3.63398362726736,455
4,B,293,False,7.291308800679082,0.3759536985159674,0.3760361598985081,3.833672480288795,364
4,B,320,True,8.486925701716071,1.3392052551353935,1.3392284067722116,4.913077054244141,3
4,B,284,False,6.204757620228469,1.8289578599493592,1.828974812181382,4.016866216204925,225
4,B,581,False,6.255695698244864,1.7943621744887934,1.7943794535603477,4.025037575902606,219
4,B,186,False,6.374321481929703,1.7905459442635543,1.790563260162021,4.082442371045862,151
4,B,81,False,7.128571790717681,0.574601089293414,0.5746550460411527,3.851613418379417,354
4,B,207,True,7.234099462954344,1.6800981467453784,1.6801166009597774,4.457108031957061,12
4,B,329,False,6.3680030767953095,1.7840166911747952,1.7840340704464268,4.0760185736208685,162
4,B,463,False,6.303184207588301,1.8311578335502827,1.8311747654158919,4.067179486502097,177
4,B,60,False,5.643575131143661,1.7765513171186988,1.7765687694203018,3.7100719502819812,428
4,B,502,False,5.837761775883151,1.8063634735666754,1.8063806378388931,3.822071206861022,374
4,B,292,False,6.176648525876281,1.7782563123603592,1.778273747928829,3.977461136902555,257
4,B,171,False,6.187044696170478,0.7540143253593867,0.7540554442284417,3.47055007019946,489
4,B,634,False,6.237537428748324,1.836133611812791,1.8361504977947931,4.036843963271559,204
4,B,155,False,5.521729332175785,1.7896710406037912,1.789688364967275,3.65570884857153,446
4,B,570,False,6.226059279751492,1.7812893209948593,1.7813067268760054,4.003683003313749,238
4,B,619,False,6.436577722483145,1.7834812579796113,1.7834986424687624,4.110038182475954,108
4,B,191,False,6.242193581825479,1.8100202029817523,1.8100373325778354,4.026115457201657,216
4,B,589,False,6.3067199093980015,1.8253094525501192,1.8253264386657522,4.066023174031876,181
4,B,129,False,6.375735238330382,1.8040483712271662,1.8040655575257716,4.089900397928076,137
4,B,265,True,6.928173398274854,1.656410791666846,1.6564295097811343,4.292301454027994,30
4,B,685,False,5.629069727468684,1.7473729574744312,1.7473907011988823,3.688230214333783,435
4,B,22,False,6.347336101340489,1.8440198138825838,1.8440366276500422,4.095686364495266,126
4,B,367,False,6.4107160830489684,1.8279592104403766,1.827976171933646,4.1193461274913075,97
4,B,735,True,7.2515438918146105,1.4678836428494668,1.4679047649859314,4.3597243284002705,23
4,B,313,False,6.684568193157039,1.673887035330922,1.6739055580206206,4.17923687558883,60
4,B,554,False,6.202284546681332,1.7594369641088534,1.7594545861703734,3.9808695664258527,255
4,B,573,False,6.3064397025140755,1.8334975755826146,1.8335144858415235,4.0699770941777995,171
4,B,105,False,6.534471511176283,0.8749756420860988,0.8750110767112393,3.704741293943761,430
4,B,317,False,4.8444327278571375,1.417815821908366,1.4178376899268397,3.1311352088919886,504
4,B,90,False,6.752051690408125,1.0328866400559138,1.0329166574943869,3.892484173951256,317
4,B,566,False,6.37126389224571,1.842582028733977,1.8425988556212662,4.106931373933488,112
4,B,133,False,6.2288695843840935,0.8566482764489666,0.8566844691403985,3.542777026762246,482
4,B,593,False,6.294222639535052,1.8233238299833434,1.823340834596897,4.058781737065974,186
4,B,666,False,6.336990995368401,1.843734660811843,1.8437514771797046,4.090371236274053,135
4,B,841,False,5.797007831839521,1.8035891127897907,1.803606303464602,3.8003070676520614,390
4,B,626,False,6.329881909865008,1.8438802181688423,1.8438970332092188,4.086889471537114,144
4,B,442,False,4.927627527004357,1.752398433155441,1.7524161259954858,3.340021826499921,498
4,B,357,False,6.555384006456367,1.2960320420303588,1.2960559648768117,3.925719985666589,297
4,B,279,False,5.913140189007226,1.7867176594194123,1.7867350124191792,3.8499376007132025,355
4,B,837,False,6.156881000149509,1.79677211949435,1.796789375390338,3.9768351877699235,258
4,B,565,False,6.551921005727937,1.0728354958764987,1.072864395595247,3.8123927006615923,383
4,B,237,False,6.074136842117711,1.7783429893856721,1.778360424104335,3.926248633111023,296
4,B,433,False,7.179397911385534,0.6982280935523195,0.6982724974886868,3.9388352044371104,281
4,B,149,False,5.929396554952818,1.8308417823113834,1.830858717099849,3.8801276360263333,328
4,B,58,False,4.8349062900839845,0.17928400657970284,0.17945686149783285,2.507181575790909,526
4,B,135,False,6.270020623838614,1.4685694721897455,1.4685905844622078,3.8693056041504112,335
4,B,494,False,5.7368382739220065,1.746137941601852,1.7461556978760324,3.7414969858990195,415
4,B,744,False,4.046995094140548,0.2284499147802954,0.2285855937860163,2.137790343963282,535
4,B,567,False,6.059037749339037,1.8071964775589542,1.8072136339195966,3.933125691629317,287
4,B,432,False,6.133313008889733,1.8192011657971854,1.819218208946145,3.976265608917939,259
4,B,374,False,6.565855029525197,1.7370189722897198,1.737036821779497,4.1514459256523475,73
4,B,1,False,5.377584173364808,1.7806770534761207,1.780694465342042,3.579139319353425,471
4,B,601,False,6.479996421792065,1.6172829926995684,1.617302163665978,4.048649292729022,194
4,B,82,False,6.965349224155275,0.791822120875178,0.7918612765065902,3.8786052503309323,329
4,B,762,True,7.810040381351385,0.847093137398146,0.8471297383225403,4.328585059836962,25
4,B,353,False,6.620759581471769,1.1837091755062032,1.1837353683577074,3.9022474749147382,313
4,B,596,False,6.401525559214644,1.8416216416414735,1.8416384773037342,4.121582018259189,94
4,B,844,False,6.554428598148405,1.7939712249736146,1.7939885078106583,4.174208552979532,62
4,B,739,False,5.963041116392283,1.8060511977980132,1.8060683650379958,3.8845547407151395,325
4,B,860,False,6.885968428309164,1.1330558974563365,1.1330832612319208,4.009525844770542,231
4,B,217,True,8.278646725083746,0.3252657499759321,0.3253610582580328,4.302003891670889,28
4,B,241,False,4.673334279184934,1.281968219676849,1.2819924049637779,2.977663342074356,516
4,B,18,False,5.480614543397062,1.7823085152937734,1.7823259112216476,3.6314702273093546,457
4,B,506,False,6.207833200719177,1.1491597009035839,1.1491866812246807,3.678509940971929,440
4,B,273,False,6.28747348402812,1.7368799580915022,1.7368978090098794,4.012185646519,226
4,B,533,False,6.250242063289981,1.840487128212012,1.8405039742520202,4.045373018771,198
4,B,3,False,6.488010184282392,1.7631623593669545,1.7631799441950975,4.125595064238745,91
4,B,668,False,4.962654327044055,1.734141737090885,1.7341596161956874,3.348406971619871,497
4,B,691,False,6.760614260432191,1.748086305405351,1.7481040418891296,4.25435915116066,36
4,B,584,False,5.2898208114771545,1.7632788917770388,1.763296475443039,3.526558643460097,484
4,B,574,False,6.263397304894536,1.8275540359019666,1.827571001155618,4.045484153025077,197
4,B,197,False,6.510458350376847,1.8290977552633956,1.8291147061988686,4.169786528287858,65
4,B,259,False,7.0389789900482915,0.7154577309515737,0.7155010656188822,3.877240027833587,330
4,B,629,False,6.366185308092786,1.7461639540293539,1.7461817100390238,4.056183509065905,191
4,B,458,False,1.9951579580346248,0.4118556411623553,0.4119309156650374,1.2035444368498311,541
4,B,190,False,6.2275242673144495,1.8082747414070197,1.8082918875375196,4.017908077425984,224
4,B,430,False,6.351215027762262,1.8377719626873095,1.8377888336158068,4.0945019306890345,130
4,B,828,False,6.213655275828174,1.8337330292297922,1.8337499373174226,4.023702606572798,221
4,B,13,False,6.218529030601394,1.7099874782870192,1.7100056099386869,3.9642673202700403,269
4,B,93,False,6.9304115324193925,0.9253927997932538,0.9254263039446083,3.9279189181820002,294
4,B,118,False,6.418790551588101,1.8289450968744083,1.828962049224729,4.123876300406415,93
4,B,519,False,5.8441926176162875,1.820311295954331,1.820328328709499,3.832260473162893,365
4,B,482,False,5.517369205689167,1.7802745234599506,1.7802919392627534,3.64883057247596,449
4,B,96,False,6.944699539246326,0.8537682796169439,0.8538045943911625,3.899252066818744,315
4,B,831,False,5.91955490336799,1.8139520187128069,1.8139691111801348,3.8667620072740623,339
4,B,342,False,5.771531558313569,1.6816391926912024,1.6816576299944352,3.726594594154002,420
4,B,693,False,4.9881780242761735,1.489584126697206,1.489604941127566,3.2388914827018698,502
4,B,678,False,6.010919873945184,1.8287156696962295,1.8287326241733401,3.919826249059262,302
4,B,101,False,6.534066271656698,1.2407124921143982,1.240737481585892,3.887401876621295,322
4,B,358,False,6.305731874192784,1.5346320641541884,1.5346522676012069,3.920192070896995,301
4,B,348,True,6.977058505582539,1.6391665520919065,1.6391854671208657,4.308121986351702,27
4,B,520,False,5.806288048034261,1.8159221766153937,1.8159392505386767,3.811113649286469,384
4,B,605,False,6.3331598101805255,1.8442021570605145,1.844218969165548,4.0886893896730365,140
4,B,19,False,5.480614543397062,1.7823085152937734,1.7823259112216476,3.6314702273093546,458
4,B,150,False,6.514825183224744,1.820029880697701,1.8200469160864698,4.167436049655607,67
4,B,777,False,6.32714029248144,1.8058022461225356,1.8058194157292076,4.0664798541053235,179
4,B,247,False,6.343305769162626,1.771300860165829,1.7713183641987083,4.057312066680667,190
4,B,202,True,7.049365414371978,1.7265654131212198,1.7265833706803242,4.387974392526151,20
4,B,544,False,6.864491454705205,0.8056361337782241,0.8056746180515469,3.835083036378376,363
4,B,778,False,6.330795929046055,1.8409729718168,1.8409898134110796,4.085892871228568,147
4,B,676,False,6.113101789955577,1.8322940688214213,1.8323109901874028,3.97270639007149,260
4,B,741,False,5.089234417399723,1.758355607442117,1.7583732403407752,3.4238038288702493,491
4,B,335,False,5.663157562683143,1.7596411756613415,1.7596587956777898,3.7114081791804665,427
4,B,51,False,6.240147303773867,0.9013754388430703,0.9014098356868083,3.5707785697303374,475
4,B,667,False,5.669327595259599,1.7875543574261166,1.7875717023035687,3.728449648781584,419
4,B,177,False,5.090503505552361,0.4412040181352785,0.44127428629152704,2.765888895921944,519
4,B,98,False,7.1114368788105615,0.5391442209437041,0.5392017257950636,3.8253193023028125,371
4,B,331,False,7.29181006875033,0.2902651641684524,0.29037196085903344,3.7910910148046817,396
4,B,146,False,5.471975442291192,0.52243613356662,0.5224954772813069,2.9972354597862494,515
4,B,770,False,6.583849976791393,1.7678338784587977,1.767851416819314,4.1758506968053535,61
4,B,569,False,2.574411046791404,0.3146370676336507,0.3147355945114627,1.4445733206514335,538
4,B,522,False,5.862466136942722,1.7834878231107887,1.783505207535947,3.8229856722393345,373
4,B,553,True,8.094781647828928,1.5354415887005874,1.535461781495966,4.815121714662447,4
4,B,807,False,6.337049229078593,1.8391263744788022,1.8391432329829356,4.0880962310307645,141
4,B,263,False,6.025568976250024,1.7811073355862996,1.7811247432458819,3.903346859747953,312
4,B,175,False,5.009581948662241,0.2590199622253382,0.2591396360161777,2.6343607923392094,523
4,B,291,False,6.60464078699016,1.838611549814524,1.8386284130391184,4.221634600014639,47
4,B,139,False,4.234858075397025,0.8598390251906517,0.8598750835814419,2.5473665794892333,525
4,B,66,False,6.095734663101987,1.7851459438344155,1.7851633121123254,3.940448987607156,280
4,B,783,False,5.752738263110844,1.583259412451327,1.5832789953887163,3.66800862924978,443
4,B,486,False,6.671989734365209,1.7924876997147063,1.79250499685549,4.232247365610349,44
4,B,364,False,6.160855721757301,1.7745191106076812,1.774536582895731,3.967696152326516,265
4,B,297,False,6.334806973224232,1.8242761134173404,1.8242931091544632,4.079550041189348,158
4,B,749,False,4.415274931509566,1.0283962776874949,1.0284264261894853,2.7218506788495254,520
4,B,839,False,5.533271564359737,1.7351612507193634,1.7351791193192037,3.6342253418394703,454
4,B,318,False,4.080593117650736,0.5052735728601462,0.5053349320542158,2.2929640248524756,531
4,B,182,False,6.235491915266824,1.834795019798735,1.8348119180999511,4.035151916683388,206
4,B,79,False,7.032459864220676,0.8340705711881526,0.8341077435472666,3.9332838038839713,286
4,B,448,False,6.159449405952633,1.8206259502927131,1.8206429801041792,3.990046193028406,250
4,B,271,False,6.416253091945992,1.1360305408811606,1.1360578330076878,3.77615546247684,401
4,B,863,False,5.950907035053024,1.7793218579998915,1.779339283127186,3.865123159090105,341
4,B,687,False,6.086430155828944,1.8106951743669786,1.8107122975777363,3.9485712267033404,275
4,B,852,False,5.521206101704756,1.7476646668420062,1.7476824076048147,3.6344442546547855,453
4,B,450,False,6.602266830668112,1.839596729501104,1.839613583694831,4.220940207181472,48
4,B,117,False,5.842471887613055,1.8171152077207902,1.8171322704342554,3.829802079023655,367
4,B,239,False,4.802128582386113,1.398678862199582,1.3987010294152569,3.100414805900685,507
4,B,261,False,6.09430118341675,1.7231023845732674,1.723120378222445,3.9087107808195976,310
4,B,804,False,6.323319022834969,1.840330858964165,1.840347706434619,4.081833364634794,154
4,B,657,False,2.5166291553467914,0.22766709638428473,0.22780324163504043,1.372216198490916,539
4,B,679,False,6.1675214639082245,1.8329410382810847,1.8329579536744214,4.000239708791323,242
4,B,163,False,6.24556573811948,1.3604746086665689,1.3604973983620239,3.803031568240752,388
4,B,211,False,6.519593658591861,1.7178567519387218,1.7178748005325757,4.118734229562218,100
4,B,594,False,6.293074650765902,1.824099837298542,1.824116834678072,4.058595742721987,187
4,B,437,True,7.32041103802387,1.7966401753494603,1.7966574325126983,4.558534235268285,8
4,B,484,False,5.617553350271794,1.7852494366431302,1.7852668039141921,3.701410077092993,431
4,B,260,False,6.129475955052879,1.7291941234758628,1.7292120537362787,3.929344004394579,291
4,B,790,False,6.127788304639017,1.8106548966652494,1.8106720202569062,3.9692301624479613,262
4,B,457,False,6.262248647675117,1.8366204092118976,1.8366372907183006,4.049442969196709,193
4,B,517,False,5.645116569574122,1.806077033852774,1.8060942008471808,3.725605385210651,422
4,B,823,False,5.258916516973653,1.3387367889951236,1.338759948733288,3.2988382328534707,499
4,B,700,False,6.751211351180757,1.8303597597776515,1.8303766990258272,4.290794025103292,31
4,B,602,False,6.181619796839918,1.7823302228736815,1.782347618589687,3.9819837077148024,253
4,B,652,False,5.676871857820612,1.7890648809766054,1.7890822112097635,3.732977034515188,418
4,B,126,False,5.8422742541297765,1.7956007543972023,1.795618021550013,3.8189461378398946,376
4,B,209,False,6.330059068556656,1.8442671697472786,1.84428398125967,4.087171524908163,143
4,B,806,False,6.351374234401327,1.840891969500498,1.840908811835829,4.096141523118578,125
4,B,156,False,5.99535682470799,1.8304183186938003,1.830435257400059,3.9128960410540246,308
4,B,287,False,6.239484955436254,1.829213714747209,1.82923066460812,4.034357810022187,208
4,B,842,True,8.217506464650397,1.0403977304587597,1.0404275311943256,4.628966997922361,7
4,B,722,False,5.392443237054517,1.7296458033653188,1.729663728943473,3.561053482998995,477
4,B,214,False,5.95240471137739,1.7884287677758377,1.7884461041730004,3.8704254077751954,334
4,B,420,False,2.6449754412291346,0.518443185976247,0.5185029866920564,1.5817392139605955,537
4,B,445,False,6.351844553442948,1.844392436145376,1.8444092465159831,4.098126899979466,122
4,B,40,False,6.508134508428716,1.760727993657466,1.7607456027979815,4.134440055613349,83
4,B,509,False,6.443365434958198,1.7781101326878506,1.7781275696896968,4.110746502323948,107
4,B,558,True,7.18628644554476,1.71918666999165,1.7192047046237282,4.452745575084244,14
4,B,464,False,6.446825446408797,1.2916679703860627,1.2916919740575274,3.869258710233162,336
4,B,268,False,6.457491071686672,1.8389087189827102,1.8389255794822186,4.148208325584445,75
4,B,816,False,6.368103423681873,1.8443679774981914,1.8443847880917232,4.106244105886798,114
4,B,324,False,4.2225236710153595,0.7472526827050574,0.7472941736246086,2.484908922319984,528
4,B,613,True,6.986436210809591,1.8200693139833914,1.820086349003078,4.403261279906335,17
4,B,637,False,4.570851895353373,1.1340355821144812,1.1340629222512795,2.8524574088023265,517
4,B,639,False,6.321491642386477,1.8385683843935043,1.8385852480140057,4.080038445200241,157
4,B,635,False,6.284019433958675,1.8318252970601192,1.8318422227563091,4.057930828357492,189
4,B,315,False,6.733298186523159,1.6649343092975188,1.6649529315867724,4.199125559054965,51
4,B,428,False,5.777866978243887,1.7974144786435684,1.7974317283727113,3.787649353308299,398
4,B,136,False,6.274231178811369,1.4794773784029023,1.4794983350207953,3.876864756916082,331
4,B,497,False,6.24079618099133,1.1717680061870275,1.1717944659567663,3.7062953234740483,429
4,B,269,False,6.453863138348764,1.838418373455268,1.8384352384517912,4.146149188400278,76
4,B,144,True,6.960215532213711,1.6968937567858062,1.6969120283450254,4.328563780279368,26
4,B,362,False,4.493914187094042,1.7098089004236676,1.7098270339690425,3.101870610531542,506
4,B,819,False,5.943311929566778,1.7690605014881684,1.7690780276881377,3.8561949786274576,350
4,B,642,False,6.548565356147444,1.7862723077419687,1.7862896650681266,4.167427510607785,68
4,B,17,False,5.563797617377026,1.7067403556522345,1.7067585217995243,3.635278069588275,452
4,B,347,False,5.4861732896540705,1.754826750029926,1.75484441838699,3.6205088540205304,461
4,B,751,False,6.050089869709204,1.8077489683578274,1.8077661194751302,3.928927994592167,292
4,B,540,False,6.863013281788334,1.5854070138518654,1.5854265702624233,4.224219926025379,46
4,B,206,True,7.039429357836329,1.7512642991543896,1.7512820034523557,4.395355680644342,19
4,B,20,False,6.329101079218194,1.8175974777142914,1.817614535900485,4.07335780755934,165
4,B,712,False,6.499275155737008,1.8424409437174372,1.8424577718932345,4.170866463815122,63
4,B,321,True,8.777173403798615,1.1345542133953608,1.1345815410346438,4.9558774724166295,1
4,B,785,True,7.16996322007044,1.7404983677744763,1.740516181582061,4.455239700826251,13
4,B,459,False,2.266389117685601,0.411882512539659,0.41195778213230033,1.3391734499089507,540
4,B,116,False,6.3078656200711585,1.8370268485403456,1.8370437263117758,4.0724546731914675,166
4,B,550,False,5.885837917060826,1.7940265971851874,1.7940438794888056,3.8399408982748158,359
4,B,846,False,6.578385089445329,1.794465434032261,1.7944827121095295,4.18643390077743,55
4,B,490,False,6.317286944958361,1.824792614167916,1.8248096050945037,4.071048275026432,168
4,B,756,False,6.164637975316688,0.8431138252600298,0.8431505989252344,3.503894287120961,487
4,B,849,False,6.2881578523669335,1.771261392799502,1.7712788972224034,4.029718374794668,213
4,B,16,False,5.8840547257656794,1.752028610768156,1.7520463073428099,3.8180505165542447,378
4,B,438,True,7.206337176095406,1.8075314623549765,1.8075486155361082,4.506942895815757,10
4,B,99,False,6.903575418446016,0.8167162174118837,0.8167541796078895,3.8601647990269528,345
4,B,586,False,6.140462620005961,1.8031817211727146,1.8031989157313664,3.9718307678686635,261
4,B,703,False,6.6345693029235,1.8342512389644863,1.8342681422753149,4.234418722599408,42
4,B,508,False,6.126002104101026,1.5202255843344024,1.520245979237655,3.823124041669341,372
4,B,15,False,5.74710761484495,1.7755556012022657,1.7755730632908693,3.7613403390679094,410
4,B,471,False,6.282869569969018,1.204457707984961,1.2044834496363024,3.74367650980266,414
4,B,303,False,6.344746393751188,1.8389925351738468,1.8390093949049073,4.091877894328047,132
4,B,836,False,5.7841731924729585,1.7546070068344453,1.7546246774042342,3.7693989349385966,404
4,B,86,False,6.88203044076264,0.7497762293015978,0.7498175805815064,3.8159240106720733,381
4,B,123,False,6.314196969015593,1.743456861712889,1.7434746452923076,4.02883580715395,215
4,B,847,False,6.493201375176705,1.8086004200352859,1.808617563078274,4.150909469127489,74
4,B,780,False,6.946535073924562,1.0356888050864097,1.0357187413118953,3.991126907618229,247
4,B,698,False,5.4932226588942195,0.12378094084363021,0.12403117124140897,2.8086269150678143,518
4,B,689,False,6.58849039656225,1.8206154777175048,1.820632507626929,4.204561452094589,50
4,B,194,False,6.211630574130951,1.8336347871305412,1.8336516961240612,4.022641135127506,222
4,B,477,False,5.390669838991081,1.7855476156833496,1.785564980054178,3.5881174095226296,468
4,B,474,False,5.760812371055886,1.8156904762856712,1.8157075523877377,3.788259961721812,397
4,B,296,False,6.334806973224232,1.8242761134173404,1.8242931091544632,4.079550041189348,159
4,B,174,False,5.62002853953347,1.583289164404261,1.5833087469736673,3.6016686432535687,462
4,B,91,False,6.52186329214428,1.0944885009286862,1.0945168289197313,3.808190060532006,386
4,B,240,False,4.75417753554847,1.3679250077239964,1.3679476732975122,3.061062604422991,513
4,B,753,False,6.456413507537082,1.830915171911315,1.8309321060209802,4.143672806779032,77
4,B,454,False,5.897462656106171,1.816684832452015,1.8167018992076238,3.8570822776568976,347
4,B,417,False,6.212611379110804,1.8073805273901442,1.8073976820037303,4.010004530557267,230
4,B,814,False,6.217905623172568,1.792336189209923,1.7923534878128617,4.005129555492715,237
4,B,766,False,6.827495412551658,1.639615280253729,1.639634190106103,4.23356480132888,43
4,B,480,False,5.822403118279903,1.7437213669208458,1.7437391478026993,3.783071133041301,399
4,B,422,False,5.9740712825122,1.737953279115635,1.7379711190097982,3.856021200760999,351
4,B,498,False,6.269315841251629,1.2001308649847768,1.2001566994407398,3.7347362703461844,417
4,B,534,False,6.2482846410762685,1.8403533687749623,1.8403702160393527,4.044327428557811,200
4,B,102,False,6.50627651447096,1.1571972954180951,1.1572240883451812,3.8317503014080705,366
4,B,198,False,6.705971042128957,0.7927014302518152,0.7927405424517249,3.749355792290341,412
4,B,77,False,7.685127061837571,0.25175411008046483,0.25187723610082,3.9685021489691956,264
4,B,781,False,4.059066588745386,0.302713806049307,0.30281621240653356,2.1809414005759598,533
4,B,591,False,6.407299958172823,1.8185461382248786,1.8185631875126036,4.112931572842713,105
4,B,734,False,5.371855151501575,1.7303280889598078,1.7303460074698014,3.5511005794856882,481
4,B,478,False,5.243023423127697,1.700226777793988,1.70024501353514,3.4716342183314186,488
4,B,419,False,6.221303783042689,1.7913970807448665,1.7914143884162066,4.006359085729448,236
4,B,232,False,5.367836382935302,1.784486846997257,1.784504221690045,3.5761703023126734,473
4,B,21,False,6.0914935352214385,1.8131566825053937,1.813173782470215,3.9523336588458267,272
4,B,702,False,6.694518488739945,1.828284334043963,1.8283012925209998,4.261409890630472,34
4,B,371,False,6.3566991842212435,1.80674439704265,1.806761557696087,4.081730370958665,155
4,B,7,False,5.068624624640613,1.7608854529317914,1.7609030604977043,3.4147638425691587,494
4,B,467,False,6.454539380112353,0.741145267716426,0.7411871005230961,3.597863240317724,464
4,B,345,False,6.276080296967545,1.8419790340475721,1.8419958664433014,4.059038081705423,185
4,B,856,False,6.081539448615393,1.803716867097333,1.8037340565545685,3.942636752584981,279
4,B,379,False,6.192974477956501,1.6464812223748206,1.6465000533726883,3.9197372656645944,303
4,B,760,False,6.3403446132337615,1.7263245833673415,1.7263425434315771,4.033343578332669,211
4,B,301,False,5.625099112485472,1.7666427347560156,1.7666602849415038,3.695879698713488,432
4,B,53,False,5.932059338842971,1.7984931029989701,1.7985103423828972,3.8652848406129343,340
4,B,827,False,5.709049354736948,1.0048846663440545,1.0049155202188804,3.356982437477914,495
4,B,132,False,6.112117791052441,1.4714814040839586,1.4715024745776948,3.7918101328150677,395
4,B,688,False,6.530835184379327,1.829808664429531,1.829825608779363,4.180330396579345,57
4,B,134,False,6.078820150457746,1.262374728575598,1.2623992892384313,3.6706097198480885,441
4,B,298,False,6.355528717715901,1.8174083085643145,1.8174253685260322,4.086477043120967,145
4,B,840,False,7.136127203967825,0.7936270048240235,0.7936660714112278,3.9648966376895265,268
4,B,440,False,6.34704673134178,1.778184102609088,1.778201538885587,4.062624135113683,183
4,B,373,False,6.755496482982282,1.801951703496112,1.801968909791709,4.278732696386996,32
4,B,453,False,6.4859273023358375,1.8309098041267828,1.830926738286094,4.158427020310966,71
4,B,221,False,7.584240358799024,0.27927113929352426,0.279382138594586,3.9318112486968047,288
4,B,757,False,6.165905445018463,1.8366623543462053,1.8366792354670773,4.00129234024277,241
4,B,179,False,6.128576918365874,1.8317124767457968,1.8317294034844782,3.980153160925176,256
4,B,513,False,5.569039482431666,1.6769777781768744,1.6769962667288283,3.6230178745802473,460
4,B,283,False,6.143331512879142,1.6840684073402648,1.68408681804857,3.913709165463856,307
4,B,861,False,6.868698054162039,1.1534119915699326,1.1534388724248459,4.011068463293443,229
4,B,147,False,5.526056891906039,0.6100657403134924,0.6101165606895382,3.0680867262977887,512
4,B,792,False,6.411599241890405,1.8258860629271603,1.825903043678669,4.118751142784538,99
4,B,728,False,5.8642993371959165,1.808813418051164,1.8088305590754807,3.8365649481356985,361
4,B,571,False,6.0318210969261665,1.7844010764445666,1.7844184519724935,3.90811977444933,311
4,B,78,False,6.785314286288054,1.053953948193796,1.0539833656356596,3.9196488259618567,304
4,B,185,False,6.936109437268623,0.6005432640706073,0.6005948902080009,3.768352163738312,405
4,B,399,False,5.670759065512529,1.807677711309494,1.8076948631028722,3.7392269643077007,416
4,B,95,False,6.358326536780297,1.3886579582170782,1.388680285394376,3.873503411087336,333
4,B,644,False,6.543904382088768,1.7824142833185717,1.7824316782141858,4.163168030151477,70
4,B,152,False,6.377361466865957,1.7867963385179921,1.7868136907536512,4.082087578809804,153
4,B,361,False,6.27738963695921,1.8165679702773008,1.8165850381308257,4.046987337545018,196
4,B,312,False,6.861252363841423,1.5301238904353875,1.530144153406635,4.195698258624029,52
4,B,516,False,5.901599383896971,1.823795803960659,1.8238128041736872,3.862706094035329,343
4,B,183,False,5.727507137609434,1.7960470992942683,1.7960643621559715,3.7617857498827028,409
4,B,396,False,5.338758931811319,1.7816327409754298,1.7816501435015248,3.560204537656422,478
4,B,801,False,6.401076225435457,1.8280350444943543,1.828052005284001,4.1145641153597285,103
4,B,854,False,5.462541131677021,1.7374199704328017,1.7374378158029424,3.599989473739982,463
4,B,45,False,6.076712422766256,1.7777316777989365,1.7777491185128464,3.9272307706395515,295
4,B,538,False,6.805073428221206,1.5545597797747484,1.5545797242395436,4.179826576230375,58
4,B,62,False,6.598792297235548,0.6652393797426185,0.6652859854857347,3.632039141360641,456
4,B,370,False,6.385404860972904,1.804656570499139,1.8046737510057311,4.095039305989317,129
4,B,556,False,6.368065902344588,1.779568526318618,1.7795859490306163,4.073825925687602,164
4,B,429,False,6.372231877330111,1.8378321964331856,1.8378490668087544,4.105040472069433,115
4,B,46,False,5.844944071117466,1.8059517653891655,1.805968933574336,3.825456502345901,370
4,B,761,False,5.784746514530418,1.8026728720675058,1.8026900714797016,3.79371829300506,393
4,B,363,False,6.375567320531639,1.822568941886885,1.8225859535434976,4.099076637037568,121
4,B,808,False,6.340802309426377,1.8396395211879015,1.8396563749895884,4.090229342207983,136
4,B,326,False,6.441612775585097,1.7751480877985206,1.775165553895784,4.108389164740441,109
4,B,662,False,6.357647977942467,1.8443855997272114,1.8444024101601273,4.101025194051297,119
4,B,683,False,6.330748292195237,1.8254324077047668,1.8254493926762811,4.078098842435759,160
4,B,173,False,5.230922094572595,1.250455412889719,1.250480207659673,3.240701151116134,501
4,B,809,False,6.333408956595421,1.839035013608607,1.8390518729502414,4.086230414772832,146
4,B,8,False,6.085786791904658,1.8244289170094021,1.8244459113230738,3.955116351613866,271
4,B,242,False,6.337133294947708,1.8284093901794232,1.8284263474965765,4.082779821222142,150
4,B,568,False,6.281710208136909,1.8346092039066246,1.8346261039193466,4.0581681560281275,188
4,B,120,False,6.435207808569844,1.7782622367229914,1.7782796722333745,4.106743740401609,113
4,B,435,False,5.585247782312232,1.7947503660219892,1.7947676413562414,3.6900077118342365,434
4,B,721,False,5.413707604749728,1.7298451987186532,1.729863122230588,3.571785363490158,474
4,B,230,False,6.312570253866124,1.8235099491076625,1.8235269519856325,4.068048602925878,175
4,B,443,False,5.536166848229977,1.7571401053006743,1.7571577503967726,3.6466622993133746,450
4,B,164,False,6.204827319505119,0.8438228799498783,0.8438596227159397,3.5243434711105293,486
4,B,436,False,5.719445412642618,1.8145035646732877,1.814520651945149,3.7669830322938838,406
4,B,797,False,6.423968478609485,1.818623948824209,1.8186409973824798,4.121304737995982,95
4,B,104,False,6.877078627173785,1.1969943052979513,1.1970202074481058,4.0370494173109455,203
4,B,723,False,6.198371378056844,1.6585839188473848,1.658602612436906,3.928486995246875,293
4,B,717,False,6.361283063746171,1.843815602654062,1.8438324182837071,4.102557741014939,117
4,B,158,False,3.781620076417428,1.4307459301266796,1.4307676005198886,2.6061938384686583,524
4,B,235,False,5.774511812958484,1.7776752849428277,1.7776927262100009,3.7761022695842423,402
4,B,548,False,5.8919359603916455,1.8034672860742065,1.8034844779102606,3.847710219150953,357
4,B,472,False,5.907215190556852,1.8106057049255415,1.810622828982419,3.8589190097696355,346
4,B,818,False,5.905617679364658,1.766642338463651,1.766659888653076,3.836138784008867,362
4,B,181,False,6.243306463415852,1.8362969828304039,1.8363138673101138,4.039810165362983,201
4,B,352,False,6.65836185646872,1.0234834360144607,1.023513729228557,3.8409377928486386,358
4,B,344,False,6.1727297610867815,1.7026595014308297,1.702677711117422,3.937703736102102,282
4,B,246,False,6.205522410594134,1.8092487147441063,1.8092658516444127,4.007394131119273,233
4,B,119,False,6.44913255499754,1.8290903249661534,1.8291072759704856,4.139119915484013,78
4,B,168,False,6.22185639796879,0.617383616406399,0.6174338344555027,3.4196451162121466,493
4,B,518,False,5.8215175584410765,1.8201455269628386,1.820162561269243,3.8208400598551595,375
4,B,552,False,5.971422841980065,1.8001368806463947,1.800154104288495,3.88578847313428,323
4,B,52,False,5.669759800066628,1.6705710401422245,1.6705895995980746,3.6701746998323515,442
4,B,204,False,6.801635966345695,1.6936794285092431,1.6936977347445374,4.247666850545116,38
4,B,576,False,6.301365153653104,1.8347976628768945,1.8348145611537683,4.068089857403436,174
4,B,89,False,6.938135487119589,0.6553340329770241,0.6553813431135438,3.7967584151165665,391
4,B,392,False,6.389728465985364,1.7861468087124317,1.7861641672581459,4.087946316621755,142
4,B,590,False,6.306363164424586,1.8262266848141935,1.8262436623985367,4.066303413411561,180
4,B,323,False,5.036322644814227,1.5120376633416481,1.5120581686850056,3.274190406749616,500
4,B,68,False,5.1921511886390395,1.7001226393489668,1.7001408762071097,3.4461460324230746,490
4,B,201,False,6.2889565792383895,1.2657513708352837,1.2657758659789582,3.777366222608674,400
4,B,537,False,6.85278133845189,1.5984310535616812,1.59845045062826,4.225615894540075,45
4,B,309,False,6.1543803181382595,1.8376760617149102,1.8376929335238255,3.9960366258310422,245
4,B,272,False,5.9377497135738615,1.8144934367249512,1.8145105240921877,3.8761301188330246,332
4,B,383,False,6.7488268989609645,1.7447351970994815,1.7447529676493312,4.2467899333051475,39
4,B,829,False,6.110267777024028,1.8243228965115745,1.8243398918128613,3.9673038344184444,266
4,B,83,False,6.317340070617357,1.5260232591637353,1.526043576583608,3.9216918236004825,300
4,B,618,False,6.434222514293543,1.7965542022260346,1.7965714602150966,4.11539698725432,102
4,B,145,False,6.095941574247755,1.6422585211808851,1.6422774005979042,3.8691094874228296,337
4,B,153,False,6.428351684604977,1.7742852553616522,1.7743027299525704,4.101327207278774,118
4,B,138,False,5.8877372806663,1.7857825752053111,1.7857999372914912,3.836768608978896,360
4,B,316,False,4.838104215685291,1.418701754575435,1.4187236089382596,3.1284139123117756,505
4,B,773,False,5.697689994030815,1.6931843041397816,1.6932026157281643,3.69544630487949,433
4,B,67,False,6.09012206091995,1.7829959551939296,1.7830133444148124,3.9365677026673813,284
4,B,641,False,6.3238970716356055,1.8394451723188885,1.8394620279012686,4.081679549768437,156
4,B,73,False,6.202192635470979,1.836774286549971,1.8367911666421244,4.0194919010565515,223
4,B,295,False,6.349866946094108,1.1486519775594908,1.1486789698060595,3.749272957950084,413
4,B,85,False,6.655883444659939,1.111222667523676,1.1112505689275556,3.8835670067937476,326
4,B,549,False,5.97542576652272,1.7995303897693193,1.7995476192162017,3.887486692869461,321
4,B,625,True,7.04685978916923,1.7006166125690831,1.700634844130075,4.373747316649652,21
4,B,696,False,4.429615878663162,0.2675036048244237,0.2676194849360615,2.348617681799612,530
4,B,286,False,6.257037756705087,1.8317228720806489,1.8317397987232693,4.044388777714178,199
4,B,701,False,6.6536321360672765,1.8351810718555444,1.8351979666020355,4.244415051334656,40
4,B,170,False,6.113705704121463,1.0726619294015267,1.0726908337963867,3.5931982689589246,466
4,B,542,False,6.779440042465669,1.2889523881282707,1.2889764423700512,4.0342082424178605,209
4,B,609,False,5.9515274568835626,1.7624257270461523,1.7624433192240652,3.856985388053814,348
4,B,178,False,6.758078270836161,1.7531502216827846,1.7531679069358355,4.255623088885998,35
4,B,603,False,6.343735825347736,1.8427076642890043,1.8427244900290491,4.093230157688392,131
4,B,332,False,6.942083853714425,1.063477463239528,1.0635066172533971,4.0027952354839105,240
4,B,300,False,6.323400914756324,1.8275031720760344,1.8275201378018655,4.075460526279095,163
4,B,654,False,6.27556215772254,1.7302914439766601,1.730309362866137,4.0029357602943385,239
4,B,50,False,4.97864403574707,1.484998632955797,1.485019511657664,3.231831773702367,503
4,B,536,False,6.592102767058453,0.8338417364824078,0.8338789190424343,3.7129908430504437,426
4,B,48,False,4.784515800940579,1.3819706001714702,1.3819930353882666,3.0832544181644224,510
4,B,850,False,6.248691055624402,1.7660154242946264,1.7660329807140949,4.007362018169248,234
4,B,725,False,6.082918645012237,1.7638122720709892,1.7638298504197072,3.923374247715972,299
4,B,238,False,4.770054054251574,1.3795805790284477,1.3796030531119625,3.074828553681768,511
4,B,124,False,6.392143813570755,1.7415133633999975,1.7415311668253752,4.066837490198065,178
4,B,180,False,6.243306463415852,1.8362969828304039,1.8363138673101138,4.039810165362983,202
4,B,236,False,6.0533352090605845,1.8087163542213003,1.8087334961654726,3.9310343526130285,289
4,B,391,False,6.372745304194373,1.7803746881010512,1.780392102924043,4.076568703559208,161
4,B,628,False,4.484915767714415,1.7102968421542835,1.7103149705262757,3.097615369120345,508
4,B,278,False,5.355380118425387,1.7826232225434249,1.7826406154002232,3.569010366912805,476
4,B,682,False,5.307697144913872,1.7763096735475328,1.7763271282232684,3.5420121365685704,483
4,B,838,False,5.676280250771736,1.755200199461932,1.7552178640597833,3.71574905741576,425
4,B,690,False,5.379032840181717,1.7794756820085493,1.7794931056295702,3.5792629729056435,470
4,B,796,False,6.417384400808427,1.819568971316397,1.819586011020307,4.118485205914367,101
4,B,747,False,4.410935606836702,1.0080321807661887,1.0080629383047566,2.709499272570729,521
4,B,559,True,7.207465450945218,1.7111043356512023,1.7111224554682591,4.459293953206739,11
4,B,824,False,6.364996712475186,1.836572966835153,1.8365898487776353,4.1007932806264105,120
4,B,640,False,6.305989751978842,1.8386091066147967,1.8386259698617993,4.07230786092032,167
4,B,802,False,6.426665577066896,1.8264556507587613,1.8264726262148008,4.126569101640849,88
4,B,598,False,6.094253730110986,1.7810707840207158,1.781088192037539,3.9376709610742626,283
4,B,671,False,6.100765291150424,1.7873941316793565,1.7874114781116244,3.944088384631024,277
4,B,94,False,6.313562982461336,1.5467606856416298,1.54678073066933,3.930171856565333,290
4,B,84,False,6.367127186226961,1.3537953649709897,1.3538182671024632,3.860472726664712,344
4,B,745,False,4.070029561985452,0.42863232242822175,0.4287046511919278,2.2493671065886898,532
4,B,131,False,5.98269299579314,1.7977760318741811,1.7977932781342403,3.89024313696369,319
4,B,243,False,6.343020126432346,1.8399335839308526,1.8399504350389477,4.091485280735647,134
4,B,853,False,5.684698963014393,1.7569893306198483,1.7570069772301316,3.7208529701222623,424
4,B,718,False,6.350060517885305,1.8439357331667348,1.843952547700869,4.097006532793087,124
4,B,564,False,6.341816258810096,1.793519466885278,1.7935367540755425,4.067676506442819,176
4,B,200,False,6.247002147956294,1.8013523919563854,1.8013696039764777,4.024185875966386,220
4,B,369,False,5.775876001879333,1.5547750770402935,1.554795018743317,3.6653355103113254,444
4,B,470,False,6.352865907028998,0.9468950583641421,0.9469278017239824,3.6498968543764905,448
4,B,393,False,6.346617717038153,1.8210325127821791,1.8210495387916166,4.083833627914885,148
4,B,815,True,6.844909055851111,1.74587875519349,1.7458965141036715,4.295402784977391,29
4,B,244,False,5.976124732736212,1.760313017124564,1.76033063041622,3.868227681576216,338
4,B,389,False,6.328423831554775,1.7819594897477455,1.78197688908286,4.055200360318818,192
4,B,143,False,6.420207907562828,1.51042945749027,1.5104499846660706,3.9653289461144494,267
4,B,319,False,4.742132422863157,1.325098728720138,1.3251221268166595,3.0336272748399082,514
4,B,845,False,6.604804819081952,1.7624751208914768,1.762492712576369,4.183648765829161,56
4,B,137,False,6.581256918823041,1.7599509404176177,1.75996855733284,4.17061273807794,64
4,B,489,False,6.502663784359713,1.8365498053688105,1.836566687524196,4.169615235941954,66
4,B,515,False,5.633205843290532,1.676288795652714,1.6763072918036859,3.6547565675471088,447
4,B,366,False,6.410479773621711,1.8275119515609595,1.8275289172052869,4.119004345413499,98
4,B,59,False,6.08052122281556,1.8213881711100657,1.8214051937949038,3.950963208305232,273
4,B,355,False,6.846843088036941,1.090169219829088,1.090197660053508,3.9685203740452244,263
4,B,161,False,6.201211107896504,0.9702748615131854,0.970306815913303,3.5857589619049035,469
4,B,141,False,6.385946233338237,1.8412108114854517,1.8412276509042267,4.113586942121232,104
4,B,799,False,6.450728994383802,1.825750388604814,1.8257673706181767,4.138248182500989,79
4,B,798,False,6.455552959452274,1.8178262393501956,1.8178432953897472,4.136698127421011,81
4,B,337,False,6.201242075106389,1.7138290507087919,1.7138471417185315,3.9575446084124604,270
4,B,543,False,6.625666524639839,1.2617045099186301,1.2617290836278572,3.943697804133848,278
4,B,752,False,6.428082299899701,1.8299835795066839,1.830000522236941,4.129041411068322,86
4,B,674,False,4.633608854256202,0.2856214491180851,0.28572998148548623,2.4596694178708445,529
4,B,645,False,6.507575797809128,1.7574907317583024,1.7575083733341685,4.132542085571648,85
4,B,122,False,5.807645318526935,1.6451456318803754,1.6451644781657733,3.7264048983463542,421
4,B,72,False,6.229520076045855,1.842796779789067,1.8428136047154462,4.03616684038065,205
4,B,455,False,5.8965398350969584,1.8159362345089387,1.8159533083000468,3.8562465716985024,349
4,B,289,False,6.261526035139208,1.8341674450139358,1.834184349096985,4.047855192118097,195
4,B,505,False,6.187302178723794,1.1804777858665054,1.180504050415613,3.6839031145697034,436
4,B,350,False,6.846818313858112,1.5789661506704973,1.5789857868538872,4.212902050356,49
4,B,655,False,5.916047232791842,1.8124344774859884,1.8124515842646085,3.864249408528225,342
4,B,733,False,5.903105546030275,1.7927867726474156,1.7928040669027159,3.8479548064664955,356
4,B,294,False,6.631513056924384,1.6170545121120852,1.617073685787211,4.124293371355797,92
4,B,727,False,5.849683969572885,1.8066904437706988,1.8067076049366,3.8281957872547423,369
4,B,820,False,5.514501678440579,1.7348730438651896,1.7348909154334313,3.6246962969370053,459
4,B,665,False,6.339889206170761,1.8437378037074101,1.8437546200466064,4.091821913108683,133
4,B,325,False,6.611721090130688,1.6114652703871664,1.6114845105638977,4.111602800347293,106
4,B,427,True,7.152793541329164,1.7393105465203338,1.7393283724933148,4.446060956911239,16
4,B,834,False,6.151023120176498,1.8119495347367796,1.8119666460937447,3.9814948831351216,254
4,B,607,True,7.874556293329063,1.6067706062436706,1.6067899026356975,4.740673097982381,5
4,B,354,False,6.581758167529301,1.0028130200675636,1.0028439376794422,3.7923010526043717,394
4,B,444,False,5.520394836397312,1.7595980744409625,1.7596156948890076,3.64000526564316,451
4,B,661,False,6.371547586138899,1.8443571852229397,1.844373995914838,4.107960791026868,111
4,B,425,False,6.023686943290583,1.766457408718936,1.7664749607456651,3.895080952018124,316
4,B,651,False,5.8954935682469465,1.812416068721286,1.8124331756736587,3.853963371960303,353
5,B,447,True,6.531123381506959,1.7065059618408627,1.7065235282831734,4.118823454895066,19
5,B,446,False,6.27267554798307,1.7729772905428032,1.772994198401716,4.022834873192393,103
5,B,333,False,6.178744078045064,1.732839738583846,1.7328570380735324,3.9558005580592983,196
5,B,659,False,6.120436646644768,1.6674601702125027,1.6674781479919767,3.8939573973183723,266
5,B,630,False,5.153964603420439,1.7019245202375615,1.7019421339668095,3.4279533686936245,463
5,B,592,False,6.355966842199738,1.755013807419188,1.7550308883371937,4.055498865268466,60
5,B,4,False,6.1384919066307155,1.768890784683618,1.7689077316028299,3.953699819116773,197
5,B,791,False,5.869070259957757,1.7132169091485874,1.713234406781011,3.791152333369384,353
5,B,743,False,4.047989961861912,0.10001328814657455,0.10031257444375358,2.074151268152833,506
5,B,71,False,6.068878906816471,1.7392094613285356,1.7392266974607822,3.9040528021386263,251
5,B,234,False,5.804457516291608,1.7195283331446416,1.7195457665537237,3.762001641422666,368
5,B,643,True,6.513025579552147,1.715401082442923,1.715418557796317,4.1142220686742315,22
5,B,299,False,6.240142186781605,1.750610906147809,1.750628030025024,3.9953851084033145,152
5,B,462,False,5.903793209194443,1.7142391112230375,1.7142565984217162,3.80902490380808,340
5,B,215,False,6.031572702576396,1.7256306931849827,1.7256480649447985,3.878610383760597,280
5,B,349,False,6.590435799589141,1.116711355782331,1.1167381998117802,3.8535869997004606,301
5,B,677,False,6.062526477771042,1.733822395993778,1.733839685678941,3.8981830817249916,259
5,B,782,False,5.817139033083073,1.5624892636259171,1.562508449171365,3.6898237411272192,399
5,B,632,False,6.81530602424971,1.1685696248374926,1.1685952776211626,3.9919506509354363,157
5,B,694,False,6.280212565916213,1.7610923130076193,1.7611093349704812,4.0206609504433475,108
5,B,491,False,6.2563624847499915,1.7432441205582172,1.7432613167986135,3.9998119007743025,147
5,B,162,False,6.111492488124262,0.960870311598131,0.9609015092590567,3.5361969986916595,446
5,B,199,False,5.901754507702119,1.69990756034437,1.699925194972294,3.8008398513372064,345
5,B,585,False,6.13715203694125,1.756743802498021,1.7567608665953514,3.946956451768301,204
5,B,580,False,6.360974996257691,1.700382767222919,1.7004003969225352,4.030687696590113,84
5,B,87,False,6.9422055694466875,0.8674239154391502,0.8674584738541838,3.9048320216504355,249
5,B,475,False,3.194109731579383,1.0468431022999798,1.0468717379023516,2.1204907347408675,505
5,B,521,False,5.783661443705093,1.748195792664465,1.7482129401978985,3.7659371919514957,366
5,B,800,False,6.383229318340031,1.7574122677834318,1.75742932539017,4.070329321865101,48
5,B,258,False,6.992921387474308,0.6884926660555423,0.6885362052920037,3.840728796383156,315
5,B,746,False,4.461036506257381,1.0406105751877277,1.0406393822925295,2.7508379442749553,492
5,B,125,False,5.725557156525408,1.7254455120153205,1.7254628856395189,3.7255100210824637,382
5,B,610,False,5.977719365844306,1.7111424290176023,1.7111599478628243,3.8444396568535653,306
5,B,210,False,6.460958577911483,1.7293000860652887,1.7293174209644273,4.095137999437955,33
5,B,768,False,6.367649875338413,1.7037184011639184,1.7037359963474923,4.0356929358429525,76
5,B,193,False,6.143063878040889,1.7627866216457253,1.7628036272480248,3.952933752644457,198
5,B,560,False,6.296216847872025,1.4687385209158779,1.4687589310733753,3.8824878894727,277
5,B,822,False,5.140219284574542,1.1112964079498073,1.1113233827773932,3.1257713336759676,480
5,B,245,False,4.170588980328414,0.7708398583732564,0.7708787466538078,2.470733863491111,497
5,B,280,False,6.289169582384991,1.7696980455514144,1.7697149847402378,4.029442283562615,86
5,B,25,False,6.041046802649294,1.7633296473502982,1.7633466477156925,3.9021967251824936,253
5,B,504,False,6.12537081726088,1.2453882440031967,1.2454123144914737,3.6853915658761767,402
5,B,23,False,5.414382963133629,1.650712662819084,1.6507308229923237,3.532556893062976,450
5,B,620,False,6.214152477158061,1.7288974228038048,1.7289147617402316,3.971533619449146,176
5,B,658,False,5.9994877089500225,1.6651273397948432,1.6651453427607739,3.832316525855398,320
5,B,578,False,6.327471583448541,1.697061223224365,1.6970788874290497,4.012275235438795,128
5,B,44,False,6.163984887622397,1.7680594309086628,1.7680763857963568,3.9660306367093767,184
5,B,343,False,6.1179325502136175,1.6626019623872976,1.6626199926981922,3.890276271455905,270
5,B,14,False,6.230613128734534,1.7706133046408836,1.7706302350736458,4.00062168190409,146
5,B,121,False,6.355865559807258,1.7437800223385087,1.743797213294176,4.049831386550717,65
5,B,390,False,6.104634688886005,1.7071097272348885,1.7071272874644172,3.9058809881752112,248
5,B,496,False,6.340880454690563,1.3729603613654917,1.3729821953202836,3.8569313250054233,298
5,B,547,False,6.727601255109975,1.0285725614897954,1.0286017057322638,3.8781014804211194,281
5,B,267,False,6.129383899568383,1.765539956665353,1.7655569357479073,3.9474704176581454,203
5,B,189,False,6.136173038183999,1.737573460701109,1.7375907130617592,3.936881875622879,214
5,B,664,False,5.838888555522167,1.7513625127717418,1.7513796293002248,3.795134092411196,349
5,B,397,False,6.197595283772611,1.7557632649196544,1.7557803385466442,3.9766878111596276,172
5,B,195,False,6.185835375169066,1.7618512167813987,1.7618682314122527,3.973851803290659,174
5,B,187,False,6.595690864987877,1.3436996011897748,1.343721910598768,3.9697063877933227,177
5,B,499,False,6.307813052569871,0.9769345428827209,0.9769652275608967,3.642389140065384,419
5,B,231,False,6.296026299215551,1.7548450148597876,1.7548620974207323,4.025444198318142,93
5,B,795,False,6.352525490146778,1.7601650161134887,1.7601820470438398,4.056353768595309,58
5,B,380,False,5.719298093823768,1.7360831675128716,1.7361004346831923,3.72769926425348,380
5,B,492,False,5.807725163343313,1.6890242313915642,1.689041979648081,3.7483835714956966,374
5,B,26,False,5.903458712497429,1.721097675436757,1.7211150929497574,3.812286902723593,338
5,B,500,False,6.343487326360231,0.8089114403981866,0.8089484984797937,3.576217912420012,438
5,B,577,False,6.263714213966006,1.7659788439292972,1.765995818792191,4.014855016379099,121
5,B,103,False,6.3244386494603315,1.6065240517409296,1.6065427114172026,3.965490680438767,186
5,B,729,False,6.0233244347434045,1.764853212500284,1.7648701981897184,3.8940973164665613,265
5,B,606,False,6.2732401145158025,1.7727267647136389,1.7727436749619865,4.022991894738895,102
5,B,468,False,6.315568744764065,1.0110966673858863,1.011126315345659,3.663347530054862,412
5,B,285,False,6.215743325319901,1.7667341538827899,1.7667511214887004,3.9912472234043004,158
5,B,833,False,6.0959950226982365,1.723369226772771,1.723386621328198,3.9096908220132174,247
5,B,485,True,6.712758453592993,1.7237467827689799,1.7237641735144782,4.218261313553736,1
5,B,754,False,6.266340361248494,1.7604465461043328,1.7604635743111299,4.013401967779812,125
5,B,302,False,6.29134889073986,1.7708069447152568,1.7708238732966715,4.031086382018266,81
5,B,493,False,5.733593814671815,1.683419578049833,1.6834373853954658,3.708515600033641,394
5,B,572,False,6.2470364275636605,1.7589592244988788,1.758976267104062,4.003006347333861,142
5,B,479,False,5.979817960010616,1.688511150035132,1.688528903684686,3.834173431847651,319
5,B,327,True,6.549569445193656,1.6993251780573735,1.6993428187288662,4.124456131961261,17
5,B,372,True,6.679055287585734,1.7347605492229816,1.7347778295580287,4.206916558571882,3
5,B,653,False,6.085037567067254,1.6537096595565364,1.653727786818689,3.8693826769429718,288
5,B,395,False,5.394692001691013,1.7034546028759023,1.7034722007842515,3.549082101237632,444
5,B,507,False,6.239643027535458,0.9209915226383887,0.9210240711064078,3.580333549320933,436
5,B,481,False,5.426541620455675,1.6854104635132623,1.6854282498242497,3.5559849351399624,442
5,B,669,False,5.142349796191217,1.6911503744950545,1.6911681004383943,3.416758948314806,464
5,B,451,False,6.193988804236315,1.7671514640014778,1.7671684276005526,3.980578615918434,170
5,B,769,False,6.394017205319917,1.7049193224943089,1.7049369052842092,4.049477055302063,66
5,B,154,True,6.570095366317955,1.715949316958924,1.7159667867291142,4.143031076523535,11
5,B,334,False,5.8115066097718895,1.7392937690153123,1.739311004312091,3.7754088070419902,361
5,B,811,False,6.274142756014789,1.7695181354718381,1.7695350763828828,4.021838916198836,105
5,B,736,False,5.5653907944148635,1.727252495808368,1.727269851257145,3.646330322836004,415
5,B,293,False,7.284780129587982,0.35950733450202327,0.3595907094828696,3.8221854195354257,332
5,B,284,False,6.079766460144216,1.759480380498714,1.7594974180559466,3.9196319391000816,231
5,B,581,False,6.331473768854375,1.7305923096463462,1.7306096316017425,4.031041700228059,82
5,B,186,False,6.1669820577669565,1.721433222208735,1.7214506363266975,3.9442163470468268,207
5,B,81,False,7.119424645133233,0.5498193490688047,0.5498738686245128,3.8346492568788726,318
5,B,329,False,6.129184384868877,1.7130094265537499,1.7130269263054947,3.9211056555871857,226
5,B,463,False,6.216053664569346,1.7621410425067232,1.762158054339146,3.989105859454246,159
5,B,60,False,5.725033701298757,1.7137996706811873,1.7138171623637657,3.719425431831261,386
5,B,502,False,5.847885110525307,1.7423365458111122,1.7423537510088591,3.795119430767083,350
5,B,292,False,6.226752935160167,1.7177587076577574,1.7177761590264584,3.972264547093313,175
5,B,171,False,6.150810788903726,0.7965869703856711,0.7966246017879851,3.4737176953458557,458
5,B,634,False,6.195520663164292,1.7667407127528987,1.7667576802958191,3.9811391717300553,169
5,B,155,False,5.507415097957613,1.725735898120777,1.7257532688215802,3.6165841833895964,431
5,B,570,False,6.217296730027465,1.7209480577267044,1.7209654767539528,3.9691311033907093,179
5,B,619,False,6.422452849565744,1.722181255954775,1.722198662508948,4.072325756037346,44
5,B,191,False,6.129669256011715,1.7390380671915662,1.739055305022535,3.9343622805171248,218
5,B,589,False,6.251005341594858,1.7556941209208785,1.7557111952202673,4.003358268407563,141
5,B,129,False,6.25063008985107,1.7381237002457002,1.7381409471448075,3.9943855184979387,153
5,B,685,False,5.745257354473987,1.69568012054595,1.6956977991376798,3.720477576805833,385
5,B,22,False,6.275474195496917,1.7726798557792602,1.7726967664750852,4.024085480986002,98
5,B,367,False,6.349780173489124,1.7606932936058985,1.7607103194263474,4.055245246457736,62
5,B,313,True,6.56585811174831,1.6558901380556785,1.6559082414480875,4.110883176598199,27
5,B,554,False,6.26653630030841,1.6961162043760443,1.6961338784225268,3.9813350893654684,168
5,B,573,False,6.269176539291854,1.7632877060648184,1.7633047068345769,4.016240623063215,117
5,B,105,False,6.507109488018914,0.848596877627833,0.8486322027270419,3.677870845372978,405
5,B,317,False,4.939500694014875,1.4376385653410646,1.4376594170183556,3.1885800555166153,474
5,B,90,False,6.718853430475078,1.0780091999823915,1.0780370077285473,3.898445219101813,257
5,B,566,False,6.278478281247186,1.7715395134096892,1.7715564349908477,4.025017358119017,94
5,B,133,False,6.186049771216135,0.8820856578761284,0.8821196418946843,3.5340847065554097,448
5,B,593,False,6.241412319912937,1.7539956227118347,1.7540127135451216,3.9977125167290293,149
5,B,666,False,6.2632677763584965,1.7724028944818795,1.7724198078201983,4.017843792089347,112
5,B,841,False,5.791558013220126,1.738119280145908,1.7381365270888745,3.7648472701545,367
5,B,626,False,6.255555308155903,1.7725639768327108,1.7725808886340386,4.01406809839497,124
5,B,442,False,4.938665553542577,1.6988286839305127,1.698846329757557,3.318755941650067,469
5,B,357,False,6.545110681620805,1.2899703265026583,1.2899935651169034,3.9175521233688544,233
5,B,279,False,5.84709143367256,1.7263614220804715,1.7263787864872968,3.7867351100799285,355
5,B,837,False,6.144749905472788,1.7320749630324592,1.7320922701604375,3.938421087816613,213
5,B,565,False,6.541251449091057,1.0275885286012125,1.027617700751816,3.7844345749214363,356
5,B,237,False,6.006310191659474,1.7180302645677277,1.718047713178042,3.862178952418758,296
5,B,433,False,7.15361148599141,0.7425889815927115,0.7426293492507176,3.948120417621064,202
5,B,149,False,5.964563036492972,1.7637548591045331,1.7637718553714636,3.864167445932218,293
5,B,58,False,4.835534412769155,0.171470062079572,0.17164479885862005,2.5035896058138873,496
5,B,135,False,6.338539335006369,1.470785994904428,1.470806376649439,3.9046728558279042,250
5,B,494,False,5.764442084577898,1.6867197294588188,1.6867375019638575,3.7255897932708777,381
5,B,744,False,4.049724880128334,0.21849152595296414,0.21862868452904038,2.1341767823286872,504
5,B,567,False,6.055706153109614,1.7430376729176134,1.7430548711947345,3.899380512152174,255
5,B,432,False,6.18090113889001,1.7522994644713836,1.7523165718477758,3.966608855368893,182
5,B,374,False,6.241067830304002,1.6291668545245503,1.6291852548642407,3.935126542584121,217
5,B,1,False,5.447846520785292,1.7200517367960118,1.7200691649002433,3.583957842842768,434
5,B,601,False,6.502052288593778,1.5785402791760759,1.5785592696401762,4.040305779116977,73
5,B,82,False,6.947161731980904,0.8384138623520608,0.838449616476592,3.892805674228748,269
5,B,353,False,6.652649411753309,1.200974910061283,1.200999870683736,3.9268246412185226,222
5,B,596,False,6.315758873278053,1.7706854364448608,1.7707023661879404,4.043230619732997,70
5,B,844,True,6.506919925082099,1.7278620214286742,1.7278793707551543,4.117399647918626,21
5,B,739,False,5.9649560205442835,1.739025665173857,1.7390429031277574,3.8519994618360203,303
5,B,860,False,6.7796757167007415,1.111067664962281,1.1110946453432216,3.9453851810219813,205
5,B,241,False,4.770663367886848,1.3182111792988562,1.3182339200665887,3.044448643976718,485
5,B,18,False,5.538679112147477,1.721871615512287,1.7218890251966115,3.6302840686720446,424
5,B,506,False,6.154472297096976,1.1304911045431019,1.130517621373823,3.6424949592353992,418
5,B,273,False,6.277483151989255,1.6918745572754983,1.6918922756315802,3.9846877138104175,166
5,B,533,False,6.160529696074258,1.7700553698855848,1.7700723056548955,3.965301000864577,187
5,B,3,True,6.5270870026293055,1.6967578268316292,1.6967754941948086,4.111931248412057,26
5,B,668,False,5.177012919863013,1.6811078656745968,1.6811256975070727,3.429069308685043,462
5,B,691,True,6.668078204875963,1.6011201802798511,1.601138902932855,4.134608553904409,14
5,B,584,False,5.3411225018156765,1.7042357372997958,1.7042533271422482,3.5226879144789622,451
5,B,574,False,6.229111056675474,1.7566083455204156,1.7566254109335933,3.9928682338045336,155
5,B,197,False,6.4225528320691145,1.7594985952614683,1.7595156326423258,4.09103423235572,37
5,B,259,False,7.0197574009137504,0.7461576274633273,0.7461978020654746,3.8829776014896127,276
5,B,629,False,6.304847493789477,1.6909703304294654,1.6909880582601342,3.997917776024806,148
5,B,458,False,1.983965030169272,0.39402688654046464,0.39410295875876905,1.1890339944640205,511
5,B,190,False,6.114886403881936,1.7374524437317442,1.7374696972940429,3.9261780505879895,223
5,B,430,False,6.268614931694397,1.7688274861584095,1.768844433684071,4.018729682689234,111
5,B,828,False,6.1850086426317255,1.7639976384316252,1.7640146323593788,3.974511637495552,173
5,B,13,False,6.335359958803861,1.6424821943304977,1.6425004455032486,3.9889302021535546,160
5,B,93,False,6.915939626092546,0.9500876119251473,0.9501191636417367,3.933029394867141,219
5,B,118,False,6.367521879414905,1.7598862876284713,1.7599033212561326,4.063712600335519,52
5,B,519,False,5.804505971881019,1.7522017234163652,1.7522188317470293,3.7783624018140243,359
5,B,482,False,5.518764383027513,1.719888815026282,1.7199062447814277,3.6193353139044704,430
5,B,96,False,6.93065232381662,0.8744508972851928,0.8744851780039057,3.902568750910263,252
5,B,831,False,5.936609194480364,1.7484918976365453,1.7485090422660934,3.8425591183732286,309
5,B,342,False,5.826295702658051,1.6302375898571857,1.6302559781117225,3.7282758403848866,379
5,B,693,False,5.041773327874865,1.489381748657685,1.489401875928813,3.265587601901839,473
5,B,678,False,6.035448761181986,1.760994648957641,1.7610116718645248,3.898230216523255,258
5,B,101,False,6.508037940065723,1.261444436263247,1.2614682003780933,3.884753070221908,274
5,B,358,False,6.2982592263065555,1.4735095567498608,1.4735299008227878,3.8858945635646718,273
5,B,520,False,5.809064507556108,1.7482656312624492,1.7482827781108905,3.778673642833499,358
5,B,605,False,6.260102611669416,1.7728157321832652,1.7728326415829923,4.016467626626204,115
5,B,19,False,5.538679112147477,1.721871615512287,1.7218890251966115,3.6302840686720446,425
5,B,150,False,6.437837390179278,1.7486161128575135,1.7486332562691824,4.0932353232242304,35
5,B,777,False,6.2660100209372755,1.7423369126702524,1.7423541178643767,4.0041820694008265,139
5,B,247,False,6.320637785156013,1.7103076519243297,1.710325179320166,4.015481482238089,118
5,B,544,False,6.837848798033029,0.847422119288394,0.8474574933557888,3.842653145694409,308
5,B,778,False,6.276462518158154,1.7698442688693239,1.7698612066586565,4.023161862408405,101
5,B,676,False,6.079283516830993,1.7635166276462986,1.7635336262092134,3.9214085715201032,225
5,B,741,False,5.158247825443924,1.7024070797008632,1.7024246884374254,3.4303362569406746,461
5,B,335,False,5.645071315807806,1.695257725886134,1.69527540888266,3.670173362345233,409
5,B,51,False,6.197937327718103,0.9199632309867604,0.9199958158346391,3.558966571776371,441
5,B,667,False,5.649568313875422,1.7274100359924796,1.7274273898584518,3.688497851866937,400
5,B,177,False,5.099802178875148,0.47434787558269603,0.47441106843692077,2.7871066236560345,489
5,B,98,False,7.113894449412613,0.5159871264564767,0.5160452203581154,3.814969834885364,337
5,B,331,False,7.2906609811753285,0.2776404990853392,0.2777484500730834,3.784204715624206,357
5,B,146,False,5.4443680189201125,0.4995208652297813,0.4995808739188813,2.971974446419497,486
5,B,770,False,6.4289649163082,1.7044285614356722,1.7044461492881842,4.066705532798192,49
5,B,569,False,2.5712679279572557,0.3010372091051112,0.30113677299765024,1.436202350477453,508
5,B,522,False,5.909527882437386,1.7215191871861233,1.7215366004345112,3.8155322414359487,336
5,B,807,False,6.280134460994858,1.7681317982774403,1.7681487524711992,4.0241416067330285,97
5,B,263,False,6.018123638848278,1.723193791700444,1.72321118802676,3.870667413437519,286
5,B,175,False,5.009481037522926,0.2801730313254855,0.2802800068998061,2.6448805222113663,494
5,B,291,True,6.459650279148821,1.7674275926514402,1.7674445536002845,4.113547416374553,24
5,B,139,False,4.221994388250419,0.8233165738588478,0.8233529835837818,2.5226736859171,495
5,B,66,False,6.102237394148558,1.7267772390073064,1.7267945992327343,3.914515996690646,239
5,B,783,False,5.792747970122625,1.562193843947936,1.5622130331214343,3.6774805016220298,406
5,B,486,True,6.66433871077449,1.7305791360543408,1.7305964581415947,4.1974675844580425,4
5,B,364,False,5.952379855193758,1.7084974713135617,1.7085150172797658,3.8304474362367618,323
5,B,297,False,6.267003830498456,1.7564817561461297,1.7564988227891971,4.011751326643826,129
5,B,749,False,4.4918773012176025,1.0681663432356823,1.068194407215809,2.7800358542167056,490
5,B,839,False,5.605853055950279,1.679879257603568,1.6798971024775173,3.642875079213898,417
5,B,318,False,4.076269549956748,0.4833948312714773,0.48345684159563185,2.2798631957761897,501
5,B,182,False,6.159142813055331,1.7647118447537828,1.7647288318038958,3.9619358224296133,191
5,B,79,False,7.0343854819741995,0.7988448221714167,0.7988823472174901,3.916633914595845,235
5,B,448,False,6.125981634821897,1.7522907303515558,1.7523078378132173,3.939144736317557,211
5,B,271,False,6.413380021672594,1.1808669564892817,1.1808923421353459,3.7971361819039697,348
5,B,863,False,5.920894361682568,1.7199122960771367,1.7199297255943256,3.8204120436384468,333
5,B,687,False,6.086239088870064,1.7453293053709886,1.7453464810668458,3.915792784968455,237
5,B,852,False,5.590120502806117,1.6911283618788382,1.6911460880529057,3.6406332954295113,420
5,B,450,True,6.451535997119593,1.7683865816150142,1.768403533366092,4.109969765242843,28
5,B,117,False,5.755753979896555,1.749987009125738,1.7500041391078163,3.752879059502186,371
5,B,239,False,4.903676394430638,1.4232237799613185,1.4232448428267805,3.1634606186287093,476
5,B,261,False,6.01864161863062,1.6649919184514625,1.6650099228816402,3.84182577075613,311
5,B,804,False,6.273298629268733,1.7694423802659982,1.7694593219023276,4.02137897558553,107
5,B,657,False,2.5171593442817857,0.21781737187398287,0.21795495469415876,1.3675571494879721,509
5,B,679,False,6.136378028826758,1.7644038565439468,1.7644208465592317,3.950399437692995,201
5,B,163,False,6.315142020193037,1.369899839382757,1.3699217221164672,3.842531871154752,310
5,B,211,False,6.5197975206232766,1.674419578499398,1.6744374815584324,4.097117501090855,31
5,B,594,False,6.239224773592495,1.7546001707255265,1.7546172556702189,3.996921014631357,151
5,B,484,False,5.606132958842769,1.7239644144000343,1.7239818029501637,3.6650573808964664,411
5,B,260,False,6.074852513548964,1.6703996207793244,1.6704175669231194,3.872635040236042,285
5,B,790,False,6.178112384496011,1.7448985890874726,1.744915769022991,3.9615140767595007,192
5,B,457,False,6.093302711105922,1.761619141176085,1.7616361580484239,3.927469434577173,221
5,B,517,False,5.666753305898398,1.7399404784618582,1.7399577073526022,3.7033555066255,395
5,B,823,False,5.294675462714219,1.3573006439904127,1.3573227298481496,3.3259990962811843,468
5,B,700,True,6.584830796539011,1.7589078357520656,1.7589248788551655,4.171877837697088,6
5,B,602,False,6.183174574329637,1.722068473035528,1.722085880729692,3.9526302275296645,199
5,B,652,False,5.637288366853633,1.723373783086152,1.7233911775955915,3.6803397722246123,404
5,B,126,False,5.703839626557298,1.7292354143057949,1.729252749853236,3.716546188205267,390
5,B,209,False,6.2578162764262375,1.7728969809322987,1.7729138895571053,4.015365082991671,119
5,B,806,False,6.297066337033542,1.769892187735271,1.7699091250660264,4.033487731049784,78
5,B,156,False,6.021789699450463,1.7642967168717074,1.7643137079187277,3.8930517036845953,268
5,B,287,False,6.21303711185665,1.7605025525913642,1.7605195802564517,3.9867783460565507,163
5,B,722,False,5.321799713761356,1.6722002589847051,1.672218185804161,3.4970089497827583,457
5,B,214,False,6.009180428031715,1.7281307348611308,1.728148081489927,3.8686642547608208,289
5,B,420,False,2.6335640087922174,0.4961101936539686,0.4961706148423363,1.564867311817277,507
5,B,445,False,6.273453352363274,1.7729844307830203,1.7730013385738417,4.023227345468557,100
5,B,40,True,6.53614772718374,1.7042486194178335,1.7042662091273286,4.120206968155534,18
5,B,509,False,6.4437095051712365,1.7177795751332239,1.717797026289929,4.080753265730583,39
5,B,464,False,6.266779997588595,1.3096187554852483,1.3096416454528217,3.7882108215207086,354
5,B,268,False,6.329153051657933,1.7689874252917253,1.769004371285128,4.04907871147153,67
5,B,816,False,6.291255020899062,1.7729597105791095,1.7729766186056723,4.0321158197523665,80
5,B,324,False,4.205727423116481,0.7148536865397586,0.7148956203146912,2.460311521715586,498
5,B,637,False,4.635151613739255,1.1489570749848603,1.1489831656483962,2.8920673896938256,487
5,B,639,False,6.280590852257381,1.7682049729598062,1.7682219264519463,4.024406389354664,96
5,B,635,False,6.210151287377469,1.7621253057829493,1.7621423177672957,3.9861468025723825,165
5,B,315,True,6.620040774718505,1.6462880705138918,1.6463062794941883,4.133173527106346,15
5,B,428,False,5.739291826744267,1.7339938522221816,1.7340111401977683,3.736651483471018,377
5,B,136,False,6.354837266230351,1.4793700821310147,1.4793903456119921,3.9171138059211716,234
5,B,497,False,6.2497760565496945,1.1226538664872345,1.1226805684273604,3.6862283124885273,401
5,B,269,False,6.324775723964962,1.7686452238439185,1.7686621731160386,4.0467189485405,68
5,B,362,False,4.454548660544802,1.6558977567329036,1.655915860042021,3.0552322602934114,483
5,B,819,False,6.002762678672501,1.7110492153421497,1.7110667351417448,3.856914706907123,299
5,B,642,True,6.503704177574091,1.7217995784642155,1.7218169888769228,4.112760583225507,25
5,B,17,False,5.429369762742369,1.6420142384387872,1.6420324948128628,3.535701128777616,447
5,B,347,False,5.543314120147386,1.7016682738863789,1.7016858902679695,3.6225000052076775,428
5,B,751,False,6.042968173177197,1.7431465419741883,1.7431637391771935,3.893065956177195,267
5,B,540,False,6.605962106357216,1.1259641957881645,1.1259908192265744,3.8659764627918953,291
5,B,20,False,6.288444632043436,1.7501754155025395,1.7501925436405934,4.019318587842015,110
5,B,712,False,6.360790433583647,1.772330047708835,1.7723469617423235,4.066568697662985,50
5,B,459,False,2.2558932345745584,0.3940508032833507,0.3941268708853759,1.325010052729967,510
5,B,116,False,6.262233684685064,1.7670417914449223,1.7670587560968436,4.014646220390954,122
5,B,550,False,5.884430729304004,1.7307474526533893,1.730764773056073,3.8075977511800385,342
5,B,846,True,6.54667904082293,1.7283105991405163,1.728327943964077,4.1375034923935035,13
5,B,490,False,6.2875474642709115,1.755206873276363,1.755223952315553,4.0213857082932325,106
5,B,756,False,6.138288730733173,0.8704409721152822,0.8704754107512981,3.5043820707422353,456
5,B,849,False,6.177337269063632,1.7090873812038792,1.7091049211139664,3.9432210950887994,209
5,B,16,False,5.996370827145105,1.6997975648998591,1.699815200668924,3.8480930139070146,305
5,B,99,False,6.894537544070067,0.8348498912973642,0.8348857980495683,3.8647116710598177,292
5,B,586,False,6.081369351038698,1.73955515773292,1.7395723904399172,3.9104708707393074,245
5,B,703,True,6.473698446962548,1.7630379460558263,1.7630549492339682,4.118376698098258,20
5,B,508,False,6.16099163316847,1.5221406143198255,1.5221603084260145,3.8415759707972423,312
5,B,15,False,5.801097543230444,1.7204453767500911,1.720462800866792,3.760780172048618,369
5,B,471,False,6.283262710380712,1.1540572089126213,1.1540831842760872,3.7186729473283995,387
5,B,303,False,6.292205809950114,1.7693116454970688,1.769328588385207,4.030767199167661,83
5,B,836,False,5.861989787251458,1.6915891613341265,1.691606882679524,3.776798334965491,360
5,B,86,False,6.863638951944061,0.7939099612328823,0.7939477195196423,3.8287933357318518,325
5,B,123,False,6.395372345741089,1.6860434543651979,1.6860612339987455,4.040716789869918,72
5,B,847,False,6.436545653082151,1.7479027961404068,1.7479199465482096,4.09223279981518,36
5,B,780,False,6.894229645173003,1.083214122697631,1.083241796828964,3.9887357210009835,161
5,B,698,False,5.493514385478097,0.11836062716213232,0.11861362842379096,2.806064006950944,488
5,B,689,False,6.3924152424448435,1.754595877781349,1.7546129627678424,4.073514102606343,42
5,B,194,False,6.165942912050028,1.7643488418490982,1.764365832394149,3.9651543722220883,188
5,B,477,False,5.356649408664952,1.7220688260736778,1.722086233764273,3.5393678212146122,445
5,B,474,False,5.742845132968084,1.7487532019153467,1.7487703439831146,3.745807738475599,375
5,B,296,False,6.267003830498456,1.7564817561461297,1.7564988227891971,4.011751326643826,130
5,B,174,False,5.679056397662219,1.585407213077786,1.5854261212887582,3.6322412594754887,423
5,B,91,False,6.490819432315768,1.1231339786557257,1.1231606691817,3.806990050748734,343
5,B,240,False,4.856314795335257,1.3976599888725845,1.3976814369808868,3.1269981161580716,479
5,B,753,False,6.290164205339538,1.7619938768234504,1.762010890076726,4.026087547708132,91
5,B,454,False,5.91193231718015,1.750332616867079,1.7503497434668307,3.83114103032349,322
5,B,417,False,6.234542327478803,1.7426719314643426,1.7426891333508987,3.988615730414851,162
5,B,814,False,6.290301414998724,1.7281146029328598,1.728131949723585,4.009216682361155,134
5,B,766,True,6.813285592007744,1.577665024621797,1.577684025621271,4.195484808814507,5
5,B,480,False,5.94387752472855,1.6879198592203024,1.6879376190890258,3.815907571908788,335
5,B,422,False,5.861862716165431,1.6798149858396236,1.6798328313963322,3.770847773780882,364
5,B,498,False,6.276905525483045,1.1500143719518339,1.150040438628753,3.713472982055899,393
5,B,534,False,6.159916190794109,1.7699788941166297,1.76999583061768,3.9649560107058948,189
5,B,102,False,6.479981662236711,1.1741267303526275,1.174152261725112,3.8270669619809117,328
5,B,198,False,6.712402243577647,0.7587692273985291,0.7588087342885588,3.735605488933103,378
5,B,77,False,7.690106887932721,0.24082786841193313,0.24095231268755074,3.965529600310136,185
5,B,781,False,4.059815631878016,0.28948325922707174,0.28958679555251116,2.1747012137152635,503
5,B,591,False,6.331860147073602,1.749873421997215,1.7498905530912172,4.04087535008241,71
5,B,734,False,5.536080146357971,1.6782651154803003,1.6782829775171257,3.6071815619375487,433
5,B,478,False,5.37364890535811,1.6529945752126955,1.6530127103166035,3.5133308078373564,454
5,B,419,False,6.294540194743903,1.727280392660722,1.7272977478291986,4.010918971286551,133
5,B,232,False,5.433866371437622,1.7233238010571246,1.7233411960710565,3.5786037837543394,437
5,B,21,False,6.0917524860182946,1.7489773742011416,1.7489945140717749,3.920373500045035,227
5,B,702,True,6.551455563897526,1.757304881526954,1.7573219401760467,4.154388752036787,10
5,B,371,False,6.271012304665961,1.7393219532291955,1.7393391882466938,4.005175746456327,138
5,B,7,False,5.036402482276634,1.7004960060829857,1.700513634608623,3.368458058442628,466
5,B,467,False,6.451792705294746,0.70926722929651,0.709309493338128,3.580551099316437,435
5,B,345,False,6.215821824121154,1.7714386997362066,1.771455622280374,3.993638723200764,154
5,B,856,False,6.0133998783981015,1.73269962845711,1.7327169293456592,3.8730584038718803,284
5,B,379,False,6.148075195118392,1.6179726608689156,1.6179911885127443,3.883033191815568,275
5,B,760,False,6.209092271583279,1.668190075119332,1.6682080450328387,3.9386501583080586,212
5,B,301,False,5.645259930417582,1.7057637516337254,1.70578132571945,3.675520628068516,408
5,B,53,False,5.925503485212618,1.7346925221885856,1.7347098032012849,3.830106644206951,324
5,B,827,False,5.742928317911656,1.046662893674361,1.0466915342069172,3.3948099260592866,465
5,B,132,False,6.104005398584519,1.4790095355551618,1.4790298039758156,3.7915176012801672,352
5,B,688,False,6.358581193934407,1.76251828149953,1.762535289690876,4.060558241812641,53
5,B,134,False,5.987075119253652,1.2888304746710342,1.2888537338373223,3.637964426545487,421
5,B,298,False,6.303838380270614,1.7494385597829933,1.7494556951352718,4.026647037702943,89
5,B,840,False,7.129620049264854,0.7595518563129732,0.7595913224979122,3.944605685881383,206
5,B,440,False,6.2240288195857465,1.714643418752842,1.7146609018281365,3.9693448607069417,178
5,B,373,True,6.681339576350147,1.735955405309771,1.7359726737509018,4.208656125050524,2
5,B,453,False,6.310652669884361,1.7619286062488255,1.7619456201323502,4.036299145008355,75
5,B,221,False,7.632117944554882,0.27977470539092797,0.2798818332122047,3.9559998888835435,195
5,B,757,False,6.120842276515888,1.7666244866680836,1.7666414553272867,3.9437418659215875,208
5,B,179,False,6.035615014348656,1.7622531934928778,1.7622702042426666,3.8989426092956614,256
5,B,513,False,5.69546857899664,1.6255898726341529,1.6256083134618762,3.660538446229258,413
5,B,283,False,6.144435635743873,1.6199010902482232,1.619919595835863,3.882177615789868,278
5,B,861,False,6.76128058165092,1.1210583429075147,1.1210850828497303,3.941182832250325,210
5,B,147,False,5.520028585786802,0.6448775010458622,0.6449239847771207,3.0824762852819614,482
5,B,792,False,6.3517507390079855,1.7589098813944863,1.7589269244777652,4.055338831742875,61
5,B,728,False,5.87331833071713,1.7443582285109036,1.7443754137683039,3.808846872242717,341
5,B,571,False,6.028551291730075,1.725255132627185,1.725272508168518,3.8769118999492966,282
5,B,78,False,6.770988223694974,1.054144773286673,1.054173210546187,3.9125807171205804,241
5,B,185,False,6.929209469231279,0.5746507168216936,0.5747028807386736,3.751956174984976,372
5,B,399,False,5.6874547353685525,1.741294856359076,1.7413120718493336,3.714383403608943,391
5,B,95,False,6.34896841745751,1.4003720607081669,1.4003934672789935,3.8746809423682516,283
5,B,644,True,6.510103055947347,1.7179865671036596,1.7180040161577799,4.114053536052563,23
5,B,152,False,6.381707285577819,1.729841913287014,1.7298592427565085,4.055783264167164,59
5,B,361,False,6.265908982178686,1.7500362830870466,1.7500534125868186,4.007981197382753,136
5,B,312,True,6.778004939710408,1.5385602990869371,1.5385797830181343,4.158292361364271,9
5,B,516,False,5.894435309190418,1.755165913022676,1.755182992460435,3.8248091508254265,330
5,B,183,False,5.758744708737144,1.7384607587360232,1.738478002291278,3.748611355514211,373
5,B,396,False,5.343599970764165,1.722017857677862,1.722035265883686,3.5328176183239255,449
5,B,801,False,6.340358435610444,1.7608578470864118,1.7608748713158007,4.0506166534631225,64
5,B,854,False,5.537631694979189,1.6823332986428758,1.682351117486556,3.6099914062328726,432
5,B,45,False,5.996326719565315,1.7163183121927763,1.7163357782071385,3.8563312488862267,300
5,B,538,False,6.568398864173605,1.1474276019730862,1.1474537274135943,3.8579262957935994,297
5,B,62,False,6.60529632904266,0.6363826555526373,0.6364297597330522,3.620863044387856,429
5,B,370,False,6.292256829438494,1.736274975458876,1.736292240721695,4.014274535080094,123
5,B,556,False,6.414304807155869,1.7175605771082414,1.7175780304900383,4.065941418822954,51
5,B,429,False,6.282652909106143,1.7688415191072488,1.7688584664984601,4.0257556878023015,92
5,B,46,False,5.852555186086555,1.741900767435249,1.7419179769372475,3.797236581511901,347
5,B,761,False,5.776932596810142,1.7369557449261728,1.7369730034222408,3.7569528001161916,370
5,B,363,False,6.334740717733197,1.7543571017290414,1.7543741890408573,4.044557453387028,69
5,B,808,False,6.291595401270754,1.7687578047096413,1.768774752902956,4.030185077086855,85
5,B,326,False,6.132198656261555,1.69948057930684,1.6994982183652787,3.915848437313417,236
5,B,662,False,6.279644783567803,1.772978261093396,1.7729951689430532,4.026319976255428,90
5,B,683,False,6.264462529058412,1.7573818347342185,1.757398892636345,4.010930710847378,132
5,B,173,False,5.269960772621648,1.2895684177090994,1.2895916635657947,3.2797762180937213,471
5,B,809,False,6.286600288623166,1.768169416507927,1.7681863703409848,4.027393329482075,88
5,B,8,False,6.081551714108009,1.7589734649645017,1.7589905074317114,3.9202711107698605,229
5,B,242,False,6.204756860968994,1.7586195547091252,1.7586366006059824,3.9816967307874878,167
5,B,568,False,6.208065683533831,1.7652692153261864,1.7652861970128169,3.986675940273324,164
5,B,120,False,6.450630442973413,1.7160091829677662,1.7160266521284988,4.0833285475509555,38
5,B,435,False,5.657772259617737,1.731287582389413,1.731304897388505,3.6945385785031206,397
5,B,721,False,5.340967446069765,1.6723465851497583,1.6723645104006786,3.5066659782352216,455
5,B,230,False,6.291725146542447,1.755561600515097,1.7555786761033447,4.0236519113228955,99
5,B,443,False,5.593542254942376,1.7034906616638656,1.7035082591997137,3.6485252570710447,414
5,B,164,False,6.171012062408367,0.8695174574718076,0.8695519326836556,3.520281997546011,452
5,B,436,False,5.793600164755877,1.7501816460674533,1.7501987741445324,3.771899469450205,363
5,B,797,False,6.3676620461595554,1.7529494392857916,1.7529665403190144,4.060314293239285,54
5,B,104,False,6.838979726288664,1.1774642056532865,1.1774896646596813,4.008234695474172,135
5,B,723,False,6.19518626186461,1.5947644580752685,1.5947832553440446,3.894984758604327,264
5,B,717,False,6.293413697507306,1.7725105852540537,1.7725274975647942,4.032970597536051,79
5,B,158,False,4.00049627619855,1.454508366351544,1.4545289761886082,2.727512626193579,493
5,B,235,False,5.826040995864578,1.7221222327596022,1.7221396399103532,3.774090317887466,362
5,B,548,False,5.845358743628554,1.7410111342688424,1.7410283525645769,3.7931935480965655,351
5,B,472,False,5.9077908088300015,1.745851605771599,1.745868776329113,3.826829792579557,329
5,B,818,False,5.969753502480824,1.7090964607675092,1.7091140005844168,3.8394337515326202,316
5,B,181,False,6.1675681150618304,1.766008167237155,1.766025141818196,3.9667966284400134,180
5,B,352,False,6.7062450300152925,1.033330624698291,1.0333596347472664,3.8698023323812794,287
5,B,344,False,6.086839749610442,1.6494789139976287,1.6494970877538524,3.868168418682147,290
5,B,246,False,6.179315277773896,1.7425133211456991,1.742530524598022,3.9609229011859592,193
5,B,119,False,6.3958353018295115,1.75981291702372,1.759829951361545,4.077832626595528,40
5,B,168,False,6.226816628266308,0.6592143140277383,0.6592597868857962,3.443038207576052,460
5,B,518,False,5.780199306705254,1.752180161967075,1.7521972705082633,3.7661982886067586,365
5,B,552,False,5.961276503926233,1.7362978268687224,1.7363150919043153,3.8487957979152743,304
5,B,52,False,5.762816992582421,1.620708321255459,1.620726817626071,3.691771905104246,398
5,B,204,False,5.609295075476762,0.9480332320636962,0.9480648521503061,3.278679963813534,472
5,B,576,False,6.261617915123745,1.7644469170858585,1.7644639066865138,4.013040910905129,127
5,B,89,False,6.9254741129878274,0.6978301690577812,0.6978731257419613,3.8116736193648943,339
5,B,392,False,6.155009171471188,1.7157557655775821,1.7157732373184864,3.935391204394837,216
5,B,590,False,6.249277053065584,1.7564392671924514,1.7564563342483637,4.002866693656974,143
5,B,323,False,5.148736814334255,1.5215511396697667,1.5215708414056868,3.335153827869971,467
5,B,68,False,5.285860298826227,1.6497415560712314,1.6497597269341895,3.4678100128802085,459
5,B,201,False,6.213132874790666,1.2359231820864087,1.235947436909935,3.7245401558503004,384
5,B,537,False,6.5939803010112765,1.1341329304871295,1.1341593621713697,3.864069831591323,294
5,B,309,False,6.104839137330707,1.7675276608815813,1.7675446208701941,3.9361918791004507,215
5,B,272,False,5.9413697035467745,1.7472951566031623,1.7473123129751342,3.8443410082609546,307
5,B,383,False,6.518852760088678,1.6728143648898854,1.6728322851283073,4.095842522608493,32
5,B,829,False,6.04140023640635,1.7539001837875376,1.7539172755508172,3.8976587559785836,261
5,B,83,False,6.298228184871212,1.5304231485111035,1.5304427360356487,3.9143354604534304,240
5,B,618,True,6.462890669396101,1.734237138910333,1.7342544244607079,4.098572546928405,30
5,B,145,False,6.067790365845651,1.6149019574686985,1.6149205203420625,3.841355443093857,314
5,B,153,False,6.47597348938237,1.7132435518963025,1.7132610492566223,4.094617269319496,34
5,B,138,False,5.932176519928271,1.7236816226429668,1.7236990140458788,3.827937766987075,327
5,B,316,False,4.929134454971104,1.4361166575749928,1.436137531349283,3.1826359931601935,475
5,B,773,False,5.774527534933249,1.6270175046921926,1.627035929339132,3.7007817321361904,396
5,B,67,False,6.095455724505483,1.7248054703456934,1.72482285041684,3.910139287461161,246
5,B,641,False,6.280894171222877,1.7688813889093946,1.7688983359186228,4.02489625357075,95
5,B,73,False,6.139720950859877,1.7654455321194398,1.7654625121101086,3.9525917314849925,200
5,B,295,False,6.332362565201689,1.1007979680604556,1.1008252001438157,3.7165938826727523,389
5,B,85,False,6.626917315446872,1.1501286990878032,1.150154763173655,3.8885360393102637,272
5,B,549,False,5.9178796536865255,1.738103747024251,1.7381209941213487,3.828000323903937,326
5,B,696,False,4.427772042614601,0.25586895736686904,0.25598608971905584,2.3418790661668285,500
5,B,286,False,6.2223510817293715,1.7620312434118137,1.7620482563043005,3.992199669016836,156
5,B,701,True,6.486953578273957,1.7639029874028764,1.7639199822425153,4.125436780258236,16
5,B,170,False,6.136105153363822,1.1162782055744986,1.1163050600200048,3.626205106691913,427
5,B,542,False,6.73750577894234,1.3197004885621082,1.3197232036668565,4.028614491304598,87
5,B,609,False,5.890750520957268,1.7069797034010303,1.7069972649681409,3.7988738929627046,346
5,B,178,True,6.6463599357817245,1.6893653754071067,1.6893831200796456,4.167871527930685,8
5,B,603,False,6.25152790671554,1.7717993801684346,1.7718162992677577,4.011672102991649,131
5,B,332,False,6.889136543745908,1.1055564664114348,1.1055835812862733,3.9973600625160906,150
5,B,300,False,6.248615992396793,1.7596380380006942,1.7596550740314354,4.004135533214114,140
5,B,654,False,6.238559605872621,1.6818952513995462,1.6819130748840698,3.960236340378345,194
5,B,50,False,5.099279185395246,1.501997140813338,1.502017099036188,3.3006481422157172,470
5,B,536,False,6.633957155199644,0.846771194599971,0.8468065958587626,3.740381875529203,376
5,B,48,False,4.887087902552521,1.410668019412684,1.4106892697470086,3.1488885861497646,477
5,B,850,False,6.135280537654557,1.7043177561957727,1.704335345191737,3.919807941423147,230
5,B,725,False,6.0864180969775274,1.7043095835357776,1.7043271726160851,3.8953726347968063,263
5,B,238,False,4.870153597071374,1.4064526559902497,1.4064739700142594,3.1383137835428165,478
5,B,124,False,6.459727923952522,1.6846820428759497,1.684699836877278,4.0722138804149,45
5,B,180,False,6.1675681150618304,1.766008167237155,1.766025141818196,3.9667966284400134,181
5,B,236,False,6.013340676606942,1.744000859430587,1.7440180482094414,3.878679362408192,279
5,B,391,False,6.120840053564475,1.7089155505175198,1.708933092191219,3.914886572877847,238
5,B,628,False,4.450047857970869,1.6562115072542152,1.656229607133903,3.053138732552386,484
5,B,278,False,5.3865366715194725,1.7236193100274992,1.7236367020591423,3.5550866867893074,443
5,B,682,False,5.317020704027598,1.7177858750568151,1.7178033261495194,3.517412015088559,453
5,B,838,False,5.730861338160537,1.6970054255116966,1.6970230902971764,3.7139422142288567,392
5,B,690,False,5.407628876800239,1.7212634084780971,1.7212808243140572,3.5644548505571483,439
5,B,796,False,6.361325545934819,1.7537355563069201,1.7537526496746303,4.0575390978047245,57
5,B,747,False,4.482797895336329,1.051704202339513,1.051732705588371,2.76726530046235,491
5,B,824,False,6.270222935012125,1.7652884886458657,1.765305470147093,4.017764202579609,113
5,B,640,False,6.267168426196607,1.7682401756134327,1.7682571287680608,4.017712777482334,114
5,B,802,False,6.360576675450485,1.759011414758262,1.7590284568577925,4.059802566154139,55
5,B,598,False,6.098316881692683,1.7233179147254951,1.7233353097988424,3.9108260957457626,244
5,B,671,False,6.1039242263865106,1.7204676447106912,1.7204850686018744,3.9122046474941925,243
5,B,94,False,6.300427697097279,1.5452464082617425,1.5452658078891992,3.922846752493239,224
5,B,84,False,6.351860078630551,1.3737278908648989,1.3737497126208136,3.8628048956256826,295
5,B,745,False,4.076011571778336,0.4101620862171109,0.4102351664053395,2.2431233690918377,502
5,B,131,False,6.062049292295467,1.7341741236279546,1.7341914098064344,3.8981203510509506,260
5,B,243,False,6.260171127571217,1.7698067835784552,1.7698237217265342,4.014997424648875,120
5,B,853,False,5.737519413658735,1.698617405100234,1.698635053122093,3.7180772333904137,388
5,B,718,False,6.272295296170443,1.7726255632125598,1.7726424744263263,4.022468885298385,104
5,B,564,False,6.301627194638236,1.7309718583255083,1.7309891764827725,4.016308185560504,116
5,B,200,False,6.26520324031795,1.7361908052783321,1.7362080713781594,4.000705655848055,145
5,B,369,False,5.812952580836236,1.5401005346366774,1.5401199990824816,3.6765362899593588,407
5,B,470,False,6.347663314362198,0.9065234240761769,0.9065564919983972,3.6271099031802976,426
5,B,393,False,6.259732506808168,1.7537432394095267,1.753760332702352,4.0067464197552605,137
5,B,244,False,5.996463881735683,1.7077255727234923,1.70774312662046,3.8521035041780713,302
5,B,389,False,6.089109860499994,1.7109129118236832,1.710930433019016,3.9000201467595046,254
5,B,143,False,6.3461568769682675,1.4789137065631321,1.478933976297098,3.9125454266326827,242
5,B,319,False,4.831665950485108,1.351461668855256,1.3514838501331334,3.0915749003091206,481
5,B,845,True,6.575943000291812,1.7006020883867456,1.7006197158127399,4.138281358052276,12
5,B,137,True,6.647042612506753,1.6957715133484539,1.6957891909874143,4.171415901747084,7
5,B,489,False,6.381612765465528,1.7634243505779303,1.763441350030343,4.072527057747935,43
5,B,515,False,5.743405664690748,1.6244650590323715,1.6244835126287647,3.6839445886597564,403
5,B,366,False,6.349717994980286,1.7603526896480894,1.7603697187627678,4.055043856871527,63
5,B,59,False,6.102493766452226,1.7531775147842328,1.7531946135927585,3.9278441900224923,220
5,B,355,False,6.803305754448906,1.1295347331581695,1.1295612724400306,3.966433513444468,183
5,B,161,False,6.148180763040699,0.9787732796533681,0.9788039066886963,3.563492334864698,440
5,B,141,False,6.302573843147255,1.7703367842675675,1.7703537173447783,4.036463780246017,74
5,B,799,False,6.3831491021902105,1.7589216808898105,1.758938723858759,4.071043913024485,46
5,B,798,False,6.388899866973163,1.7519147162251967,1.7519318273586033,4.070415847165883,47
5,B,337,False,6.134248326876957,1.6593412167701842,1.659359282511777,3.896803804694367,262
5,B,543,False,6.650159110617643,1.2737563988795173,1.2737799332978046,3.961969521957724,190
5,B,752,False,6.265289582051367,1.7612233290630375,1.7612403497596607,4.013264965905514,126
5,B,674,False,4.641276653093971,0.273327109462776,0.2734367633529189,2.457356708223445,499
5,B,645,True,6.510999290937506,1.7040796284444972,1.7040972198983189,4.107548255417912,29
5,B,122,False,5.837756339141096,1.6115110804353603,1.611529682367528,3.724643010754312,383
5,B,72,False,6.188660878690734,1.7719764136937635,1.7719933311027598,3.980327104896747,171
5,B,455,False,5.913480646545545,1.749737015499812,1.7497541479293122,3.8316173972374283,321
5,B,289,False,6.238464375353093,1.7648916001054036,1.7649085854253912,4.0016864803892425,144
5,B,505,False,6.1700288264948835,1.1602509325494978,1.1602767692527605,3.665152797873822,410
5,B,350,False,6.60268937943429,1.1758847096847778,1.1759102028880002,3.889299791161145,271
5,B,655,False,5.9357671996398516,1.7472928709556075,1.7473100273500215,3.8415386134949365,313
5,B,733,False,5.942244656135948,1.7303668030660393,1.730384127278862,3.836314391707405,317
5,B,294,False,6.507220969245736,1.6081270780557815,1.6081457191317798,4.057683344188758,56
5,B,727,False,5.859231250840417,1.7426032111368484,1.7426204137017616,3.8009258322710893,344
5,B,820,False,5.590576827719185,1.6800628436998524,1.6800806866238533,3.635328757171519,422
5,B,665,False,6.266857511273203,1.7724061410119978,1.7724230543193364,4.01964028279627,109
5,B,325,False,6.596154813620668,1.551076448781264,1.5510957754921328,4.0736252945564,41
5,B,834,False,6.09336809667988,1.747246892553264,1.7472640493991403,3.92031607303951,228
5,B,354,False,6.628112926802587,1.0166217905696362,1.0166512774037404,3.822382102103164,331
5,B,444,False,5.580568503250083,1.705622706718188,1.705640282257171,3.643104392753627,416
5,B,661,False,6.294071445033051,1.7729510555302488,1.772967963639351,4.033519704336201,77
5,B,425,False,6.130225440437606,1.7065218369580812,1.70653940323698,3.918382421837293,232
5,B,651,False,5.890943517714367,1.7468032699966367,1.7468204311996658,3.8188819744570166,334
6,B,446,False,6.257950487324996,1.741702955131537,1.7417200846738135,3.9998352859994046,87
6,B,333,False,5.936556459456854,1.6976957261253771,1.6977132996906745,3.8171348795737643,274
6,B,659,False,5.909870666586427,1.6289044178501115,1.6289227335677519,3.769396700077089,303
6,B,630,False,5.096211103726046,1.6675935237803385,1.6676114145676604,3.381911259146853,434
6,B,592,False,6.271745987933658,1.7204479383685547,1.7204652795330795,3.9961056337333685,96
6,B,4,False,6.227678380186233,1.7345480855929338,1.7345652857924774,3.981121832989355,113
6,B,791,False,5.95176462307038,1.6749880857081565,1.6750058975139464,3.813385260292163,276
6,B,743,False,4.048296406766282,0.09582212095605862,0.09613297200619772,2.07221468938624,476
6,B,71,False,6.046781011102775,1.7056524771214991,1.705669968708171,3.876225489905473,210
6,B,234,False,5.71698893178114,1.68466317533298,1.6846808848459183,3.7008349083135292,339
6,B,299,False,6.396937803176216,1.7039918031118793,1.7040093117453026,4.050473557460759,40
6,B,462,False,5.577967713113875,1.6741712752509665,1.6741890957468557,3.6260784044303653,379
6,B,215,False,6.069378220865517,1.6769477309246112,1.6769655219161272,3.8731718713908223,221
6,B,349,False,6.568018859801149,1.0965837339733266,1.0966109406061526,3.8323149002036505,260
6,B,677,False,6.121740977280449,1.6977950579333674,1.6978126304705103,3.90977680387548,184
6,B,782,False,5.8218873973845975,1.533425012231411,1.5334444683714927,3.677665932878045,354
6,B,632,False,6.879126254371231,1.1311047713345634,1.1311311476473636,4.005128701009298,75
6,B,694,False,6.180564105290568,1.7284315409382567,1.728448802004972,3.95450645364777,144
6,B,491,False,6.329498205060054,1.7082479653997014,1.7082654304101708,4.018881817735113,58
6,B,162,False,6.111157351146319,0.9420208803676766,0.9420525508117471,3.5266049509790327,410
6,B,199,False,6.0074505077834885,1.6583303845951418,1.658348375316145,3.8328994415498165,259
6,B,585,False,6.183459625844287,1.7231135001468012,1.7231308144857682,3.9532952201650273,147
6,B,580,False,6.302596445341328,1.6609178948163763,1.6609358575103044,3.9817661514258162,112
6,B,87,False,6.942947152168635,0.8607701089560831,0.8608047687568268,3.901875960462731,190
6,B,475,False,3.134487240981107,1.0101114987489697,1.010141034384366,2.0723141376827368,475
6,B,521,False,5.750194612120563,1.7140988651040279,1.7141162705000916,3.732155441310327,325
6,B,800,True,6.402468935085452,1.7236807688028533,1.723698077443675,4.063083506264563,30
6,B,258,False,6.972096698728241,0.6841322701041637,0.6841758782945385,3.8281362885113897,261
6,B,746,False,4.468383129942503,1.0314373129209309,1.0314662379000958,2.7499246839212996,462
6,B,125,False,5.735048371827971,1.6902810049295527,1.6902986555836472,3.712673513705809,334
6,B,610,False,5.917134748461471,1.674934098442354,1.6749519108222564,3.796043329641864,284
6,B,210,True,6.673847064402438,1.669270639135683,1.6692885119483327,4.171567788175386,11
6,B,768,False,6.25854293206913,1.668235064440371,1.6682529483476405,3.963397940208385,126
6,B,193,False,6.110311262733407,1.7305469644403682,1.730564204407337,3.920437733570372,174
6,B,560,False,6.437243613211807,1.4221108453522724,1.4221318243787324,3.92968771879527,163
6,B,822,False,5.141783858488116,1.0992002745571556,1.0992274164288085,3.1205056374584625,450
6,B,245,False,4.151923384161162,0.7419095430063137,0.7419497553379637,2.4469365697495626,469
6,B,280,False,6.317343141927992,1.7367059378029026,1.7367231166314585,4.027033129279725,51
6,B,25,False,5.996705402228466,1.7316658757112349,1.7316831045387562,3.8641942533836113,234
6,B,504,False,6.022701590306491,1.2260400339807767,1.2260643679537429,3.624382979130117,381
6,B,23,False,5.27115396554031,1.6133348288360492,1.613353321308656,3.442253643424483,428
6,B,620,False,6.337257113139966,1.6880729885741166,1.6880906623152017,4.012673887727583,63
6,B,658,False,5.7772820501549935,1.6256922628761443,1.6257106147828355,3.7014963324689143,338
6,B,578,False,6.2674166172164,1.657334759719334,1.6573527612479395,3.9623846892321697,130
6,B,44,False,6.117343066085096,1.7359122600941268,1.7359294467769495,3.9266362564310224,167
6,B,343,False,5.715722435877823,1.6157120822467919,1.6157305475110912,3.665726491694457,364
6,B,14,False,6.210647461716646,1.7390652902164199,1.7390824457390592,3.9748649537278524,117
6,B,121,True,6.51481607702071,1.6714564934997729,1.6714743429394252,4.093145209980068,22
6,B,390,True,6.8776054542917135,1.4811778605314312,1.4811980029593257,4.179401728625519,10
6,B,496,False,6.324277394469693,1.3316368230396032,1.331659227399125,3.827968310934409,262
6,B,547,False,6.72887191304574,1.0165344421622187,1.0165637911829635,3.8727178521143517,222
6,B,267,False,6.0742991616959365,1.733028610249536,1.7330458255296266,3.9036724936127816,187
6,B,189,False,6.037286589601219,1.7016498826740905,1.7016674154037776,3.8694770025024985,225
6,B,664,False,5.808426362909691,1.718668698316524,1.7186860574331897,3.76355621017144,305
6,B,397,False,6.202185766812887,1.7218454138365682,1.7218627409268863,3.9620242538698864,131
6,B,195,False,6.150001683815523,1.7295328918499175,1.7295501419250514,3.939775912870287,154
6,B,187,False,6.662860887670938,1.2852282065109986,1.2852514198606064,3.974056153765772,119
6,B,499,False,6.311178221748346,0.9410670365815934,0.9410987391250129,3.6261384804366794,378
6,B,231,False,6.260220782087231,1.719952569075233,1.719969915234194,3.9900953486607125,102
6,B,795,False,6.379386253870825,1.7270043499085652,1.72702162523963,4.053203939555227,36
6,B,380,False,5.766598362546027,1.701371129848216,1.7013886654504378,3.7339935139982323,324
6,B,492,False,5.779958687009783,1.6526152077490959,1.6526332606860525,3.7162959738479175,333
6,B,26,False,5.872271762683466,1.6862502530102714,1.6862679458554122,3.7792698542694394,296
6,B,500,False,6.3446286690627645,0.7784426004337744,0.7784809256573496,3.561554797360057,402
6,B,577,False,6.30442077319359,1.7320408733148838,1.732058098412294,4.0182394358029425,60
6,B,103,False,6.344901470408697,1.5808258983884054,1.5808447711453948,3.962873120777046,129
6,B,729,False,5.977062631747421,1.7328877425631986,1.7329049592427177,3.854983795495069,245
6,B,606,False,6.27239772859148,1.7410939174585942,1.7411110529927551,4.006754390792118,73
6,B,468,False,6.301843626636865,0.9750276305688527,0.9750582289355534,3.6384509277862094,376
6,B,285,False,6.125571588759136,1.7341305515076544,1.734147755848523,3.92985967230383,162
6,B,833,False,6.0576274240563155,1.6904038896075761,1.6904215389785617,3.8740244815174387,219
6,B,754,False,6.158691262968548,1.727349241795403,1.7273665136772163,3.9430288883228823,153
6,B,302,False,6.2696514871204485,1.7392171723025376,1.7392343263270367,4.004442906723742,78
6,B,493,False,5.703809476706454,1.6468024890527484,1.6468206057104562,3.675315041208455,358
6,B,572,False,6.285250285557829,1.7239184794560172,1.7239357857101794,4.004593035634004,77
6,B,479,False,5.934744900086622,1.6432872623868544,1.6433054177982584,3.78902515894244,292
6,B,653,False,5.778462781603365,1.6105034736916362,1.61052199867467,3.6944923901390174,343
6,B,395,False,5.067223861042648,1.662801877018588,1.6628198193607047,3.3650218402016763,435
6,B,507,False,6.1580853534415185,0.9032706502680274,0.9033036793226584,3.5306945163820886,407
6,B,481,False,5.29602662811302,1.6432069966924499,1.6432251529906812,3.4696258905518507,421
6,B,669,False,5.166198975399762,1.6552413978187308,1.6552594221133836,3.410729198756573,431
6,B,451,False,6.17541649196408,1.7358013807085733,1.7358185684892347,3.9556175302266574,142
6,B,769,False,6.304010971299047,1.669415799663295,1.6694336709218687,3.986722321110458,105
6,B,334,False,5.85097076165534,1.704563356143152,1.704580858905858,3.777775810280599,299
6,B,811,False,6.24969084885771,1.7359531083305573,1.7359702946089688,3.9928305717333394,99
6,B,736,False,5.560886042339588,1.6940846214593182,1.694102232483975,3.6274941374117815,377
6,B,293,False,7.304325392781143,0.3444246871513937,0.3445112981624293,3.8244183454717864,264
6,B,284,False,5.951387097098106,1.7254038316008364,1.7254211229566752,3.8384041100273905,252
6,B,581,False,6.288417445568717,1.6941252733663676,1.6941428839684383,3.9912801647685776,101
6,B,186,False,5.86796076306656,1.6854012935769227,1.6854189953340952,3.776689879200328,300
6,B,81,False,7.116840748351662,0.5281834282997623,0.5282399108101516,3.822540329580907,266
6,B,329,True,6.887063694566466,1.497932237374597,1.497952154512384,4.1925079245394254,8
6,B,463,False,6.023177468542902,1.7280707641336133,1.7280880288039602,3.875632748673431,212
6,B,60,False,5.713482056545742,1.6778934687968063,1.6779112497606081,3.695696653153175,342
6,B,502,False,5.776415709705152,1.7079178243257944,1.7079352927122216,3.7421755012086866,320
6,B,292,False,6.345275590075586,1.6774996154621986,1.6775174006006766,4.011396495338131,66
6,B,171,False,6.119680110397694,0.7895106980103954,0.7895484859811263,3.4546142981894103,425
6,B,634,False,6.17204843640674,1.7348176359260925,1.7348348334531514,3.9534416349299457,146
6,B,155,False,5.517131476498816,1.6896206144034196,1.6896382719562244,3.6033848742275203,388
6,B,570,False,6.314399102163403,1.6787882277645811,1.678805999251602,3.9966025507075025,94
6,B,619,True,7.5123089810305,1.5461891908302645,1.546208486357055,4.529258733693778,1
6,B,191,False,6.045578505817549,1.7034159870946657,1.7034335016465776,3.874506003732063,215
6,B,589,False,6.203845911838806,1.7178650566256684,1.7178824238630936,3.9608641678509495,134
6,B,129,True,6.43984384390592,1.6930787843541792,1.6930964058412183,4.066470124873569,27
6,B,685,False,5.816958252134987,1.6530445809282195,1.653062629176033,3.7350104406555102,323
6,B,22,False,6.281526517526967,1.7412769817903315,1.7412941155230135,4.01141031652499,65
6,B,367,False,6.374115701915027,1.7277519111841313,1.7277691790406047,4.050942440477816,37
6,B,554,False,6.158568130614679,1.655091601103675,1.6551096270296275,3.9068388788221533,185
6,B,573,False,6.3047318480599905,1.728909759042418,1.7289270153347536,4.0168294316973725,62
6,B,105,False,6.4992614531906066,0.820036799019047,0.8200731803855262,3.6596673167880662,367
6,B,317,False,4.951248496451004,1.419145808620135,1.4191668314776538,3.185207663964329,444
6,B,90,False,6.721157844675563,1.0670244472180368,1.0670524075241965,3.8941051260998796,198
6,B,566,False,6.233328556562155,1.7395601169336725,1.7395772675763843,3.9864529120692698,108
6,B,133,False,6.137132679578944,0.8684127550854618,0.8684471098675781,3.5027898947232607,414
6,B,593,False,6.21007164417667,1.7166545699451785,1.7166719494288631,3.963371796802767,127
6,B,666,False,6.208624006997747,1.7408795677677695,1.7408967054117608,3.9747603562047535,118
6,B,841,False,5.792180890873805,1.7025252390696803,1.7025427627849758,3.7473618268293905,315
6,B,626,False,6.247310847672665,1.741175469121347,1.7411926038529366,3.9942517257628007,98
6,B,442,False,4.882806286908177,1.6646859377959575,1.6647038598314816,3.2737550733698293,442
6,B,357,False,6.549921205591524,1.2636016122668718,1.2636252229065645,3.906773214249044,186
6,B,279,False,5.66494431101159,1.6868665623970065,1.6868842487780011,3.6759142798947955,356
6,B,837,False,6.056655559277058,1.6928072817512498,1.6928249060644995,3.8747402326707787,214
6,B,565,False,6.52877658596222,0.9917826729941976,0.9918127544520399,3.76029467020713,307
6,B,237,False,6.06248850461551,1.6788018476290056,1.6788196189718505,3.8706540617936804,223
6,B,433,False,7.174400926539815,0.7371494867337549,0.7371899587176057,3.9557954426287103,141
6,B,149,False,5.907399560019452,1.7317533401040894,1.7317705680614557,3.819585064040454,269
6,B,58,False,4.83661299552111,0.16432048026084972,0.16450194429058634,2.500557469905848,465
6,B,135,False,6.2665069402333105,1.4457519951914746,1.4457726311707373,3.856139785702024,243
6,B,494,False,5.733355990448811,1.6502018368098623,1.6502199161484115,3.6917879532986113,346
6,B,744,False,4.049831471048289,0.20944698232203648,0.20958937913461725,2.1297104250914534,474
6,B,567,False,6.021974858150211,1.708338077825285,1.7083555419145091,3.8651652000323597,231
6,B,432,False,6.197024042037829,1.7189276995253977,1.7189450560264872,3.957984549032158,138
6,B,374,False,6.07593037106161,1.5793383563006673,1.5793572468332555,3.8276438089474327,263
6,B,1,False,5.379435711813347,1.6851525413864121,1.6851702457565851,3.532302978784966,406
6,B,601,False,6.369346153440805,1.5445833515992529,1.5446026671865514,3.9569744103136784,139
6,B,82,False,6.950485132795579,0.8320874301655237,0.8321232846650141,3.8913042087302965,202
6,B,353,False,6.658685005667259,1.1829237677602795,1.1829489886611353,3.920816997164197,171
6,B,596,False,6.299460109295687,1.7388209276761402,1.7388380856096806,4.019149097452684,57
6,B,739,False,5.93006266304584,1.7046803620929365,1.704697863654299,3.8173802633500697,272
6,B,860,False,6.764187539864061,1.0921862813438712,1.0922135975156053,3.928200568689833,166
6,B,241,False,4.787942048020865,1.3037898015958944,1.3038126844710816,3.045877366245973,453
6,B,18,False,5.506808813689106,1.6877335146675405,1.6877511919635182,3.597280002826312,391
6,B,506,False,6.10556641678212,1.1008609578501893,1.100888058778486,3.6032272377803034,389
6,B,273,False,6.332494417864963,1.6577563887565465,1.6577743857067442,3.9951344017858537,97
6,B,533,False,6.126324744035344,1.738359126550082,1.738376289041642,3.932350516538493,158
6,B,668,False,5.202979436065641,1.643909470880115,1.643927619419896,3.423453527742769,429
6,B,584,False,5.251166918567231,1.667615894456864,1.6676337850041876,3.459400351785709,424
6,B,574,False,6.27584385059174,1.721233910482215,1.7212512437282723,3.9985475471600065,90
6,B,197,True,6.420107706522614,1.726437585054282,1.7264548660565349,4.073281286289575,25
6,B,259,False,6.993411772461379,0.7370513509350926,0.7370918283073499,3.8652518003843648,230
6,B,629,False,6.1470134192909365,1.655096988804764,1.6551150146720388,3.9010642169814878,191
6,B,458,False,1.9839769775649936,0.3780229462839443,0.378101861089602,1.1810394193272977,481
6,B,190,False,6.03280894145612,1.7017477197024906,1.7017652514241948,3.8672870964401573,228
6,B,430,False,6.304445140959964,1.7358941228497824,1.7359113097121759,4.02017822533607,56
6,B,828,False,6.182498113652931,1.7296377817848267,1.7296550308138796,3.9560765722334055,140
6,B,13,False,6.075574131789476,1.5949227102335792,1.5949414161846363,3.835257773987056,254
6,B,93,False,6.923086782555038,0.9354471542812723,0.9354790472774671,3.9292829149162527,164
6,B,118,True,6.474172538980281,1.7228930780628988,1.7229103946169912,4.098541466798636,21
6,B,519,False,5.794934934147179,1.7178027729121605,1.7178201407792768,3.756377537463228,311
6,B,482,False,5.512780619769281,1.685176474034312,1.6851941781530528,3.5989873989611665,390
6,B,96,False,6.9250274936551115,0.8600053217055896,0.8600400123274275,3.8925337529912696,200
6,B,831,False,5.955697949574105,1.7137916327017764,1.7138090412180838,3.8347534953960944,255
6,B,342,False,5.7396751399165105,1.592642336253693,1.5926610689879528,3.6661681044522316,363
6,B,693,False,5.15094756613225,1.456071881768546,1.4560923714926952,3.3035199688124726,438
6,B,678,False,5.952538355365722,1.7265341022076708,1.7265513822438863,3.839544868804804,250
6,B,101,False,6.509794285077104,1.2423340148261637,1.2423580296501977,3.8760761573636504,211
6,B,358,False,6.44327903048272,1.4261235646940718,1.4261444846921902,3.934711757587455,155
6,B,520,False,5.785726411285041,1.714307661128081,1.7143250644042565,3.750025737844649,313
6,B,605,False,6.256161386074565,1.7413945746832389,1.7414117072589255,3.998786546666745,89
6,B,19,False,5.506808813689106,1.6877335146675405,1.6877511919635182,3.597280002826312,392
6,B,150,True,6.535386602209271,1.7074092495400957,1.7074267231296631,4.121406662669467,14
6,B,777,False,6.263713545768654,1.7092710522006147,1.7092885067574823,3.9865010262630682,107
6,B,247,False,6.3358350221820965,1.6735050287212205,1.6735228563116311,4.004678939246864,76
6,B,544,False,6.8312983030718355,0.8398391652275513,0.8398746888032388,3.835586495937537,253
6,B,778,False,6.256262530218638,1.7367203895069594,1.7367375681925672,3.996500049205603,95
6,B,676,False,6.046726178689201,1.7312146016099994,1.7312318349284985,3.8889790068088494,203
6,B,741,False,5.100853829176577,1.668059414936779,1.6680773007272343,3.3844655649519058,433
6,B,335,False,5.7082015705973,1.654418255392454,1.6544362886548512,3.6813189296260758,352
6,B,51,False,6.148950653591804,0.9038725867209797,0.9039055937806236,3.526428123686214,411
6,B,667,False,5.594974173300312,1.69390142069364,1.6939190336229648,3.6444466034616387,375
6,B,177,False,5.104710921873127,0.4719088712554338,0.4719720883821462,2.7883415051276366,459
6,B,98,False,7.117404999380839,0.4955905932090961,0.4956507898909984,3.8065278946359187,277
6,B,331,False,7.29014830306621,0.26623408376813806,0.2663461221833103,3.77824721262476,298
6,B,146,False,5.448897479145241,0.4793686896079168,0.47943092309386776,2.9641642011195546,456
6,B,770,False,6.335464028626875,1.6688986387282614,1.6689165155247494,4.002190272075812,82
6,B,569,False,2.574076512935016,0.2885688597896006,0.2886722298429432,1.4313743713889797,478
6,B,522,False,5.875794608767658,1.6866302867774479,1.6866479756360553,3.7812212922018564,295
6,B,807,False,6.288393407886142,1.7335271237095549,1.733544334039066,4.0109688709626035,68
6,B,263,False,6.086426606998709,1.6874567605551283,1.6874744407502693,3.8869505238744892,206
6,B,175,False,5.007380183819912,0.27892634067203886,0.2790332828945701,2.643206733357241,464
6,B,139,False,4.197356370807576,0.792809447961462,0.7928470787101287,2.495101724758852,466
6,B,66,False,6.063664289992484,1.6938224298922657,1.6938400436429546,3.8787521668177196,209
6,B,783,False,5.801125413334964,1.5332807177939531,1.5333001757649958,3.66721279454998,362
6,B,364,False,5.806652019711188,1.6719148327731168,1.6719326773195702,3.739292348515379,321
6,B,297,False,6.362409904286871,1.7173078447256631,1.7173252175981488,4.039867560942509,47
6,B,749,False,4.49753481924823,1.0566419644040246,1.0566701994387004,2.7771025093434654,460
6,B,839,False,5.5471944248499545,1.6422871808400414,1.6423053473071803,3.594749886078567,394
6,B,318,False,4.07363259377839,0.4641720382550157,0.46423630894194673,2.268934451360168,471
6,B,182,False,6.06272110431672,1.7302019611312731,1.7302192045358675,3.896470154426294,197
6,B,79,False,7.026855854654488,0.7689679478722183,0.7690067452870863,3.897931299970787,193
6,B,448,False,5.952578221679198,1.716547495715785,1.71656487628355,3.8345715489813736,257
6,B,271,False,6.421512868477446,1.1695077723120622,1.1695332825279277,3.795523075502687,285
6,B,863,False,6.044944347506526,1.6793670761406405,1.6793848415022061,3.862164594504366,236
6,B,687,False,6.131617550396118,1.7075920713923625,1.7076095431111544,3.919613546753636,175
6,B,852,False,5.5312479428564405,1.6537864515986638,1.6538044917503176,3.592526217303379,395
6,B,117,False,5.743497601295815,1.7158646351319669,1.7158820226165854,3.7296898119562005,327
6,B,239,False,4.914879385317056,1.4059892314198172,1.4060104509962632,3.160444918156659,446
6,B,261,False,5.607512678039878,1.6178895661930663,1.6179080066056337,3.612710342322756,385
6,B,804,False,6.260924161524299,1.735782755801118,1.7357999437662022,3.9983620526452506,92
6,B,657,False,2.51808951810351,0.20871311989467792,0.20885601705097476,1.3634727675772425,479
6,B,679,False,6.112358110901846,1.732348253955597,1.7323654759966882,3.922361793449267,169
6,B,163,False,6.263697930628278,1.3462051432746653,1.346227305183411,3.8049626179058444,279
6,B,211,True,7.240181881880971,1.3394459319642167,1.3394682057061733,4.289825043793572,2
6,B,594,False,6.2166753663119,1.7172289849979718,1.7172463586682578,3.966960862490079,122
6,B,484,False,5.607488195086023,1.6892483906569606,1.689266052100544,3.6483771235932836,371
6,B,260,False,5.668170921536796,1.6229196548816414,1.6229380381405116,3.645554479838654,373
6,B,790,False,6.216662197506927,1.7099736644771206,1.7099911118621463,3.9633266546845363,128
6,B,457,False,5.99495280238317,1.728304059484918,1.7283213218248143,3.861637062103992,237
6,B,517,False,5.61994973899358,1.7054469392658678,1.7054644329605773,3.662707085977079,365
6,B,823,False,5.293113674392103,1.337615234590562,1.337637538816473,3.315375606604288,437
6,B,602,False,6.277134357083767,1.6799724172684742,1.6799901762287501,3.9785622666562586,115
6,B,652,False,5.615889834033728,1.6881933792982806,1.6882110517790052,3.6520504429063667,370
6,B,126,False,5.706928202193845,1.6945084199803646,1.6945260266005295,3.7007271143971874,340
6,B,209,False,6.251889168644234,1.7416013258792893,1.7416184564211317,3.996753812532683,93
6,B,806,False,6.28321424269597,1.735960039262418,1.7359772254722128,4.009595734084091,70
6,B,156,False,5.982992502248377,1.7326798289146532,1.7326970476600747,3.857844774954226,241
6,B,287,False,6.078021537333896,1.726116483945027,1.726133768161949,3.9020776527479226,189
6,B,722,False,5.3178659647788,1.6329899229279412,1.6330081928228133,3.4754370788008067,420
6,B,214,False,6.057407524056982,1.6812299736500806,1.681247719326833,3.8693276216919075,226
6,B,420,False,2.6410943904385773,0.4761919027551677,0.47625455136073397,1.5586744708996556,477
6,B,445,False,6.259164715701406,1.7417136141601477,1.7417307435975948,4.0004477296495,86
6,B,509,True,6.853905921804979,1.5700858848444699,1.570104886697086,4.212005404251032,6
6,B,464,False,6.2563547821650625,1.2895337607414858,1.2895568965866944,3.7729558393758786,301
6,B,268,False,6.265077115935759,1.7368198666752792,1.7368370443769794,4.000957080156369,84
6,B,816,False,6.279358165075662,1.7416788381866215,1.7416959679660875,4.010527066520875,69
6,B,324,False,4.218262829158414,0.6871337482180794,0.6871771659349966,2.4527199975467053,467
6,B,637,False,4.669996745755302,1.1271778618638164,1.1272043300653665,2.898600537910334,457
6,B,639,False,6.373959198973239,1.7271733912475873,1.7271906648879034,4.050574931930571,39
6,B,635,False,6.244179345411018,1.7291251661858356,1.729142420328476,3.9866608828697467,106
6,B,428,False,5.778479162398065,1.699217276316346,1.699234834145701,3.738856998271883,322
6,B,136,False,6.271675584486509,1.4538351809341057,1.4538557021809044,3.8627656433337068,235
6,B,497,False,6.239020889029796,1.0840660053510258,1.0840935261313744,3.661557207580585,366
6,B,269,False,6.2611411584981465,1.7364643051391766,1.736481486358179,3.9988113224281627,88
6,B,362,False,4.352583882637491,1.6199532570426654,1.6199716739638896,2.9862777783006904,454
6,B,819,False,5.924459190297032,1.6730709102732546,1.6730887424894123,3.798773966393222,281
6,B,17,False,5.326506654464193,1.5992766068984654,1.5992952619247316,3.4629009581944623,423
6,B,347,False,5.448518601759898,1.6644312994524373,1.664449224229792,3.556483912994845,404
6,B,751,False,6.009480900225522,1.7086191194577494,1.7086365806744281,3.8590587404499748,240
6,B,540,False,6.59870986788777,1.107785900738557,1.1078128322588445,3.853261350073307,247
6,B,20,True,6.466856094788454,1.7062887939008071,1.7063062789645058,4.08658118687648,23
6,B,712,False,6.341193355572254,1.741143385783415,1.7411605208307364,4.041176938201495,45
6,B,459,False,2.2560156216846456,0.37805876263984506,0.3781376699708687,1.3170766458277572,480
6,B,116,False,6.273908304645612,1.7336644644542376,1.7336816734203617,4.003794989032987,79
6,B,550,False,5.806913224398296,1.6961417180426985,1.696159307708761,3.7515362660535287,312
6,B,490,False,6.1892511886265975,1.7118394802426866,1.7118569086111661,3.9505540486188817,148
6,B,756,False,6.121918415559378,0.8575172699048579,0.8575520611760593,3.4897352383677185,416
6,B,849,False,6.0070666755064615,1.6726677099760743,1.6726855464906818,3.8398761109985715,249
6,B,16,False,6.0036730899839394,1.6635865300583057,1.6636044639377656,3.8336387769608526,258
6,B,99,False,6.891989088400257,0.8198607259955635,0.8198971151749463,3.8559431017876014,244
6,B,586,False,6.162550878859296,1.7029744007995946,1.702991919893035,3.9327713993761657,157
6,B,508,False,6.139066663173486,1.4972873772046666,1.4973073029203645,3.818186983046925,270
6,B,15,False,5.714531499453111,1.6856437306536747,1.6856614298649255,3.700096464659018,341
6,B,471,False,6.269637621285216,1.114983519177344,1.1150102768491963,3.692323949067206,345
6,B,303,False,6.264070739913274,1.7374126469479096,1.7374298187888824,4.000750279351078,85
6,B,836,False,5.734620697517214,1.6535678905570133,1.6535859330931058,3.69410331530516,344
6,B,86,False,6.855589801741594,0.7871560003650601,0.787193901369253,3.8213918515554237,268
6,B,123,True,6.760861026172245,1.45993504542814,1.4599554809347755,4.11040825355351,15
6,B,847,True,6.8515823104908185,1.6520641095126443,1.6520821684716633,4.2518322394812404,3
6,B,780,False,6.873157262136582,1.0733236830062562,1.0733514792202699,3.9732543706784256,120
6,B,698,False,5.493384362237568,0.11341584609672098,0.1136785977572822,2.803531479997425,458
6,B,689,False,6.399143998317002,1.722719305568921,1.7227366238697348,4.060940311093368,32
6,B,194,False,6.132170166957856,1.7322055863558392,1.732222809815355,3.932196488386605,159
6,B,477,False,5.277649799589565,1.6871251174324504,1.687142801103003,3.482396300346284,419
6,B,474,False,5.699411576342702,1.7151533509056824,1.7151707456009206,3.7072911609718115,336
6,B,296,False,6.362409904286871,1.7173078447256631,1.7173252175981488,4.039867560942509,48
6,B,174,False,5.685809515547979,1.5631477280740584,1.5631668142668962,3.624488164907438,380
6,B,91,False,6.489284681089835,1.1072895789747275,1.1073165225662696,3.798300601828052,282
6,B,240,False,4.868672840580045,1.3818037165644779,1.3818253075384133,3.125249074059229,449
6,B,753,False,6.1928006178050214,1.7294006635372716,1.7294179149313165,3.961109266368169,132
6,B,454,False,5.869122093924891,1.7169800380850193,1.7169974142743083,3.7930597540995996,289
6,B,417,False,6.288675261839945,1.708070784940117,1.7080882517622369,3.998381756801091,91
6,B,814,False,6.2857168906097165,1.6937091176368064,1.6937267325658754,3.989721811587796,103
6,B,480,False,5.924656112166446,1.6405417662442177,1.640559952038914,3.78260803210268,293
6,B,422,False,5.674378654522105,1.631873983555963,1.6318922659443649,3.653135460233235,369
6,B,498,False,6.271380964319862,1.1110167716674664,1.1110436248719606,3.6912122945959114,348
6,B,534,False,6.124157008238047,1.7382823256933801,1.7382994889432066,3.9312282485906267,161
6,B,102,False,6.4812581543301135,1.1545079121573563,1.1545337538054765,3.817895954067795,271
6,B,198,False,6.7170876501441965,0.7303230477899265,0.7303638980504131,3.723725774097305,330
6,B,77,False,7.691250735615854,0.23083556291784574,0.23096477339591331,3.9611077545058837,133
6,B,781,False,4.060116377717037,0.27747445116736935,0.2775819527506421,2.1688491652338397,473
6,B,591,False,6.25834880537916,1.7142275677042997,1.714244971793596,3.9862968885863777,109
6,B,734,False,5.493764360362951,1.6420198918355773,1.642038061259832,3.5679012108113914,398
6,B,478,False,5.428106189490465,1.6088955357746444,1.6089140792714218,3.5185101343809433,412
6,B,419,False,6.290152394562526,1.6928512416020751,1.6928688654576627,3.991510630010094,100
6,B,232,False,5.367215157110874,1.6887202018858074,1.688737868853384,3.5279765129821294,409
6,B,21,False,6.125708783317056,1.7158550662318395,1.715872453813423,3.9207906185652392,173
6,B,371,False,6.140603330959667,1.7010029583911315,1.7010204977887857,3.9208119143742266,172
6,B,7,False,4.8976965165231094,1.6623847474112454,1.6624026942554493,3.280049605389279,441
6,B,467,False,6.441910452410096,0.6817855132895317,0.6818292715729481,3.5618698619915223,401
6,B,345,False,6.180842153192585,1.739854844685209,1.7398719924226667,3.960357072807626,135
6,B,856,False,6.1267201645925455,1.6936568513753836,1.6936744668480437,3.9101973157202945,183
6,B,379,False,6.140952509858203,1.5897370800817927,1.5897558470498578,3.8653541784540306,229
6,B,760,False,5.834278377814903,1.626308976318779,1.6263273212663132,3.730302849540608,326
6,B,301,False,5.4534428586087556,1.6656505715549736,1.6656684832113613,3.5595556709100586,403
6,B,53,False,5.841908045407206,1.7002621719325959,1.7002797189719034,3.7710938821895548,302
6,B,827,False,5.755464450660311,1.0337352937170607,1.0337641543981513,3.394614302529231,432
6,B,132,False,5.989051893565325,1.4547918421531214,1.4548123499054781,3.7219321217354016,331
6,B,688,False,6.358462084325441,1.7309965768998574,1.731013812388928,4.044737948357184,42
6,B,134,False,5.962894707776432,1.2696960222629115,1.2697195195760702,3.616307113676251,383
6,B,298,True,6.517258981453519,1.6921303812315893,1.6921480125949946,4.104703497024257,17
6,B,840,False,7.13789610891215,0.7310701110777179,0.7311109195966189,3.9345035142543843,156
6,B,440,False,5.892803901961617,1.6717167245664848,1.6717345712275986,3.782269236594608,294
6,B,453,False,6.201569678857993,1.7292698712366708,1.7292871239355014,3.965428401396747,124
6,B,221,False,7.644777589038089,0.27166758166047816,0.27177738016155695,3.9582774845998228,137
6,B,757,False,6.203725099658097,1.7320158737543572,1.7320330991003885,3.967879099379243,121
6,B,179,False,6.019656699574154,1.7291961628307175,1.7292134162649513,3.8744350579195523,216
6,B,513,False,5.704435192086316,1.586523219295411,1.5865420242797548,3.6454886081830353,374
6,B,283,False,6.127734495695721,1.5794539067357694,1.5794727958863715,3.853603645791046,246
6,B,861,False,6.7428839258404745,1.1013249203951523,1.1013520099067398,3.922117967873607,170
6,B,147,False,5.538586685330564,0.6389608912863954,0.6390075821426,3.0887971337365823,452
6,B,792,False,6.382579797174346,1.7256782756179374,1.7256955642238654,4.054137680699106,34
6,B,728,False,5.803670938738096,1.7100055244012184,1.7100229714611768,3.756846955099636,310
6,B,571,False,6.072138207019653,1.6860728578928392,1.6860905525994603,3.8791143798095566,208
6,B,78,False,6.755050873980168,1.0306259951346755,1.0306549428831973,3.8928529084316827,199
6,B,185,False,6.936205457520078,0.5520723119110567,0.5521263505947219,3.7441659040574,319
6,B,399,False,5.64625265043146,1.7069373451494683,1.706954823569781,3.6766037370006206,355
6,B,95,False,6.362087453355317,1.3776217001544504,1.3776433566706099,3.8698654050129635,224
6,B,152,True,6.4654966721574505,1.6640137491703686,1.6640316784455316,4.064764175301491,28
6,B,361,False,6.341792961881399,1.7154210712344622,1.715438463214993,4.028615712548196,50
6,B,516,False,5.86436179912082,1.7218888792265123,1.7219062058794496,3.7931340025001345,288
6,B,183,False,5.678068219338396,1.7051502945871657,1.7051677913252188,3.6916180053318075,347
6,B,396,False,5.242847322850993,1.6879362374454574,1.687953912618397,3.465400617734695,422
6,B,801,False,6.3512796545305115,1.727867698931134,1.7278849656304665,4.039582310080489,49
6,B,854,False,5.485276294471732,1.6449418709447596,1.6449600080942617,3.565118151282997,400
6,B,45,False,6.08897091673029,1.674310575372777,1.6743283943860434,3.8816496555581663,207
6,B,538,False,6.5514495940487745,1.125822347487414,1.1258488475564996,3.838649220802637,251
6,B,62,False,6.597042421805386,0.609741679326255,0.6097906074627818,3.603416514634084,387
6,B,370,False,6.13335777977644,1.6969521432442498,1.6969697245099806,3.9151637521432106,179
6,B,556,False,6.343644607819402,1.6785663600796443,1.6785841339156202,4.011114370867511,67
6,B,429,False,6.316177955489394,1.7359821388140444,1.7359993248050563,4.026088640147226,52
6,B,46,False,5.78412137971974,1.7074862914032252,1.7075037642043915,3.7458125719620656,316
6,B,761,False,5.740443195144146,1.702507747485315,1.7025252713806476,3.7214842332623967,332
6,B,363,True,6.481414212410536,1.715728547238591,1.7157459361023337,4.098580074256435,20
6,B,808,False,6.2841725455403585,1.7348173103782807,1.7348345079085665,4.009503526724463,71
6,B,326,True,6.774924023768107,1.5249644728518768,1.524984036933708,4.149954030350908,13
6,B,662,False,6.264607480474911,1.7417044992763957,1.7417216288034856,4.0031645546391985,80
6,B,683,False,6.366005428770114,1.7182491138523481,1.7182664772079463,4.04213595298903,44
6,B,173,False,5.26579065025789,1.2760546012328224,1.2760779814610406,3.2709343158594653,443
6,B,809,False,6.276796690005167,1.7340150999243586,1.7340323054106894,4.005414497707928,74
6,B,8,False,6.047585029366239,1.7268918866119978,1.7269091630681017,3.8872470962171706,205
6,B,242,False,6.1683706558405795,1.7248707225512192,1.7248880192512763,3.946629337545928,152
6,B,568,False,6.051740272183825,1.7318109865300342,1.7318282139139427,3.891784243048884,201
6,B,120,True,6.670674093274104,1.5364318073317746,1.5364512253966967,4.103562659335401,18
6,B,435,False,5.663607679516418,1.6954517336174355,1.6954693304417494,3.679538504979084,353
6,B,721,False,5.332951952112236,1.6332208886485244,1.633239155959746,3.483095554035991,418
6,B,230,False,6.253492609005247,1.720786378010469,1.7208037157644145,3.9871481623848304,104
6,B,443,False,5.470308490731329,1.665208071702262,1.6652259881183071,3.5677672394248177,399
6,B,164,False,6.1428874457034635,0.8558437320141011,0.855878591314242,3.4993830185088526,415
6,B,436,False,5.740679967736932,1.715873438215673,1.7158908256110883,3.7282853966740097,329
6,B,797,True,6.40950766214514,1.7184361986359122,1.718453560101195,4.063980611123167,29
6,B,104,False,6.855592612954473,1.1479833220928146,1.148009310609231,4.001800961781852,83
6,B,723,False,6.182031723250288,1.5539431573102103,1.5539623565561207,3.8679970399032046,227
6,B,717,False,6.30548657605415,1.7410360895436783,1.7410532256469846,4.0232699008505675,53
6,B,158,False,4.031485223445676,1.4368908146087849,1.436911577846502,2.734198400646089,463
6,B,235,False,5.736938267370668,1.6873290401254761,1.687346721658885,3.7121424945147767,335
6,B,548,False,5.818398997897104,1.7083419711465468,1.7083594351959706,3.763379216546537,306
6,B,472,False,5.826512773636328,1.7115792971366672,1.7115967281544666,3.769054750895397,304
6,B,818,False,5.887248192391649,1.6711958610987556,1.6712137133220986,3.7792309528568735,297
6,B,181,False,6.093160050421871,1.7320753568544927,1.7320925816089754,3.912626316015423,180
6,B,352,False,6.714590229762188,1.0148551960744818,1.0148845936566393,3.864737411709414,233
6,B,344,False,5.691178133628766,1.6041796028858681,1.6041982008957896,3.6476881672622774,372
6,B,246,False,6.185373800789855,1.708410622144043,1.7084280854916962,3.9469009431407756,151
6,B,119,True,6.496301896048903,1.7222299437599549,1.7222472669816156,4.109274581515259,16
6,B,168,False,6.231061056765877,0.6547779720839776,0.6548235351364771,3.442942295951177,427
6,B,518,False,5.77158527952574,1.7178292395196562,1.7178466071191882,3.7447159433224644,317
6,B,552,False,5.876892087581476,1.701984993212347,1.7020025224899815,3.7894473050357287,291
6,B,52,False,5.649123955716204,1.5823503894141315,1.5823692439886716,3.615746599852438,384
6,B,204,False,5.640587811476794,0.9200268900017925,0.9200593175271892,3.280323564501992,440
6,B,576,False,6.3142910141254465,1.7298720151744105,1.7298892618678812,4.022090137996663,54
6,B,89,False,6.9194389961397125,0.6925133233791102,0.6925564038400099,3.8059976999898613,278
6,B,392,True,6.881256137716967,1.5164304970021487,1.5164501711828222,4.198853154449894,7
6,B,590,False,6.211852598854988,1.718626175991686,1.7186435355378475,3.965248067196418,125
6,B,323,False,5.171534757638281,1.5002899291749865,1.50030981501359,3.3359222863259355,436
6,B,68,False,5.2298235185097095,1.6131448386332345,1.613163333283791,3.42149342589675,430
6,B,201,False,6.16392653968742,1.2019815492057393,1.2020063702298986,3.6829664549586596,350
6,B,537,False,6.586195434086643,1.115794542982839,1.115821281206139,3.851008357646391,248
6,B,309,False,5.986239989498207,1.7350280050021458,1.7350452004440555,3.8606425949711314,238
6,B,272,False,5.883405080219296,1.7124063328610841,1.712423755460363,3.7979144178398294,283
6,B,383,False,6.164828929159945,1.6308811177188498,1.6308994112372814,3.8978641701986136,194
6,B,829,False,6.011311466566173,1.718201436094593,1.7182187999319958,3.8647651332490844,232
6,B,83,False,6.32653265048841,1.5065427309962436,1.506562534301131,3.9165475923947706,178
6,B,145,False,6.061158741744183,1.5868758371718616,1.5868946379776208,3.824026689860902,265
6,B,153,True,6.610522654295756,1.5526595757099935,1.5526787908276984,4.081600722561727,24
6,B,138,False,5.899172897987072,1.6889160489583048,1.6889337138772373,3.794053305932155,287
6,B,316,False,4.9386240111600355,1.4169578702166947,1.41697892553533,3.177801468347683,445
6,B,773,False,5.845805890113465,1.5592509118303421,1.5592700457220294,3.7025379679177473,337
6,B,67,False,6.057009378760869,1.6917520313159027,1.6917696666224127,3.874389522691641,217
6,B,641,False,6.371756453931219,1.7294237707354354,1.7294410218989829,4.050598737915101,38
6,B,73,False,6.070076176208344,1.7318596807270203,1.7318769076265563,3.9009765419174505,192
6,B,295,False,6.3101499684342235,1.061976436383607,1.0620045295930955,3.6860772490136595,349
6,B,85,False,6.611437379251528,1.136971410505114,1.1369976507223818,3.874217514986955,218
6,B,549,False,5.879410597154059,1.705389919051124,1.7054074133307342,3.7924090052423964,290
6,B,696,False,4.426932756083213,0.24525061803991552,0.2453722378167249,2.336152496949969,470
6,B,286,False,6.096286036163484,1.727780147301558,1.7277974148758355,3.91204172551966,182
6,B,170,False,6.08747353865918,1.1045775324439433,1.1046045421879167,3.5960390404235483,393
6,B,542,False,6.733726093965999,1.30400641528093,1.3040292943550187,4.018877694160509,59
6,B,609,False,5.849093596543517,1.6709113982199584,1.6709292534825055,3.760011425013011,308
6,B,603,False,6.225695845811369,1.7400334470397407,1.7400505930171195,3.9828732194142447,111
6,B,332,False,6.867506621179381,1.093894557861733,1.0939218313763297,3.9807142262778554,114
6,B,300,False,6.360488375208931,1.7201446166654788,1.720161960887827,4.040325168048379,46
6,B,654,False,6.259197989605992,1.6483412147365248,1.648359314482528,3.95377865204426,145
6,B,50,False,5.118100404439404,1.4826671494785837,1.4826872716743662,3.300393838056885,439
6,B,536,False,6.659087627242091,0.8292867179595093,0.8293226935435214,3.744205160392806,318
6,B,48,False,4.89995774447657,1.3945608296217824,1.3945822230896323,3.147269983783101,447
6,B,850,False,5.976628479015844,1.6677878543174152,1.6678057430201259,3.822217111017985,267
6,B,725,False,6.2046079775557095,1.6587731283794718,1.6587911142986165,3.931699545927163,160
6,B,238,False,4.8810512402609465,1.389814800348641,1.3898362668711592,3.1354437535660526,448
6,B,124,True,6.965176984379854,1.5026688038826563,1.5026886582404089,4.233932821310131,5
6,B,180,False,6.093160050421871,1.7320753568544927,1.7320925816089754,3.912626316015423,181
6,B,236,False,6.0871288378098125,1.7065409732531092,1.7065584557330276,3.89684364677142,196
6,B,391,True,6.883153829729255,1.489279602305155,1.4892996351588983,4.1862267324440765,9
6,B,628,False,4.338158188064757,1.6202427172482097,1.6202611308792447,2.9792096594720006,455
6,B,278,False,5.347322778412708,1.6892994959040606,1.6893171568133498,3.518319967613029,413
6,B,682,False,5.207265414197769,1.683486687014372,1.683504408903301,3.4453849115505353,426
6,B,838,False,5.658772647684065,1.6596734881482849,1.6596914643103164,3.659232055997191,368
6,B,690,False,5.369758446948169,1.6868548500239884,1.686872536527784,3.5283154917379767,408
6,B,796,False,6.401715632844526,1.7192977507257516,1.719315103491171,4.060515368167849,33
6,B,747,False,4.492291529888805,1.0416180897903322,1.0416467320645169,2.7669691309766606,461
6,B,824,False,6.239124701067834,1.7322804408153911,1.7322976635306624,3.9857111822992484,110
6,B,640,False,6.356511595881375,1.7277734645792748,1.7277907322203396,4.042151164050857,43
6,B,802,False,6.381005825823809,1.7256952848036604,1.725712573239186,4.0533591995314975,35
6,B,598,False,6.0592396456764215,1.690255420923565,1.69027307184482,3.874756358760621,213
6,B,671,False,6.0958314551273896,1.6789789688818462,1.6789967383499511,3.88741409673867,204
6,B,94,False,6.3319526021960835,1.5196971339765426,1.5197167658674902,3.925834684031787,168
6,B,84,False,6.3621446328607,1.3534446249872023,1.3534666683553664,3.857805650608033,242
6,B,745,False,4.076526022005659,0.39363998055355653,0.393715765156072,2.2351208935808655,472
6,B,131,False,6.096437379779619,1.6984386061720835,1.698456172050959,3.897446775915289,195
6,B,243,False,6.194589255676893,1.7380512202590983,1.7380683857910677,3.96632882073398,123
6,B,853,False,5.6742467949054785,1.6615348316704817,1.6615527876948364,3.667899791300157,360
6,B,718,False,6.263451309601737,1.7411816729642942,1.7411988076348333,4.002325058618285,81
6,B,564,False,6.351127319245139,1.6897945396309109,1.6898121953662983,4.020469757305719,55
6,B,200,False,6.345576132319123,1.6906718138056511,1.6906894603797342,4.018132796349429,61
6,B,369,False,5.832407576757754,1.512831353292276,1.5128510742787493,3.672629325518252,359
6,B,470,False,6.342915023664865,0.8735899444926509,0.8736240956846942,3.60826955967478,386
6,B,393,False,6.116050925715788,1.7190006482183167,1.719018003982861,3.9175344648493247,177
6,B,244,False,5.672300868248737,1.6630261646020517,1.6630441045243618,3.6676724863865493,361
6,B,389,True,6.830185542316689,1.5009418422589262,1.5009617194605085,4.1655736308885984,12
6,B,143,False,6.189231849188052,1.4433971361519502,1.4434178057977107,3.816324827492881,275
6,B,319,False,4.848322923986805,1.3341115966194557,1.3341339594196455,3.091228441703225,451
6,B,489,True,6.480463153725084,1.725763360204652,1.7257806479582156,4.10312190084165,19
6,B,515,False,5.780445205347046,1.5848473915022367,1.5848662163708553,3.682655710858951,351
6,B,366,False,6.373612726389709,1.7272102350283902,1.7272275083002395,4.0504201173449745,41
6,B,59,False,6.118961168653918,1.7194952574334132,1.7195126082056587,3.919236888429788,176
6,B,355,False,6.781648803573703,1.117505799790637,1.1175324970701919,3.9495906503219476,150
6,B,161,False,6.125951447702603,0.9585031955093102,0.9585343213697598,3.542242884536181,405
6,B,141,False,6.279308742782968,1.7383669407557734,1.7383841031701865,4.0088464229765775,72
6,B,799,False,6.398619583372545,1.72555211419264,1.7255694040625884,4.0620944937175665,31
6,B,798,True,6.416056020230291,1.7175215523357124,1.7175389230465499,4.066797471638421,26
6,B,337,False,5.738000142743517,1.6137884393099828,1.6138069265847068,3.675903534664112,357
6,B,543,False,6.666238376293338,1.2542415599335002,1.2542653467694334,3.9602518615313853,136
6,B,752,False,6.170685723749853,1.7285826254517511,1.7285998850098006,3.9496428043798266,149
6,B,674,False,4.639702024839885,0.2620286908919422,0.2621425266773246,2.4509222757586047,468
6,B,122,False,5.875855779344341,1.5807134718942675,1.5807323459935447,3.728294062668943,328
6,B,72,False,6.170186826167471,1.7406317155620856,1.7406488556463178,3.955417840906894,143
6,B,455,False,5.874057730411791,1.716351655286979,1.7163690378378944,3.7952133841248425,286
6,B,289,False,6.126415568365796,1.7315617533184446,1.7315789831819608,3.9289972757738783,165
6,B,505,False,6.103581336369736,1.129130117746182,1.12915654018552,3.6163689382776276,382
6,B,350,False,6.593269141983327,1.1539976187880236,1.1540234718629667,3.873646306923147,220
6,B,655,False,5.956775045845791,1.7123956676538048,1.7124130903615946,3.8345940681036925,256
6,B,733,False,5.819814525847384,1.6954818392984228,1.6954994358102833,3.757656980828834,309
6,B,294,False,5.568755324958703,1.4012418393920558,1.4012631308591041,3.4850092279089036,417
6,B,727,False,5.791268699844085,1.708150488887327,1.7081679548944364,3.749718327369261,314
6,B,820,False,5.540391448808976,1.6424374178812526,1.6424555826866867,3.5914235157478314,396
6,B,665,False,6.213759773662966,1.740879083473734,1.7408962211224928,3.9773279973927296,116
6,B,325,True,7.094377442873366,1.3782820600865366,1.3783037062268293,4.2363405745500975,4
6,B,834,False,6.0070328991426445,1.7134323236102114,1.713449735777071,3.8602413174598578,239
6,B,354,False,6.63515445383673,0.9994402626202467,0.9994701136045312,3.8173122837206304,273
6,B,444,False,5.481704316952625,1.6678888176266384,1.6679067052464933,3.574805511099559,397
6,B,661,False,6.281741540079235,1.7416682089633968,1.741685338847403,4.011713439463319,64
6,B,425,False,6.135547833381061,1.6691592650518559,1.6691771390570498,3.9023624862190553,188
6,B,651,False,5.891013982084986,1.71226676994785,1.7122841939671902,3.801649088026088,280
7,B,446,False,6.194860965603671,1.7988574518615434,1.7988739990471652,3.996867482325418,81
7,B,333,False,5.893661648225759,1.7604446021455749,1.7604615103868722,3.8270615793063154,244
7,B,659,False,5.9655145082346195,1.6976381326164238,1.6976556663951363,3.831585087314878,242
7,B,630,False,5.133987516224421,1.7298800611882943,1.729897268171423,3.431942392197922,404
7,B,592,False,6.269147771018519,1.7744711137781515,1.7744878883675732,4.021817829693046,37
7,B,4,False,6.179761535196996,1.789835622457178,1.7898522530496224,3.9848068941233095,92
7,B,791,False,6.146802771768016,1.7266005438536758,1.7266177835195444,3.93671027764378,145
7,B,743,False,4.046400243403779,0.09228118065158925,0.0926031783071573,2.069501710855468,445
7,B,71,False,5.96702028595508,1.767830756652432,1.767847594250264,3.867433940102672,222
7,B,234,False,5.724557780474688,1.7508336478641793,1.7508506489199827,3.7377042146973354,299
7,B,299,False,5.791361688199009,1.3173434213506598,1.3173660167569219,3.5543638524779655,377
7,B,462,False,5.477504512157665,1.7289155597997599,1.728932776381966,3.6032186442698158,364
7,B,215,False,5.948510931131956,1.7374604285531987,1.7374775604647101,3.8429942457983333,232
7,B,349,False,6.576267846214645,1.2144385191636675,1.2144630291443943,3.8953654376795193,195
7,B,677,False,6.189238844128823,1.7527294750878566,1.7527464577547687,3.970992650941796,109
7,B,782,False,5.856221442221061,1.633332040840757,1.6333502649362042,3.744785853578633,295
7,B,632,True,6.984607807024036,1.2767074531420215,1.2767307677182858,4.130669287371161,2
7,B,694,False,6.136156819310902,1.7873823684770314,1.7873990218954183,3.9617779206031605,120
7,B,491,True,6.335987458739418,1.7601730489512124,1.7601899598010275,4.048088709270223,16
7,B,162,False,6.083144269464477,1.0411493773167677,1.0411779666402998,3.5621611180523884,376
7,B,199,False,6.080100539535193,1.715321708821616,1.7153390618431228,3.897719800689158,192
7,B,585,False,6.100593780342263,1.7643815818349873,1.7643984523481842,3.9324961163452237,150
7,B,580,False,6.351767524344512,1.7059169119819415,1.7059343606704624,4.028850942507487,32
7,B,87,False,6.885857575022928,1.0143378983983977,1.0143672433874302,3.950112409205179,136
7,B,475,False,3.034514399535465,0.9960568953913045,0.9960867789438328,2.015300589239649,446
7,B,521,False,5.765625066201915,1.767598197903065,1.7676150377161592,3.766620051959037,282
7,B,258,False,6.902026673457906,0.8178881604451329,0.817924553566195,3.8599756135120504,226
7,B,746,False,4.590143849583095,1.1947775275720993,1.1948024408752413,2.892473145229168,431
7,B,125,False,5.635878080997056,1.7433536280135544,1.7433707020132463,3.689624391505151,329
7,B,610,False,5.87686094939361,1.7395305720764962,1.7395476836002275,3.8082043164969184,257
7,B,768,False,6.276880064406484,1.7343946627437483,1.734411824937819,4.0056459446721515,66
7,B,193,False,6.043787147184419,1.7873232586459114,1.7873399126150502,3.915563529899735,170
7,B,560,False,6.508180274784705,1.421445262290105,1.4214662029106149,3.96482323884766,117
7,B,822,False,5.241224623295119,1.255937083390474,1.2559607835300854,3.2485927034126023,420
7,B,245,False,4.1337976184790515,0.7236003935642,0.7236415285874637,2.4287195735332574,439
7,B,280,True,6.487387199233431,1.7899640020919574,1.789980631491635,4.138683915362533,1
7,B,25,False,6.022184056666512,1.7931178802767354,1.7931344804275746,3.907659268547043,179
7,B,504,False,5.911515761697147,1.3676051023006737,1.3676268673029834,3.639571314500065,350
7,B,23,False,5.2249212438764125,1.6698434269875595,1.6698612526146275,3.44739124824552,401
7,B,620,True,6.322706936575363,1.75149614133082,1.7515131359561331,4.037110036265748,28
7,B,658,False,5.859872021023456,1.694229488585957,1.6942470576407591,3.7770595393321074,275
7,B,578,False,6.323481232214602,1.7023574486238748,1.7023749337955267,4.012928083005065,53
7,B,44,False,6.0778775221801595,1.7914825109114352,1.7914991262157167,3.9346883241979382,147
7,B,343,False,5.695560223998373,1.6866832068420157,1.6867008545005844,3.6911305392494786,328
7,B,14,False,6.1628190208136155,1.7971918538585474,1.797208416379597,3.9800137185966062,101
7,B,496,False,6.349846364085017,1.325159342817414,1.3251818049559905,3.8375140845205036,240
7,B,547,False,6.74229171175912,1.1640323115434277,1.1640578828594699,3.9531747973092948,130
7,B,267,False,6.036205579492064,1.787921834786965,1.7879384831805938,3.912072031336329,175
7,B,189,False,6.092107372648005,1.754407042154293,1.7544240085825065,3.923265690615256,165
7,B,664,False,5.838129145233652,1.777966409041976,1.777983150654627,3.8080561479441397,258
7,B,397,False,6.24801762699704,1.7781116671345414,1.7781284073795443,4.013073017188292,52
7,B,195,False,6.087613827562869,1.7862639744004452,1.7862806382455725,3.9369472329042208,144
7,B,187,False,6.77944427409944,1.26736646055651,1.2673899469672592,4.02341711053335,36
7,B,499,False,6.328131252909169,0.9195010375132304,0.9195334090276671,3.623832330968418,356
7,B,231,False,6.1906407272823225,1.7774867685180715,1.7775035146482698,3.9840721209652963,94
7,B,795,False,6.652168696940933,1.1617065556847128,1.1617321781938275,3.9069504375673803,180
7,B,380,False,5.921202079346547,1.7624160860173017,1.7624329753447876,3.8418175273456674,234
7,B,492,False,5.800331701664853,1.7002383820325633,1.7002558889963724,3.750293795330613,292
7,B,26,False,5.940021091681357,1.739585643288014,1.7396027542700399,3.8398119229756986,238
7,B,500,False,6.3459223113005425,0.7584871962562991,0.7585264393644281,3.5522243753324854,378
7,B,577,True,6.321901601531789,1.785810415047427,1.7858270831247909,4.05386434232829,14
7,B,103,False,6.280590247090194,1.6924046721051422,1.692422260103385,3.9865062535967892,91
7,B,729,False,6.008735353998939,1.792397124210972,1.7924137310369774,3.9005745425179583,185
7,B,606,False,6.245373324815446,1.7976484507661494,1.7976650090804107,4.021519166947929,38
7,B,468,False,6.316887532628808,0.95587928198464,0.9559104215655391,3.6363989770971736,351
7,B,285,False,6.223157149548336,1.7925405689660139,1.792557174463101,4.007857162005719,62
7,B,833,False,5.997491481522196,1.75589794047555,1.755914892498043,3.8767031870101194,213
7,B,754,False,6.122828899299382,1.786476189296214,1.7864928511618674,3.9546608752306245,128
7,B,302,False,6.210267051006592,1.797175487343525,1.7971920500154046,4.003729550510998,68
7,B,493,False,5.727311884699164,1.6940677648534894,1.694085335585499,3.7106986101423316,317
7,B,572,True,6.323843959615797,1.7718778045012447,1.771894603641618,4.047869281628707,17
7,B,479,False,6.042178412190508,1.7063582043323382,1.7063756485083867,3.8742770303494476,217
7,B,653,False,5.65953716476617,1.6659513615974473,1.665969228869046,3.662753196817608,338
7,B,395,False,5.135917306054222,1.7173426713711304,1.7173600039718713,3.4266386550130465,405
7,B,507,False,6.14841688118401,1.004087198253519,1.0041168428159832,3.5762668619999967,370
7,B,481,False,5.334339645482357,1.7032377906803386,1.7032552668146301,3.518797456148494,389
7,B,669,False,5.321854132714987,1.7154486423090125,1.715465994046507,3.5186600633807465,390
7,B,451,False,6.136412804997254,1.7957158031898932,1.7957323793249536,3.9660725921611037,116
7,B,769,True,6.324356570473806,1.7353231076313822,1.7353402606433048,4.029848415558555,30
7,B,334,False,6.133860210952768,1.7623498679284804,1.7623667578905555,3.9481134844216617,138
7,B,811,False,6.246694116920328,1.7908965626744855,1.790913183414937,4.018803650167633,39
7,B,736,False,5.666136249515975,1.7570748354464085,1.7570917761144862,3.7116140128152306,316
7,B,293,False,7.298282131466016,0.3329549531594744,0.33304434113727815,3.8156632363016474,251
7,B,284,False,5.946265236557044,1.7801534562975279,1.7801701773420904,3.863217706949567,224
7,B,581,False,6.261146110616807,1.7508117502789888,1.7508287515474243,4.005987431082116,64
7,B,186,False,5.830549356639775,1.7507239671691115,1.7507409692899998,3.7906451629648874,267
7,B,81,False,7.107323878041443,0.5124346632284051,0.5124927476639498,3.8099083128526967,255
7,B,463,False,6.044684523292915,1.7858036165060613,1.78582028464688,3.9152524039698973,172
7,B,60,False,5.727299224142948,1.7289094984385502,1.728926715081115,3.7281129696120314,305
7,B,502,False,5.825932175660303,1.763978534241199,1.7639954086090657,3.794963792134684,266
7,B,292,True,6.3494033329912405,1.7346884509291587,1.7347056102166558,4.042054471603948,25
7,B,171,False,6.101016836324487,0.9266057320763859,0.9266378553927909,3.513827345858639,392
7,B,634,False,6.130393571394482,1.7923916269107556,1.792408233787694,3.961400902591088,121
7,B,155,False,5.393363950792089,1.7414171273161698,1.7414342203024027,3.567399085547246,374
7,B,570,False,6.286387740851215,1.7441436338952179,1.7441607001613562,4.015274220506286,47
7,B,191,False,6.092902844224196,1.7561077543217452,1.756124704318887,3.9245137742715412,160
7,B,589,False,6.2347355397690345,1.769060656479124,1.7690774823711044,4.00190651107007,73
7,B,685,False,6.044388162041544,1.7196489250638949,1.7196662344197913,3.8820271982306678,208
7,B,22,False,6.221491574378337,1.7981312400009677,1.7981477938694455,4.009819684123891,59
7,B,367,False,6.640028380915604,1.3081813229847037,1.3082040766394767,3.9741162287775404,105
7,B,554,False,6.252218145512629,1.69891979758723,1.6989373181385976,3.975577731825613,103
7,B,573,True,6.340197218752231,1.7813113850777362,1.781328095253005,4.060762657002618,10
7,B,105,False,6.442735547689008,0.8158815050557455,0.8159179876814608,3.6293267676852343,354
7,B,317,False,5.14809790343724,1.5655632250478517,1.5655822380036015,3.3568400707204207,410
7,B,90,False,6.628488167176342,1.2292046749738517,1.2292288905275977,3.9288585288519697,155
7,B,566,False,6.179603800200261,1.796466423343002,1.796482992552096,3.9880433963761783,90
7,B,133,False,6.1160440511515395,0.984675295877998,0.9847055248360084,3.550374787993774,380
7,B,593,False,6.238649252358203,1.7681221251442178,1.768138959967412,4.0033941061628076,70
7,B,666,False,6.163800325255309,1.7976452608314533,1.797661819175097,3.980731072215203,98
7,B,841,False,5.746526686293681,1.7551565975869678,1.7551735567695854,3.750850121531633,291
7,B,626,False,6.192769732566443,1.7981186866075747,1.7981352405916207,3.995452486579032,82
7,B,442,False,4.890073987503213,1.730096979104567,1.7301141839303222,3.3100940857167673,416
7,B,357,False,6.600822701448308,1.3617594858118354,1.3617813442431388,3.9813020228457234,97
7,B,279,False,5.61005571685285,1.7470484331786729,1.7470654710691846,3.6785605939610173,332
7,B,837,False,6.1856817642370805,1.7428373256441625,1.7428544047018477,3.964268084469464,118
7,B,565,False,6.5447623544901745,0.9741384246215691,0.9741689805440986,3.7594656675171367,284
7,B,237,False,5.971288127108101,1.6230674309330289,1.6230857702800792,3.7971869486940903,264
7,B,433,False,7.134277848756031,0.87703453251408,0.877068471416187,4.005673160086109,65
7,B,149,False,5.945477033232079,1.791626746045086,1.7916433600117627,3.868560196621921,221
7,B,58,False,4.836245606073124,0.15836472488653625,0.1585525730429003,2.4973990895580123,435
7,B,135,False,6.166443564712715,1.567483278231965,1.5675022678985073,3.866972916305611,223
7,B,494,False,5.758451987052406,1.697548583875936,1.6975661185795774,3.7280090528159917,306
7,B,744,False,4.048946997999598,0.2020135426017733,0.20216083627808426,2.125553917138841,444
7,B,567,False,6.046040478612829,1.7668768453727084,1.7668936920608296,3.9064670853368293,181
7,B,432,False,6.253789700773649,1.775172654898055,1.7751894228582892,4.014489561815969,49
7,B,374,False,5.91105836610023,1.609696080055803,1.6097145717415724,3.7603864689209012,283
7,B,1,False,5.493443856644109,1.7453983310298868,1.745415385027888,3.6194296208359984,358
7,B,601,False,6.293247589765675,1.6251233267481728,1.6251416428949153,3.9591946163302953,122
7,B,82,False,6.906390454501063,0.9828624955763033,0.9828927802871557,3.944641617394109,139
7,B,353,False,6.677434826989102,1.3186914933195806,1.3187140656274055,3.998074446308254,78
7,B,596,True,6.315850571320036,1.7943890433837464,1.794405631774982,4.055128101547509,13
7,B,739,False,5.9286506891296895,1.7549537555059338,1.7549707166487185,3.841810702889204,235
7,B,860,False,6.73587590855334,1.2124881185497585,1.2125126679562854,3.9741942882548127,104
7,B,241,False,5.011000181000174,1.4668018862901595,1.4668221793913896,3.2389111801957817,421
7,B,18,False,5.551874233995388,1.744501585604945,1.7445186483693154,3.6481964411823515,344
7,B,506,False,6.090710932654823,1.1606324884272257,1.1606581346472828,3.625684533651053,355
7,B,273,True,6.362517010021712,1.7298348925173501,1.7298520999497755,4.046184554985744,21
7,B,533,False,6.052208046326948,1.7957488171181633,1.7957653929484827,3.9239867196377154,162
7,B,668,False,5.388792867486766,1.7023524711955633,1.7023699564183388,3.5455814119525524,383
7,B,584,False,5.17306196192647,1.7218034262660418,1.7218207139628727,3.4474413379446713,400
7,B,574,True,6.322402222869357,1.768849333590442,1.768866161492578,4.045634192180968,22
7,B,259,False,6.926090179550009,0.8569360574699677,0.8569707923391017,3.891530485944555,198
7,B,629,False,6.160411697259124,1.7248716757437974,1.7248889326891026,3.9426503149741134,140
7,B,458,False,1.9690028398692885,0.3656325499136899,0.36571395090497005,1.1673583953871294,451
7,B,190,False,6.075994030896149,1.754590302728013,1.754607267384162,3.9153006491401556,171
7,B,430,False,6.18350688062645,1.7849026261555945,1.784919302710146,3.9842130916682983,93
7,B,828,False,6.2734313157694,1.785311207284857,1.7853278800228962,4.029379597896148,31
7,B,13,False,6.204800368092984,1.6626359737253367,1.6626538766248777,3.933727122358931,149
7,B,93,False,6.8811788140827606,1.0591118462072566,1.0591399506706747,3.9701593823767176,111
7,B,519,False,5.7438958915010145,1.7708332497701587,1.7708500588196836,3.757372975160349,286
7,B,482,False,5.427425431228136,1.7428347014090522,1.7428517804924537,3.585138605860295,368
7,B,96,False,6.887176313522849,0.971516858144522,0.9715474965173546,3.9293619050201016,154
7,B,831,False,6.019954560933195,1.7701496089499935,1.7701664244911977,3.8950604927121963,196
7,B,342,False,5.672164975275101,1.6472027660210027,1.6472208366571186,3.65969290596611,339
7,B,693,False,5.277893588998328,1.5627315817564034,1.5627506291628892,3.4203221090806086,406
7,B,678,False,5.985887479150042,1.785020618079862,1.7850372935320842,3.885462386341063,205
7,B,101,False,6.454388184371129,1.3791534179246128,1.3791750006809425,3.9167815925260356,169
7,B,358,False,6.527953626881591,1.4255703009699623,1.4255911809974573,3.976772403939524,102
7,B,520,False,5.7908357272519355,1.7678880200118483,1.767904857064302,3.7793702921581187,274
7,B,605,False,6.214148075312998,1.798259541747417,1.7982760944348246,4.006212084873911,63
7,B,19,False,5.551874233995388,1.744501585604945,1.7445186483693154,3.6481964411823515,345
7,B,777,False,6.144342469487268,1.7692286575400884,1.7692454818343437,3.9567939756608057,126
7,B,247,False,6.2517125109083285,1.7308781445519998,1.7308953416130939,3.991303926260711,87
7,B,544,False,6.811511564326369,0.984536135033834,0.984566368264474,3.8980389662954216,191
7,B,778,True,6.284599903254783,1.7910349226611892,1.7910515421176767,4.03782572268623,27
7,B,676,False,5.983596889289598,1.788663690668682,1.788680332157383,3.8861386107234903,204
7,B,741,False,5.138785431001541,1.7302624561951556,1.7302796593755094,3.434532545188525,403
7,B,335,False,5.767594987692627,1.7084390932763465,1.7084565162055019,3.7380257519490643,298
7,B,51,False,6.116447817515141,1.0119597376011886,1.0119891515505504,3.5642184845328457,375
7,B,667,False,5.610988981311371,1.753483006448953,1.7534999818179056,3.6822444815646382,330
7,B,177,False,5.123252370228506,0.572384821636754,0.5724368230383808,2.847844596633444,432
7,B,98,False,7.119094834971158,0.4806915748881259,0.4807534945255861,3.7999241647483717,262
7,B,331,False,7.290855269581871,0.25701442616868486,0.25713021523919405,3.7739927424105324,276
7,B,146,False,5.425356564817255,0.46451660532545364,0.46458068077915077,2.944968622798203,428
7,B,770,True,6.352173198746634,1.7348989845066227,1.7349161417118253,4.043544670229229,23
7,B,569,False,2.5544179812217864,0.2786102334198224,0.278717050960977,1.4165675160913818,448
7,B,522,False,5.943891829298784,1.7396468051867262,1.7396639155671763,3.84177787243298,236
7,B,807,True,6.330321191475698,1.786329377760556,1.7863460409955711,4.058333616235634,11
7,B,263,False,6.002326519631772,1.7513416392148693,1.7513586353394217,3.876842577485597,212
7,B,175,False,4.99716379312316,0.3419232644001275,0.34201030842384766,2.6695870507735036,434
7,B,139,False,4.136226952912134,0.7742761299698838,0.7743145728780237,2.4552707628950787,436
7,B,66,False,6.003897743659591,1.758532448364538,1.7585493749909644,3.881223559325278,209
7,B,783,False,5.8315094083413275,1.6335742405202278,1.633592461913734,3.7325509351275308,304
7,B,364,False,5.669247283841298,1.7288509818551443,1.7288681990804367,3.6990577414608676,324
7,B,297,False,5.239962972558445,1.5713254542703399,1.57134439750426,3.4056536850313526,408
7,B,749,False,4.621375632918836,1.211876190860382,1.2119007526626941,2.916638192790765,429
7,B,839,False,5.582932913679932,1.699601536087605,1.6996190496112598,3.641275981645596,348
7,B,318,False,4.066937656940755,0.4497939140371262,0.44986008651021,2.2583988717254826,441
7,B,182,False,5.967193621639482,1.7830396316619044,1.7830563256406555,3.8751249736400686,216
7,B,79,False,7.0406643905365955,0.7507825382011413,0.7508221840075612,3.8957432872720785,194
7,B,448,False,6.086123613458489,1.7737121641112699,1.7737289458782646,3.929926279668377,152
7,B,271,False,6.516750101476121,1.337911340393998,1.3379335884433876,3.9273418449597544,158
7,B,863,False,5.779110488424125,1.7297175520594288,1.7297347606591593,3.7544226245416423,289
7,B,687,False,6.243041056027373,1.7642015601177334,1.7642184323524057,4.003629744189889,69
7,B,852,False,5.588495297650456,1.7106298540531821,1.7106472546694562,3.649571276159956,342
7,B,117,False,5.700511954512575,1.7665803531939195,1.76659720270946,3.7335545786110176,301
7,B,239,False,5.11778065016712,1.5575492790157726,1.557568389796316,3.337674519981718,413
7,B,261,False,5.5624223766791365,1.6850852255111746,1.6851028899049998,3.6237626332920683,357
7,B,804,False,6.2600045009911485,1.7904712419403732,1.7904878666289916,4.02524618381007,35
7,B,657,False,2.5203314520136457,0.20135285603373157,0.20150063266172777,1.3609160423376867,449
7,B,679,False,6.0728826805254155,1.7904725150660434,1.790489139742841,3.9316859101341284,151
7,B,163,False,6.205490265921703,1.4711166113770602,1.4711368449602709,3.838313555440987,239
7,B,594,False,6.251419508618924,1.7685229236425657,1.7685397546505377,4.009979631634731,58
7,B,484,False,5.513635021340832,1.7464845532266768,1.7465015966180852,3.6300683089794585,353
7,B,260,False,5.65497903230524,1.6923103523417273,1.692327941320215,3.6736534868127277,334
7,B,790,False,6.2691992276403115,1.7648740097958109,1.7648908756019108,4.017045051621111,42
7,B,457,False,5.976692188679049,1.7802019006549952,1.780218621244535,3.878455404961792,211
7,B,517,False,5.646029419509688,1.7590472694986878,1.7590641911712388,3.7025468053404635,321
7,B,823,False,5.399747704637145,1.4763457933900135,1.4763659553073296,3.438056829972237,402
7,B,602,False,6.254177545477408,1.7451067293707205,1.7451237862183613,3.9996506658478843,76
7,B,652,False,5.543433889543571,1.736314726472113,1.7363318696879535,3.639882879615762,349
7,B,126,False,5.597747305877075,1.7486951439177891,1.7487121657642213,3.673229735820648,335
7,B,209,False,6.190564114238246,1.7987516233302967,1.798768171489454,3.9946661428638497,83
7,B,806,True,6.2878560376465735,1.7904981766127468,1.7905148010512804,4.039185419348927,26
7,B,156,False,6.008442335546167,1.7936508199722376,1.7936674151907919,3.9010548753684797,184
7,B,287,False,6.197135145120852,1.7849262968198216,1.7849429731532203,3.991039059137036,88
7,B,722,False,5.208375120877283,1.68839514927349,1.6884127790384633,3.448393949957873,399
7,B,214,False,5.942850915399292,1.7410881037110484,1.7411051999274112,3.8419780576633515,233
7,B,420,False,2.6032485608266045,0.46145331967375164,0.4615178204230705,1.5323831906248375,447
7,B,445,False,6.196968900692767,1.7988812612119813,1.7988978081785927,3.9979333544356797,79
7,B,464,False,6.233867516728368,1.42906240465701,1.4290832336621304,3.8314753751952493,243
7,B,268,False,6.240842595994817,1.7948636211028568,1.7948802051080166,4.017861400551417,41
7,B,816,False,6.234729844527058,1.7988066824719102,1.7988232301245544,4.016776537325806,44
7,B,324,False,4.188971127921342,0.6689324937157892,0.6689769902462717,2.428974059083807,438
7,B,637,False,4.698248416915611,1.2463047727239975,1.2463286560312858,2.9722885364734486,427
7,B,639,True,6.440415944545774,1.779776262055854,1.7797929866441333,4.1101044655949535,3
7,B,635,False,6.241584146617864,1.7833745464515887,1.7833912372952676,4.012487691956566,56
7,B,428,False,5.927031713811056,1.7607525298489222,1.7607694351332643,3.84390057447216,231
7,B,136,False,6.170961892178237,1.5732966393001904,1.5733155588003982,3.8721387254893176,219
7,B,497,False,6.279242062760518,1.0661607858505957,1.0661887045057716,3.6727153836331445,336
7,B,269,False,6.2333587067172385,1.7946244119733246,1.7946409981889795,4.013999852453109,51
7,B,362,False,4.309997377822986,1.6784888211880957,1.6785065550016596,2.994251966412323,424
7,B,819,False,6.079710459965579,1.7314299762917607,1.7314471678719576,3.905578813918768,182
7,B,17,False,5.454604481177122,1.644780613096781,1.6447987103439614,3.5497015957605416,381
7,B,347,False,5.6721876078547755,1.7326393660199926,1.7326565456005116,3.7024220767276437,322
7,B,751,False,6.0374366301471785,1.7666064785206899,1.766623327787055,3.902029978967117,183
7,B,540,False,6.612106848373626,1.2350130373684878,1.2350371390368282,3.9235719937052274,164
7,B,712,False,6.22990912496835,1.798788978283957,1.7988055260994662,4.014357325533908,50
7,B,459,False,2.241926573109283,0.36567562024194417,0.3657570116477147,1.3038417923784988,450
7,B,116,True,6.365283139608438,1.7876632535911623,1.787679904392919,4.0764815220006785,8
7,B,550,False,5.790611651605936,1.7497008645271113,1.7497178765895536,3.7701647640977445,280
7,B,490,False,6.269617936607183,1.7612053894868018,1.7612222904243213,4.015420113515752,46
7,B,756,False,6.108038670122037,0.9753820006700792,0.9754125176361549,3.5417255938790957,385
7,B,849,False,5.8143913647184196,1.7280738927879433,1.728091117755488,3.771241241236954,279
7,B,16,False,6.136164228796127,1.7316091663535684,1.731626356154767,3.933895292475447,148
7,B,99,False,6.85081043489552,0.9232896014975762,0.9233218401855817,3.887066137540551,202
7,B,586,False,6.035835490604276,1.597012412916983,1.5970310514642663,3.816433271034271,250
7,B,508,False,5.942427074176045,1.6163084744637044,1.6163268904999766,3.779376982338011,273
7,B,15,False,5.715372968165127,1.7516545615366461,1.7516715546249746,3.7335222613950507,302
7,B,471,False,6.299473326990684,1.0982253147659515,1.0982524183096112,3.698862872650148,325
7,B,303,False,6.207429005173901,1.7955422917524337,1.7955588694893068,4.001493937331603,75
7,B,836,False,5.790341792630514,1.7148255783976154,1.7148429364396183,3.752592364535066,290
7,B,86,False,6.811207861836321,0.9307597597498392,0.9307917397032025,3.870999800769762,220
7,B,780,False,6.745593737095054,1.2398544603808603,1.2398784679380679,3.992736102516561,85
7,B,698,False,5.493280565581818,0.10921951786507976,0.10949171390026002,2.801386139741039,433
7,B,689,False,6.238414169989774,1.7858650415406179,1.7858817091081394,4.0121479395489565,57
7,B,194,False,6.067757870007138,1.78892917689495,1.7889458159139922,3.928351842960565,156
7,B,477,False,5.226016831494199,1.7425439036559023,1.742560985589453,3.484288908541826,396
7,B,474,False,5.665172798521191,1.769853468620103,1.769870286974937,3.717521542748064,309
7,B,296,False,5.239962972558445,1.5713254542703399,1.57134439750426,3.4056536850313526,409
7,B,174,False,5.8303418921865315,1.6869055053472928,1.6869231506802973,3.758632521433414,285
7,B,91,False,6.437415935708579,1.244409887597484,1.244433807271612,3.8409248714900954,237
7,B,240,False,5.070578202244086,1.538981572887604,1.5390009142355112,3.3047895582397984,417
7,B,753,False,6.138576621079006,1.788328017668027,1.7883446622803423,3.963460641679674,119
7,B,454,False,5.867976705158711,1.7724208841672746,1.7724376781603464,3.8202071916595286,248
7,B,417,False,6.289431661001127,1.7638523875832985,1.7638692631579695,4.026650462079548,34
7,B,814,False,6.232914816159581,1.7501451174114655,1.7501621251556465,3.9915384706576136,86
7,B,480,False,6.056650993249316,1.7036865476229528,1.7037040191540171,3.8801775062016666,210
7,B,422,False,5.456928562207666,1.6931710553146269,1.6931886353520635,3.5750585987798646,371
7,B,498,False,6.316090338986668,1.0941032202670091,1.0941304259222369,3.7051103824544525,319
7,B,534,False,6.051678021058442,1.7956990901362193,1.795715666425557,3.9236968437419995,163
7,B,102,False,6.4313389419211395,1.278179345531365,1.2782026332601277,3.854770787590634,227
7,B,198,False,6.720224214912507,0.7120060618771301,0.7120478667055435,3.7161360408090256,311
7,B,77,False,7.694765118978712,0.22268452822868995,0.2228181577936819,3.958791638386197,123
7,B,781,False,4.0533284663764615,0.2678667668506327,0.26797786683445923,2.1606531666054605,443
7,B,591,False,6.269666210011238,1.7660510670481782,1.7660679216134765,4.017867065812357,40
7,B,734,False,5.6103116226591885,1.7054059092880818,1.7054233632048215,3.657867492932005,340
7,B,478,False,5.530312914769643,1.6788948051174564,1.6789125346427425,3.6046127247061923,363
7,B,419,False,6.237077455536488,1.7493463116827586,1.7493633271931268,3.993220391364807,84
7,B,232,False,5.481190839943371,1.748641143431253,1.7486581658033384,3.6149245028733548,360
7,B,21,False,6.017981671435983,1.774207517184204,1.7742242942658273,3.896102982850905,193
7,B,371,False,6.119071192324608,1.7628102023654808,1.7628270879170094,3.9409491401208085,142
7,B,7,False,4.741081580183948,1.7158216922716358,1.715839040236594,3.228460310210271,422
7,B,467,False,6.440123010022606,0.6625113927902837,0.6625563205547567,3.551339665288681,379
7,B,345,False,6.1665677671921015,1.7975931818817945,1.7976097407051537,3.9820887539486276,96
7,B,856,False,5.945279615005233,1.7519783625332122,1.751995352480905,3.848637483743069,230
7,B,379,False,6.130380011394192,1.6888897666436076,1.6889073912454866,3.9096437013198395,177
7,B,760,False,5.809336889172073,1.6995952949736215,1.6996128085615874,3.7544748488668302,288
7,B,301,False,5.638054187598007,1.7158923369238155,1.7159096841745514,3.676981935886279,333
7,B,53,False,5.825932760091423,1.7542266338585883,1.7542436020316476,3.790088181061535,268
7,B,827,False,5.861117579942417,1.177222031272691,1.1772473160912014,3.5191824480168092,388
7,B,132,False,5.827394945679891,1.5815289949418914,1.5815478159613274,3.704471380820609,320
7,B,688,False,6.21608746610366,1.7925051041358966,1.7925217099615216,4.004304588032591,67
7,B,134,False,5.7860254753101374,1.4144047252427712,1.4144257700986695,3.6002256227044036,365
7,B,840,False,7.135417145847456,0.712575346308192,0.7126171177402179,3.9240171317938373,161
7,B,440,False,5.90143736750134,1.738156152254024,1.7381732773082923,3.8198053224048163,249
7,B,453,False,6.14898435526043,1.78826359073122,1.788280235943196,3.968632295601813,114
7,B,221,False,7.735368347154067,0.28050707265177044,0.2806131681475435,4.007990757650805,61
7,B,757,False,6.243519582998847,1.7859362112553372,1.7859528781586607,4.0147362305787535,48
7,B,179,False,5.939375979871777,1.7827506268408027,1.7827673235258186,3.8610716516987975,225
7,B,513,False,5.647374500429482,1.6410393285764666,1.6410574670817704,3.6442159837556263,347
7,B,283,False,6.221087530269163,1.5991590259561586,1.59917763948449,3.9101325848768265,176
7,B,861,False,6.720092434380287,1.2189248750904913,1.218949294861975,3.969520864621131,112
7,B,147,False,5.548067722321292,0.7551383464861822,0.7551777636186205,3.1516227429699564,423
7,B,792,False,6.668513978406706,1.100230773039642,1.1002578271812222,3.884385902793964,207
7,B,728,False,5.857717018051993,1.766021787662364,1.7660386425070964,3.8118778302795446,254
7,B,571,False,6.047287753809572,1.7528184940515124,1.752835475855948,3.90006161483276,187
7,B,78,False,6.72737584419896,1.11906925259198,1.1190958513134202,3.92323584775619,166
7,B,185,False,6.932330741434715,0.5358995151799621,0.5359550566047999,3.7341428990197576,300
7,B,399,False,5.665679455537267,1.7605747712429074,1.7605916782340962,3.713135566885682,315
7,B,95,False,6.292251811623215,1.5073643579311744,1.5073841049617704,3.899817958292493,188
7,B,361,False,6.166239440806421,1.7721760741899273,1.7721928705029142,3.9692161556546672,113
7,B,516,False,5.851629309541899,1.7757529328733024,1.7757696953541782,3.8136995024480385,252
7,B,183,False,5.705925785543348,1.772279916584051,1.7722967119129085,3.739111248728128,297
7,B,396,False,5.281188691954573,1.7504112423889164,1.7504282475473383,3.5158084697509557,391
7,B,801,False,6.5923050726476635,1.2083836677410404,1.208408300531499,3.900356686589581,186
7,B,854,False,5.527813089449713,1.7026073338101135,1.7026248164155597,3.6152189529326364,359
7,B,45,False,5.94499378172028,1.6350976330555864,1.6351158374727208,3.7900548095965005,269
7,B,538,False,6.558780913206743,1.2388509648589021,1.2388749918623625,3.8988279525345524,189
7,B,62,False,6.623424938744658,0.5929490252548233,0.5929992233391043,3.608212081041881,362
7,B,370,False,6.110503588087115,1.759555997835481,1.7595729146156323,3.9350382513513735,146
7,B,556,True,6.36200376651335,1.7352972471291326,1.7353144003966778,4.048659083455014,15
7,B,429,False,6.192512119233424,1.7850345502213762,1.7850512255434483,3.988781672388436,89
7,B,46,False,5.828721659347553,1.7634056995435392,1.7634225793929188,3.796072119370236,265
7,B,761,False,5.679551277164017,1.755740291590703,1.7557572451353127,3.717654261149665,308
7,B,808,True,6.3043564166157555,1.7889817159869128,1.7889983545173023,4.046677385566529,19
7,B,662,False,6.207593073670276,1.798865345773641,1.79888189288665,4.003237483278463,71
7,B,683,False,5.2617646143793,1.5764394222296145,1.5764583040124394,3.41911145919587,407
7,B,173,False,5.244174981596595,1.4401465411048286,1.4401672098011182,3.342171095698857,412
7,B,809,True,6.307338223796098,1.7878200557510173,1.787836705092416,4.047587464444257,18
7,B,8,False,6.068877780804092,1.7860864412852986,1.7861031067867605,3.9274904437954263,157
7,B,242,False,6.121348878569929,1.780183478702895,1.7802001994654635,3.9507745390176963,134
7,B,568,False,6.069826934138655,1.7899597067173392,1.789976336156922,3.9299016351477887,153
7,B,435,False,5.675476985531749,1.7584762614622302,1.7584931886294919,3.7169850870806207,310
7,B,721,False,5.228538068183701,1.6886063431445215,1.6886239707045643,3.4585810194441327,398
7,B,230,False,6.182211574961515,1.778239425949739,1.7782561649920388,3.980233869976777,100
7,B,443,False,5.6966047156614525,1.7330384090887594,1.7330555847136104,3.7148301501875314,313
7,B,164,False,6.12176066977521,0.9697828890026577,0.9698135821550846,3.545787125965147,382
7,B,436,False,5.768480857070344,1.7794093283995756,1.7794260564366151,3.7739534567534796,277
7,B,104,False,6.814958736589709,1.210457415604661,1.210482006195239,4.012720371392474,54
7,B,723,False,6.253932311202114,1.570411537883298,1.5704304921412857,3.9121814016717,174
7,B,717,False,6.22787403965331,1.7975028196218463,1.7975193792776265,4.012696709465468,55
7,B,158,False,4.3738114500382,1.5854241836323406,1.585442958411437,2.9796272042248186,426
7,B,235,False,5.74156869805463,1.7530660621683427,1.75308304157463,3.74732586981463,293
7,B,548,False,5.799267201056651,1.7714842863560496,1.7715010892281546,3.7853841451424026,270
7,B,472,False,5.877096442131603,1.7679346401719427,1.7679514767804099,3.8225239594560065,247
7,B,818,False,6.039627730159378,1.7301675890407238,1.730184793164339,3.8849062616618584,206
7,B,181,False,5.989260449614675,1.785114795096467,1.7851314696689533,3.887195959641814,200
7,B,352,False,6.770096310971886,1.1262953059777787,1.1263217340519158,3.948209022511901,137
7,B,344,False,5.6338993808856905,1.6741304786568054,1.6741482586371494,3.65402381976142,341
7,B,246,False,6.182867607761599,1.7605058285169002,1.7605227361701732,3.9716951719658864,108
7,B,168,False,6.2171724785846685,0.7841125827343078,0.7841505434114056,3.500661510998037,393
7,B,518,False,5.722838951539415,1.7712087470558342,1.7712255525418645,3.74703225204064,294
7,B,552,False,5.857859946547883,1.7563822246873724,1.756399172035759,3.807129559291821,259
7,B,52,False,5.583113611203452,1.6389789203470788,1.6389970816545747,3.6110553464290134,361
7,B,204,False,5.653718182771037,0.9500850612293301,0.9501163907128831,3.30191728674196,418
7,B,576,True,6.333136039528293,1.782825353952169,1.78284204993735,4.057989044732822,12
7,B,89,False,6.876923541314611,0.8266522863029228,0.8266882936028459,3.8518059174587282,229
7,B,590,False,6.248228032105788,1.769657437705045,1.769674257922887,4.008951145014338,60
7,B,323,False,5.402986287680475,1.6353988184889867,1.6354170195535171,3.5192016536169963,387
7,B,68,False,5.25393279187962,1.674070500373295,1.67408828099065,3.4640105364351355,397
7,B,201,False,6.147344618254406,1.2503176978328878,1.2503415044875814,3.6988430613709937,326
7,B,537,False,6.598139070857722,1.2430282282383056,1.2430521744992835,3.920595622678503,168
7,B,309,False,6.03730887813285,1.7916545904290102,1.7916712041374891,3.9144900411351697,173
7,B,272,False,5.898118101276406,1.7658258439474837,1.765842700662485,3.831980400969446,241
7,B,383,False,6.215427373050967,1.70208628462118,1.7021037725784136,3.9587655728146904,124
7,B,829,False,6.111972383267825,1.7639802334699386,1.7639971078215504,3.937984745544688,143
7,B,83,False,6.270747693004809,1.630333689033744,1.6303519466448073,3.950549819824808,135
7,B,145,False,6.060945674645904,1.6869861531323347,1.687003797621798,3.873974736133851,218
7,B,138,False,5.963632728633874,1.7422139970929125,1.7422310822610756,3.8529319054474747,228
7,B,316,False,5.125177021914073,1.5605941593803903,1.5606132328742834,3.3428951273941783,411
7,B,773,False,5.846175564258756,1.6190527042205647,1.6190710890427447,3.7326233266507503,303
7,B,67,False,5.994214053435676,1.7563661499392818,1.7563830974427734,3.8752985754392246,214
7,B,641,True,6.43164892430211,1.7823492957949634,1.7823659962395315,4.107007460270821,4
7,B,73,False,6.1190146924949556,1.7841083584704234,1.7841250424491453,3.9515698674720503,133
7,B,295,False,6.2898776725837156,1.045307442031492,1.045335917634402,3.6676067951090587,337
7,B,85,False,6.558931867236062,1.2941395720587634,1.294162572592244,3.926547219914153,159
7,B,549,False,5.848828032017631,1.7694009390033125,1.7694177616594504,3.8091228968385407,256
7,B,696,False,4.417680189170467,0.2366255741610074,0.2367513351116786,2.3272157621410727,440
7,B,286,False,6.219889807352917,1.7860985324680931,1.7861151978567373,4.0030025026048275,72
7,B,170,False,5.994840734914741,1.2668808715817348,1.2669043669945383,3.6308725509546393,352
7,B,542,True,6.670060289184337,1.460146259817929,1.4601666454177147,4.065113467301026,9
7,B,609,False,5.824614241273412,1.7351641574606576,1.735181312043871,3.7798977766586415,271
7,B,603,False,6.148648662545099,1.7973229465481508,1.7973395078611782,3.9729940852031387,106
7,B,332,False,6.741250388999017,1.2540487969576344,1.2540725327831028,3.99766146089106,80
7,B,300,False,5.460778379744822,1.5905589207771176,1.590577634947067,3.5256780073459444,386
7,B,654,False,6.334646462002418,1.721193743051174,1.721211036871611,4.027928749437015,33
7,B,50,False,5.36066516302512,1.6255193371413543,1.6255376488259519,3.4931014059255356,395
7,B,536,False,6.708311308789509,0.9177222903202157,0.9177547245755361,3.8130330166825224,253
7,B,48,False,5.105193623167514,1.5506691398229588,1.5506883353947725,3.327940979281143,414
7,B,850,False,5.790545406697251,1.722854794203093,1.7228720713502548,3.756708739023753,287
7,B,725,False,6.065488015311447,1.7090947311367857,1.7091121473822768,3.8873000813468623,199
7,B,238,False,5.07884894160554,1.5438445493420752,1.5438638297671758,3.311356385686358,415
7,B,180,False,5.989260449614675,1.785114795096467,1.7851314696689533,3.887195959641814,201
7,B,236,False,5.960930629598151,1.5985554187128035,1.5985740392694365,3.7797523344337938,272
7,B,628,False,4.308603795561211,1.678908448394224,1.6789261777754365,2.993764986668324,425
7,B,278,False,5.389190470986692,1.7507601456892132,1.750777147458765,3.5699838092227285,373
7,B,682,False,5.25146588099941,1.7468900700921564,1.7469071095272108,3.4991864952633103,394
7,B,838,False,5.713712514706341,1.7154302493370663,1.7154476012606055,3.714580057983473,314
7,B,690,False,5.39938353852922,1.7488659136433735,1.7488829338277068,3.5741332361784632,372
7,B,796,False,7.186957985909923,0.17517086268491472,0.1753407068079548,3.681149346358939,331
7,B,747,False,4.610655569797421,1.2018204673752462,1.2018452346838138,2.9062504022406177,430
7,B,824,True,6.300893932405775,1.7840547449548092,1.784071429434905,4.04248268092034,24
7,B,640,True,6.424399535851142,1.7804581276451432,1.7804748458284338,4.1024371908397885,5
7,B,802,False,6.601771544995409,0.815225852733588,0.8152623646994517,3.7085169548474304,318
7,B,598,False,5.995105389908961,1.755192725601904,1.7552096844354457,3.8751575371722033,215
7,B,671,False,6.182515476188874,1.7254991742517232,1.7255164249213957,3.9540159505551347,129
7,B,94,False,6.277108822655669,1.6374413985307612,1.6374595768911397,3.9572841997734045,125
7,B,84,False,6.291573378561821,1.4922004034010408,1.492220351101125,3.8918968648314727,197
7,B,745,False,4.075466544815132,0.3809551404181303,0.38103326802411003,2.228249906419621,442
7,B,131,False,6.150917885628543,1.7535823478569263,1.753599322264224,3.952258603946383,132
7,B,243,False,6.149047210987282,1.795867287596405,1.7958838623332536,3.972465536660268,107
7,B,853,False,5.725636977596054,1.717196716045463,1.7172140501193958,3.721425513857725,307
7,B,718,False,6.205403710566168,1.7980991383682692,1.7981156925322819,4.001759701549225,74
7,B,564,True,6.431768189595508,1.7561149127590574,1.7561318626871067,4.093950026141307,7
7,B,200,True,6.449561998155407,1.7407456687842546,1.7407627683637072,4.095162383259558,6
7,B,369,False,5.858903172825125,1.6203874623584198,1.620405832036683,3.739654502430904,296
7,B,470,False,6.342410380548665,0.8544270443635166,0.8544618812269571,3.598436130887811,366
7,B,393,False,6.132294940552764,1.7772451921282506,1.7772619405346861,3.9547784405437247,127
7,B,244,False,5.804174708807911,1.7327739075664075,1.732791085813028,3.768482897310469,281
7,B,143,False,6.093366188261649,1.520720827666947,1.520740401261892,3.807053294761771,260
7,B,319,False,5.063442044212644,1.486022766183334,1.4860427968081213,3.274742420510383,419
7,B,515,False,5.745900386144191,1.6365717147010068,1.6365899027213657,3.6912451444327785,327
7,B,366,False,6.666052423148674,1.2945700345606397,1.2945930274462596,3.9803227252974667,99
7,B,59,False,6.169479707724663,1.7709936948586278,1.7710105023853333,3.970245105054998,110
7,B,355,False,6.754446024852008,1.277165423617549,1.2771887298337428,4.015817377342875,45
7,B,161,False,6.102364042016455,1.0528326338051226,1.0528609058822382,3.5776124739493467,369
7,B,141,True,6.298941133307613,1.7937946816150885,1.7938112755027247,4.046376204405169,20
7,B,799,False,6.715408732321623,0.37478903866786867,0.3748684513742402,3.5451385918479317,384
7,B,337,False,5.713543972769516,1.6852686434882818,1.6852863059596044,3.69941513936456,323
7,B,543,True,6.679902342554996,1.3892152173327958,1.3892366437720907,4.034569493163543,29
7,B,752,False,6.1186623274542935,1.787422107893315,1.787438760941453,3.953050544197873,131
7,B,674,False,4.639846609982753,0.2530075842190006,0.25312520617763573,2.446485908080194,437
7,B,122,False,5.877271243480909,1.667936439901646,1.6679542859089134,3.772612764694911,278
7,B,72,False,6.134150585833618,1.798195227742399,1.798211781021822,3.96618118342772,115
7,B,455,False,5.8767189525346,1.7717859758549899,1.7718027758660257,3.824260864200313,245
7,B,289,False,6.208379839044249,1.7908326770661946,1.7908492983995636,3.9996145687219062,77
7,B,505,False,6.109843825027615,1.1869719073784126,1.1869969845099368,3.6484204047687756,343
7,B,350,False,6.617049978403176,1.267700003385925,1.2677234836173108,3.9423867310102434,141
7,B,655,False,6.028130796067141,1.7689143818767976,1.768931209160127,3.898531002613634,190
7,B,733,False,5.837968206261659,1.7577053049486817,1.757722239540387,3.797845222901023,263
7,B,294,False,5.644000142157616,1.549520018650519,1.5495392284575569,3.5967696853075863,367
7,B,727,False,5.842055936862858,1.7641625514669865,1.7641794240747293,3.8031176804687936,261
7,B,820,False,5.594510459908047,1.7002813103881553,1.7002988169099567,3.647404638409002,346
7,B,665,False,6.168587443559264,1.7976363586461568,1.7976529170717994,3.9831201803155314,95
7,B,834,False,5.999918643648091,1.7729142509694236,1.772931040289105,3.8864248419685983,203
7,B,354,False,6.699245620368623,1.1168167224858538,1.1168433748535114,3.908044497611067,178
7,B,444,False,5.695372104533524,1.7352078311285228,1.7352249852799746,3.7152985449067493,312
7,B,661,False,6.234952188150904,1.7987947590672273,1.7988113068295573,4.01688174749023,43
7,B,425,False,6.116443366761485,1.7249388821897984,1.7249561384627514,3.920699752612118,167
7,B,651,False,5.876942228373044,1.7681980385694793,1.7682148726699165,3.82257855052148,246
8,B,446,False,6.2764800910277785,1.7726288193310273,1.7726448095855831,4.02456245030668,71
8,B,333,False,6.008610378565632,1.740584615571835,1.7406009002046243,3.8746056393851283,221
8,B,659,False,6.1107583451468495,1.6834719395875288,1.6834887766796642,3.897123560913257,205
8,B,630,False,5.321422833962719,1.7132663001414619,1.7132828444329353,3.5173528391978275,373
8,B,592,True,6.51249875648737,1.7436715037367412,1.743687759540493,4.128093258013932,19
8,B,4,False,6.24504752664848,1.7651689623778781,1.7651850202089272,4.005116273428704,100
8,B,791,False,6.328251738548518,1.7061403321111694,1.7061569455018515,4.017204342025185,83
8,B,743,False,4.04437267511856,0.09421287751079682,0.09451325894635347,2.069442967032457,415
8,B,71,False,6.12419078195266,1.7464746644206621,1.746490894133451,3.9353408380430555,174
8,B,234,False,5.985969072996399,1.7291524380643677,1.7291688303609174,3.857568951678658,229
8,B,299,False,5.788053321065297,1.318419239667806,1.3184407386583714,3.553247029861834,361
8,B,462,False,5.60842907709989,1.7134036935446189,1.713420236509461,3.6609246568046756,330
8,B,215,False,6.154541730621863,1.700454726587622,1.7004713955259525,3.9275065630739077,182
8,B,349,False,6.730439334808034,1.219082112916067,1.2191053637236193,3.9747723492658267,132
8,B,677,False,6.374765875671655,1.7281162788773141,1.728132681002408,4.0514492783370315,40
8,B,782,False,6.010874919175912,1.6239369754360078,1.6239544297842983,3.817414674480105,258
8,B,694,False,6.255926989924626,1.76341128637124,1.7634273602077482,4.009677175066187,94
8,B,162,False,6.124538892642431,1.0491353574865356,1.0491623745427574,3.5868506335925945,350
8,B,199,False,6.251237712947813,1.6900637804784706,1.6900805519007005,3.970659132424257,135
8,B,585,False,6.1905421675473296,1.743530751671457,1.743547008787498,3.967044588167414,136
8,B,580,True,7.146004744552639,1.516548093150057,1.5165667834503267,4.331285764001483,5
8,B,87,False,6.9293008836742445,1.0144515545412083,1.0144794952776868,3.9718901894759657,133
8,B,475,False,3.0900014759619614,1.0079232198624222,1.007951341566461,2.048976408764211,416
8,B,521,False,5.935018116137819,1.7466296415338045,1.7466458698065566,3.8408319929721877,246
8,B,258,False,6.914193298268781,0.8232168907267101,0.823251321897237,3.868722310083009,223
8,B,746,False,4.649333068193513,1.196927046681045,1.1969507278515708,2.923141898022542,401
8,B,125,False,5.818310047655384,1.7262856098390071,1.7263020293578493,3.7723060385066165,290
8,B,610,False,6.24033824346362,1.712068747338117,1.7120853032018308,3.9762117733327256,129
8,B,768,True,8.473645131206453,0.3644921426124565,0.36456989981897214,4.419107515512713,2
8,B,193,False,6.141064920140174,1.7637256479854153,1.7637417189569933,3.9524033195485835,155
8,B,560,False,6.5301500561521255,1.4253542205676715,1.425374106653362,3.977762081402744,127
8,B,822,False,5.278838068667105,1.2578018357277012,1.257824370803719,3.268331219735412,392
8,B,245,False,4.144390285277458,0.7343636805733412,0.7344022774835468,2.4393962813805024,409
8,B,25,False,6.135424568683161,1.7682194969651797,1.768235527093489,3.9518300478883255,156
8,B,504,False,5.992679999180801,1.3704075877726571,1.3704282711811913,3.6815541351809964,326
8,B,23,False,5.390679639585112,1.6608761886215229,1.6608932547751987,3.5257864471801557,370
8,B,658,False,6.003350143126418,1.680549116920608,1.6805659832956368,3.841958063211027,244
8,B,578,True,7.126095682002995,1.5118140721398858,1.5118328209653276,4.318964251484161,7
8,B,44,False,6.201704852155884,1.7667755204770232,1.7667915637065545,3.9842482079312194,122
8,B,343,False,5.7734066747650585,1.6750167141294061,1.6750336362117235,3.724220155488391,309
8,B,14,False,6.275865648528027,1.770239441891875,1.7702554537290522,4.023060551128539,74
8,B,496,False,6.374649507706293,1.3312340152495945,1.331255307289084,3.852952407497688,232
8,B,547,False,6.923486482138341,1.1150961793847862,1.1151215983498586,4.0193040402441,80
8,B,267,False,6.1618918570879275,1.7624461098823698,1.7624621925213868,3.962177024804657,145
8,B,189,False,6.287855938681675,1.7290658366825058,1.7290822298000663,4.008469084240871,95
8,B,664,False,5.974650512926287,1.755727494980385,1.75574363916202,3.8651970760441534,226
8,B,397,False,6.371637169506876,1.7555035222440176,1.75551966848536,4.0635784189961175,32
8,B,195,False,6.1803035449422845,1.7628409429639256,1.7628570220008595,3.971580283471572,134
8,B,187,False,6.767874585528445,1.27545265256684,1.2754748757884586,4.021674730658452,76
8,B,499,False,6.340979176086361,0.932371216531664,0.9324016169250947,3.636690396505728,341
8,B,231,True,6.506807761346142,1.7498102368333188,1.7498264356085353,4.128317098477338,18
8,B,795,False,6.674515208536811,1.1653338467846035,1.165358169958746,3.9199366892477787,190
8,B,380,False,6.108338368237442,1.7411317273880715,1.741148006903826,3.924743187570634,185
8,B,492,False,5.948435748926925,1.688514779492115,1.6885315662998726,3.818483657613399,256
8,B,26,False,6.049700415471296,1.7227338917293393,1.7227503450995767,3.8862253802854365,215
8,B,500,False,6.3474407924810645,0.7700464416607852,0.7700832501374335,3.5587620213092492,359
8,B,103,False,6.4106532227088735,1.6574033133063701,1.6574204152196055,4.034036818964239,60
8,B,729,False,6.138777934446793,1.767512217270431,1.767528253813226,3.9531530941300095,152
8,B,606,False,6.320929353479617,1.7717532767123494,1.7717692748686955,4.046349314174156,48
8,B,468,False,6.341662332394973,0.9676237964558809,0.9676530893328911,3.654657710863932,334
8,B,285,False,6.314231448241755,1.7675127901288623,1.7675288266664597,4.040880137454107,52
8,B,833,False,6.132895324937147,1.7361139701449266,1.7361302967116767,3.934512810824412,175
8,B,754,False,6.239101201892644,1.762674764349277,1.7626908449020706,4.000896023397357,107
8,B,302,False,6.322207080402996,1.7709100254640582,1.7709260312381505,4.046566555820573,46
8,B,493,False,5.878375178205165,1.6830251939700838,1.6830420355314464,3.780708606868306,286
8,B,479,False,6.174998315562995,1.6926566408421144,1.6926733865736494,3.9338358510683222,176
8,B,653,False,5.798571536573431,1.6560361418196556,1.6560532578515483,3.7273123972124895,304
8,B,395,False,5.415231671465799,1.7001463407737603,1.700163012735603,3.5576973421007008,360
8,B,507,False,6.1718240012288,1.0123092980181876,1.0123372978814285,3.5920806495551143,348
8,B,481,False,5.481257327165935,1.6883770877875803,1.688393875964334,3.584825601565134,351
8,B,669,False,5.481096793849538,1.7007751582837365,1.7007918240816144,3.590944308965576,349
8,B,451,False,6.243357788692002,1.770118916778784,1.770134929706177,4.00674635919909,97
8,B,334,False,6.278403331869314,1.7419889029255684,1.7420051744307827,4.010204253150048,92
8,B,811,False,6.665094976158625,1.3465052788469691,1.3465263294085823,4.0058106527836035,99
8,B,736,False,5.746164149295173,1.7359176380370387,1.7359339664503046,3.741049057872739,295
8,B,293,False,7.296394905701206,0.3394288565090762,0.3395123539119823,3.817953629806594,257
8,B,284,False,6.082446029044071,1.757542034734455,1.7575581622485,3.9200020956462858,188
8,B,581,True,7.32176238820872,1.436396340639075,1.4364160738550378,4.3790892310318785,3
8,B,186,False,5.963782856578497,1.731167983620695,1.7311843568323793,3.8474836067054383,239
8,B,81,False,7.107886347530869,0.5211979234936837,0.5212523048216898,3.8145693261762794,263
8,B,463,False,6.148532449364441,1.7624221910255748,1.7624382738828568,3.9554853616236487,150
8,B,60,False,5.92455603559978,1.7096372115618854,1.7096537909719896,3.8171049132858847,259
8,B,502,False,6.0674959673774085,1.7419803291874274,1.7419966007727266,3.9047462840750677,198
8,B,171,False,6.124785907260703,0.9326091810469714,0.9326395736836921,3.528712740472198,368
8,B,634,False,6.2311493652897525,1.7676637201858962,1.7676797553542436,3.999414560321998,109
8,B,155,False,5.544298335158023,1.722463082891505,1.7224795388485472,3.633388937003285,343
8,B,570,True,7.038158856746019,1.6382676515943941,1.6382849532631394,4.33822190500458,4
8,B,191,False,6.274326756365088,1.7304813797143772,1.730497759422407,4.002412257893748,103
8,B,589,True,6.916199703955047,1.6701900813399484,1.6702070523243935,4.2932033781397205,11
8,B,685,False,6.3005942999446845,1.7001268996553691,1.7001435718078557,4.00036893587627,108
8,B,22,False,6.3057819259752135,1.7721179855264007,1.7721339803902934,4.038957953182753,56
8,B,367,False,6.66047363048545,1.3088156393937185,1.3088372961332453,3.984655463309348,121
8,B,554,True,7.148349810757064,1.4812989398588916,1.481318074909934,4.3148339428334985,8
8,B,105,False,6.45199514740548,0.8244894631759473,0.8245238412053092,3.6382594943053945,340
8,B,317,False,5.224395695778822,1.5573306532783486,1.5573488541326135,3.3908722749557176,381
8,B,90,False,6.698429113468373,1.2188852358500957,1.218908490413099,3.9586688019407363,148
8,B,566,False,6.271635791906651,1.7708273128997265,1.7708433194214168,4.021239555664034,78
8,B,133,False,6.147639527291262,0.9919947100818984,0.9920232833246737,3.569831405307968,353
8,B,593,True,6.8923707817356075,1.6823481491946772,1.6823649975336956,4.287367889634652,12
8,B,666,False,6.2788480841024885,1.77134331601084,1.771359317869775,4.025103700986132,69
8,B,841,False,5.887679222796678,1.735757088928885,1.7357734188524356,3.811726320824557,265
8,B,626,False,6.279122428751786,1.772026722710845,1.7720427183984968,4.025582573575141,68
8,B,442,False,5.090067541358888,1.714595303395859,1.7146118348637787,3.4023396881113332,380
8,B,357,True,6.893183541324183,1.3139560696609491,1.3139776416768458,4.103580591500514,23
8,B,279,False,5.759106129352166,1.729022569632169,1.7290389631599472,3.744072546256057,294
8,B,837,True,6.605868384437217,1.7134037873697447,1.7134203303336815,4.159644357385449,16
8,B,565,False,6.559470285076584,0.9850825232574322,0.9851112969888355,3.7722907910327095,291
8,B,237,False,6.067048066636327,1.6163066625525755,1.6163241992990272,3.841686132967677,245
8,B,433,False,7.149550854292362,0.8818971219163624,0.8819292621702487,4.015740058231305,85
8,B,149,False,6.078622912595099,1.7669326796661762,1.7669487214687614,3.9227858170319303,186
8,B,58,False,4.834179065325525,0.161649572705743,0.1618248256101188,2.498001945467822,405
8,B,135,False,6.327468780534904,1.5620992229338315,1.562117368227585,3.9447930743812445,164
8,B,494,False,5.90648354837287,1.6861408047900237,1.6861576152322608,3.796320581802566,277
8,B,744,False,4.048263678134234,0.2061370203865708,0.20627447976337154,2.1272690789488027,414
8,B,567,False,6.212531069890408,1.7444929023314795,1.7445091504812191,3.978520110185814,126
8,B,432,False,6.314280826176905,1.7512394678521075,1.7512556534072143,4.03276823979206,61
8,B,374,False,6.184226956902416,1.6025737501589967,1.6025914371811882,3.893409197041802,208
8,B,1,False,5.716235034877775,1.7267917563898834,1.7268081710959833,3.721521602986879,311
8,B,601,False,6.500233520508169,1.615637056989806,1.6156546010043353,4.0579440607562525,35
8,B,82,False,6.946285993250539,0.9832767030650444,0.9833055296388096,3.9647957614446745,140
8,B,353,False,7.038542521227242,1.0744618168134892,1.07448819705846,4.0565153591428516,37
8,B,739,False,6.056114069542541,1.7362410007472442,1.7362573261194862,3.8961856978310134,206
8,B,860,False,6.422950659745781,1.202758118123241,1.2027816844877361,3.8128661721167587,264
8,B,241,False,5.080945043721996,1.4621644109270693,1.4621837963845377,3.2715644200532665,391
8,B,18,False,5.72232070199874,1.7265470429081504,1.7265634599407793,3.7244420809697596,307
8,B,506,False,6.141986840886231,1.1687875914235157,1.1688118427246446,3.655399341805438,332
8,B,533,False,6.158732605281934,1.7701534541391295,1.770169466754098,3.9644510360180156,141
8,B,668,False,5.579624277152568,1.6893827657972411,1.6893995439802072,3.634511910566388,342
8,B,584,False,5.388449344304046,1.70462813879501,1.7046447669234595,3.546547055613753,365
8,B,259,False,6.937988257624107,0.8632224048285211,0.8632552403696899,3.9006217489968984,202
8,B,629,True,7.94504320696447,1.1896102386929468,1.1896340655137974,4.567338636239134,1
8,B,458,False,1.9795560901489333,0.37263947268149394,0.37271553016763054,1.176135810158282,421
8,B,190,False,6.261634595277303,1.729503551467846,1.7295199404365618,3.995577267856932,113
8,B,430,False,6.2602162050932115,1.7610241043343349,1.761040199959769,4.01062820252649,89
8,B,828,True,6.828865826130685,1.72394488564526,1.7239613274578536,4.276413576794269,13
8,B,13,False,6.483253163531951,1.6470411142766672,1.6470583237838063,4.065155743657879,31
8,B,93,False,6.924146006391223,1.0586923956472758,1.0587191688210638,3.9914325876061434,117
8,B,519,False,5.913367792863651,1.749081346176539,1.7490975517021716,3.8312326722829115,248
8,B,482,False,5.626022809948171,1.7252196818090868,1.7252361114726422,3.6756294607104065,328
8,B,96,False,6.9060114210447034,0.9769753423606649,0.977004354856484,3.9415078879505936,168
8,B,831,False,6.156966497341883,1.7480648969178596,1.7480811118664497,3.952523804604166,154
8,B,342,False,5.833802327685363,1.637888037006035,1.6379053426847592,3.735853835185061,298
8,B,693,False,5.417342064347722,1.55708627496958,1.557104478680361,3.4872232715140417,375
8,B,678,False,6.116607188807865,1.761429177165789,1.7614452690897735,3.939026228948819,171
8,B,101,False,6.540220404054767,1.3648105739399559,1.3648313421687341,3.9525258731117505,153
8,B,358,False,6.548991151601156,1.4294947276456011,1.429514556132384,3.9892528538667698,119
8,B,520,False,5.9479587005378605,1.7470652331619319,1.7470814573885647,3.8475200789632127,238
8,B,605,False,6.289325965684112,1.7722064545148943,1.7722224485803266,4.030774207132219,64
8,B,19,False,5.72232070199874,1.7265470429081504,1.7265634599407793,3.7244420809697596,308
8,B,777,False,6.238467121876804,1.7486063353329115,1.748622545260752,3.993544833568778,115
8,B,247,False,6.383044982877732,1.7121406699228918,1.7121572250911434,4.047601103984437,44
8,B,544,False,6.829695889132953,0.9798822209640875,0.979911147395165,3.904803518264059,197
8,B,676,False,6.250751320522386,1.7612982334820502,1.7613143266023774,4.006032823562381,98
8,B,741,False,5.328244656161681,1.7135637198030862,1.7135802612230293,3.5209124586923553,371
8,B,335,False,6.002462724735018,1.6932895542465614,1.6933062937189818,3.8478845092269998,237
8,B,51,False,6.140755019893032,1.0189450768387098,1.018972894360611,3.5798639571268214,352
8,B,667,False,5.829784186268039,1.734475226850492,1.7344915688425417,3.7821378775552903,284
8,B,177,False,5.132182194930531,0.5773895822384357,0.5774386716399166,2.8548104332852238,402
8,B,98,False,7.122107064027733,0.48877657132375635,0.48883455943990206,3.8054708117338176,273
8,B,331,False,7.290616505497226,0.26216942896083056,0.2622775234545348,3.7764470144758806,287
8,B,146,False,5.431158838221204,0.4733655931345276,0.4734254688875527,2.9522921535543785,398
8,B,569,False,2.5589108290512232,0.2842595162322683,0.2843592136653906,1.4216350213583069,418
8,B,522,False,6.0510621199040635,1.7228117652148178,1.7228282178413474,3.8869451688727055,213
8,B,263,False,6.133689803135957,1.7287272167342675,1.728743613062852,3.9312167080994045,180
8,B,175,False,5.002181169707234,0.34555270030845103,0.3456347183346289,2.6739079440209315,404
8,B,139,False,4.154658279593885,0.7852340430071484,0.7852701395858295,2.4699642095898575,406
8,B,66,False,6.142556988302233,1.7382920077838708,1.7383083138940219,3.9404326510981273,170
8,B,783,False,5.988566741054037,1.6241432066781014,1.624160658810089,3.806363699932063,271
8,B,364,False,5.765722122399546,1.7128981670672045,1.7129147149143138,3.73931841865693,296
8,B,297,False,5.2826352081920245,1.5635670366202552,1.563585164880136,3.4231101865360802,378
8,B,749,False,4.684926343891384,1.2143372838457835,1.2143606255004118,2.9496434846958977,399
8,B,839,False,5.759569886752358,1.6839068505437167,1.6839236832872964,3.721746785019827,310
8,B,318,False,4.071189805227975,0.45794462745064274,0.4580065192098296,2.2645981622189026,411
8,B,182,False,6.1341836266573875,1.7528073741111136,1.7528235451881895,3.9435035859227883,166
8,B,79,False,7.056618511004071,0.7612636166980076,0.7613008498195224,3.908959680411797,194
8,B,448,False,6.242467207636764,1.7505591619790948,1.7505753538242068,3.9965212807304855,112
8,B,271,False,6.558241535981191,1.3367094135438604,1.336730618368775,3.947486077174983,163
8,B,863,False,5.976064932572913,1.711011360998873,1.711027927093831,3.843546429833372,241
8,B,687,False,6.353617326450579,1.7437179542889192,1.74373420965964,4.0486757680551095,42
8,B,852,False,5.764875153938845,1.6939131912464735,1.6939299245560921,3.7294025392474683,302
8,B,117,False,5.855865916988895,1.7463418184563995,1.7463580494037871,3.801111983196341,274
8,B,239,False,5.19599732624846,1.5494472457646749,1.5494655392216803,3.37273143273507,384
8,B,261,False,5.633869339053424,1.6738988745277652,1.6739158079106353,3.65389257348203,335
8,B,804,False,6.764922131189159,1.355557695695151,1.3555786056832497,4.060250368436204,33
8,B,657,False,2.5244202727764726,0.20557270619505752,0.2057105426568009,1.3650654077166369,419
8,B,679,False,6.18671294818379,1.7661242277646827,1.7661402769104138,3.976426612547102,128
8,B,163,False,6.310184168656081,1.47218078988678,1.4722000434517923,3.8911921060539365,209
8,B,594,True,6.9331336755477455,1.6755137787938024,1.6755306958559975,4.304332185701871,10
8,B,484,False,5.704554619933129,1.7284447052628908,1.7284611042714029,3.716507862102266,315
8,B,260,False,5.736809561412049,1.6801948958331472,1.6802117657639337,3.7085106635879916,317
8,B,790,True,6.456790071767522,1.7420460987683557,1.7420623697393396,4.099426220753431,24
8,B,457,False,6.126129270370519,1.7568141251324478,1.7568302593286251,3.941479764849572,169
8,B,517,False,5.850161481662613,1.7383281425262698,1.7383444482974677,3.79425296498004,278
8,B,823,False,5.459382695381505,1.473682278646512,1.4737015125949258,3.4665421039882154,376
8,B,602,True,7.026884847942804,1.6304604476104525,1.6304778321246423,4.328681340033723,6
8,B,652,False,5.666297560203459,1.7201609792987083,1.720177457278663,3.6932375087410607,322
8,B,126,False,5.771931749869852,1.7309944653328415,1.7310108401857933,3.7514712950278226,292
8,B,209,False,6.274298260712058,1.77254782688619,1.7725638178713765,4.023431039291717,72
8,B,156,False,6.120485814082681,1.768656871284912,1.7686728974491384,3.9445793557659097,165
8,B,287,False,6.317183568406236,1.7605978410990752,1.76061394062143,4.038898754513833,57
8,B,722,False,5.359727341534029,1.6776669355698088,1.6776838309204716,3.5187055862272505,372
8,B,214,False,6.148022660410785,1.7030477440425817,1.7030643876014564,3.9255435240061205,184
8,B,420,False,2.617956984937533,0.46995805081070374,0.4700183606515729,1.543987672794553,417
8,B,445,False,6.279057085773919,1.7726439210730132,1.772659911191344,4.0258584984826316,67
8,B,464,False,6.257510478319416,1.429463779090159,1.429483608006232,3.843497043162824,242
8,B,268,False,6.350740007086608,1.769439933644675,1.769455952716616,4.060097979901612,34
8,B,816,False,6.30947938285931,1.7725958205781822,1.7726118111304108,4.04104559699486,51
8,B,324,False,4.209451071079887,0.6795759704857678,0.6796176789118049,2.444534374995846,408
8,B,637,False,4.773770675363789,1.251141264364241,1.2511639194057458,3.0124672973847675,397
8,B,635,False,6.2760137802386,1.7580650574610117,1.7580811801771803,4.01704748020789,84
8,B,428,False,6.100209195198721,1.7397216428665947,1.7397379355771487,3.919973565387935,189
8,B,136,False,6.330794824916538,1.5675837411873421,1.5676018229967392,3.9491983239566384,159
8,B,497,False,6.313255076161218,1.0775117895752397,1.0775380951509008,3.6953965856560593,320
8,B,269,False,6.346564803277675,1.7692459178573599,1.769261938685939,4.057913370981807,36
8,B,362,False,4.490611253949766,1.666769782919504,1.6667867887289385,3.078699021339352,395
8,B,819,False,6.307976771765886,1.7134013657623157,1.7134179087496328,4.010697340257759,88
8,B,17,False,5.646974730002485,1.637547503139514,1.6375648124169782,3.642269771209732,339
8,B,347,False,5.919533499028749,1.7145596136784322,1.7145761454904622,3.817054822259606,260
8,B,751,False,6.213135094229919,1.74423943674436,1.744255687255191,3.9786953907425553,125
8,B,540,False,6.4662932940807964,1.2365828460530779,1.2366057678098246,3.8514495309453105,233
8,B,712,False,6.307061689556633,1.7725786097168355,1.772594600424323,4.039828144990478,55
8,B,459,False,2.253006507954444,0.37267853685370017,0.37275458636911607,1.31288054716178,420
8,B,550,False,5.912695888870328,1.7318428867261442,1.731859253557211,3.8222775712137693,253
8,B,490,True,6.701278255170207,1.7318156550976282,1.73183202218605,4.216555138678128,14
8,B,756,False,6.156982883805515,0.9821982971887612,0.9822271554117703,3.569605019608643,354
8,B,849,False,5.944191426048183,1.7120552580135073,1.712071814007664,3.8281316200279236,251
8,B,16,False,6.217860461360917,1.7156720810737607,1.7156886021664204,3.9667745317636687,138
8,B,99,False,6.881365323761928,0.9262406938852775,0.9262712954836053,3.9038183096227668,200
8,B,586,False,6.117349668305995,1.591320692741326,1.591338504836268,3.854344086571132,231
8,B,508,False,6.013569909807037,1.6087628719380516,1.6087804909166956,3.811175200361866,266
8,B,15,False,5.969687335842415,1.7301430492338832,1.730159432144944,3.8499233839936795,234
8,B,471,False,6.326401651359703,1.1091706666665004,1.1091962214239666,3.7177989363918345,314
8,B,303,False,6.335659215840913,1.769155497524282,1.7691715191716675,4.05241536750629,39
8,B,836,False,5.932834648996493,1.6994923469332477,1.699509025310685,3.816171837153589,261
8,B,86,False,6.843268246752454,0.9336708752383253,0.9337012333161483,3.8884847400343014,212
8,B,780,False,6.795199334858801,1.242021165322385,1.2420439867156763,4.018621660787239,81
8,B,698,False,5.494767765118879,0.11151445978615317,0.11176835227019152,2.803268058694535,403
8,B,689,False,6.335868113696496,1.7615045251097419,1.7615206163454045,4.048694365020951,41
8,B,194,False,6.163464052603831,1.7650077356982767,1.7650237949961338,3.9642439237999825,142
8,B,477,False,5.398786611617249,1.7253947753633025,1.7254112033595868,3.5620989074884175,356
8,B,474,False,5.795245835775657,1.74939802842107,1.7494142310131475,3.772330033394402,289
8,B,296,False,5.2826352081920245,1.5635670366202552,1.563585164880136,3.4231101865360802,379
8,B,174,False,5.891597803643794,1.6719713456722354,1.6719882985765244,3.781793051110159,285
8,B,91,False,6.502963720628004,1.2381349226303506,1.2381578156538287,3.8705607681409164,222
8,B,240,False,5.147307581650455,1.531485719072171,1.531504227075394,3.3394059043629247,387
8,B,753,False,6.256580231813159,1.7641932316896904,1.7642092984018392,4.010394765107499,90
8,B,454,False,6.049107702469642,1.7503855819973306,1.7504017754481198,3.899754738958881,203
8,B,417,True,6.421830197269297,1.7337364432189903,1.7337527921746603,4.077791494721978,26
8,B,814,True,6.403302416662126,1.7289331904955056,1.7289495848707574,4.066126000766442,29
8,B,480,False,6.181747245521322,1.690169655928232,1.6901864262998785,3.9359668359106004,173
8,B,422,False,5.693533541077434,1.675578930777641,1.675595847182052,3.684564694129743,324
8,B,498,False,6.347588020448848,1.1051236707944971,1.10514931913208,3.726368669790464,305
8,B,534,False,6.159461298202521,1.7701294247919395,1.7701454376242756,3.9648033679133983,139
8,B,102,False,6.499390698876356,1.2687759465827537,1.268798286748039,3.8840944928121974,216
8,B,198,False,6.729410090761127,0.7226613841388754,0.7227006060280504,3.726055348394589,306
8,B,77,False,7.699803144574329,0.22724728993450768,0.2273719873035688,3.9635875659389486,144
8,B,781,False,4.0579331258389795,0.2732796585539726,0.2733833601504889,2.165658242994734,413
8,B,591,True,6.642512123036319,1.722606136515999,1.7226225911064714,4.182567357071395,15
8,B,734,False,5.930219266480462,1.6895515840535584,1.6895683605600824,3.8098938135202722,268
8,B,478,False,5.805322185450259,1.6647848709547242,1.6648018970398653,3.735062041245062,299
8,B,419,True,6.406823065472767,1.7282384418240782,1.7282548427897761,4.067538954131272,28
8,B,232,False,5.7068568817502,1.7296871478810292,1.729703535110166,3.718280208430183,313
8,B,21,False,6.173216525940619,1.7506113519637487,1.7506275433261467,3.9619220346333828,146
8,B,371,False,6.248559745751853,1.7407039896463468,1.7407202731623783,3.994640009457116,114
8,B,7,False,4.914345299188701,1.7014579136107986,1.7014745727211464,3.3079099359549238,389
8,B,467,False,6.447245227487473,0.6736300891135474,0.6736721656614008,3.560458696574437,358
8,B,345,False,6.2720626453742225,1.7716967482658446,1.7717127469326293,4.021887696153426,75
8,B,856,True,6.463008019125849,1.7126925650255629,1.7127091148591573,4.087858566992503,25
8,B,379,False,6.156497350751138,1.6758364772792194,1.6758533910839035,3.9161753709175207,192
8,B,760,False,5.976666257776589,1.685380196535908,1.6853970145645838,3.8310316361705867,249
8,B,301,False,5.9008194229870305,1.6964190249758937,1.6964357335684597,3.798627578277745,275
8,B,53,False,5.948508092113995,1.7356838060272688,1.7357001366402842,3.8421041143771397,243
8,B,827,False,5.894046878270003,1.1849242708111303,1.1849481918569627,3.5394975350634827,366
8,B,132,False,5.9969930862990655,1.574551743983838,1.5745697457751249,3.785781416037095,281
8,B,688,False,6.316892204303879,1.767125717431522,1.7671417574817443,4.042016980892812,49
8,B,134,False,5.920682904163257,1.4133903950727176,1.41341044948437,3.667046676823814,329
8,B,840,False,7.12879579220119,0.7232455973403283,0.7232847875491122,3.926040289875151,183
8,B,440,False,6.148011474867468,1.719053752680094,1.7190702412732617,3.933540858070365,177
8,B,453,False,6.263350048602921,1.764218186605078,1.7642342530899648,4.0137921508464425,87
8,B,221,False,7.7295964559108015,0.28554073798913376,0.2856399882354975,4.007618222073149,96
8,B,757,False,6.318931663991688,1.762459923046135,1.7624760055591069,4.040703834775398,53
8,B,179,False,6.043627389235894,1.7583994461603836,1.7584155658105793,3.9010214775232366,201
8,B,513,False,5.805779273635716,1.6327879828547593,1.6328053425876308,3.7192923081116733,312
8,B,283,False,6.369741927879885,1.5913467790721176,1.5913645908750764,3.980553259377481,123
8,B,861,False,6.4101285693050185,1.2096488556729734,1.20967228779481,3.8099004285499145,267
8,B,147,False,5.573836829788254,0.7620997508776157,0.7621369431509799,3.167986886469617,393
8,B,792,False,6.686410533990598,1.1055349588531715,1.10556059764912,3.895985565819859,207
8,B,728,False,6.093994715128509,1.7436432866463893,1.7436595427132038,3.9188271289208565,191
8,B,571,False,6.3645699740293376,1.707291244960268,1.7073078471517016,4.035938910590519,59
8,B,78,False,6.777095608280965,1.1213794460084867,1.1214047225502917,3.9492501654156285,158
8,B,185,False,6.9475189292819435,0.5451652183456079,0.545217209120925,3.7463680692014343,293
8,B,399,False,5.871876361565464,1.7396047919616928,1.7396210857666334,3.8057487236660488,272
8,B,95,False,6.431085571085676,1.4544232031928017,1.454442691828525,3.9427641314571007,167
8,B,361,True,6.482470484424633,1.7452763400721605,1.74529258092833,4.113881532676482,22
8,B,516,False,6.006252302853777,1.753793573291361,1.7538097352751456,3.880031019064461,219
8,B,183,False,5.947400178172115,1.7502695718323753,1.7502857663564777,3.8488429722642965,236
8,B,396,False,5.569007881596052,1.730653279385339,1.7306696574664457,3.649838769531249,337
8,B,801,False,6.633699840840935,1.2106457188558104,1.2106691316836729,3.922184486262304,187
8,B,854,False,5.7042584606873215,1.6865062399695878,1.6865230467693446,3.695390753728333,321
8,B,45,False,6.0301486672556575,1.6271938687897651,1.6272112882028564,3.828679977729257,250
8,B,538,False,6.717912971620736,1.2427580450915678,1.2427808529534123,3.9803469122870743,124
8,B,62,False,6.639858756199763,0.6028130142093253,0.6028600334471745,3.6213593948234686,344
8,B,370,False,6.233571568886652,1.7386205724403223,1.738636875468972,3.9861042221778122,120
8,B,429,False,6.268263271580856,1.7611403964034051,1.7611564909660185,4.014709881273437,86
8,B,46,False,6.07258930657956,1.741384074726075,1.7414003518827552,3.9069948292311576,195
8,B,761,False,5.836202830704525,1.7352750981332132,1.7352914325925282,3.7857471316485265,282
8,B,662,False,6.287671847561745,1.7726344508168173,1.772650441020574,4.030161144291159,65
8,B,683,False,5.305201444764753,1.568487526667844,1.5685055980583578,3.4368535214115554,377
8,B,173,False,5.32826804404784,1.4365371648211778,1.436556896102714,3.382412470075277,382
8,B,8,False,6.1881894498011185,1.7624498258571621,1.7624659084622707,3.9753276791316945,130
8,B,242,False,6.278437609687769,1.7571121967457266,1.757128328204969,4.017782968946369,82
8,B,568,False,6.168076401317832,1.7657796372335037,1.7657956895111848,3.9669360454145086,137
8,B,435,False,5.856279421120437,1.7380909714756514,1.738107279471831,3.797193350296134,276
8,B,721,False,5.381753782501298,1.6778481426964118,1.6778650362223997,3.529809409361849,367
8,B,230,True,6.494606031478267,1.7506283532395086,1.7506445444446652,4.122625287961466,20
8,B,443,False,5.934712112533086,1.7150549314078558,1.7150714584454496,3.824891785489268,252
8,B,164,False,6.143921539079372,0.9770913075525052,0.9771203166051048,3.5605209278422385,357
8,B,436,False,5.93795091705196,1.7565534009485748,1.7565695375395192,3.84726022729574,240
8,B,104,False,6.821928963864764,1.2171093519042981,1.2171326403973795,4.019530802131071,79
8,B,723,False,6.385681610925752,1.564892018751606,1.5649101316626053,3.9752958712941786,131
8,B,717,False,6.300977427316814,1.7716425762879835,1.7716585754439593,4.036318001380387,58
8,B,158,False,4.496725742890247,1.5765750328831185,1.5765930115721694,3.0366593772312083,396
8,B,235,False,5.9896633540749775,1.731452679885576,1.7314690504051,3.860566202240039,227
8,B,548,False,6.024088817133976,1.7491674033333373,1.7491836080616825,3.8866362125978293,214
8,B,472,False,6.112171165841152,1.7452988497414208,1.745315090388129,3.9287431281146405,181
8,B,818,False,6.281095322800533,1.7120300740278336,1.7120466302655268,3.9965709765330297,111
8,B,181,False,6.141838099568127,1.755533939506005,1.755550085467592,3.9486940925178597,161
8,B,352,False,7.031180296205806,1.0113492833201834,1.01137730976132,4.021278802983563,77
8,B,344,False,5.698673542894485,1.6637653329305349,1.6637823694489762,3.681227956171731,327
8,B,246,False,6.264160925554117,1.7412200039462926,1.7412362826367143,4.002698604095416,102
8,B,168,False,6.2273711449495,0.7898128850038639,0.7898487723266542,3.5086099586380772,374
8,B,518,False,5.892655722353997,1.7494802024433806,1.749496404274421,3.8210760633142087,255
8,B,552,False,5.978447312462892,1.7375483134634992,1.7375646265528215,3.8580059695078566,228
8,B,52,False,5.776525451773581,1.6306454085546735,1.6306627910969926,3.7035941214352865,318
8,B,204,False,5.651603837116975,0.9651701213884201,0.9651994887321136,3.308401662924544,388
8,B,89,False,6.904181709425628,0.830012026501716,0.8300461758030582,3.867113942614343,224
8,B,590,True,6.957290983625671,1.6623422347535786,1.6623592858564955,4.309825134741083,9
8,B,323,False,5.479835663217017,1.6237941085537733,1.6238115644377398,3.5518236138273784,362
8,B,68,False,5.463268701570111,1.6627210664780845,1.662738113696145,3.563003407633128,355
8,B,201,False,6.21040983540243,1.2593891107424087,1.2594116174167804,3.7349107264096055,300
8,B,537,False,6.45506339533021,1.2445042912523712,1.2445270671115847,3.8497952312208974,235
8,B,309,False,6.161672537333105,1.766759366150706,1.7667754095269268,3.964223973430016,143
8,B,272,False,6.036307386396667,1.745641869008062,1.7456581064635066,3.890982746430087,210
8,B,383,False,6.333775985255684,1.6862336463336725,1.6862504558503606,4.010013220553023,93
8,B,829,True,6.657626245410533,1.6537230534882503,1.6537401934603568,4.155683219435445,17
8,B,83,False,6.4150284942459335,1.5791343049456035,1.5791522544972763,3.997090374371605,110
8,B,145,False,6.092842548824768,1.6740903983366902,1.6741073297823215,3.883474939303545,217
8,B,138,False,6.071975562412472,1.725007458398026,1.725023890082863,3.8984997262476675,204
8,B,316,False,5.202364147471437,1.5527663286102045,1.5527845829648776,3.377574365218157,383
8,B,773,False,5.95405481278412,1.6134681627148564,1.6134857303125585,3.7837702715483394,283
8,B,67,False,6.1286874245437435,1.7364285693402315,1.7364448929490275,3.9325661587463854,178
8,B,73,True,6.510368976082805,1.7247598923325271,1.7247763263758888,4.117572651229347,21
8,B,295,False,6.333604725400793,1.0581439344304628,1.0581707214810734,3.6958877234409333,319
8,B,85,False,6.610443293242752,1.2916439646336852,1.2916659092824354,3.9510546012625936,157
8,B,549,False,6.063210865210685,1.7474985527089724,1.7475147729125924,3.9053628190616387,196
8,B,696,False,4.423335192092593,0.24141727676453703,0.24153465868939208,2.332434925390993,410
8,B,286,False,6.334832289917042,1.7616309214986368,1.7616470115797693,4.048239650748406,43
8,B,170,False,6.048540556102163,1.269378289338423,1.2694006189030858,3.6589705875026244,331
8,B,609,False,6.190875109306857,1.7072266770272615,1.7072432798465897,3.9490591945767233,160
8,B,603,False,6.2493131638600925,1.7713709654573253,1.7713869670664883,4.010350065463291,91
8,B,332,False,6.790281098121913,1.2562851105471735,1.2563076728295182,4.023294385475715,73
8,B,300,False,5.519079741437784,1.5814507428461206,1.5814686661063957,3.55027420377209,363
8,B,654,False,6.4097845994404965,1.6983059330077335,1.6983226230363488,4.054053611238423,38
8,B,50,False,5.440532647632979,1.6140892704645662,1.6141068313022628,3.5273197394676212,369
8,B,536,False,6.555367376266691,0.9189480113548331,0.9189788557963662,3.7371731160315287,297
8,B,48,False,5.181533464067774,1.5426509459271651,1.5426693199768295,3.3621013920223017,385
8,B,850,False,5.923275540597537,1.7073458921604654,1.707362493820516,3.8153190172090263,262
8,B,725,False,6.420007125981957,1.5821729380820784,1.5821908531612336,4.001098989571595,105
8,B,238,False,5.156290784558052,1.5362926823856244,1.5363111324791645,3.346300958518608,386
8,B,180,False,6.141838099568127,1.755533939506005,1.755550085467592,3.9486940925178597,162
8,B,236,False,6.025093150449221,1.5922973275380705,1.592315128708095,3.808704139578658,269
8,B,628,False,4.493266281439334,1.6670720611932464,1.6670890639191702,3.0801776726792522,394
8,B,278,False,5.568394317862426,1.7317727147581539,1.7317890822524036,3.6500917000574145,336
8,B,682,False,5.561126767834949,1.7270251513751758,1.7270415638629675,3.6440841658489584,338
8,B,838,False,5.881465521887522,1.6984665171884221,1.698483205639068,3.789974363763295,280
8,B,690,False,5.580669221706079,1.7300416613331926,1.7300580452043537,3.655363633455216,333
8,B,796,False,7.18815484403299,0.17875749020116688,0.17891598623604416,3.683535415134517,325
8,B,747,False,4.67263868487387,1.204011923535336,1.2040354653593288,2.9383370751165994,400
8,B,802,False,6.601529029613669,0.8236145730740808,0.8236489876202098,3.7125890086169395,316
8,B,598,False,6.127383914918622,1.7354640552946787,1.735480387975516,3.931432151447069,179
8,B,671,True,6.461856776043876,1.6890031067496059,1.6890198887039833,4.075438332373929,27
8,B,94,False,6.422247419379682,1.579769206773122,1.579787149111036,4.001017284245359,106
8,B,84,False,6.428937566775206,1.446681888993577,1.4467014819131903,3.937819524344198,172
8,B,745,False,4.092887532170428,0.3881036721846361,0.3881766997013029,2.2405321159358653,412
8,B,131,False,6.365775562958001,1.7291561924850363,1.7291725847459947,4.047474073851998,45
8,B,243,False,6.279380495918565,1.7701774914680721,1.7701935038656065,4.024786999892085,70
8,B,853,False,5.88699377661853,1.7002725988471339,1.70028926957097,3.79364152309475,279
8,B,718,False,6.292460945874194,1.7720931907497663,1.772109185837454,4.032285065855824,62
8,B,369,False,6.003586428980827,1.6116005010205467,1.6116180889768745,3.807602258978851,270
8,B,470,False,6.355180708888157,0.8657808795606223,0.8658136180729435,3.61049716348055,346
8,B,393,False,6.252145073088349,1.7548981287327008,1.7549142805440188,4.003529676816184,101
8,B,244,False,6.066651501390448,1.7133568963842305,1.7133734398009088,3.8900124705956785,211
8,B,143,False,6.2364638505647925,1.5201869176311387,1.520205563193563,3.8783347068791776,220
8,B,319,False,5.131077565690248,1.481314832133994,1.4813339669797485,3.3062057663349984,390
8,B,515,False,5.920899036691569,1.627664765948859,1.6276821803224208,3.774290608506995,288
8,B,366,False,6.690405534384596,1.2955429875987496,1.2955648662047339,3.9929852002946653,116
8,B,59,False,6.313817511910089,1.7496524875827977,1.7496686878184877,4.031743099864288,63
8,B,355,True,6.875118612729725,1.2558709857326633,1.2558935554548114,4.065506084092268,30
8,B,161,False,6.147361863074147,1.061383491503261,1.061410196796436,3.6043860299352914,347
8,B,799,False,6.7188173254546575,0.38158713884871426,0.3816614132481092,3.550239369351383,364
8,B,337,False,5.791383893624566,1.6736635560901443,1.6736804918538377,3.732532192739202,301
8,B,752,False,6.240721992413316,1.7633990157144592,1.7634150896628167,4.002068541038066,104
8,B,674,False,4.651524385268128,0.25813729728090823,0.25824707950969755,2.4548857323889126,407
8,B,122,False,6.019506039081194,1.6563257409230725,1.6563428539623557,3.837924446521775,247
8,B,72,False,6.208620156651713,1.7721272040995495,1.7721431988802379,3.990381677765975,118
8,B,455,False,6.057866252103093,1.7497935725495397,1.7498097714790248,3.9038380117910587,199
8,B,289,False,6.314722823147655,1.7658664126839065,1.7658824641727786,4.040302643660216,54
8,B,505,False,6.183307173404605,1.1934394484311173,1.1934631988039537,3.688385186104279,323
8,B,350,False,6.444211167003888,1.2684631595804055,1.2684855052543964,3.8563483361291424,230
8,B,655,False,6.1655645004042565,1.7469965201315085,1.7470127449962682,3.9562886227002623,149
8,B,733,False,5.994034064931634,1.736441496633462,1.7364578201207346,3.8652459425261845,225
8,B,294,False,5.696824792695366,1.5435075177984954,1.543525881651574,3.6201753371734697,345
8,B,727,False,6.08165054081058,1.7421178087844884,1.7421340790857238,3.911892309948152,193
8,B,820,False,5.773438206387278,1.6843098221820225,1.6843266508984036,3.728882428642841,303
8,B,665,False,6.2854456560998235,1.7712091095694942,1.7712251126408964,4.02833538437036,66
8,B,834,False,6.160392174620107,1.7504914361291433,1.7505076286007057,3.955449901610406,151
8,B,354,False,6.87170463422576,1.0520224435847305,1.0520493864994094,3.961877010362585,147
8,B,444,False,5.9268271891740465,1.7170486870229997,1.7170651948703646,3.8219461920222058,254
8,B,661,False,6.310584967996775,1.7725885415421985,1.7726045321600907,4.041594750078433,50
8,B,425,False,6.394076597775655,1.6988079532715008,1.6988246383680399,4.046450618071847,47
8,B,651,False,6.013864360398997,1.7468827616340756,1.7468989875554026,3.8803816739771997,218
9,B,446,False,6.300445048490566,1.743076554329285,1.7430920757133557,4.021768562101961,52
9,B,333,False,6.074559559061987,1.7095805898005605,1.7095964152937015,3.892077987177844,179
9,B,659,False,6.210506526668837,1.6511191295761618,1.6511355153998064,3.9308210210343217,143
9,B,630,False,5.388565745068828,1.68293372704683,1.6829498031117793,3.5357577740903037,334
9,B,4,False,6.254287216211475,1.7358330895718315,1.7358486757245668,3.995067945968021,84
9,B,791,False,6.305371184479991,1.6632457146749218,1.6632619810320721,3.9843165827560316,90
9,B,743,False,4.042754015974225,0.09368998300804045,0.09397831174419363,2.0683661638592095,385
9,B,71,False,6.132510332705306,1.7110616456861725,1.7110774574812546,3.9217938950932805,155
9,B,234,False,6.18151387538985,1.6915876271691337,1.6916036209922058,3.936558748191028,139
9,B,299,False,5.81109682240103,1.2794459836989516,1.2794671294588307,3.5452819759299303,330
9,B,462,False,5.687970670017125,1.6808933053861244,1.6809094009654812,3.684440035491303,294
9,B,215,False,6.293145964446739,1.6667888192605396,1.6668050510405186,3.979975507743629,96
9,B,349,False,6.856615133873991,1.17443391895992,1.1744569554333604,4.015536044653675,59
9,B,677,False,4.659133691432762,1.2305945363279482,1.2306165215055582,2.9448751064691603,367
9,B,782,False,6.029070088542602,1.5896392245039066,1.58965624404889,3.809363166295746,238
9,B,694,False,6.28138684926495,1.7332552836889794,1.7332708930222092,4.00732887114358,73
9,B,162,False,6.099723348229969,1.0219385284409832,1.0219650023725686,3.560844175301269,325
9,B,199,True,6.4426416179653785,1.644789334346392,1.6448057832284908,4.043723700596935,21
9,B,585,False,6.218544969616064,1.7129044272693943,1.7129202220539443,3.9657325958350045,112
9,B,87,False,6.910404367221668,0.9801553413599343,0.9801829438215354,3.945293655521602,131
9,B,475,False,3.111965933770061,0.9981164532350048,0.9981435590037473,2.055054746386904,386
9,B,521,False,6.091895214206312,1.7150388000157357,1.7150545751437931,3.903474894675053,172
9,B,258,False,6.9225971571909355,0.7941709472777507,0.7942050136219753,3.8584010854064554,205
9,B,746,False,4.649607721935313,1.159971250215642,1.1599945739050168,2.904801147920165,370
9,B,125,False,5.851199883820083,1.6968254381689958,1.6968413826223259,3.7740206332212045,256
9,B,610,False,6.354150695011178,1.673846084035219,1.6738622473794786,4.014006471195328,64
9,B,193,False,6.156021253984839,1.7341369639146351,1.7341525653117464,3.945086909648293,132
9,B,560,False,6.5115270950010204,1.4086353975006594,1.4086546039587144,3.9600908494798674,119
9,B,822,False,5.269496909644416,1.2211637214409339,1.2211858764028156,3.2453413930236157,359
9,B,245,False,4.164987614445356,0.7288614786872102,0.728898597389478,2.446943105917417,379
9,B,25,False,6.131200638496408,1.7381743762700261,1.7381899414287083,3.9346952899625585,140
9,B,504,False,6.052746974364053,1.3336107547590137,1.3336310416944965,3.693189008029275,290
9,B,23,False,5.591023229475249,1.6262461936578856,1.6262628300951243,3.6086430297851866,314
9,B,658,False,6.112428366691706,1.6482263686983625,1.6482427832800701,3.880335574985888,196
9,B,44,False,6.225061344437073,1.7374504603964818,1.7374660320403932,3.981263688238733,94
9,B,343,False,5.825206619018905,1.6439597301405295,1.643976187323273,3.734591403171089,271
9,B,14,False,6.316097110918571,1.739706291010008,1.7397218424627658,4.0279094766906685,40
9,B,496,False,6.383791368120777,1.3167431165116135,1.316763663321159,3.850277515720968,208
9,B,547,True,7.228242330777623,0.9677577122046092,0.9677856682622145,4.098013999519918,4
9,B,267,False,6.183068462976726,1.732842236051926,1.7328578491058293,3.9579631560412776,121
9,B,189,False,6.370090356883323,1.6972152840094474,1.6972312248004133,4.033660790841868,33
9,B,664,False,6.012938825063195,1.7251140949411132,1.7251297779375145,3.8690343015003545,200
9,B,397,True,6.42081024434476,1.7243631217293431,1.7243788115557461,4.072594527950253,11
9,B,195,False,6.1971682835775,1.7332377564706463,1.7332533659617226,3.965210824769611,113
9,B,187,False,6.766872966689803,1.2614753335301812,1.2614967805219812,4.014184873605892,63
9,B,499,False,6.3412875433511395,0.9251191851491497,0.9251484296550844,3.633217986503112,309
9,B,795,False,6.697808598051705,1.1317640826682995,1.131787987646211,3.914798292848958,163
9,B,380,False,6.075385675971182,1.7113219995934525,1.7113378089830116,3.8933617424770968,177
9,B,492,False,5.972325267105568,1.6614795020523236,1.6614957857010288,3.8169105264032988,233
9,B,26,False,6.072684153632868,1.693969445757589,1.6939854170926367,3.8833347853627522,192
9,B,500,False,6.332187865225539,0.76443413425658,0.764469525735885,3.548328695480712,329
9,B,103,False,6.380949327501067,1.6212209119247745,1.621237599929276,4.001093463715172,80
9,B,729,False,6.14421343831009,1.7369591142669363,1.736974690315671,3.9405940643128807,135
9,B,606,True,6.342059962116219,1.7422273967682047,1.7422429257172944,4.042151443916756,22
9,B,468,False,6.403904461084884,0.9590778699043493,0.9591060789623356,3.6815052700236097,297
9,B,285,True,6.368491210227681,1.7374688029401137,1.737484374419636,4.052987792323659,17
9,B,833,False,6.224919220944674,1.6994105693133232,1.699426489512293,3.9621728552284834,117
9,B,754,False,6.271526113804034,1.7322391954789318,1.7322548139681235,4.001890463886079,79
9,B,302,True,6.413329857091406,1.740359874558418,1.7403754201709567,4.076852638631181,8
9,B,493,False,5.902680819611,1.6561264209583635,1.6561427572400274,3.7794117884255134,249
9,B,479,False,6.164533071408549,1.661604110099674,1.6616203925272375,3.913076731967893,165
9,B,653,False,5.907288646433854,1.624731140847569,1.6247477927980347,3.7660182196159444,258
9,B,395,False,5.51925443338235,1.6612272855378314,1.6612435716587841,3.590249002520567,317
9,B,507,False,6.1814231106176205,0.9858903487374168,0.9859177906376511,3.583670450627636,320
9,B,481,False,5.614833941216554,1.654760878917131,1.654777228679691,3.634805584948123,308
9,B,669,False,5.50210265159467,1.6696021053573948,1.6696183097870265,3.5858604806908483,319
9,B,451,False,6.2870508857453595,1.74005709920798,1.7400726475254795,4.013561766635419,65
9,B,334,False,6.245686885253746,1.7124931748621666,1.7125089734397732,3.9790979293467594,98
9,B,811,True,6.793553447744447,1.3154116821413941,1.3154322497476996,4.054492848746073,16
9,B,736,False,5.816572444931397,1.704740710759549,1.704756581181963,3.76066451305668,260
9,B,293,False,7.292571585934615,0.33741063676263033,0.33749081167167444,3.815031198803145,235
9,B,284,False,6.11302993419907,1.7272261077074391,1.7272417715272035,3.9201358528631367,157
9,B,186,False,6.038513492094026,1.6990583236871895,1.6990742471866744,3.86879386964035,201
9,B,81,False,7.105866440648932,0.5177591785558444,0.5178114300988969,3.8118389353739146,236
9,B,463,False,6.170002313558448,1.732560061606289,1.7325756772029988,3.9512889953807235,126
9,B,60,False,6.062346226235775,1.6734564480935006,1.6734726152010846,3.86790942071843,202
9,B,502,False,6.123405545721589,1.7122175885373945,1.7122333896578037,3.9178194676896965,160
9,B,171,False,6.114795128673912,0.9021345752417832,0.9021645648155965,3.5084798467447547,338
9,B,634,False,6.244593924711361,1.7379413204012397,1.7379568876471725,3.9912754061792666,86
9,B,155,False,5.520167859348296,1.6929780901969946,1.6929940708842737,3.606580965116285,315
9,B,191,False,6.354420439440828,1.6985859142334976,1.6986018421615727,4.0265111408012,43
9,B,685,False,6.295375074649791,1.6688433040073587,1.6688595158048622,3.9821172952273267,92
9,B,22,True,6.336397205945442,1.742574496651097,1.7425900225070343,4.039493614226238,24
9,B,367,False,6.681589865473364,1.2725869587509429,1.2726082184809338,3.977099041977149,101
9,B,105,False,6.470330917734701,0.816136557766659,0.8161697072824089,3.643250312508555,306
9,B,317,False,5.202265930730521,1.519579286404834,1.5195970906239809,3.3609315106772506,350
9,B,90,False,6.666783269021153,1.1807620300779027,1.1807849430933357,3.9237841060572443,152
9,B,566,False,6.307078733156166,1.7412430731086135,1.7412586108361303,4.024168671996148,47
9,B,133,False,6.137978763685794,0.96359621058003,0.9636242873684927,3.5508015255271435,327
9,B,666,True,6.332246918890657,1.7417526965295183,1.741768229710856,4.037007574300757,28
9,B,841,False,5.912415249624327,1.7056175849114277,1.7056334471747832,3.809024348399555,239
9,B,626,False,6.302416862731995,1.7422681435901732,1.7422836721760868,4.022350267454041,51
9,B,442,False,5.111659279747336,1.683200622803139,1.6832166963190203,3.397437988033178,347
9,B,279,False,5.830206801534193,1.6976692610916955,1.697685197619943,3.763945999577068,259
9,B,565,False,6.565952454456625,0.9765982103250532,0.9766259133221578,3.771289183889391,257
9,B,237,False,6.100334450232073,1.5870265380837933,1.5870435856473735,3.8436890179397234,220
9,B,433,False,7.177384569739,0.8513502098314021,0.8513819882650879,4.014383279002044,62
9,B,149,False,6.088392519537048,1.736784514703238,1.7368000923178244,3.912596305927436,166
9,B,58,False,4.831836492551673,0.16071328596992482,0.16088154166806326,2.496359017109868,375
9,B,135,False,6.411774731069168,1.5233794312184157,1.5233971910245816,3.9675859610468747,109
9,B,494,False,5.9316652907127025,1.6591651119751976,1.659181418337944,3.7954233545253233,245
9,B,744,False,4.049791576146973,0.20499107742202932,0.20512301671164634,2.1274572964293097,384
9,B,567,False,6.338233722402482,1.7120508166420993,1.712066619301691,4.025150170852086,45
9,B,432,False,6.293183770999359,1.7212236289513656,1.7212393473955765,4.007211559197468,74
9,B,374,False,6.252828446103898,1.573808799061028,1.57382598979816,3.913327217951029,164
9,B,1,False,5.678883299893656,1.6950698482480566,1.6950858092149588,3.686984554554307,292
9,B,601,True,6.6127280137162385,1.5764903753726818,1.576507536869057,4.094617775292647,6
9,B,82,False,6.929034525338655,0.9497366051060145,0.9497650916097831,3.939399808474219,138
9,B,353,True,7.154374276807653,0.9966931305767516,0.9967202750526987,4.075547275930176,9
9,B,739,False,6.067653658733846,1.707549187979795,1.707565032299707,3.8876093455167764,186
9,B,860,False,6.528136337444802,1.1661298349440592,1.166153035458426,3.847144686451614,217
9,B,241,False,5.04456458789781,1.423074905931381,1.4230939175099622,3.233829252703886,360
9,B,18,False,5.806483064835232,1.69712034448858,1.69713628617129,3.751809675503261,264
9,B,506,False,6.149178213153001,1.1444926023908357,1.1445162415141121,3.6468472273335566,305
9,B,533,False,6.221077788488117,1.7398718153329296,1.7398873653061986,3.980482576897158,95
9,B,668,False,5.669111592402482,1.6564846732827085,1.6565010060313163,3.662806299216899,303
9,B,584,False,5.5067323127616765,1.6734325868373647,1.673448754175471,3.5900905334685738,318
9,B,259,False,6.948633588436359,0.8353958929795691,0.8354282782916638,3.8920309333640115,180
9,B,458,False,1.9754242883593323,0.37032621288416395,0.3703992631085665,1.1729117757339493,391
9,B,190,False,6.3424795198009605,1.6976197919932259,1.697635728985864,4.020057624393412,55
9,B,430,False,6.285905461658615,1.7299711309581576,1.7299867699236573,4.007946115791136,72
9,B,13,True,6.510024878426332,1.6153194252804706,1.6153361742531094,4.0626805263397205,15
9,B,93,False,6.91421705663617,1.027766377635477,1.0277927014530666,3.971004879044618,106
9,B,519,False,6.104067993787123,1.7159483289141289,1.715964095680744,3.9100160447339336,168
9,B,482,False,5.750459626900439,1.6924683680633348,1.6924843535634855,3.7214719902319624,279
9,B,96,False,6.9104831028737275,0.9489427136864929,0.9489712240215332,3.9297271634476303,145
9,B,831,False,6.1703316159022314,1.717924828829581,1.7179405774564458,3.9441360966793386,133
9,B,342,False,6.100387623061623,1.5991326050128016,1.599149523520947,3.849768573291285,212
9,B,693,False,5.41344806508487,1.5217441871824928,1.5217619660728638,3.467605015578867,342
9,B,678,False,6.166473969254026,1.7315016765225362,1.7315173016642356,3.9489956354591307,127
9,B,101,False,6.529583631502428,1.3286366659745872,1.3286570288582036,3.9291203301803157,147
9,B,358,False,6.531017793230016,1.4126473751583035,1.4126665270699548,3.9718421601499854,105
9,B,520,False,6.0703110428985845,1.7158431488593953,1.715858916592494,3.8930849797455394,178
9,B,605,False,6.307450350364141,1.7426825613167756,1.7426980862099548,4.025074218287048,46
9,B,19,False,5.806483064835232,1.69712034448858,1.69713628617129,3.751809675503261,265
9,B,777,False,6.271580331938792,1.7190261747002176,1.7190419132373431,3.9953111225880678,83
9,B,247,False,5.621497320389924,1.6062347847286849,1.606251628430193,3.613874474410059,311
9,B,544,False,6.979933235114027,0.9229417883783819,0.9229711018755288,3.951452168494778,125
9,B,676,False,6.2945003007829925,1.7309123598047345,1.7309279902662145,4.012714145524604,67
9,B,741,False,5.396303190950683,1.6832238962144186,1.6832399695080584,3.5397715802293708,332
9,B,335,False,5.9752091120025606,1.6643791854651486,1.6643954407447388,3.8198022763736494,230
9,B,51,False,6.141488954471224,0.9914286166946797,0.991455905304602,3.566472429887913,322
9,B,667,False,5.845682787461014,1.7041513682705534,1.7041672441813454,3.7749250158211796,254
9,B,177,False,5.129068980097162,0.5558206717857083,0.555869345571923,2.8424691628345427,371
9,B,98,False,7.127435912242769,0.48554204581330657,0.48559776401339927,3.806516838128084,240
9,B,331,False,7.295567830637046,0.2606707684497279,0.26077453803317074,3.7781711843351085,252
9,B,146,False,5.433557852502794,0.47027046929095384,0.4703279966676191,2.9519429245852065,366
9,B,569,False,2.557721862193927,0.28253584020120015,0.2826315820293975,1.4201767221116621,388
9,B,522,False,6.07484061860581,1.6941143173869417,1.694130287356219,3.8844854529810147,190
9,B,263,False,6.163060263522388,1.6962147202821507,1.6962306704761876,3.9296454669992875,146
9,B,175,False,5.0052650241900585,0.33209507026436474,0.3321765281535336,2.668720776171796,374
9,B,139,False,4.180445505370355,0.7792272727057648,0.7792619923303755,2.479853748850365,376
9,B,66,False,6.243191625742449,1.7021131488743544,1.7021290437958023,3.9726603347691256,104
9,B,783,False,6.002328029988726,1.5898672274570087,1.5898842445612442,3.796106137274985,244
9,B,364,False,5.743670273445561,1.6829980234010788,1.6830140988518725,3.713342186148717,282
9,B,297,False,5.281940199334288,1.5255942419884936,1.5256119760118194,3.403776087673054,345
9,B,749,False,4.685907785620188,1.1781639649169764,1.1781869284587791,2.9320473570394836,368
9,B,839,False,5.796851262885479,1.6502046181538301,1.6502210130580903,3.7235361379717844,275
9,B,318,False,4.071025112217717,0.4550637479554992,0.4551231974592682,2.2630741548384923,381
9,B,182,False,6.2892916112633275,1.7160475899178582,1.7160633557724876,4.002677483517908,78
9,B,79,False,7.068844090956058,0.7554293380983831,0.7554651514279153,3.912154621191987,167
9,B,448,True,6.353885959904278,1.719295568056926,1.7193113041280306,4.036598632016155,30
9,B,271,False,6.595227647076378,1.2978365921487125,1.297857438273721,3.9465425426750493,130
9,B,863,False,6.020718154064498,1.6793174165493903,1.6793335272328602,3.850025840648679,210
9,B,687,False,6.349240442103174,1.7139804176033753,1.71399620247248,4.031618322287827,35
9,B,852,False,5.803379261955085,1.6611156278543728,1.6611319150700432,3.732255588512564,272
9,B,117,False,5.938791671542013,1.7152463254357357,1.7152620986551985,3.827026885098606,226
9,B,239,False,5.17386651259568,1.5111800401991684,1.511197943374263,3.3425322279849716,352
9,B,261,False,5.699073183043991,1.6430936335207733,1.6431100993782308,3.671091641211111,300
9,B,804,True,6.9362858125244715,1.323863561475087,1.3238839977746328,4.130084905149552,2
9,B,657,False,2.5244629021543696,0.20437433197469276,0.20450666916348684,1.3644847856589282,389
9,B,679,False,6.200494076238618,1.736205252456892,1.7362208352686999,3.968357455753659,108
9,B,163,False,6.366806439586211,1.4361043268191633,1.436123165912647,3.9014648027494294,173
9,B,484,False,5.816189505792783,1.6951675164171858,1.695183476464495,3.755686491128639,262
9,B,260,False,5.793074003962482,1.6492032032103057,1.6492196080696393,3.7211468060160606,280
9,B,457,False,6.176711629897426,1.7268236702978734,1.7268393377680682,3.951775483832747,124
9,B,517,False,6.058203863529873,1.7042012227562662,1.7042170982026306,3.881210480866252,195
9,B,823,False,5.438988422774542,1.4374272892130113,1.4374461109678192,3.4382172668711806,343
9,B,652,False,5.657144806667613,1.6919378448927558,1.6919538354052646,3.674549321036439,298
9,B,126,False,5.8039691433570795,1.7016267466318649,1.701642646096761,3.7528058947269205,263
9,B,209,False,6.29813048164316,1.742996053105323,1.743011575206251,4.020571028424706,54
9,B,156,False,6.112008667552644,1.738659826229763,1.7386753870425473,3.9253420272975954,150
9,B,287,True,6.418233411912313,1.729858385778911,1.7298740257636858,4.074053718837999,10
9,B,722,False,5.352555218993848,1.647241341044785,1.6472577654420888,3.4999064922179683,340
9,B,214,False,6.280429705819952,1.669376883048672,1.6693930896644866,3.9749113977422192,102
9,B,420,False,2.611366229497337,0.4668064325820355,0.46686438680007325,1.539115308148705,387
9,B,445,False,6.30291362286978,1.7430924428871797,1.7431079641297718,4.023010793499775,50
9,B,464,False,6.294340271336237,1.392960058560337,1.392979481150623,3.84365987624343,221
9,B,268,True,6.3991796223984405,1.7392766734284857,1.7392922287225634,4.069235925560502,12
9,B,816,False,6.328948846588958,1.7430483265440864,1.7430638481795158,4.0360063473842365,31
9,B,324,False,4.224871186091383,0.6744029022951412,0.6744430181908266,2.4496571021411047,378
9,B,637,False,4.824634524747008,1.2166499532118282,1.2166721903670625,3.0206533575570353,364
9,B,635,False,6.328422849322507,1.7275836990296722,1.727599359607223,4.028011104464865,39
9,B,428,False,6.068572617518709,1.7098867069939836,1.709902529653948,3.8892375735863283,183
9,B,136,False,6.425800985771366,1.5286704375273186,1.5286881358642794,3.9772445608178226,100
9,B,497,False,6.334326568788663,1.0679677751287437,1.0679931080656284,3.701159838427146,285
9,B,269,True,6.3950355338797165,1.7390703427573384,1.7390858998969454,4.067060716888331,13
9,B,362,False,4.523444633095721,1.637269833517998,1.637286357944234,3.0803654955199775,363
9,B,819,False,6.376317672503006,1.6809988635579536,1.6810149581265996,4.028666315314803,38
9,B,17,False,5.791881359806274,1.6094091440120841,1.6094259544918341,3.700653657149054,286
9,B,347,False,5.874707973973219,1.6831160950709207,1.683132169394022,3.7789200716836207,251
9,B,751,False,6.316884743623161,1.7122166382334472,1.7122324393626263,4.014558591492894,61
9,B,540,False,6.548852733256558,1.2018442530419668,1.2018667641349623,3.87535974869576,197
9,B,712,True,6.334427709447015,1.7430073401165296,1.7430228621169435,4.038725285781979,26
9,B,459,False,2.249790566068369,0.3703755920262514,0.3704486325133866,1.3101195992908778,390
9,B,550,False,5.936299917561412,1.7025821338867912,1.702598024429942,3.8194489709956767,231
9,B,756,False,6.154575009346349,0.953770408444398,0.9537987744731252,3.5541868919097372,326
9,B,849,False,5.9563017824264985,1.6806135081819626,1.680629606440969,3.818465694433734,232
9,B,16,False,6.235396879838946,1.6847218850008276,1.68473794400286,3.960067411920903,120
9,B,99,False,6.877096317434474,0.8995596126739056,0.8995896880891138,3.888343002761794,185
9,B,586,False,6.130898266607899,1.568931903076364,1.5689491472489039,3.849923706928401,211
9,B,508,False,6.058606858037315,1.5716096754562088,1.5716268902477495,3.8151168741425323,234
9,B,15,False,6.167025593205536,1.6930207767116345,1.6930367569959928,3.9300311751007646,144
9,B,471,False,6.34513942722819,1.0990931933844628,1.0991178089296425,3.7221286180789166,277
9,B,303,True,6.456586817782285,1.7377270647629086,1.737742633928211,4.097164725855248,5
9,B,836,False,6.030529902641456,1.6659665988208086,1.6659828386117352,3.8482563706265958,216
9,B,86,False,6.833867426135075,0.901648123535229,0.9016781292882963,3.8677727777116857,203
9,B,780,False,6.82589837463283,1.2037478702866742,1.2037703457810986,4.014834360206964,60
9,B,698,False,5.494888224133511,0.1109216503014025,0.11116529434957909,2.803026759241545,373
9,B,689,True,6.359723124053618,1.7291273220656465,1.7291429686628448,4.044433046358232,20
9,B,194,False,6.179377811242045,1.73542226028631,1.735437850128747,3.957407830685396,122
9,B,477,False,5.435257748325906,1.6938197521684994,1.6938357249150222,3.564546736620464,324
9,B,474,False,5.828984311212977,1.720191524098235,1.7202072519733345,3.774595781593156,255
9,B,296,False,5.281940199334288,1.5255942419884936,1.5256119760118194,3.403776087673054,346
9,B,174,False,5.914330132747901,1.6358551149730285,1.6358716536897577,3.7751008932188297,253
9,B,91,False,6.489788018416512,1.2036116324814135,1.2036341105198103,3.846711064468161,218
9,B,240,False,5.124101836100722,1.4926951042733987,1.4927132291515388,3.30840753262613,356
9,B,753,False,6.28424275941663,1.7340419014501076,1.7340575037025003,4.009150131559565,70
9,B,454,False,6.125721380690284,1.7196863162117313,1.7197020487073094,3.9227117146987966,154
9,B,480,False,6.17142324615927,1.659345006761058,1.6593613113559982,3.915392278757634,162
9,B,422,False,5.800169076250242,1.6428673580213202,1.6428838261466314,3.7215264511984367,278
9,B,498,False,6.3590921549053565,1.0950644377958816,1.0950891438999166,3.7270906494026366,274
9,B,534,False,6.223459198633377,1.739814167831954,1.7398297183204559,3.9816444584769166,93
9,B,102,False,6.494611106886514,1.235485516947141,1.2355074150924332,3.8650592609894736,204
9,B,198,False,6.728887810119761,0.7173863532817436,0.7174240656941475,3.723155937906954,276
9,B,77,False,7.708252483053322,0.22580701366924624,0.22592679695969023,3.967089640006506,110
9,B,781,False,4.06165225336194,0.2716191137138254,0.27171870214787563,2.166685477754908,383
9,B,734,False,6.047240788802734,1.6220868315069348,1.6221035106029607,3.8346721497028473,225
9,B,478,False,5.714556618518326,1.6328353478166109,1.6328519171197475,3.673704267819037,299
9,B,232,False,5.665869623260216,1.6981186134307817,1.6981345457419805,3.6820020845010983,296
9,B,21,False,5.605557278551143,1.6798320833596492,1.6798481891071768,3.64270273382916,307
9,B,371,False,6.248413151933542,1.710110215213353,1.7101260358053445,3.9792695938694433,97
9,B,7,False,4.969164745122896,1.6723892516295804,1.6724054290537298,3.320785087088313,354
9,B,467,False,6.461703985240106,0.6690047436232313,0.6690451831921573,3.5653745842161317,323
9,B,345,False,6.306270228607426,1.7420301406476026,1.7420456713550734,4.02415794998125,48
9,B,379,False,6.123160835074659,1.642594606462392,1.6426110773221951,3.882885956198427,194
9,B,760,False,6.025477023107943,1.6526882775624803,1.652704647828728,3.839090835468335,223
9,B,301,False,5.990422804072644,1.6607646805426117,1.660780971200009,3.8256018876363265,227
9,B,53,False,5.970807302743475,1.7063658842221232,1.7063817395294028,3.838594521136439,224
9,B,827,False,5.886541132277422,1.1514826733541534,1.1515061689791635,3.519023650628293,335
9,B,132,False,6.0596487256338705,1.5366139666499965,1.5366315734964182,3.7981401495651443,242
9,B,688,True,6.342186298130215,1.7357307298073315,1.735746316879207,4.038966307504711,25
9,B,134,False,6.033787435600801,1.3714522670554725,1.3714719942360607,3.702629714918431,283
9,B,840,False,7.123660391986132,0.7179812089120098,0.7180188900808897,3.9208396410335107,156
9,B,440,False,6.205638699406608,1.6885007774697183,1.6885168005317817,3.9470777499691945,128
9,B,453,False,6.2904987667683505,1.7341753984318262,1.7341909994831668,4.012344883125759,68
9,B,221,False,7.718395901892434,0.28157604330424285,0.2816721113726291,4.000034006632531,81
9,B,757,False,6.324551428440055,1.733281677399574,1.7332972864951133,4.028924357467584,37
9,B,179,False,6.119007096049215,1.727092729180474,1.7271083942099004,3.9230577451295576,153
9,B,513,False,6.1113272138781385,1.5958453323150383,1.5958622856731521,3.8535947497756453,206
9,B,283,True,6.538714166510843,1.564438548256048,1.5644558419564716,4.051585004233657,18
9,B,861,False,6.523027477001521,1.1735835765001643,1.173606629664795,3.848317053333158,215
9,B,147,False,5.580417249937668,0.7362265728569437,0.7362633202482128,3.1583402850929403,361
9,B,792,False,6.702263569929853,1.0749139888991095,1.0749391581355836,3.888601364032718,184
9,B,728,False,6.15071004265974,1.7138576247847694,1.7138734107848028,3.9322917267222715,142
9,B,571,True,6.8734053790899345,1.503041156936856,1.503059157055478,4.188232268072706,1
9,B,78,False,6.785362131949847,1.0945120010153553,1.094536719589105,3.939949425769476,136
9,B,185,False,6.9373055079013595,0.5411176984932622,0.5411676946981286,3.7392366012997442,269
9,B,399,False,6.077501653184068,1.7055968125259193,1.7056126749824587,3.8915571640832636,181
9,B,95,False,6.414029829043935,1.4173180721453926,1.41733716094378,3.9156834949938575,161
9,B,516,False,6.133956318500193,1.7227547900543674,1.7227704945283657,3.928363406514279,148
9,B,183,False,6.029515576728336,1.7188634987413614,1.7188792387679932,3.8741974077481647,198
9,B,396,False,5.782601725211201,1.6918989634040074,1.6919149542839902,3.7372583397475956,270
9,B,801,False,6.640051783484587,1.1727967728407818,1.1728198414709714,3.9064358124777794,170
9,B,854,False,5.750032613374659,1.6532312615009346,1.6532476263906184,3.7016401198826383,284
9,B,45,False,6.083145610460242,1.5960367285472454,1.5960536798723393,3.839599645166291,222
9,B,538,False,6.842803974395339,1.2001599107317549,1.200182453416936,4.021493213906138,53
9,B,62,False,6.630435006191451,0.5980420106004752,0.5980872483219324,3.614261127256692,310
9,B,370,False,6.233791084458422,1.7080425000906245,1.7080583398344664,3.970924712146444,107
9,B,429,False,6.295811159736785,1.7301039501318956,1.7301195878968108,4.012965373816798,66
9,B,46,False,6.1276780270612115,1.7116380363120798,1.7116538427826213,3.9196659349219165,158
9,B,761,False,5.995002632893697,1.7037496716423055,1.7037655512961594,3.8493840920949283,213
9,B,662,False,6.310250215846359,1.7430834509386461,1.7430989722613062,4.026674594053833,42
9,B,683,False,5.305404311833604,1.530791674956147,1.5308093487685814,3.4181068303010926,344
9,B,173,False,5.349002831235722,1.3971452627730312,1.3971646271829832,3.3730837292093523,348
9,B,8,False,6.201747685275041,1.7319610657536266,1.7319766867509159,3.9668621860129787,111
9,B,242,True,6.363602035579259,1.7256331337226438,1.7256488120019304,4.0446254237905945,19
9,B,568,False,6.188965218647449,1.73595255962553,1.7359681447056197,3.9624666816765344,116
9,B,435,False,5.8129073266028035,1.7078410938709425,1.7078569354827526,3.7603821310427783,261
9,B,721,False,5.373474254832854,1.647448416940837,1.6474648392736981,3.510469547053276,337
9,B,443,False,5.906166964552172,1.6836744902609935,1.683690559253053,3.7949287619026126,246
9,B,164,False,6.138708222262521,0.9489733885150498,0.9490018979285434,3.543855060095532,331
9,B,436,False,5.919924886281578,1.7263085014509014,1.7263241735965753,3.8231245299390766,228
9,B,104,False,6.823273802311673,1.1934009413385964,1.193423611694561,4.008348707003117,71
9,B,723,True,6.533190490290837,1.5402977151239101,1.5403152798625936,4.036752885076715,29
9,B,717,False,6.324087259680103,1.742077142139956,1.7420926724284098,4.0330899660542565,34
9,B,158,False,4.460707023373008,1.5386343571751335,1.5386519409021582,2.9996794821375827,365
9,B,235,False,6.184845247938972,1.6945674493291802,1.6945834150280847,3.939714331483528,137
9,B,548,False,6.05544068315866,1.7163415896256928,1.7163573527797444,3.8858990179692023,189
9,B,472,False,6.171018579499086,1.7153854049092816,1.7154011768499,3.943209878174493,134
9,B,818,False,6.359049283329188,1.679135662984751,1.6791517754120624,4.0191005293706255,56
9,B,181,False,6.289235109640733,1.720079049082519,1.720094777986046,4.004664943813389,75
9,B,352,False,7.177282008538753,0.8780645997711249,0.8780954114066807,4.0276887099727166,41
9,B,344,False,5.754795304203748,1.6329308833022544,1.632947451636005,3.6938713779198764,289
9,B,246,False,6.243981394517739,1.7126309175497596,1.712646714856737,3.978314054687238,99
9,B,168,False,6.238220042191384,0.7617341129263712,0.7617696298474805,3.4999948360194324,339
9,B,518,False,6.062474787988475,1.7166772923454734,1.716693052417009,3.889583920202742,182
9,B,552,False,5.996880610333532,1.7080619911860848,1.708077830749177,3.8524792205413547,207
9,B,52,False,6.108637321521137,1.5918586726304675,1.5918756684462125,3.8502564949836744,209
9,B,204,False,5.643588087464544,0.9502059043770185,0.950234376811947,3.2969112321382457,357
9,B,89,False,6.892569616292998,0.800426904490693,0.8004607045912965,3.8465151604421473,219
9,B,323,False,5.442841993096903,1.5869622492756892,1.586979297529869,3.5149106453133863,336
9,B,68,False,5.594196305935431,1.6270157371489722,1.6270323657176138,3.610614335826522,313
9,B,201,False,6.227260763630656,1.2363562258045997,1.2363781085283079,3.7318194360794816,273
9,B,537,False,6.534722173093881,1.210041415608331,1.2100637742076472,3.872392973650764,199
9,B,309,False,6.212068445433109,1.7368030730435544,1.7368186504916903,3.9744435479624,103
9,B,272,False,6.078061132966202,1.7156224990030147,1.7156382687640164,3.8968497008651095,175
9,B,383,False,6.354244675984095,1.6545051926432028,1.6545215449324204,4.0043831104582575,77
9,B,83,False,6.366253590232754,1.5413531300591614,1.5413706827708304,3.953812136501792,123
9,B,145,False,6.057259739898388,1.6407682094774696,1.6407846986713837,3.849022219284886,214
9,B,138,False,6.096234311825638,1.6961981082564843,1.696214058606731,3.8962241852161847,176
9,B,316,False,5.18042135152259,1.515339391833806,1.5153572458682776,3.3478892986954336,351
9,B,773,False,5.91827386489737,1.5844475320293372,1.5844646073409465,3.7513692361191584,266
9,B,67,False,6.228875193317606,1.7000555335359593,1.700071447695207,3.964473320506406,114
9,B,295,False,6.343353039830609,1.047909043154665,1.0479348609945025,3.6956439504125553,288
9,B,85,False,6.612030524921683,1.2542951014354677,1.2543166711988054,3.933173598060244,141
9,B,549,False,6.099198312492955,1.7149668640871827,1.714982639876937,3.9070904761849463,169
9,B,696,False,4.434482374528596,0.2398595780166744,0.23997234700810643,2.337227360768351,380
9,B,286,True,6.434026215853308,1.7309559468438234,1.7309715769117178,4.082498896382512,7
9,B,170,False,6.066057879668425,1.2316461734278576,1.2316681398338298,3.6488630097511274,304
9,B,609,False,6.298899411839973,1.6698118863532116,1.6698280887470762,3.9843637502935247,89
9,B,603,False,6.308960703429669,1.7415488769827783,1.7415644119820024,4.025262557705836,44
9,B,332,False,6.827468627660211,1.2187106653208388,1.2187328648760578,4.023100746268134,49
9,B,300,False,5.532028966463823,1.5428151031369073,1.5428326392157992,3.537430802839811,333
9,B,654,True,6.587752564934741,1.6643516739391544,1.6643679294874398,4.1260602472110905,3
9,B,50,False,5.4040170593416,1.5764940249113046,1.576511186367952,3.490264122854776,341
9,B,536,False,6.4968034815224325,0.8895042500849687,0.8895346654748563,3.693169073498644,291
9,B,48,False,5.158772583233821,1.5039246990530173,1.5039426885968594,3.3313576359153405,353
9,B,850,False,5.922618361689402,1.6760250780763783,1.6760412204069361,3.799329791048169,241
9,B,725,False,6.420230776301038,1.5472964075003925,1.5473138927915895,3.9837723345463134,91
9,B,238,False,5.133568814488632,1.4978203516529245,1.497838414512037,3.3157036145003342,355
9,B,180,False,6.289235109640733,1.720079049082519,1.720094777986046,4.004664943813389,76
9,B,236,False,6.051255907224195,1.5692435724009242,1.5692608131486163,3.8102583601864053,237
9,B,628,False,4.536971365189617,1.6373130437784171,1.6373295677685622,3.0871504664790894,362
9,B,278,False,5.625031519459076,1.7011499093256568,1.7011658132471779,3.6630986663531266,302
9,B,682,False,5.811320454539141,1.6859757397755761,1.6859917868346936,3.7486561206869173,267
9,B,838,False,5.89357458947187,1.6651262578400512,1.66514250582665,3.77935854764926,250
9,B,690,False,5.6376150435520795,1.6992454900167409,1.699261411762321,3.6684382276572003,301
9,B,796,False,7.188826093454889,0.17758439878052534,0.17773668403704,3.6832813887459643,295
9,B,747,False,4.675134501272006,1.1673673708286194,1.167390546748416,2.921262524010211,369
9,B,802,False,6.596032074718481,0.798387887240851,0.7984217736604831,3.697226924189482,287
9,B,598,False,6.223892050944491,1.69873459175417,1.6987505182882061,3.961321284616348,118
9,B,94,False,6.383236341213797,1.5426350221443124,1.542652560270272,3.9629444507420346,115
9,B,84,False,6.401609949120337,1.4087036415057475,1.4087228470333673,3.905166398076852,171
9,B,745,False,4.091123558687999,0.38573026254981263,0.3858003960715817,2.23846197737979,382
9,B,131,False,4.559971011285313,1.0913366623971705,1.0913614528901219,2.8256662320877175,372
9,B,243,False,6.330051828476585,1.738899496523044,1.7389150551911206,4.034483441833853,32
9,B,853,False,5.893230018029043,1.6677347582732025,1.6677509808466067,3.780490499437825,248
9,B,718,False,6.317819575445325,1.7424879588707833,1.7425034854977797,4.030161530471553,36
9,B,369,False,6.01691077873854,1.5766530100484528,1.5766701697746073,3.7967904742565732,243
9,B,470,False,6.353064363596698,0.8589031414444056,0.8589346404385554,3.6059995020176268,316
9,B,393,False,6.296226558447415,1.725261887242978,1.725277568895928,4.010752063671672,69
9,B,244,False,6.295499705861328,1.6751210549341293,1.6751372059762366,3.985318455918782,88
9,B,143,False,6.308576210186881,1.487285544455716,1.487303735256917,3.8979399727218986,174
9,B,319,False,5.094210579942237,1.4433430577649475,1.4433618023768369,3.2687861911595366,358
9,B,515,False,6.180731576081881,1.59335188336355,1.5933688632518253,3.887050219666853,187
9,B,366,False,6.782380624228557,1.255098644892774,1.2551202008468827,4.018750412537719,57
9,B,59,False,6.311979385898631,1.720417101243178,1.7204328270560934,4.016206106477362,58
9,B,161,False,6.124679037594213,1.0349394712604418,1.0349656126341034,3.579822325114158,321
9,B,799,False,6.721135932638765,0.3770884584297517,0.37716019891177344,3.549148065775269,328
9,B,337,False,5.840220405238467,1.6427095164389973,1.6427259861466508,3.741473195692559,268
9,B,752,False,6.266702909215032,1.7331576788244283,1.7331732890367086,3.9999380991258704,82
9,B,674,False,4.66213804034228,0.25659497385192825,0.25670039105602016,2.45941921569915,377
9,B,122,False,6.019308767406285,1.62362365506159,1.6236403183703583,3.8214745428883217,229
9,B,72,False,6.231342450137033,1.742548531587219,1.742564057674499,3.986953253905766,87
9,B,455,False,6.134206175081973,1.7190465280435785,1.719062266394363,3.926634220738168,149
9,B,289,True,6.396007179906389,1.7355129433228593,1.735528532350712,4.06576785612855,14
9,B,505,False,6.202285425114912,1.1707301823461567,1.1707532916966354,3.6865193584057736,293
9,B,350,False,6.533266034427193,1.2349378218340827,1.2349597296910335,3.8841128820591133,191
9,B,655,False,6.176641777470129,1.7168043290889863,1.7168200879943496,3.9467309327322395,129
9,B,733,False,6.068380034434645,1.703548429777101,1.7035643113068168,3.885972172870731,188
9,B,294,False,5.720437711934684,1.5049925288318073,1.5050105056117717,3.612724108773228,312
9,B,727,False,6.137131879664819,1.7123651948668734,1.7123809946252344,3.9247564371450268,151
9,B,820,False,5.790204936964235,1.6508864475508158,1.650902835683916,3.7205538863240757,281
9,B,665,True,6.340032836193274,1.741654194001798,1.7416697280616364,4.040851282127455,23
9,B,834,False,6.120460228875191,1.7170904120901649,1.7171061683699742,3.9187831986225827,159
9,B,354,False,7.100179296152264,0.8895987971397799,0.8896292092972133,3.994904252724739,85
9,B,444,False,5.89603093892571,1.6857870533422055,1.6858031021974178,3.790917020561564,247
9,B,661,True,6.331538530953326,1.7430418972600563,1.7430574189527372,4.037297974953032,27
9,B,425,False,5.274978387002798,1.4705280181912261,1.4705464162846602,3.3727624016437288,349
9,B,651,False,6.04958885324533,1.7166522288921173,1.716667989193751,3.8831284212195407,193
10,B,446,False,6.262536747086647,1.7073630630606627,1.7073785473416248,3.9849576472141357,38
10,B,333,False,6.061108553662733,1.667382396765678,1.6673982523268296,3.8642534029947813,147
10,B,659,False,6.18492711704074,1.608777173959418,1.608793607107935,3.8968603620743374,120
10,B,630,False,5.398722689942851,1.643270231216177,1.6432863194281686,3.52100450468551,301
10,B,4,False,6.222829395078501,1.699590419461616,1.699605974555344,3.9612176848169227,54
10,B,791,True,6.39764963516547,1.6224135730217661,1.6224298680509315,4.0100397516082005,11
10,B,743,False,4.0410309859265485,0.09114455438481157,0.091434154518509,2.0662325702225286,355
10,B,71,False,6.055807043685647,1.6685900396306135,1.668605883716404,3.8622064637010256,150
10,B,234,False,6.132006165722958,1.6508776923426025,1.650893706418722,3.8914499360708397,128
10,B,299,False,5.801171924202587,1.2341629355024695,1.2341843566447361,3.5176781404236617,302
10,B,462,False,5.735759422585003,1.6402133412892126,1.6402294594847489,3.687994441034876,256
10,B,215,True,6.354392909931099,1.6245904994298292,1.6246067726241236,3.9894998412776115,30
10,B,349,True,6.900413728174014,1.1306596238021533,1.130683005848649,4.015548367011331,10
10,B,677,False,4.67027539599657,1.1994347918083368,1.1994568331619178,2.934866114579244,337
10,B,782,False,6.015232596155527,1.5465424894738249,1.5465595839043527,3.7808960900299398,207
10,B,694,False,6.163777563220153,1.6915822361009414,1.6915978648339476,3.92768771402705,91
10,B,162,False,6.112203814960541,0.9810033789910011,0.9810303279768013,3.5466170714686713,293
10,B,585,False,6.2112409303791525,1.6746679972927538,1.6746837838753417,3.942962357127247,70
10,B,87,False,6.912099973879366,0.9409725762298726,0.9410006716443895,3.926550322761878,93
10,B,475,False,3.10861770934976,0.9715848479531007,0.9716120581747423,2.040114883762251,356
10,B,521,False,6.13049898019826,1.6768857483603192,1.6769015140646921,3.903700247131476,112
10,B,258,False,6.932569631446818,0.7609619681515472,0.7609967094485921,3.846783170447705,162
10,B,746,False,4.641565773839224,1.1168324190474515,1.1168560905747396,2.8792109322069814,340
10,B,125,False,5.8028225202089425,1.6583810963781358,1.6583970379986985,3.7306097791038204,230
10,B,610,True,6.346615319065677,1.6324570053856167,1.6324732001632016,3.9895442596144393,29
10,B,193,False,6.11140188347262,1.6966183279024576,1.6966339102449415,3.9040178968587806,111
10,B,560,False,6.521471303484686,1.3748763428871942,1.3748955716887645,3.9481834375867253,68
10,B,822,False,5.257569423546004,1.1777234784687114,1.1777459261466159,3.21765767484631,329
10,B,245,False,4.177231803701549,0.7099998161666115,0.710037050987574,2.4436344273445614,348
10,B,25,False,6.102465515856424,1.7012280848117574,1.701243624931711,3.9018545703940672,116
10,B,504,False,6.0481189363928785,1.2396106073866253,1.2396319343917963,3.6438754353923373,269
10,B,23,False,5.59424545993703,1.5832135520680226,1.5832302505543387,3.588737855245684,282
10,B,658,False,6.079610005478238,1.6056907011191037,1.6057071658552402,3.8426585856667392,166
10,B,44,False,6.1994423104736835,1.701262266400712,1.701277806208438,3.9503600583410607,63
10,B,343,False,5.872354517967438,1.6021703199039636,1.6021868208169976,3.7372706693922177,227
10,B,14,True,6.297586966413122,1.7032829218854801,1.7032984432580356,4.000442704835579,15
10,B,496,False,6.3680727974215845,1.2808762597603656,1.280896899690296,3.82448484855594,181
10,B,267,False,6.143004360203645,1.6962620298639117,1.69627761547942,3.9196409878415324,102
10,B,189,True,6.3304359545761795,1.6585931649829988,1.658609104565277,3.9945225295707285,22
10,B,664,False,5.980041534719604,1.686226315015979,1.6862419933897022,3.833141764054653,174
10,B,195,False,6.149650324273687,1.6955026950446244,1.6955182876401225,3.9225843059569048,100
10,B,187,True,6.752454440793215,1.2298475231443762,1.2298690194499842,3.9911617301215996,27
10,B,499,False,6.331889983820412,0.8987699127820789,0.8987993274034056,3.615344655611909,276
10,B,795,False,6.773962392414266,1.0885879970691361,1.0886122827625555,3.9312873375884108,87
10,B,380,False,6.074893915000626,1.671645979761578,1.6716617948830303,3.8732778549418283,142
10,B,492,False,5.93550909009288,1.6226877909376052,1.6227040832131019,3.779106586652991,208
10,B,26,False,6.059004274406426,1.6551118951549346,1.6551278682633157,3.857066071334871,155
10,B,500,False,6.332202107082582,0.7439340232353422,0.7439695596902008,3.538085833386391,295
10,B,103,False,6.375483802936047,1.5774612813597995,1.5774780407371156,3.9764809218365818,43
10,B,729,False,6.171453048606597,1.6995793478733632,1.699594903068421,3.935523975837509,80
10,B,468,False,6.4134970295754865,0.9305388897656207,0.9305673001909871,3.6720321648832366,263
10,B,833,False,6.217259201407348,1.6598833211560227,1.6598992483492654,3.938579224878307,77
10,B,754,False,6.153885856782816,1.690476256133152,1.6904918950910315,3.9221888759369237,101
10,B,493,False,5.865325447882389,1.6172057632876635,1.617222110790396,3.7412737793363924,225
10,B,479,False,6.2605165733907775,1.6201502027861647,1.6201665205794618,3.9403415469851195,75
10,B,653,False,5.926291674256734,1.5815150319570297,1.5815317483770452,3.7539117113168894,217
10,B,395,False,5.53138664545345,1.617204935765999,1.6172212832770962,3.5743039643652734,286
10,B,507,False,6.191227438349528,0.9413081762931826,0.9413362616912758,3.5662818500204017,288
10,B,481,False,5.60672121363369,1.6121845859482782,1.612200984365079,3.6094610989993843,278
10,B,669,False,5.495004176661173,1.6278257413035595,1.6278419821558208,3.5614230794084967,289
10,B,451,True,6.2835874725120995,1.703704369270628,1.7037198868036778,3.9936536796578888,24
10,B,334,False,6.273208847530148,1.6731163483262432,1.6731321495491775,3.9731704985396625,48
10,B,736,False,5.767438440866467,1.6658639056822253,1.6658797756961174,3.7166591082812923,239
10,B,293,False,7.289533637418785,0.328433215780216,0.32851370145892334,3.809023669438854,191
10,B,284,False,6.074882189117653,1.689106055377393,1.6891217070214581,3.8820019480695556,136
10,B,186,False,6.0310816221380374,1.6541381148568304,1.6541540973683855,3.8426178597532115,167
10,B,81,False,7.104388221499878,0.504144761878168,0.5041971992660247,3.8042927103829514,193
10,B,463,False,6.153565264048928,1.6955538701880575,1.6955694623129447,3.9245673631809366,96
10,B,60,False,6.089125162924781,1.6327057033859724,1.6327218956967509,3.860923529310766,151
10,B,502,False,6.077014162592408,1.6730276509953348,1.67304345305598,3.875028807824194,141
10,B,171,False,6.124687122077748,0.8612857310083821,0.8613164257444251,3.4930017739110863,304
10,B,634,False,6.190127165494619,1.7014363189622566,1.7014518571803148,3.945789511337467,69
10,B,155,False,5.49946948999324,1.654624305162397,1.6546402829777394,3.57705488648549,285
10,B,191,False,6.31695341246572,1.6600819808373246,1.660097906124601,3.988525659295161,31
10,B,685,True,6.363426605519336,1.6268841673949948,1.6269004176467023,3.995163511583019,20
10,B,367,False,6.693996667491081,1.229129881720352,1.2291513905766023,3.9615740290338417,53
10,B,105,False,6.466637490033762,0.7938318038889989,0.7938651067304637,3.630251298382113,272
10,B,317,False,5.164141286289864,1.4744344025906198,1.4744523330244577,3.3192968096571605,320
10,B,90,False,6.6691288542144,1.1363348267880404,1.1363580920598553,3.9027434731371278,114
10,B,566,False,6.27151251887639,1.7052767027723792,1.7052922059977715,3.988402362437081,32
10,B,133,False,6.143101539780751,0.9172901650150656,0.9173189857687865,3.530210262774769,299
10,B,841,False,5.896151156055533,1.6672695268582196,1.6672853834927424,3.7817182697741374,205
10,B,626,False,6.269802586545038,1.70645772333525,1.7064732158311284,3.9881379011880833,33
10,B,442,False,5.0660389401994355,1.6432795201152315,1.6432956082362826,3.354667274217859,317
10,B,279,False,5.776144537737113,1.6580710787962845,1.6580870233975005,3.7171157805673065,238
10,B,565,False,6.539560125534354,0.9518037369331707,0.9518315126420521,3.745695819088203,223
10,B,237,False,6.114621671772289,1.5470267586136834,1.5470438476931636,3.8308327597327265,176
10,B,433,True,7.181069990198734,0.8163111759857133,0.8163435617787936,3.998706775988764,16
10,B,149,False,6.103430005087938,1.6995862704395035,1.6996018255712042,3.901515915329571,118
10,B,58,False,4.830372139438678,0.15638751188191022,0.1565564712527825,2.4934643053457304,345
10,B,135,False,6.421723066859097,1.034248731336109,1.0342742929652946,3.727998679912196,232
10,B,494,False,5.892454863198613,1.6202911498770867,1.6203074662509338,3.7563811647247736,216
10,B,744,False,4.048801826592383,0.19951099564038544,0.1996434627027056,2.1242226446475443,354
10,B,567,True,6.338726010082112,1.6732563580847837,1.673272157985563,4.005999084033838,13
10,B,432,True,6.329650240170536,1.6827829258402593,1.6827986362955054,4.006224438233021,12
10,B,374,False,6.2562619051378165,1.5336072067306201,1.5336244453433194,3.894943175240568,122
10,B,1,False,5.796112471862401,1.6532056080527593,1.653221599579319,3.7246670357208598,235
10,B,82,False,6.936614226934066,0.9113734990914304,0.9114025069444709,3.9240083669392685,97
10,B,739,False,6.040902815908712,1.6700679831449554,1.6700838132094953,3.8554933145591037,158
10,B,860,False,6.47411912945456,1.1232644077934133,1.1232879437766596,3.79870353661561,198
10,B,241,False,5.017189978679619,1.3770276125828427,1.3770468113445207,3.19711839501207,330
10,B,18,False,5.781957118560544,1.658667723312484,1.6586836621782732,3.7203203903694084,236
10,B,506,False,6.1954224917028125,1.1000057952260225,1.100029828845265,3.647726160274039,268
10,B,533,False,6.178143114751212,1.7034266469909265,1.7034421670538917,3.9407926409025515,72
10,B,668,False,5.661603564404075,1.6156624869355043,1.615678850053168,3.6386412072286216,271
10,B,584,False,5.536660375389996,1.631799843266647,1.6318160445661645,3.5842382099780803,283
10,B,259,False,6.96494278493789,0.8017194181678786,0.8017523933771264,3.883347589157508,133
10,B,458,False,1.974890009561582,0.36045591817841377,0.36052925507973976,1.1677096323206608,361
10,B,190,False,6.304753730173342,1.6590645270959545,1.6590804621496307,3.9819170961614865,39
10,B,430,False,6.2595339327739925,1.692321285092613,1.692336907000501,3.9759354198872465,44
10,B,93,False,6.923750195245572,0.989414117224485,0.9894408371305561,3.956595516188064,59
10,B,519,False,6.132216287078061,1.6779547016879157,1.6779704573487255,3.9050933722133934,110
10,B,482,False,5.734806402485466,1.6533274275891523,1.6533434179374449,3.6940749102114556,251
10,B,96,False,6.9134245772466665,0.9134202958528559,0.9134492387070162,3.913436907976841,106
10,B,831,False,6.168309133837991,1.6796906751698497,1.6797064145472131,3.924007774192602,98
10,B,342,False,6.1033532531472,1.5570467166572144,1.5570636957656936,3.830208474456447,178
10,B,693,False,5.438993262441844,1.4774239776445521,1.4774418717965045,3.458217567119174,310
10,B,678,False,6.176545141205483,1.6941987541430208,1.6942143587392573,3.93537974997237,82
10,B,101,False,6.530038166126595,1.2840603398741193,1.2840809286241064,3.9070595473753507,109
10,B,358,False,6.54324877278736,1.3787221086295127,1.3787412837955924,3.960995028291476,55
10,B,520,False,6.108516741561859,1.677809362930738,1.6778251199563552,3.893170930759107,124
10,B,605,False,6.01654726656918,1.6718046379318139,1.6718204515523885,3.8441838590607844,163
10,B,19,False,5.781957118560544,1.658667723312484,1.6586836621782732,3.7203203903694084,237
10,B,777,False,6.238788286696445,1.6815326052311237,1.6815483273679288,3.9601683070321867,56
10,B,247,False,5.600133127959625,1.5670870326680144,1.5671039029926355,3.58361851547613,284
10,B,544,True,7.231827455504908,0.849619902949982,0.849651019129175,4.040739237317041,3
10,B,676,False,6.264089085849012,1.6943617564856936,1.694377359580738,3.979233222714875,42
10,B,741,False,5.406409603598607,1.6435649334008104,1.6435810187281061,3.5249953111633565,300
10,B,335,False,5.974390238158088,1.622251630630779,1.6222679272865905,3.798329082722339,199
10,B,51,False,6.1500545578082555,0.9500874776793509,0.9501153035614255,3.5500849306848403,292
10,B,667,False,5.804638998474816,1.6631495761433488,1.6631654720575189,3.7339022352661675,228
10,B,177,False,5.125793006180716,0.5314312154279831,0.5314809606653582,2.828636983423037,341
10,B,98,False,7.129032882260077,0.47271035483797846,0.4727662788202604,3.8008995805401686,197
10,B,331,False,7.295488002170541,0.25372336850459726,0.25382754488791864,3.77465777352923,210
10,B,146,False,5.425070197362492,0.4576718853168806,0.4577296466562075,2.94139992200935,335
10,B,569,False,2.5557678419866523,0.27489484544257764,0.2749910014335148,1.4153794217100835,358
10,B,522,False,6.061672466217749,1.6552729189624336,1.655288890516977,3.858480678367363,153
10,B,263,False,6.163140827974515,1.6521712671103919,1.6521872686483414,3.907664048311428,108
10,B,175,False,5.000808560564643,0.3169415566208636,0.31702495979301815,2.6589167601788306,344
10,B,139,False,4.184226688390266,0.759213297457388,0.7592481187692394,2.471737403579753,346
10,B,66,False,6.236078798300824,1.6628308559063691,1.662846754867332,3.949462776584078,65
10,B,783,False,5.987252968458596,1.5468156322045974,1.5468327236165575,3.767042846037577,212
10,B,364,False,5.712677233677463,1.6429859642640858,1.6430020552596083,3.677839644468536,259
10,B,297,False,5.256657480224318,1.4798509563928948,1.4798688211985123,3.368263150711415,315
10,B,749,False,4.679037709024044,1.135042057823321,1.1350653495928362,2.9070515293084402,338
10,B,839,False,5.786070759951645,1.6071871886599405,1.6072036380655539,3.6966371990085998,249
10,B,318,False,4.073810408779682,0.443089037921128,0.4431487000368833,2.2584795544082827,351
10,B,182,False,6.269959845013686,1.6786780860244812,1.678693834895847,3.974326839954766,47
10,B,79,False,7.07145505276217,0.7358489948957061,0.7358849217829713,3.9036699872725706,113
10,B,271,False,6.6027231662052355,1.2526336446659545,1.2526547499481337,3.9276889580766845,90
10,B,863,False,5.9943828762757,1.639975108599736,1.6399912291366758,3.817187052706188,189
10,B,687,True,6.365805260664867,1.6759736984824376,1.6759894727662847,4.020897366715576,8
10,B,852,False,5.7949006988125555,1.6183854528634778,1.6184017884501467,3.706651243631351,243
10,B,117,False,5.9598330659744185,1.6767445528808134,1.6767603199127739,3.818296692943596,188
10,B,239,False,5.133000677680021,1.4657514936035412,1.4657695302534846,3.299385103966753,322
10,B,261,False,5.737367507883504,1.6015136264616678,1.601530134140757,3.6694488210121303,265
10,B,657,False,2.529881372948161,0.19877326874762602,0.19890622712002928,1.3643938000340952,359
10,B,679,False,6.149739986132342,1.699513874931377,1.6995294307256856,3.924634708429014,95
10,B,163,False,6.378999668115133,1.2663673208804078,1.2663881972808853,3.822693932698009,184
10,B,484,False,5.797913685509013,1.6561167100720067,1.6561326734891246,3.727023179499069,233
10,B,260,False,5.84277702885782,1.6075027981518097,1.6075192443278579,3.725148136592839,234
10,B,457,False,6.1395970205276145,1.6901766134863225,1.6901922552167261,3.9148946378721705,105
10,B,517,False,6.1184756370115645,1.664804682326214,1.664820562437224,3.891648099724394,127
10,B,823,False,5.420713041407748,1.3926039652684674,1.392622949293874,3.4066679953508108,313
10,B,652,False,5.625973205953227,1.6542592517764956,1.6542752331177057,3.6401242195354664,270
10,B,126,False,5.752900462104674,1.6632637320968147,1.6632796269199996,3.708090044512337,242
10,B,209,False,6.268742862812951,1.7072537578165277,1.7072692430888468,3.988006052950899,34
10,B,156,False,6.0823854727166164,1.7018722467101148,1.7018877809481574,3.8921366268323867,126
10,B,722,False,5.311171750177524,1.6072367786169646,1.6072532275150504,3.4592124888462874,309
10,B,214,False,6.346095333975259,1.6270926506395749,1.6271088988091198,3.9866021163921896,36
10,B,420,False,2.609174572598496,0.4543162376205952,0.45437442553938023,1.5317744990689381,357
10,B,445,False,6.264662562197032,1.7073809242223845,1.7073964083413649,3.9860294852691984,37
10,B,464,False,6.257231783912664,1.3471974761211543,1.3472170999826705,3.802224441947667,195
10,B,816,False,5.365414086132644,1.4938194595426966,1.4938371572989282,3.429625621715786,312
10,B,324,False,4.2274350945725425,0.6566093514993829,0.6566496137933449,2.4420423541829437,349
10,B,637,False,4.814798976439386,1.1739413432746184,1.1739638632717466,2.994381419855566,334
10,B,635,True,6.355055094565337,1.690269872665745,1.6902855135331376,4.022670304049237,7
10,B,428,False,6.072460031521677,1.6703725598204313,1.6703883869985356,3.8714242092601063,144
10,B,136,False,6.435994129461126,1.065015469928358,1.0650402931369451,3.7505172112990355,220
10,B,497,False,6.322882320598007,1.0272927155116194,1.0273184502196706,3.6751003854088387,261
10,B,362,False,4.493315451137327,1.5966700101354716,1.5966865678913054,3.0450010095143165,333
10,B,819,True,6.416788040825064,1.6369925679023059,1.6370087178099861,4.026898379317525,6
10,B,17,False,5.838985474687055,1.5683038183786782,1.5683206756144135,3.703653075150734,245
10,B,347,False,6.005907077431761,1.6383116129302941,1.638327749835414,3.8221174136335874,185
10,B,751,True,6.316877364471244,1.6734823994182093,1.6734981971848777,3.995187780828061,19
10,B,540,False,6.517582766132055,1.1590963874720204,1.1591191958850466,3.8383509810085505,170
10,B,459,False,2.249305667814804,0.3605073963192175,0.3605807227506347,1.3049431952827193,360
10,B,550,False,5.884099525553744,1.6634756165495321,1.6634915093481406,3.7737955174509423,211
10,B,756,False,6.162885350443677,0.9116571201192526,0.9116861189480939,3.5372857346958853,296
10,B,849,False,5.921498219281279,1.6408005683845912,1.6408166808116336,3.7811574500464564,206
10,B,16,True,6.336178184422792,1.6429577181852555,1.6429738094574151,3.9895759969401037,28
10,B,99,False,6.880449774540287,0.8651639907360351,0.865194547882042,3.872822161211164,143
10,B,586,False,6.116197790615041,1.5325455532337833,1.5325628037882009,3.8243802972016208,183
10,B,508,False,6.048108842116558,1.508588860285598,1.508606384779114,3.778357613447836,209
10,B,15,False,6.11942835187541,1.652550604659488,1.6525666025243726,3.8859974771998913,132
10,B,471,False,6.332528928549216,1.0623298244493462,1.062354710411305,3.6974418194802605,248
10,B,836,False,6.0759569298080915,1.6241069117399538,1.6241231897796422,3.8500400597938667,160
10,B,86,False,6.836120596231798,0.8643949706487476,0.8644255549793504,3.8502730756055743,159
10,B,780,True,6.830652994901609,1.1593454062391357,1.1593682097531808,3.995010602327395,21
10,B,698,False,5.494734313363391,0.10795472830711254,0.10819934464852914,2.80146682900596,343
10,B,194,False,6.131940828527724,1.6981753599284113,1.6981909279838052,3.9150658782557644,104
10,B,477,False,5.409525725861333,1.6538443505615337,1.6538603359119566,3.531693030886645,297
10,B,474,False,5.821098089126904,1.6825243589902916,1.6825400718598653,3.7518190804933846,219
10,B,296,False,5.256657480224318,1.4798509563928948,1.4798688211985123,3.368263150711415,316
10,B,174,False,5.8852312349702505,1.5922806549423338,1.592297258341575,3.738764246655913,226
10,B,91,False,6.4876121432317655,1.1611338029211442,1.1611565713135448,3.8243843572726552,182
10,B,240,False,5.081386979745684,1.44696461400499,1.4469828848335142,3.264184932289599,327
10,B,753,False,6.1710321963614465,1.6928968877555999,1.6929125043519246,3.9319723503566855,86
10,B,454,False,6.032462199038225,1.6801965741758476,1.6802123088142056,3.856337253926215,157
10,B,480,False,6.26738460199882,1.617830374026256,1.6178467152176206,3.9426156586082204,71
10,B,422,False,5.784251778436539,1.6019169942644231,1.6019334977868689,3.693092638111704,252
10,B,498,False,6.344393478130755,1.0564283524991298,1.0564533774769875,3.7004234278038712,246
10,B,534,False,6.177913103926038,1.7033402347987083,1.703355755649015,3.9406344297875266,74
10,B,102,False,6.494431109887774,1.1932059813472935,1.1932281377596936,3.843829623823734,165
10,B,198,False,6.727042652500515,0.6989345883843553,0.6989724126591241,3.7130075325798195,241
10,B,77,False,7.7073535396658315,0.21968923973137897,0.21980954681783046,3.963581543241831,52
10,B,781,False,4.0625647736782735,0.2642694498786636,0.2643694705477169,2.163467122112995,353
10,B,734,False,6.08024241521971,1.5800198066533169,1.5800365388924693,3.8301394770560897,179
10,B,478,False,5.822254424554023,1.588774746244201,1.5887913862813563,3.7055229054176895,244
10,B,232,False,5.7746522776680465,1.6565543106237368,1.6565702698239495,3.715611273745998,240
10,B,21,False,5.60082309935221,1.642630811929104,1.642646906403618,3.621735002877914,273
10,B,371,False,6.24217799625619,1.671255613884238,1.6712714326996947,3.9567247144779425,58
10,B,7,False,4.9479201308767875,1.6328242476059904,1.6328404387412072,3.2903802848089976,323
10,B,467,False,6.4638596251569655,0.65107284459623,0.6511134492460859,3.557486537201526,291
10,B,345,False,6.202028570058588,1.7037135979605869,1.7037291154095822,3.9528788427340853,61
10,B,379,False,6.1309135615749994,1.600329015888873,1.6003455357873053,3.8656295486811523,146
10,B,760,False,6.001144037740788,1.6022930636546644,1.602309563303658,3.801726800522223,196
10,B,301,False,6.012578136821397,1.619434244149171,1.6194505691565597,3.8160143529889785,190
10,B,53,False,5.9103628662884224,1.667328788466394,1.667344644537332,3.788853755412877,204
10,B,827,False,5.8989932228814475,1.1078346854736398,1.1078585492548167,3.503425886068132,303
10,B,132,False,6.065736642364412,1.4289810030727055,1.428999503835178,3.747368073099795,222
10,B,134,False,6.025312026840685,1.3001733916262774,1.3001937252238551,3.66275287603227,267
10,B,840,False,7.124080019484411,0.6995248887115704,0.6995626810697121,3.9118213502770613,107
10,B,440,False,6.224180035567576,1.646573337308341,1.6465893932469131,3.9353847144072445,81
10,B,453,False,6.172130417615328,1.6924750556564754,1.6924906761450411,3.932310546880185,85
10,B,221,True,7.71224135320894,0.2726932893552421,0.2727902213751265,3.9925157872920334,25
10,B,757,True,6.2954235813917805,1.6969280726137717,1.696943652111996,3.996183616751888,18
10,B,179,False,6.098988759878514,1.6900809310506943,1.6900965736666325,3.8945426667725735,123
10,B,513,False,6.1646608665937,1.5529299340222198,1.5529469581414443,3.8588039123675726,152
10,B,861,False,6.4583976509586485,1.1301968094319308,1.130220201053151,3.7943089260058995,202
10,B,147,False,5.577333417618325,0.7055324542000022,0.7055699247757,3.1414516711970126,331
10,B,792,False,6.725046343886132,1.0364779430898237,1.0365034497435213,3.8807748968148266,139
10,B,728,False,6.105620536144598,1.6747780987833658,1.6747938843281387,3.8902072102363685,130
10,B,78,False,6.790651926484658,1.0570805133427497,1.0571055228819306,3.9238787246832945,99
10,B,185,False,6.931584553472333,0.5267477120626024,0.526797899560823,3.729191226516578,231
10,B,399,False,6.138780446070324,1.6661261189975323,1.6661419865138407,3.9024612162920826,115
10,B,95,False,6.414955536555393,1.3711256719240612,1.371144953324672,3.8930502449400324,125
10,B,516,False,6.167697635053451,1.6852042429006846,1.6852199307832132,3.926458782918332,94
10,B,183,False,5.986662016352062,1.680199875547997,1.6802156101554389,3.8334388132537502,173
10,B,396,False,5.674822458075505,1.6514377908517226,1.651453799496591,3.663138128786048,266
10,B,801,False,6.6332493763064235,1.1308182445699988,1.130841623336744,3.882045499821584,135
10,B,854,False,5.745613949091477,1.61036652390682,1.6103829408368195,3.6779984449641483,258
10,B,45,False,6.082782433816657,1.5555042428940709,1.5555212388392405,3.819151836327949,187
10,B,538,True,6.898245588622477,1.155728738025168,1.1557516128977525,4.026998600760114,5
10,B,62,False,6.6365911990510575,0.5815858829069612,0.5816313385772627,3.6091112688141602,279
10,B,370,False,6.22989155604222,1.668979870535306,1.6689957109203593,3.9494436334812892,66
10,B,429,False,6.26853665897221,1.6924730701021788,1.6924886906090697,3.98051267479064,41
10,B,46,False,6.083295771088051,1.6724042859795132,1.6724200939300968,3.877857932509074,140
10,B,761,False,5.975804965175305,1.6656332403177965,1.6656491125294282,3.8207270388523664,186
10,B,662,False,6.032637050815488,1.693843530333972,1.6938591382026909,3.8632480945090895,148
10,B,683,False,5.281425642843638,1.4852599920950396,1.4852777918411981,3.383351717342418,314
10,B,173,False,5.298183851673373,1.350969438208813,1.3509890072804978,3.324586429476935,319
10,B,8,False,6.218621913062392,1.6944571056815751,1.6944727078986224,3.956547310480507,60
10,B,568,False,6.1704008832243975,1.6992649192009754,1.69928047727431,3.9348406802493536,83
10,B,435,False,5.795186266526187,1.6671266660623791,1.6671425240556885,3.731164395290938,229
10,B,721,False,5.331732141413552,1.6074406959370167,1.6074571427484432,3.4695946420809975,308
10,B,443,False,6.054970246819335,1.638790926758889,1.6388070589443307,3.846888652881833,161
10,B,164,False,6.152030013572518,0.9089904350636225,0.9090195189629662,3.5305247662677424,298
10,B,436,False,5.896940544710206,1.6879516793606093,1.6879673417086036,3.792453943209405,203
10,B,104,False,6.817677803244531,1.1573135242530492,1.1573363678021709,3.987507085523351,35
10,B,717,True,6.288705873971513,1.706151076919782,1.7061665722001005,3.9974362230858067,17
10,B,158,False,4.385903068918404,1.493253256000813,1.4932709604675027,2.9395870146929535,336
10,B,235,False,6.13725937778502,1.654215887914806,1.6542318696749494,3.895745623729985,121
10,B,548,False,6.013860147637333,1.6742377803461757,1.6742535709852908,3.844056859311312,164
10,B,472,False,6.126978515084535,1.6762252105101836,1.6762409824271742,3.9016097487558548,117
10,B,818,True,6.400511132920534,1.6348907541846824,1.6349069248544605,4.017709028887497,9
10,B,181,False,6.26802171951953,1.6829149804170456,1.6829306896395388,3.9754762045795347,45
10,B,352,True,7.452505893307654,0.777000391061181,0.7770344152788452,4.114770154293249,2
10,B,344,False,5.789247702620501,1.5912339016979504,1.5912505160192065,3.6902491093198537,254
10,B,246,False,6.222139544154736,1.675401111533522,1.6754168912083551,3.9487782176815456,67
10,B,168,False,6.241341219628997,0.7292810008967172,0.7293172513299178,3.4853292354794574,306
10,B,518,False,6.085889015567055,1.6786858868615913,1.6787016356597728,3.882295325613414,134
10,B,552,False,5.937384643928763,1.6690186468163373,1.6690344868333746,3.803209565381069,194
10,B,52,False,6.129954568658551,1.547735721601416,1.5477528028530798,3.8388536857558155,169
10,B,204,False,5.647235601465119,0.9198232794368111,0.9198520208231313,3.283543811144125,325
10,B,89,False,6.894132195268142,0.7662976409363865,0.7663321403433239,3.830232167805733,177
10,B,323,False,5.42349461630379,1.542493715017737,1.5425108543176376,3.4830027353107136,307
10,B,68,False,5.617494527477034,1.5828263767072015,1.5828430792780934,3.6001688033775636,280
10,B,201,False,6.23601031926201,1.1641644300987863,1.1641871392202119,3.7000987292411107,247
10,B,537,False,6.50417505549405,1.167279353857018,1.1673020023795755,3.8357385289368127,172
10,B,309,True,6.378513522301397,1.6947846111148215,1.6948002103168756,4.036656866309136,4
10,B,272,False,6.12360298961046,1.677033056910327,1.6770488212298724,3.9003259054201664,119
10,B,383,False,6.328235789166255,1.6101825135274224,1.6101989323335166,3.969217360749886,51
10,B,83,False,6.363427092358761,1.495725156925359,1.4957428321332176,3.9295849622459893,88
10,B,145,False,6.0646164005425955,1.598396407129288,1.5984129470015955,3.8315146737720953,175
10,B,138,False,6.0840266074825,1.6574351066895934,1.6574510574088313,3.8707388324456655,145
10,B,316,False,5.1409207768078184,1.4703503435182563,1.4703683237552296,3.305644550281524,321
10,B,773,False,5.992255529907035,1.538957316400635,1.5389744950848123,3.765615012495924,213
10,B,67,False,6.220802435534787,1.6607215334933185,1.6607374526477412,3.9407699440912642,73
10,B,295,False,6.362468539574385,1.0181908807438154,1.0182168454943057,3.690342692534345,253
10,B,85,False,6.62138260820414,1.209853614362213,1.2098754659070572,3.9156290370555986,103
10,B,549,False,6.053178304964031,1.6726751530726125,1.672690958463337,3.862934631713684,149
10,B,696,False,4.435433712476115,0.23340590191255198,0.2335191423976213,2.334476427436868,350
10,B,170,False,6.067825303987274,1.1739128124512452,1.1739353329956899,3.6208803184914817,274
10,B,609,False,6.28956920804389,1.627884352838872,1.6279005931063917,3.958734900575141,57
10,B,603,False,6.23667911059012,1.7049999659250745,1.705015471666757,3.9708472911284383,50
10,B,332,True,6.832010881320339,1.1744853389067393,1.174507848473303,4.003259364896821,14
10,B,300,False,5.4792527875695125,1.4970442931071724,1.4970619527405211,3.488157370155017,305
10,B,50,False,5.378706035851346,1.5315839595725222,1.5316012209574508,3.4551536284043984,311
10,B,536,False,6.5245393685759066,0.854946955672846,0.8549778779785918,3.6897586232772492,255
10,B,48,False,5.116686579545549,1.4582517451833983,1.4582698745941836,3.287478227069866,324
10,B,850,False,5.895041077216808,1.6359586925226752,1.6359748526364974,3.7655079649266527,214
10,B,725,False,6.401922711492591,1.5027769811776255,1.5027945734450356,3.9523586424688135,62
10,B,238,False,5.090807326367017,1.4522572316321416,1.4522754358751513,3.271541381121084,326
10,B,180,False,6.26802171951953,1.6829149804170456,1.6829306896395388,3.9754762045795347,46
10,B,236,False,6.0604298190186245,1.5328930588565994,1.5329103055003743,3.7966700622594995,200
10,B,628,False,4.513649218288945,1.596809918054831,1.5968264743599365,3.0552378463244407,332
10,B,278,False,5.558608421243597,1.6611694615430117,1.6611853764049358,3.6098968988242666,277
10,B,682,False,5.696803883541239,1.6448709991228654,1.6448870716781632,3.670845477609701,264
10,B,838,False,5.878364530436469,1.6224867435489485,1.6225030378432517,3.7504337841398607,221
10,B,690,False,5.57536759339426,1.6593047887332568,1.6593207214796142,3.617344157436937,275
10,B,796,False,7.188256645293437,0.1727216047746003,0.1728746007209328,3.680565623007185,257
10,B,747,False,4.6669118985545825,1.124273623318649,1.1242971381750253,2.895604518364804,339
10,B,802,False,6.580084688103492,0.7666427694920923,0.7666772533687263,3.673380970736109,262
10,B,598,False,6.215830156277088,1.6592722501179924,1.6592881831767905,3.937559169726939,78
10,B,94,False,6.3829564235429705,1.497096605668038,1.497114264684319,3.9400353441136446,76
10,B,84,False,6.400374325217159,1.362349780280897,1.3623691858853522,3.881371755551256,137
10,B,745,False,4.090964572664817,0.37549354144455477,0.3755639419394283,2.233264257302123,352
10,B,131,False,4.567219626530633,1.0632361267488637,1.063260991498529,2.815240309014581,342
10,B,243,False,5.988595734583387,1.6662458938703608,1.6662617602460745,3.827428747414731,180
10,B,853,False,5.878940954840116,1.6253865206212834,1.6254027858459794,3.752171870343048,218
10,B,718,True,6.278169081243526,1.7065971009663554,1.7066125921969748,3.9923908367202503,26
10,B,369,False,5.994082616404912,1.5331708756335949,1.5331881191522432,3.763635367778577,215
10,B,470,False,6.353017149743806,0.8366355526978103,0.8366671517733197,3.594842150758563,281
10,B,393,False,6.276996516786985,1.6868009155282633,1.6868165885612745,3.98190655267413,40
10,B,244,False,6.234451050686055,1.633452670827481,1.633468855733693,3.9339599532098743,84
10,B,143,False,6.3112353508940835,1.3032303778198404,1.3032506637216619,3.8072430073078727,192
10,B,319,False,5.071145055128778,1.3977817440805962,1.3978006577847581,3.234472856456768,328
10,B,515,False,6.230362625443872,1.548882412071809,1.5488994806777792,3.8896310530608256,131
10,B,366,True,6.7758267956819935,1.211915144575439,1.2119369589503473,3.9938818773161704,23
10,B,59,False,6.261201139727554,1.6831378365629919,1.6831535437055223,3.972177341716538,49
10,B,161,False,6.133294455062866,0.9884581311786189,0.9884848769261149,3.56088966599449,290
10,B,799,False,6.7200689471385475,0.3658057621211491,0.36587802669679886,3.542973486917673,294
10,B,337,False,5.885005147119998,1.6010549413585269,1.6010714537668407,3.743038300443419,224
10,B,752,False,6.164825225920279,1.6927100419147278,1.692725660234838,3.9287754430775585,89
10,B,674,False,4.662974240332586,0.24965052658864487,0.2497564018088353,2.456365321070711,347
10,B,122,False,6.00730414713812,1.5821035133437322,1.582120223545951,3.7947121853420356,201
10,B,72,False,6.193844101923792,1.7067369312116385,1.7067524211730973,3.9502982615484448,64
10,B,455,False,6.03471394521898,1.67932933498284,1.679345077746803,3.857029511482892,156
10,B,505,False,6.2271054625559845,1.127410991703943,1.1274344411243507,3.6772699518401675,260
10,B,350,False,6.487324229372463,1.191952732680961,1.1919749123887293,3.839649570880596,168
10,B,655,False,6.176340293531024,1.6785342935047758,1.678550043725264,3.927445168628144,92
10,B,733,False,6.118496209627972,1.6629478273144647,1.6629637251571086,3.8907299673925406,129
10,B,294,False,5.682954031761424,1.4586881852715323,1.458706309258058,3.5708301705097414,287
10,B,727,False,6.0893379928595746,1.6731814742197824,1.6731972748276853,3.88126763384363,138
10,B,820,False,5.78163260624172,1.6080997346547472,1.608116174725936,3.694874390483828,250
10,B,834,False,6.194791781948854,1.677207289271403,1.6772230519533282,3.936007416951091,79
10,B,354,True,7.47828507096868,0.7651378082021645,0.7651723599026045,4.121728715435642,1
10,B,444,False,6.03062018504869,1.6412871497713108,1.641303257421657,3.8359617212351735,171
10,B,425,False,5.27152811825523,1.4332527863974582,1.4332712320194623,3.352399675137346,318
10,B,651,False,6.036224080353717,1.6785476020048642,1.6785633521004766,3.857393716227097,154
